casno,prdno,prqty,price,unit,pcost,price2,per,indexs,prdnm
1090811GF0000001,TURBOH11            ,1.0,3000.0,組   ,1200.0,3000.0,100.0,4.0,TURBO H11 LED燈泡                                             
1090811GF0000001,RSENH72HY           ,1.0,500.0,組   ,70.0,500.0,100.0,5.0,RSEN H7陶瓷座                                                  
1090811GF0000001,SAAXR2              ,1.0,300.0,組   ,0.0,300.0,100.0,1.0,奈米魔力膠帶                                                      
1090811GF0000001,EY                  ,1.0,300.0,次   ,0.0,300.0,100.0,6.0,工資                                                          
1090812GF0000001,TST120EUX1          ,1.0,1000.0,組   ,450.0,1000.0,100.0,1.0,TS-T120高音喇叭                                                 
1090812GF0000001,1MT5D               ,1.0,1800.0,組   ,950.0,1800.0,100.0,4.0,白雲防水車罩-D                                                    
1090814GF0000001,UX0GVR              ,1.0,200.0,罐   ,80.0,200.0,100.0,1.0,亞力安水箱精                                                      
1090814GF0000001,ZN5RJV              ,1.0,3600.0,次   ,600.0,3600.0,100.0,2.0,福斯主機維修                                                      
1090814GF0000001,PNSBKF40B           ,1.0,450.0,組   ,0.0,450.0,100.0,3.0,PNS-F404風扇                                                  
1090814GF0000001,KNOSR               ,1.0,600.0,片   ,350.0,600.0,100.0,5.0,KNOS鏡                                                       
1090814GF0000001,HY898               ,1.0,150.0,組   ,70.0,150.0,100.0,6.0,HY-898手煞車護套                                                 
1090814GF0000002,GARMINDRIVE52       ,1.0,4000.0,組   ,3450.0,4000.0,100.0,4.0,GARMIN DRIVE 52導航                                           
1090814GF0000002,GARMIN57JV          ,1.0,1500.0,次   ,940.0,1500.0,100.0,5.0,GARMIN 57維修                                                 
1090814GF0000001,WF0306TW            ,1.0,350.0,組   ,0.0,350.0,100.0,7.0,WF-0306三孔插頭                                                 
1090814GF0000002,PNSTPC001           ,1.0,250.0,組   ,70.0,250.0,100.0,1.0,PNS-TPC001夜光停車牌                                             
1090731GF0000001,17CRV1E2            ,1.0,700.0,組   ,210.0,700.0,100.0,1.0,17CRV長毛避光墊                                                  
1090731GF0000001,SAXO5W50            ,1.0,600.0,罐   ,280.0,600.0,100.0,3.0,SAXO 5W/50機油                                                
1090731GF0000001,VTRXFV              ,1.0,300.0,組   ,120.0,300.0,100.0,4.0,行車記錄器線                                                      
1090731GF0000001,ERJGNTWISTN         ,1.0,3000.0,組   ,2300.0,3000.0,100.0,5.0,鋼甲午士鎖TWIST鎖                                                 
1090804GF0000001,PNSS12              ,1.0,250.0,組   ,120.0,250.0,100.0,9.0,PNS-s12 2合一點煙煙器插孔+2USB3.1A車充                                
1090805GF0000001,ZEROVRMG22G         ,1.0,950.0,支   ,350.0,950.0,100.0,3.0,ZERO矽膠雨刷22吋                                                 
1090805GF0000001,ZEROVRMG24          ,1.0,1130.0,支   ,415.0,1130.0,100.0,4.0,ZERO矽膠雨刷24吋                                                 
1090805GF0000001,J00346              ,1.0,450.0,支   ,130.0,450.0,100.0,5.0,J00346後雨刷 WISH                                              
1090805GF0000001,ERQ602Q             ,2.0,2300.0,各   ,1750.0,2300.0,100.0,6.0,國際牌60電瓶                                                     
1090805GF0000001,ZJTUA               ,1.0,300.0,罐   ,85.0,300.0,100.0,1.0,防霧除油膜                                                       
1090805GF0000001,EY                  ,1.0,300.0,次   ,0.0,300.0,100.0,7.0,工資                                                          
1090805GF0000001,1VNV                ,2.0,20.0,各   ,0.0,20.0,100.0,8.0,保險絲(小)                                                      
1090807GF0000001,AL5003TY-CU         ,2.0,300.0,組   ,150.0,300.0,100.0,6.0,AL-5003車載二合一                                                
1090827GF0000001,C13.12UTY           ,1.0,350.0,組   ,0.0,350.0,100.0,1.0,C-1 3.1USB電壓插頭                                              
1090827GF0000001,KMWTV               ,1.0,200.0,各   ,40.0,200.0,100.0,2.0,鱷魚頭出線                                                       
1090804GF0000001,FY2T2R              ,1.0,2200.0,組   ,1800.0,2200.0,100.0,3.0,全自動電瓶充電器                                                    
1090804GF0000001,17CRV1E2            ,1.0,700.0,組   ,210.0,700.0,100.0,4.0,17CRV長毛避光墊                                                  
1090804GF0000001,SAXO5W50            ,1.0,600.0,罐   ,280.0,600.0,100.0,5.0,SAXO 5W/50機油                                                
1090804GF0000001,VTRXFV              ,1.0,600.0,組   ,120.0,600.0,100.0,6.0,行車記錄器線                                                      
1090807GF0000001,H75RY               ,1.0,250.0,各   ,0.0,250.0,100.0,7.0,H7轉接座                                                       
1090807GF0000001,2QG                 ,1.0,50.0,罐   ,15.0,50.0,100.0,4.0,電瓶水                                                         
1090807GF0000001,SAXO1040            ,1.0,350.0,罐   ,110.0,350.0,100.0,2.0,SAXO 10W/40機油                                               
1090807GF0000001,3D1F1               ,1.0,200.0,支   ,110.0,200.0,100.0,8.0,3D補漆筆                                                       
1090807GF0000001,9212Q               ,1.0,20.0,各   ,0.0,20.0,100.0,9.0,921燈泡                                                       
1090807GF0000001,12VA2-              ,1.0,280.0,各   ,150.0,280.0,100.0,10.0,八大喜美吊耳                                                      
1090808GF0000001,2TVUJE              ,1.0,2500.0,組   ,450.0,2500.0,100.0,1.0,倒車顯影(外掛)                                                    
1090808GF0000001,EXXQUW20            ,1.0,5000.0,組   ,2600.0,5000.0,100.0,2.0,20冠樂拉皮椅套                                                    
1090811GF0000001,GN007J2WV           ,1.0,300.0,隻   ,100.0,300.0,100.0,3.0,GN-007屋頂天線                                                  
1090827GF0000001,2MT                 ,2.0,15.0,各   ,0.0,15.0,100.0,3.0,電源夾(小)                                                      
1090828GF0000001,V81VTRXF            ,1.0,2000.0,組   ,1091.0,2000.0,100.0,3.0,V81行車記錄器雙眼                                                  
1090814GF0000002,3D5U1               ,1.0,300.0,組   ,125.0,300.0,100.0,2.0,3D遮陽板                                                       
1090815GF0000001,TUBRO9005LED        ,1.0,2500.0,組   ,1200.0,2500.0,100.0,3.0,TU[車牌] LED大燈                                            
1090815GF0000001,32G                 ,1.0,500.0,各   ,250.0,500.0,100.0,4.0,32G卡片                                                       
1090815GF0000001,ERQ602Q             ,1.0,2300.0,各   ,1750.0,2300.0,100.0,1.0,國際牌60電瓶                                                     
1090817GF0000001,PNSHXT03            ,1.0,500.0,組   ,250.0,500.0,100.0,1.0,雙風扇儀錶板用12V                                                  
1090817GF0000001,UX0GVR              ,1.0,200.0,罐   ,80.0,200.0,100.0,2.0,亞力安水箱精                                                      
1090817GF0000001,Z2FX1               ,2.0,300.0,組   ,120.0,300.0,100.0,3.0,防盜器喇叭                                                       
1090817GF0000001,PNSHG03             ,1.0,500.0,組   ,20.0,500.0,100.0,4.0,萬用掛勾 後頭枕 無私角                                                
1090817GF0000001,ERQ55D23L2Q         ,1.0,2800.0,各   ,2100.0,2800.0,100.0,5.0,國際牌55D23L電瓶                                                 
1090817GF0000001,WF602Q              ,1.0,2000.0,各   ,1500.0,2000.0,100.0,6.0,湯淺60電瓶                                                      
1090817GF0000001,S28DE               ,1.0,300.0,組   ,0.0,300.0,100.0,7.0,S-28開關                                                      
1090817GF0000001,NOID15GS2           ,2.0,350.0,卡   ,130.0,350.0,100.0,8.0,NOID-01 15 SMD室內燈                                           
1090818GF0000001,PNSS27              ,1.0,450.0,組   ,150.0,450.0,100.0,7.0,PNS-S27QC3.0A*2USB車充                                        
1090818GF0000001,NB5W50TU            ,4.0,600.0,罐   ,280.0,600.0,100.0,8.0,NB 5W/50機油                                                  
1090818GF0000001,SENFINECORU5X       ,1.0,450.0,罐   ,160.0,450.0,100.0,9.0,西德SENFINECO機油止漏劑                                            
1090820GF0000001,ZJTUA               ,1.0,300.0,罐   ,85.0,300.0,100.0,9.0,防霧除油膜                                                       
1090824GF0000001,SF0025              ,1.0,100.0,卡   ,36.0,100.0,100.0,1.0,SF-0025豐田保桿固定扣                                              
1090824GF0000001,RSEB18BEMG          ,1.0,250.0,支   ,90.0,250.0,100.0,2.0,RSEN 軟骨雨刷 18                                                
1090824GF0000001,RSENBEMG20          ,1.0,350.0,支   ,90.0,350.0,100.0,3.0,"RSEN軟骨雨刷 20""                                                "
1090824GF0000001,ZJTUA               ,1.0,300.0,罐   ,85.0,300.0,100.0,4.0,防霧除油膜                                                       
1090824GF0000001,RSEN02F             ,2.0,1000.0,各   ,400.0,1000.0,100.0,5.0,RSEN安定器                                                     
1090824GF0000001,RSENH78000K         ,2.0,500.0,各   ,150.0,500.0,100.0,6.0,RSEN h7 8000K 燈泡                                            
1090824GF0000001,15AY24QFMT          ,1.0,1200.0,組   ,600.0,1200.0,100.0,7.0,15馬自達3(四)晴雨窗                                                
1090824GF0000001,GVXJ                ,1.0,500.0,組   ,250.0,500.0,100.0,8.0,水箱鋁網                                                        
1090824GF0000002,ZV5Q5VTRXF          ,1.0,3400.0,組   ,1400.0,3400.0,100.0,13.0,發現者Q5行車記錄器                                                  
1090824GF0000002,929TX               ,1.0,80.0,罐   ,40.0,80.0,100.0,14.0,929粗蠟                                                       
1090824GF0000002,UX0GVR              ,1.0,200.0,罐   ,80.0,200.0,100.0,15.0,亞力安水箱精                                                      
1090824GF0000002,PS253F25U           ,1.0,200.0,組   ,0.0,200.0,100.0,7.0,PS-253前檔遮陽                                                  
1090824GF0000002,DA0FCW              ,1.0,200.0,組   ,0.0,200.0,100.0,8.0,卡夢安全護套                                                      
1090824GF0000002,HA40VMT             ,1.0,450.0,組   ,0.0,450.0,100.0,9.0,HA-40小魚叉插頭                                                  
1090824GF0000002,GV2Q                ,6.0,10.0,各   ,1.0,10.0,100.0,10.0,雙芯燈泡                                                        
1090824GF0000002,RSEND1S8000K        ,1.0,1800.0,各   ,450.0,1800.0,100.0,11.0,RSEN D1S 8000K燈泡                                            
1090824GF0000002,SAMGR               ,1.0,100.0,罐   ,45.0,100.0,100.0,4.0,奈米雨刷精                                                       
1090824GF0000002,PNSSUN05            ,1.0,100.0,組   ,36.3,100.0,100.0,5.0,雙面隔熱靜電隨意貼/2入                                                
1090824GF0000002,VBDV1XCA            ,1.0,50.0,各   ,0.0,50.0,100.0,2.0,向日葵洗不爛海棉                                                    
1090824GF0000002,UJGY                ,2.0,50.0,各   ,15.0,50.0,100.0,3.0,英文數字                                                        
1090824GF0000002,A5MVEY2             ,1.0,999.0,組   ,400.0,999.0,100.0,16.0,A-5圓形27W9顆工作燈(24V/12V)                                      
1090824GF0000003,SJ38AW              ,1.0,500.0,組   ,250.0,500.0,100.0,5.0,SJ-38曼陀                                                     
1090824GF0000003,AL578USB            ,1.0,250.0,組   ,90.0,250.0,100.0,6.0,AL-578 USB插頭                                                
1090824GF0000003,3MCUFFVR            ,1.0,250.0,罐   ,60.0,250.0,100.0,7.0,3M化油器清洗劑(8896)                                              
1090824GF0000003,2UVG                ,1.0,300.0,罐   ,150.0,300.0,100.0,3.0,典雅香水                                                        
1090824GF0000003,FUVE                ,1.0,300.0,各   ,150.0,300.0,100.0,1.0,汽油箱蓋通用                                                      
1090825GF0000001,O011D2AW5           ,2.0,300.0,張   ,200.0,300.0,100.0,1.0,O-011凱蒂貓貼紙                                                  
1090825GF0000001,EY                  ,1.0,400.0,次   ,0.0,400.0,100.0,2.0,工資                                                          
1090826GF0000001,ABTE040             ,1.0,1200.0,組   ,580.0,1200.0,100.0,3.0,ABT-E040Q3.0黑(3孔4USB)                                       
1090826GF0000001,H722                ,1.0,200.0,各   ,35.0,200.0,100.0,4.0,H7 55W大燈燈泡                                                  
1090818GF0000001,CREQX               ,1.0,100.0,罐   ,60.0,100.0,100.0,10.0,黑金剛噴蠟                                                       
1090818GF0000001,SF1014              ,1.0,100.0,卡   ,20.0,100.0,100.0,11.0,SF-1014長形肉骨螺絲                                               
1090818GF0000001,SF035               ,1.0,100.0,卡   ,40.0,100.0,100.0,12.0,SF-035腳踏板固定扣                                                
1090818GF0000001,PNSF6037TY          ,1.0,300.0,組   ,120.0,300.0,100.0,3.0,PNS-F6037三孔插座                                               
1090818GF0000001,EY                  ,1.0,400.0,次   ,0.0,400.0,100.0,13.0,工資                                                          
1090818GF0000001,ECC9922TBCR         ,1.0,250.0,罐   ,70.0,250.0,100.0,14.0,ECC-992電動窗潤滑劑                                               
1090818GF0000001,04WISHFMT           ,1.0,550.0,組   ,170.0,550.0,100.0,1.0,04WISH晴雨窗                                                   
1090820GF0000001,VTRXF2MV            ,1.0,300.0,組   ,150.0,300.0,100.0,4.0,行車記錄器電源線                                                    
1090820GF0000001,H422                ,1.0,100.0,各   ,28.0,100.0,100.0,5.0,H4大燈燈泡 55W                                                  
1090820GF0000001,RV81CGR2T           ,1.0,700.0,各   ,200.0,700.0,100.0,6.0,RV81後視鏡電池                                                   
1090820GF0000001,PNSSUN007           ,3.0,250.0,組   ,90.0,250.0,100.0,2.0,車窗遮陽防蚊罩                                                     
1090820GF0000001,RSENBEMG20          ,1.0,350.0,支   ,90.0,350.0,100.0,7.0,"RSEN軟骨雨刷 20""                                                "
1090820GF0000001,RSEB18BEMG          ,1.0,250.0,支   ,90.0,250.0,100.0,8.0,RSEN 軟骨雨刷 18                                                
1090828GF0000001,EY                  ,1.0,150.0,次   ,0.0,150.0,100.0,4.0,工資                                                          
1090828GF0000001,UZ2ES5JR            ,1.0,350.0,組   ,80.0,350.0,100.0,5.0,椅縫多功能飲料置物架                                                  
1090826GF0000001,A094                ,1.0,550.0,條   ,100.0,550.0,100.0,5.0,A094方向盤套                                                    
1090826GF0000001,RSENH42TY           ,1.0,400.0,組   ,70.0,400.0,100.0,1.0,RSEN H4陶瓷座                                                  
1090826GF0000001,G18.52Q             ,1.0,100.0,各   ,1.0,100.0,100.0,6.0,G18.5燈泡                                                     
1090826GF0000001,ZINGO5MW2           ,1.0,900.0,組   ,260.0,900.0,100.0,7.0,ZINGO專用踏墊                                                   
1090827GF0000001,RSEN02F             ,2.0,1000.0,各   ,400.0,1000.0,100.0,5.0,RSEN安定器                                                     
1090827GF0000001,RSEN90058000K       ,2.0,500.0,各   ,150.0,500.0,100.0,6.0,R[車牌] 8000K燈泡                                           
1090828GF0000001,DAYQQWW             ,1.0,280.0,組   ,280.0,280.0,100.0,6.0,卡夢自排檔頭                                                      
1090829GF0000001,EY                  ,1.0,400.0,次   ,0.0,400.0,100.0,7.0,工資                                                          
1090829GF0000001,CARGTUV             ,1.0,150.0,罐   ,70.0,150.0,100.0,8.0,CAR煞車油(小)                                                   
1090829GF0000001,RX15W40RU           ,1.0,250.0,罐   ,100.0,250.0,100.0,9.0,巨力15W/40機油                                                  
1090829GF0000001,V1                  ,1.0,1000.0,組   ,400.0,1000.0,100.0,3.0,線包                                                          
1090829GF0000001,EY                  ,1.0,1000.0,次   ,0.0,1000.0,100.0,4.0,工資                                                          
1090829GF0000001,AV5VC               ,1.0,600.0,組   ,150.0,600.0,100.0,5.0,AV轉換器                                                       
1090829GF0000001,106USB6.1A          ,1.0,450.0,組   ,0.0,450.0,100.0,1.0,106 6.1AUSB插頭                                               
1090831GF0000001,90052Q              ,1.0,400.0,各   ,0.0,400.0,100.0,3.0,9005燈泡                                                      
1090831GF0000001,WISHXFWZA1          ,1.0,1000.0,各   ,500.0,1000.0,100.0,4.0,WISH冷氣通風面板(R)                                               
1090831GF0000001,T10552              ,3.0,10.0,各   ,1.0,10.0,100.0,1.0,T10中炸彈                                                      
1090902GF0000001,SAXO1040            ,4.0,350.0,罐   ,110.0,350.0,100.0,1.0,SAXO 10W/40機油                                               
1090902GF0000001,ABROQGUR            ,1.0,400.0,罐   ,120.0,400.0,100.0,2.0,ABRO噴射油精                                                    
1090902GF0000001,12FVRU5XR           ,1.0,500.0,罐   ,100.0,500.0,100.0,3.0,八大全效機油精                                                     
1090902GF0000001,FITDFV              ,1.0,400.0,各   ,170.0,400.0,100.0,4.0,FIT空氣芯                                                      
1090902GF0000001,FITRUV              ,1.0,100.0,各   ,45.0,100.0,100.0,5.0,FIT機油芯                                                      
1090902GF0000001,ELANTRAGTDE         ,1.0,1600.0,組   ,650.0,1600.0,100.0,6.0,ELANTR煞車開關                                                  
1090902GF0000001,H722                ,2.0,250.0,各   ,35.0,250.0,100.0,7.0,H7 55W大燈燈泡                                                  
1090902GF0000001,EY                  ,1.0,200.0,次   ,0.0,200.0,100.0,9.0,工資                                                          
1090902GF0000001,SF1254H75RT         ,1.0,300.0,組   ,125.0,300.0,100.0,10.0,SF-1254 H7轉接座                                               
1090902GF0000001,2V2Q                ,2.0,100.0,各   ,1.0,100.0,100.0,11.0,單芯燈泡                                                        
1090902GF0000001,GV2Q                ,2.0,100.0,各   ,1.0,100.0,100.0,12.0,雙芯燈泡                                                        
1090902GF0000001,CARGTUV             ,1.0,150.0,罐   ,70.0,150.0,100.0,13.0,CAR煞車油(小)                                                   
1090902GF0000001,V1                  ,1.0,850.0,組   ,400.0,850.0,100.0,14.0,線包                                                          
1090903GF0000002,3D1F1               ,1.0,200.0,支   ,110.0,200.0,100.0,1.0,3D補漆筆                                                       
1090903GF0000002,H11OSARM2Q          ,1.0,400.0,各   ,0.0,400.0,100.0,2.0,H11 OSARM燈泡                                                 
1090903GF0000002,MP35CG              ,1.0,1000.0,組   ,550.0,1000.0,100.0,3.0,MP3轉換器                                                      
1090903GF0000002,UZ2ES5JR            ,1.0,250.0,組   ,80.0,250.0,100.0,4.0,椅縫多功能飲料置物架                                                  
1090903GF0000002,PNSSW001            ,1.0,450.0,條   ,180.0,450.0,100.0,5.0,黑色真皮方向盤套                                                    
1090904GF0000001,3D1F1               ,1.0,200.0,支   ,110.0,200.0,100.0,3.0,3D補漆筆                                                       
1090904GF0000001,4RR2F               ,1.0,200.0,各   ,60.0,200.0,100.0,4.0,4角繼電器                                                       
1090904GF0000001,ZJTUA               ,1.0,300.0,罐   ,85.0,300.0,100.0,5.0,防霧除油膜                                                       
1090904GF0000001,82VA5MMG            ,1.0,850.0,組   ,350.0,850.0,100.0,1.0,12-168代喜美專用雨刷                                               
1090907GF0000001,V81GUVTRXFF         ,1.0,2000.0,組   ,1000.0,2000.0,100.0,3.0,V81雙眼行車記錄器(前)                                               
1090907GF0000001,WDR201VTRXF         ,1.0,1800.0,組   ,800.0,1800.0,100.0,4.0,WDE-201行車紀錄器                                                
1090907GF0000001,AL5003TY-CU         ,1.0,300.0,組   ,150.0,300.0,100.0,5.0,AL-5003車載二合一                                                
1090908GF0000001,UX02XZVQU           ,1.0,250.0,罐   ,100.0,250.0,100.0,3.0,亞力安動力方向盤油                                                   
1090907GF0000001,EY                  ,1.0,2600.0,次   ,0.0,2600.0,100.0,1.0,工資                                                          
1090908GF0000001,SJ38AW              ,1.0,500.0,組   ,250.0,500.0,100.0,4.0,SJ-38曼陀                                                     
1090912GF0000001,VBDVATX             ,1.0,100.0,罐   ,38.0,100.0,100.0,10.0,向日葵細目粗蠟                                                     
1090908GF0000001,SF22R               ,2.0,100.0,各   ,0.0,100.0,100.0,1.0,SF-洞洞架                                                      
1090909GF0000001,2V2Q                ,1.0,10.0,各   ,1.0,10.0,100.0,6.0,單芯燈泡                                                        
1090909GF0000001,ZEROVRMG16          ,1.0,790.0,支   ,325.0,790.0,100.0,7.0,ZERO矽膠雨刷16吋                                                 
1090909GF0000001,ZEROVRMG22G         ,1.0,808.0,支   ,350.0,808.0,100.0,8.0,ZERO矽膠雨刷22吋                                                 
1090909GF0000001,10AYW3CGR           ,1.0,700.0,組   ,250.0,700.0,100.0,3.0,10馬自達3廣角後視鏡                                                 
1090909GF0000001,1VNV                ,3.0,10.0,各   ,0.0,10.0,100.0,4.0,保險絲(小)                                                      
1090909GF0000001,RSENT104R           ,1.0,300.0,組   ,100.0,300.0,100.0,1.0,RSEN T10 LED 4晶燈泡                                           
1090910GF0000001,TYPERH7CR2Q         ,1.0,800.0,組   ,170.0,800.0,100.0,1.0,TYPE-R H7黃金燈泡                                               
1090911GF0000001,RSENH76000K         ,2.0,800.0,各   ,150.0,800.0,100.0,1.0,RSEN H7 6000K燈泡                                             
1090912GF0000001,VBDUMN              ,1.0,500.0,罐   ,280.0,500.0,100.0,11.0,向日葵釉元素                                                      
1090912GF0000001,20502XR             ,1.0,1500.0,組   ,780.0,1500.0,100.0,8.0,NO 2050 110V打蠟機 6吋                                          
1090912GF0000001,99R1GX              ,1.0,500.0,罐   ,230.0,500.0,100.0,6.0,99 激撥水細蠟                                                    
1090912GF0000001,1MT5D               ,1.0,2000.0,組   ,950.0,2000.0,100.0,2.0,白雲防水車罩-D                                                    
1090912GF0000001,4RR2F               ,2.0,100.0,各   ,60.0,100.0,100.0,3.0,4角繼電器                                                       
1090912GF0000001,ERQ602Q             ,1.0,2500.0,各   ,1750.0,2500.0,100.0,4.0,國際牌60電瓶                                                     
1090914GF0000001,VBDVTR              ,1.0,300.0,罐   ,110.0,300.0,100.0,5.0,向日葵洗車精                                                      
1090914GF0000001,ERQ55D23L2Q         ,1.0,2800.0,各   ,2100.0,2800.0,100.0,7.0,國際牌55D23L電瓶                                                 
1090914GF0000001,EY                  ,1.0,300.0,次   ,0.0,300.0,100.0,8.0,工資                                                          
1090914GF0000001,SAXO5W50            ,1.0,600.0,罐   ,280.0,600.0,100.0,9.0,SAXO 5W/50機油                                                
1090914GF0000001,CR20322T            ,2.0,100.0,各   ,22.0,100.0,100.0,10.0,CR-2032電池                                                   
1090914GF0000001,6HMVGXCA            ,1.0,100.0,各   ,60.0,100.0,100.0,3.0,6吋圓型上蠟海棉                                                    
1090914GF0000001,GV5XJ               ,1.0,400.0,片   ,230.0,400.0,100.0,1.0,水箱罩鋁網                                                       
1090914GF0000001,S17RXTV1            ,1.0,200.0,條   ,0.0,200.0,100.0,11.0,S-17極亮超纖布                                                   
1090915GF0000001,2V2Q                ,1.0,10.0,各   ,1.0,10.0,100.0,7.0,單芯燈泡                                                        
1090915GF0000001,929TX               ,1.0,80.0,罐   ,40.0,80.0,100.0,8.0,929粗蠟                                                       
1090915GF0000001,ABRO5XX             ,1.0,300.0,罐   ,110.0,300.0,100.0,9.0,ABRO棕梠蠟                                                     
1090915GF0000001,6BCA                ,0.5,100.0,包   ,0.0,100.0,100.0,10.0,6入海棉                                                        
1090915GF0000001,PNSHGK06            ,1.0,200.0,組   ,30.0,200.0,100.0,5.0,PNS-HGK06椅背掛勾                                               
1090915GF0000001,NOID0118SND         ,1.0,400.0,組   ,150.0,400.0,100.0,3.0,NOID-01 18 SMD室內燈                                           
1090915GF0000001,NOID12R             ,2.0,300.0,組   ,100.0,300.0,100.0,13.0,NOID 12晶室內燈                                                 
1090915GF0000001,ERQ602Q             ,1.0,2300.0,各   ,1750.0,2300.0,100.0,12.0,國際牌60電瓶                                                     
1090915GF0000001,3D1F1               ,1.0,200.0,支   ,110.0,200.0,100.0,1.0,3D補漆筆                                                       
1090916GF0000001,ZV5X8D              ,1.0,7500.0,組   ,3800.0,7500.0,100.0,5.0,發現者X8D行車記錄器                                                 
1090916GF0000001,ZEROVRMG22G         ,1.0,900.0,支   ,350.0,900.0,100.0,6.0,ZERO矽膠雨刷22吋                                                 
1090916GF0000001,ZEROVRMG26          ,1.0,1100.0,支   ,415.0,1100.0,100.0,7.0,ZERO 26吋矽膠雨刷                                                
1090916GF0000001,AMN                 ,1.0,600.0,罐   ,0.0,600.0,100.0,8.0,鉬元素                                                         
1090916GF0000001,ZEROAMN+RFC         ,1.0,850.0,罐   ,320.0,850.0,100.0,9.0,ZERO鉬元素+噴油嘴除扣劑                                              
1090916GF0000001,ZEROFV1UUR          ,1.0,400.0,罐   ,180.0,400.0,100.0,10.0,ZERO全效保養汽車精[車牌]                                            
1090916GF0000001,2DR                 ,1.0,500.0,各   ,250.0,500.0,100.0,1.0,讀卡機                                                         
1090916GF0000001,POSEN18H            ,1.0,400.0,組   ,70.0,400.0,100.0,2.0,POSEN 18吋雨刷                                                 
1090916GF0000001,VBDGVR              ,1.0,200.0,罐   ,0.0,200.0,100.0,3.0,向日葵水箱精                                                      
1090917GF0000001,PNSSD1018           ,1.0,135.0,組   ,65.0,135.0,100.0,10.0,多功能杯架(門邊/椅背)                                                
1090917GF0000001,PNSF404             ,1.0,550.0,組   ,220.0,550.0,100.0,11.0,PNS-F404 3.5吋雙頭風扇                                           
1090917GF0000001,EY                  ,1.0,300.0,次   ,0.0,300.0,100.0,7.0,工資                                                          
1090917GF0000001,3D1F1               ,1.0,200.0,支   ,110.0,200.0,100.0,8.0,3D補漆筆                                                       
1090917GF0000001,SAMGR               ,1.0,100.0,罐   ,45.0,100.0,100.0,3.0,奈米雨刷精                                                       
1090917GF0000001,ZJTUA               ,1.0,300.0,罐   ,85.0,300.0,100.0,4.0,防霧除油膜                                                       
1090917GF0000001,EY                  ,1.0,50.0,次   ,0.0,50.0,100.0,5.0,工資                                                          
1090917GF0000001,VINA225XR           ,1.0,350.0,組   ,150.0,350.0,100.0,1.0,VINA大燈增亮劑                                                   
1090918GF0000001,2QG                 ,12.0,30.0,罐   ,15.0,30.0,100.0,3.0,電瓶水                                                         
1090918GF0000001,JX2Y                ,1.0,800.0,組   ,450.0,800.0,100.0,4.0,威力底座M3                                                      
1090917GF0000001,                    ,0.0,0.0,,0.0,0.0,,12.0,
1090918GF0000001,RSENZVQ             ,1.0,1599.0,支   ,650.0,1599.0,100.0,1.0,RSEN方向盤                                                     
1090921GF0000001,CRV+4CVP55R         ,1.0,12000.0,組   ,8000.0,12000.0,100.0,1.0,CRV+4核心+32G                                                 
1090921GF0000001,KY1055LED5A2        ,1.0,550.0,各   ,270.0,550.0,100.0,2.0,KY-1055吸鐵 LED行動照明燈                                          
1090921GF0000002,AFL283578           ,2.0,500.0,組   ,82.0,500.0,100.0,5.0,軟條燈2835-78LED                                               
1090921GF0000002,SP702               ,1.0,250.0,罐   ,100.0,250.0,100.0,6.0,SP-702電動窗潤滑劑                                                
1090921GF0000002,3DCVZTW2            ,1.0,800.0,各   ,0.0,800.0,100.0,1.0,3D後廂防潮踏墊                                                    
1090921GF0000002,RFLN01Q5XN          ,1.0,200.0,組   ,75.0,200.0,100.0,2.0,RF-LN01牌照螺絲                                                 
1090921GF0000002,TAA065FY            ,1.0,150.0,組   ,75.0,150.0,100.0,3.0,TA-A065輪胎氣嘴                                                 
1090928GF0000001,NO77CVWVG           ,1.0,350.0,罐   ,75.0,350.0,100.0,12.0,NO-077活性碳香水                                                 
1090928GF0000001,                    ,0.0,0.0,,0.0,0.0,,13.0,
1090929GF0000001,GVE1.12             ,1.0,200.0,各   ,0.0,200.0,100.0,3.0,水箱蓋1.1(大頭)                                                  
1090929GF0000001,EVEW2               ,1.0,600.0,組   ,260.0,600.0,100.0,1.0,EVE踏墊                                                       
1090929GF0000001,PNSSW001            ,1.0,500.0,條   ,180.0,500.0,100.0,8.0,黑色真皮方向盤套                                                    
1090930GF0000001,KY359FE             ,1.0,200.0,各   ,90.0,200.0,100.0,3.0,KY-359旗桿                                                    
1090930GF0000001,2TVUJE              ,1.0,2000.0,組   ,450.0,2000.0,100.0,4.0,倒車顯影(外掛)                                                    
1090930GF0000001,EY                  ,1.0,150.0,次   ,0.0,150.0,100.0,1.0,工資                                                          
1091002GF0000001,3D1F1               ,2.0,200.0,支   ,110.0,200.0,100.0,6.0,3D補漆筆                                                       
1091002GF0000001,NB1040              ,5.0,450.0,罐   ,200.0,450.0,100.0,7.0,NB 10/40機油                                                  
1091002GF0000001,NB1040              ,4.0,450.0,罐   ,200.0,450.0,100.0,3.0,NB 10/40機油                                                  
1091002GF0000001,ZWUV                ,1.0,100.0,各   ,40.0,100.0,100.0,4.0,豐田油芯                                                        
1091002GF0000001,ALTISDFV            ,1.0,400.0,各   ,150.0,400.0,100.0,1.0,ALTIS空氣芯                                                    
1091003GF0000001,EY                  ,1.0,1000.0,次   ,0.0,1000.0,100.0,3.0,工資                                                          
1091003GF0000001,2XGW                ,2.0,500.0,卷   ,80.0,500.0,100.0,6.0,鍍洛門邊飾條                                                      
1090922GF0000001,GN5V                ,1.0,350.0,罐   ,140.0,350.0,100.0,12.0,雙色之星香水                                                      
1090922GF0000001,3M2CM               ,2.0,150.0,捲   ,75.0,150.0,100.0,13.0,3M膠*2CM                                                     
1090922GF0000001,AH59ZVQW            ,1.0,600.0,條   ,280.0,600.0,100.0,10.0,AH-59方向盤套                                                   
1090922GF0000001,1VNV                ,6.0,10.0,各   ,0.0,10.0,100.0,8.0,保險絲(小)                                                      
1090922GF0000001,3D5U1               ,1.0,250.0,組   ,125.0,250.0,100.0,14.0,3D遮陽板                                                       
1090922GF0000001,3D5U1               ,1.0,300.0,組   ,125.0,300.0,100.0,5.0,3D遮陽板                                                       
1090922GF0000001,V81GUVTRXFF         ,1.0,2300.0,組   ,1000.0,2300.0,100.0,6.0,V81雙眼行車記錄器(前)                                               
1090922GF0000001,CS3008XU5R          ,1.0,3800.0,組   ,1800.0,3800.0,100.0,1.0,CS-3008藍芽主機                                                 
1090922GF0000001,EX0085JC            ,1.0,300.0,組   ,250.0,300.0,100.0,2.0,EX-008置物盒                                                   
1090922GF0000001,EY                  ,1.0,100.0,次   ,0.0,100.0,100.0,3.0,工資                                                          
1090922GF0000001,HA40VMT             ,1.0,550.0,組   ,350.0,550.0,100.0,15.0,HA-40小魚叉插頭                                                  
1090923GF0000001,N2G2YX1             ,1.0,1600.0,組   ,450.0,1600.0,100.0,11.0,四段式電子喇叭                                                     
1090923GF0000001,4RR2F               ,1.0,200.0,各   ,60.0,200.0,100.0,12.0,4角繼電器                                                       
1090924GF0000001,JXUVE               ,1.0,300.0,各   ,150.0,300.0,100.0,2.0,威力油箱蓋                                                       
1090923GF0000001,CYJW5               ,1.0,300.0,各   ,100.0,300.0,100.0,13.0,海賊王貼紙                                                       
1090923GF0000001,3DVXT5U1            ,1.0,400.0,各   ,145.0,400.0,100.0,7.0,3D休旅車遮陽板                                                    
1090923GF0000001,PNSSUN006           ,1.0,600.0,組   ,270.0,600.0,100.0,5.0,6.5CM百摺式前擋風玻璃遮陽簾                                            
1090923GF0000001,GARMIN530VTRXF      ,1.0,3600.0,組   ,2690.0,3600.0,100.0,3.0,GARMIN 530行車記錄器                                             
1090924GF0000001,S17RXTV1            ,1.0,200.0,條   ,0.0,200.0,100.0,3.0,S-17極亮超纖布                                                   
1090924GF0000001,AXJ                 ,1.0,450.0,罐   ,200.0,450.0,100.0,4.0,魔臘王                                                         
1090924GF0000001,VBDVATX             ,1.0,100.0,罐   ,38.0,100.0,100.0,5.0,向日葵細目粗蠟                                                     
1090924GF0000001,6BCA                ,0.5,100.0,包   ,0.0,100.0,100.0,6.0,6入海棉                                                        
1090924GF0000001,3D1F1               ,1.0,200.0,支   ,110.0,200.0,100.0,8.0,3D補漆筆                                                       
1090925GF0000001,EY                  ,1.0,300.0,次   ,0.0,300.0,100.0,10.0,工資                                                          
1090925GF0000001,RSENH112TY          ,1.0,300.0,組   ,70.0,300.0,100.0,11.0,RSEN H11陶瓷座                                                 
1090925GF0000001,07EAX5MW2           ,1.0,950.0,組   ,310.0,950.0,100.0,8.0,07冠美麗專用踏墊                                                   
1090925GF0000001,32G                 ,1.0,550.0,各   ,250.0,550.0,100.0,6.0,32G卡片                                                       
1090925GF0000001,KICKS1.818          ,1.0,599.0,組   ,210.0,599.0,100.0,4.0,18KICKS 1.5長毛避光墊                                            
1090924GF0000001,13ALTISTA1E2        ,1.0,799.0,組   ,210.0,799.0,100.0,9.0,13ALTIS長毛避光墊                                                
1090926GF0000001,SF0028A1D           ,1.0,100.0,組   ,28.0,100.0,100.0,2.0,SF-0028門邊扣                                                  
1091003GF0000001,VBDVATX             ,1.0,100.0,罐   ,38.0,100.0,100.0,1.0,向日葵細目粗蠟                                                     
1091003GF0000001,VYRXFVQ             ,1.0,250.0,各   ,120.0,250.0,100.0,5.0,行車記錄器吸盤                                                     
1091006GF0000001,9212Q               ,1.0,10.0,各   ,0.0,10.0,100.0,4.0,921燈泡                                                       
1091006GF0000001,ABROQGUR            ,1.0,400.0,罐   ,90.0,400.0,100.0,5.0,ABRO噴射油精                                                    
1091006GF0000001,CARGTUV             ,1.0,150.0,罐   ,70.0,150.0,100.0,6.0,CAR煞車油(小)                                                   
1091006GF0000001,NXYRX               ,1.0,600.0,罐   ,230.0,600.0,100.0,1.0,SONAX鑽水晶蠟                                                   
1091006GF0000001,G74435630           ,1.0,600.0,卡   ,240.0,600.0,100.0,2.0,7443後煞車燈 魚眼10各5630                                          
1091007GF0000001,EY                  ,1.0,500.0,次   ,0.0,500.0,100.0,5.0,工資                                                          
1091007GF0000001,W2XEUA              ,1.0,500.0,各   ,230.0,500.0,100.0,6.0,特多龍汽車隔音棉                                                    
1091007GF0000001,AFLS150JV2          ,1.0,1100.0,組   ,510.0,1100.0,100.0,9.0,AFL-S150微笑燈                                                 
1091007GF0000001,CUJ5                ,1.0,200.0,各   ,100.0,200.0,100.0,3.0,網狀護腰                                                        
1091007GF0000001,M115RLED            ,1.0,800.0,組   ,350.0,800.0,100.0,10.0,M-1 15晶LED日行燈                                               
1091007GF0000001,SF0046              ,2.0,100.0,卡   ,40.0,100.0,100.0,1.0,SF-0046葉子板通用扣                                               
1091008GF0000001,V81GUVTRXFF         ,1.0,2300.0,組   ,1000.0,2300.0,100.0,15.0,V81雙眼行車記錄器(前)                                               
1091008GF0000001,A095                ,1.0,500.0,條   ,100.0,500.0,100.0,16.0,A095方向盤套                                                    
1091019GF0000001,POSEN18H            ,0.5,300.0,組   ,70.0,300.0,100.0,7.0,POSEN 18吋雨刷                                                 
1091019GF0000001,GARMINDRIVE52       ,1.0,3900.0,組   ,3450.0,3900.0,100.0,8.0,GARMIN DRIVE 52導航                                           
1091019GF0000001,ABTE021             ,1.0,2499.0,組   ,1600.0,2499.0,100.0,5.0,ABT-E021汽車緊急救車電源                                            
1091019GF0000001,TYPERH4T1E          ,1.0,800.0,組   ,170.0,800.0,100.0,3.0,TYPE-R H$超白光燈泡                                              
1091020GF0000001,IN362835GS2         ,1.0,450.0,卡   ,200.0,450.0,100.0,1.0,IN36-[車牌]室內燈                                            
1091016GF0000001,FITDFV              ,1.0,350.0,各   ,170.0,350.0,100.0,6.0,FIT空氣芯                                                      
1091016GF0000001,FITRUV              ,1.0,200.0,各   ,45.0,200.0,100.0,7.0,FIT機油芯                                                      
1091016GF0000001,EY                  ,1.0,300.0,次   ,0.0,300.0,100.0,8.0,工資                                                          
1091016GF0000001,ABROQGUR            ,1.0,350.0,罐   ,90.0,350.0,100.0,9.0,ABRO噴射油精                                                    
1091021GF0000001,929TX               ,1.0,80.0,罐   ,40.0,80.0,100.0,3.0,929粗蠟                                                       
1091021GF0000001,POSEN16H            ,0.5,300.0,組   ,70.0,300.0,100.0,4.0,POSEN 16吋雨刷                                                 
1091021GF0000001,RSENUG24HMG         ,1.0,350.0,支   ,70.0,350.0,100.0,5.0,RSEN硬式雨刷 24吋                                                
1091021GF0000001,RSENGR16R           ,1.0,350.0,組   ,80.0,350.0,100.0,1.0,RSEN雙尖室內燈16晶                                                
1091022GF0000001,ZEZVQ               ,1.0,1000.0,支   ,500.0,1000.0,100.0,1.0,復古核木方向盤                                                     
1091022GF0000001,JM921URC            ,1.0,200.0,各   ,0.0,200.0,100.0,2.0,JM-921眼鏡盒                                                   
1091014GF0000001,4RR2F               ,1.0,500.0,各   ,60.0,500.0,100.0,1.0,4角繼電器                                                       
1091015GF0000001,04WISHFMT           ,1.0,600.0,組   ,170.0,600.0,100.0,15.0,04WISH晴雨窗                                                   
1091015GF0000001,PNSHGK01U1ED        ,1.0,200.0,組   ,30.0,200.0,100.0,16.0,PNS-HGK01椅背掛勾微笑                                             
1091014GF0000001,LY520CGR            ,1.0,450.0,組   ,110.0,450.0,100.0,14.0,LY-520後視鏡                                                   
1091015GF0000001,VBDVRW1CR           ,1.0,100.0,罐   ,38.0,100.0,100.0,13.0,向日葵橡膠條還原劑                                                   
1091015GF0000001,8852T2R             ,1.0,1799.0,組   ,880.0,1799.0,100.0,11.0,8852車頂架                                                     
1091015GF0000001,SANTFEXFXJ          ,1.0,450.0,各   ,250.0,450.0,100.0,9.0,現代 santfe冷氣濾網                                               
1091015GF0000001,SF0047              ,1.0,100.0,組   ,40.0,100.0,100.0,7.0,[車牌]釦子                                                    
1091015GF0000001,PNSCP280P           ,1.0,750.0,組   ,310.0,750.0,100.0,5.0,太空梭打氣機280P三合一DC12V                                          
1091015GF0000001,ZXR                 ,1.0,100.0,罐   ,58.0,100.0,100.0,3.0,防落膠                                                         
1091016GF0000001,BW2                 ,1.0,170.0,條   ,80.0,170.0,100.0,15.0,軟條燈                                                         
1091016GF0000001,T4FMT               ,1.0,500.0,組   ,230.0,500.0,100.0,16.0,T4晴雨窗                                                       
1091016GF0000001,PNSSCUPUZ1          ,1.0,200.0,組   ,110.0,200.0,100.0,17.0,PNS-SCUP皮革款-椅編置杯盒                                           
1091016GF0000001,CRYXX               ,1.0,250.0,罐   ,110.0,250.0,100.0,13.0,黃金棕梠蠟                                                       
1091016GF0000001,SENFINECOFURFFVR    ,1.0,1800.0,罐   ,400.0,1800.0,100.0,11.0,西德SENFINECO汽油進氣系統清洗劑9921                                    
1090925GF0000001,GV2Q                ,5.0,10.0,各   ,1.0,10.0,100.0,13.0,雙芯燈泡                                                        
1090925GF0000001,CUWRV15             ,2.0,350.0,各   ,180.0,350.0,100.0,3.0,護腰墊機械式編織                                                    
1090926GF0000001,VBDC1MGR2000ML      ,1.0,300.0,罐   ,100.0,300.0,100.0,4.0,向日葵雨刷精[車牌]                                                
1090926GF0000001,CHEERS1540RU        ,1.0,250.0,罐   ,100.0,250.0,100.0,5.0,CHEERS 15/40機油                                              
1090926GF0000001,EY                  ,1.0,300.0,次   ,0.0,300.0,100.0,6.0,工資                                                          
1090928GF0000001,1MT5D               ,1.0,1800.0,組   ,950.0,1800.0,100.0,7.0,白雲防水車罩-D                                                    
1090928GF0000001,WGXMODELXTA1E2      ,1.0,1200.0,組   ,500.0,1200.0,100.0,8.0,特斯拉 MODEL-X長毛避光墊                                            
1090928GF0000001,SAXO5W50            ,2.0,600.0,罐   ,280.0,600.0,100.0,5.0,SAXO 5W/50機油                                                
1090928GF0000001,ZJTUA               ,1.0,300.0,罐   ,85.0,300.0,100.0,1.0,防霧除油膜                                                       
1090928GF0000001,ZERO14VRMG          ,1.0,700.0,支   ,290.0,700.0,100.0,2.0,ZERO矽膠雨刷14吋                                                 
1090928GF0000001,ZEROVRMG26          ,1.0,1000.0,支   ,415.0,1000.0,100.0,3.0,ZERO 26吋矽膠雨刷                                                
1090929GF0000001,EY                  ,1.0,100.0,次   ,0.0,100.0,100.0,5.0,工資                                                          
1090929GF0000001,SENFINCEODFFRR      ,1.0,600.0,罐   ,180.0,600.0,100.0,6.0,西德SENFINCEO空氣清潔劑9980                                        
1090929GF0000001,EY                  ,1.0,500.0,次   ,0.0,500.0,100.0,7.0,工資                                                          
1090928GF0000001,A14LEDJ2            ,1.0,650.0,各   ,240.0,650.0,100.0,9.0,A-14 LED霧 COB                                               
1091008GF0000001,G185630             ,1.0,400.0,卡   ,230.0,400.0,100.0,11.0,G18-魚眼5630-10顆 白光 2入                                        
1091008GF0000001,RSENT105630         ,1.0,300.0,卡   ,120.0,300.0,100.0,12.0,RSEN T10 5630 10燈                                           
1091008GF0000001,PS253F25U           ,1.0,300.0,組   ,0.0,300.0,100.0,9.0,PS-253前檔遮陽                                                  
1091008GF0000001,H355W2Q             ,1.0,100.0,各   ,28.0,100.0,100.0,7.0,H3 55W燈泡                                                    
1091008GF0000001,V81VTRXF            ,1.0,4000.0,組   ,1091.0,4000.0,100.0,5.0,V81行車記錄器雙眼                                                  
1091008GF0000001,H4OSRAM2Q           ,1.0,500.0,各   ,48.0,500.0,100.0,2.0,H4 OSRAM燈泡                                                  
1091008GF0000001,ZXR                 ,1.0,100.0,罐   ,58.0,100.0,100.0,3.0,防落膠                                                         
1091010GF0000001,AFL283578           ,1.0,300.0,組   ,82.0,300.0,100.0,11.0,軟條燈2835-78LED                                               
1091010GF0000001,TURBOH4LED          ,0.5,2000.0,組   ,1200.0,2000.0,100.0,12.0,TURBO H4 LED大燈                                              
1091010GF0000001,WF0306TW            ,1.0,350.0,組   ,160.0,350.0,100.0,7.0,WF-0306三孔插頭                                                 
1091010GF0000001,EY                  ,100.0,0.0,次   ,0.0,0.0,100.0,8.0,工資                                                          
1091010GF0000001,GV5XJ               ,1.0,350.0,片   ,230.0,350.0,100.0,9.0,水箱罩鋁網                                                       
1091010GF0000001,VBDVATX             ,1.0,100.0,罐   ,38.0,100.0,100.0,5.0,向日葵細目粗蠟                                                     
1091010GF0000001,32G                 ,1.0,600.0,各   ,250.0,600.0,100.0,3.0,32G卡片                                                       
1091010GF0000001,VBD2XCA             ,0.5,100.0,包   ,30.0,100.0,100.0,1.0,向日葵打蠟海綿                                                     
1091011GF0000001,2V2Q                ,2.0,25.0,各   ,3.0,25.0,100.0,7.0,單芯燈泡                                                        
1091011GF0000001,G18.52Q             ,2.0,25.0,各   ,2.5,25.0,100.0,8.0,G18.5燈泡                                                     
1091011GF0000001,V81GUVTRXFF         ,1.0,2300.0,組   ,1000.0,2300.0,100.0,5.0,V81雙眼行車記錄器(前)                                               
1091011GF0000001,A15BV2              ,2.0,650.0,各   ,240.0,650.0,100.0,2.0,A-15日型燈                                                     
1091011GF0000001,EY                  ,1.0,400.0,次   ,0.0,400.0,100.0,3.0,工資                                                          
1091013GF0000001,3D1F1               ,1.0,200.0,支   ,110.0,200.0,100.0,1.0,3D補漆筆                                                       
1091013GF0000001,FR2GUG              ,1.0,750.0,組   ,410.0,750.0,100.0,2.0,手搖式千斤頂                                                      
1091014GF0000001,RSENBEMG14          ,1.0,200.0,支   ,90.0,200.0,100.0,11.0,RSEN軟骨雨刷 14吋                                                
1091014GF0000001,RSENBEMG26H         ,1.0,450.0,支   ,90.0,450.0,100.0,12.0,RSEN軟骨雨刷 26吋                                                
1091014GF0000001,POSEN18H            ,1.0,250.0,組   ,70.0,250.0,100.0,13.0,POSEN 18吋雨刷                                                 
1091014GF0000001,KSTAR246CMG         ,1.0,450.0,支   ,140.0,450.0,100.0,7.0,KA-SATR 246後雨刷                                              
1091014GF0000001,EY                  ,1.0,500.0,次   ,0.0,500.0,100.0,8.0,工資                                                          
1091014GF0000001,H422                ,2.0,250.0,各   ,28.0,250.0,100.0,3.0,H4大燈燈泡 55W                                                  
1091014GF0000001,G18.52Q             ,2.0,50.0,各   ,2.5,50.0,100.0,4.0,G18.5燈泡                                                     
1091014GF0000001,FQF5                ,1.0,100.0,各   ,45.0,100.0,100.0,5.0,氣泡前遮                                                        
1091023GF0000001,3D1F1               ,1.0,200.0,支   ,110.0,200.0,100.0,1.0,3D補漆筆                                                       
1091024GF0000001,2VCQ2Q              ,1.0,100.0,各   ,15.0,100.0,100.0,5.0,單芯琥珀燈泡                                                      
1091024GF0000001,X1E                 ,1.0,300.0,各   ,100.0,300.0,100.0,6.0,喇叭蓋                                                         
1091024GF0000001,AL5003TY-CU         ,1.0,250.0,組   ,150.0,250.0,100.0,7.0,AL-5003車載二合一                                                
1091024GF0000001,EY                  ,1.0,1500.0,次   ,0.0,1500.0,100.0,3.0,工資                                                          
1091026GF0000001,SAXO1040            ,4.0,350.0,罐   ,110.0,350.0,100.0,8.0,SAXO 10W/40機油                                               
1091026GF0000001,VR1RUV              ,1.0,100.0,各   ,30.0,100.0,100.0,6.0,新尖兵機油芯                                                      
1091024GF0000001,ERQ602Q             ,1.0,2300.0,各   ,1750.0,2300.0,100.0,1.0,國際牌60電瓶                                                     
1091026GF0000001,929TX               ,1.0,80.0,罐   ,40.0,80.0,100.0,3.0,929粗蠟                                                       
1091026GF0000001,EX0085JC            ,1.0,500.0,組   ,250.0,500.0,100.0,4.0,EX-008置物盒                                                   
1091026GF0000001,7003J25R            ,1.0,2300.0,組   ,600.0,2300.0,100.0,1.0,[車牌]無碟主機                                                 
1091027GF0000001,POSEN16H            ,1.0,300.0,組   ,70.0,300.0,100.0,4.0,POSEN 16吋雨刷                                                 
1091027GF0000001,1W                  ,2.0,100.0,組   ,55.0,100.0,100.0,5.0,補土                                                          
1091027GF0000001,89VUQZVQW           ,1.0,650.0,條   ,320.0,650.0,100.0,2.0,89小羊皮方向盤套                                                   
1091027GF0000001,NRW2                ,1.0,150.0,各   ,44.0,150.0,100.0,3.0,四角踏墊                                                        
1091028GF0000001,12ELENLA2XFMT       ,1.0,2000.0,組   ,1000.0,2000.0,100.0,9.0,12ELENLA鍍烙(四片)晴雨窗                                           
1091028GF0000001,SAXO5W50            ,2.0,600.0,罐   ,240.0,600.0,100.0,10.0,SAXO 5W/50機油                                                
1091028GF0000001,07EAXCXQ            ,1.0,700.0,組   ,300.0,700.0,100.0,7.0,07冠美麗晴雨窗(後)兩片                                               
1091028GF0000001,1W                  ,1.0,100.0,組   ,55.0,100.0,100.0,5.0,補土                                                          
1091028GF0000001,W8542YG5            ,1.0,300.0,組   ,150.0,300.0,100.0,3.0,W851電子夜光時鐘                                                  
1091028GF0000001,3D1F1               ,1.0,160.0,支   ,110.0,160.0,100.0,1.0,3D補漆筆                                                       
1091029GF0000001,EY                  ,1.0,300.0,次   ,0.0,300.0,100.0,1.0,工資                                                          
1091029GF0000001,ZXR                 ,1.0,100.0,罐   ,58.0,100.0,100.0,2.0,防落膠                                                         
1091030GF0000001,PNSHD303            ,1.0,450.0,組   ,100.0,450.0,100.0,4.0,三合一多功能手機架                                                   
1091030GF0000001,PNSS27              ,1.0,450.0,組   ,150.0,450.0,100.0,5.0,PNS-S27QC3.0A*2USB車充                                        
1091030GF0000001,ZEROVRMG18          ,1.0,800.0,支   ,325.0,800.0,100.0,1.0,ZERO矽膠雨刷18吋                                                 
1091030GF0000001,ZEROVRMG20          ,1.0,900.0,支   ,350.0,900.0,100.0,2.0,ZERO矽膠雨刷20吋                                                 
1091030GF0000001,X1V                 ,5.0,30.0,尺   ,12.0,30.0,100.0,3.0,SPK-105喇叭線                                                  
1091031GF0000001,39MMGS2             ,2.0,50.0,各   ,12.0,50.0,100.0,8.0,39MM室內燈                                                     
1091031GF0000001,EY                  ,1.0,200.0,次   ,0.0,200.0,100.0,9.0,工資                                                          
1091104GF0000001,RSENH42TY           ,1.0,300.0,組   ,70.0,300.0,100.0,7.0,RSEN H4陶瓷座                                                  
1091104GF0000001,G185630             ,1.0,550.0,卡   ,230.0,550.0,100.0,8.0,G18-魚眼5630-10顆 白光 2入                                        
1091104GF0000001,ZXQH4CR2Q           ,2.0,350.0,各   ,150.0,350.0,100.0,9.0,菲利浦H4黃金燈泡                                                   
1091104GF0000001,90122Q              ,1.0,300.0,各   ,120.0,300.0,100.0,10.0,9012燈泡                                                      
1091105GF0000001,YH680               ,1.0,3850.0,組   ,2600.0,3850.0,100.0,8.0,YH-680全功能電力公司                                               
1091105GF0000001,LY520CGR            ,1.0,450.0,組   ,110.0,450.0,100.0,9.0,LY-520後視鏡                                                   
1091105GF0000001,1MT5D               ,1.0,2000.0,組   ,1040.0,2000.0,100.0,5.0,白雲防水車罩-C D                                                  
1091105GF0000001,TURBOH7LED          ,1.0,2500.0,組   ,1200.0,2500.0,100.0,6.0,TURBO LED H7大燈                                              
1091105GF0000001,XERUR               ,1.0,450.0,罐   ,100.0,450.0,100.0,2.0,XE機油精                                                       
1091105GF0000001,PNSTPC004           ,1.0,250.0,組   ,130.0,250.0,100.0,10.0,PNS-TPC004停車告示牌                                             
1091106GF0000001,PNSHD05             ,1.0,300.0,組   ,120.0,300.0,100.0,1.0,7-10吋頭枕手機架                                                  
1091107GF0000001,ERQ402Q             ,1.0,2400.0,各   ,1750.0,2400.0,100.0,3.0,國際牌 40電瓶                                                    
1091107GF0000001,VBD2XAF             ,1.0,100.0,組   ,50.0,100.0,100.0,4.0,向日葵打蠟棉球                                                     
1091107GF0000001,VBDC1XWU            ,1.0,250.0,罐   ,90.0,250.0,100.0,5.0,向日葵環保輪胎油[車牌]                                              
1091107GF0000001,VBDUMN              ,1.0,500.0,罐   ,280.0,500.0,100.0,6.0,向日葵釉元素                                                      
1091111GF0000001,G255630GV2Q         ,1.0,500.0,組   ,240.0,500.0,100.0,1.0,G25-5630後煞車燈雙芯燈泡                                            
1091111GF0000001,FRPNS8MXR2F         ,1.0,500.0,組   ,180.0,500.0,100.0,7.0,FR-PNS8裕隆繼電器3P                                              
1091113GF0000002,POSEN16H            ,1.0,300.0,組   ,70.0,300.0,100.0,17.0,POSEN 16吋雨刷                                                 
1091113GF0000002,ERQ602Q             ,1.0,2300.0,各   ,1750.0,2300.0,100.0,14.0,國際牌60電瓶                                                     
1091113GF0000002,VIOSFMT             ,1.0,500.0,組   ,170.0,500.0,100.0,10.0,VIOS晴雨窗                                                     
1091113GF0000002,ZWUV                ,1.0,100.0,各   ,40.0,100.0,100.0,11.0,豐田油芯                                                        
1091113GF0000002,VIOSDFV             ,1.0,250.0,組   ,150.0,250.0,100.0,8.0,VIOS空氣芯                                                     
1091113GF0000002,POSEN18H            ,0.5,300.0,組   ,70.0,300.0,100.0,3.0,POSEN 18吋雨刷                                                 
1091113GF0000002,POSEN20H            ,0.5,300.0,組   ,70.0,300.0,100.0,4.0,POSEN 20吋雨刷                                                 
1091113GF0000002,EY                  ,1.0,1950.0,次   ,0.0,1950.0,100.0,18.0,工資                                                          
1091113GF0000002,AVVW                ,1.0,230.0,組   ,0.0,230.0,100.0,19.0,AV線頭                                                        
1091113GF0000002,1VNV                ,5.0,10.0,各   ,1.0,10.0,100.0,20.0,保險絲(小)                                                      
1091120GF0000001,EY                  ,1.0,100.0,次   ,0.0,100.0,100.0,8.0,工資                                                          
1091120GF0000001,KMWTV               ,1.0,150.0,各   ,40.0,150.0,100.0,9.0,鱷魚頭出線                                                       
1091120GF0000001,ZERO14VRMG          ,1.0,780.0,支   ,290.0,780.0,100.0,10.0,ZERO矽膠雨刷14吋                                                 
1091107GF0000001,VBDVTR              ,1.0,200.0,罐   ,110.0,200.0,100.0,7.0,向日葵洗車精                                                      
1091107GF0000001,ZJTUA               ,1.0,250.0,罐   ,85.0,250.0,100.0,8.0,防霧除油膜                                                       
1091107GF0000001,3D5U1               ,1.0,250.0,組   ,113.0,250.0,100.0,9.0,3D遮陽板                                                       
1091107GF0000001,106USB6.1A          ,1.0,450.0,組   ,220.0,450.0,100.0,1.0,106 6.1AUSB插頭                                               
1091107GF0000001,G204GVR             ,1.0,650.0,罐   ,220.0,650.0,100.0,11.0,G204水箱精                                                     
1091107GF0000001,RX1VG1              ,1.0,300.0,條   ,180.0,300.0,100.0,12.0,嘉麗寶吸水布                                                      
1091109GF0000001,NOIDNRMG14          ,1.0,250.0,支   ,100.0,250.0,100.0,4.0,NOID三節雨刷 14吋                                                
1091109GF0000001,NOIDNRMG26          ,1.0,400.0,支   ,100.0,400.0,100.0,5.0,NOID三節雨刷 26吋                                                
1091109GF0000001,J00350CMG           ,1.0,350.0,支   ,130.0,350.0,100.0,2.0,J00350後雨刷                                                   
1091110GF0000001,RSEN56ZVQW          ,1.0,650.0,條   ,250.0,650.0,100.0,3.0,RSEN-56牛皮方向盤套                                               
1091110GF0000001,NOQ03VG             ,1.0,300.0,罐   ,75.0,300.0,100.0,4.0,NO-Q03香水                                                    
1091110GF0000001,1VNV                ,2.0,100.0,各   ,0.0,100.0,100.0,1.0,保險絲(小)                                                      
1091111GF0000001,GV.E2Q              ,1.0,200.0,各   ,0.0,200.0,100.0,4.0,歐規雙芯燈泡                                                      
1091111GF0000001,SF035               ,1.0,100.0,卡   ,40.0,100.0,100.0,5.0,SF-035腳踏板固定扣                                                
1091111GF0000001,ZJTUA               ,1.0,300.0,罐   ,85.0,300.0,100.0,6.0,防霧除油膜                                                       
1091114GF0000001,CHEERS1540RU        ,1.0,300.0,罐   ,100.0,300.0,100.0,4.0,CHEERS 15/40機油                                              
1091114GF0000001,RSENT104014242      ,1.0,450.0,組   ,160.0,450.0,100.0,5.0,RSEN T10 4014 24燈                                           
1091114GF0000001,KMWTV               ,1.0,130.0,各   ,40.0,130.0,100.0,2.0,鱷魚頭出線                                                       
1091116GF0000001,RSENHID5RF          ,1.0,250.0,各   ,100.0,250.0,100.0,3.0,RSEN HID轉接器                                                 
1091116GF0000001,ALTISDFV            ,1.0,350.0,各   ,100.0,350.0,100.0,6.0,ALTIS空氣芯                                                    
1091116GF0000001,S28WGDE             ,1.0,500.0,組   ,38.0,500.0,100.0,7.0,S-28貼式二段開關                                                  
1091117GF0000001,VBD1UFRR            ,1.0,250.0,罐   ,70.0,250.0,100.0,1.0,向日葵柏油清潔劑                                                    
1091118GF0000001,FUVE                ,1.0,300.0,各   ,150.0,300.0,100.0,1.0,汽油箱蓋通用                                                      
1091118GF0000001,Z15RTGUVTRXF        ,1.0,4500.0,組   ,3800.0,4500.0,100.0,2.0,Z15機車雙眼行車記錄器                                                
1091118GF0000001,EY                  ,1.0,500.0,次   ,0.0,500.0,100.0,3.0,工資                                                          
1091116GF0000001,EY                  ,1.0,500.0,次   ,0.0,500.0,100.0,8.0,工資                                                          
1091120GF0000001,EY                  ,1.0,200.0,次   ,0.0,200.0,100.0,11.0,工資                                                          
1091120GF0000001,NOIDNRMG14          ,1.0,250.0,支   ,100.0,250.0,100.0,12.0,NOID三節雨刷 14吋                                                
1091120GF0000001,ABTA091CVZQ         ,1.0,600.0,組   ,260.0,600.0,100.0,6.0,ABT-A091後箱防碰條                                               
1091120GF0000001,MP35CG              ,1.0,1000.0,組   ,550.0,1000.0,100.0,13.0,MP3轉換器                                                      
1091031GF0000001,CREQX               ,1.0,100.0,罐   ,60.0,100.0,100.0,10.0,黑金剛噴蠟                                                       
1091031GF0000001,3D1F1               ,1.0,200.0,支   ,110.0,200.0,100.0,6.0,3D補漆筆                                                       
1091031GF0000001,H4OSRAM2Q           ,1.0,400.0,各   ,48.0,400.0,100.0,4.0,H4 OSRAM燈泡                                                  
1091031GF0000001,K83DEXXDFV          ,1.0,1000.0,各   ,700.0,1000.0,100.0,1.0,K83D金屬高流量空氣芯                                                
1091031GF0000001,T20GV2Q             ,1.0,70.0,各   ,0.0,70.0,100.0,2.0,T20雙芯燈泡                                                     
1091102GF0000001,GV2Q                ,1.0,100.0,各   ,3.5,100.0,100.0,1.0,雙芯燈泡                                                        
1091102GF0000001,TYPERH4CR           ,1.0,1000.0,組   ,170.0,1000.0,100.0,2.0,TYPE-R H4黃金燈泡                                               
1091103GF0000002,NOIDNRMG16          ,1.0,250.0,支   ,100.0,250.0,100.0,3.0,NOID三節雨刷 16吋                                                
1091103GF0000002,NOIDNRMG26          ,1.0,450.0,支   ,100.0,450.0,100.0,4.0,NOID三節雨刷 26吋                                                
1091103GF0000002,2V2Q                ,1.0,100.0,各   ,3.0,100.0,100.0,5.0,單芯燈泡                                                        
1091103GF0000002,EY                  ,1.0,600.0,次   ,0.0,600.0,100.0,6.0,工資                                                          
1091103GF0000002,ACDELCO2QFRR        ,1.0,250.0,罐   ,180.0,250.0,100.0,1.0,ACDELCO碟盤清潔劑                                                
1091104GF0000001,WF602Q              ,1.0,2000.0,各   ,1500.0,2000.0,100.0,4.0,湯淺60電瓶                                                      
1091104GF0000001,ID6HW5              ,1.0,2000.0,組   ,600.0,2000.0,100.0,5.0,ID-6吋同軸啦吧                                                   
1091104GF0000001,6H2EF               ,1.0,500.0,各   ,100.0,500.0,100.0,6.0,6吋墊高器                                                       
1091124GF0000001,AH62CCZVQ           ,1.0,650.0,條   ,280.0,650.0,100.0,3.0,AH-62紅黑方向盤套                                                 
1091124GF0000001,ABROTA1CQX          ,1.0,350.0,罐   ,130.0,350.0,100.0,4.0,ABRO車身保護噴蠟                                                  
1091124GF0000001,EY                  ,1.0,100.0,次   ,0.0,100.0,100.0,5.0,工資                                                          
1091126GF0000001,CHEERS1540RU        ,2.0,250.0,罐   ,100.0,250.0,100.0,5.0,CHEERS 15/40機油                                              
1091126GF0000001,SAXO5W50            ,1.0,600.0,罐   ,240.0,600.0,100.0,1.0,SAXO 5W/50機油                                                
1091126GF0000001,AB335VTF            ,1.0,1200.0,組   ,410.0,1200.0,100.0,6.0,AB-335風王吸塵器                                                 
1091127GF0000001,07RWC2D             ,2.0,1000.0,各   ,600.0,1000.0,100.0,6.0,07堅達後燈殼                                                     
1091127GF0000001,UJGY                ,2.0,50.0,各   ,15.0,50.0,100.0,7.0,英文數字                                                        
1091127GF0000001,H15222Q             ,1.0,900.0,各   ,600.0,900.0,100.0,1.0,H15大燈燈泡                                                     
1091127GF0000001,AH59ZVQW            ,1.0,650.0,條   ,280.0,650.0,100.0,2.0,AH-59方向盤套                                                   
1091127GF0000001,MP35CG              ,1.0,1000.0,組   ,480.0,1000.0,100.0,8.0,MP3轉換器                                                      
1091128GF0000001,UJGY                ,6.0,50.0,各   ,15.0,50.0,100.0,11.0,英文數字                                                        
1091128GF0000001,ABTA090DAJU         ,1.0,800.0,組   ,260.0,800.0,100.0,12.0,ABT-A090卡夢尾翼                                                
1091128GF0000001,GN5V                ,1.0,350.0,罐   ,140.0,350.0,100.0,8.0,雙色之星香水                                                      
1091128GF0000001,2UVG                ,1.0,300.0,罐   ,150.0,300.0,100.0,9.0,典雅香水                                                        
1091120GF0000001,G15T1E2Q            ,1.0,500.0,卡   ,0.0,500.0,100.0,3.0,G-15超白光燈泡                                                   
1091120GF0000001,GREUW               ,1.0,300.0,組   ,100.0,300.0,100.0,14.0,世紀隔音條                                                       
1091120GF0000001,ZV5Q1VTRXF          ,1.0,4700.0,組   ,2550.0,4700.0,100.0,15.0,發現者Q1行車紀錄器                                                  
1091121GF0000001,2VCQ2Q              ,3.0,50.0,各   ,15.0,50.0,100.0,1.0,單芯琥珀燈泡                                                      
1091121GF0000001,H3OSRAM2Q           ,1.0,300.0,各   ,45.0,300.0,100.0,2.0,H3 OSARM 55W燈泡                                              
1091123GF0000001,2QG                 ,1.0,50.0,罐   ,15.0,50.0,100.0,6.0,電瓶水                                                         
1091123GF0000001,VBDSAA1X            ,1.0,550.0,罐   ,280.0,550.0,100.0,7.0,向日葵奈米美白蠟                                                    
1091123GF0000001,CARMATGTU2          ,1.0,300.0,罐   ,120.0,300.0,100.0,4.0,CARMAT煞車油(大)                                                
1091123GF0000001,VBDVRW1CR           ,1.0,300.0,罐   ,38.0,300.0,100.0,8.0,向日葵橡膠條還原劑                                                   
1091123GF0000001,2XGW                ,1.0,500.0,卷   ,80.0,500.0,100.0,10.0,鍍洛門邊飾條                                                      
1091123GF0000001,3D1F1               ,1.0,200.0,支   ,110.0,200.0,100.0,11.0,3D補漆筆                                                       
1091123GF0000001,EY                  ,1.0,50.0,次   ,0.0,50.0,100.0,12.0,工資                                                          
1091123GF0000001,VBD1WFRR            ,1.0,100.0,罐   ,38.0,100.0,100.0,2.0,向日葵白鐵亮光清潔劑                                                  
1091124GF0000001,R1GEX               ,1.0,650.0,罐   ,280.0,650.0,100.0,1.0,激撥水固體蠟                                                      
1091124GF0000001,VBD2XAF             ,1.0,100.0,組   ,50.0,100.0,100.0,2.0,向日葵打蠟棉球                                                     
1091128GF0000001,ABTA0392E2R         ,1.0,350.0,組   ,0.0,350.0,100.0,3.0,ABT-A039大哥大架                                                
1091128GF0000001,V2008CGR            ,1.0,400.0,各   ,0.0,400.0,100.0,4.0,V-2008後視鏡                                                   
1091128GF0000001,PNSHGK01U1ED        ,1.0,200.0,組   ,30.0,200.0,100.0,5.0,PNS-HGK01椅背掛勾微笑                                             
1091128GF0000001,PMSJW220R2UG        ,1.0,200.0,組   ,35.0,200.0,100.0,13.0,PNS-JW220靜電鑰匙                                               
1091130GF0000001,NOIDNRMG16          ,1.0,250.0,支   ,100.0,250.0,100.0,3.0,NOID三節雨刷 16吋                                                
1091130GF0000001,NOIDNRMG26          ,1.0,500.0,支   ,100.0,500.0,100.0,4.0,NOID三節雨刷 26吋                                                
1091130GF0000001,ZJTUA               ,1.0,250.0,罐   ,85.0,250.0,100.0,5.0,防霧除油膜                                                       
1091128GF0000001,JVVG                ,1.0,250.0,組   ,125.0,250.0,100.0,14.0,微笑香水                                                        
1091130GF0000001,WF602Q              ,1.0,2100.0,各   ,1500.0,2100.0,100.0,6.0,湯淺60電瓶                                                      
1091130GF0000001,ERQ55D23L2Q         ,1.0,2800.0,各   ,2100.0,2800.0,100.0,7.0,國際牌55D23L電瓶                                                 
1091130GF0000001,LK1VTRXF            ,1.0,2000.0,組   ,1000.0,2000.0,100.0,1.0,LK-1行車記錄器                                                   
1091201GF0000001,06FCOUS5MMG         ,1.0,850.0,組   ,250.0,850.0,100.0,1.0,06FCOUS專用雨刷                                                 
1091202GF0000001,ERQ55D23L2Q         ,1.0,2700.0,各   ,2100.0,2700.0,100.0,3.0,國際牌55D23L電瓶                                                 
1091202GF0000001,TURBOH1LED          ,1.0,1999.0,組   ,1999.0,1999.0,100.0,4.0,TURBO H1 LED大燈                                              
1091202GF0000001,R2F                 ,1.0,100.0,組   ,25.0,100.0,100.0,1.0,繼電器                                                         
1091203GF0000001,ABROXFFRR           ,1.0,350.0,罐   ,130.0,350.0,100.0,4.0,ABRO冷氣清洗劑                                                   
1091203GF0000001,VTRXF2MV            ,1.0,700.0,組   ,150.0,700.0,100.0,6.0,行車記錄器電源抗干擾                                                  
1091203GF0000001,EY                  ,1.0,300.0,次   ,0.0,300.0,100.0,7.0,工資                                                          
1091203GF0000001,V2008CGR            ,1.0,400.0,各   ,110.0,400.0,100.0,8.0,V-2008後視鏡                                                   
1091203GF0000001,NOIDNRMG14          ,1.0,200.0,支   ,100.0,200.0,100.0,1.0,NOID三節雨刷 14吋                                                
1091203GF0000001,NOIDNRMG24          ,1.0,400.0,支   ,100.0,400.0,100.0,2.0,NOID三節雨刷 24吋                                                
1091203GF0000001,H724V2Q             ,3.0,250.0,各   ,80.0,250.0,100.0,9.0,H7 24V燈泡                                                    
1091204GF0000001,NOIDNRMG24          ,1.0,400.0,支   ,100.0,400.0,100.0,1.0,NOID三節雨刷 24吋                                                
1091204GF0000001,08ALTISTA1E2        ,1.0,600.0,組   ,210.0,600.0,100.0,2.0,08ALTIS長毛避光墊                                                
1091204GF0000001,3D1F1               ,1.0,200.0,支   ,110.0,200.0,100.0,3.0,3D補漆筆                                                       
1091205GF0000001,ERQ602Q             ,1.0,2300.0,各   ,1750.0,2300.0,100.0,5.0,國際牌60電瓶                                                     
1091205GF0000001,15ZINGER            ,1.0,799.0,組   ,210.0,799.0,100.0,6.0,15ZINGER長毛避光墊                                               
1091205GF0000001,EY                  ,1.0,300.0,次   ,0.0,300.0,100.0,3.0,工資                                                          
1091207GF0000001,GV2Q                ,1.0,10.0,各   ,3.5,10.0,100.0,1.0,雙芯燈泡                                                        
1091207GF0000001,1MT5D               ,1.0,1800.0,組   ,1040.0,1800.0,100.0,2.0,白雲防水車罩-C D                                                  
1091215GF0000001,PNSP1GJG2XA         ,1.0,150.0,各   ,68.0,150.0,100.0,1.0,PNS-P1手握式打蠟棉                                                
1091216GF0000001,20162T              ,2.0,100.0,各   ,22.0,100.0,100.0,6.0,2016電池                                                      
1091217GF0000001,32G                 ,1.0,550.0,各   ,250.0,550.0,100.0,1.0,32G卡片                                                       
1091217GF0000001,EY                  ,1.0,250.0,次   ,0.0,250.0,100.0,2.0,工資                                                          
1091218GF0000001,CITYTA1E2           ,1.0,600.0,組   ,210.0,600.0,100.0,10.0,CITY長毛避光墊                                                   
1091218GF0000001,EVEW2               ,1.0,600.0,組   ,260.0,600.0,100.0,11.0,EVE踏墊                                                       
1091218GF0000001,20182XD5MW2         ,1.0,750.0,組   ,350.0,750.0,100.0,7.0,2018專用踏墊                                                    
1091218GF0000001,GV2Q                ,1.0,50.0,各   ,3.5,50.0,100.0,8.0,雙芯燈泡                                                        
1091218GF0000001,NOID36GS2           ,1.0,440.0,組   ,250.0,440.0,100.0,5.0,NOID 36MM室內燈                                                
1091218GF0000001,KSTAR348CMG         ,1.0,400.0,支   ,140.0,400.0,100.0,3.0,K-STAR 348後雨刷                                               
1091218GF0000001,NRW2                ,1.0,150.0,各   ,44.0,150.0,100.0,1.0,四角踏墊                                                        
1091219GF0000001,ZJTUA               ,1.0,300.0,罐   ,85.0,300.0,100.0,4.0,防霧除油膜                                                       
1091219GF0000001,ERQ55D23L2Q         ,1.0,2700.0,各   ,2100.0,2700.0,100.0,5.0,國際牌55D23L電瓶                                                 
1091219GF0000001,NOIDNRMG16          ,1.0,250.0,支   ,100.0,250.0,100.0,1.0,NOID三節雨刷 16吋                                                
1091219GF0000001,NOIDNRMG24          ,1.0,400.0,支   ,100.0,400.0,100.0,2.0,NOID三節雨刷 24吋                                                
1091208GF0000001,2QG                 ,1.0,35.0,罐   ,15.0,35.0,100.0,1.0,電瓶水                                                         
1091207GF0000001,2VCQ2Q              ,1.0,100.0,各   ,15.0,100.0,100.0,3.0,單芯琥珀燈泡                                                      
1091208GF0000001,ZERO14VRMG          ,1.0,600.0,支   ,290.0,600.0,100.0,2.0,ZERO矽膠雨刷14吋                                                 
1091208GF0000001,ZEROVRMG26          ,1.0,1000.0,支   ,415.0,1000.0,100.0,3.0,ZERO 26吋矽膠雨刷                                                
1091207GF0000001,T10552              ,2.0,100.0,各   ,1.0,100.0,100.0,4.0,T10中炸彈                                                      
1091209GF0000001,ERJGNTWISTN         ,1.0,3299.0,組   ,2375.0,3299.0,100.0,1.0,鋼甲午士鎖TWIST鎖                                                 
1091210GF0000001,CHEERS1540RU        ,1.0,250.0,罐   ,100.0,250.0,100.0,4.0,CHEERS 15/40機油                                              
1091210GF0000001,ZEROFV1UUR          ,1.0,400.0,罐   ,180.0,400.0,100.0,5.0,ZERO全效保養汽車精[車牌]                                            
1091210GF0000001,RSEND24300K         ,1.0,1000.0,各   ,250.0,1000.0,100.0,6.0,RSEN D2 4300K燈泡                                             
1091210GF0000001,ZW                  ,1.0,1715.0,次   ,0.0,1715.0,100.0,7.0,廢鐵                                                          
1091210GF0000001,H4OSRAM2Q           ,1.0,300.0,各   ,48.0,300.0,100.0,2.0,H4 OSRAM燈泡                                                  
1091212GF0000001,1VNV                ,1.0,100.0,各   ,1.0,100.0,100.0,11.0,保險絲(小)                                                      
1091212GF0000001,NOIDNRMG16          ,1.0,250.0,支   ,100.0,250.0,100.0,13.0,NOID三節雨刷 16吋                                                
1091212GF0000001,NOIDNRMG24          ,1.0,400.0,支   ,100.0,400.0,100.0,14.0,NOID三節雨刷 24吋                                                
1091212GF0000001,ECC9922TBCR         ,1.0,150.0,罐   ,70.0,150.0,100.0,15.0,ECC-992電動窗潤滑劑                                               
1091212GF0000001,KSTAR342MG          ,1.0,400.0,支   ,140.0,400.0,100.0,9.0,K-STAR342雨刷                                                 
1091212GF0000001,500APRTV            ,1.0,500.0,組   ,250.0,500.0,100.0,7.0,[車牌]救車線                                                    
1091212GF0000001,KY359FE             ,1.0,200.0,各   ,90.0,200.0,100.0,16.0,KY-359旗桿                                                    
1091212GF0000001,07ALTISNQFMT        ,1.0,1000.0,組   ,600.0,1000.0,100.0,5.0,07ALTIS(四片)晴雨窗                                              
1091212GF0000001,V1                  ,1.0,800.0,組   ,400.0,800.0,100.0,17.0,線包                                                          
1091212GF0000001,CHY889N             ,1.0,750.0,組   ,350.0,750.0,100.0,3.0,CHY-889鎖                                                    
1091212GF0000001,2TXWGJG             ,1.0,1500.0,組   ,750.0,1500.0,100.0,1.0,數位倒車雷達兩眼                                                    
1091216GF0000001,1997RVNAA2          ,1.0,600.0,組   ,300.0,600.0,100.0,2.0,1997吉星三門噴水頭馬馬達                                              
1091215GF0000001,PNSTPC007           ,1.0,300.0,組   ,90.0,300.0,100.0,5.0,手機架 隱藏式停車號碼/一路平安                                            
1091215GF0000001,QTVG                ,1.0,350.0,各   ,0.0,350.0,100.0,6.0,跑車香水                                                        
1091215GF0000001,SAMGR               ,1.0,100.0,罐   ,45.0,100.0,100.0,7.0,奈米雨刷精                                                       
1091215GF0000001,F501TAZQW           ,2.0,500.0,捲   ,140.0,500.0,100.0,3.0,F501車門碰條                                                    
1091216GF0000001,ZEROVRMG26          ,1.0,1000.0,支   ,415.0,1000.0,100.0,3.0,ZERO 26吋矽膠雨刷                                                
1091216GF0000001,ZERO14VRMG          ,1.0,700.0,支   ,290.0,700.0,100.0,4.0,ZERO矽膠雨刷14吋                                                 
1091216GF0000001,KSTAR246CMG         ,1.0,400.0,支   ,140.0,400.0,100.0,5.0,K-STAR 346後雨刷                                               
1091221GF0000001,NOIDNRMG18          ,1.0,300.0,支   ,100.0,300.0,100.0,10.0,NOID三節雨刷 18吋                                                
1091221GF0000001,NOIDNRMG20          ,1.0,300.0,組   ,100.0,300.0,100.0,11.0,NOID三節雨刷 20吋                                                
1091221GF0000001,ZXR                 ,1.0,100.0,罐   ,58.0,100.0,100.0,8.0,防落膠                                                         
1091221GF0000001,X1V                 ,2.0,30.0,米   ,12.0,30.0,100.0,12.0,SPK-105喇叭線                                                  
1091221GF0000001,T10552              ,4.0,10.0,各   ,1.0,10.0,100.0,6.0,T10中炸彈                                                      
1091221GF0000001,POSEN18H            ,0.5,300.0,組   ,70.0,300.0,100.0,13.0,POSEN 18吋雨刷                                                 
1091221GF0000001,POSEN20H            ,0.5,300.0,組   ,70.0,300.0,100.0,14.0,POSEN 20吋雨刷                                                 
1091221GF0000001,                    ,0.0,0.0,,0.0,0.0,,17.0,
1091221GF0000001,H7OSARM222Q         ,1.0,300.0,各   ,90.0,300.0,100.0,4.0,H7OSARM大燈燈泡                                                 
1091221GF0000001,H1T1E2Q             ,1.0,600.0,組   ,150.0,600.0,100.0,15.0,H1超白光燈泡                                                     
1091222GF0000001,G100A2              ,1.0,550.0,組   ,320.0,550.0,100.0,14.0,好力馬曼陀 G100透氣皮                                               
1091222GF0000001,ABTE021             ,1.0,2200.0,組   ,1600.0,2200.0,100.0,15.0,ABT-E021汽車緊急救車電源                                            
1091222GF0000001,19VR1FMGBQ          ,1.0,1200.0,組   ,600.0,1200.0,100.0,11.0,19新尖兵晴雨窗(四片)                                                
1091222GF0000001,PS252F25U           ,1.0,200.0,組   ,78.0,200.0,100.0,12.0,PS-252前檔遮陽隔熱紙                                               
1091222GF0000001,PNSTPC007           ,1.0,300.0,組   ,90.0,300.0,100.0,9.0,手機架 隱藏式停車號碼/一路平安                                            
1091222GF0000001,ABT168HWA5W         ,1.0,1000.0,組   ,750.0,1000.0,100.0,7.0,ABT-168磁鐵面紙套                                                
1091222GF0000001,CHEERS1540RU        ,2.0,250.0,罐   ,100.0,250.0,100.0,5.0,CHEERS 15/40機油                                              
1091222GF0000001,W7160F2E2D          ,1.0,300.0,組   ,150.0,300.0,100.0,16.0,W719安全帶固定扣                                                  
1091222GF0000001,EY                  ,1.0,800.0,次   ,0.0,800.0,100.0,17.0,工資                                                          
1091222GF0000001,RSENCCQ2W           ,1.0,1000.0,支   ,280.0,1000.0,100.0,18.0,RSEN卡夢自排排檔頭                                                 
1091223GF0000001,CXAZVQAWC           ,1.0,650.0,各   ,300.0,650.0,100.0,1.0,好力馬方向盤曼陀(黑)                                                 
1091223GF0000001,RSENH118000K        ,1.0,800.0,各   ,150.0,800.0,100.0,2.0,RSEN H11 8000K燈泡                                            
1091225GF0000001,POSEN18H            ,1.0,300.0,組   ,70.0,300.0,100.0,1.0,POSEN 18吋雨刷                                                 
1091225GF0000001,WF0306TW            ,1.0,350.0,組   ,160.0,350.0,100.0,2.0,WF-0306三孔插頭                                                 
1091225GF0000001,VTRXFV              ,1.0,300.0,組   ,120.0,300.0,100.0,3.0,行車記錄器線                                                      
1091225GF0000001,EY                  ,1.0,300.0,次   ,0.0,300.0,100.0,4.0,工資                                                          
1091225GF0000001,RFLN01Q5XN          ,1.0,300.0,組   ,75.0,300.0,100.0,5.0,RF-LN01牌照螺絲                                                 
1091225GF0000001,14CITYNQFMT         ,1.0,1800.0,組   ,1000.0,1800.0,100.0,6.0,14CITY(四片)晴雨窗                                               
1091226GF0000001,T10552              ,2.0,50.0,各   ,1.0,50.0,100.0,7.0,T10中炸彈                                                      
1091226GF0000001,ZW5MHUVEYY          ,1.0,550.0,各   ,350.0,550.0,100.0,8.0,豐田專用拆油芯工具組                                                  
1100107GF0000001,CBGCGR              ,1.0,650.0,各   ,350.0,650.0,100.0,1.0,海瑞獅(R)後視鏡                                                   
1100108GF0000001,H722                ,1.0,150.0,各   ,35.0,150.0,100.0,11.0,H7 55W大燈燈泡                                                  
1100108GF0000001,20182XD5MW2         ,1.0,850.0,組   ,350.0,850.0,100.0,12.0,2018得利卡專用踏墊                                                 
1100107GF0000001,VBDGVR              ,1.0,150.0,罐   ,60.0,150.0,100.0,7.0,向日葵水箱精                                                      
1100105GF0000001,3MR1CM              ,1.0,100.0,卷   ,55.0,100.0,100.0,1.0,3M膠*1CM                                                     
1100108GF0000001,1802GRR             ,1.0,400.0,組   ,130.0,400.0,100.0,9.0,180度多功能手機架                                                  
1100108GF0000001,3D1F1               ,1.0,200.0,支   ,110.0,200.0,100.0,13.0,3D補漆筆                                                       
1100108GF0000001,GV2Q                ,1.0,100.0,各   ,3.5,100.0,100.0,3.0,雙芯燈泡                                                        
1100108GF0000001,RSENT104014242      ,1.0,450.0,組   ,160.0,450.0,100.0,4.0,RSEN T10 4014 24燈                                           
1100108GF0000001,90062Q              ,1.0,250.0,各   ,25.0,250.0,100.0,1.0,9006燈泡                                                      
1100108GF0000001,FXTUAZ              ,1.0,200.0,組   ,100.0,200.0,100.0,2.0,強力除油磨粉                                                      
1100108GF0000001,PNSENA13            ,1.0,400.0,組   ,150.0,400.0,100.0,14.0,機械式手機架                                                      
1100109GF0000001,RTZGT5              ,1.0,1000.0,組   ,530.0,1000.0,100.0,7.0,機車防水車罩                                                      
1100109GF0000001,ERQ55D23L2Q         ,1.0,2800.0,各   ,2100.0,2800.0,100.0,8.0,國際牌55D23L電瓶                                                 
1100109GF0000001,RSENHID5RF          ,1.0,250.0,各   ,100.0,250.0,100.0,5.0,RSEN HID轉接器                                                 
1091226GF0000001,929TX               ,1.0,100.0,罐   ,40.0,100.0,100.0,9.0,929粗蠟                                                       
1091228GF0000001,ZEROVRMG20          ,1.0,950.0,支   ,350.0,950.0,100.0,1.0,ZERO矽膠雨刷20吋                                                 
1091228GF0000001,ZEROVRMG24          ,1.0,1050.0,支   ,415.0,1050.0,100.0,2.0,ZERO矽膠雨刷24吋                                                 
1091228GF0000001,TYPERH7CR2Q         ,1.0,800.0,組   ,170.0,800.0,100.0,3.0,TYPE-R H7黃金燈泡                                               
1091228GF0000001,RSENT104R           ,1.0,250.0,組   ,100.0,250.0,100.0,4.0,RSEN T10 LED 4晶燈泡                                           
1091228GF0000001,2V2Q                ,1.0,10.0,各   ,3.0,10.0,100.0,5.0,單芯燈泡                                                        
1091228GF0000001,J00357              ,1.0,450.0,支   ,260.0,450.0,100.0,6.0,J00357後雨刷LUXGUN-U7                                          
1091228GF0000001,CHEERS1540RU        ,2.0,250.0,罐   ,100.0,250.0,100.0,7.0,CHEERS 15/40機油                                              
1091226GF0000001,RSEN02F             ,2.0,1000.0,各   ,400.0,1000.0,100.0,3.0,RSEN安定器                                                     
1091226GF0000001,VINA225XR           ,1.0,350.0,組   ,150.0,350.0,100.0,4.0,VINA大燈增亮劑                                                   
1091226GF0000001,3D1F1               ,1.0,200.0,支   ,110.0,200.0,100.0,5.0,3D補漆筆                                                       
1091226GF0000001,RSENH73000K2Q       ,2.0,500.0,各   ,200.0,500.0,100.0,1.0,RSEN H7 3000K燈泡                                             
1091230GF0000001,16322T              ,1.0,150.0,各   ,25.0,150.0,100.0,3.0,1632電池                                                      
1091230GF0000001,3M2CM               ,1.0,150.0,捲   ,75.0,150.0,100.0,4.0,3M膠*2CM                                                     
1091230GF0000001,VBDVATX             ,1.0,100.0,罐   ,65.0,100.0,100.0,5.0,向日葵細目粗蠟                                                     
1091230GF0000001,RSENUG24HMG         ,1.0,250.0,支   ,70.0,250.0,100.0,6.0,RSEN硬式雨刷 24吋                                                
1091230GF0000001,H722                ,1.0,150.0,各   ,35.0,150.0,100.0,1.0,H7 55W大燈燈泡                                                  
1091231GF0000001,EXTA1E2             ,1.0,550.0,各   ,210.0,550.0,100.0,3.0,格蘭長毛避光墊                                                     
1091231GF0000001,A094                ,1.0,400.0,條   ,100.0,400.0,100.0,4.0,A094方向盤套                                                    
1100102GF0000001,CHEERS1540RU        ,1.0,250.0,罐   ,100.0,250.0,100.0,12.0,CHEERS 15/40機油                                              
1100102GF0000001,ZEROFV1UUR          ,1.0,400.0,罐   ,180.0,400.0,100.0,13.0,ZERO全效保養汽車精[車牌]                                            
1100102GF0000001,RSENGVR             ,1.0,200.0,罐   ,80.0,200.0,100.0,14.0,RSEN水箱精                                                     
1091231GF0000001,H4OSRAM2Q           ,1.0,400.0,各   ,48.0,400.0,100.0,1.0,H4 OSRAM燈泡                                                  
1091231GF0000001,PNSS069U11GRR       ,1.0,250.0,組   ,0.0,250.0,100.0,5.0,PNS-S069儀表板手機架                                              
1100102GF0000001,ZJTUA               ,3.0,300.0,罐   ,85.0,300.0,100.0,7.0,防霧除油膜                                                       
1100102GF0000001,VTRXFV              ,1.0,300.0,組   ,120.0,300.0,100.0,8.0,行車記錄器線                                                      
1100102GF0000001,EY                  ,1.0,300.0,次   ,0.0,300.0,100.0,9.0,工資                                                          
1100102GF0000001,3D1F1               ,2.0,200.0,支   ,110.0,200.0,100.0,10.0,3D補漆筆                                                       
1100102GF0000001,AGRXEWCR5           ,1.0,500.0,各   ,250.0,500.0,100.0,4.0,AGR 懶骨頭護頸枕                                                  
1100102GF0000001,EY                  ,1.0,500.0,次   ,0.0,500.0,100.0,2.0,工資                                                          
1100102GF0000001,UADMGR              ,2.0,150.0,罐   ,60.0,150.0,100.0,15.0,優馬克雨刷精                                                      
1100102GF0000001,A094                ,1.0,500.0,條   ,100.0,500.0,100.0,16.0,A094方向盤套                                                    
1100102GF0000001,H7OSARM222Q         ,1.0,400.0,各   ,90.0,400.0,100.0,17.0,H7OSARM大燈燈泡                                                 
1100102GF0000001,2V2Q                ,1.0,100.0,各   ,3.0,100.0,100.0,18.0,單芯燈泡                                                        
1100104GF0000001,EY                  ,1.0,2400.0,次   ,0.0,2400.0,100.0,11.0,工資                                                          
1100104GF0000001,UX02XZVQU           ,1.0,250.0,罐   ,100.0,250.0,100.0,12.0,亞力安動力方向盤油                                                   
1100104GF0000001,2VCQ2Q              ,1.0,100.0,各   ,15.0,100.0,100.0,8.0,單芯琥珀燈泡                                                      
1100104GF0000001,2V2Q                ,1.0,100.0,各   ,3.0,100.0,100.0,9.0,單芯燈泡                                                        
1100104GF0000001,T10552              ,1.0,10.0,各   ,1.0,10.0,100.0,13.0,T10中炸彈                                                      
1100104GF0000001,V81GUVTRXFF         ,1.0,3000.0,組   ,1000.0,3000.0,100.0,14.0,V81雙眼行車記錄器(前)                                               
1100104GF0000001,NOIDNRMG18          ,1.0,300.0,支   ,100.0,300.0,100.0,1.0,NOID三節雨刷 18吋                                                
1100104GF0000001,NOIDNRMG20          ,1.0,300.0,組   ,100.0,300.0,100.0,2.0,NOID三節雨刷 20吋                                                
1100104GF0000001,RSENUE14H           ,1.0,200.0,支   ,70.0,200.0,100.0,3.0,RSEN14吋硬骨雨刷                                                 
1100104GF0000001,ZJTUA               ,1.0,300.0,罐   ,85.0,300.0,100.0,4.0,防霧除油膜                                                       
1100104GF0000001,UADMGR              ,1.0,100.0,罐   ,60.0,100.0,100.0,5.0,優馬克雨刷精                                                      
1100104GF0000001,GV2Q                ,2.0,10.0,各   ,3.5,10.0,100.0,6.0,雙芯燈泡                                                        
1100105GF0000001,2V2Q                ,4.0,10.0,各   ,3.0,10.0,100.0,8.0,單芯燈泡                                                        
1100105GF0000001,G18.52Q             ,2.0,20.0,各   ,2.5,20.0,100.0,9.0,G18.5燈泡                                                     
1100105GF0000001,RSENH112TY          ,1.0,300.0,組   ,70.0,300.0,100.0,6.0,RSEN H11陶瓷座                                                 
1100105GF0000001,PNSF6037TY          ,1.0,300.0,組   ,120.0,300.0,100.0,3.0,PNS-F6037三孔插座                                               
1100105GF0000001,FA002               ,1.0,160.0,組   ,60.0,160.0,100.0,4.0,椅背掛勾(黑色)                                                    
1100106GF0000001,2QG                 ,1.0,35.0,罐   ,15.0,35.0,100.0,6.0,電瓶水                                                         
1100107GF0000001,NOIDNRMG18          ,1.0,300.0,支   ,100.0,300.0,100.0,3.0,NOID三節雨刷 18吋                                                
1100107GF0000001,NOIDNRMG20          ,1.0,300.0,組   ,100.0,300.0,100.0,4.0,NOID三節雨刷 20吋                                                
1100109GF0000001,ABROGV5X            ,1.0,300.0,罐   ,60.0,300.0,100.0,1.0,ABRO水箱止漏劑                                                   
1100109GF0000001,TYPERH11CR2Q        ,1.0,1000.0,組   ,170.0,1000.0,100.0,2.0,TYPE-R H11黃金燈泡                                              
1100109GF0000001,NOIDNRMG14          ,1.0,250.0,支   ,100.0,250.0,100.0,3.0,NOID三節雨刷 14吋                                                
1100109GF0000001,NOIDNRMG26          ,1.0,400.0,支   ,100.0,400.0,100.0,9.0,NOID三節雨刷 26吋                                                
1100111GF0000001,GV2Q                ,1.0,100.0,各   ,3.5,100.0,100.0,1.0,雙芯燈泡                                                        
1100112GF0000001,PNSSFIN0010F2D      ,1.0,200.0,組   ,45.0,200.0,100.0,11.0,多功能安全帶扣                                                     
1100112GF0000001,NOIDNRMG14          ,1.0,200.0,支   ,100.0,200.0,100.0,12.0,NOID三節雨刷 14吋                                                
1100112GF0000001,NOIDNRMG24          ,1.0,450.0,支   ,100.0,450.0,100.0,13.0,NOID三節雨刷 24吋                                                
1100112GF0000001,RSENT105630         ,1.0,400.0,卡   ,120.0,400.0,100.0,9.0,RSEN T10 5630 10燈                                           
1100112GF0000001,VBD2XAF             ,1.0,100.0,組   ,50.0,100.0,100.0,5.0,向日葵打蠟棉球                                                     
1100112GF0000001,G18.52Q             ,10.0,20.0,各   ,2.5,20.0,100.0,6.0,G18.5燈泡                                                     
1100112GF0000001,VBDXEX              ,2.0,100.0,罐   ,55.0,100.0,100.0,7.0,向日葵橘油亮光蠟  [車牌]                                             
1100112GF0000001,ZXDDFV              ,1.0,300.0,各   ,100.0,300.0,100.0,3.0,菲利卡空氣芯                                                      
1100112GF0000001,S9WCFMT             ,1.0,400.0,組   ,170.0,400.0,100.0,1.0,你愛他(後)晴雨窗                                                   
1100113GF0000002,TG032FR             ,1.0,450.0,各   ,250.0,450.0,100.0,3.0,TG-03打氣機                                                    
1100113GF0000002,06EAXTA1E2          ,1.0,599.0,組   ,210.0,599.0,100.0,4.0,06冠美麗長毛避光墊                                                  
1100113GF0000002,EY                  ,1.0,20.0,次   ,0.0,20.0,100.0,5.0,工資                                                          
1100113GF0000002,H7OSARM222Q         ,1.0,400.0,各   ,90.0,400.0,100.0,6.0,H7OSARM大燈燈泡                                                 
1100113GF0000002,EY                  ,1.0,300.0,次   ,0.0,300.0,100.0,7.0,工資                                                          
1100114GF0000001,AL5003TY-CU         ,1.0,300.0,組   ,150.0,300.0,100.0,3.0,AL-5003車載二合一                                                
1100113GF0000002,ECC9922TBCR         ,1.0,150.0,罐   ,70.0,150.0,100.0,1.0,ECC-992電動窗潤滑劑                                               
1100114GF0000001,AVVCV4.5M           ,1.0,250.0,條   ,100.0,250.0,100.0,4.0,AV訊號線4.5M                                                   
1100114GF0000001,52R                 ,1.0,450.0,各   ,100.0,450.0,100.0,1.0,照地鏡                                                         
1100115GF0000002,ERQ80D232Q          ,1.0,3000.0,各   ,2400.0,3000.0,100.0,8.0,國際牌80D23L電瓶                                                 
1100115GF0000002,NOIDNRMG18          ,1.0,300.0,支   ,100.0,300.0,100.0,9.0,NOID三節雨刷 18吋                                                
1100115GF0000002,NOIDNRMG22          ,1.0,300.0,支   ,100.0,300.0,100.0,10.0,NOID三節雨刷 22吋                                                
1100115GF0000002,TURBOH11            ,1.0,2000.0,組   ,1200.0,2000.0,100.0,11.0,TURBO H11 LED燈泡                                             
1100115GF0000002,ABTE035             ,1.0,1400.0,組   ,900.0,1400.0,100.0,6.0,炫彩空氣清淨機                                                     
1100116GF0000001,VTRXF2T             ,1.0,650.0,各   ,200.0,650.0,100.0,5.0,行車記錄器電池                                                     
1100116GF0000001,1RQD                ,0.5,600.0,組   ,150.0,600.0,100.0,6.0,白金牌框                                                        
1100115GF0000002,VBDG2A              ,1.0,300.0,各   ,130.0,300.0,100.0,12.0,向日葵水鍍膜                                                      
1100115GF0000002,6BCA                ,0.5,100.0,包   ,30.0,100.0,100.0,13.0,6入海棉                                                        
1100116GF0000001,12VATA1E2           ,1.0,800.0,組   ,260.0,800.0,100.0,2.0,八代喜美長毛避光墊                                                   
1100116GF0000001,ABROZVQU            ,1.0,200.0,罐   ,100.0,200.0,100.0,3.0,ABRO方向盤油(含止漏)                                               
1100118GF0000001,CHEERS1540RU        ,3.0,750.0,罐   ,100.0,750.0,100.0,6.0,CHEERS 15/40機油                                              
1100118GF0000001,RSCUV               ,1.0,70.0,各   ,40.0,70.0,100.0,7.0,嘉年華油芯                                                       
1100118GF0000001,3D1F1               ,1.0,200.0,支   ,110.0,200.0,100.0,8.0,3D補漆筆                                                       
1100121GF0000001,2VY                 ,1.0,100.0,個   ,15.0,100.0,100.0,4.0,單芯座                                                         
1100121GF0000001,ZEROVRMG20          ,1.0,850.0,支   ,350.0,850.0,100.0,1.0,ZERO矽膠雨刷20吋                                                 
1100121GF0000001,ZEROVRMG26          ,1.0,1000.0,支   ,415.0,1000.0,100.0,2.0,ZERO 26吋矽膠雨刷                                                
1100121GF0000001,TAA091              ,1.0,599.0,組   ,260.0,599.0,100.0,10.0,後車廂防碰護條-防護大師                                                
1100121GF0000001,VBDXEX              ,1.0,100.0,罐   ,55.0,100.0,100.0,11.0,向日葵橘油亮光蠟  [車牌]                                             
1100122GF0000001,VBDUMN              ,1.0,600.0,罐   ,300.0,600.0,100.0,3.0,向日葵釉元素                                                      
1100122GF0000001,3D1F1               ,1.0,200.0,支   ,110.0,200.0,100.0,4.0,3D補漆筆                                                       
1100122GF0000001,KY330FE             ,1.0,270.0,組   ,120.0,270.0,100.0,5.0,KY-330旗桿                                                    
1100122GF0000001,RSEN56ZVQW          ,1.0,500.0,條   ,250.0,500.0,100.0,1.0,RSEN-56牛皮方向盤套                                               
1100123GF0000002,NOIDNRMG18          ,1.0,300.0,支   ,100.0,300.0,100.0,6.0,NOID三節雨刷 18吋                                                
1100123GF0000002,NOIDNRMG20          ,1.0,300.0,組   ,100.0,300.0,100.0,7.0,NOID三節雨刷 20吋                                                
1100123GF0000002,T20GV2Q             ,1.0,70.0,各   ,16.0,70.0,100.0,4.0,T20雙芯燈泡                                                     
1100123GF0000002,RH47WCRQFE          ,1.0,1100.0,組   ,650.0,1100.0,100.0,1.0,冶鐵排氣管                                                       
1100125GF0000001,1VNV                ,5.0,10.0,各   ,1.0,10.0,100.0,7.0,保險絲(小)                                                      
1100123GF0000002,HY885UTF            ,1.0,400.0,組   ,145.0,400.0,100.0,8.0,HY-885鑰匙圈                                                   
1100118GF0000001,GN757               ,1.0,150.0,張   ,35.0,150.0,100.0,4.0,立體卡夢貼紙                                                      
1100118GF0000001,XVDFV               ,1.0,350.0,各   ,150.0,350.0,100.0,1.0,領袖空氣芯                                                       
1100118GF0000001,3MCUFFVR            ,1.0,250.0,罐   ,60.0,250.0,100.0,2.0,3M化油器清洗劑(8896)                                              
1100120GF0000001,EY                  ,1.0,50.0,次   ,0.0,50.0,100.0,2.0,工資                                                          
1100120GF0000001,AL5003TY-CU         ,1.0,350.0,組   ,150.0,350.0,100.0,3.0,AL-5003車載二合一                                                
1100120GF0000001,PS252F25U           ,1.0,250.0,組   ,78.0,250.0,100.0,4.0,PS-252前檔遮陽隔熱紙                                               
1100120GF0000001,3D1F1               ,1.0,200.0,支   ,110.0,200.0,100.0,5.0,3D補漆筆                                                       
1100120GF0000001,AFL5050FH           ,5.0,550.0,條   ,98.1,550.0,100.0,6.0,[車牌]12七彩LED                                             
1100120GF0000001,RSENGR16R           ,1.0,350.0,組   ,80.0,350.0,100.0,7.0,RSEN雙尖室內燈16晶                                                
1100120GF0000001,EY                  ,1.0,200.0,次   ,0.0,200.0,100.0,8.0,工資                                                          
1100120GF0000001,FCOUSUV             ,2.0,230.0,各   ,100.0,230.0,100.0,9.0,FCOUS油芯                                                     
1100121GF0000001,NOIDNRMG24          ,1.0,400.0,支   ,100.0,400.0,100.0,6.0,NOID三節雨刷 24吋                                                
1100121GF0000001,CHEERS1540RU        ,4.0,300.0,罐   ,100.0,300.0,100.0,7.0,CHEERS 15/40機油                                              
1100121GF0000001,2V2Q                ,1.0,50.0,各   ,3.0,50.0,100.0,8.0,單芯燈泡                                                        
1100121GF0000001,T10552              ,2.0,50.0,各   ,1.0,50.0,100.0,9.0,T10中炸彈                                                      
1100125GF0000001,2VCQ2Q              ,1.0,50.0,各   ,15.0,50.0,100.0,8.0,單芯琥珀燈泡                                                      
1100125GF0000001,V1                  ,1.0,1000.0,組   ,400.0,1000.0,100.0,3.0,線包                                                          
1100125GF0000001,EY                  ,1.0,1000.0,次   ,0.0,1000.0,100.0,4.0,工資                                                          
1100125GF0000001,AV5F2               ,1.0,650.0,組   ,250.0,650.0,100.0,5.0,AV轉換附啟動                                                     
1100125GF0000001,FAGEUW1.4           ,1.0,450.0,捲   ,180.0,450.0,100.0,1.0,氣密式隔音條1.4                                                   
1100126GF0000001,EY                  ,1.0,200.0,次   ,0.0,200.0,100.0,11.0,工資                                                          
1100126GF0000001,MP35CG              ,1.0,1000.0,組   ,480.0,1000.0,100.0,12.0,MP3轉換器                                                      
1100126GF0000001,VBDTF1              ,1.0,60.0,條   ,20.0,60.0,100.0,8.0,向日葵擦拭布                                                      
1100126GF0000001,9080GAR             ,1.0,100.0,張   ,30.0,100.0,100.0,9.0,NO-90803M雙面膠                                                
1100126GF0000001,SF12501VNY          ,2.0,100.0,組   ,15.0,100.0,100.0,6.0,SF-1250保險絲座                                                 
1100126GF0000001,DEW32               ,1.0,150.0,各   ,25.0,150.0,100.0,4.0,鐵桿３段式開關                                                     
1100127GF0000001,CHEERS1540RU        ,2.0,300.0,罐   ,100.0,300.0,100.0,14.0,CHEERS 15/40機油                                              
1100127GF0000001,STPRU5XR            ,1.0,400.0,罐   ,150.0,400.0,100.0,15.0,STP機油止漏劑                                                    
1100127GF0000001,H1135W22Q           ,1.0,120.0,各   ,0.0,120.0,100.0,11.0,H11 35W燈泡                                                   
1100127GF0000001,H11OSARM2Q          ,1.0,240.0,各   ,120.0,240.0,100.0,12.0,H11 OSARM燈泡                                                 
1100127GF0000001,TYPERH7CR2Q         ,1.0,1000.0,組   ,170.0,1000.0,100.0,8.0,TYPE-R H7黃金燈泡                                               
1100127GF0000001,RSENH72HY           ,1.0,300.0,組   ,70.0,300.0,100.0,9.0,RSEN H7陶瓷座                                                  
1100127GF0000001,AFL5050FH           ,1.0,400.0,條   ,98.1,400.0,100.0,4.0,[車牌]12七彩LED                                             
1100127GF0000001,1VNY                ,1.0,100.0,各   ,100.0,100.0,100.0,5.0,圓保險絲座                                                       
1100127GF0000001,CHY1688             ,1.0,1200.0,組   ,450.0,1200.0,100.0,2.0,[車牌]老鷹方向盤鎖                                              
1100128GF0000001,NOIDNRMG18          ,1.0,300.0,支   ,100.0,300.0,100.0,3.0,NOID三節雨刷 18吋                                                
1100128GF0000001,3D1F1               ,1.0,200.0,支   ,110.0,200.0,100.0,4.0,3D補漆筆                                                       
1100128GF0000001,TYPERH4CR           ,1.0,1000.0,組   ,170.0,1000.0,100.0,1.0,TYPE-R H4黃金燈泡                                               
1100129GF0000001,TYPERH4CR           ,1.0,1000.0,組   ,170.0,1000.0,100.0,10.0,TYPE-R H4黃金燈泡                                               
1100129GF0000001,2V2Q                ,1.0,100.0,各   ,3.0,100.0,100.0,11.0,單芯燈泡                                                        
1100129GF0000001,GV2Q                ,2.0,100.0,各   ,3.5,100.0,100.0,12.0,雙芯燈泡                                                        
1100129GF0000001,VINA225XR           ,1.0,350.0,組   ,150.0,350.0,100.0,13.0,VINA大燈增亮劑                                                   
1100129GF0000001,2VCQ2Q              ,2.0,150.0,各   ,15.0,150.0,100.0,14.0,單芯琥珀燈泡                                                      
1100129GF0000001,AL5003TY-CU         ,1.0,350.0,組   ,150.0,350.0,100.0,7.0,AL-5003車載二合一                                                
1100129GF0000001,A094                ,1.0,550.0,條   ,100.0,550.0,100.0,8.0,A094方向盤套                                                    
1100206GF0000001,VBDXEX              ,1.0,100.0,罐   ,55.0,100.0,100.0,15.0,向日葵橘油亮光蠟  [車牌]                                             
1100206GF0000001,VBD1UFRR            ,1.0,250.0,罐   ,70.0,250.0,100.0,16.0,向日葵柏油清潔劑                                                    
1100206GF0000001,REYX2AX             ,1.0,450.0,罐   ,185.0,450.0,100.0,17.0,極光棕梠鍍膜蠟                                                     
1100206GF0000001,VBDV1XCA            ,1.0,50.0,各   ,0.0,50.0,100.0,18.0,向日葵洗不爛海棉                                                    
1100206GF0000001,ZEROVRMG24          ,1.0,1100.0,支   ,415.0,1100.0,100.0,6.0,ZERO矽膠雨刷24吋                                                 
1100206GF0000001,ZJTUA               ,1.0,300.0,罐   ,85.0,300.0,100.0,7.0,防霧除油膜                                                       
1100206GF0000001,ZERO14VRMG          ,1.0,800.0,支   ,290.0,800.0,100.0,19.0,ZERO矽膠雨刷14吋                                                 
1100206GF0000001,2UFY4.8A            ,1.0,500.0,組   ,290.0,500.0,100.0,20.0,點煙座 4.8A 12V NIKE                                           
1100206GF0000001,NOIDNRMG24          ,1.0,400.0,支   ,100.0,400.0,100.0,21.0,NOID三節雨刷 24吋                                                
1100206GF0000001,NOIDNRMG16          ,1.0,250.0,支   ,100.0,250.0,100.0,22.0,NOID三節雨刷 16吋                                                
1100206GF0000001,J00342              ,1.0,400.0,支   ,130.0,400.0,100.0,23.0,J00342後雨刷 LEXUS                                             
1100206GF0000001,H11OSARM2Q          ,1.0,400.0,各   ,120.0,400.0,100.0,24.0,H11 OSARM燈泡                                                 
1100206GF0000001,                    ,0.0,0.0,,0.0,0.0,,25.0,
1100206GF0000001,22EW2               ,2.0,200.0,片   ,75.0,200.0,100.0,4.0,大豆干踏墊                                                       
1100206GF0000001,PNSSFIN0010F2D      ,1.0,200.0,組   ,45.0,200.0,100.0,2.0,多功能安全帶扣                                                     
1100207GF0000001,VBDSAA1X            ,1.0,550.0,罐   ,280.0,550.0,100.0,3.0,向日葵奈米美白蠟                                                    
1100201GF0000001,CREQX               ,1.0,100.0,罐   ,60.0,100.0,100.0,10.0,黑金剛噴蠟                                                       
1100201GF0000001,T20GV2Q             ,2.0,100.0,各   ,16.0,100.0,100.0,8.0,T20雙芯燈泡                                                     
1100201GF0000001,05AY2FMT            ,1.0,450.0,組   ,170.0,450.0,100.0,4.0,05馬自達晴雨窗                                                    
1100201GF0000001,T20Y                ,1.0,200.0,各   ,20.0,200.0,100.0,5.0,T20燈座                                                       
1100201GF0000001,RSENH72HY           ,1.0,350.0,組   ,50.0,350.0,100.0,6.0,RSEN H7陶瓷座                                                  
1100201GF0000001,H1135W22Q           ,1.0,150.0,各   ,0.0,150.0,100.0,1.0,H11 35W燈泡                                                   
1100201GF0000001,3D1F1               ,1.0,200.0,支   ,110.0,200.0,100.0,2.0,3D補漆筆                                                       
1100202GF0000001,ABROTA1CQX          ,1.0,350.0,罐   ,130.0,350.0,100.0,4.0,ABRO車身保護噴蠟                                                  
1100202GF0000001,39MMGS2             ,2.0,70.0,各   ,12.0,70.0,100.0,1.0,39MM室內燈                                                     
1100202GF0000001,PNSPM001            ,1.0,300.0,組   ,65.0,300.0,100.0,5.0,高級美容魔術黏土                                                    
1100202GF0000001,YH370FES2XEN        ,1.0,2700.0,組   ,1750.0,2700.0,100.0,6.0,YH-370全功能電力公司                                               
1100202GF0000001,C13.12UTY           ,1.0,300.0,組   ,0.0,300.0,100.0,7.0,C-1 3.1USB電壓插頭                                              
1100203GF0000001,VBDXEX              ,3.0,100.0,罐   ,55.0,100.0,100.0,6.0,向日葵橘油亮光蠟  [車牌]                                             
1100203GF0000001,T20GV2Q             ,2.0,70.0,各   ,16.0,70.0,100.0,7.0,T20雙芯燈泡                                                     
1100202GF0000001,5H2XR5Q             ,1.0,350.0,各   ,90.0,350.0,100.0,8.0,5吋打蠟機轉盤                                                     
1100203GF0000001,H355W2Q             ,1.0,100.0,各   ,28.0,100.0,100.0,8.0,H3 55W燈泡                                                    
1100203GF0000001,PNSHG03             ,1.0,200.0,組   ,20.0,200.0,100.0,4.0,萬用掛勾 後頭枕 無私角                                                
1100203GF0000001,EY                  ,1.0,300.0,次   ,0.0,300.0,100.0,1.0,工資                                                          
1100203GF0000001,RSENH118000K        ,1.0,800.0,各   ,150.0,800.0,100.0,2.0,RSEN H11 8000K燈泡                                            
1100203GF0000001,WF55D23L2Q          ,1.0,2400.0,各   ,1800.0,2400.0,100.0,3.0,湯淺55D23電瓶                                                   
1100205GF0000001,3D1F1               ,1.0,200.0,支   ,110.0,200.0,100.0,3.0,3D補漆筆                                                       
1100205GF0000001,5HSWGQE             ,1.0,150.0,組   ,55.0,150.0,100.0,4.0,5吋黏扣式拋光                                                     
1100205GF0000001,SP5083FY            ,1.0,150.0,組   ,65.0,150.0,100.0,5.0,SP-5083S充氣口氣嘴                                               
1100205GF0000001,EY                  ,1.0,200.0,次   ,0.0,200.0,100.0,2.0,工資                                                          
1100205GF0000001,YZ618R1F            ,1.0,1300.0,組   ,450.0,1300.0,100.0,6.0,YZ-618警報器                                                   
1100206GF0000001,GV2Q                ,2.0,10.0,各   ,3.5,10.0,100.0,12.0,雙芯燈泡                                                        
1100206GF0000001,VYRXFVQ             ,1.0,250.0,各   ,120.0,250.0,100.0,13.0,行車記錄器吸盤                                                     
1100206GF0000001,PNS5H2XR            ,1.0,1900.0,組   ,1050.0,1900.0,100.0,9.0,PNS-5吋打蠟機                                                   
1100206GF0000001,5HMVGXCA            ,1.0,100.0,各   ,50.0,100.0,100.0,10.0,5吋圓形上蠟海棉                                                    
1100206GF0000001,5HSWGQE             ,1.0,200.0,組   ,55.0,200.0,100.0,14.0,5吋黏扣式拋光                                                     
1100129GF0000001,PNSHDF16            ,1.0,250.0,組   ,0.0,250.0,100.0,5.0,重力手機架                                                       
1100129GF0000001,PNSE015             ,1.0,350.0,組   ,100.0,350.0,100.0,3.0,90彎度TYPE-C手機線                                               
1100129GF0000001,PNSS25              ,1.0,450.0,組   ,170.0,450.0,100.0,15.0,S24大功率三孔插座四USB4.8A                                          
1100129GF0000001,RSEN02F             ,1.0,1000.0,各   ,400.0,1000.0,100.0,1.0,RSEN安定器                                                     
1100130GF0000001,ERQ56220            ,1.0,3300.0,各   ,2650.0,3300.0,100.0,8.0,國際牌56220電瓶                                                  
1100130GF0000001,NOIDNRMG18          ,1.0,300.0,支   ,100.0,300.0,100.0,9.0,NOID三節雨刷 18吋                                                
1100130GF0000001,NOIDNRMG20          ,1.0,300.0,組   ,100.0,300.0,100.0,10.0,NOID三節雨刷 20吋                                                
1100130GF0000001,EY                  ,1.0,300.0,次   ,0.0,300.0,100.0,6.0,工資                                                          
1100130GF0000001,ZXDFMT              ,1.0,550.0,組   ,170.0,550.0,100.0,4.0,菲利卡晴雨窗                                                      
1100130GF0000001,3D1F1               ,1.0,200.0,支   ,110.0,200.0,100.0,1.0,3D補漆筆                                                       
1100130GF0000001,1W                  ,1.0,100.0,組   ,55.0,100.0,100.0,2.0,補土                                                          
1100130GF0000001,ERQ55D23L2Q         ,1.0,2700.0,各   ,2100.0,2700.0,100.0,11.0,國際牌55D23L電瓶                                                 
1100130GF0000001,SF0028A1D           ,1.0,100.0,組   ,28.0,100.0,100.0,12.0,SF-0028門邊扣                                                  
1100201GF0000001,T202V2Q             ,1.0,100.0,各   ,16.0,100.0,100.0,12.0,T20單芯燈泡                                                     
1100201GF0000001,ZU                  ,1.0,350.0,次   ,0.0,350.0,100.0,13.0,廢油                                                          
1100207GF0000001,VBD2XAF             ,1.0,100.0,組   ,50.0,100.0,100.0,4.0,向日葵打蠟棉球                                                     
1100207GF0000001,ZEROHUR             ,1.0,400.0,罐   ,180.0,400.0,100.0,1.0,ZERO柴油精                                                     
1100208GF0000001,ZEROAMN+RFC         ,1.0,850.0,罐   ,320.0,850.0,100.0,1.0,ZERO鉬元素+噴油嘴除扣劑                                              
1100208GF0000001,EY                  ,1.0,650.0,次   ,0.0,650.0,100.0,2.0,工資                                                          
1100209GF0000001,6H2XCA              ,2.0,130.0,各   ,60.0,130.0,100.0,20.0,6吋打蠟海綿                                                      
1100209GF0000001,6HSDGQE             ,2.0,150.0,組   ,65.0,150.0,100.0,21.0,6吋黏貼式拋光                                                     
1100209GF0000001,CWTZVBCR            ,1.0,300.0,罐   ,60.0,300.0,100.0,18.0,黑頭車防鏽潤滑劑                                                    
1100209GF0000001,VTRXF2MV            ,1.0,600.0,組   ,150.0,600.0,100.0,22.0,行車記錄器電源抗干擾                                                  
1100209GF0000001,C.XXWB              ,1.0,200.0,罐   ,50.0,200.0,100.0,15.0,黑又亮輪胎乳                                                      
1100209GF0000001,12VA2-              ,1.0,280.0,各   ,150.0,280.0,100.0,16.0,八大喜美吊耳                                                      
1100209GF0000001,GJGXWCA             ,1.0,300.0,組   ,120.0,300.0,100.0,13.0,手握式輪胎海棉                                                     
1100209GF0000001,ZEROVRMG20          ,1.0,900.0,支   ,350.0,900.0,100.0,9.0,ZERO矽膠雨刷20吋                                                 
1100209GF0000001,ZEROVRMG26          ,1.0,1000.0,支   ,415.0,1000.0,100.0,10.0,ZERO 26吋矽膠雨刷                                                
1100209GF0000001,KSTAR348CMG         ,1.0,390.0,支   ,140.0,390.0,100.0,11.0,K-STAR 348後雨刷                                               
1100209GF0000001,3D1F1               ,1.0,200.0,支   ,110.0,200.0,100.0,6.0,3D補漆筆                                                       
1100223GF0000001,MP35CG              ,1.0,1000.0,組   ,480.0,1000.0,100.0,3.0,MP3轉換器                                                      
1100223GF0000001,2UVG                ,2.0,300.0,罐   ,150.0,300.0,100.0,4.0,典雅香水                                                        
1100222GF0000001,VYRXFVQ             ,1.0,250.0,各   ,120.0,250.0,100.0,3.0,行車記錄器吸盤                                                     
1100222GF0000001,NOID36GS2           ,1.0,550.0,組   ,250.0,550.0,100.0,4.0,NOID 36MM室內燈                                                
1100223GF0000001,PS255R2W            ,1.0,200.0,組   ,78.0,200.0,100.0,1.0,PS-255靜電貼                                                   
1100224GF0000001,SAXO5W50            ,1.0,600.0,罐   ,240.0,600.0,100.0,8.0,SAXO 5W/50機油                                                
1100224GF0000001,RSENGVR             ,1.0,200.0,罐   ,80.0,200.0,100.0,9.0,RSEN水箱精                                                     
1100224GF0000001,3D1F1               ,2.0,200.0,支   ,110.0,200.0,100.0,6.0,3D補漆筆                                                       
1100224GF0000001,RSENH42TY           ,1.0,150.0,組   ,70.0,150.0,100.0,4.0,RSEN H4陶瓷座                                                  
1100224GF0000001,PNSENA1322          ,1.0,500.0,各   ,200.0,500.0,100.0,2.0,PNS-ENA機車大燈                                                 
1100225GF0000001,3M2CM               ,1.0,200.0,捲   ,75.0,200.0,100.0,1.0,3M膠*2CM                                                     
1100226GF0000001,T10552              ,5.0,10.0,各   ,1.0,10.0,100.0,3.0,T10中炸彈                                                      
1100226GF0000001,2MT                 ,2.0,100.0,各   ,0.0,100.0,100.0,4.0,電源夾(小)                                                      
1100226GF0000001,XY2                 ,1.0,450.0,各   ,230.0,450.0,100.0,1.0,藍坐墊                                                         
1100227GF0000001,RT7A2Q              ,1.0,950.0,各   ,550.0,950.0,100.0,8.0,機車7A電瓶                                                      
1100209GF0000001,TAA089              ,1.0,499.0,組   ,260.0,499.0,100.0,7.0,卡夢防碰條                                                       
1100209GF0000001,HY662               ,2.0,1100.0,組   ,520.0,1100.0,100.0,4.0,HY-662簡便連結式椅套                                               
1100209GF0000001,PNSSUN07            ,1.0,399.0,組   ,200.0,399.0,100.0,2.0,SUN-SUN07磁吸軌式隔熱網/4入                                         
1100210GF0000001,LK1VTRXF            ,1.0,1999.0,組   ,1000.0,1999.0,100.0,5.0,LK-1行車記錄器                                                   
1100210GF0000001,16322T              ,2.0,150.0,各   ,25.0,150.0,100.0,6.0,1632電池                                                      
1100210GF0000001,CREQX               ,1.0,100.0,罐   ,60.0,100.0,100.0,7.0,黑金剛噴蠟                                                       
1100210GF0000001,NOIDNRMG18          ,1.0,300.0,支   ,100.0,300.0,100.0,8.0,NOID三節雨刷 18吋                                                
1100210GF0000001,NOIDNRMG22          ,1.0,350.0,支   ,100.0,350.0,100.0,9.0,NOID三節雨刷 22吋                                                
1100210GF0000001,KSTAR246CMG         ,1.0,400.0,支   ,140.0,400.0,100.0,10.0,K-STAR 346後雨刷                                               
1100210GF0000001,NOIDNRMG18          ,1.0,300.0,支   ,100.0,300.0,100.0,1.0,NOID三節雨刷 18吋                                                
1100210GF0000001,NOIDNRMG24          ,1.0,400.0,支   ,100.0,400.0,100.0,2.0,NOID三節雨刷 24吋                                                
1100210GF0000001,RSEN56ZVQW          ,1.0,600.0,條   ,250.0,600.0,100.0,3.0,RSEN-56牛皮方向盤套                                               
1100210GF0000001,VBDXEX              ,1.0,100.0,罐   ,55.0,100.0,100.0,11.0,向日葵橘油亮光蠟  [車牌]                                             
1100210GF0000001,RSENGR16R           ,1.0,350.0,組   ,80.0,350.0,100.0,12.0,RSEN雙尖室內燈16晶                                                
1100210GF0000001,1VNV                ,2.0,10.0,各   ,1.0,10.0,100.0,13.0,保險絲(小)                                                      
1100210GF0000001,EY                  ,1.0,130.0,次   ,0.0,130.0,100.0,14.0,工資                                                          
1100310GF0000001,1000APRTV           ,1.0,750.0,組   ,350.0,750.0,100.0,12.0,[車牌]救車線                                                   
1100310GF0000001,PNSSUN007           ,1.0,300.0,組   ,90.0,300.0,100.0,9.0,車窗遮陽防蚊罩                                                     
1100310GF0000001,EY                  ,1.0,300.0,次   ,0.0,300.0,100.0,4.0,工資                                                          
1100310GF0000001,593GUSBY            ,1.0,400.0,組   ,140.0,400.0,100.0,5.0,593雙USB一分三座載充(黑白)                                           
1100310GF0000001,1VNY                ,5.0,10.0,各   ,100.0,10.0,100.0,6.0,圓保險絲座                                                       
1100310GF0000001,PNSE013             ,1.0,200.0,組   ,100.0,200.0,100.0,7.0,90度Android線頭                                                
1100310GF0000001,PNSS23TY            ,1.0,300.0,組   ,120.0,300.0,100.0,1.0,車用單孔插座+雙USB                                                 
1100310GF0000001,PNSE013             ,1.0,200.0,組   ,100.0,200.0,100.0,2.0,90度Android線頭                                                
1100311GF0000001,PNSPKM03            ,1.0,300.0,組   ,100.0,300.0,100.0,1.0,機車專用手機架4.5-5.5吋                                             
1100311GF0000001,2QG                 ,2.0,35.0,罐   ,15.0,35.0,100.0,2.0,電瓶水                                                         
1100311GF0000001,6BCA                ,0.5,100.0,包   ,30.0,100.0,100.0,3.0,6入海棉                                                        
1100311GF0000001,3D1F1               ,1.0,200.0,支   ,110.0,200.0,100.0,4.0,3D補漆筆                                                       
1100311GF0000001,EY                  ,1.0,300.0,次   ,0.0,300.0,100.0,5.0,工資                                                          
1100312GF0000001,UX0GVR              ,1.0,200.0,罐   ,80.0,200.0,100.0,4.0,亞力安水箱精                                                      
1100312GF0000001,PNSPM001            ,1.0,300.0,組   ,65.0,300.0,100.0,5.0,高級美容魔術黏土                                                    
1100316GF0000001,CWTGXCMR            ,1.0,300.0,罐   ,60.0,300.0,100.0,6.0,黑頭車朔料還原劑                                                    
1100316GF0000001,EY                  ,1.0,450.0,次   ,0.0,450.0,100.0,7.0,工資                                                          
1100316GF0000001,XP572ZRV            ,1.0,999.0,組   ,280.0,999.0,100.0,8.0,XP-572負極線                                                   
1100316GF0000001,GV2Q                ,4.0,10.0,各   ,3.5,10.0,100.0,9.0,雙芯燈泡                                                        
1100316GF0000001,LY6025MR            ,1.0,40.0,組   ,20.0,40.0,100.0,4.0,LY-602中圓鏡                                                   
1100316GF0000001,MR004               ,1.0,450.0,組   ,180.0,450.0,100.0,1.0,圓形反光片-黃光 冰藍/黃光 LED燈                                         
1100316GF0000001,ZXR                 ,1.0,100.0,罐   ,58.0,100.0,100.0,2.0,防落膠                                                         
1100317GF0000002,V33GRR              ,1.0,300.0,組   ,100.0,300.0,100.0,8.0,V33手機架                                                      
1100317GF0000002,RSENUE14H           ,1.0,200.0,支   ,70.0,200.0,100.0,9.0,RSEN14吋硬骨雨刷                                                 
1100317GF0000002,J00346              ,1.0,400.0,支   ,130.0,400.0,100.0,10.0,J00346後雨刷 WISH                                              
1100317GF0000002,RSENUE26MG          ,1.0,400.0,支   ,70.0,400.0,100.0,6.0,RSEN 硬式 26吋雨刷                                               
1100318GF0000001,EY                  ,1.0,200.0,次   ,0.0,200.0,100.0,1.0,工資                                                          
1100317GF0000002,EY                  ,1.0,550.0,次   ,0.0,550.0,100.0,2.0,工資                                                          
1100317GF0000002,SP5083FY            ,1.0,150.0,組   ,65.0,150.0,100.0,3.0,SP-5083S充氣口氣嘴                                               
1100317GF0000002,2V2Q                ,5.0,10.0,各   ,3.0,10.0,100.0,4.0,單芯燈泡                                                        
1100211GF0000001,SAXO5W50            ,1.0,600.0,罐   ,240.0,600.0,100.0,1.0,SAXO 5W/50機油                                                
1100210GF0000001,TYPERH4CR           ,1.0,1000.0,組   ,170.0,1000.0,100.0,15.0,TYPE-R H4黃金燈泡                                               
1100211GF0000001,XFXJALTIS           ,1.0,400.0,各   ,150.0,400.0,100.0,2.0,冷氣濾網 ALTIS                                                  
1100215GF0000001,EY                  ,1.0,300.0,次   ,0.0,300.0,100.0,1.0,工資                                                          
1100217GF0000001,GRGS2               ,2.0,10.0,各   ,2.0,10.0,100.0,1.0,雙尖室內燈                                                       
1100217GF0000001,V33GRR              ,1.0,300.0,組   ,100.0,300.0,100.0,2.0,V33手機架                                                      
1100217GF0000001,PNSFB001            ,1.0,1099.0,組   ,520.0,1099.0,100.0,3.0,磁吸面紙盒 碳纖維黑色                                                 
1100219GF0000001,RSEND26000K         ,1.0,1000.0,各   ,250.0,1000.0,100.0,5.0,RSEN D2 6000K燈泡                                             
1100219GF0000001,NOIDNRMG18          ,1.0,300.0,支   ,100.0,300.0,100.0,6.0,NOID三節雨刷 18吋                                                
1100219GF0000001,V18H11LED           ,1.0,3000.0,組   ,1700.0,3000.0,100.0,1.0,V18 H11 LED大燈                                               
1100219GF0000001,RT2Q7A              ,1.0,900.0,各   ,550.0,900.0,100.0,2.0,機車電瓶                                                        
1100219GF0000001,TYPERH4CR           ,1.0,1200.0,組   ,170.0,1200.0,100.0,3.0,TYPE-R H4黃金燈泡                                               
1100219GF0000001,UADMGR              ,1.0,150.0,罐   ,60.0,150.0,100.0,7.0,優馬克雨刷精                                                      
1100222GF0000001,T10552              ,2.0,10.0,各   ,1.0,10.0,100.0,1.0,T10中炸彈                                                      
1100222GF0000001,VBDVATX             ,1.0,200.0,罐   ,65.0,200.0,100.0,2.0,向日葵細目粗蠟                                                     
1100317GF0000002,G18.52Q             ,5.0,20.0,各   ,2.5,20.0,100.0,11.0,G18.5燈泡                                                     
1100317GF0000002,1GGLCTA1E2          ,1.0,1000.0,組   ,300.0,1000.0,100.0,12.0,賓士 GLC-200長毛避光墊                                             
1100318GF0000001,UX02XZVQU           ,1.0,250.0,罐   ,100.0,250.0,100.0,2.0,亞力安動力方向盤油                                                   
1100319GF0000001,MCJVY2              ,3.0,750.0,組   ,330.0,750.0,100.0,4.0,遠紅外線竹炭極品座墊                                                  
1100319GF0000001,LHR201              ,1.0,750.0,組   ,350.0,750.0,100.0,5.0,5D透明墊                                                       
1100319GF0000001,ABTA0401R+GR        ,1.0,332.0,組   ,200.0,332.0,100.0,2.0,ABT A040伸縮手機架                                               
1100319GF0000001,H4OSRAM2Q           ,1.0,500.0,各   ,48.0,500.0,100.0,6.0,H4 OSRAM燈泡                                                  
1100322GF0000001,SAXO5W50            ,1.0,600.0,罐   ,240.0,600.0,100.0,6.0,SAXO 5W/50機油                                                
1100322GF0000001,RSENUE26MG          ,1.0,400.0,支   ,70.0,400.0,100.0,7.0,RSEN 硬式 26吋雨刷                                               
1100322GF0000001,T20GV2Q             ,2.0,100.0,各   ,16.0,100.0,100.0,8.0,T20雙芯燈泡                                                     
1100322GF0000001,RSENUG12H           ,1.0,250.0,支   ,70.0,250.0,100.0,4.0,RSEN 硬式12吋雨刷                                                
1100322GF0000001,NOIDNRMG18          ,1.0,300.0,支   ,100.0,300.0,100.0,1.0,NOID三節雨刷 18吋                                                
1100322GF0000001,NOIDNRMG20          ,1.0,300.0,組   ,100.0,300.0,100.0,2.0,NOID三節雨刷 20吋                                                
1100323GF0000001,NOIDNRMG16          ,1.0,250.0,支   ,100.0,250.0,100.0,6.0,NOID三節雨刷 16吋                                                
1100412GF0000001,S5RTA1E2            ,1.0,500.0,組   ,210.0,500.0,100.0,2.0,納智傑長毛避光墊                                                    
1100312GF0000001,9006OSRAM           ,1.0,400.0,各   ,90.0,400.0,100.0,2.0,[車牌]AM燈泡                                                
1100313GF0000001,VXTWAF5             ,1.0,300.0,組   ,90.0,300.0,100.0,10.0,休旅車透明前遮                                                     
1100313GF0000001,8H2G24V             ,1.0,650.0,組   ,280.0,650.0,100.0,11.0,8吋 24V電扇                                                    
1100313GF0000001,07EAXFMT            ,1.0,450.0,組   ,170.0,450.0,100.0,8.0,07冠美麗(前)晴雨窗                                                 
1100313GF0000001,06AY23CXE           ,2.0,900.0,各   ,600.0,900.0,100.0,5.0,06馬自達3後拉桿                                                   
1100313GF0000001,06AYW3C2Y           ,1.0,300.0,各   ,150.0,300.0,100.0,6.0,06馬自達3蝴蝶座                                                   
1100313GF0000001,CREQX               ,1.0,100.0,罐   ,60.0,100.0,100.0,3.0,黑金剛噴蠟                                                       
1100313GF0000001,GV.E2Q              ,2.0,100.0,各   ,0.0,100.0,100.0,1.0,歐規雙芯燈泡                                                      
1100315GF0000001,LY903               ,1.0,80.0,組   ,25.0,80.0,100.0,9.0,LY-903大圓鏡                                                   
1100315GF0000001,RSENT105630         ,1.0,400.0,卡   ,120.0,400.0,100.0,10.0,RSEN T10 5630 10燈                                           
1100315GF0000001,MP35CG              ,1.0,1000.0,組   ,480.0,1000.0,100.0,8.0,MP3轉換器                                                      
1100315GF0000001,16322T              ,4.0,150.0,各   ,25.0,150.0,100.0,11.0,1632電池                                                      
1100315GF0000001,T10552              ,1.0,100.0,各   ,1.0,100.0,100.0,12.0,T10中炸彈                                                      
1100315GF0000001,AFL5050FH           ,2.0,250.0,條   ,98.1,250.0,100.0,6.0,[車牌]12七彩LED                                             
1100315GF0000001,FUVE                ,1.0,300.0,各   ,150.0,300.0,100.0,4.0,汽油箱蓋通用                                                      
1100227GF0000001,RFD                 ,1.0,500.0,各   ,150.0,500.0,100.0,9.0,進氣口                                                         
1100301GF0000001,T202V2Q             ,1.0,70.0,各   ,16.0,70.0,100.0,1.0,T20單芯燈泡                                                     
1100227GF0000001,VBDVATX             ,1.0,200.0,罐   ,65.0,200.0,100.0,3.0,向日葵細目粗蠟                                                     
1100227GF0000001,RSENGVR             ,1.0,100.0,罐   ,80.0,100.0,100.0,4.0,RSEN水箱精                                                     
1100227GF0000001,3MR1CM              ,1.0,100.0,卷   ,50.0,100.0,100.0,5.0,3M膠*1CM                                                     
1100227GF0000001,5SR                 ,1.0,200.0,各   ,60.0,200.0,100.0,6.0,助黏劑                                                         
1100227GF0000001,TYPERH1CR2Q         ,1.0,700.0,組   ,170.0,700.0,100.0,1.0,TYPE-R H1黃金燈泡                                               
1100301GF0000001,SP702               ,1.0,200.0,罐   ,100.0,200.0,100.0,2.0,SP-702電動窗潤滑劑                                                
1100215GF0000001,ABTE035             ,1.0,1400.0,組   ,900.0,1400.0,100.0,2.0,炫彩空氣清淨機                                                     
1100304GF0000001,3MR1CM              ,1.0,100.0,卷   ,50.0,100.0,100.0,6.0,3M膠*1CM                                                     
1100304GF0000001,2ALED2W             ,1.0,800.0,組   ,400.0,800.0,100.0,7.0,2米LED燈條                                                     
1100304GF0000001,3D1F1               ,2.0,200.0,支   ,110.0,200.0,100.0,4.0,3D補漆筆                                                       
1100304GF0000001,G2DE                ,1.0,100.0,各   ,0.0,100.0,100.0,8.0,水滴開關                                                        
1100304GF0000001,EY                  ,1.0,300.0,次   ,0.0,300.0,100.0,9.0,工資                                                          
1100304GF0000001,PNSS24TY            ,1.0,350.0,組   ,130.0,350.0,100.0,10.0,大功率雙孔插座+雙USB                                                
1100304GF0000001,RSEN56ZVQW          ,1.0,600.0,條   ,250.0,600.0,100.0,2.0,RSEN-56牛皮方向盤套                                               
1100305GF0000002,VTG                 ,1.0,150.0,支   ,120.0,150.0,100.0,3.0,洗車刷                                                         
1100305GF0000002,GN757               ,1.0,350.0,張   ,35.0,350.0,100.0,4.0,立體卡夢貼紙                                                      
1100305GF0000002,EY                  ,1.0,500.0,次   ,0.0,500.0,100.0,5.0,工資                                                          
1100305GF0000002,AFL283578           ,1.0,300.0,組   ,82.0,300.0,100.0,1.0,軟條燈2835-78LED                                               
1100306GF0000001,SAXO1040            ,4.0,325.0,罐   ,110.0,325.0,100.0,5.0,SAXO 10W/40機油                                               
1100306GF0000001,ZWUV                ,1.0,100.0,各   ,40.0,100.0,100.0,6.0,豐田油芯                                                        
1100306GF0000001,NOIDNRMG14          ,1.0,300.0,支   ,100.0,300.0,100.0,1.0,NOID三節雨刷 14吋                                                
1100306GF0000001,NOIDNRMG24          ,1.0,450.0,支   ,100.0,450.0,100.0,2.0,NOID三節雨刷 24吋                                                
1100306GF0000001,T10552              ,1.0,10.0,各   ,1.0,10.0,100.0,3.0,T10中炸彈                                                      
1100308GF0000001,NB1040              ,4.0,450.0,罐   ,200.0,450.0,100.0,1.0,NB 10/40機油                                                  
1100308GF0000001,NOID24GS2           ,1.0,450.0,組   ,200.0,450.0,100.0,3.0,NOID-01 24SMD室內燈                                            
1100308GF0000001,SF014               ,1.0,200.0,組   ,40.0,200.0,100.0,4.0,通用型固定扣                                                      
1100309GF0000001,UU262               ,1.0,899.0,組   ,350.0,899.0,100.0,1.0,鷹眼方形燈(1對3)                                                  
1100310GF0000001,WF602Q              ,1.0,2000.0,各   ,1500.0,2000.0,100.0,11.0,湯淺60電瓶                                                      
1100417GF0000001,V33GRR              ,1.0,300.0,組   ,100.0,300.0,100.0,1.0,V33手機架                                                      
1100417GF0000001,PNSSW001            ,1.0,500.0,條   ,180.0,500.0,100.0,2.0,黑色真皮方向盤套                                                    
1100419GF0000001,MP35CG              ,1.0,1000.0,組   ,480.0,1000.0,100.0,1.0,MP3轉換器                                                      
1100419GF0000001,T10552              ,1.0,10.0,各   ,1.0,10.0,100.0,2.0,T10中炸彈                                                      
1100420GF0000001,RSEN0F2D            ,1.0,200.0,各   ,70.0,200.0,100.0,1.0,RSEN安全帶扣                                                    
1100420GF0000001,TYPERH7CR2Q         ,1.0,1000.0,組   ,170.0,1000.0,100.0,4.0,TYPE-R H7黃金燈泡                                               
1100420GF0000001,153071E2            ,1.0,800.0,組   ,300.0,800.0,100.0,2.0,標緻307避光墊                                                    
1100421GF0000001,CHEERS1540RU        ,2.0,250.0,罐   ,100.0,250.0,100.0,8.0,CHEERS 15/40機油                                              
1100421GF0000001,EY                  ,1.0,200.0,次   ,0.0,200.0,100.0,9.0,工資                                                          
1100421GF0000001,V29GRR              ,1.0,300.0,組   ,150.0,300.0,100.0,10.0,V29手機架                                                      
1100421GF0000001,WMVXCRT2R           ,1.0,3800.0,組   ,2200.0,3800.0,100.0,6.0,通用行鋁合金行李架                                                   
1100421GF0000001,V81VTRXF            ,1.0,4000.0,組   ,1200.0,4000.0,100.0,4.0,V81行車記錄器雙眼                                                  
1100422GF0000001,GN757               ,1.0,300.0,張   ,35.0,300.0,100.0,4.0,立體卡夢貼紙                                                      
1100422GF0000001,PNSHDS01RTGRR       ,1.0,350.0,各   ,0.0,350.0,100.0,5.0,PNS HDS01機車手機架                                              
1100422GF0000001,BW260CM             ,0.5,800.0,條   ,80.0,800.0,100.0,1.0,軟條燈60CM                                                     
1100331GF0000001,RSENT105630         ,1.0,400.0,卡   ,120.0,400.0,100.0,2.0,RSEN T10 5630 10燈                                           
1100331GF0000001,90062Q              ,2.0,250.0,各   ,25.0,250.0,100.0,3.0,9006燈泡                                                      
1100401GF0000001,RSENT105SMD         ,1.0,350.0,卡   ,110.0,350.0,100.0,6.0,RSEN T105 SMD                                               
1100401GF0000001,BP5ESCVN            ,1.0,100.0,組   ,35.0,100.0,100.0,7.0,BP5ES大頭火星塞                                                  
1100401GF0000001,PNSS27              ,1.0,450.0,組   ,150.0,450.0,100.0,3.0,PNS-S27QC3.0A*2USB車充                                        
1100401GF0000001,TAA086              ,1.0,250.0,組   ,120.0,250.0,100.0,4.0,鋁合金空中救援香水                                                   
1100401GF0000001,UX02XZVQU           ,1.0,250.0,罐   ,100.0,250.0,100.0,1.0,亞力安動力方向盤油                                                   
1100401GF0000001,VBDG2A              ,1.0,300.0,各   ,130.0,300.0,100.0,8.0,向日葵水鍍膜                                                      
1100402GF0000001,SF0035AD            ,2.0,90.0,組   ,40.0,90.0,100.0,3.0,SF-0035門扣                                                   
1100402GF0000001,EY                  ,1.0,200.0,次   ,0.0,200.0,100.0,4.0,工資                                                          
1100402GF0000001,BB900               ,1.0,120.0,張   ,33.0,120.0,100.0,5.0,割字新手駕駛                                                      
1100402GF0000001,ZEROFV1UUR          ,1.0,400.0,罐   ,180.0,400.0,100.0,6.0,ZERO全效保養汽車精[車牌]                                            
1100402GF0000001,E5NRR               ,1.0,350.0,組   ,100.0,350.0,100.0,1.0,故障三腳架                                                       
1100403GF0000001,32G                 ,2.0,500.0,各   ,250.0,500.0,100.0,1.0,32G卡片                                                       
1100403GF0000001,2QG                 ,1.0,35.0,罐   ,15.0,35.0,100.0,2.0,電瓶水                                                         
1100406GF0000001,T10552              ,1.0,100.0,各   ,1.0,100.0,100.0,1.0,T10中炸彈                                                      
1100407GF0000001,EY                  ,1.0,500.0,次   ,0.0,500.0,100.0,4.0,工資                                                          
1100407GF0000001,S28DE               ,1.0,100.0,組   ,38.0,100.0,100.0,5.0,S-28開關                                                      
1100407GF0000001,S5RM7FMT            ,1.0,1500.0,組   ,600.0,1500.0,100.0,1.0,納智傑U7(四片)晴雨窗                                                
1100407GF0000001,CHEERS1540RU        ,2.0,300.0,罐   ,100.0,300.0,100.0,2.0,CHEERS 15/40機油                                              
1100408GF0000001,V37GRR              ,1.0,350.0,組   ,100.0,350.0,100.0,5.0,V37儀表板手機架                                                   
1100408GF0000001,POSEN18H            ,1.0,300.0,組   ,70.0,300.0,100.0,3.0,POSEN 18吋雨刷                                                 
1100408GF0000001,PNSTK5012LED2       ,1.0,350.0,組   ,120.0,350.0,100.0,1.0,PNS TK-[車牌]室內燈                                          
1100410GF0000001,EY                  ,1.0,200.0,次   ,0.0,200.0,100.0,3.0,工資                                                          
1100410GF0000001,ZEROVRMG21H         ,1.0,950.0,支   ,325.0,950.0,100.0,4.0,ZERO矽膠雨刷21吋                                                 
1100410GF0000001,ZEROVRMG20          ,1.0,950.0,支   ,350.0,950.0,100.0,5.0,ZERO矽膠雨刷20吋                                                 
1100410GF0000001,DC021MVWU1          ,1.0,600.0,各   ,290.0,600.0,100.0,6.0,DC-021專業級圓形胎壓表                                              
1100412GF0000001,GV5XJ               ,2.0,350.0,片   ,230.0,350.0,100.0,12.0,水箱罩鋁網                                                       
1100413GF0000001,RSENMGR             ,1.0,150.0,罐   ,70.0,150.0,100.0,1.0,RSEN雨刷精                                                     
1100413GF0000001,HY815XEW5           ,1.0,650.0,組   ,290.0,650.0,100.0,2.0,HY-815懶骨頭記憶枕                                                
1100410GF0000001,MP35CG              ,1.0,1000.0,組   ,480.0,1000.0,100.0,1.0,MP3轉換器                                                      
1100410GF0000001,GN007J2WV           ,1.0,300.0,隻   ,75.0,300.0,100.0,7.0,GN-007屋頂天線                                                  
1100410GF0000001,RSEND48000K         ,1.0,1000.0,各   ,500.0,1000.0,100.0,8.0,RSEN D4 8000K燈泡                                             
1100410GF0000001,RSEN0F2D            ,1.0,200.0,各   ,70.0,200.0,100.0,9.0,RSEN安全帶扣                                                    
1100412GF0000001,RSEN02F             ,1.0,1500.0,各   ,400.0,1500.0,100.0,9.0,RSEN安定器                                                     
1100412GF0000001,KY330FE             ,2.0,300.0,組   ,120.0,300.0,100.0,10.0,KY-330旗桿                                                    
1100412GF0000001,V37GRR              ,1.0,300.0,組   ,100.0,300.0,100.0,11.0,V37儀表板手機架                                                   
1100412GF0000001,8#2MV               ,22.0,90.9,米   ,38.0,90.9,100.0,7.0,8#電源線                                                       
1100412GF0000001,ZEROFV1UUR          ,1.0,400.0,罐   ,180.0,400.0,100.0,4.0,ZERO全效保養汽車精[車牌]                                            
1100412GF0000001,PNSHDF23            ,1.0,450.0,組   ,180.0,450.0,100.0,5.0,4-6吋鋁合金鏡出風口重力手機架                                            
1100323GF0000001,RSENGR6SMD          ,2.0,250.0,組   ,90.0,250.0,100.0,1.0,RSEN雙尖6SMD室內燈                                               
1100413GF0000001,SIENTAZG            ,1.0,1200.0,組   ,480.0,1200.0,100.0,3.0,SIENTA1.85專用扶手                                              
1100414GF0000001,VTRXFV              ,1.0,300.0,組   ,120.0,300.0,100.0,1.0,行車記錄器線                                                      
1100414GF0000001,TYPER90062Q         ,1.0,1000.0,組   ,170.0,1000.0,100.0,2.0,TYPE-R9006黃金燈泡                                              
1100414GF0000001,PNSS23TY            ,1.0,300.0,組   ,120.0,300.0,100.0,3.0,車用單孔插座+雙USB                                                 
1100323GF0000001,NOIDNRMG22          ,1.0,350.0,支   ,100.0,350.0,100.0,7.0,NOID三節雨刷 22吋                                                
1100323GF0000001,JK69FYQD            ,1.0,400.0,組   ,180.0,400.0,100.0,8.0,JK-69新七字鍍洛車牌牌框                                              
1100323GF0000001,SAMGR               ,1.0,100.0,罐   ,45.0,100.0,100.0,9.0,奈米雨刷精                                                       
1100323GF0000001,UX0GVR              ,1.0,200.0,罐   ,80.0,200.0,100.0,10.0,亞力安水箱精                                                      
1100323GF0000001,FCGYXN              ,2.0,250.0,組   ,120.0,250.0,100.0,3.0,FC-水鑽牌照螺絲                                                   
1100324GF0000001,NOIDNRMG16          ,2.0,250.0,支   ,100.0,250.0,100.0,7.0,NOID三節雨刷 16吋                                                
1100324GF0000001,NOIDNRMG22          ,1.0,300.0,支   ,100.0,300.0,100.0,8.0,NOID三節雨刷 22吋                                                
1100324GF0000001,NOIDNRMG24          ,1.0,400.0,支   ,100.0,400.0,100.0,9.0,NOID三節雨刷 24吋                                                
1100324GF0000001,HY889               ,1.0,350.0,組   ,145.0,350.0,100.0,5.0,HY-889鑰匙圈                                                   
1100324GF0000001,FR2GUG              ,1.0,750.0,組   ,410.0,750.0,100.0,3.0,剪式附把手千斤頂  [車牌]                                             
1100324GF0000001,CEUTF               ,2.0,250.0,各   ,145.0,250.0,100.0,1.0,皇冠鑰匙圈                                                       
1100325GF0000001,ZEROVRMG24          ,2.0,1000.0,支   ,415.0,1000.0,100.0,1.0,ZERO矽膠雨刷24吋                                                 
1100326GF0000001,B516XU1             ,1.0,300.0,組   ,100.0,300.0,100.0,1.0,B-516數字留言板                                                  
1100326GF0000001,PNSHD303            ,1.0,300.0,組   ,100.0,300.0,100.0,2.0,三合一多功能手機架                                                   
1100327GF0000001,2LZVQ               ,1.0,2499.0,組   ,1000.0,2499.0,100.0,1.0,大凹方向盤                                                       
1100327GF0000001,WF602Q              ,1.0,1900.0,各   ,1500.0,1900.0,100.0,2.0,湯淺60電瓶                                                      
1100327GF0000001,LK1VTRXF            ,1.0,1999.0,組   ,1000.0,1999.0,100.0,3.0,LK-1行車記錄器                                                   
1100329GF0000001,V33GRR              ,1.0,300.0,組   ,100.0,300.0,100.0,7.0,V33手機架                                                      
1100329GF0000001,VBDUMN              ,1.0,500.0,罐   ,300.0,500.0,100.0,8.0,向日葵釉元素                                                      
1100329GF0000001,ABTD027             ,1.0,1000.0,組   ,630.0,1000.0,100.0,9.0,噴射+泡沫高壓水槍                                                   
1100329GF0000001,VBDVTR              ,1.0,200.0,罐   ,110.0,200.0,100.0,10.0,向日葵洗車精                                                      
1100329GF0000001,2802FR              ,1.0,650.0,組   ,280.0,650.0,100.0,5.0,280打氣機                                                      
1100329GF0000001,GXYGUX              ,1.0,600.0,罐   ,280.0,600.0,100.0,3.0,舒亮鑽石釉蠟                                                      
1100329GF0000001,WU1M                ,1.0,250.0,各   ,90.0,250.0,100.0,1.0,胎壓表圓                                                        
1100330GF0000001,SAXO5W50            ,1.0,600.0,罐   ,240.0,600.0,100.0,2.0,SAXO 5W/50機油                                                
1100330GF0000001,UX0GVR              ,1.0,200.0,罐   ,80.0,200.0,100.0,3.0,亞力安水箱精                                                      
1100330GF0000001,AS2FR               ,1.0,350.0,組   ,150.0,350.0,100.0,4.0,迷你打氣機                                                       
1100330GF0000001,VTRXFV              ,1.0,300.0,組   ,120.0,300.0,100.0,5.0,行車記錄器線                                                      
1100330GF0000001,QX60CGRQL           ,1.0,3500.0,組   ,2200.0,3500.0,100.0,1.0,QX-60後視鏡片(L)                                                
1100331GF0000001,PNSFB001            ,1.0,1000.0,組   ,520.0,1000.0,100.0,1.0,磁吸面紙盒 碳纖維黑色                                                 
1100529GF0000001,VBDUMN              ,1.0,500.0,罐   ,300.0,500.0,100.0,13.0,向日葵釉元素                                                      
1100529GF0000001,RX1VG1              ,1.0,500.0,條   ,180.0,500.0,100.0,14.0,嘉麗寶吸水布                                                      
1100529GF0000001,VBDVTR              ,1.0,300.0,罐   ,110.0,300.0,100.0,4.0,向日葵洗車精[車牌]                                                
1100529GF0000001,6H2XCA              ,1.0,200.0,各   ,60.0,200.0,100.0,5.0,6吋打蠟海綿                                                      
1100529GF0000001,CZ263XRW            ,1.0,400.0,各   ,150.0,400.0,100.0,1.0,CZ-263拉及桶                                                   
1100531GF0000001,EY                  ,1.0,500.0,次   ,0.0,500.0,100.0,1.0,工資                                                          
1100529GF0000001,GJGXWCA             ,1.0,100.0,組   ,120.0,100.0,100.0,15.0,手握式輪胎海棉                                                     
1100529GF0000001,                    ,0.0,0.0,,0.0,0.0,,16.0,
1100531GF0000001,RSENBEMG14          ,1.0,250.0,支   ,90.0,250.0,100.0,2.0,RSEN軟骨雨刷 14吋                                                
1100531GF0000001,RSENBEMG26H         ,1.0,400.0,支   ,90.0,400.0,100.0,3.0,RSEN軟骨雨刷 26吋                                                
1100531GF0000001,MP35CG              ,1.0,1000.0,組   ,480.0,1000.0,100.0,4.0,MP3轉換器                                                      
1100531GF0000001,YH370FES2XEN        ,1.0,2750.0,組   ,1750.0,2750.0,100.0,5.0,YH-370全功能電力公司                                               
1100601GF0000002,CWTGXCMR            ,1.0,300.0,罐   ,60.0,300.0,100.0,1.0,黑頭車朔料還原劑                                                    
1100601GF0000002,H722                ,1.0,150.0,各   ,35.0,150.0,100.0,2.0,H7 55W大燈燈泡                                                  
1100602GF0000002,DA0FCW              ,1.0,150.0,組   ,0.0,150.0,100.0,3.0,卡夢安全護套                                                      
1100610GF0000001,AH62CCZVQ           ,1.0,550.0,條   ,360.0,550.0,100.0,1.0,AH-62紅黑方向盤套                                                 
1100610GF0000001,04WISHTA1E2         ,1.0,800.0,組   ,210.0,800.0,100.0,2.0,04WISH長毛避光墊                                                 
1100610GF0000001,V37GRR              ,1.0,350.0,組   ,100.0,350.0,100.0,3.0,V37儀表板手機架                                                   
1100611GF0000001,EY                  ,1.0,100.0,次   ,0.0,100.0,100.0,6.0,工資                                                          
1100611GF0000001,ABTA106             ,1.0,700.0,組   ,450.0,700.0,100.0,4.0,牛皮碳纖維玩命關頭                                                   
1100611GF0000001,05FCOUSTA1E2        ,1.0,800.0,組   ,210.0,800.0,100.0,1.0,05FCOUS長毛避光墊                                                
1100611GF0000001,X15U                ,1.0,100.0,各   ,40.0,100.0,100.0,2.0,鋁箔遮陽                                                        
1100612GF0000001,AL578USB            ,1.0,550.0,組   ,80.0,550.0,100.0,4.0,AL-578 USB插頭                                                
1100612GF0000001,NO771WVG            ,1.0,250.0,各   ,75.0,250.0,100.0,5.0,NO-77備長炭香水                                                  
1100612GF0000001,WF0306TW            ,1.0,350.0,組   ,160.0,350.0,100.0,6.0,WF-0306三孔插頭                                                 
1100612GF0000001,ARE2XR              ,1.0,1500.0,組   ,650.0,1500.0,100.0,1.0,磨就光打蠟機                                                      
1100612GF0000001,9H2XA               ,1.0,200.0,各   ,90.0,200.0,100.0,2.0,9吋打蠟棉                                                       
1100614GF0000001,2V2Q                ,3.0,10.0,各   ,3.0,10.0,100.0,1.0,單芯燈泡                                                        
1100614GF0000001,RSENH112TY          ,1.0,350.0,組   ,90.0,350.0,100.0,2.0,RSEN H11陶瓷座                                                 
1100615GF0000001,RSENGR16R           ,1.0,350.0,組   ,80.0,350.0,100.0,1.0,RSEN雙尖室內燈16晶                                                
1100803GF0000001,7003J25R            ,1.0,3000.0,組   ,600.0,3000.0,100.0,1.0,[車牌]無碟主機                                                 
1100803GF0000001,VBDVATX             ,1.0,200.0,罐   ,65.0,200.0,100.0,2.0,向日葵細目粗蠟                                                     
1100804GF0000001,PNSSCUP04           ,1.0,500.0,組   ,220.0,500.0,100.0,5.0,PU皮革椅縫邊置物盒                                                  
1100804GF0000001,VWXN                ,1.0,100.0,各   ,50.0,100.0,100.0,6.0,吸鐵螺絲                                                        
1100804GF0000001,ZJTUA               ,1.0,300.0,罐   ,85.0,300.0,100.0,1.0,防霧除油膜                                                       
1100804GF0000001,3D1F1               ,2.0,200.0,支   ,110.0,200.0,100.0,2.0,3D補漆筆                                                       
1100804GF0000001,RSENT105630         ,1.0,400.0,卡   ,120.0,400.0,100.0,3.0,RSEN T10 5630 10燈                                           
1100805GF0000001,ZEROVRMG20          ,1.0,800.0,支   ,350.0,800.0,100.0,1.0,ZERO矽膠雨刷20吋                                                 
1100805GF0000001,ZEROVRMG26          ,1.0,1200.0,支   ,415.0,1200.0,100.0,2.0,ZERO 26吋矽膠雨刷                                                
1100805GF0000001,VBDVATX             ,1.0,200.0,罐   ,65.0,200.0,100.0,3.0,向日葵細目粗蠟                                                     
1100805GF0000001,S27TY213AS1VN       ,1.0,200.0,組   ,45.0,200.0,100.0,4.0,S27插座式213插式保險絲座(不加保險絲)電器                                    
1100805GF0000001,EY                  ,1.0,400.0,次   ,0.0,400.0,100.0,5.0,工資                                                          
1100806GF0000003,RSENBEMG16          ,1.0,250.0,支   ,90.0,250.0,100.0,3.0,RSEN軟骨雨刷 16吋                                                
1100806GF0000003,RSENBEMG22          ,1.0,300.0,支   ,90.0,300.0,100.0,4.0,RSEN軟骨雨刷 22吋                                                
1100806GF0000003,INNOVAQUW           ,1.0,5000.0,組   ,1980.0,5000.0,100.0,1.0,INNOA皮椅套                                                    
1100521GF0000001,3D1F1               ,1.0,200.0,支   ,110.0,200.0,100.0,2.0,3D補漆筆                                                       
1100521GF0000001,EY                  ,1.0,100.0,次   ,0.0,100.0,100.0,7.0,工資                                                          
1100521GF0000001,8496ZVQE            ,1.0,600.0,條   ,280.0,600.0,100.0,8.0,8496方向盤套                                                    
1100524GF0000001,EY                  ,1.0,200.0,次   ,0.0,200.0,100.0,1.0,工資                                                          
1100524GF0000001,MP35CG              ,1.0,1000.0,組   ,480.0,1000.0,100.0,2.0,MP3轉換器                                                      
1100525GF0000001,VUGQ2W              ,1.0,1250.0,組   ,280.0,1250.0,100.0,1.0,下壓式排檔頭                                                      
1100525GF0000001,DIY1R               ,1.0,250.0,各   ,90.0,250.0,100.0,2.0,DUY杯架                                                       
1100525GF0000001,Q2WW                ,1.0,200.0,各   ,100.0,200.0,100.0,3.0,排檔頭套                                                        
1100528GF0000001,RET5                ,1.0,750.0,各   ,350.0,750.0,100.0,1.0,佳固車罩                                                        
1100528GF0000001,500APRTV            ,1.0,450.0,組   ,220.0,450.0,100.0,2.0,[車牌]救車線                                                    
1100529GF0000001,UADMGR              ,1.0,150.0,罐   ,60.0,150.0,100.0,7.0,優馬克雨刷精                                                      
1100529GF0000001,8YCA                ,1.0,50.0,各   ,30.0,50.0,100.0,8.0,8字海棉                                                        
1100529GF0000001,YH6629              ,1.0,250.0,組   ,130.0,250.0,100.0,9.0,TYPER掛式面紙盒6629                                              
1100529GF0000001,6HSDGQE             ,1.0,150.0,組   ,65.0,150.0,100.0,10.0,6吋黏貼式拋光                                                     
1100529GF0000001,ZJTUA               ,1.0,250.0,罐   ,85.0,250.0,100.0,11.0,防霧除油膜                                                       
1100414GF0000001,32G                 ,1.0,550.0,各   ,250.0,550.0,100.0,4.0,32G卡片                                                       
1100414GF0000001,EVEW2               ,1.0,550.0,組   ,260.0,550.0,100.0,6.0,EVE踏墊                                                       
1100414GF0000001,RSEN20ZVQW          ,1.0,500.0,條   ,180.0,500.0,100.0,7.0,RSEN20方向盤套                                                  
1100415GF0000001,3D5U1               ,1.0,300.0,組   ,113.0,300.0,100.0,9.0,3D遮陽板                                                       
1100415GF0000001,DIY4BTX             ,1.0,1300.0,組   ,350.0,1300.0,100.0,10.0,DIY(四入)窗簾                                                   
1100415GF0000001,GN777R5QD           ,1.0,400.0,組   ,220.0,400.0,100.0,7.0,GN-777精緻牌框                                                  
1100415GF0000001,AL5003TY-CU         ,1.0,350.0,組   ,150.0,350.0,100.0,4.0,AL-5003車載二合一                                                
1100415GF0000001,H7OSARM222Q         ,1.0,400.0,各   ,90.0,400.0,100.0,5.0,H7OSARM大燈燈泡                                                 
1100415GF0000001,5EVTRXFQ5           ,1.0,1200.0,組   ,0.0,1200.0,100.0,1.0,Q5中古行車記錄器                                                   
1100415GF0000001,ABT450FAR           ,1.0,350.0,組   ,120.0,350.0,100.0,2.0,ABT-450曲面鏡                                                  
1100416GF0000001,RVH15U              ,1.0,150.0,組   ,60.0,150.0,100.0,2.0,RV休旅車側邊遮陽                                                   
1100416GF0000001,PS253F25U           ,1.0,300.0,組   ,78.0,300.0,100.0,3.0,PS-253前檔遮陽                                                  
1100417GF0000001,CHY1688             ,1.0,1000.0,組   ,450.0,1000.0,100.0,4.0,[車牌]老鷹方向盤鎖                                              
1100417GF0000001,ZEROVRMG18          ,1.0,900.0,支   ,325.0,900.0,100.0,5.0,ZERO矽膠雨刷18吋                                                 
1100417GF0000001,ZEROVRMG20          ,1.0,900.0,支   ,350.0,900.0,100.0,6.0,ZERO矽膠雨刷20吋                                                 
1100422GF0000001,UX0GVR              ,1.0,200.0,罐   ,80.0,200.0,100.0,2.0,亞力安水箱精                                                      
1100423GF0000001,H8222Q              ,1.0,200.0,各   ,50.0,200.0,100.0,3.0,H8大燈燈泡                                                      
1100423GF0000001,ERQ55D23L2Q         ,1.0,2800.0,各   ,2100.0,2800.0,100.0,4.0,國際牌70D23L電瓶瓶                                                
1100423GF0000001,EY                  ,1.0,200.0,次   ,0.0,200.0,100.0,5.0,工資                                                          
1100423GF0000001,VYRXFVQ             ,1.0,250.0,各   ,120.0,250.0,100.0,6.0,行車記錄器吸盤                                                     
1100423GF0000001,PNSSUN08            ,1.0,399.0,組   ,130.0,399.0,100.0,8.0,PNS-SUN08磁吸隔熱布 前後窗4入                                        
1100423GF0000001,EY                  ,1.0,200.0,次   ,0.0,200.0,100.0,9.0,工資                                                          
1100423GF0000001,GV2Q                ,1.0,100.0,各   ,3.5,100.0,100.0,10.0,雙芯燈泡                                                        
1100423GF0000001,7003J25R            ,1.0,2800.0,組   ,600.0,2800.0,100.0,11.0,[車牌]無碟主機                                                 
1100423GF0000001,GEJMVG              ,1.0,200.0,各   ,100.0,200.0,100.0,12.0,水果物語香水                                                      
1100423GF0000001,TYPERH4CR           ,1.0,900.0,組   ,170.0,900.0,100.0,13.0,TYPE-R H4黃金燈泡                                               
1100423GF0000001,TC1208FY2T2R        ,1.0,2500.0,組   ,1500.0,2500.0,100.0,14.0,TC-1208全自動充電機                                               
1100423GF0000001,HP10005XEUVTR       ,1.0,2800.0,組   ,1800.0,2800.0,100.0,16.0,[車牌]直立高壓洗車機 110V 1450W                                    
1100423GF0000001,HY889Q2CW           ,1.0,150.0,組   ,70.0,150.0,100.0,1.0,HY-889排檔桿護套                                                 
1100423GF0000001,5ECDV               ,1.0,1000.0,組   ,0.0,1000.0,100.0,18.0,中古CD箱                                                       
1100428GF0000001,PNSSW001            ,1.0,450.0,條   ,164.0,450.0,100.0,1.0,黑色真皮方向盤套                                                    
1100423GF0000001,                    ,0.0,0.0,,0.0,0.0,,19.0,
1100429GF0000001,SAXO1040            ,5.0,350.0,罐   ,110.0,350.0,100.0,1.0,SAXO 10W/40機油                                               
1100429GF0000001,ABRORU5XR           ,1.0,450.0,罐   ,150.0,450.0,100.0,2.0,ABRO機油止漏劑                                                   
1100430GF0000001,MP35CG              ,1.0,1000.0,組   ,480.0,1000.0,100.0,4.0,MP3轉換器                                                      
1100430GF0000001,GV2Q                ,10.0,10.0,各   ,3.5,10.0,100.0,5.0,雙芯燈泡                                                        
1100430GF0000001,T10552              ,10.0,10.0,各   ,1.0,10.0,100.0,6.0,T10中炸彈                                                      
1100430GF0000001,30A1VN              ,7.0,60.0,各   ,15.0,60.0,100.0,2.0,30A保險絲                                                      
1100501GF0000001,RSENH113000K2Q      ,2.0,800.0,各   ,200.0,800.0,100.0,1.0,RSEN H11 3000K燈泡                                            
1100501GF0000001,SAXO5W50            ,5.0,600.0,罐   ,240.0,600.0,100.0,2.0,SAXO 5W/50機油                                                
1100501GF0000001,AH62CCZVQ           ,1.0,630.0,條   ,360.0,630.0,100.0,3.0,AH-62紅黑方向盤套                                                 
1100501GF0000001,FCOUSUV             ,1.0,250.0,各   ,100.0,250.0,100.0,4.0,FCOUS油芯                                                     
1100501GF0000001,AYW3DFV             ,1.0,400.0,各   ,180.0,400.0,100.0,5.0,馬自達3空氣芯                                                     
1100503GF0000001,PNSPM001            ,1.0,300.0,組   ,65.0,300.0,100.0,3.0,高級美容魔術黏土                                                    
1100503GF0000001,SENFINCEOXFZVFRR    ,1.0,800.0,罐   ,350.0,800.0,100.0,4.0,西德SENFINCEO冷氣風箱清潔劑                                          
1100503GF0000001,ZEROVRMG26          ,1.0,1000.0,支   ,415.0,1000.0,100.0,1.0,ZERO 26吋矽膠雨刷                                                
1100504GF0000001,PNSS23TY            ,1.0,300.0,組   ,120.0,300.0,100.0,2.0,車用單孔插座+雙USB                                                 
1100504GF0000001,SF0036              ,2.0,100.0,組   ,30.0,100.0,100.0,3.0,SF-0036馬自達固定扣                                               
1100505GF0000001,GN131ZEW5           ,1.0,100.0,張   ,30.0,100.0,100.0,6.0,GN-131反光貼紙                                                  
1100505GF0000001,AH62CCZVQ           ,1.0,600.0,條   ,360.0,600.0,100.0,7.0,AH-62紅黑方向盤套                                                 
1100505GF0000001,PNSSCUPUZ1          ,1.0,300.0,組   ,110.0,300.0,100.0,4.0,PNS-SCUP皮革款-椅編置杯盒                                           
1100505GF0000001,A10BV2              ,2.0,999.0,各   ,450.0,999.0,100.0,1.0,A-10日型燈                                                     
1100505GF0000001,ZEROFV1UUR          ,1.0,400.0,罐   ,180.0,400.0,100.0,2.0,ZERO全效保養汽車精[車牌]                                            
1100506GF0000001,AFL283578           ,1.0,500.0,組   ,81.8,500.0,100.0,7.0,軟條燈2835-78LED                                               
1100506GF0000001,EY                  ,1.0,300.0,次   ,0.0,300.0,100.0,8.0,工資                                                          
1100506GF0000001,SENFINECOCUFFVR     ,1.0,600.0,罐   ,80.0,600.0,100.0,9.0,德國SENFINECO化油器清洗劑9938                                       
1100506GF0000001,2ZVVUV              ,1.0,100.0,各   ,40.0,100.0,100.0,5.0,大發新象油芯                                                      
1100506GF0000001,JA25T2GVTF          ,1.0,1000.0,組   ,350.0,1000.0,100.0,3.0,JA-25充電式吸塵器                                                 
1100506GF0000001,01-08ALTISNQFMT     ,0.0,0.0,組   ,600.0,0.0,100.0,4.0,01-08ALTIS(四片)晴雨窗                                           
1100506GF0000001,PNSSC002            ,1.0,500.0,組   ,160.0,500.0,100.0,1.0,雙層3D蜂巢椅座墊-冰涼氣墊                                              
1100507GF0000001,PNSS15              ,1.0,300.0,組   ,90.0,300.0,100.0,1.0,PNS-S15鋁合金車充/安全錘2USB 3.1A黑色                                 
1100508GF0000001,MP35CG              ,1.0,1000.0,組   ,480.0,1000.0,100.0,7.0,MP3轉換器                                                      
1100508GF0000001,AFL283578           ,1.0,500.0,組   ,81.8,500.0,100.0,1.0,軟條燈2835-78LED                                               
1100508GF0000001,S28DE               ,1.0,400.0,組   ,38.0,400.0,100.0,3.0,S-28開關                                                      
1100508GF0000001,EY                  ,1.0,1000.0,次   ,0.0,1000.0,100.0,4.0,工資                                                          
1100510GF0000001,ZEROAMN+RFC         ,1.0,850.0,罐   ,320.0,850.0,100.0,15.0,ZERO鉬元素+噴油嘴除扣劑                                              
1100510GF0000001,EY                  ,1.0,450.0,次   ,0.0,450.0,100.0,16.0,工資                                                          
1100510GF0000001,EY                  ,1.0,200.0,次   ,0.0,200.0,100.0,13.0,工資                                                          
1100510GF0000001,23A2T               ,1.0,60.0,各   ,32.0,60.0,100.0,11.0,23A電池                                                       
1100511GF0000001,ERQ602Q             ,1.0,2400.0,各   ,1750.0,2400.0,100.0,8.0,國際牌60電瓶                                                     
1100511GF0000001,VBDXEX              ,1.0,100.0,罐   ,55.0,100.0,100.0,9.0,向日葵橘油亮光蠟  [車牌]                                             
1100511GF0000001,VBD2XAF             ,1.0,100.0,組   ,50.0,100.0,100.0,10.0,向日葵打蠟棉球                                                     
1100511GF0000001,R1GEX               ,1.0,600.0,罐   ,280.0,600.0,100.0,13.0,激撥水固體蠟                                                      
1100508GF0000001,S16TG1VNY           ,1.0,100.0,組   ,22.0,100.0,100.0,8.0,S16插式保險絲座                                                   
1100511GF0000001,HJG4D20WJ2          ,2.0,650.0,各   ,220.0,650.0,100.0,6.0,HJG 4D20W霧燈                                                 
1100510GF0000001,ESCAPETA1E2         ,1.0,499.0,組   ,210.0,499.0,100.0,7.0,ESCAPE長毛避光墊                                                 
1100510GF0000001,16G                 ,1.0,450.0,組   ,0.0,450.0,100.0,8.0,16G                                                         
1100510GF0000001,SAXO1040            ,4.0,350.0,罐   ,110.0,350.0,100.0,1.0,SAXO 10W/40機油                                               
1100510GF0000001,ZWUV                ,1.0,100.0,各   ,40.0,100.0,100.0,2.0,豐田油芯                                                        
1100510GF0000001,ALTISDFV            ,1.0,350.0,各   ,100.0,350.0,100.0,3.0,ALTIS空氣芯                                                    
1100510GF0000001,RSEND44300K         ,1.0,1500.0,各   ,500.0,1500.0,100.0,4.0,RSEN D4 4300K燈泡                                             
1100510GF0000001,ABROQGUR            ,1.0,350.0,罐   ,90.0,350.0,100.0,5.0,ABRO噴射油精                                                    
1100511GF0000001,ZW                  ,1.0,2360.0,次   ,0.0,2360.0,100.0,1.0,廢鐵                                                          
1100511GF0000001,RSENT104014242      ,1.0,450.0,組   ,160.0,450.0,100.0,2.0,RSEN T10 4014 24燈                                           
1100511GF0000001,593GUSBY            ,1.0,400.0,組   ,140.0,400.0,100.0,3.0,593雙USB一分三座載充(黑白)                                           
1100511GF0000001,AFL283578           ,1.0,300.0,組   ,81.8,300.0,100.0,4.0,軟條燈2835-78LED                                               
1100511GF0000001,KMWTV               ,1.0,200.0,各   ,40.0,200.0,100.0,5.0,鱷魚頭出線                                                       
1100511GF0000001,EY                  ,1.0,200.0,次   ,0.0,200.0,100.0,11.0,工資                                                          
1100511GF0000001,NOID24GS2           ,1.0,450.0,組   ,200.0,450.0,100.0,14.0,NOID-01 24SMD室內燈                                            
1100512GF0000001,1VNV                ,1.0,10.0,各   ,1.0,10.0,100.0,5.0,保險絲(小)                                                      
1100512GF0000001,52R                 ,1.0,250.0,各   ,100.0,250.0,100.0,6.0,照地鏡                                                         
1100512GF0000001,ERQ55D23L2Q         ,1.0,2700.0,各   ,2100.0,2700.0,100.0,2.0,國際牌70D23L電瓶瓶                                                
1100512GF0000001,22EW2               ,2.0,200.0,片   ,75.0,200.0,100.0,3.0,大豆干踏墊                                                       
1100512GF0000001,TYPERH7CR2Q         ,1.0,1000.0,組   ,170.0,1000.0,100.0,7.0,TYPE-R H7黃金燈泡                                               
1100512GF0000001,ZJTUA               ,1.0,300.0,罐   ,85.0,300.0,100.0,8.0,防霧除油膜                                                       
1100512GF0000001,J00346              ,1.0,400.0,支   ,130.0,400.0,100.0,9.0,J00346後雨刷 WISH                                              
1100512GF0000001,VBDUMN              ,1.0,550.0,罐   ,300.0,550.0,100.0,10.0,向日葵釉元素                                                      
1100513GF0000001,H7OSARM222Q         ,1.0,400.0,各   ,90.0,400.0,100.0,7.0,H7OSARM大燈燈泡                                                 
1100513GF0000001,EY                  ,1.0,200.0,次   ,0.0,200.0,100.0,8.0,工資                                                          
1100513GF0000001,2QG                 ,3.0,35.0,罐   ,15.0,35.0,100.0,5.0,電瓶水                                                         
1100513GF0000001,ZEROVRMG24          ,1.0,1000.0,支   ,415.0,1000.0,100.0,1.0,ZERO矽膠雨刷24吋                                                 
1100513GF0000001,DAY2F               ,2.0,800.0,各   ,520.0,800.0,100.0,2.0,檜木座墊(前)                                                     
1100513GF0000001,RW3FQUW             ,1.0,3000.0,組   ,1350.0,3000.0,100.0,3.0,堅達3期皮椅套                                                     
1100514GF0000001,GV2Q                ,2.0,10.0,各   ,3.5,10.0,100.0,3.0,雙芯燈泡                                                        
1100514GF0000001,VYRXFVQ             ,1.0,250.0,各   ,120.0,250.0,100.0,4.0,行車記錄器吸盤                                                     
1100514GF0000001,RSEN2W              ,1.0,300.0,組   ,150.0,300.0,100.0,1.0,RSEN2l3陶土                                                   
1100515GF0000001,ZEROVRMG24          ,1.0,1000.0,支   ,415.0,1000.0,100.0,11.0,ZERO矽膠雨刷24吋                                                 
1100515GF0000001,ZERO14VRMG          ,1.0,700.0,支   ,290.0,700.0,100.0,12.0,ZERO矽膠雨刷14吋                                                 
1100515GF0000001,ZJTUA               ,1.0,300.0,罐   ,85.0,300.0,100.0,13.0,防霧除油膜                                                       
1100515GF0000001,YH1382A2            ,1.0,400.0,組   ,160.0,400.0,100.0,14.0,YH-1383曼斗                                                   
1100515GF0000001,1MT5D               ,1.0,2000.0,組   ,1040.0,2000.0,100.0,9.0,白雲防水車罩-C D                                                  
1100515GF0000001,S5RU5XFXJ           ,1.0,800.0,組   ,300.0,800.0,100.0,6.0,納智傑U5冷氣濾網                                                   
1100515GF0000001,SENFINCEOXFZVFRR    ,1.0,1000.0,罐   ,350.0,1000.0,100.0,7.0,西德SENFINCEO冷氣風箱清潔劑                                          
1100515GF0000001,VIOSCVW2            ,1.0,950.0,組   ,400.0,950.0,100.0,4.0,VIOS後廂踏墊                                                    
1100515GF0000001,ABTE023V22M         ,1.0,3400.0,組   ,2200.0,3400.0,100.0,2.0,ABT-023緊急啟動電源                                               
1100517GF0000001,ABRO5XX             ,1.0,380.0,罐   ,110.0,380.0,100.0,1.0,ABRO棕梠蠟                                                     
1100518GF0000001,PNSHG03             ,1.0,200.0,組   ,20.0,200.0,100.0,1.0,萬用掛勾 後頭枕 無私角                                                
1100518GF0000001,TJ632A5W            ,1.0,300.0,組   ,125.0,300.0,100.0,2.0,TJ-635面紙套                                                   
1100519GF0000001,NO771WVG            ,1.0,200.0,各   ,75.0,200.0,100.0,16.0,NO-77備長炭香水                                                  
1100519GF0000001,H4OSRAM2Q           ,2.0,200.0,各   ,48.0,200.0,100.0,17.0,H4 OSRAM燈泡                                                  
1100519GF0000001,3DEVTH5U            ,3.0,200.0,各   ,100.0,200.0,100.0,14.0,3D光消臭側遮陽                                                    
1100519GF0000001,EY                  ,1.0,300.0,次   ,0.0,300.0,100.0,11.0,工資                                                          
1100519GF0000001,WF0306TW            ,1.0,350.0,組   ,160.0,350.0,100.0,12.0,WF-0306三孔插頭                                                 
1100519GF0000001,PNSSUN05            ,1.0,100.0,組   ,36.3,100.0,100.0,9.0,雙面隔熱靜電隨意貼/2入                                                
1100519GF0000001,AFL283578           ,1.0,500.0,組   ,81.8,500.0,100.0,1.0,軟條燈2835-78LED                                               
1100519GF0000001,V1                  ,1.0,1000.0,組   ,400.0,1000.0,100.0,2.0,線包                                                          
1100519GF0000001,EY                  ,1.0,1000.0,次   ,0.0,1000.0,100.0,3.0,工資                                                          
1100519GF0000001,AV5F2               ,1.0,650.0,組   ,250.0,650.0,100.0,4.0,AV轉換附啟動                                                     
1100519GF0000001,RSENGR31MM          ,1.0,350.0,卡   ,100.0,350.0,100.0,5.0,RSEN 31MM COB雙尖無極性                                          
1100519GF0000001,RSENBEMG26H         ,1.0,400.0,支   ,90.0,400.0,100.0,6.0,RSEN軟骨雨刷 26吋                                                
1100519GF0000001,RSENBEMG16          ,1.0,250.0,支   ,90.0,250.0,100.0,7.0,RSEN軟骨雨刷 16吋                                                
1100520GF0000001,RSEN55ZVQW          ,1.0,500.0,條   ,250.0,500.0,100.0,1.0,RSEN55方向盤套                                                  
1100521GF0000001,GRGS2               ,1.0,10.0,各   ,2.0,10.0,100.0,4.0,雙尖室內燈                                                       
1100521GF0000001,PNSHXT303           ,1.0,500.0,組   ,210.0,500.0,100.0,5.0,雙風扇-儀錶板用DC12V                                               
1100521GF0000001,4*4J2               ,2.0,700.0,各   ,350.0,700.0,100.0,1.0,4*4霧燈                                                       
1100529GF0000001,VBDG2A              ,1.0,300.0,各   ,130.0,300.0,100.0,12.0,向日葵水鍍膜                                                      
1100602GF0000002,JA18VTF             ,1.0,450.0,組   ,180.0,450.0,100.0,4.0,JA-18吸塵器                                                    
1100603GF0000001,CY052               ,1.0,230.0,組   ,80.0,230.0,100.0,3.0,CY-652安全護套                                                  
1100603GF0000001,KMWTV               ,1.0,150.0,各   ,40.0,150.0,100.0,4.0,鱷魚頭出線                                                       
1100604GF0000001,EY                  ,1.0,300.0,次   ,0.0,300.0,100.0,8.0,工資                                                          
1100603GF0000001,KY1055LED5A2        ,1.0,600.0,各   ,270.0,600.0,100.0,1.0,KY-1055吸鐵 LED行動照明燈                                          
1100604GF0000001,H4OSRAM2Q           ,2.0,300.0,各   ,48.0,300.0,100.0,9.0,H4 OSRAM燈泡                                                  
1100602GF0000002,LY6025MR            ,1.0,60.0,組   ,22.0,60.0,100.0,1.0,LY-602中圓鏡                                                   
1100604GF0000001,TYPERH11T1E         ,1.0,800.0,組   ,170.0,800.0,100.0,6.0,TYPE-R H11超白光燈泡                                             
1100604GF0000001,3D1F1               ,1.0,200.0,支   ,110.0,200.0,100.0,4.0,3D補漆筆                                                       
1100604GF0000001,TAA086              ,1.0,250.0,組   ,120.0,250.0,100.0,2.0,鋁合金空中救援香水                                                   
1100604GF0000001,TYPERH11CR2Q        ,1.0,1000.0,組   ,170.0,1000.0,100.0,10.0,TYPE-R H11黃金燈泡                                              
1100604GF0000001,RSENT105630         ,1.0,400.0,卡   ,120.0,400.0,100.0,11.0,RSEN T10 5630 10燈                                           
1100604GF0000001,EY                  ,1.0,400.0,次   ,0.0,400.0,100.0,12.0,工資                                                          
1100605GF0000001,2VT1E               ,4.0,100.0,各   ,30.0,100.0,100.0,1.0,單芯超白光                                                       
1100605GF0000001,SAXO1040            ,4.0,350.0,罐   ,110.0,350.0,100.0,2.0,SAXO 10W/40機油                                               
1100605GF0000001,OBLRUR              ,1.0,500.0,罐   ,240.0,500.0,100.0,3.0,OBL機油精                                                      
1100605GF0000001,ZEROFV1UUR          ,1.0,400.0,罐   ,180.0,400.0,100.0,4.0,ZERO全效保養汽車精[車牌]                                            
1100605GF0000001,FITRUV              ,1.0,200.0,各   ,45.0,200.0,100.0,5.0,FIT機油芯                                                      
1100605GF0000001,MISSIONCVT          ,4.0,600.0,罐   ,230.0,600.0,100.0,6.0,MISSION CVT-F自排油X+++                                        
1100607GF0000001,EY                  ,1.0,300.0,次   ,0.0,300.0,100.0,1.0,工資                                                          
1100607GF0000001,RSENGVR             ,1.0,150.0,罐   ,70.0,150.0,100.0,2.0,RSEN水箱精                                                     
1100608GF0000001,PNSSUN05            ,1.0,100.0,組   ,36.3,100.0,100.0,7.0,雙面隔熱靜電隨意貼/2入                                                
1100608GF0000001,8H2G12V             ,1.0,500.0,組   ,290.0,500.0,100.0,8.0,8吋電扇12V                                                     
1100608GF0000001,APPWWVGF            ,1.0,3000.0,組   ,1800.0,3000.0,100.0,5.0,APP抬頭顯示器                                                    
1100608GF0000001,3D5U1               ,1.0,300.0,組   ,113.0,300.0,100.0,3.0,3D遮陽板                                                       
1100608GF0000001,EY                  ,1.0,100.0,次   ,0.0,100.0,100.0,9.0,工資                                                          
1100609GF0000001,GV2Q                ,1.0,100.0,各   ,3.5,100.0,100.0,4.0,雙芯燈泡                                                        
1100609GF0000001,MP35CG              ,1.0,1000.0,組   ,480.0,1000.0,100.0,5.0,MP3轉換器                                                      
1100609GF0000001,ZJTUA               ,1.0,300.0,罐   ,85.0,300.0,100.0,1.0,防霧除油膜                                                       
1100609GF0000001,6BCA                ,0.5,100.0,包   ,30.0,100.0,100.0,2.0,6入海棉                                                        
1100616GF0000001,10WISHTA1E2         ,1.0,800.0,組   ,210.0,800.0,100.0,8.0,10WISH長毛避光墊                                                 
1100616GF0000001,RSENBEMG24H         ,1.0,450.0,支   ,90.0,450.0,100.0,9.0,RSEN軟骨雨刷 24吋                                                
1100616GF0000001,RSENBEMG16          ,1.0,250.0,支   ,90.0,250.0,100.0,10.0,RSEN軟骨雨刷 16吋                                                
1100616GF0000001,T202VCQ             ,2.0,150.0,各   ,15.0,150.0,100.0,6.0,T20單芯琥珀                                                     
1100616GF0000001,GV2Q                ,1.0,10.0,各   ,3.5,10.0,100.0,4.0,雙芯燈泡                                                        
1100616GF0000001,20162T              ,1.0,100.0,各   ,22.0,100.0,100.0,2.0,2016電池                                                      
1100616GF0000001,EY                  ,1.0,400.0,次   ,0.0,400.0,100.0,11.0,工資                                                          
1100618GF0000001,EY                  ,1.0,300.0,次   ,0.0,300.0,100.0,3.0,工資                                                          
1100618GF0000001,2VCQ2Q              ,1.0,100.0,各   ,15.0,100.0,100.0,4.0,單芯琥珀燈泡                                                      
1100618GF0000001,08CRVTA1E2          ,1.0,600.0,組   ,210.0,600.0,100.0,1.0,08CRV長毛避光墊                                                  
1100619GF0000001,EY                  ,1.0,300.0,次   ,0.0,300.0,100.0,4.0,工資                                                          
1100619GF0000001,2VCQ2Q              ,2.0,100.0,各   ,15.0,100.0,100.0,5.0,單芯琥珀燈泡                                                      
1100619GF0000001,2V2Q                ,2.0,10.0,各   ,3.0,10.0,100.0,6.0,單芯燈泡                                                        
1100619GF0000001,GV2Q                ,2.0,10.0,各   ,3.5,10.0,100.0,7.0,雙芯燈泡                                                        
1100619GF0000001,2QG                 ,1.0,35.0,罐   ,15.0,35.0,100.0,8.0,電瓶水                                                         
1100619GF0000001,X1V                 ,15.0,30.0,米   ,12.0,30.0,100.0,2.0,SPK-105喇叭線                                                  
1100621GF0000001,JK69FYQD            ,1.0,400.0,組   ,180.0,400.0,100.0,8.0,JK-69新七字鍍洛車牌牌框                                              
1100621GF0000001,SP5089Q5XN          ,2.0,200.0,組   ,105.0,200.0,100.0,9.0,SP-5089牌照螺絲                                                 
1100621GF0000001,EY                  ,1.0,400.0,次   ,0.0,400.0,100.0,6.0,工資                                                          
1100621GF0000001,GVXJ                ,1.0,500.0,組   ,250.0,500.0,100.0,4.0,水箱鋁網                                                        
1100621GF0000001,AFL283578           ,2.0,400.0,組   ,81.8,400.0,100.0,1.0,軟條燈2835-78LED                                               
1100621GF0000001,EY                  ,1.0,500.0,次   ,0.0,500.0,100.0,2.0,工資                                                          
1100608GF0000001,S5RM7TA1E2          ,1.0,600.0,組   ,300.0,600.0,100.0,10.0,那智傑M7長毛避光墊                                                  
1100623GF0000001,R2FVW               ,1.0,150.0,條   ,10.0,150.0,100.0,1.0,繼電器線頭                                                       
1100623GF0000001,1VNV                ,1.0,50.0,各   ,1.0,50.0,100.0,2.0,保險絲(小)                                                      
1100623GF0000001,2VCQ2Q              ,2.0,250.0,各   ,15.0,250.0,100.0,3.0,單芯琥珀燈泡                                                      
1100624GF0000001,AL578USB            ,1.0,250.0,組   ,80.0,250.0,100.0,1.0,AL-578 USB插頭                                                
1100625GF0000001,KR10ZVQW2L          ,1.0,650.0,條   ,180.0,650.0,100.0,1.0,KA10A方向盤套(2L)                                               
1100625GF0000001,3D1F1               ,1.0,200.0,支   ,110.0,200.0,100.0,2.0,3D補漆筆                                                       
1100625GF0000001,T20GV2Q             ,1.0,200.0,各   ,16.0,200.0,100.0,3.0,T20雙芯燈泡                                                     
1100930GF0000001,AFL5050FH           ,1.0,400.0,條   ,108.0,400.0,100.0,5.0,[車牌]12七彩LED                                             
1100930GF0000001,AFL283578           ,1.0,400.0,組   ,81.8,400.0,100.0,6.0,軟條燈2835-78LED                                               
1100930GF0000001,3M2CM               ,1.0,200.0,捲   ,75.0,200.0,100.0,7.0,3M膠*2CM                                                     
1100930GF0000001,PNSTPC004           ,1.0,230.0,組   ,130.0,230.0,100.0,3.0,PNS-TPC004停車告示牌                                             
1100930GF0000001,EY                  ,1.0,500.0,次   ,0.0,500.0,100.0,8.0,工資                                                          
1100930GF0000001,90062Q              ,1.0,250.0,各   ,25.0,250.0,100.0,1.0,9006燈泡                                                      
1101001GF0000001,C55AWFTR            ,1.0,300.0,組   ,128.0,300.0,100.0,5.0,黑珍珠毛毯清潔劑                                                    
1101001GF0000001,GRGS2               ,1.0,100.0,各   ,2.0,100.0,100.0,6.0,雙尖室內燈                                                       
1101001GF0000001,3M2CM               ,1.0,150.0,捲   ,75.0,150.0,100.0,7.0,3M膠*2CM                                                     
1101001GF0000001,EY                  ,1.0,2000.0,次   ,0.0,2000.0,100.0,3.0,工資                                                          
1101001GF0000001,HJX028XR            ,1.0,450.0,組   ,200.0,450.0,100.0,1.0,HJX-028藍鏡                                                   
1101002GF0000001,NOID12R             ,1.0,300.0,組   ,100.0,300.0,100.0,1.0,NOID 12晶室內燈                                                 
1101004GF0000001,G18.52Q             ,4.0,20.0,各   ,4.0,20.0,100.0,9.0,G18.5燈泡                                                     
1101004GF0000001,PNSTPC004           ,1.0,200.0,組   ,130.0,200.0,100.0,10.0,PNS-TPC004停車告示牌                                             
1101004GF0000001,2QG                 ,2.0,35.0,罐   ,15.0,35.0,100.0,4.0,電瓶水                                                         
1110504GF0000001,16G                 ,1.0,350.0,組   ,0.0,350.0,100.0,5.0,16G                                                         
1110504GF0000001,ERQ602Q             ,1.0,2100.0,各   ,1750.0,2100.0,100.0,1.0,國際牌60電瓶                                                     
1110505GF0000001,VBDXEX              ,1.0,100.0,罐   ,55.0,100.0,100.0,1.0,向日葵橘油亮光蠟  [車牌]                                             
1110505GF0000001,PNSSUN05            ,2.0,100.0,組   ,36.3,100.0,100.0,2.0,雙面隔熱靜電隨意貼/2入                                                
1110505GF0000001,HY662               ,1.0,900.0,組   ,520.0,900.0,100.0,3.0,HY-662簡便連結式椅套                                               
1110505GF0000001,H7OSARM222Q         ,1.0,300.0,各   ,90.0,300.0,100.0,4.0,H7OSARM大燈燈泡                                                 
1110505GF0000001,EY                  ,1.0,180.0,次   ,0.0,180.0,100.0,5.0,工資                                                          
1110505GF0000001,RSENH72HY           ,0.5,600.0,組   ,50.0,600.0,100.0,6.0,RSEN H7陶瓷座                                                  
1110505GF0000001,1VNV                ,2.0,10.0,各   ,1.0,10.0,100.0,7.0,保險絲(小)                                                      
1110506GF0000001,TAA095              ,1.0,399.0,組   ,240.0,399.0,100.0,17.0,TA-A095洗車清潔九件組                                              
1110506GF0000001,VBDEFFVE            ,1.0,200.0,各   ,55.0,200.0,100.0,18.0,向日葵鋼圈清洗劑 500G                                               
1110506GF0000001,R588DFW5            ,1.0,450.0,組   ,250.0,450.0,100.0,12.0,R588空氣頭枕                                                    
1110506GF0000001,ZJTUA               ,1.0,300.0,罐   ,85.0,300.0,100.0,13.0,防霧除油膜                                                       
1110506GF0000001,ZEROVRMG18          ,1.0,792.0,支   ,325.0,792.0,100.0,14.0,ZERO矽膠雨刷18吋                                                 
1110506GF0000001,ZEROVRMG18          ,1.0,792.0,支   ,325.0,792.0,100.0,15.0,ZERO矽膠雨刷18吋                                                 
1110506GF0000001,MP3NA5CU            ,1.0,350.0,各   ,160.0,350.0,100.0,19.0,MP3三明治網狀護腰墊                                                 
1100625GF0000001,H4OSRAM2Q           ,2.0,300.0,各   ,48.0,300.0,100.0,4.0,H4 OSRAM燈泡                                                  
1100625GF0000001,ABRO2QR             ,1.0,250.0,罐   ,75.0,250.0,100.0,5.0,ABRO墊片膠                                                     
1100626GF0000001,RSENGVR             ,1.0,200.0,罐   ,70.0,200.0,100.0,11.0,RSEN水箱精                                                     
1100626GF0000001,ABROGV5X            ,1.0,300.0,罐   ,60.0,300.0,100.0,12.0,ABRO水箱止漏劑                                                   
1100626GF0000001,GVE0.9              ,1.0,200.0,各   ,90.0,200.0,100.0,8.0,水箱蓋0.9                                                      
1100626GF0000001,180C5U              ,1.0,1200.0,各   ,450.0,1200.0,100.0,9.0,180後擋遮陽陽                                                    
1100626GF0000001,VBDVATX             ,1.0,200.0,罐   ,65.0,200.0,100.0,6.0,向日葵細目粗蠟                                                     
1100626GF0000001,GN152EF             ,1.0,150.0,組   ,75.0,150.0,100.0,1.0,GN-15雨刷頂高器                                                  
1100626GF0000001,RSENT104RQ          ,1.0,250.0,卡   ,80.0,250.0,100.0,2.0,RSEN T10 4晶                                                 
1100626GF0000001,NOID6SND            ,1.0,250.0,組   ,60.0,250.0,100.0,3.0,NOID 6SND室內燈                                                
1100626GF0000001,F501TAZQW           ,1.0,450.0,捲   ,140.0,450.0,100.0,4.0,F501車門碰條                                                    
1100628GF0000001,WF602Q              ,1.0,2000.0,各   ,1500.0,2000.0,100.0,1.0,湯淺60電瓶                                                      
1100628GF0000001,AV5VC               ,1.0,500.0,組   ,150.0,500.0,100.0,2.0,AV轉換器                                                       
1100629GF0000001,EY                  ,1.0,300.0,次   ,0.0,300.0,100.0,5.0,工資                                                          
1100629GF0000001,PS301GS2            ,1.0,300.0,各   ,100.0,300.0,100.0,6.0,PS-301室內鏡                                                   
1100629GF0000001,EY                  ,1.0,600.0,次   ,0.0,600.0,100.0,7.0,工資                                                          
1100629GF0000001,02EAXTA1E2          ,1.0,600.0,組   ,210.0,600.0,100.0,1.0,02冠美麗長毛避光墊                                                  
1100629GF0000001,MAVTA1E2            ,1.0,800.0,組   ,210.0,800.0,100.0,2.0,MAV(PEAMCY)長毛避光墊                                            
1100629GF0000001,KNOSR               ,1.0,800.0,片   ,350.0,800.0,100.0,3.0,KNOS鏡                                                       
1100630GF0000001,VTRXFV              ,1.0,300.0,組   ,120.0,300.0,100.0,5.0,行車記錄器線                                                      
1100630GF0000001,RSENBEMG20          ,1.0,300.0,支   ,90.0,300.0,100.0,6.0,"RSEN軟骨雨刷 20""                                                "
1100630GF0000001,RSENBEMG            ,1.0,300.0,支   ,90.0,300.0,100.0,3.0,RSEN軟骨雨刷 18吋                                                
1100630GF0000001,G255630GV2Q         ,1.0,550.0,組   ,240.0,550.0,100.0,7.0,G25-5630後煞車燈雙芯燈泡                                            
1100701GF0000001,ACP300XR            ,1.0,480.0,各   ,250.0,480.0,100.0,1.0,ACP-300藍鏡                                                   
1100701GF0000001,AS1VNY              ,1.0,80.0,組   ,20.0,80.0,100.0,2.0,迷你保險絲座                                                      
1100701GF0000001,VTRXFV              ,1.0,300.0,組   ,120.0,300.0,100.0,3.0,行車記錄器線                                                      
1100702GF0000001,CARGTUV             ,1.0,150.0,罐   ,75.0,150.0,100.0,1.0,CAR煞車油(小)                                                   
1100702GF0000001,H1135W22Q           ,2.0,300.0,各   ,90.0,300.0,100.0,2.0,H11 55W 燈泡                                                  
1100703GF0000001,T313HCRCAX          ,1.0,500.0,罐   ,300.0,500.0,100.0,18.0,T-313磁護級三合一護膜                                               
1100630GF0000001,24VGV2Q             ,10.0,20.0,組   ,4.0,20.0,100.0,8.0,24V雙芯燈泡                                                     
1100703GF0000001,GA2SFX1             ,1.0,100.0,組   ,50.0,100.0,100.0,19.0,雙面丹尼去蠟布25*20                                                
1100703GF0000001,2QG                 ,1.0,35.0,罐   ,15.0,35.0,100.0,16.0,電瓶水                                                         
1100703GF0000001,11SWIFETA1E2        ,1.0,599.0,組   ,210.0,599.0,100.0,12.0,11SWIFE長毛避光墊                                                
1100703GF0000001,3D5U1               ,1.0,179.0,組   ,113.0,179.0,100.0,13.0,3D遮陽板                                                       
1100703GF0000001,Z2FX1               ,1.0,500.0,組   ,120.0,500.0,100.0,14.0,防盜器喇叭                                                       
1100703GF0000001,GN007J2WV           ,1.0,300.0,隻   ,75.0,300.0,100.0,9.0,GN-007屋頂天線                                                  
1100703GF0000001,MP3NA5CU            ,1.0,300.0,各   ,160.0,300.0,100.0,10.0,MP3三明治網狀護腰墊                                                 
1100703GF0000001,H722                ,2.0,150.0,各   ,35.0,150.0,100.0,6.0,H7 55W大燈燈泡                                                  
1100703GF0000001,2VCQ2Q              ,2.0,50.0,各   ,15.0,50.0,100.0,7.0,單芯琥珀燈泡                                                      
1100703GF0000001,RT7A2Q              ,1.0,900.0,各   ,550.0,900.0,100.0,3.0,機車7A電瓶                                                      
1100703GF0000001,WF602Q              ,1.0,2000.0,各   ,1500.0,2000.0,100.0,4.0,湯淺60電瓶                                                      
1100703GF0000001,3D1F1               ,1.0,200.0,支   ,110.0,200.0,100.0,1.0,3D補漆筆                                                       
1100705GF0000001,ABTE021             ,1.0,2499.0,組   ,1600.0,2499.0,100.0,5.0,ABT-E021汽車緊急救車電源                                            
1100705GF0000001,XWEYY               ,1.0,350.0,組   ,165.0,350.0,100.0,6.0,輪胎工具組                                                       
1100705GF0000001,VTRXFV              ,1.0,300.0,組   ,120.0,300.0,100.0,3.0,行車記錄器線                                                      
1100705GF0000001,H162Q               ,1.0,350.0,各   ,0.0,350.0,100.0,1.0,H16燈泡                                                       
1100706GF0000001,PS253F25U           ,1.0,300.0,組   ,78.0,300.0,100.0,1.0,PS-253前檔遮陽                                                  
1100706GF0000001,NRW2                ,1.0,200.0,各   ,44.0,200.0,100.0,2.0,四角踏墊                                                        
1100706GF0000001,G18.52Q             ,1.0,20.0,各   ,2.5,20.0,100.0,3.0,G18.5燈泡                                                     
1100707GF0000001,PNSHDF23            ,1.0,320.0,組   ,180.0,320.0,100.0,3.0,4-6吋鋁合金鏡出風口重力手機架                                            
1100707GF0000001,G18.52Q             ,1.0,20.0,各   ,2.5,20.0,100.0,5.0,G18.5燈泡                                                     
1100707GF0000001,WISH5MT5            ,1.0,2200.0,組   ,1040.0,2200.0,100.0,6.0,WISH專用車罩                                                    
1100707GF0000001,10AY23TA1E2         ,1.0,600.0,組   ,210.0,600.0,100.0,1.0,10馬自達3長毛避光墊                                                 
1100708GF0000001,T10552              ,2.0,10.0,各   ,1.0,10.0,100.0,1.0,T10中炸彈                                                      
1100708GF0000001,LD72UVTRXF          ,1.0,3000.0,組   ,1500.0,3000.0,100.0,2.0,LD-7單眼行車記錄器                                                 
1100708GF0000001,V37GRR              ,1.0,350.0,組   ,100.0,350.0,100.0,3.0,V37儀表板手機架                                                   
1100708GF0000001,SA6105UX            ,1.0,700.0,組   ,250.0,700.0,100.0,4.0,SA-610遮陽簾                                                   
1100709GF0000001,T313HCRCAX          ,1.0,650.0,罐   ,300.0,650.0,100.0,7.0,T-313磁護級三合一護膜                                               
1100709GF0000001,NOID24GS2           ,1.0,450.0,組   ,200.0,450.0,100.0,8.0,NOID-01 24SMD室內燈                                            
1100709GF0000001,VBDQEFRR            ,1.0,250.0,罐   ,75.0,250.0,100.0,3.0,向日葵皮革清潔劑                                                    
1100709GF0000001,PNSLXS001           ,1.0,100.0,組   ,35.0,100.0,100.0,4.0,室內燈                                                         
1100709GF0000001,08RAV4FMT           ,1.0,500.0,組   ,170.0,500.0,100.0,5.0,08RAV4晴雨窗                                                   
1100709GF0000001,A5MVEY2             ,2.0,999.0,組   ,400.0,999.0,100.0,1.0,A-5圓形27W9顆工作燈(24V/12V)                                      
1100710GF0000001,20KUGATA1E2         ,1.0,600.0,組   ,210.0,600.0,100.0,1.0,20KUG長毛避光墊                                                  
1100710GF0000001,VBDUMN              ,1.0,550.0,罐   ,300.0,550.0,100.0,3.0,向日葵釉元素                                                      
1100712GF0000001,GS2T                ,2.0,750.0,組   ,140.0,750.0,100.0,4.0,KASILHE室內燈 12V12V                                           
1100712GF0000001,SP5089Q5XN          ,1.0,250.0,組   ,105.0,250.0,100.0,5.0,SP-5089牌照螺絲                                                 
1100712GF0000001,XE2MGG250CC         ,1.0,100.0,罐   ,28.0,100.0,100.0,6.0,Xe2雨刷水 [車牌]                                                
1100712GF0000001,PNSDS001            ,2.0,100.0,組   ,70.0,100.0,100.0,7.0,椅縫邊條塞                                                       
1100712GF0000001,UADFTAADZCQW        ,1.0,350.0,組   ,95.0,350.0,100.0,8.0,悠馬克汽車門檻防護貼條 4入裝                                             
1100712GF0000001,EY                  ,1.0,150.0,次   ,0.0,150.0,100.0,9.0,工資                                                          
1100712GF0000001,RFLN01Q5XN          ,1.0,250.0,組   ,75.0,250.0,100.0,2.0,RF-LN01牌照螺絲                                                 
1100713GF0000001,T20GV2Q             ,1.0,100.0,各   ,16.0,100.0,100.0,19.0,T20雙芯燈泡                                                     
1100713GF0000001,LY903               ,1.0,80.0,組   ,25.0,80.0,100.0,20.0,LY-903大圓鏡                                                   
1100729GF0000001,EY                  ,1.0,2260.0,次   ,0.0,2260.0,100.0,4.0,工資                                                          
1100713GF0000001,S80004BZQW          ,1.0,400.0,組   ,250.0,400.0,100.0,17.0,S-8000(四入)房碰條                                               
1100713GF0000001,G2VY                ,1.0,350.0,組   ,180.0,350.0,100.0,15.0,水滴線組                                                        
1100713GF0000001,RSENBEMG            ,2.0,250.0,支   ,90.0,250.0,100.0,7.0,RSEN軟骨雨刷 18吋                                                
1100713GF0000001,SF00112QE2D         ,1.0,80.0,組   ,25.0,80.0,100.0,8.0,SF-0011頂棚通用型固定扣                                             
1100713GF0000001,RSENT104014242      ,1.0,450.0,組   ,160.0,450.0,100.0,9.0,RSEN T10 4014 24燈                                           
1100713GF0000001,LY601               ,1.0,40.0,組   ,18.0,40.0,100.0,10.0,小圓鏡                                                         
1100713GF0000001,MCJVY2              ,1.0,750.0,組   ,340.0,750.0,100.0,11.0,遠紅外線竹炭極品座墊                                                  
1100713GF0000001,ACP300XR            ,1.0,450.0,各   ,250.0,450.0,100.0,12.0,ACP-300藍鏡                                                   
1100713GF0000001,NO771WVG            ,1.0,250.0,各   ,75.0,250.0,100.0,13.0,NO-77備長炭香水                                                  
1100713GF0000001,PNS2WBGS2           ,1.0,450.0,組   ,150.0,450.0,100.0,5.0,觸控式LED室內燈                                                   
1100713GF0000001,PCBCT2              ,1.0,500.0,組   ,250.0,500.0,100.0,21.0,PCB避震器CD                                                    
1100713GF0000001,VTRXFV              ,1.0,200.0,組   ,120.0,200.0,100.0,3.0,行車記錄器線                                                      
1100714GF0000001,1MT5D               ,1.0,1900.0,組   ,1040.0,1900.0,100.0,1.0,白雲防水車罩-C D                                                  
1100714GF0000001,EY                  ,1.0,100.0,次   ,0.0,100.0,100.0,2.0,工資                                                          
1100715GF0000002,PNSHDF17            ,1.0,350.0,組   ,180.0,350.0,100.0,1.0,飛機款出風口重力手機架                                                 
1100715GF0000002,UD0N                ,1.0,1500.0,組   ,300.0,1500.0,100.0,2.0,遙控暗鎖                                                        
1100715GF0000002,06EAXMG1            ,2.0,1500.0,組   ,900.0,1500.0,100.0,3.0,06冠美麗雨刷臂                                                    
1100715GF0000002,KNOSR               ,1.0,600.0,片   ,350.0,600.0,100.0,4.0,KNOS鏡                                                       
1100715GF0000002,PNSHDF19            ,1.0,400.0,組   ,160.0,400.0,100.0,5.0,4-6吋機械手臂手機架                                                 
1100715GF0000002,EY                  ,1.0,300.0,次   ,0.0,300.0,100.0,6.0,工資                                                          
1100715GF0000002,3D1F1               ,1.0,200.0,支   ,110.0,200.0,100.0,7.0,3D補漆筆                                                       
1100717GF0000001,ERQ602Q             ,2.0,2300.0,各   ,1750.0,2300.0,100.0,10.0,國際牌60電瓶                                                     
1100716GF0000001,5E5R                ,1.0,2500.0,組   ,0.0,2500.0,100.0,1.0,中古主機                                                        
1100716GF0000001,PNSS25              ,1.0,500.0,組   ,170.0,500.0,100.0,2.0,S24大功率三孔插座四USB4.8A                                          
1100717GF0000001,RSENC1XWU           ,1.0,300.0,罐   ,80.0,300.0,100.0,11.0,RSEN環保輪胎油                                                   
1100717GF0000001,T10552              ,2.0,50.0,各   ,1.0,50.0,100.0,7.0,T10中炸彈                                                      
1100717GF0000001,TURBO900622         ,1.0,2500.0,組   ,1200.0,2500.0,100.0,8.0,TU[車牌]LED大燈                                             
1100717GF0000001,AH59ZVQW            ,1.0,650.0,條   ,340.0,650.0,100.0,4.0,AH-59方向盤套                                                   
1100717GF0000001,C55AWFTR            ,1.0,300.0,組   ,128.0,300.0,100.0,5.0,黑珍珠毛毯清潔劑                                                    
1100717GF0000001,UADMGR              ,1.0,150.0,罐   ,60.0,150.0,100.0,6.0,優馬克雨刷精                                                      
1100719GF0000001,VBDSAA1X            ,1.0,550.0,罐   ,280.0,550.0,100.0,6.0,向日葵奈米美白蠟                                                    
1100719GF0000001,VBD2XAF             ,1.0,100.0,組   ,50.0,100.0,100.0,7.0,向日葵打蠟棉球                                                     
1100719GF0000001,VTRXFV              ,1.0,300.0,組   ,120.0,300.0,100.0,3.0,行車記錄器線                                                      
1100719GF0000001,PNSSUNF001XL        ,1.0,399.0,組   ,150.0,399.0,100.0,4.0,汽車前檔遮陽片-XL                                                  
1100719GF0000001,G185630             ,1.0,450.0,卡   ,230.0,450.0,100.0,1.0,G18-魚眼5630-10顆 白光 2入                                        
1100719GF0000001,PNSHDF19            ,1.0,450.0,組   ,160.0,450.0,100.0,8.0,4-6吋機械手臂手機架                                                 
1100719GF0000001,EY                  ,1.0,300.0,次   ,0.0,300.0,100.0,9.0,工資                                                          
1100719GF0000001,GVCQ2Q              ,1.0,50.0,各   ,15.0,50.0,100.0,10.0,雙芯琥珀燈泡                                                      
1100720GF0000001,H4OSRAM2Q           ,1.0,400.0,各   ,48.0,400.0,100.0,1.0,H4 OSRAM燈泡                                                  
1100720GF0000001,PNSSUN05            ,2.0,100.0,組   ,36.3,100.0,100.0,2.0,雙面隔熱靜電隨意貼/2入                                                
1100720GF0000001,929TX               ,1.0,80.0,罐   ,40.0,80.0,100.0,3.0,929粗蠟                                                       
1100720GF0000001,VYRXFVQ             ,1.0,500.0,各   ,120.0,500.0,100.0,4.0,行車記錄器吸盤                                                     
1100721GF0000001,16322T              ,1.0,100.0,各   ,25.0,100.0,100.0,1.0,1632電池                                                      
1100721GF0000001,V29GRR              ,1.0,300.0,組   ,150.0,300.0,100.0,3.0,V29手機架                                                      
1100721GF0000001,S53-1TG1VNY         ,1.0,250.0,組   ,95.0,250.0,100.0,4.0,S53-1 213插式保險絲座/附10A保險絲電器                                   
1100722GF0000001,SF0041              ,1.0,100.0,卡   ,40.0,100.0,100.0,1.0,SF-0041三菱豐田保桿扣                                              
1100722GF0000001,MP35CG              ,1.0,1000.0,組   ,480.0,1000.0,100.0,2.0,MP3轉換器                                                      
1100722GF0000001,VYRXFVQ             ,1.0,300.0,各   ,120.0,300.0,100.0,3.0,行車記錄器吸盤                                                     
1100723GF0000001,TAE001              ,1.0,1600.0,組   ,850.0,1600.0,100.0,5.0,風行者TITAN車用吸塵器                                               
1100723GF0000001,ABROYQUV            ,1.0,400.0,罐   ,130.0,400.0,100.0,6.0,ABRO自排變速箱油防漏油精                                              
1100723GF0000001,DP009Z22TWW         ,1.0,300.0,組   ,180.0,300.0,100.0,7.0,防盜節能電池銅頭(負電斷電器)                                             
1100723GF0000001,HY923W5             ,1.0,300.0,各   ,110.0,300.0,100.0,3.0,HY-923頭枕                                                    
1100724GF0000001,EY                  ,1.0,500.0,次   ,0.0,500.0,100.0,1.0,工資                                                          
1100724GF0000002,MCJVY2              ,2.0,750.0,組   ,340.0,750.0,100.0,7.0,遠紅外線竹炭極品座墊                                                  
1100724GF0000002,MCJVY2              ,1.0,700.0,組   ,340.0,700.0,100.0,8.0,遠紅外線竹炭極品座墊                                                  
1100724GF0000002,EY                  ,1.0,500.0,次   ,0.0,500.0,100.0,5.0,工資                                                          
1100724GF0000002,ZXR                 ,1.0,100.0,罐   ,58.0,100.0,100.0,3.0,防落膠                                                         
1100724GF0000002,ABTB047F22M         ,1.0,3300.0,組   ,2400.0,3300.0,100.0,1.0,鋁合金汽柴油啟動電源                                                  
1100726GF0000001,ERQ602Q             ,1.0,2500.0,各   ,1750.0,2500.0,100.0,3.0,國際牌60電瓶                                                     
1100726GF0000001,RSENT53SMD          ,1.0,250.0,卡   ,100.0,250.0,100.0,4.0,RSEN T5 3SMD(白)                                             
1100726GF0000001,RSENT105630         ,1.0,400.0,卡   ,120.0,400.0,100.0,5.0,RSEN T10 5630 10燈                                           
1100726GF0000001,PS255R2W            ,1.0,100.0,組   ,80.0,100.0,100.0,6.0,PS-255靜電貼                                                   
1100726GF0000001,TJ632A5W            ,1.0,250.0,組   ,125.0,250.0,100.0,7.0,TJ-635面紙套                                                   
1100726GF0000001,EY                  ,1.0,300.0,次   ,0.0,300.0,100.0,8.0,工資                                                          
1100726GF0000001,NOID24GS2           ,1.0,450.0,組   ,200.0,450.0,100.0,9.0,NOID-01 24SMD室內燈                                            
1100726GF0000001,3D1F1               ,1.0,200.0,支   ,110.0,200.0,100.0,10.0,3D補漆筆                                                       
1100726GF0000001,VBDVATX             ,1.0,200.0,罐   ,65.0,200.0,100.0,11.0,向日葵細目粗蠟                                                     
1100726GF0000001,PNSE016             ,1.0,400.0,組   ,70.0,400.0,100.0,1.0,TYPE C手機充電線                                                 
1100727GF0000001,16G                 ,1.0,450.0,組   ,0.0,450.0,100.0,2.0,16G                                                         
1100727GF0000001,VBDV1XCA            ,1.0,500.0,各   ,0.0,500.0,100.0,3.0,向日葵洗不爛海棉                                                    
1100727GF0000001,R1GEX               ,1.0,550.0,罐   ,280.0,550.0,100.0,4.0,激撥水固體蠟                                                      
1100727GF0000001,PNSHXT303           ,1.0,550.0,組   ,210.0,550.0,100.0,5.0,雙風扇-儀錶板用DC12V                                               
1100728GF0000001,TYPERH11CR2Q        ,1.0,1000.0,組   ,170.0,1000.0,100.0,11.0,TYPE-R H11黃金燈泡                                              
1100728GF0000001,RSENGR16R           ,1.0,350.0,組   ,80.0,350.0,100.0,12.0,RSEN雙尖室內燈16晶                                                
1100728GF0000001,INNONANQFMT         ,1.0,1500.0,組   ,600.0,1500.0,100.0,6.0,INNONA(四片)晴雨窗                                               
1100728GF0000001,XXFMT               ,1.0,700.0,各   ,350.0,700.0,100.0,7.0,菱利晴雨窗                                                       
1100728GF0000001,ZEROVRMG26          ,1.0,1000.0,支   ,415.0,1000.0,100.0,8.0,ZERO 26吋矽膠雨刷                                                
1100728GF0000001,ZERO14VRMG          ,1.0,800.0,支   ,290.0,800.0,100.0,9.0,ZERO矽膠雨刷14吋                                                 
1100728GF0000001,WF55D23L2Q          ,1.0,2300.0,各   ,1800.0,2300.0,100.0,4.0,湯淺55D23電瓶                                                   
1100728GF0000001,VBDZJTUQ            ,1.0,250.0,罐   ,55.0,250.0,100.0,1.0,向日葵防霧除油膜                                                    
1100728GF0000001,TVJ1                ,1.0,50.0,條   ,15.0,50.0,100.0,2.0,超纖維布                                                        
1100729GF0000001,08RAV45MW2          ,1.0,850.0,組   ,310.0,850.0,100.0,3.0,08RAV4專用踏墊                                                  
1100730GF0000001,VYRXFVQ             ,1.0,300.0,各   ,120.0,300.0,100.0,1.0,行車記錄器吸盤                                                     
1100730GF0000001,CWTZVBCR            ,1.0,250.0,罐   ,60.0,250.0,100.0,2.0,黑頭車防鏽潤滑劑                                                    
1100730GF0000001,VBDV1XCA            ,1.0,50.0,各   ,0.0,50.0,100.0,3.0,向日葵洗不爛海棉                                                    
1100730GF0000001,GV5XJ               ,1.0,500.0,片   ,230.0,500.0,100.0,4.0,水箱罩鋁網                                                       
1100731GF0000001,GPSWV               ,1.0,700.0,條   ,500.0,700.0,100.0,1.0,GPS天線                                                       
1100802GF0000001,GHA3442DTY          ,1.0,100.0,組   ,50.0,100.0,100.0,3.0,單孔插座/附線                                                     
1100802GF0000001,2V2Q                ,6.0,10.0,各   ,3.0,10.0,100.0,4.0,單芯燈泡                                                        
1100802GF0000001,LEDRG2              ,1.0,1000.0,組   ,500.0,1000.0,100.0,1.0,LED警示燈                                                      
1100803GF0000001,593GUSBY            ,1.0,350.0,組   ,140.0,350.0,100.0,4.0,593雙USB一分三座載充(黑白)                                           
1100803GF0000001,GARMINDRIVE52       ,1.0,3900.0,組   ,3450.0,3900.0,100.0,5.0,GARMIN DRIVE 52導航                                           
1100807GF0000001,ABTE021CB           ,1.0,3000.0,組   ,2000.0,3000.0,100.0,1.0,卡夢旗艦版汽柴油啟動電源                                                
1100807GF0000001,ERQ602Q             ,1.0,2500.0,各   ,1750.0,2500.0,100.0,2.0,國際牌60電瓶                                                     
1100807GF0000001,2VCQ2Q              ,2.0,50.0,各   ,15.0,50.0,100.0,3.0,單芯琥珀燈泡                                                      
1100807GF0000001,99AMMG              ,1.0,350.0,罐   ,220.0,350.0,100.0,4.0,99塗膜式乾燥免雨刷                                                  
1100807GF0000001,6BCA                ,0.5,100.0,包   ,30.0,100.0,100.0,5.0,6入海棉                                                        
1100807GF0000001,ZEROVRMG22G         ,1.0,950.0,支   ,350.0,950.0,100.0,6.0,ZERO矽膠雨刷22吋                                                 
1100807GF0000001,ZJTUA               ,1.0,300.0,罐   ,85.0,300.0,100.0,7.0,防霧除油膜                                                       
1100807GF0000001,H7OSARM222Q         ,1.0,300.0,各   ,90.0,300.0,100.0,8.0,H7OSARM大燈燈泡                                                 
1100809GF0000001,VBDG2A              ,1.0,300.0,各   ,130.0,300.0,100.0,6.0,向日葵水鍍膜                                                      
1100809GF0000001,VBDSAA1X            ,1.0,550.0,罐   ,280.0,550.0,100.0,7.0,向日葵奈米美白蠟                                                    
1100809GF0000001,RSENBEMG22          ,1.0,350.0,支   ,90.0,350.0,100.0,8.0,RSEN軟骨雨刷 22吋                                                
1100809GF0000001,GVCQ2Q              ,1.0,100.0,各   ,15.0,100.0,100.0,9.0,雙芯琥珀燈泡                                                      
1100809GF0000001,PNSSUNF001XL        ,1.0,399.0,組   ,150.0,399.0,100.0,4.0,汽車前檔遮陽片-XL                                                  
1100809GF0000001,09011LEDXR2         ,1.0,2500.0,組   ,650.0,2500.0,100.0,1.0,0[車牌]兩節燈(紅藍)12/24V                                      
1100809GF0000001,AH59ZVQW            ,1.0,650.0,條   ,340.0,650.0,100.0,2.0,AH-59方向盤套                                                   
1100810GF0000001,5EM                 ,1.0,650.0,組   ,300.0,650.0,100.0,6.0,龜行警示燈                                                       
1100810GF0000001,R1F618              ,1.0,1000.0,組   ,450.0,1000.0,100.0,7.0,RSEN(618)警示器                                                
1100810GF0000001,VBDVTR              ,1.0,300.0,罐   ,110.0,300.0,100.0,3.0,向日葵洗車精[車牌]                                                
1100810GF0000001,8YCA                ,1.0,75.0,各   ,30.0,75.0,100.0,4.0,8字海棉                                                        
1100810GF0000001,ARCUY2              ,1.0,400.0,組   ,170.0,400.0,100.0,8.0,護腰麻將座墊                                                      
1100811GF0000001,PNSHGK06            ,1.0,150.0,組   ,30.0,150.0,100.0,7.0,PNS-HGK06椅背掛勾                                               
1100811GF0000001,VBDQEYB1UR          ,1.0,300.0,罐   ,100.0,300.0,100.0,8.0,向日葵皮革滋潤保養液                                                  
1100811GF0000001,2UW                 ,1.0,100.0,組   ,17.0,100.0,100.0,9.0,點菸頭出線                                                       
1100811GF0000001,C55AWFTR            ,1.0,250.0,組   ,128.0,250.0,100.0,1.0,黑珍珠毛毯清潔劑                                                    
1100811GF0000001,PNSP002             ,1.0,199.0,組   ,126.0,199.0,100.0,2.0,多功能伸縮洗車刷                                                    
1100811GF0000001,VBDG2A              ,1.0,300.0,各   ,130.0,300.0,100.0,3.0,向日葵水鍍膜                                                      
1100811GF0000001,3D1F1               ,1.0,200.0,支   ,110.0,200.0,100.0,4.0,3D補漆筆                                                       
1100811GF0000001,T20GV2Q             ,1.0,70.0,各   ,16.0,70.0,100.0,5.0,T20雙芯燈泡                                                     
1100813GF0000001,H1255W              ,1.0,150.0,各   ,28.0,150.0,100.0,1.0,H1 55W燈泡                                                    
1100813GF0000001,VBDXEX              ,1.0,100.0,罐   ,55.0,100.0,100.0,2.0,向日葵橘油亮光蠟  [車牌]                                             
1100814GF0000001,AL529USBTY          ,1.0,300.0,組   ,150.0,300.0,100.0,4.0,AL-[車牌]車載座二合一                                             
1100814GF0000001,AVVCV4.5M           ,1.0,250.0,條   ,100.0,250.0,100.0,5.0,AV訊號線4.5M                                                   
1100814GF0000001,ZEROVRMG24          ,2.0,1000.0,支   ,415.0,1000.0,100.0,1.0,ZERO矽膠雨刷24吋                                                 
1100814GF0000001,REYX2AX             ,1.0,400.0,罐   ,185.0,400.0,100.0,2.0,極光棕梠鍍膜蠟                                                     
1100816GF0000001,GARMINVQR           ,1.0,500.0,各   ,0.0,500.0,100.0,5.0,GARMIN吸盤架                                                   
1100816GF0000001,GHA024              ,1.0,200.0,組   ,80.0,200.0,100.0,6.0,H7轉接座/吊卡                                                    
1100816GF0000001,TYPERH7CR2Q         ,1.0,800.0,組   ,170.0,800.0,100.0,7.0,TYPE-R H7黃金燈泡                                               
1100817GF0000001,KNOSR               ,1.0,600.0,片   ,350.0,600.0,100.0,3.0,KNOS鏡                                                       
1100816GF0000001,2TXWJX              ,1.0,2000.0,組   ,380.0,2000.0,100.0,8.0,倒車雷達外露                                                      
1100816GF0000001,PNSSUN11            ,1.0,300.0,組   ,95.0,300.0,100.0,3.0,前車窗遮陽防蚊罩-L轎車用(後視鏡開)                                         
1100816GF0000001,BHW878BGHY          ,1.0,650.0,組   ,360.0,650.0,100.0,9.0,日式後式餐飲/大                                                    
1100816GF0000001,PNSSCUP04           ,1.0,650.0,組   ,220.0,650.0,100.0,1.0,PU皮革椅縫邊置物盒 2USB 2.4A                                        
1100817GF0000001,HJX030GSR           ,1.0,380.0,組   ,120.0,380.0,100.0,4.0,HJX-030清鏡室內鏡                                                
1100817GF0000001,VBDC1MGR2000ML      ,1.0,300.0,罐   ,85.0,300.0,100.0,5.0,向日葵雨刷精[車牌]                                                
1100817GF0000001,12EAX5MW2           ,1.0,650.0,組   ,310.0,650.0,100.0,6.0,12冠美麗專用踏墊                                                   
1100817GF0000001,EY                  ,1.0,200.0,次   ,0.0,200.0,100.0,1.0,工資                                                          
1100817GF0000001,6H2XCA              ,1.0,130.0,各   ,60.0,130.0,100.0,7.0,6吋打蠟海綿                                                      
1100818GF0000001,FORTISFMT           ,1.0,700.0,組   ,170.0,700.0,100.0,4.0,FORTIS晴雨窗                                                   
1100818GF0000001,VBDXEX              ,1.0,100.0,罐   ,55.0,100.0,100.0,5.0,向日葵橘油亮光蠟  [車牌]                                             
1100818GF0000001,NO2112GRR           ,1.0,450.0,組   ,200.0,450.0,100.0,6.0,NO-[車牌]手機架                                              
1100818GF0000001,VXTWAF5             ,1.0,300.0,組   ,90.0,300.0,100.0,7.0,休旅車透明前遮                                                     
1100818GF0000001,KMWTV               ,1.0,100.0,各   ,40.0,100.0,100.0,8.0,鱷魚頭出線                                                       
1100818GF0000001,ZXR                 ,1.0,100.0,罐   ,58.0,100.0,100.0,2.0,防落膠                                                         
1100818GF0000001,H422VY              ,1.0,650.0,組   ,200.0,650.0,100.0,9.0,H4大燈線組                                                      
1100819GF0000001,500RTCW             ,1.0,350.0,組   ,100.0,350.0,100.0,1.0,[車牌]救車線(銅)                                                 
1100819GF0000001,UJGY                ,1.0,200.0,各   ,15.0,200.0,100.0,2.0,英文數字                                                        
1100820GF0000001,XA                  ,1.0,800.0,次   ,350.0,800.0,100.0,7.0,冷媒                                                          
1100820GF0000001,RSENUE14H           ,1.0,300.0,支   ,70.0,300.0,100.0,8.0,RSEN14吋硬骨雨刷                                                 
1100820GF0000001,BW2                 ,1.0,200.0,條   ,90.0,200.0,100.0,9.0,軟條燈                                                         
1100820GF0000001,H00677              ,1.0,60.0,張   ,30.0,60.0,100.0,10.0,AKRAPOVIC貼紙                                                 
1110114GF0000001,ZXR                 ,1.0,100.0,罐   ,58.0,100.0,100.0,8.0,防落膠                                                         
1110114GF0000001,VIOSFMT             ,1.0,500.0,組   ,300.0,500.0,100.0,9.0,VIOS晴雨窗                                                     
1110107GF0000001,WFJA                ,1.0,600.0,米   ,143.3,600.0,100.0,5.0,導氣碳纖維膜(黑1.52*30)                                            
1110114GF0000001,T10552              ,8.0,10.0,各   ,1.7,10.0,100.0,3.0,T10中炸彈                                                      
1110114GF0000001,G18.52Q             ,4.0,20.0,各   ,4.0,20.0,100.0,4.0,G18.5燈泡                                                     
1110115GF0000001,SAXOQUYFRR          ,1.0,350.0,罐   ,80.0,350.0,100.0,6.0,SAXO噴油嘴清潔劑                                                  
1110115GF0000001,FCGYXN              ,1.0,250.0,組   ,70.0,250.0,100.0,7.0,FC-水鑽牌照螺絲                                                   
1110115GF0000001,SP702               ,1.0,200.0,罐   ,100.0,200.0,100.0,3.0,SP-702電動窗潤滑劑                                                
1110115GF0000001,TVJ1                ,1.0,80.0,條   ,15.0,80.0,100.0,4.0,超纖維布                                                        
1110115GF0000001,VA011               ,1.0,350.0,組   ,180.0,350.0,100.0,1.0,鯊魚仿真口改裝側風引擎裝飾                                               
1110115GF0000001,1VNV                ,2.0,20.0,各   ,1.0,20.0,100.0,8.0,保險絲(小)                                                      
1110115GF0000001,EY                  ,1.0,160.0,次   ,0.0,160.0,100.0,9.0,工資                                                          
1110117GF0000001,YH370FES2XEN        ,1.0,2999.0,組   ,1750.0,2999.0,100.0,9.0,YH-370全功能電力公司                                               
1110117GF0000001,ERQ602Q             ,1.0,2500.0,各   ,1750.0,2500.0,100.0,10.0,國際牌60電瓶                                                     
1110117GF0000001,SF0025              ,1.0,100.0,卡   ,36.0,100.0,100.0,7.0,SF-0025豐田保桿固定扣                                              
1100820GF0000001,CYJW5               ,1.0,200.0,各   ,100.0,200.0,100.0,4.0,海賊王貼紙                                                       
1100820GF0000001,BD0907GQW1          ,1.0,800.0,組   ,120.0,800.0,100.0,11.0,BD-0907手排踏板                                                 
1100820GF0000001,UX02XZVQU           ,1.0,250.0,罐   ,100.0,250.0,100.0,1.0,亞力安動力方向盤油                                                   
1100820GF0000001,ZEROFV1UUR          ,1.0,400.0,罐   ,180.0,400.0,100.0,2.0,ZERO全效保養汽車精[車牌]                                            
1100821GF0000001,PNSDS002WVJUZW      ,2.0,170.0,組   ,70.0,170.0,100.0,7.0,PNS-DS002碳纖維椅邊縫塞條                                           
1100821GF0000001,H00677              ,1.0,60.0,張   ,30.0,60.0,100.0,8.0,AKRAPOVIC貼紙                                                 
1100823GF0000001,EY                  ,1.0,500.0,次   ,0.0,500.0,100.0,4.0,工資                                                          
1100821GF0000001,RSENT20352RA2V      ,1.0,650.0,組   ,280.0,650.0,100.0,3.0,RSEN T20 S35解碼單芯                                            
1100821GF0000001,VBDVATX             ,1.0,200.0,罐   ,65.0,200.0,100.0,4.0,向日葵細目粗蠟                                                     
1100821GF0000001,AFL283578           ,2.0,500.0,組   ,81.8,500.0,100.0,5.0,軟條燈2835-78LED                                               
1100821GF0000001,12ELANTRATA1E2      ,1.0,799.0,組   ,220.0,799.0,100.0,1.0,12ELANTRA長毛避光墊                                              
1100823GF0000001,H722                ,1.0,250.0,各   ,35.0,250.0,100.0,5.0,H7 55W大燈燈泡                                                  
1100824GF0000001,INNONACVN           ,4.0,500.0,各   ,350.0,500.0,100.0,1.0,INNONA火星塞                                                   
1100823GF0000001,QXA-TA1E2           ,1.0,600.0,組   ,210.0,600.0,100.0,2.0,波羅蜜爾長毛避光墊                                                   
1100826GF0000001,3D1F1               ,1.0,200.0,支   ,110.0,200.0,100.0,1.0,3D補漆筆                                                       
1100825GF0000001,1A2E                ,2.0,150.0,組   ,50.0,150.0,100.0,1.0,1母2公                                                        
1100825GF0000001,RSEN02F             ,1.0,1200.0,各   ,400.0,1200.0,100.0,2.0,RSEN安定器                                                     
1100827GF0000001,RSEN55ZVQW          ,1.0,550.0,條   ,250.0,550.0,100.0,5.0,RSEN55方向盤套                                                  
1100827GF0000001,UJGY                ,2.0,100.0,各   ,15.0,100.0,100.0,6.0,英文數字                                                        
1100827GF0000001,500APRTV            ,2.0,450.0,組   ,220.0,450.0,100.0,3.0,[車牌]救車線                                                    
1100828GF0000001,UJGY                ,4.0,50.0,各   ,15.0,50.0,100.0,1.0,英文數字                                                        
1100827GF0000001,H422                ,1.0,250.0,各   ,28.0,250.0,100.0,1.0,H4大燈燈泡 55W                                                  
1100828GF0000001,AEGV2Q3157          ,0.5,600.0,各   ,55.0,600.0,100.0,2.0,3157美規雙芯燈泡 2入                                               
1100901GF0000001,ROGUETA1E2          ,1.0,700.0,組   ,210.0,700.0,100.0,3.0,ROGUE2.5長毛避光墊                                               
1100901GF0000001,K00372              ,1.0,100.0,各   ,50.0,100.0,100.0,4.0,彩繪貼紙/XX貼紙                                                   
1100901GF0000001,BB1361              ,1.0,120.0,張   ,33.0,120.0,100.0,5.0,割字新手駕駛 可愛貓咪                                                 
1100901GF0000001,K00172              ,1.0,100.0,張   ,50.0,100.0,100.0,6.0,BL TZ/貼紙                                                    
1100901GF0000001,S27C-1TG1VNY        ,1.0,250.0,組   ,95.0,250.0,100.0,1.0,S27C-1插式附迷你(211)保險絲座                                        
1100903GF0000001,3D1F1               ,1.0,200.0,支   ,110.0,200.0,100.0,7.0,3D補漆筆                                                       
1100903GF0000001,1W                  ,1.0,100.0,組   ,55.0,100.0,100.0,8.0,補土                                                          
1100903GF0000001,H00338              ,1.0,60.0,張   ,30.0,60.0,100.0,9.0,BABY IN CAR/熊熊                                              
1100902GF0000001,EY                  ,1.0,50.0,次   ,0.0,50.0,100.0,1.0,工資                                                          
1100902GF0000001,J2WV2               ,1.0,300.0,組   ,100.0,300.0,100.0,2.0,屋頂天線(短)                                                     
1100903GF0000001,PNS07HD69           ,1.0,350.0,組   ,100.0,350.0,100.0,5.0,9吋手機平板架                                                     
1100903GF0000001,ERQ55D23L2Q         ,1.0,2700.0,各   ,2100.0,2700.0,100.0,1.0,國際牌70D23L電瓶瓶                                                
1100903GF0000001,PS255R2W            ,2.0,200.0,組   ,80.0,200.0,100.0,2.0,PS-255靜電貼                                                   
1100903GF0000001,CHEERS1540RU        ,2.0,250.0,罐   ,100.0,250.0,100.0,3.0,CHEERS 15/40機油                                              
1100904GF0000001,FAGEUW              ,2.0,550.0,組   ,180.0,550.0,100.0,8.0,氣密式隔音條1.0cm                                                 
1100904GF0000001,CY052               ,1.0,250.0,組   ,80.0,250.0,100.0,9.0,CY-652安全護套                                                  
1100904GF0000001,IDRH6.5K            ,1.0,4000.0,組   ,900.0,4000.0,100.0,6.0,ID RH6.5K分音喇叭                                               
1100904GF0000001,6H2EF               ,1.0,500.0,各   ,100.0,500.0,100.0,10.0,6吋墊高器                                                       
1100906GF0000001,PNSSC002            ,1.0,300.0,組   ,160.0,300.0,100.0,6.0,雙層3D蜂巢椅座墊-冰涼氣墊                                              
1100904GF0000001,06EAXTA1E2          ,1.0,600.0,組   ,210.0,600.0,100.0,3.0,06冠美麗長毛避光墊                                                  
1100904GF0000001,NOIDNRMG20          ,1.0,300.0,組   ,100.0,300.0,100.0,12.0,NOID三節雨刷 20吋                                                
1101112GF0000001,RSENMGR             ,1.0,150.0,罐   ,70.0,150.0,100.0,2.0,RSEN雨刷精                                                     
1100904GF0000001,3MR1CM              ,1.0,80.0,卷   ,50.0,80.0,100.0,4.0,3M膠*1CM                                                     
1100906GF0000001,EY                  ,1.0,300.0,次   ,0.0,300.0,100.0,7.0,工資                                                          
1100906GF0000001,ZJTUA               ,1.0,300.0,罐   ,85.0,300.0,100.0,8.0,防霧除油膜                                                       
1100906GF0000001,MP35CG              ,1.0,1000.0,組   ,480.0,1000.0,100.0,9.0,MP3轉換器                                                      
1100906GF0000001,EY                  ,1.0,200.0,次   ,0.0,200.0,100.0,10.0,工資                                                          
1100906GF0000001,PNSSUN007           ,1.0,350.0,組   ,90.0,350.0,100.0,11.0,車窗遮陽防蚊罩                                                     
1100906GF0000001,PNSSUN05            ,1.0,100.0,組   ,36.3,100.0,100.0,12.0,雙面隔熱靜電隨意貼/2入                                                
1100906GF0000001,16G                 ,1.0,450.0,組   ,0.0,450.0,100.0,13.0,16G                                                         
1100906GF0000001,AIDO24HMG           ,1.0,600.0,支   ,100.0,600.0,100.0,4.0,AIDO 24吋雨刷                                                  
1100906GF0000001,TYPER9012T1E2Q      ,1.0,1000.0,組   ,350.0,1000.0,100.0,2.0,TYPE-R 9012超白光燈泡                                            
1100907GF0000001,12FVRU5XR           ,1.0,600.0,罐   ,100.0,600.0,100.0,6.0,八大全效機油精                                                     
1100907GF0000001,ZEROFV1UUR          ,1.0,400.0,罐   ,180.0,400.0,100.0,7.0,ZERO全效保養汽車精[車牌]                                            
1100907GF0000001,SAXO1040            ,5.0,350.0,罐   ,110.0,350.0,100.0,8.0,SAXO 10W/40機油                                               
1100907GF0000001,FCOUSUV             ,1.0,250.0,各   ,100.0,250.0,100.0,9.0,FCOUS油芯                                                     
1100907GF0000001,3MR1CM              ,1.0,100.0,卷   ,50.0,100.0,100.0,4.0,3M膠*1CM                                                     
1100907GF0000001,V2008CGR            ,1.0,450.0,各   ,110.0,450.0,100.0,10.0,V-2008後視鏡                                                   
1100907GF0000001,PNS07HD69           ,1.0,350.0,組   ,100.0,350.0,100.0,1.0,9吋手機平板架                                                     
1100908GF0000001,SF0044              ,1.0,100.0,組   ,50.0,100.0,100.0,1.0,SF-0044內板通用扣                                                
1100909GF0000001,CHEERS1540RU        ,3.0,300.0,罐   ,100.0,300.0,100.0,1.0,CHEERS 15/40機油                                              
1100910GF0000001,2QG                 ,2.0,35.0,罐   ,15.0,35.0,100.0,7.0,電瓶水                                                         
1100910GF0000001,E00897              ,1.0,40.0,張   ,15.0,40.0,100.0,8.0,OHLIN/銀龍                                                    
1100910GF0000001,F00341B             ,1.0,30.0,張   ,20.0,30.0,100.0,9.0,MOYOR SPORT/貼紙                                              
1100910GF0000001,F203BFHZG           ,1.0,400.0,組   ,150.0,400.0,100.0,5.0,F203B七彩多功能風扇                                                
1100910GF0000001,BC608               ,1.0,1350.0,組   ,400.0,1350.0,100.0,3.0,BC608變壓器12V-110V(300W)                                      
1100911GF0000001,WISHUV              ,1.0,100.0,各   ,65.0,100.0,100.0,1.0,WISH油芯                                                      
1100910GF0000001,1E2A                ,2.0,150.0,各   ,50.0,150.0,100.0,10.0,1公2母                                                        
1100911GF0000001,ZEROFV1UUR          ,1.0,400.0,罐   ,400.0,400.0,100.0,2.0,ZERO全效保養汽車精[車牌]                                            
1100911GF0000001,ERQ602Q             ,1.0,2300.0,各   ,1750.0,2300.0,100.0,3.0,國際牌60電瓶                                                     
1100910GF0000001,VBDQEYB1UR          ,1.0,250.0,罐   ,100.0,250.0,100.0,1.0,向日葵皮革滋潤保養液                                                  
1100913GF0000001,PNSHG03             ,1.0,200.0,組   ,20.0,200.0,100.0,1.0,萬用掛勾 後頭枕 無私角                                                
1100913GF0000001,EY                  ,1.0,550.0,次   ,0.0,550.0,100.0,2.0,工資                                                          
1100913GF0000001,G255630GV2Q         ,1.0,550.0,組   ,240.0,550.0,100.0,3.0,G25-5630後煞車燈雙芯燈泡                                            
1100913GF0000001,K00372              ,1.0,100.0,各   ,50.0,100.0,100.0,4.0,彩繪貼紙/XX貼紙                                                   
1100914GF0000001,GS2LM8005           ,1.0,400.0,組   ,140.0,400.0,100.0,1.0,LM-8005室內燈(水晶)12V                                           
1100915GF0000001,BW260CM             ,0.5,300.0,條   ,80.0,300.0,100.0,1.0,軟條燈60CM                                                     
1100915GF0000001,ERQ602Q             ,1.0,2300.0,各   ,1750.0,2300.0,100.0,2.0,國際牌60電瓶                                                     
1100915GF0000001,YH368FDS2XEN        ,1.0,1999.0,組   ,1550.0,1999.0,100.0,3.0,YH-368全功能電力公司                                               
1100916GF0000001,T5T                 ,1.0,500.0,組   ,100.0,500.0,100.0,11.0,車中床                                                         
1100916GF0000001,XY2                 ,1.0,400.0,各   ,230.0,400.0,100.0,12.0,藍坐墊                                                         
1100916GF0000001,ZW                  ,1.0,800.0,次   ,0.0,800.0,100.0,9.0,廢鐵                                                          
1100916GF0000001,GARMINDRIVE52       ,1.0,4000.0,組   ,3450.0,4000.0,100.0,3.0,GARMIN DRIVE 52導航                                           
1100916GF0000001,WF0096NTD           ,1.0,200.0,組   ,70.0,200.0,100.0,4.0,WF-0096三插孔                                                  
1100916GF0000001,02EAXTA1E2          ,1.0,500.0,組   ,210.0,500.0,100.0,5.0,02冠美麗長毛避光墊                                                  
1100916GF0000001,FA002               ,1.0,200.0,組   ,60.0,200.0,100.0,6.0,椅背掛勾(黑色)                                                    
1100916GF0000001,RSENT104014242      ,1.0,500.0,組   ,160.0,500.0,100.0,7.0,RSEN T10 4014 24燈                                           
1100916GF0000001,5EVTRXF             ,1.0,1300.0,組   ,0.0,1300.0,100.0,1.0,中古行車記錄器                                                     
1100917GF0000001,2XAW6HQE            ,1.0,100.0,各   ,55.0,100.0,100.0,1.0,6吋打蠟拋光棉套                                                    
1100917GF0000001,SAXO1040            ,4.0,350.0,罐   ,110.0,350.0,100.0,2.0,SAXO 10W/40機油                                               
1100917GF0000001,VR1RUV              ,1.0,100.0,各   ,30.0,100.0,100.0,3.0,新尖兵機油芯                                                      
1100918GF0000001,PNSSFIN0010F2D      ,1.0,200.0,組   ,50.0,200.0,100.0,1.0,多功能安全帶扣                                                     
1100918GF0000001,T20GV2Q             ,1.0,70.0,各   ,16.0,70.0,100.0,2.0,T20雙芯燈泡                                                     
1100918GF0000001,EY                  ,1.0,500.0,次   ,0.0,500.0,100.0,3.0,工資                                                          
1100922GF0000001,LY520CGR            ,1.0,450.0,組   ,110.0,450.0,100.0,6.0,LY-520後視鏡                                                   
1100922GF0000001,CARDIOCA700.1A      ,1.0,11000.0,組   ,6800.0,11000.0,100.0,7.0,CARDIO CA-700.1A安卓主機                                        
1100922GF0000001,A095                ,1.0,550.0,條   ,100.0,550.0,100.0,8.0,A095方向盤套                                                    
1100922GF0000001,PNSHDF23            ,1.0,350.0,組   ,180.0,350.0,100.0,9.0,4-6吋鋁合金鏡出風口重力手機架                                            
1100922GF0000001,PNSHG305            ,1.0,200.0,組   ,60.0,200.0,100.0,10.0,雙掛勾 後頭枕 360度旋轉                                              
1100922GF0000001,V2A5WC              ,1.0,1099.0,各   ,550.0,1099.0,100.0,4.0,吸頂面紙套                                                       
1100922GF0000001,HY662               ,2.0,999.0,組   ,520.0,999.0,100.0,11.0,HY-662簡便連結式椅套                                               
1100923GF0000001,PNSF410BK12         ,1.0,700.0,組   ,250.0,700.0,100.0,1.0,3.5吋雙頭風扇(停車號碼牌)DC12V                                        
1100923GF0000001,KYOROKU530RU        ,1.0,500.0,罐   ,160.5,500.0,100.0,2.0,巨力5/30汽柴機油                                                  
1100924GF0000001,PCBCT2              ,1.0,800.0,組   ,250.0,800.0,100.0,1.0,PCB避震器CD                                                    
1100924GF0000001,T20GV2Q             ,2.0,70.0,各   ,16.0,70.0,100.0,2.0,T20雙芯燈泡                                                     
1100925GF0000001,1MVXTT5XL           ,1.0,3000.0,組   ,1500.0,3000.0,100.0,5.0,白雲休旅車車罩-4WD/XL                                              
1100925GF0000001,H422                ,1.0,100.0,各   ,28.0,100.0,100.0,6.0,H4大燈燈泡 55W                                                  
1100925GF0000001,1VNV                ,4.0,10.0,各   ,1.0,10.0,100.0,3.0,保險絲(小)                                                      
1100925GF0000001,AL5003TY-CU         ,1.0,300.0,組   ,150.0,300.0,100.0,1.0,AL-5003車載二合一                                                
1100927GF0000001,MP35CG              ,1.0,1000.0,組   ,480.0,1000.0,100.0,1.0,MP3轉換器                                                      
1100927GF0000001,T09GRR              ,1.0,250.0,組   ,120.0,250.0,100.0,2.0,T09手機出風口手機架                                                 
1100928GF0000001,DRG15FCTFA          ,1.0,1000.0,組   ,600.0,1000.0,100.0,1.0,DRG(二入)避震器緩衝器/A                                             
1100928GF0000001,ABT369FY            ,1.0,450.0,組   ,250.0,450.0,100.0,2.0,ABT-369氣嘴                                                   
1100928GF0000001,SF1269              ,1.0,80.0,各   ,40.0,80.0,100.0,3.0,保險絲座                                                        
1100922GF0000001,VIOS5MTX            ,1.0,3300.0,組   ,2030.0,3300.0,100.0,12.0,VIOS專用窗簾                                                    
1100929GF0000002,VAUV                ,1.0,100.0,各   ,70.0,100.0,100.0,1.0,喜美油芯                                                        
1100929GF0000002,NB1040              ,4.0,500.0,罐   ,200.0,500.0,100.0,2.0,NB 10/40機油                                                  
1100929GF0000002,LEXUS5MW2           ,1.0,950.0,組   ,250.0,950.0,100.0,3.0,LEXUS專用踏墊                                                   
1110107GF0000001,NOIDNRMG22          ,1.0,350.0,支   ,100.0,350.0,100.0,4.0,NOID三節雨刷 22吋                                                
1110107GF0000001,3013.105V           ,1.0,300.0,組   ,140.0,300.0,100.0,1.0,301 3.1a蘋果+安卓線                                              
1110107GF0000001,ZEROVRMG18          ,1.0,800.0,支   ,325.0,800.0,100.0,2.0,ZERO矽膠雨刷18吋                                                 
1110108GF0000001,PNSSW003            ,1.0,500.0,條   ,240.0,500.0,100.0,3.0,真皮黑色紅邊 打孔透氣防滑方向盤套                                           
1110108GF0000001,DAYQQWW             ,1.0,1300.0,組   ,280.0,1300.0,100.0,4.0,卡夢自排檔頭                                                      
1110108GF0000001,VIOSFMT             ,1.0,500.0,組   ,300.0,500.0,100.0,1.0,VIOS晴雨窗                                                     
1110110GF0000001,SF1269              ,1.0,75.0,各   ,40.0,75.0,100.0,21.0,保險絲座                                                        
1110110GF0000001,2TXWSDXU            ,1.0,800.0,組   ,380.0,800.0,100.0,22.0,倒車雷達內崁兩眼-禾麟                                                 
1110110GF0000001,3MR1CM              ,1.0,100.0,卷   ,50.0,100.0,100.0,23.0,3M膠*1CM                                                     
1110110GF0000001,1MT5D               ,1.0,1750.0,組   ,1080.0,1750.0,100.0,15.0,白雲防水車罩-C D                                                  
1110110GF0000001,T5286U112           ,1.0,40.0,卡   ,18.0,40.0,100.0,16.0,T5 286儀表板登2入 清光                                             
1110110GF0000001,AL578USB            ,1.0,250.0,組   ,80.0,250.0,100.0,17.0,AL-578 USB插頭                                                
1110110GF0000001,MP35C1NS13          ,1.0,1000.0,組   ,580.0,1000.0,100.0,18.0,倍思T貓頭S13-快衝音樂撥放器                                            
1110110GF0000001,16G                 ,1.0,550.0,組   ,0.0,550.0,100.0,19.0,16G                                                         
1110117GF0000001,H324V1002Q          ,5.0,150.0,各   ,50.0,150.0,100.0,5.0,H3 24V 100W燈泡                                               
1101004GF0000001,1E2A                ,2.0,150.0,各   ,50.0,150.0,100.0,5.0,1公2母                                                        
1101004GF0000001,8#2MV               ,4.0,100.0,米   ,38.0,100.0,100.0,6.0,8#電源線                                                       
1101004GF0000001,AVVCV4.5M           ,1.0,200.0,條   ,100.0,200.0,100.0,7.0,AV訊號線4.5M                                                   
1101004GF0000001,4AWCYW              ,2.0,50.0,各   ,20.0,50.0,100.0,1.0,4AMG Y頭                                                     
1101004GF0000001,AL22751R            ,2.0,250.0,各   ,120.0,250.0,100.0,2.0,AL-2275後座杯架                                                 
1101005GF0000001,T20GV2Q             ,1.0,70.0,各   ,16.0,70.0,100.0,6.0,T20雙芯燈泡                                                     
1101005GF0000001,OBT2FHWWVGF         ,1.0,2800.0,組   ,1000.0,2800.0,100.0,7.0,OBT抬頭顯示器                                                    
1101005GF0000001,3D1F1               ,2.0,200.0,支   ,110.0,200.0,100.0,8.0,3D補漆筆                                                       
1101005GF0000001,A095                ,1.0,500.0,條   ,100.0,500.0,100.0,1.0,A095方向盤套                                                    
1101005GF0000001,Z260VG              ,1.0,250.0,組   ,125.0,250.0,100.0,4.0,Z260大牙香水                                                    
1101006GF0000001,PNSS23TY            ,1.0,300.0,組   ,120.0,300.0,100.0,6.0,車用單孔插座+雙USB                                                 
1101006GF0000001,EY                  ,1.0,500.0,次   ,0.0,500.0,100.0,7.0,工資                                                          
1101006GF0000001,XE2MGR500           ,1.0,150.0,罐   ,42.0,150.0,100.0,1.0,XE2雙管超濃雨刷精 [車牌]                                            
1101006GF0000001,GN5V                ,1.0,300.0,罐   ,140.0,300.0,100.0,2.0,雙色之星香水                                                      
1100904GF0000001,NOIDNRMG24          ,1.0,300.0,支   ,100.0,300.0,100.0,11.0,NOID三節雨刷 24吋                                                
1101006GF0000001,VBDVATX             ,1.0,200.0,罐   ,65.0,200.0,100.0,3.0,向日葵細目粗蠟                                                     
1101006GF0000001,SA6105UX            ,1.0,700.0,組   ,250.0,700.0,100.0,4.0,SA-610遮陽簾                                                   
1101007GF0000001,S80004BZQW          ,1.0,400.0,組   ,250.0,400.0,100.0,1.0,S-8000(四入)房碰條                                               
1101007GF0000001,AFL5050FH           ,1.0,350.0,條   ,108.0,350.0,100.0,2.0,[車牌]12七彩LED                                             
1101007GF0000001,H11OSARM2Q          ,2.0,200.0,各   ,120.0,200.0,100.0,3.0,H11 OSARM燈泡                                                 
1101007GF0000001,H722                ,2.0,150.0,各   ,35.0,150.0,100.0,4.0,H7 55W大燈燈泡                                                  
1101009GF0000001,H422                ,1.0,200.0,各   ,28.0,200.0,100.0,20.0,H4大燈燈泡 55W                                                  
1101009GF0000001,T10552              ,2.0,50.0,各   ,1.7,50.0,100.0,21.0,T10中炸彈                                                      
1101008GF0000001,AFL5050FH           ,1.0,350.0,條   ,108.0,350.0,100.0,1.0,[車牌]12七彩LED                                             
1101008GF0000001,4RR2F               ,1.0,100.0,各   ,35.0,100.0,100.0,2.0,4角繼電器                                                       
1101008GF0000001,R2FVW               ,1.0,50.0,條   ,10.0,50.0,100.0,3.0,繼電器線頭                                                       
1101008GF0000001,LY520CGR            ,1.0,450.0,組   ,110.0,450.0,100.0,4.0,LY-520後視鏡                                                   
1101009GF0000001,TYPERH4CR           ,1.0,1000.0,組   ,170.0,1000.0,100.0,17.0,TYPE-R H4黃金燈泡                                               
1101009GF0000001,GHA308              ,1.0,300.0,組   ,120.0,300.0,100.0,22.0,馬自達大燈轉接座                                                    
1101009GF0000001,XFXJALTIS           ,1.0,450.0,各   ,150.0,450.0,100.0,15.0,冷氣濾網 ALTIS                                                  
1101009GF0000001,SENFINCEODFFRR      ,1.0,500.0,罐   ,180.0,500.0,100.0,13.0,西德SENFINCEO空氣清潔劑9980                                        
1101009GF0000001,CB1107UCE           ,1.0,200.0,各   ,90.0,200.0,100.0,11.0,CB-1107菸灰缸                                                  
1101009GF0000001,5CMZQW              ,1.0,550.0,卷   ,250.0,550.0,100.0,23.0,5cm防碰條                                                      
1101009GF0000001,NOID24GS2           ,1.0,400.0,組   ,200.0,400.0,100.0,8.0,NOID-01 24SMD室內燈                                            
1101009GF0000001,EY                  ,1.0,150.0,次   ,0.0,150.0,100.0,9.0,工資                                                          
1101009GF0000001,7CMZQW              ,1.0,550.0,卷   ,250.0,550.0,100.0,6.0,7CM防碰條                                                      
1101009GF0000001,2UFY4.8A            ,1.0,600.0,組   ,290.0,600.0,100.0,24.0,點煙座 4.8A 12V 1+2+1 NIKE                                     
1101009GF0000001,AFL5050FH           ,1.0,550.0,條   ,108.0,550.0,100.0,25.0,[車牌]12七彩LED                                             
1101009GF0000001,2V2Q                ,5.0,10.0,各   ,3.0,10.0,100.0,26.0,單芯燈泡                                                        
1101009GF0000001,GV2Q                ,5.0,10.0,各   ,3.5,10.0,100.0,27.0,雙芯燈泡                                                        
1101011GF0000001,PNSS27              ,1.0,300.0,組   ,150.0,300.0,100.0,1.0,PNS-S27QC3.0A*2USB車充                                        
1101012GF0000001,3D1F1               ,2.0,200.0,支   ,110.0,200.0,100.0,1.0,3D補漆筆                                                       
1101013GF0000001,LY601               ,1.0,40.0,組   ,18.0,40.0,100.0,8.0,小圓鏡                                                         
1101005GF0000001,NOIDNRMG18          ,1.0,300.0,支   ,100.0,300.0,100.0,9.0,NOID三節雨刷 18吋                                                
1101005GF0000001,NOIDNRMG22          ,1.0,300.0,支   ,100.0,300.0,100.0,10.0,NOID三節雨刷 22吋                                                
1101013GF0000001,ALTISERR            ,1.0,1000.0,組   ,300.0,1000.0,100.0,9.0,10ALTIS廣角鏡                                                  
1101013GF0000001,VBDVATX             ,1.0,200.0,罐   ,65.0,200.0,100.0,10.0,向日葵細目粗蠟                                                     
1101013GF0000001,TVJ1                ,1.0,100.0,條   ,15.0,100.0,100.0,11.0,超纖維布                                                        
1101013GF0000001,2GE                 ,1.0,999.0,組   ,400.0,999.0,100.0,6.0,大聲公(918)                                                    
1101014GF0000001,KNOSR               ,1.0,700.0,片   ,350.0,700.0,100.0,5.0,KNOS鏡                                                       
1101013GF0000001,H00799              ,1.0,60.0,張   ,30.0,60.0,100.0,4.0,JORGE LORENZO 貼紙                                            
1101013GF0000001,2TFR2               ,1.0,1000.0,組   ,390.0,1000.0,100.0,2.0,2T千斤頂                                                       
1101014GF0000001,E5NRR               ,1.0,350.0,組   ,100.0,350.0,100.0,6.0,故障三腳架                                                       
1101014GF0000001,GRGS2               ,1.0,50.0,各   ,2.0,50.0,100.0,7.0,雙尖室內燈                                                       
1101014GF0000001,82VA5MMG            ,1.0,850.0,組   ,350.0,850.0,100.0,3.0,12-168代喜美專用雨刷                                               
1101014GF0000001,PNSSW001            ,1.0,500.0,條   ,164.0,500.0,100.0,1.0,黑色真皮方向盤套                                                    
1101016GF0000001,ABTE040             ,1.0,1080.0,組   ,580.0,1080.0,100.0,2.0,ABT-E040Q3.0黑(3孔4USB)                                       
1101016GF0000001,KY359FE             ,1.0,230.0,各   ,90.0,230.0,100.0,3.0,KY-359旗桿                                                    
1101016GF0000001,MP35CG              ,1.0,1000.0,組   ,480.0,1000.0,100.0,4.0,MP3轉換器                                                      
1101016GF0000001,DIYEUW              ,1.0,300.0,組   ,80.0,300.0,100.0,5.0,DIY隔音條                                                      
1101018GF0000001,G255630GV2Q         ,1.0,550.0,組   ,240.0,550.0,100.0,4.0,G25-5630後煞車燈雙芯燈泡                                            
1101018GF0000001,T10552              ,2.0,50.0,各   ,1.7,50.0,100.0,5.0,T10中炸彈                                                      
1101018GF0000001,24V2V2Q             ,3.0,20.0,各   ,3.5,20.0,100.0,6.0,24V單芯燈泡                                                     
1101018GF0000001,24VGV2Q             ,10.0,20.0,組   ,4.0,20.0,100.0,7.0,24V雙芯燈泡                                                     
1101019GF0000001,16322T              ,2.0,100.0,各   ,25.0,100.0,100.0,5.0,1632電池                                                      
1101019GF0000001,SF12501VNY          ,1.0,100.0,組   ,15.0,100.0,100.0,6.0,SF-1250保險絲座                                                 
1101019GF0000001,LK1VTRXF            ,1.0,2000.0,組   ,1000.0,2000.0,100.0,7.0,LK-1行車記錄器                                                   
1101018GF0000001,TAD013              ,1.0,1200.0,組   ,600.0,1200.0,100.0,2.0,象王5T千斤頂                                                     
1101019GF0000001,PNSDBC0251R         ,1.0,400.0,組   ,240.0,400.0,100.0,3.0,一分二旋轉置杯架                                                    
1101019GF0000001,MP35CG              ,1.0,1000.0,組   ,480.0,1000.0,100.0,1.0,MP3轉換器                                                      
1101020GF0000001,POSEN16H            ,0.5,300.0,組   ,70.0,300.0,100.0,3.0,POSEN 16吋雨刷                                                 
1101020GF0000001,POSEN18H            ,0.5,300.0,組   ,70.0,300.0,100.0,4.0,POSEN 18吋雨刷                                                 
1101020GF0000001,RSENUG24HMG         ,1.0,300.0,支   ,70.0,300.0,100.0,5.0,RSEN硬式雨刷 24吋                                                
1101020GF0000001,POSEN20H            ,0.5,300.0,組   ,70.0,300.0,100.0,6.0,POSEN 20吋雨刷                                                 
1101020GF0000001,WF55D23L2Q          ,1.0,2400.0,各   ,1800.0,2400.0,100.0,1.0,湯淺55D23電瓶                                                   
1101022GF0000001,J00349CMG           ,1.0,400.0,支   ,130.0,400.0,100.0,1.0,J00349後雨刷                                                   
1101023GF0000001,T09GRR              ,1.0,250.0,組   ,120.0,250.0,100.0,8.0,T09手機出風口手機架                                                 
1101023GF0000001,PNSHD05             ,1.0,350.0,組   ,120.0,350.0,100.0,9.0,7-10吋頭枕手機架                                                  
1101023GF0000001,PNSSFIN0010F2D      ,1.0,200.0,組   ,50.0,200.0,100.0,6.0,多功能安全帶扣                                                     
1101023GF0000001,RSEN56ZVQW          ,1.0,650.0,條   ,250.0,650.0,100.0,4.0,RSEN-56牛皮方向盤套                                               
1101026GF0000002,VBDXEX              ,5.0,100.0,罐   ,55.0,100.0,100.0,1.0,向日葵橘油亮光蠟  [車牌]                                             
1101026GF0000002,90062Q              ,2.0,200.0,各   ,90.0,200.0,100.0,2.0,9006燈泡                                                      
1101027GF0000001,SF0041              ,1.0,100.0,卡   ,40.0,100.0,100.0,7.0,SF-0041三菱豐田保桿扣                                              
1101027GF0000001,SF0016              ,1.0,100.0,卡   ,40.0,100.0,100.0,8.0,通用型固定扣                                                      
1101027GF0000001,SF0043              ,1.0,100.0,組   ,40.0,100.0,100.0,9.0,豐田固定扣                                                       
1101027GF0000001,3M2CM               ,1.0,150.0,捲   ,75.0,150.0,100.0,10.0,3M膠*2CM                                                     
1101026GF0000002,2V2Q                ,1.0,30.0,各   ,3.0,30.0,100.0,3.0,單芯燈泡                                                        
1101027GF0000001,2013CRVFMTC         ,1.0,700.0,組   ,300.0,700.0,100.0,5.0,[車牌]晴雨窗(後)                                               
1101027GF0000001,3D1F1               ,1.0,200.0,支   ,90.0,200.0,100.0,3.0,3D補漆筆                                                       
1101027GF0000001,EY                  ,1.0,1000.0,次   ,0.0,1000.0,100.0,1.0,工資                                                          
1101028GF0000001,HY815XEW5           ,1.0,600.0,組   ,290.0,600.0,100.0,8.0,HY-815懶骨頭記憶枕                                                
1101028GF0000001,VBDVATX             ,1.0,200.0,罐   ,65.0,200.0,100.0,10.0,向日葵細目粗蠟                                                     
1101028GF0000001,EY                  ,1.0,500.0,次   ,0.0,500.0,100.0,13.0,工資                                                          
1101028GF0000001,HY3155J2            ,1.0,650.0,組   ,350.0,650.0,100.0,14.0,HY-315置物袋                                                   
1101028GF0000001,3138CU2             ,1.0,650.0,組   ,280.0,650.0,100.0,6.0,3D 3138護腰墊                                                  
1101028GF0000001,307DTV              ,1.0,400.0,組   ,180.0,400.0,100.0,4.0,307快充線                                                      
1101029GF0000001,3MR1CM              ,2.0,85.0,卷   ,50.0,85.0,100.0,6.0,3M膠*1CM                                                     
1101029GF0000001,ABTE011DTF          ,1.0,500.0,組   ,200.0,500.0,100.0,7.0,ABT-E0113.1A 貝殼曲面車充擴充器                                      
1101029GF0000001,LHR983T2VXR         ,1.0,1999.0,組   ,900.0,1999.0,100.0,4.0,LHR-983有無水槽車頂架                                              
1101029GF0000001,H00844              ,1.0,60.0,張   ,30.0,60.0,100.0,2.0,"MOON/DON""T TOUCH貼紙                                          "
1101030GF0000001,SENFINECOCUFFVR     ,1.0,500.0,罐   ,80.0,500.0,100.0,4.0,德國SENFINECO化油器清洗劑9938                                       
1101030GF0000001,13ALTIS5MW2         ,1.0,700.0,組   ,300.0,700.0,100.0,5.0,13ALTIS專用踏墊                                                 
1101030GF0000001,AFL283578           ,2.0,500.0,組   ,81.8,500.0,100.0,6.0,軟條燈2835-78LED                                               
1101012GF0000001,NOIDNRMG16          ,1.0,250.0,支   ,100.0,250.0,100.0,4.0,NOID三節雨刷 16吋                                                
1101012GF0000001,NOIDNRMG22          ,1.0,350.0,支   ,100.0,350.0,100.0,5.0,NOID三節雨刷 22吋                                                
1101030GF0000001,2015RAV45MTX        ,1.0,2850.0,組   ,2050.0,2850.0,100.0,7.0,[車牌]4專用窗簾後窗+後檔                                           
1101030GF0000001,NOID6SND            ,1.0,250.0,組   ,60.0,250.0,100.0,8.0,NOID 6SND室內燈                                                
1101103GF0000001,B6002DX.ABH1        ,1.0,600.0,各   ,300.0,600.0,100.0,6.0,B6002可力優美容磁土布                                               
1101103GF0000001,GXYGUX              ,1.0,600.0,罐   ,280.0,600.0,100.0,7.0,舒亮鑽石釉蠟                                                      
1101103GF0000001,KR104LZVQW          ,1.0,600.0,條   ,240.0,600.0,100.0,4.0,KR-10 4L方向盤套                                                
1101103GF0000001,RSEN02F             ,1.0,1200.0,各   ,400.0,1200.0,100.0,2.0,RSEN安定器                                                     
1101104GF0000001,TVJ1                ,1.0,50.0,條   ,15.0,50.0,100.0,3.0,超纖維布                                                        
1101104GF0000001,TCMVG1              ,1.0,250.0,條   ,120.0,250.0,100.0,4.0,超好用吸水布                                                      
1101104GF0000001,HJX030GSR           ,1.0,350.0,組   ,120.0,350.0,100.0,1.0,HJX-030清鏡室內鏡                                                
1101110GF0000001,H722                ,2.0,100.0,各   ,35.0,100.0,100.0,5.0,H7 55W大燈燈泡                                                  
1101110GF0000001,EY                  ,1.0,200.0,次   ,0.0,200.0,100.0,6.0,工資                                                          
1101110GF0000001,H11OSARM2Q          ,1.0,400.0,各   ,120.0,400.0,100.0,7.0,H11 OSARM燈泡                                                 
1101028GF0000001,NOIDNRMG18          ,1.0,300.0,支   ,100.0,300.0,100.0,1.0,NOID三節雨刷 18吋                                                
1101028GF0000001,NOIDNRMG26          ,1.0,500.0,支   ,100.0,500.0,100.0,2.0,NOID三節雨刷 26吋                                                
1101112GF0000001,MCJVY2              ,1.0,750.0,組   ,340.0,750.0,100.0,3.0,遠紅外線竹炭極品座墊                                                  
1101110GF0000001,RSENUE14H           ,1.0,200.0,支   ,70.0,200.0,100.0,8.0,RSEN14吋硬骨雨刷                                                 
1101110GF0000001,RSENUE26MG          ,1.0,400.0,支   ,100.0,400.0,100.0,9.0,RSEN 硬式 26吋雨刷                                               
1101110GF0000001,ABTE061VTF          ,1.0,799.0,組   ,450.0,799.0,100.0,10.0,ABT-E061 AK47無限乾溼吸塵器                                        
1101110GF0000001,RET5                ,1.0,750.0,各   ,350.0,750.0,100.0,11.0,佳固車罩                                                        
1101110GF0000001,R588DFW5            ,1.0,400.0,組   ,250.0,400.0,100.0,12.0,R588空氣頭枕                                                    
1101110GF0000001,SP702               ,1.0,200.0,罐   ,100.0,200.0,100.0,13.0,SP-702電動窗潤滑劑                                                
1101110GF0000001,3M2CM               ,1.0,150.0,捲   ,75.0,150.0,100.0,3.0,3M膠*2CM                                                     
1101110GF0000001,500APRTV            ,1.0,350.0,組   ,220.0,350.0,100.0,1.0,[車牌]救車線                                                    
1101111GF0000001,VBD1WFRR            ,1.0,100.0,罐   ,38.0,100.0,100.0,5.0,向日葵白鐵亮光清潔劑                                                  
1101111GF0000001,RSENT104RQ          ,1.0,250.0,卡   ,80.0,250.0,100.0,6.0,RSEN T10 4晶                                                 
1101111GF0000001,T10552              ,2.0,10.0,各   ,1.7,10.0,100.0,7.0,T10中炸彈                                                      
1101111GF0000001,DR0AZVQWM           ,1.0,650.0,各   ,350.0,650.0,100.0,3.0,開吉按摩(蘭珠)M                                                   
1101111GF0000001,62G2YXX             ,1.0,1150.0,組   ,450.0,1150.0,100.0,1.0,6段是電子喇叭                                                     
1101112GF0000001,20252T              ,1.0,80.0,各   ,22.0,80.0,100.0,1.0,2025電池                                                      
1101105GF0000001,NOIDNRMG18          ,1.0,300.0,支   ,100.0,300.0,100.0,2.0,NOID三節雨刷 18吋                                                
1101105GF0000001,NOIDNRMG20          ,1.0,300.0,組   ,100.0,300.0,100.0,3.0,NOID三節雨刷 20吋                                                
1101105GF0000001,NOIDNRMG26          ,1.0,400.0,支   ,100.0,400.0,100.0,4.0,NOID三節雨刷 26吋                                                
1101113GF0000001,RSENT104014242      ,1.0,400.0,組   ,160.0,400.0,100.0,15.0,RSEN T10 4014 24燈                                           
1101113GF0000001,S27CTYZ1VNY         ,1.0,300.0,組   ,55.0,300.0,100.0,16.0,S27C插式附(管式含10A)保險絲座                                         
1101113GF0000001,EY                  ,1.0,500.0,次   ,0.0,500.0,100.0,17.0,工資                                                          
1101113GF0000001,RSENT104014242      ,1.0,400.0,組   ,160.0,400.0,100.0,18.0,RSEN T10 4014 24燈                                           
1101113GF0000001,OPS01VXR            ,1.0,5500.0,組   ,3850.0,5500.0,100.0,13.0,OPS-01K11行李架                                                
1101113GF0000001,RSENT105630         ,1.0,400.0,卡   ,120.0,400.0,100.0,9.0,RSEN T10 5630 10燈                                           
1101113GF0000001,EY                  ,1.0,200.0,次   ,0.0,200.0,100.0,10.0,工資                                                          
1101113GF0000001,RSENT53SMD          ,1.0,250.0,卡   ,100.0,250.0,100.0,11.0,RSEN T5 3SMD(白)                                             
1101113GF0000001,VAX                 ,1.0,100.0,組   ,1.0,100.0,100.0,7.0,小米粒燈泡                                                       
1101113GF0000001,NOIDNRMG14          ,1.0,250.0,支   ,70.0,250.0,100.0,4.0,NOID三節雨刷 14吋                                                
1101113GF0000001,NOIDNRMG26          ,1.0,400.0,支   ,100.0,400.0,100.0,5.0,NOID三節雨刷 26吋                                                
1101115GF0000001,UX0GVR              ,1.0,200.0,罐   ,80.0,200.0,100.0,1.0,亞力安水箱精                                                      
1101115GF0000001,T105630MU           ,1.0,450.0,組   ,180.0,450.0,100.0,2.0,T10 [車牌]插式12/24                                         
1101116GF0000001,CWTGXCMR            ,1.0,300.0,罐   ,60.0,300.0,100.0,4.0,黑頭車朔料還原劑                                                    
1101116GF0000001,VBDV1XCA            ,1.0,50.0,各   ,0.0,50.0,100.0,5.0,向日葵洗不爛海棉                                                    
1101116GF0000001,GA2SFX1             ,2.0,100.0,組   ,50.0,100.0,100.0,6.0,雙面丹尼去蠟布25*20                                                
1101116GF0000001,TAD029              ,1.0,350.0,條   ,160.0,350.0,100.0,7.0,大吸力速桿纖維布(中)60*90cm                                          
1101116GF0000001,NXYRX               ,1.0,600.0,罐   ,230.0,600.0,100.0,8.0,SONAX鑽水晶蠟                                                   
1101116GF0000001,T363QEBU            ,1.0,500.0,罐   ,260.0,500.0,100.0,1.0,T-363天然皮革乳(附不沾棉*2)                                          
1101116GF0000001,N1QWZ1TR            ,1.0,450.0,罐   ,150.0,450.0,100.0,2.0,傘兵牌鐵粉拔除劑[車牌]                                               
1101116GF0000001,TVJ1                ,1.0,50.0,條   ,15.0,50.0,100.0,9.0,超纖維布                                                        
1101117GF0000001,E5NRRV              ,1.0,200.0,組   ,100.0,200.0,100.0,4.0,故障三角架小                                                      
1101117GF0000001,MP35CG              ,1.0,1000.0,組   ,480.0,1000.0,100.0,5.0,MP3轉換器                                                      
1101117GF0000001,GV2Q                ,2.0,10.0,各   ,3.5,10.0,100.0,1.0,雙芯燈泡                                                        
1101117GF0000001,T10552              ,1.0,50.0,各   ,1.7,50.0,100.0,2.0,T10中炸彈                                                      
1101118GF0000001,RSENT105630         ,1.0,400.0,卡   ,120.0,400.0,100.0,1.0,RSEN T10 5630 10燈                                           
1101118GF0000001,1VNV                ,1.0,10.0,各   ,1.0,10.0,100.0,2.0,保險絲(小)                                                      
1101119GF0000001,OB617               ,1.0,500.0,組   ,200.0,500.0,100.0,8.0,OB-617門邊飾板                                                  
1101119GF0000001,LY601               ,1.0,40.0,組   ,18.0,40.0,100.0,9.0,小圓鏡                                                         
1101118GF0000001,2014ALTISCGR        ,1.0,1700.0,組   ,1200.0,1700.0,100.0,3.0,[車牌]IS後視鏡附燈                                              
1101119GF0000001,RTT5M               ,1.0,1100.0,組   ,530.0,1100.0,100.0,5.0,車王機車車罩(M)                                                   
1101119GF0000001,RTZGT5              ,1.0,1100.0,組   ,530.0,1100.0,100.0,6.0,機車防水車罩(L)                                                   
1101119GF0000001,GMFWV               ,1.0,1200.0,組   ,500.0,1200.0,100.0,3.0,鯊魚鰭天線(有收訊)                                                  
1101119GF0000001,UZ2ES5JR            ,1.0,300.0,組   ,80.0,300.0,100.0,1.0,椅縫多功能飲料置物架                                                  
1101120GF0000001,SF0035AD            ,2.0,100.0,組   ,40.0,100.0,100.0,4.0,SF-0035門扣                                                   
1101120GF0000001,MP35CG              ,1.0,1000.0,組   ,480.0,1000.0,100.0,5.0,MP3轉換器                                                      
1101120GF0000001,MISSIONCVT          ,3.0,600.0,罐   ,230.0,600.0,100.0,6.0,MISSION CVT-F自排油X+++                                        
1101120GF0000001,S27CTYZ1VNY         ,1.0,500.0,組   ,55.0,500.0,100.0,1.0,S27C插式附(管式含10A)保險絲座                                         
1101120GF0000001,5SR                 ,1.0,250.0,各   ,48.0,250.0,100.0,2.0,助黏劑                                                         
1101122GF0000001,EY                  ,1.0,0.0,次   ,0.0,300.0,0.0,1.0,工資                                                          
1101122GF0000001,ABROUFFVR           ,1.0,350.0,罐   ,95.0,350.0,100.0,2.0,ABRO引擎清洗劑                                                   
1101123GF0000001,2VCQ2Q              ,1.0,50.0,各   ,5.0,50.0,100.0,1.0,單芯琥珀燈泡                                                      
1101124GF0000001,929TX               ,1.0,84.0,罐   ,40.0,84.0,100.0,9.0,929粗蠟                                                       
1101124GF0000001,NOID0118SND         ,1.0,400.0,組   ,150.0,400.0,100.0,10.0,NOID-01 18 SMD室內燈                                           
1101124GF0000001,V37GRR              ,1.0,350.0,組   ,100.0,350.0,100.0,11.0,V37儀表板手機架                                                   
1101124GF0000001,5011GUSB            ,1.0,450.0,組   ,180.0,450.0,100.0,12.0,5011雙USB一分三點座充                                              
1101124GF0000001,UX0GVR              ,1.0,200.0,罐   ,80.0,200.0,100.0,13.0,亞力安水箱精                                                      
1101124GF0000001,NOIDNRMG26          ,1.0,400.0,支   ,100.0,400.0,100.0,14.0,NOID三節雨刷 26吋                                                
1101124GF0000001,RSEN57ZVQW          ,1.0,600.0,組   ,250.0,600.0,100.0,15.0,RSEN 57方向盤套                                                 
1101124GF0000001,FIFIVG              ,1.0,200.0,罐   ,70.0,200.0,100.0,16.0,FIFI香水                                                      
1101124GF0000001,T20GV2Q             ,1.0,70.0,各   ,16.0,70.0,100.0,2.0,T20雙芯燈泡                                                     
1101124GF0000001,ZERO14VRMG          ,1.0,650.0,支   ,290.0,650.0,100.0,3.0,ZERO矽膠雨刷14吋                                                 
1101124GF0000001,ZEROVRMG26          ,1.0,1000.0,支   ,415.0,1000.0,100.0,4.0,ZERO 26吋矽膠雨刷                                                
1101124GF0000001,08A2-MG             ,1.0,850.0,組   ,230.0,850.0,100.0,5.0,08CRV專用雨刷(26+17)                                            
1101124GF0000001,ZJTUA               ,1.0,300.0,罐   ,85.0,300.0,100.0,6.0,防霧除油膜                                                       
1101124GF0000001,GV2Q                ,1.0,10.0,各   ,3.5,10.0,100.0,7.0,雙芯燈泡                                                        
1101125GF0000001,GV5XJ               ,1.0,400.0,片   ,230.0,400.0,100.0,3.0,水箱罩鋁網                                                       
1101125GF0000001,UX02XZVQU           ,1.0,250.0,罐   ,100.0,250.0,100.0,4.0,亞力安動力方向盤油                                                   
1101125GF0000001,TYPERH11T1E         ,1.0,1000.0,組   ,170.0,1000.0,100.0,5.0,TYPE-R H11超白光燈泡                                             
1101125GF0000001,TC1208FY2T2R        ,1.0,2400.0,組   ,1600.0,2400.0,100.0,1.0,TC-1208全自動充電機                                               
1101126GF0000002,NOIDNRMG14          ,1.0,250.0,支   ,70.0,250.0,100.0,1.0,NOID三節雨刷 14吋                                                
1101126GF0000002,2VCQ2Q              ,2.0,50.0,各   ,5.0,50.0,100.0,2.0,單芯琥珀燈泡                                                      
1101127GF0000002,5SR                 ,1.0,150.0,各   ,31.0,150.0,100.0,7.0,助黏劑                                                         
1101127GF0000002,ABTXWG              ,1.0,450.0,支   ,250.0,450.0,100.0,8.0,ABT輪胎刷                                                      
1101127GF0000002,NOIDNRMG18          ,1.0,250.0,支   ,100.0,250.0,100.0,4.0,NOID三節雨刷 18吋                                                
1101127GF0000002,NOIDNRMG20          ,1.0,300.0,組   ,100.0,300.0,100.0,5.0,NOID三節雨刷 20吋                                                
1101127GF0000002,ERJGNTWISTN         ,1.0,3100.0,組   ,2375.0,3100.0,100.0,2.0,鋼甲午士鎖TWIST鎖                                                 
1101129GF0000001,EY                  ,1.0,100.0,次   ,0.0,100.0,100.0,1.0,工資                                                          
1101129GF0000001,EY                  ,1.0,1300.0,次   ,0.0,1300.0,100.0,2.0,工資                                                          
1101129GF0000001,T10552              ,2.0,50.0,各   ,1.7,50.0,100.0,3.0,T10中炸彈                                                      
1101130GF0000001,DR0AZVQWM           ,1.0,650.0,各   ,350.0,650.0,100.0,7.0,開吉按摩(蘭珠)M                                                   
1101130GF0000001,6BCA                ,0.5,100.0,包   ,30.0,100.0,100.0,8.0,6入海棉                                                        
1101130GF0000001,ZJTUA               ,1.0,300.0,罐   ,85.0,300.0,100.0,9.0,防霧除油膜                                                       
1101130GF0000001,RSEN1GR             ,1.0,150.0,組   ,55.0,150.0,100.0,4.0,RSEN撥水劑                                                     
1101130GF0000001,PNSSFIN0010F2D      ,1.0,200.0,組   ,50.0,200.0,100.0,5.0,多功能安全帶扣                                                     
1101130GF0000001,NO167VG             ,1.0,150.0,各   ,55.0,150.0,100.0,2.0,NO167單晶冷氣香水                                                 
1101201GF0000001,JK69FYQD            ,1.0,400.0,組   ,180.0,400.0,100.0,12.0,JK-69新七字鍍洛車牌牌框                                              
1101201GF0000001,FCGYXN              ,1.0,250.0,組   ,120.0,250.0,100.0,13.0,FC-水鑽牌照螺絲                                                   
1101201GF0000001,H162Q               ,1.0,300.0,各   ,120.0,300.0,100.0,10.0,H16燈泡                                                       
1101201GF0000001,08ALTISXN           ,1.0,1300.0,組   ,700.0,1300.0,100.0,8.0,08ALTIS蕾絲                                                   
1101201GF0000001,32G                 ,1.0,600.0,各   ,250.0,600.0,100.0,6.0,32G卡片                                                       
1101201GF0000001,8#2MV               ,4.0,100.0,米   ,38.0,100.0,100.0,3.0,8#電源線                                                       
1101201GF0000001,EY                  ,1.0,300.0,次   ,0.0,300.0,100.0,4.0,工資                                                          
1101201GF0000001,4AWCYW              ,4.0,25.0,各   ,20.0,25.0,100.0,1.0,4AMG Y頭                                                     
1101113GF0000001,UR                  ,1.0,1150.0,組   ,800.0,1150.0,100.0,2.0,羊角(4支)                                                      
1101202GF0000001,TYPERH4T1E          ,1.0,1000.0,組   ,170.0,1000.0,100.0,1.0,TYPE-R H4超白光燈泡                                              
1101203GF0000001,2009LTISXN          ,1.0,1300.0,組   ,700.0,1300.0,100.0,1.0,[車牌]IS蕾絲                                                 
1101204GF0000001,1VNV                ,1.0,10.0,各   ,1.0,10.0,100.0,7.0,保險絲(小)                                                      
1101204GF0000001,30A1VNY             ,1.0,100.0,各   ,25.0,100.0,100.0,8.0,30A保險絲                                                      
1101204GF0000001,YH680               ,1.0,3700.0,組   ,2600.0,3700.0,100.0,3.0,YH-680全功能電力公司                                               
1101204GF0000001,5E2Q                ,1.0,600.0,組   ,0.0,600.0,100.0,4.0,中古電瓶                                                        
1101204GF0000001,GN5V                ,1.0,300.0,罐   ,140.0,300.0,100.0,5.0,雙色之星香水                                                      
1101204GF0000001,1A2E                ,2.0,150.0,組   ,50.0,150.0,100.0,1.0,1母2公                                                        
1101204GF0000001,EY                  ,1.0,300.0,次   ,0.0,300.0,100.0,9.0,工資                                                          
1101204GF0000001,39MMGS2             ,1.0,70.0,各   ,12.0,70.0,100.0,10.0,39MM室內燈                                                     
1101204GF0000001,VYRXFVQ             ,1.0,250.0,各   ,120.0,250.0,100.0,11.0,行車記錄器吸盤                                                     
1101204GF0000001,POSEN16H            ,0.5,600.0,組   ,70.0,600.0,100.0,12.0,POSEN 16吋雨刷                                                 
1101206GF0000001,1995JXGZ1           ,1.0,2400.0,組   ,2000.0,2400.0,100.0,3.0,1995威力順風板                                                   
1101206GF0000001,ZXR                 ,1.0,100.0,罐   ,58.0,100.0,100.0,4.0,防落膠                                                         
1101206GF0000001,PNSSW001            ,1.0,450.0,條   ,164.0,450.0,100.0,1.0,黑色真皮方向盤套                                                    
1101207GF0000001,NOIDNRMG16          ,1.0,300.0,支   ,100.0,300.0,100.0,8.0,NOID三節雨刷 16吋                                                
1101207GF0000001,NOIDNRMG24          ,1.0,350.0,支   ,100.0,350.0,100.0,9.0,NOID三節雨刷 24吋                                                
1101207GF0000001,NA5CU               ,1.0,300.0,各   ,150.0,300.0,100.0,6.0,三明治護腰                                                       
1101207GF0000001,H1135W22Q           ,3.0,100.0,各   ,90.0,100.0,100.0,3.0,H11 55W 燈泡                                                  
1101207GF0000001,ZJTUA               ,1.0,300.0,罐   ,85.0,300.0,100.0,4.0,防霧除油膜                                                       
1101207GF0000001,05WISHTA1E2         ,1.0,800.0,組   ,240.0,800.0,100.0,1.0,05WISH長毛避光墊                                                 
1101208GF0000001,R1GEX               ,1.0,550.0,罐   ,280.0,550.0,100.0,13.0,激撥水固體蠟                                                      
1101208GF0000001,T313HCRCAX          ,1.0,550.0,罐   ,300.0,550.0,100.0,11.0,T-313磁護級三合一護膜                                               
1101208GF0000001,DAY2F               ,1.0,800.0,各   ,520.0,800.0,100.0,14.0,檜木座墊(前)                                                     
1101208GF0000001,SENFINCEODFFRR      ,1.0,450.0,罐   ,180.0,450.0,100.0,15.0,西德SENFINCEO空氣清潔劑9980                                        
1101208GF0000001,H722                ,2.0,150.0,各   ,35.0,150.0,100.0,9.0,H7 55W大燈燈泡                                                  
1101208GF0000001,NOIDNRMG16          ,1.0,250.0,支   ,100.0,250.0,100.0,6.0,NOID三節雨刷 16吋                                                
1101208GF0000001,NOIDNRMG24          ,1.0,400.0,支   ,100.0,400.0,100.0,7.0,NOID三節雨刷 24吋                                                
1101208GF0000001,R2F                 ,1.0,100.0,組   ,25.0,100.0,100.0,16.0,繼電器                                                         
1101208GF0000001,VBDV1XCA            ,1.0,50.0,各   ,0.0,50.0,100.0,3.0,向日葵洗不爛海棉                                                    
1101208GF0000001,PNSPB01             ,1.0,250.0,各   ,128.0,250.0,100.0,4.0,伸縮洗車桶(洗車/家用)15公升                                            
1101208GF0000001,H7OSARM222Q         ,1.0,400.0,各   ,90.0,400.0,100.0,1.0,H7OSARM大燈燈泡                                                 
1101209GF0000001,ZU                  ,1.0,900.0,次   ,0.0,900.0,100.0,5.0,廢油                                                          
1101209GF0000001,2V2Q                ,2.0,10.0,各   ,3.0,10.0,100.0,6.0,單芯燈泡                                                        
1101209GF0000001,3D1F1               ,1.0,200.0,支   ,90.0,200.0,100.0,3.0,3D補漆筆                                                       
1101209GF0000001,ZEROFV1UUR          ,1.0,400.0,罐   ,400.0,400.0,100.0,1.0,ZERO全效保養汽車精[車牌]                                            
1101210GF0000001,VYRXFVQ             ,1.0,300.0,各   ,120.0,300.0,100.0,3.0,行車記錄器吸盤                                                     
1101210GF0000001,ZEROVRMG22G         ,1.0,950.0,支   ,350.0,950.0,100.0,4.0,ZERO矽膠雨刷22吋                                                 
1101211GF0000001,GV2Q                ,1.0,50.0,各   ,3.5,50.0,100.0,3.0,雙芯燈泡                                                        
1101210GF0000001,G2VY                ,1.0,400.0,組   ,180.0,400.0,100.0,5.0,水滴線組                                                        
1101211GF0000001,H4OSRAM2Q           ,1.0,400.0,各   ,48.0,400.0,100.0,4.0,H4 OSRAM燈泡                                                  
1101211GF0000001,NGKBKR5E11          ,4.0,100.0,各   ,25.0,100.0,100.0,1.0,NGK BKR5E-11火星賽                                             
1101213GF0000001,NOIDNRMG16          ,1.0,250.0,支   ,100.0,250.0,100.0,7.0,NOID三節雨刷 16吋                                                
1101213GF0000001,NOIDNRMG20          ,1.0,300.0,組   ,100.0,300.0,100.0,8.0,NOID三節雨刷 20吋                                                
1101213GF0000001,SP702               ,1.0,200.0,罐   ,100.0,200.0,100.0,9.0,SP-702電動窗潤滑劑                                                
1101213GF0000001,H355W2Q             ,1.0,500.0,各   ,28.0,500.0,100.0,10.0,H3 55W燈泡                                                    
1101213GF0000001,8YCA                ,1.0,70.0,各   ,30.0,70.0,100.0,4.0,8字海棉                                                        
1101213GF0000001,ZJTUA               ,1.0,300.0,罐   ,85.0,300.0,100.0,5.0,防霧除油膜                                                       
1101223GF0000001,16G                 ,1.0,450.0,組   ,0.0,450.0,100.0,1.0,16G                                                         
1101213GF0000001,PMSJW220R2UG        ,1.0,200.0,組   ,35.0,200.0,100.0,2.0,PNS-JW220靜電鑰匙                                               
1101214GF0000001,T10552              ,2.0,50.0,各   ,1.7,50.0,100.0,5.0,T10中炸彈                                                      
1101214GF0000001,1MT5E               ,1.0,2000.0,組   ,1040.0,2000.0,100.0,6.0,白雲車罩-E                                                      
1101214GF0000001,TAA095              ,1.0,400.0,組   ,240.0,400.0,100.0,7.0,TA-A095洗車清潔九件組                                              
1101214GF0000001,UADVTR              ,1.0,150.0,罐   ,60.0,150.0,100.0,8.0,優馬克洗車精                                                      
1101214GF0000001,UJGYXCR             ,1.0,70.0,各   ,35.0,70.0,100.0,3.0,英文數字/鋁合金                                                    
1101214GF0000001,KY911AW             ,1.0,250.0,各   ,120.0,250.0,100.0,1.0,KY-911曼陀                                                    
1101215GF0000001,60A1VN              ,1.0,300.0,各   ,15.0,300.0,100.0,9.0,60A保險絲                                                      
1101215GF0000001,MP35C1NS13          ,1.0,1000.0,組   ,580.0,1000.0,100.0,10.0,倍思T貓頭S13-快衝音樂撥放器                                            
1101215GF0000001,J00346              ,1.0,400.0,支   ,130.0,400.0,100.0,4.0,J00346後雨刷 WISH                                              
1101215GF0000001,NOIDNRMG16          ,1.0,350.0,支   ,100.0,350.0,100.0,6.0,NOID三節雨刷 16吋                                                
1101215GF0000001,NOIDNRMG22          ,1.0,350.0,支   ,100.0,350.0,100.0,7.0,NOID三節雨刷 22吋                                                
1101215GF0000001,ABRO2QR             ,1.0,250.0,罐   ,75.0,250.0,100.0,1.0,ABRO墊片膠                                                     
1101215GF0000001,H4OSRAM2Q           ,1.0,400.0,各   ,48.0,400.0,100.0,2.0,H4 OSRAM燈泡                                                  
1101216GF0000001,BR168FVWU1          ,1.0,450.0,組   ,220.0,450.0,100.0,11.0,BR-168槍型胎壓表                                                 
1101216GF0000001,1VNV                ,5.0,10.0,各   ,1.0,10.0,100.0,12.0,保險絲(小)                                                      
1101216GF0000001,GHA195              ,1.0,1000.0,組   ,450.0,1000.0,100.0,8.0,豐田專用USB兩孔充電座4.2A+電壓表                                        
1101216GF0000001,AH62CCZVQ           ,1.0,500.0,條   ,360.0,500.0,100.0,9.0,AH-62紅黑方向盤套                                                 
1101216GF0000001,GN190ZEW5           ,1.0,100.0,張   ,40.0,100.0,100.0,6.0,GN-190反光貼紙                                                  
1101216GF0000001,VBDXEX              ,1.0,100.0,罐   ,55.0,100.0,100.0,2.0,向日葵橘油亮光蠟  [車牌]                                             
1101216GF0000001,3M2CM               ,1.0,150.0,捲   ,75.0,150.0,100.0,3.0,3M膠*2CM                                                     
1101216GF0000001,H11OSARM2Q          ,1.0,400.0,各   ,120.0,400.0,100.0,4.0,H11 OSARM燈泡                                                 
1101217GF0000001,VBDUMN              ,1.0,650.0,罐   ,300.0,650.0,100.0,8.0,向日葵釉元素                                                      
1101217GF0000001,3D1F1               ,1.0,200.0,支   ,90.0,200.0,100.0,10.0,3D補漆筆                                                       
1101217GF0000001,AVV1.0              ,1.0,200.0,條   ,60.0,200.0,100.0,6.0,AV線1.0mm                                                    
1101217GF0000001,16G                 ,1.0,400.0,組   ,0.0,400.0,100.0,3.0,16G                                                         
1101217GF0000001,HY662               ,1.0,1099.0,組   ,520.0,1099.0,100.0,4.0,HY-662簡便連結式椅套                                               
1101217GF0000001,AH59ZVQW            ,1.0,650.0,條   ,340.0,650.0,100.0,1.0,AH-59方向盤套                                                   
1101217GF0000001,2XAX                ,1.0,150.0,各   ,120.0,150.0,100.0,11.0,打蠟棉輪                                                        
1101220GF0000001,RSENGR2128MM        ,1.0,350.0,卡   ,80.0,350.0,100.0,1.0,RSEN雙尖21晶28mmCANBUS                                         
1101221GF0000001,SF0035AD            ,1.0,90.0,組   ,40.0,90.0,100.0,2.0,SF-0035門扣                                                   
1101221GF0000001,POSEN18H            ,4.0,150.0,組   ,70.0,150.0,100.0,3.0,POSEN 18吋雨刷                                                 
1101221GF0000001,LEDV2Q72WCN         ,1.0,1800.0,組   ,750.0,1800.0,100.0,4.0,LED小單排(黃光)72W 12/24v                                        
1101222GF0000001,POSEN16H            ,1.0,150.0,組   ,70.0,150.0,100.0,3.0,POSEN 16吋雨刷                                                 
1101222GF0000001,POSEN22H            ,1.0,250.0,組   ,70.0,250.0,100.0,4.0,POSEN 22吋雨刷                                                 
1101223GF0000001,ABROGV5X            ,1.0,250.0,罐   ,60.0,250.0,100.0,2.0,ABRO水箱止漏劑                                                   
1101224GF0000001,36MMGS2             ,2.0,50.0,各   ,9.0,50.0,100.0,1.0,36MM室內燈                                                     
1101224GF0000001,NOIDNRMG16          ,1.0,200.0,支   ,100.0,200.0,100.0,2.0,NOID三節雨刷 16吋                                                
1101224GF0000001,NOIDNRMG22          ,1.0,400.0,支   ,100.0,400.0,100.0,3.0,NOID三節雨刷 22吋                                                
1101224GF0000001,HNFVW               ,1.0,300.0,條   ,150.0,300.0,100.0,4.0,測速器線頭                                                       
1101224GF0000001,MP35C1NS13          ,1.0,1000.0,組   ,580.0,1000.0,100.0,5.0,倍思T貓頭S13-快衝音樂撥放器                                            
1101224GF0000001,RSENT104R           ,1.0,250.0,組   ,100.0,250.0,100.0,6.0,RSEN T10 LED 4晶燈泡                                           
1101224GF0000001,VBDVATX             ,1.0,200.0,罐   ,65.0,200.0,100.0,7.0,向日葵細目粗蠟                                                     
1101225GF0000001,ZEROVRMG28          ,2.0,1080.0,支   ,450.0,1080.0,100.0,1.0,ZERO矽膠雨刷28吋                                                 
1101225GF0000001,NOIDNRMG14          ,1.0,250.0,支   ,70.0,250.0,100.0,2.0,NOID三節雨刷 14吋                                                
1101225GF0000001,NOIDNRMG20          ,1.0,300.0,組   ,100.0,300.0,100.0,3.0,NOID三節雨刷 20吋                                                
1101225GF0000001,RSENT105630         ,1.0,400.0,卡   ,120.0,400.0,100.0,4.0,RSEN T10 5630 10燈                                           
1101227GF0000001,NOIDNRMG16          ,1.0,250.0,支   ,100.0,250.0,100.0,5.0,NOID三節雨刷 16吋                                                
1101227GF0000001,NOIDNRMG24          ,1.0,400.0,支   ,100.0,400.0,100.0,6.0,NOID三節雨刷 24吋                                                
1101227GF0000001,VBDAMMGR            ,1.0,250.0,罐   ,55.0,250.0,100.0,7.0,向日葵免用撥水劑[車牌]                                               
1101228GF0000001,WF602Q              ,1.0,2100.0,各   ,1500.0,2100.0,100.0,3.0,湯淺60電瓶                                                      
1101227GF0000001,H11OSARM2Q          ,1.0,500.0,各   ,120.0,500.0,100.0,8.0,H11 OSARM燈泡                                                 
1101228GF0000001,929TX               ,1.0,80.0,罐   ,40.0,80.0,100.0,4.0,929粗蠟                                                       
1101228GF0000001,TVJ1                ,1.0,50.0,條   ,15.0,50.0,100.0,5.0,超纖維布                                                        
1101228GF0000001,3D1F1               ,1.0,200.0,支   ,90.0,200.0,100.0,6.0,3D補漆筆                                                       
1101228GF0000001,EY                  ,1.0,500.0,次   ,0.0,500.0,100.0,1.0,工資                                                          
1101228GF0000001,CARGTUV             ,1.0,150.0,罐   ,75.0,150.0,100.0,7.0,CAR煞車油(小)                                                   
1101229GF0000001,ZEROVRMG28          ,1.0,1200.0,支   ,450.0,1200.0,100.0,17.0,ZERO矽膠雨刷28吋                                                 
1101229GF0000001,ZEROVRMG24          ,1.0,1130.0,支   ,415.0,1130.0,100.0,18.0,ZERO矽膠雨刷24吋                                                 
1101229GF0000001,MP35C1NS13          ,1.0,1000.0,組   ,580.0,1000.0,100.0,19.0,倍思T貓頭S13-快衝音樂撥放器                                            
1101229GF0000001,J00346              ,1.0,400.0,支   ,130.0,400.0,100.0,12.0,J00346後雨刷 WISH                                              
1101229GF0000001,NOIDNRMG14          ,1.0,250.0,支   ,70.0,250.0,100.0,13.0,NOID三節雨刷 14吋                                                
1101229GF0000001,NOIDNRMG24          ,1.0,350.0,支   ,100.0,350.0,100.0,14.0,NOID三節雨刷 24吋                                                
1101229GF0000001,OBT2FHWWVGF         ,1.0,2800.0,組   ,1000.0,2800.0,100.0,15.0,OBT抬頭顯示器(七彩)                                                
1101229GF0000001,NO2112GRR           ,1.0,450.0,組   ,200.0,450.0,100.0,10.0,NO-[車牌]手機架                                              
1101229GF0000001,PNSHDF23            ,1.0,400.0,組   ,180.0,400.0,100.0,6.0,4-6吋鋁合金鏡出風口重力手機架                                            
1101229GF0000001,GV2Q                ,1.0,50.0,各   ,3.5,50.0,100.0,7.0,雙芯燈泡                                                        
1101229GF0000001,DH1801FXHWA5W       ,1.0,1000.0,各   ,550.0,1000.0,100.0,8.0,DH-1801強力磁吸面紙套                                              
1101229GF0000001,GVE1.12             ,1.0,250.0,各   ,90.0,250.0,100.0,4.0,水箱蓋1.1(大頭)                                                  
1101229GF0000001,HF007TA1Y           ,1.0,200.0,組   ,64.0,200.0,100.0,1.0,拆面板組                                                        
1101229GF0000001,KY165LED2Q          ,1.0,250.0,卡   ,45.0,250.0,100.0,2.0,KY-165 LED儀表板燈泡                                             
1101230GF0000001,ZERO14VRMG          ,1.0,780.0,支   ,290.0,780.0,100.0,9.0,ZERO矽膠雨刷14吋                                                 
1101230GF0000001,ZEROVRMG26          ,1.0,1120.0,支   ,415.0,1120.0,100.0,10.0,ZERO 26吋矽膠雨刷                                                
1101230GF0000001,ERQ55D23L2Q         ,1.0,2700.0,各   ,2100.0,2700.0,100.0,6.0,國際牌70D23L電瓶瓶                                                
1101230GF0000001,2QG                 ,3.0,33.0,罐   ,15.0,33.0,100.0,7.0,電瓶水                                                         
1101230GF0000001,F00440              ,1.0,40.0,張   ,20.0,40.0,100.0,4.0,蜘蛛人                                                         
1101230GF0000001,EY                  ,1.0,800.0,次   ,0.0,800.0,100.0,1.0,工資                                                          
1101230GF0000001,ZXQH12Q             ,1.0,350.0,各   ,50.0,350.0,100.0,2.0,菲利浦 H1 55W燈泡                                                
1101231GF0000001,20162T              ,2.0,100.0,各   ,22.0,100.0,100.0,3.0,2016電池                                                      
1101231GF0000001,2011RX4505MW2       ,1.0,900.0,組   ,350.0,900.0,100.0,4.0,[車牌]450專用踏墊                                               
1101231GF0000001,ES122VG             ,1.0,250.0,組   ,125.0,250.0,100.0,1.0,ES-122香水                                                    
1101231GF0000001,ERQ55D23L2Q         ,1.0,2800.0,各   ,2100.0,2800.0,100.0,5.0,國際牌70D23L電瓶瓶                                                
1101231GF0000001,2VCQ2Q              ,2.0,50.0,各   ,5.0,50.0,100.0,6.0,單芯琥珀燈泡                                                      
1101231GF0000001,ABTE021             ,1.0,2900.0,組   ,1600.0,2900.0,100.0,7.0,ABT-E021汽車緊急救車電源                                            
1110103GF0000001,RSENUG12H           ,1.0,350.0,支   ,70.0,350.0,100.0,8.0,RSEN 硬式12吋雨刷                                                
1110103GF0000001,RSENT104014242      ,1.0,450.0,組   ,160.0,450.0,100.0,9.0,RSEN T10 4014 24燈                                           
1110103GF0000001,12FVRU5XR           ,1.0,450.0,罐   ,100.0,450.0,100.0,10.0,八大全效機油精                                                     
1110103GF0000001,GV2Q                ,10.0,10.0,各   ,3.5,10.0,100.0,6.0,雙芯燈泡                                                        
1110103GF0000001,YH368FDS2XEN        ,1.0,2750.0,組   ,1550.0,2750.0,100.0,4.0,YH-368全功能電力公司                                               
1110103GF0000001,4#2MW               ,2.0,30.0,各   ,20.0,30.0,100.0,11.0,4#電源頭                                                       
1110103GF0000001,1VNV                ,4.0,10.0,各   ,1.0,10.0,100.0,12.0,保險絲(小)                                                      
1110103GF0000001,UADFTAADZCQW        ,1.0,350.0,組   ,95.0,350.0,100.0,13.0,悠馬克汽車門檻防護貼條 4入裝                                             
1110103GF0000001,ID4HX1              ,1.0,1800.0,組   ,600.0,1800.0,100.0,2.0,ID4吋喇叭                                                      
1110104GF0000001,UX0GVR              ,1.0,200.0,罐   ,80.0,200.0,100.0,5.0,亞力安水箱精                                                      
1110104GF0000001,EY                  ,1.0,200.0,次   ,0.0,200.0,100.0,6.0,工資                                                          
1110104GF0000001,DR0AZVQWM           ,1.0,600.0,各   ,350.0,600.0,100.0,3.0,開吉按摩(蘭珠)M                                                   
1110104GF0000001,LED22W              ,2.0,100.0,各   ,0.0,100.0,100.0,1.0,LED大燈轉換頭                                                    
1110105GF0000001,2VCQ2Q              ,1.0,50.0,各   ,5.0,50.0,100.0,7.0,單芯琥珀燈泡                                                      
1110105GF0000001,T10552              ,2.0,50.0,各   ,1.7,50.0,100.0,8.0,T10中炸彈                                                      
1110105GF0000001,3M1UFTR             ,1.0,350.0,各   ,140.0,350.0,100.0,4.0,3M柏油清除劑                                                     
1110105GF0000001,3D1F1               ,1.0,200.0,支   ,90.0,200.0,100.0,5.0,3D補漆筆                                                       
1110105GF0000001,9006OSRAM           ,1.0,400.0,各   ,90.0,400.0,100.0,9.0,[車牌]AM燈泡                                                
1110106GF0000001,VXTWAF5             ,2.0,300.0,組   ,90.0,300.0,100.0,1.0,休旅車透明前遮                                                     
1110106GF0000001,NOIDNRMG20          ,1.0,300.0,組   ,100.0,300.0,100.0,2.0,NOID三節雨刷 20吋                                                
1110106GF0000001,NOIDNRMG22          ,1.0,350.0,支   ,100.0,350.0,100.0,3.0,NOID三節雨刷 22吋                                                
1110209GF0000001,E5NRR               ,1.0,350.0,組   ,165.0,350.0,100.0,6.0,故障三腳架                                                       
1110110GF0000001,ZJTUA               ,1.0,300.0,罐   ,85.0,300.0,100.0,6.0,防霧除油膜                                                       
1110110GF0000001,ABTE040             ,1.0,1200.0,組   ,580.0,1200.0,100.0,7.0,ABT-E040Q3.0黑(3孔4USB)                                       
1110110GF0000001,ZEROVRMG26          ,1.0,1130.0,支   ,415.0,1130.0,100.0,8.0,ZERO 26吋矽膠雨刷                                                
1110110GF0000001,ZERO14VRMG          ,1.0,880.0,支   ,290.0,880.0,100.0,9.0,ZERO矽膠雨刷14吋                                                 
1110110GF0000001,8YCA                ,1.0,75.0,各   ,30.0,75.0,100.0,10.0,8字海棉                                                        
1110110GF0000001,PNSSW001            ,1.0,450.0,條   ,164.0,450.0,100.0,11.0,黑色真皮方向盤套                                                    
1110110GF0000001,J00350CMG           ,1.0,400.0,支   ,130.0,400.0,100.0,12.0,J00350後雨刷                                                   
1110110GF0000001,VBDC1MGR2000ML      ,1.0,300.0,罐   ,85.0,300.0,100.0,13.0,向日葵雨刷精[車牌]                                                
1110110GF0000001,VBDVATX             ,1.0,200.0,罐   ,65.0,200.0,100.0,4.0,向日葵細目粗蠟                                                     
1110110GF0000001,J00356ZINGCMG       ,1.0,400.0,支   ,130.0,400.0,100.0,2.0,J0[車牌]GER後雨刷                                            
1110111GF0000001,3D1F1               ,1.0,200.0,支   ,90.0,200.0,100.0,1.0,3D補漆筆                                                       
1110112GF0000001,CHEERS1540RU        ,1.0,300.0,罐   ,100.0,300.0,100.0,1.0,CHEERS 15/40機油                                              
1110112GF0000001,RSENT105SMD         ,1.0,350.0,卡   ,110.0,350.0,100.0,2.0,RSEN T105 SMD                                               
1110114GF0000001,VBDC1XWU            ,1.0,300.0,罐   ,90.0,300.0,100.0,6.0,向日葵環保輪胎油[車牌]                                              
1110114GF0000001,7616HWJE            ,1.0,1200.0,組   ,300.0,1200.0,100.0,7.0,7616彩鈦尾管                                                    
1110117GF0000001,H4OSRAM2Q           ,1.0,400.0,各   ,48.0,400.0,100.0,1.0,H4 OSRAM燈泡                                                  
1110117GF0000001,EY                  ,1.0,200.0,次   ,0.0,200.0,100.0,2.0,工資                                                          
1110117GF0000001,RSENT104R           ,1.0,250.0,組   ,100.0,250.0,100.0,3.0,RSEN T10 LED 4晶燈泡                                           
1110118GF0000001,G18.52Q             ,2.0,20.0,各   ,4.0,20.0,100.0,3.0,G18.5燈泡                                                     
1110118GF0000001,1VNV                ,30.0,10.0,各   ,1.0,10.0,100.0,4.0,保險絲(小)                                                      
1110118GF0000001,24V2V2Q             ,10.0,20.0,各   ,3.5,20.0,100.0,5.0,24V單芯燈泡                                                     
1110118GF0000001,WISH2E              ,1.0,1000.0,組   ,200.0,1000.0,100.0,1.0,WISH引擎頂桿                                                    
1110119GF0000001,BHW878BGHY          ,1.0,550.0,組   ,360.0,550.0,100.0,5.0,日式後式餐飲/大                                                    
1110119GF0000001,FIFIVG              ,1.0,200.0,罐   ,70.0,200.0,100.0,6.0,FIFI香水                                                      
1110119GF0000001,08VIOSCXQFMT        ,1.0,700.0,組   ,300.0,700.0,100.0,3.0,08VIOS(後)晴雨窗                                                
1110119GF0000001,08VIOSTA1E2         ,1.0,600.0,組   ,210.0,600.0,100.0,1.0,08VIOS長毛避光墊                                                 
1110120GF0000001,WF55D23L2Q          ,1.0,2000.0,各   ,1800.0,2000.0,100.0,12.0,湯淺55D23電瓶                                                   
1110120GF0000001,PNSSW001            ,1.0,400.0,條   ,164.0,400.0,100.0,13.0,黑色真皮方向盤套                                                    
1110120GF0000001,ZJTUA               ,2.0,300.0,罐   ,85.0,300.0,100.0,7.0,防霧除油膜                                                       
1110120GF0000001,J00348              ,1.0,400.0,支   ,130.0,400.0,100.0,8.0,J00348後雨刷 FOUCS13年                                          
1110120GF0000001,ZERO14VRMG          ,1.0,700.0,支   ,290.0,700.0,100.0,9.0,ZERO矽膠雨刷14吋                                                 
1110120GF0000001,ZEROVRMG26          ,1.0,1000.0,支   ,415.0,1000.0,100.0,10.0,ZERO 26吋矽膠雨刷                                                
1110120GF0000001,RSENH76000K         ,2.0,800.0,各   ,150.0,800.0,100.0,3.0,RSEN H7 6000K燈泡                                             
1110120GF0000001,ZEROVRMG18          ,1.0,880.0,支   ,325.0,880.0,100.0,14.0,ZERO矽膠雨刷18吋                                                 
1110120GF0000001,ZEROVRMG20          ,1.0,950.0,支   ,350.0,950.0,100.0,15.0,ZERO矽膠雨刷20吋                                                 
1110120GF0000001,GV2Q                ,2.0,50.0,各   ,3.5,50.0,100.0,1.0,雙芯燈泡                                                        
1110121GF0000001,NOIDNRMG16          ,1.0,250.0,支   ,100.0,250.0,100.0,8.0,NOID三節雨刷 16吋                                                
1110121GF0000001,NOIDNRMG18          ,1.0,300.0,支   ,100.0,300.0,100.0,9.0,NOID三節雨刷 18吋                                                
1110121GF0000001,NOIDNRMG20          ,1.0,300.0,組   ,100.0,300.0,100.0,10.0,NOID三節雨刷 20吋                                                
1110121GF0000001,CARGTUV             ,1.0,150.0,罐   ,75.0,150.0,100.0,11.0,CAR煞車油(小)                                                   
1110121GF0000001,PNSSW001            ,1.0,500.0,條   ,164.0,500.0,100.0,12.0,黑色真皮方向盤套                                                    
1110121GF0000001,POSEN20H            ,1.0,300.0,組   ,70.0,300.0,100.0,6.0,POSEN 20吋雨刷                                                 
1110121GF0000001,PNSSUN007           ,2.0,350.0,組   ,90.0,350.0,100.0,4.0,車窗遮陽防蚊罩                                                     
1110121GF0000001,EY                  ,1.0,350.0,次   ,0.0,350.0,100.0,1.0,工資                                                          
1110121GF0000001,DH35MG2EF           ,1.0,200.0,組   ,90.0,200.0,100.0,2.0,雨刷頂高器/白鐵/ABS朔膠                                              
1110122GF0000001,NOIDNRMG14          ,1.0,200.0,支   ,70.0,200.0,100.0,10.0,NOID三節雨刷 14吋                                                
1110122GF0000001,NOIDNRMG26          ,1.0,400.0,支   ,100.0,400.0,100.0,11.0,NOID三節雨刷 26吋                                                
1110122GF0000001,PNSHDF26            ,1.0,350.0,組   ,140.0,350.0,100.0,8.0,夾扣式出風口手機架                                                   
1110122GF0000001,SAXO1040            ,4.0,350.0,罐   ,120.0,350.0,100.0,1.0,SAXO 10W/40機油                                               
1110122GF0000001,FITDFV              ,1.0,350.0,各   ,180.0,350.0,100.0,3.0,FIT空氣芯                                                      
1110122GF0000001,AFL283578           ,2.0,500.0,組   ,81.8,500.0,100.0,4.0,軟條燈2835-78LED                                               
1110122GF0000001,AFL283578           ,1.0,200.0,組   ,81.8,200.0,100.0,5.0,軟條燈2835-78LED                                               
1110122GF0000001,SF0038              ,1.0,100.0,組   ,40.0,100.0,100.0,6.0,SF-0038三菱威力浪板固定扣                                            
1110122GF0000001,FITRUV              ,1.0,100.0,各   ,45.0,100.0,100.0,12.0,FIT機油芯                                                      
1110124GF0000002,ZEROVRMG28          ,1.0,1080.0,支   ,450.0,1080.0,100.0,1.0,ZERO矽膠雨刷28吋                                                 
1110124GF0000002,ZEROVRMG16          ,1.0,792.0,支   ,325.0,792.0,100.0,5.0,ZERO矽膠雨刷16吋                                                 
1110124GF0000002,ECC9922TBCR         ,1.0,150.0,罐   ,65.0,150.0,100.0,2.0,ECC-992電動窗潤滑劑                                               
1110124GF0000002,PNSPM001            ,1.0,350.0,組   ,65.0,350.0,100.0,3.0,高級美容魔術黏土                                                    
1110124GF0000002,3D1F1               ,1.0,200.0,支   ,90.0,200.0,100.0,6.0,3D補漆筆                                                       
1110124GF0000002,T09GRR              ,2.0,300.0,組   ,120.0,300.0,100.0,7.0,T09手機出風口手機架                                                 
1110124GF0000002,NOIDNRMG14          ,1.0,200.0,支   ,70.0,200.0,100.0,8.0,NOID三節雨刷 14吋                                                
1110124GF0000002,AFL283578           ,1.0,500.0,組   ,81.8,500.0,100.0,9.0,軟條燈2835-78LED                                               
1110124GF0000002,EY                  ,1.0,300.0,次   ,0.0,300.0,100.0,10.0,工資                                                          
1110124GF0000002,IN312835GS2         ,1.0,400.0,組   ,180.0,400.0,100.0,11.0,IN31AL-2835 6顆LED室內燈 白光 歐規                                  
1110124GF0000002,RT7A2Q              ,1.0,800.0,各   ,600.0,800.0,100.0,12.0,機車7A電瓶                                                      
1110124GF0000002,VBDVATX             ,1.0,200.0,罐   ,65.0,200.0,100.0,13.0,向日葵細目粗蠟                                                     
1110125GF0000001,MCJVY2              ,1.0,750.0,組   ,340.0,750.0,100.0,1.0,遠紅外線竹炭極品座墊                                                  
1110125GF0000001,3D1F1               ,2.0,200.0,支   ,90.0,200.0,100.0,3.0,3D補漆筆                                                       
1110125GF0000001,CHEERS1540RU        ,2.0,250.0,罐   ,100.0,250.0,100.0,4.0,CHEERS 15/40機油                                              
1110126GF0000001,ZEROVRMG18          ,1.0,800.0,支   ,325.0,800.0,100.0,3.0,ZERO矽膠雨刷18吋                                                 
1110126GF0000001,ZEROVRMG24          ,1.0,1000.0,支   ,415.0,1000.0,100.0,4.0,ZERO矽膠雨刷24吋                                                 
1110126GF0000001,ZJTUA               ,1.0,300.0,罐   ,85.0,300.0,100.0,5.0,防霧除油膜                                                       
1110127GF0000001,R1GEX               ,1.0,550.0,罐   ,280.0,550.0,100.0,14.0,激撥水固體蠟                                                      
1110127GF0000001,VBD2XAF             ,1.0,100.0,組   ,50.0,100.0,100.0,15.0,向日葵打蠟棉球                                                     
1110126GF0000001,ABROGV5X            ,1.0,300.0,罐   ,60.0,300.0,100.0,1.0,ABRO水箱止漏劑                                                   
1110613GF0000001,UJGYXCR             ,4.0,70.0,各   ,35.0,70.0,100.0,3.0,英文數字/鋁合金                                                    
1110613GF0000001,UJGY                ,1.0,70.0,各   ,35.0,70.0,100.0,4.0,英文數字                                                        
1110613GF0000001,3D1F1               ,1.0,200.0,支   ,90.0,200.0,100.0,1.0,3D補漆筆                                                       
1110613GF0000001,3M2CM               ,1.0,200.0,捲   ,75.0,200.0,100.0,5.0,3M膠*2CM                                                     
1110615GF0000001,VBDQEFRR            ,1.0,200.0,罐   ,55.0,200.0,100.0,11.0,向日葵皮革清潔劑                                                    
1110615GF0000001,VBDAR3B1            ,1.0,200.0,組   ,75.0,200.0,100.0,12.0,向日葵魔鏡(3入)擦拭布                                                
1110615GF0000001,RSENUE14H           ,1.0,200.0,支   ,70.0,200.0,100.0,9.0,RSEN14吋硬骨雨刷                                                 
1110615GF0000001,RSENUGMG22H         ,1.0,250.0,支   ,70.0,250.0,100.0,7.0,RSEN 硬式22吋雨刷                                                
1110615GF0000001,NOIDNRMG14          ,1.0,200.0,支   ,100.0,200.0,100.0,3.0,NOID三節雨刷 14吋                                                
1110615GF0000001,NOIDNRMG22          ,1.0,300.0,支   ,100.0,300.0,100.0,4.0,NOID三節雨刷 22吋                                                
1110615GF0000001,J00350CMG           ,1.0,400.0,支   ,130.0,400.0,100.0,5.0,J00350後雨刷                                                   
1110615GF0000001,CHY889N             ,1.0,700.0,組   ,250.0,700.0,100.0,1.0,CHY-889鎖                                                    
1110615GF0000001,ZJTUA               ,2.0,300.0,罐   ,85.0,300.0,100.0,13.0,防霧除油膜                                                       
1110615GF0000001,H422                ,1.0,400.0,各   ,28.0,400.0,100.0,14.0,H4大燈燈泡 55W                                                  
1110615GF0000001,3D1F1               ,1.0,200.0,支   ,90.0,200.0,100.0,15.0,3D補漆筆                                                       
1110127GF0000001,NOIDNRMG16          ,1.0,250.0,支   ,100.0,250.0,100.0,12.0,NOID三節雨刷 16吋                                                
1110127GF0000001,NOIDNRMG24          ,1.0,400.0,支   ,100.0,400.0,100.0,16.0,NOID三節雨刷 24吋                                                
1110127GF0000001,ZEROVRMG22G         ,1.0,855.0,支   ,350.0,855.0,100.0,7.0,ZERO矽膠雨刷22吋                                                 
1110127GF0000001,NOIDNRMG16          ,1.0,200.0,支   ,100.0,200.0,100.0,8.0,NOID三節雨刷 16吋                                                
1110127GF0000001,J00353CMG           ,1.0,400.0,支   ,140.0,400.0,100.0,5.0,J00353 I30後雨刷                                               
1110127GF0000001,MP35CG              ,1.0,1000.0,組   ,480.0,1000.0,100.0,1.0,MP3轉換器                                                      
1110127GF0000001,CHEERS1540RU        ,1.0,300.0,罐   ,100.0,300.0,100.0,2.0,CHEERS 15/40機油                                              
1110127GF0000001,EY                  ,1.0,800.0,次   ,0.0,800.0,100.0,3.0,工資                                                          
1110128GF0000001,ACP300XR            ,1.0,324.0,各   ,250.0,324.0,100.0,7.0,ACP-300藍鏡                                                   
1110128GF0000001,21VR11804QFM        ,1.0,1000.0,組   ,600.0,1000.0,100.0,8.0,2021新尖兵180(四片)晴雨窗                                           
1110128GF0000001,16G                 ,1.0,400.0,組   ,0.0,400.0,100.0,5.0,16G                                                         
1110128GF0000001,3MR2CM*33           ,1.0,900.0,捲   ,600.0,900.0,100.0,3.0,3M膠 2CM*33M                                                 
1110128GF0000001,DR0AZVQW2L          ,1.0,700.0,條   ,420.0,700.0,100.0,1.0,開吉按摩方向盤套(藍珠)2L                                              
1110128GF0000001,POSEN18H            ,0.5,300.0,組   ,70.0,300.0,100.0,2.0,POSEN 18吋雨刷                                                 
1110128GF0000001,POSEN20H            ,0.5,300.0,組   ,70.0,300.0,100.0,9.0,POSEN 20吋雨刷                                                 
1110128GF0000001,ZJTUA               ,1.0,300.0,罐   ,85.0,300.0,100.0,10.0,防霧除油膜                                                       
1110128GF0000001,ZEROVRMG21H         ,1.0,900.0,支   ,325.0,900.0,100.0,11.0,ZERO矽膠雨刷21吋                                                 
1110128GF0000001,ZEROVRMG24          ,1.0,1100.0,支   ,415.0,1100.0,100.0,12.0,ZERO矽膠雨刷24吋                                                 
1110129GF0000001,60A1VN              ,1.0,200.0,各   ,15.0,200.0,100.0,6.0,60A保險絲                                                      
1110129GF0000001,EY                  ,1.0,500.0,次   ,0.0,500.0,100.0,7.0,工資                                                          
1110129GF0000001,FCOUSM3             ,1.0,850.0,組   ,280.0,850.0,100.0,4.0,FCOUS專用雨刷                                                   
1110129GF0000001,PNSS17              ,1.0,550.0,組   ,280.0,550.0,100.0,2.0,QC4.03.4A 2USB車充                                            
1110129GF0000001,ZJTUA               ,1.0,300.0,罐   ,85.0,300.0,100.0,8.0,防霧除油膜                                                       
1110129GF0000001,PNSHDF19            ,1.0,400.0,組   ,160.0,400.0,100.0,9.0,4-6吋機械手臂手機架                                                 
1110130GF0000001,AFL283578           ,1.0,500.0,組   ,81.8,500.0,100.0,5.0,軟條燈2835-78LED                                               
1110130GF0000001,1000APRTV           ,1.0,600.0,組   ,350.0,600.0,100.0,6.0,[車牌]救車線                                                   
1110130GF0000001,KY330FE             ,1.0,300.0,組   ,120.0,300.0,100.0,7.0,KY-330旗桿                                                    
1110130GF0000001,2DR                 ,0.0,0.0,各   ,250.0,0.0,100.0,4.0,讀卡機                                                         
1110131GF0000001,A094                ,1.0,550.0,條   ,100.0,550.0,100.0,8.0,A094方向盤套                                                    
1110131GF0000001,J00341CMG           ,1.0,400.0,支   ,130.0,400.0,100.0,9.0,J0[車牌]後雨刷                                               
1110130GF0000001,2VCQ2Q              ,1.0,50.0,各   ,5.0,50.0,100.0,1.0,單芯琥珀燈泡                                                      
1110130GF0000001,UX02XZVQU           ,1.0,300.0,罐   ,100.0,300.0,100.0,2.0,亞力安動力方向盤油                                                   
1110131GF0000001,ERQ602Q             ,1.0,2500.0,各   ,1750.0,2500.0,100.0,6.0,國際牌60電瓶                                                     
1110204GF0000001,NB1040              ,5.0,500.0,罐   ,200.0,500.0,100.0,1.0,NB 10/40機油                                                  
1110204GF0000001,WISHUV              ,1.0,150.0,各   ,65.0,150.0,100.0,2.0,WISH油芯                                                      
1110204GF0000001,XFXJALTIS           ,1.0,350.0,各   ,150.0,350.0,100.0,3.0,冷氣濾網 ALTIS                                                  
1110204GF0000001,ALTISDFV            ,1.0,300.0,各   ,75.0,300.0,100.0,4.0,01 ALTIS空氣芯                                                 
1110207GF0000001,ZERO14VRMG          ,1.0,700.0,支   ,290.0,700.0,100.0,10.0,ZERO矽膠雨刷14吋                                                 
1110207GF0000001,ZEROVRMG26          ,1.0,1100.0,支   ,415.0,1100.0,100.0,11.0,ZERO 26吋矽膠雨刷                                                
1110207GF0000001,PNSCP280P           ,1.0,750.0,組   ,310.0,750.0,100.0,8.0,太空梭打氣機280P三合一DC12V                                          
1110207GF0000001,POSEN18H            ,0.5,300.0,組   ,70.0,300.0,100.0,12.0,POSEN 18吋雨刷                                                 
1110207GF0000001,POSEN20H            ,0.5,300.0,組   ,70.0,300.0,100.0,13.0,POSEN 20吋雨刷                                                 
1110207GF0000001,                    ,0.0,0.0,,0.0,0.0,,14.0,
1110207GF0000001,NOIDNRMG18          ,1.0,300.0,支   ,100.0,300.0,100.0,4.0,NOID三節雨刷 18吋                                                
1110207GF0000001,NOIDNRMG16          ,1.0,250.0,支   ,100.0,250.0,100.0,5.0,NOID三節雨刷 16吋                                                
1110207GF0000001,PD1136GMFWV         ,1.0,599.0,組   ,130.0,599.0,100.0,6.0,鯊魚鰭天線(有收訊)                                                  
1110207GF0000001,LY501FY             ,1.0,150.0,組   ,75.0,150.0,100.0,2.0,LY-501氣嘴                                                    
1110209GF0000001,NGKBKR5E            ,1.0,100.0,各   ,50.0,100.0,100.0,7.0,NGK BKR5E火星塞                                                
1110209GF0000001,NOIDNRMG18          ,2.0,300.0,支   ,100.0,300.0,100.0,8.0,NOID三節雨刷 18吋                                                
1110209GF0000001,ZJTUA               ,1.0,300.0,罐   ,85.0,300.0,100.0,9.0,防霧除油膜                                                       
1110209GF0000001,RSENH18000K         ,1.0,700.0,各   ,150.0,700.0,100.0,4.0,RSEN H1 8000K燈泡                                             
1110209GF0000001,H422WHY             ,0.5,270.0,組   ,75.0,270.0,100.0,2.0,H4大燈陶瓷座(2入)                                                 
1110210GF0000001,T10552              ,2.0,10.0,各   ,1.7,10.0,100.0,2.0,T10中炸彈                                                      
1110210GF0000001,H11OSARM2Q          ,1.0,300.0,各   ,120.0,300.0,100.0,3.0,H11 OSARM燈泡                                                 
1110211GF0000001,TBE50021UF          ,1.0,2000.0,組   ,900.0,2000.0,100.0,1.0,TBE-500W變壓器                                                 
1110211GF0000001,ZW                  ,1.0,2000.0,次   ,0.0,2000.0,100.0,2.0,廢鐵                                                          
1110211GF0000001,ZEROVRMG26          ,1.0,1000.0,支   ,415.0,1000.0,100.0,3.0,ZERO 26吋矽膠雨刷                                                
1110211GF0000001,ZERO14VRMG          ,1.0,700.0,支   ,290.0,700.0,100.0,4.0,ZERO矽膠雨刷14吋                                                 
1110211GF0000001,TYPERH4CR           ,1.0,1000.0,組   ,170.0,1000.0,100.0,5.0,TYPE-R H4黃金燈泡                                               
1110211GF0000001,T10552              ,4.0,25.0,各   ,1.7,25.0,100.0,6.0,T10中炸彈                                                      
1110211GF0000001,J00356ZINGCMG       ,1.0,300.0,支   ,130.0,300.0,100.0,7.0,J0[車牌]GER後雨刷                                            
1110211GF0000001,GV2Q                ,1.0,100.0,各   ,3.5,100.0,100.0,8.0,雙芯燈泡                                                        
1110211GF0000001,ZEROVRMG16          ,1.0,800.0,支   ,325.0,800.0,100.0,9.0,ZERO矽膠雨刷16吋                                                 
1110211GF0000001,3D1F1               ,1.0,200.0,支   ,90.0,200.0,100.0,10.0,3D補漆筆                                                       
1110211GF0000001,PNSHG01             ,1.0,200.0,組   ,25.0,200.0,100.0,11.0,車用萬用掛勾 後枕頭 360度旋轉                                           
1110212GF0000001,NOIDNRMG24          ,1.0,400.0,支   ,100.0,400.0,100.0,1.0,NOID三節雨刷 24吋                                                
1110212GF0000001,ZEROVRMG16          ,1.0,800.0,支   ,325.0,800.0,100.0,2.0,ZERO矽膠雨刷16吋                                                 
1110212GF0000001,ZEROVRMG26          ,1.0,1000.0,支   ,415.0,1000.0,100.0,3.0,ZERO 26吋矽膠雨刷                                                
1110212GF0000001,EY                  ,1.0,300.0,次   ,0.0,300.0,100.0,4.0,工資                                                          
1110214GF0000001,NOIDNRMG14          ,1.0,250.0,支   ,100.0,250.0,100.0,1.0,NOID三節雨刷 14吋                                                
1110214GF0000001,NOIDNRMG24          ,1.0,350.0,支   ,100.0,350.0,100.0,2.0,NOID三節雨刷 24吋                                                
1110215GF0000001,T10552              ,1.0,10.0,各   ,1.7,10.0,100.0,5.0,T10中炸彈                                                      
1110215GF0000001,PNSS33              ,1.0,550.0,組   ,280.0,550.0,100.0,6.0,QC3.0*1USB+TYPE-C*1USB電壓偵測                                  
1110215GF0000001,PNSE011             ,1.0,250.0,組   ,70.0,250.0,100.0,7.0,安著手機充電線                                                     
1110216GF0000001,AUXV                ,1.0,120.0,組   ,85.0,120.0,100.0,6.0,AUX線                                                        
1110216GF0000001,VTRXFV              ,1.0,250.0,組   ,120.0,250.0,100.0,7.0,行車記錄器線                                                      
1110216GF0000001,VBDUMN              ,1.0,600.0,罐   ,300.0,600.0,100.0,8.0,向日葵釉元素                                                      
1110216GF0000001,VBD2XAF             ,1.0,100.0,組   ,50.0,100.0,100.0,9.0,向日葵打蠟棉球                                                     
1110215GF0000001,3D1F1               ,1.0,200.0,支   ,90.0,200.0,100.0,1.0,3D補漆筆                                                       
1110215GF0000001,GVE0.9              ,1.0,300.0,各   ,90.0,300.0,100.0,2.0,水箱蓋0.9                                                      
1110215GF0000001,UX0GVR              ,1.0,200.0,罐   ,80.0,200.0,100.0,3.0,亞力安水箱精                                                      
1110216GF0000001,07LIVINA5MW2        ,1.0,750.0,組   ,260.0,750.0,100.0,4.0,07LIVINA專用踏墊                                                
1110217GF0000001,GV2Q                ,2.0,100.0,各   ,3.5,100.0,100.0,1.0,雙芯燈泡                                                        
1110221GF0000001,POSEN18H            ,1.0,300.0,組   ,70.0,300.0,100.0,3.0,POSEN 18吋雨刷                                                 
1110221GF0000001,ZEROVRMG22G         ,1.0,950.0,支   ,350.0,950.0,100.0,4.0,ZERO矽膠雨刷22吋                                                 
1110221GF0000001,ZEROVRMG20          ,1.0,950.0,支   ,350.0,950.0,100.0,5.0,ZERO矽膠雨刷20吋                                                 
1110221GF0000001,32G                 ,1.0,400.0,各   ,250.0,400.0,100.0,6.0,32G卡片                                                       
1110221GF0000001,GV5XJ               ,1.0,350.0,片   ,230.0,350.0,100.0,1.0,水箱罩鋁網                                                       
1110222GF0000001,POSEN16H            ,0.5,300.0,組   ,70.0,300.0,100.0,14.0,POSEN 16吋雨刷                                                 
1110222GF0000001,POSEN18H            ,0.5,300.0,組   ,70.0,300.0,100.0,15.0,POSEN 18吋雨刷                                                 
1110222GF0000001,POSEN20H            ,0.5,300.0,組   ,70.0,300.0,100.0,16.0,POSEN 20吋雨刷                                                 
1110222GF0000001,MISSIONYQU          ,1.0,250.0,罐   ,95.8,250.0,100.0,12.0,MISSIOM自排油                                                  
1110222GF0000001,AS1VNY              ,1.0,80.0,組   ,20.0,80.0,100.0,8.0,迷你保險絲座                                                      
1110222GF0000001,1VNV                ,2.0,10.0,各   ,1.0,10.0,100.0,9.0,保險絲(小)                                                      
1110222GF0000001,S28WGDE             ,2.0,100.0,組   ,38.0,100.0,100.0,6.0,S-28貼式二段開關                                                  
1110222GF0000001,PNSS24TY            ,2.0,350.0,組   ,130.0,350.0,100.0,18.0,大功率雙孔插座+雙USB                                                
1110222GF0000001,8852T2R             ,1.0,1800.0,組   ,880.0,1800.0,100.0,4.0,8852車頂架                                                     
1110222GF0000001,VBDAMMGR            ,1.0,250.0,罐   ,55.0,250.0,100.0,19.0,向日葵免用撥水劑[車牌]                                               
1110222GF0000001,VBDZJTUQ            ,1.0,200.0,罐   ,55.0,200.0,100.0,20.0,向日葵防霧除油膜                                                    
1110222GF0000001,GN119WFQW2L         ,1.0,450.0,條   ,148.0,450.0,100.0,21.0,GN-119透氣方向盤套 2L                                             
1110222GF0000001,VBD1WFRR            ,1.0,100.0,罐   ,38.0,100.0,100.0,22.0,向日葵白鐵亮光清潔劑                                                  
1110222GF0000001,3D1F1               ,1.0,200.0,支   ,90.0,200.0,100.0,23.0,3D補漆筆                                                       
1110222GF0000001,H722WHTY            ,1.0,300.0,組   ,75.0,300.0,100.0,24.0,H7大燈陶瓷插座                                                    
1110222GF0000001,H7OSARM222Q         ,1.0,400.0,各   ,90.0,400.0,100.0,25.0,H7OSARM大燈燈泡                                                 
1110222GF0000001,1VNV                ,2.0,50.0,各   ,1.0,50.0,100.0,26.0,保險絲(小)                                                      
1110224GF0000001,G18.52Q             ,1.0,20.0,各   ,4.0,20.0,100.0,5.0,G18.5燈泡                                                     
1110226GF0000001,VBD2XAF             ,2.0,100.0,組   ,50.0,100.0,100.0,5.0,向日葵打蠟棉球                                                     
1110226GF0000001,PF154QGW            ,1.0,150.0,組   ,65.0,150.0,100.0,6.0,PF-154噴水頭                                                   
1110226GF0000001,J-NABX              ,1.0,750.0,罐   ,450.0,750.0,100.0,2.0,威爾森騎士美容蠟                                                    
1110228GF0000001,VTRXFV              ,1.0,500.0,組   ,120.0,500.0,100.0,3.0,行車記錄器線                                                      
1110228GF0000001,VYRXFVQ             ,1.0,300.0,各   ,120.0,300.0,100.0,4.0,行車記錄器吸盤                                                     
1110228GF0000001,16G                 ,1.0,400.0,組   ,0.0,400.0,100.0,5.0,16G                                                         
1110301GF0000001,NOIDNRMG16          ,1.0,250.0,支   ,100.0,250.0,100.0,3.0,NOID三節雨刷 16吋                                                
1110301GF0000001,NOIDNRMG24          ,1.0,400.0,支   ,100.0,400.0,100.0,4.0,NOID三節雨刷 24吋                                                
1110301GF0000001,JXU1                ,1.0,430.0,各   ,250.0,430.0,100.0,5.0,威力油杯                                                        
1110301GF0000001,VBDZJTUQ            ,1.0,250.0,罐   ,55.0,250.0,100.0,6.0,向日葵防霧除油膜                                                    
1110228GF0000001,V15GIVTRXFF         ,1.0,3300.0,組   ,1400.0,3300.0,100.0,1.0,V15雙眼行車紀錄器(前)                                               
1110301GF0000001,180XFXJ             ,1.0,450.0,各   ,200.0,450.0,100.0,1.0,180冷氣濾網                                                     
1110302GF0000001,SP5504QFE           ,1.0,899.0,各   ,350.0,899.0,100.0,1.0,SP-5504排氣管                                                  
1110303GF0000001,H00688              ,1.0,60.0,張   ,30.0,60.0,100.0,11.0,翅膀/愛心(大)立體貼紙                                                
1110303GF0000001,F00250              ,1.0,40.0,張   ,20.0,40.0,100.0,12.0,尿尿小子/黑紅白                                                    
1110222GF0000001,2XDFMT              ,1.0,700.0,組   ,350.0,700.0,100.0,2.0,得利卡晴雨窗                                                      
1110222GF0000001,G204GVR             ,1.0,650.0,罐   ,220.0,650.0,100.0,27.0,G204水箱精                                                     
1110224GF0000001,POSEN18H            ,0.5,300.0,組   ,70.0,300.0,100.0,8.0,POSEN 18吋雨刷                                                 
1110224GF0000001,POSEN20H            ,0.5,300.0,組   ,70.0,300.0,100.0,9.0,POSEN 20吋雨刷                                                 
1110223GF0000001,JXU1                ,1.0,500.0,各   ,250.0,500.0,100.0,1.0,威力油杯                                                        
1110224GF0000001,WF0305XD            ,1.0,300.0,組   ,130.0,300.0,100.0,10.0,WF-0305兩孔插座                                                 
1110224GF0000001,R2CGR               ,1.0,350.0,組   ,150.0,350.0,100.0,3.0,堅達後視鏡                                                       
1110224GF0000001,GLA180CMG           ,1.0,800.0,支   ,450.0,800.0,100.0,1.0,GLA 180後雨刷                                                  
1110225GF0000001,PNSMY780            ,1.0,200.0,捲   ,60.0,200.0,100.0,4.0,車燈燈改貼膜                                                      
1110225GF0000001,TYPERH4CR           ,1.0,800.0,組   ,170.0,800.0,100.0,5.0,TYPE-R H4黃金燈泡                                               
1110225GF0000001,EY                  ,1.0,100.0,次   ,0.0,100.0,100.0,6.0,工資                                                          
1110225GF0000001,TJ6185J2            ,1.0,300.0,組   ,125.0,300.0,100.0,2.0,TJ-618置物袋                                                   
1110226GF0000001,3D1F1               ,1.0,200.0,支   ,90.0,200.0,100.0,8.0,3D補漆筆                                                       
1110226GF0000001,VBDTVGAVTGW         ,1.0,250.0,組   ,100.0,250.0,100.0,9.0,向日葵超纖雙面洗車手套                                                 
1110226GF0000001,VBDSAA1X            ,1.0,650.0,罐   ,250.0,650.0,100.0,4.0,向日葵奈米美白蠟                                                    
1110303GF0000001,SR116GMWV           ,1.0,350.0,組   ,130.0,350.0,100.0,9.0,SR-116鯊魚天線                                                  
1110303GF0000001,VBDSAA1X            ,1.0,650.0,罐   ,250.0,650.0,100.0,7.0,向日葵奈米美白蠟                                                    
1110303GF0000001,S28WGDE             ,1.0,300.0,組   ,38.0,300.0,100.0,4.0,S-28貼式二段開關                                                  
1110303GF0000001,E00465              ,1.0,30.0,張   ,15.0,30.0,100.0,5.0,尿尿小子/二入黑白紅                                                  
1110304GF0000001,FS81TFE             ,1.0,150.0,組   ,40.0,150.0,100.0,14.0,FS-81充氣蓋                                                    
1110303GF0000001,ZXQH4T1E            ,2.0,350.0,組   ,150.0,350.0,100.0,2.0,菲利浦 H4 55超白光                                                
1110304GF0000001,LHR201              ,1.0,850.0,組   ,450.0,850.0,100.0,15.0,5D透明墊                                                       
1110304GF0000001,XB311W2             ,1.0,500.0,組   ,250.0,500.0,100.0,12.0,XB-311自排踏墊                                                  
1110304GF0000001,ZEROVRMG16          ,1.0,800.0,支   ,325.0,800.0,100.0,6.0,ZERO矽膠雨刷16吋                                                 
1110304GF0000001,ZEROVRMG24          ,1.0,1000.0,支   ,415.0,1000.0,100.0,7.0,ZERO矽膠雨刷24吋                                                 
1110304GF0000001,VBDV1XCA            ,1.0,50.0,各   ,0.0,50.0,100.0,8.0,向日葵洗不爛海棉                                                    
1110304GF0000001,PNSXP058            ,1.0,400.0,組   ,150.0,400.0,100.0,10.0,3.5吋機械手臂式平板手機架                                              
1110304GF0000001,PNS07HD69           ,1.0,350.0,組   ,100.0,350.0,100.0,16.0,9吋手機平板架                                                     
1110304GF0000001,ZJTUA               ,1.0,300.0,罐   ,85.0,300.0,100.0,17.0,防霧除油膜                                                       
1110304GF0000001,XE2MGG250CC         ,1.0,100.0,罐   ,28.0,100.0,100.0,2.0,Xe2雨刷水 [車牌]                                                
1110305GF0000001,VBDVATX             ,1.0,200.0,罐   ,65.0,200.0,100.0,7.0,向日葵細目粗蠟                                                     
1110305GF0000001,TYPERH1T1E          ,1.0,1000.0,組   ,170.0,1000.0,100.0,8.0,TYPE-R H1超白光                                                
1110305GF0000001,3D1F1               ,1.0,200.0,支   ,90.0,200.0,100.0,9.0,3D補漆筆                                                       
1110305GF0000001,ABTE075             ,1.0,1000.0,組   ,650.0,1000.0,100.0,3.0,百變手持打氣機                                                     
1110305GF0000001,3MCUFFVR            ,1.0,150.0,罐   ,60.0,150.0,100.0,4.0,3M化油器清洗劑(8896)                                              
1110305GF0000001,UX02XZVQU           ,1.0,300.0,罐   ,100.0,300.0,100.0,5.0,亞力安動力方向盤油                                                   
1110305GF0000001,RSENT105SMD         ,1.0,350.0,卡   ,110.0,350.0,100.0,1.0,RSEN T105 SMD                                               
1110305GF0000001,1VNV                ,1.0,20.0,各   ,1.0,20.0,100.0,10.0,保險絲(小)                                                      
1110305GF0000001,EY                  ,1.0,200.0,次   ,0.0,200.0,100.0,11.0,工資                                                          
1110309GF0000001,MCJVY2              ,1.0,750.0,組   ,340.0,750.0,100.0,4.0,遠紅外線竹炭極品座墊                                                  
1110309GF0000001,20322T              ,1.0,100.0,各   ,60.0,100.0,100.0,5.0,2032電池                                                      
1110309GF0000001,NOIDNRMG20          ,2.0,300.0,組   ,100.0,300.0,100.0,6.0,NOID三節雨刷 20吋                                                
1110309GF0000001,X1VY                ,1.0,1000.0,組   ,120.0,1000.0,100.0,7.0,喇叭線組                                                        
1110309GF0000001,HK800JGX1           ,1.0,1000.0,組   ,190.0,1000.0,100.0,8.0,HK-800 WRC渦式喇叭                                              
1110309GF0000001,E5NRRC              ,1.0,350.0,組   ,80.0,350.0,100.0,9.0,故障三腳架(盒)                                                    
1110309GF0000001,AH59ZVQW            ,1.0,750.0,條   ,340.0,750.0,100.0,1.0,AH-59方向盤套                                                   
1110309GF0000001,H00800              ,1.0,60.0,張   ,30.0,60.0,100.0,2.0,AGV(大)貼紙                                                    
1110310GF0000001,EY                  ,1.0,300.0,次   ,0.0,300.0,100.0,2.0,工資                                                          
1110310GF0000001,T20Y                ,2.0,100.0,各   ,20.0,100.0,100.0,3.0,T20燈座                                                       
1110310GF0000001,6HMVGXCA            ,1.0,100.0,各   ,60.0,100.0,100.0,4.0,6吋圓型上蠟海棉                                                    
1110310GF0000001,G74435630           ,1.0,600.0,卡   ,240.0,600.0,100.0,1.0,7443後煞車燈 魚眼10各5630                                          
1110311GF0000001,SPAGEGEARFMT        ,1.0,600.0,組   ,300.0,600.0,100.0,4.0,SPAGE GEAR(兩片)晴雨窗                                           
1110311GF0000001,VBDQEFRR            ,1.0,300.0,罐   ,55.0,300.0,100.0,5.0,向日葵皮革清潔劑                                                    
1110311GF0000001,ZEROVRMG18          ,1.0,600.0,支   ,325.0,600.0,100.0,1.0,ZERO矽膠雨刷18吋                                                 
1110311GF0000001,ZEROVRMG22G         ,1.0,1000.0,支   ,350.0,1000.0,100.0,2.0,ZERO矽膠雨刷22吋                                                 
1110314GF0000001,30A1VNY             ,3.0,100.0,各   ,25.0,100.0,100.0,2.0,30A保險絲                                                      
1110314GF0000001,C5590WABX           ,1.0,350.0,罐   ,188.0,350.0,100.0,3.0,黑珍珠 90天美容蠟                                                  
1110314GF0000001,VBD2XAF             ,1.0,100.0,組   ,50.0,100.0,100.0,4.0,向日葵打蠟棉球                                                     
1110314GF0000001,HF007TA1Y           ,1.0,350.0,組   ,64.0,350.0,100.0,5.0,拆面板組                                                        
1110315GF0000001,ABROZVQU            ,1.0,200.0,罐   ,100.0,200.0,100.0,3.0,ABRO方向盤油(含止漏)                                               
1110315GF0000001,ABTA0392E2R         ,1.0,200.0,組   ,0.0,200.0,100.0,4.0,ABT-A039大哥大架                                                
1110315GF0000001,VWA53               ,1.0,1100.0,組   ,650.0,1100.0,100.0,1.0,吸鐵面紙套                                                       
1110316GF0000001,Z8RTVTRXF           ,1.0,3000.0,組   ,2100.0,3000.0,100.0,11.0,Z8機車行車記錄器                                                   
1110316GF0000001,NRW2                ,2.0,150.0,各   ,44.0,150.0,100.0,12.0,四角踏墊                                                        
1110316GF0000001,ZXDGT22             ,1.0,100.0,各   ,50.0,100.0,100.0,9.0,菲利卡煞車塑膠片                                                    
1110316GF0000001,PNSTPC001           ,1.0,400.0,組   ,70.0,400.0,100.0,7.0,PNS-TPC001夜光停車牌                                             
1110316GF0000001,X5NY2               ,2.0,325.0,各   ,170.0,325.0,100.0,5.0,綠竹絲座墊                                                       
1110316GF0000001,20162T              ,1.0,100.0,各   ,22.0,100.0,100.0,3.0,2016電池                                                      
1110317GF0000001,V1                  ,1.0,1000.0,組   ,500.0,1000.0,100.0,1.0,線包                                                          
1110316GF0000001,EY                  ,1.0,200.0,次   ,0.0,200.0,100.0,1.0,工資                                                          
1110318GF0000001,90052Q              ,1.0,300.0,各   ,0.0,300.0,100.0,1.0,9005燈泡                                                      
1110318GF0000001,2V2Q                ,2.0,10.0,各   ,3.0,10.0,100.0,2.0,單芯燈泡                                                        
1110321GF0000001,RT5A2Q              ,1.0,700.0,各   ,550.0,700.0,100.0,8.0,機車5A電瓶                                                      
1110321GF0000001,ABROGV5X            ,1.0,300.0,罐   ,60.0,300.0,100.0,9.0,ABRO水箱止漏劑                                                   
1110321GF0000001,SENFINECORU5X       ,1.0,500.0,罐   ,160.0,500.0,100.0,10.0,西德SENFINECO機油止漏劑                                            
1110321GF0000001,1VNV                ,1.0,10.0,各   ,1.0,10.0,100.0,6.0,保險絲(小)                                                      
1110321GF0000001,H00342              ,1.0,60.0,張   ,30.0,60.0,100.0,1.0,TRD貼紙                                                       
1110321GF0000001,NOID6SND            ,2.0,300.0,組   ,60.0,300.0,100.0,2.0,NOID 6SND室內燈                                                
1110321GF0000001,VBDQEYB1UR          ,1.0,300.0,罐   ,120.0,300.0,100.0,3.0,向日葵皮革滋潤保養液                                                  
1110321GF0000001,1VNV                ,1.0,10.0,各   ,1.0,10.0,100.0,4.0,保險絲(小)                                                      
1110323GF0000001,POSEN16H            ,1.0,300.0,組   ,70.0,300.0,100.0,1.0,POSEN 16吋雨刷                                                 
1110324GF0000001,ABTE021             ,1.0,2299.0,組   ,1600.0,2299.0,100.0,5.0,ABT-E021汽車緊急救車電源                                            
1110324GF0000001,PNSS27              ,1.0,400.0,組   ,150.0,400.0,100.0,6.0,PNS-S27QC3.0A*2USB車充                                        
1110324GF0000001,H722                ,1.0,1000.0,各   ,35.0,1000.0,100.0,4.0,H7 55W大燈燈泡                                                  
1110324GF0000001,VIOS5MW2            ,1.0,800.0,組   ,260.0,800.0,100.0,2.0,VIOS專用踏墊                                                    
1110325GF0000001,2V2Q                ,1.0,10.0,各   ,3.0,10.0,100.0,1.0,單芯燈泡                                                        
1110326GF0000001,2VCQ2Q              ,1.0,200.0,各   ,5.0,200.0,100.0,1.0,單芯琥珀燈泡                                                      
1110326GF0000001,T10552              ,3.0,10.0,各   ,1.7,10.0,100.0,2.0,T10中炸彈                                                      
1110326GF0000001,01CRVXXQ            ,1.0,1500.0,組   ,650.0,1500.0,100.0,3.0,01CRV來令片                                                    
1110326GF0000001,AFL283578           ,2.0,300.0,組   ,81.8,300.0,100.0,4.0,軟條燈2835-78LED                                               
1110326GF0000001,1VNYTG              ,1.0,70.0,組   ,25.0,70.0,100.0,5.0,保險絲座插式                                                      
1110328GF0000001,AL5003TY-CU         ,1.0,300.0,組   ,150.0,300.0,100.0,1.0,AL-5003車載二合一                                                
1110328GF0000001,EY                  ,1.0,500.0,次   ,0.0,500.0,100.0,2.0,工資                                                          
1110328GF0000001,ZEROVRMG18          ,1.0,800.0,支   ,325.0,800.0,100.0,3.0,ZERO矽膠雨刷18吋                                                 
1110328GF0000001,ZEROVRMG24          ,1.0,1000.0,支   ,415.0,1000.0,100.0,4.0,ZERO矽膠雨刷24吋                                                 
1110328GF0000001,VBDVATX             ,1.0,200.0,罐   ,65.0,200.0,100.0,5.0,向日葵細目粗蠟                                                     
1110329GF0000001,CHEERS1540RU        ,2.0,250.0,罐   ,100.0,250.0,100.0,1.0,CHEERS 15/40機油                                              
1110330GF0000001,PNSSUN007           ,1.0,350.0,組   ,90.0,350.0,100.0,1.0,車窗遮陽防蚊罩                                                     
1110331GF0000001,YH6629              ,1.0,350.0,組   ,130.0,350.0,100.0,1.0,TYPER掛式面紙盒6629                                              
1110331GF0000001,                    ,0.0,0.0,,0.0,0.0,,5.0,
1110331GF0000001,1VNV                ,10.0,10.0,各   ,1.0,10.0,100.0,2.0,保險絲(小)                                                      
1110331GF0000001,TYPERH7CR2Q         ,1.0,1000.0,組   ,170.0,1000.0,100.0,3.0,TYPE-R H7黃金燈泡                                               
1110401GF0000001,G74435630           ,1.0,650.0,卡   ,240.0,650.0,100.0,5.0,7443後煞車燈 魚眼10各5630                                          
1110401GF0000001,T20Y                ,2.0,100.0,各   ,20.0,100.0,100.0,6.0,T20燈座                                                       
1110401GF0000001,PNSXP058            ,1.0,450.0,組   ,150.0,450.0,100.0,7.0,3.5吋機械手臂式平板手機架                                              
1110401GF0000001,DR0AZVQWM           ,1.0,600.0,各   ,350.0,600.0,100.0,1.0,開吉按摩(蘭珠)M                                                   
1110401GF0000001,ABROGV5X            ,2.0,300.0,罐   ,60.0,300.0,100.0,2.0,ABRO水箱止漏劑                                                   
1110401GF0000001,EY                  ,1.0,300.0,次   ,0.0,300.0,100.0,3.0,工資                                                          
1110404GF0000001,H1OSRAN2Q           ,1.0,300.0,各   ,120.0,300.0,100.0,3.0,H1 OSRAN燈泡                                                  
1110404GF0000001,PNSE016             ,1.0,200.0,組   ,70.0,200.0,100.0,4.0,TYPE C手機充電線                                                 
1110404GF0000001,307DTV              ,1.0,350.0,組   ,180.0,350.0,100.0,5.0,307快充線                                                      
1110404GF0000001,RTV2500CC           ,1.0,480.0,組   ,220.0,480.0,100.0,1.0,[車牌]救車線                                                   
1110406GF0000001,T10552              ,2.0,50.0,各   ,1.7,50.0,100.0,6.0,T10中炸彈                                                      
1110406GF0000001,G18.52Q             ,1.0,100.0,各   ,4.0,100.0,100.0,7.0,G18.5燈泡                                                     
1110406GF0000001,2V2Q                ,1.0,100.0,各   ,3.0,100.0,100.0,8.0,單芯燈泡                                                        
1110406GF0000001,DR0AZVQWM           ,1.0,650.0,各   ,350.0,650.0,100.0,9.0,開吉按摩(蘭珠)M                                                   
1110406GF0000001,AS1VNY              ,5.0,10.0,組   ,20.0,10.0,100.0,10.0,迷你保險絲座                                                      
1110406GF0000001,2QG                 ,2.0,35.0,罐   ,15.0,35.0,100.0,11.0,電瓶水                                                         
1110406GF0000001,T202V2Q             ,1.0,100.0,各   ,16.0,100.0,100.0,1.0,T20單芯燈泡                                                     
1110406GF0000001,T20GV2Q             ,2.0,100.0,各   ,16.0,100.0,100.0,2.0,T20雙芯燈泡                                                     
1110406GF0000001,VBDVATX             ,1.0,200.0,罐   ,65.0,200.0,100.0,3.0,向日葵細目粗蠟                                                     
1110406GF0000001,3D1F1               ,1.0,200.0,支   ,90.0,200.0,100.0,4.0,3D補漆筆                                                       
1110408GF0000001,H324V1002Q          ,2.0,150.0,各   ,50.0,150.0,100.0,5.0,H3 24V 100W燈泡                                               
1110408GF0000001,VBDVATX             ,1.0,150.0,罐   ,65.0,150.0,100.0,6.0,向日葵細目粗蠟                                                     
1110408GF0000001,EY                  ,1.0,200.0,次   ,0.0,200.0,100.0,7.0,工資                                                          
1110408GF0000001,929TX               ,1.0,150.0,罐   ,40.0,150.0,100.0,9.0,929粗蠟                                                       
1110408GF0000001,8YCA                ,2.0,50.0,各   ,30.0,50.0,100.0,10.0,8字海棉                                                        
1110408GF0000001,CZ263XRW            ,1.0,500.0,各   ,150.0,500.0,100.0,3.0,CZ-263拉及桶                                                   
1110408GF0000001,3DWMZGHJL           ,1.0,850.0,各   ,320.0,850.0,100.0,11.0,3D通用防水通用防水槽 [車牌]                                          
1110408GF0000001,SF0050              ,2.0,50.0,組   ,40.0,50.0,100.0,12.0,SF-0050裕隆保桿扣                                                
1110408GF0000001,WUSWU5TF            ,1.0,3000.0,組   ,900.0,3000.0,100.0,1.0,太陽能胎壓偵測器                                                    
1110408GF0000001,2QG                 ,1.0,50.0,罐   ,15.0,50.0,100.0,13.0,電瓶水                                                         
1110408GF0000001,H4OSRAM2Q           ,1.0,300.0,各   ,48.0,300.0,100.0,14.0,H4 OSRAM燈泡                                                  
1110409GF0000001,PNSHDF              ,1.0,350.0,組   ,140.0,350.0,100.0,1.0,六連桿固定 出風口手機架-重力手機                                           
1110411GF0000001,ABRO5XX             ,1.0,380.0,罐   ,110.0,380.0,100.0,4.0,ABRO棕梠蠟                                                     
1110411GF0000001,VBDV1XCA            ,1.0,50.0,各   ,0.0,50.0,100.0,5.0,向日葵洗不爛海棉                                                    
1110609GF0000001,8YCA                ,1.0,50.0,各   ,30.0,50.0,100.0,2.0,8字海棉                                                        
1110411GF0000001,RSEN22CMXER         ,1.0,150.0,罐   ,70.0,150.0,100.0,6.0,RSEN電鍍亮光臘(200G)                                             
1110411GF0000001,3D5U1               ,1.0,270.0,組   ,113.0,270.0,100.0,7.0,3D遮陽板                                                       
1110411GF0000001,UADVTR              ,1.0,150.0,罐   ,60.0,150.0,100.0,8.0,優馬克洗車精                                                      
1110411GF0000001,H11OSARM2Q          ,1.0,300.0,各   ,120.0,300.0,100.0,9.0,H11 OSARM燈泡                                                 
1110411GF0000001,CHY3282FR           ,1.0,1300.0,組   ,680.0,1300.0,100.0,10.0,CHY-328超強力防震打氣機                                             
1110411GF0000001,H4OSRAM2Q           ,1.0,350.0,各   ,48.0,350.0,100.0,11.0,H4 OSRAM燈泡                                                  
1110411GF0000001,SENFINECORU5X       ,1.0,500.0,罐   ,160.0,500.0,100.0,12.0,西德SENFINECO機油止漏劑                                            
1110411GF0000001,EY                  ,1.0,550.0,次   ,0.0,550.0,100.0,13.0,工資                                                          
1110411GF0000001,CHAA434             ,1.0,100.0,組   ,35.0,100.0,100.0,14.0,點菸頭/付線                                                      
1110411GF0000001,GN5V                ,1.0,350.0,罐   ,140.0,350.0,100.0,15.0,雙色之星香水                                                      
1110411GF0000001,SENFINCEOXFZVFRR    ,1.0,1000.0,罐   ,350.0,1000.0,100.0,16.0,西德SENFINCEO冷氣風箱清潔劑                                          
1110412GF0000001,SP5083FY            ,1.0,150.0,組   ,65.0,150.0,100.0,1.0,SP-5083S充氣口氣嘴                                               
1110413GF0000001,T10552              ,2.0,100.0,各   ,1.7,100.0,100.0,3.0,T10中炸彈                                                      
1110413GF0000001,RSENT105630         ,1.0,400.0,卡   ,120.0,400.0,100.0,4.0,RSEN T10 5630 10燈                                           
1110413GF0000001,T101E               ,1.0,200.0,卡   ,100.0,200.0,100.0,1.0,T10白光                                                       
1110414GF0000001,106USB6.1A          ,1.0,500.0,組   ,220.0,500.0,100.0,9.0,106 6.1AUSB插頭                                               
1110414GF0000001,VBDQEYB1UR          ,1.0,300.0,罐   ,120.0,300.0,100.0,10.0,向日葵皮革滋潤保養液                                                  
1110414GF0000001,VBDSAA1X            ,3.0,650.0,罐   ,250.0,650.0,100.0,11.0,向日葵奈米美白蠟                                                    
1110414GF0000001,6BCA                ,2.0,80.0,包   ,30.0,80.0,100.0,12.0,6入海棉                                                        
1110414GF0000001,ZJTUA               ,1.0,300.0,罐   ,85.0,300.0,100.0,3.0,防霧除油膜                                                       
1110414GF0000001,VBDXEX              ,1.0,100.0,罐   ,55.0,100.0,100.0,4.0,向日葵橘油亮光蠟  [車牌]                                             
1110414GF0000001,TYPERH1CR2Q         ,1.0,1000.0,組   ,170.0,1000.0,100.0,5.0,TYPE-R H1黃金燈泡                                               
1110414GF0000001,PNSSCUPG01          ,1.0,300.0,組   ,150.0,300.0,100.0,6.0,多功能椅邊椅背置物盒                                                  
1110414GF0000001,EY                  ,1.0,400.0,次   ,0.0,400.0,100.0,7.0,工資                                                          
1110414GF0000001,01XGFMG             ,1.0,600.0,組   ,210.0,600.0,100.0,1.0,01菱帥晴雨窗(兩片)                                                 
1110415GF0000001,SJ911R2W            ,1.0,600.0,組   ,125.0,600.0,100.0,1.0,SJ-911靜電條                                                   
1110415GF0000001,RSENT104RQ          ,1.0,250.0,卡   ,80.0,250.0,100.0,2.0,RSEN T10 4晶                                                 
1110416GF0000001,RSENBEMG16          ,1.0,300.0,支   ,90.0,300.0,100.0,7.0,RSEN軟骨雨刷 16吋                                                
1110416GF0000001,RSENBEMG26H         ,1.0,450.0,支   ,100.0,450.0,100.0,8.0,RSEN軟骨雨刷 26吋                                                
1110416GF0000001,24VRG2LED           ,1.0,1000.0,各   ,620.0,1000.0,100.0,4.0,24V警示燈 LED                                                  
1110416GF0000001,GV2Q                ,10.0,10.0,各   ,3.5,10.0,100.0,5.0,雙芯燈泡                                                        
1110416GF0000001,929TX               ,3.0,100.0,罐   ,58.0,100.0,100.0,2.0,929粗蠟                                                       
1110419GF0000001,XY2                 ,1.0,450.0,各   ,230.0,450.0,100.0,5.0,藍坐墊                                                         
1110419GF0000001,NOIDNRMG24          ,1.0,400.0,支   ,100.0,400.0,100.0,6.0,NOID三節雨刷 24吋                                                
1110419GF0000001,KNOSR               ,1.0,500.0,片   ,350.0,500.0,100.0,1.0,KNOS鏡                                                       
1110419GF0000001,J00346              ,1.0,400.0,支   ,130.0,400.0,100.0,2.0,J00346後雨刷 WISH                                              
1110419GF0000001,VYRXFVQ             ,1.0,250.0,各   ,120.0,250.0,100.0,3.0,行車記錄器吸盤                                                     
1110420GF0000001,3MR1CM              ,1.0,100.0,卷   ,50.0,100.0,100.0,4.0,3M膠*1CM                                                     
1110420GF0000001,AFL283578           ,3.0,300.0,組   ,81.8,300.0,100.0,5.0,軟條燈2835-78LED                                               
1110421GF0000001,3D1F1               ,1.0,200.0,支   ,110.0,200.0,100.0,14.0,3D補漆筆                                                       
1110421GF0000001,V1                  ,1.0,1000.0,組   ,500.0,1000.0,100.0,15.0,線包                                                          
1110421GF0000001,PF154QGW            ,1.0,200.0,組   ,65.0,200.0,100.0,10.0,PF-154噴水頭                                                   
1110421GF0000001,UX0GVR              ,1.0,200.0,罐   ,80.0,200.0,100.0,11.0,亞力安水箱精                                                      
1110421GF0000001,SP702               ,1.0,200.0,罐   ,100.0,200.0,100.0,12.0,SP-702電動窗潤滑劑                                                
1110421GF0000001,G18.52Q             ,2.0,15.0,各   ,4.0,15.0,100.0,8.0,G18.5燈泡                                                     
1110422GF0000001,PNSHDF17            ,1.0,300.0,組   ,180.0,300.0,100.0,3.0,飛機款出風口重力手機架                                                 
1110421GF0000001,F501TAZQW           ,1.0,500.0,捲   ,140.0,500.0,100.0,5.0,F501車門碰條                                                    
1110421GF0000001,EY                  ,1.0,500.0,次   ,0.0,500.0,100.0,6.0,工資                                                          
1110421GF0000001,15WISHTX            ,1.0,3800.0,組   ,2800.0,3800.0,100.0,3.0,15WIAH窗簾                                                    
1110422GF0000001,PS251F25U           ,1.0,150.0,組   ,78.0,150.0,100.0,4.0,PS-251前檔遮陽                                                  
1110421GF0000001,ABROYQUV            ,1.0,350.0,罐   ,130.0,350.0,100.0,1.0,ABRO自排變速箱油防漏油精                                              
1110422GF0000001,AFL283578           ,2.0,350.0,組   ,81.8,350.0,100.0,1.0,軟條燈2835-78LED                                               
1110423GF0000001,6H2EF               ,1.0,600.0,組   ,200.0,600.0,100.0,3.0,6吋墊高器                                                       
1110423GF0000001,IEB001X1EUH         ,1.0,600.0,組   ,290.0,600.0,100.0,4.0,IEB-2A車之首鋁箔隔音材 90CM*120M                                    
1110423GF0000001,1VNV                ,1.0,10.0,各   ,1.0,10.0,100.0,1.0,保險絲(小)                                                      
1110425GF0000001,AXJ                 ,1.0,450.0,罐   ,200.0,450.0,100.0,2.0,魔臘王                                                         
1110425GF0000001,2XAX                ,1.0,250.0,各   ,120.0,250.0,100.0,3.0,打蠟棉輪                                                        
1110425GF0000001,2XAW6HQE            ,1.0,150.0,各   ,55.0,150.0,100.0,4.0,6吋打蠟拋光棉套                                                    
1110425GF0000001,XWEYY               ,1.0,350.0,組   ,165.0,350.0,100.0,5.0,輪胎工具組                                                       
1110425GF0000001,PNSHG03             ,1.0,200.0,組   ,20.0,200.0,100.0,6.0,萬用掛勾 後頭枕 無私角                                                
1110426GF0000001,UADWVJZVQW          ,1.0,499.0,組   ,230.0,499.0,100.0,4.0,優馬克碳嫌為方向盤套                                                  
1110426GF0000001,DAYQQWW             ,1.0,1200.0,組   ,280.0,1200.0,100.0,5.0,卡夢自排檔頭                                                      
1110426GF0000001,H4OSRAM2Q           ,1.0,400.0,各   ,48.0,400.0,100.0,1.0,H4 OSRAM燈泡                                                  
1110426GF0000001,H7OSARM222Q         ,1.0,400.0,各   ,90.0,400.0,100.0,2.0,H7OSARM大燈燈泡                                                 
1110427GF0000002,POSEN16H            ,0.5,300.0,組   ,70.0,300.0,100.0,1.0,POSEN 16吋雨刷                                                 
1110427GF0000002,POSEN20H            ,0.5,300.0,組   ,70.0,300.0,100.0,2.0,POSEN 20吋雨刷                                                 
1110429GF0000001,3MR1CM              ,1.0,100.0,卷   ,55.0,100.0,100.0,1.0,3M膠*1CM                                                     
1110429GF0000001,3M1UFTR             ,1.0,350.0,各   ,140.0,350.0,100.0,2.0,3M柏油清除劑                                                     
1110430GF0000001,FCOUSM3             ,1.0,855.0,組   ,280.0,855.0,100.0,6.0,FCOUS專用雨刷                                                   
1110430GF0000001,ZJTUA               ,1.0,270.0,罐   ,85.0,270.0,100.0,7.0,防霧除油膜                                                       
1110430GF0000001,ZEROVRMG26          ,1.0,1000.0,支   ,415.0,1000.0,100.0,3.0,ZERO 26吋矽膠雨刷                                                
1110430GF0000001,ZERO14VRMG          ,1.0,700.0,支   ,290.0,700.0,100.0,4.0,ZERO矽膠雨刷14吋                                                 
1110430GF0000001,GV2Q                ,1.0,100.0,各   ,3.5,100.0,100.0,1.0,雙芯燈泡                                                        
1110503GF0000001,3D1F1               ,1.0,200.0,支   ,90.0,200.0,100.0,1.0,3D補漆筆                                                       
1110503GF0000001,929TX               ,1.0,100.0,罐   ,58.0,100.0,100.0,2.0,929粗蠟                                                       
1110504GF0000001,G18.52Q             ,1.0,20.0,各   ,4.0,20.0,100.0,3.0,G18.5燈泡                                                     
1110504GF0000001,PNSSW001            ,1.0,450.0,條   ,164.0,450.0,100.0,4.0,黑色真皮方向盤套                                                    
1110506GF0000001,PNSSC002            ,1.0,450.0,組   ,160.0,450.0,100.0,10.0,雙層3D蜂巢椅座墊-冰涼氣墊                                              
1110506GF0000001,8H2G12V             ,1.0,600.0,組   ,290.0,600.0,100.0,8.0,8吋電扇12V                                                     
1110506GF0000001,PNSSUN007           ,1.0,350.0,組   ,90.0,350.0,100.0,5.0,車窗遮陽防蚊罩                                                     
1110506GF0000001,AL529USBTY          ,1.0,350.0,組   ,150.0,350.0,100.0,6.0,AL-[車牌]車載座二合一                                             
1110506GF0000001,VBDVATX-2           ,1.0,200.0,罐   ,65.0,200.0,100.0,1.0,向日葵細目粗蠟二代                                                   
1110506GF0000001,EY                  ,1.0,1000.0,次   ,0.0,1000.0,100.0,2.0,工資                                                          
1110506GF0000001,2VCQ2Q              ,1.0,100.0,各   ,5.0,100.0,100.0,3.0,單芯琥珀燈泡                                                      
1110509GF0000001,8YCA                ,1.0,75.0,各   ,30.0,75.0,100.0,3.0,8字海棉                                                        
1110509GF0000001,2UY24.8A            ,1.0,600.0,組   ,310.0,600.0,100.0,4.0,點煙座 2+2+1 4.8A KIKE                                         
1110509GF0000001,INNONATA1E2         ,1.0,699.0,組   ,240.0,699.0,100.0,5.0,INNONA長毛避光墊                                                 
1110509GF0000001,XE2MGR500           ,1.0,150.0,罐   ,42.0,150.0,100.0,1.0,XE2雙管超濃雨刷精 [車牌]                                            
1110509GF0000001,1MT5D               ,1.0,1600.0,組   ,1080.0,1600.0,100.0,6.0,白雲防水車罩-C D                                                  
1110510GF0000001,EY                  ,1.0,200.0,次   ,0.0,200.0,100.0,7.0,工資                                                          
1110510GF0000001,H4OSRAM2Q           ,1.0,300.0,各   ,48.0,300.0,100.0,8.0,H4 OSRAM燈泡                                                  
1110510GF0000001,AFL283578           ,1.0,500.0,組   ,81.8,500.0,100.0,4.0,軟條燈2835-78LED                                               
1110510GF0000001,RSENS25352VR        ,1.0,650.0,組   ,280.0,650.0,100.0,5.0,RSEN S25 35燈解碼斜角琥珀                                          
1110510GF0000001,13FCOUSTA1E2        ,1.0,700.0,組   ,240.0,700.0,100.0,1.0,13FCOUS長毛避光墊                                                
1110510GF0000001,3D1F1               ,1.0,200.0,支   ,90.0,200.0,100.0,2.0,3D補漆筆                                                       
1110511GF0000001,ZEROFV1UUR          ,1.0,400.0,罐   ,180.0,400.0,100.0,1.0,ZERO全效保養汽車精[車牌]                                            
1110511GF0000001,PNSS12              ,1.0,350.0,組   ,100.0,350.0,100.0,2.0,PNS-s12 2合一點煙煙器插孔+2USB3.1A車充                                
1110511GF0000001,FA005               ,1.0,250.0,各   ,90.0,250.0,100.0,3.0,FA-005多功能止滑墊                                                
1110512GF0000001,UX02XZVQU           ,1.0,300.0,罐   ,100.0,300.0,100.0,1.0,亞力安動力方向盤油                                                   
1110512GF0000001,HK915X1             ,1.0,999.0,組   ,240.0,999.0,100.0,2.0,HK-915 BMW快音喇叭                                              
1110513GF0000001,POSENSD2246*20      ,1.0,150.0,捲   ,55.0,150.0,100.0,1.0,POSEN 黏扣帶[車牌]*20cm                                         
1110514GF0000001,AFL283578           ,1.0,500.0,組   ,81.8,500.0,100.0,5.0,軟條燈2835-78LED                                               
1110514GF0000001,UADWVJZVQW          ,1.0,550.0,組   ,230.0,550.0,100.0,6.0,優馬克碳嫌為方向盤套                                                  
1110514GF0000001,J00342              ,1.0,400.0,支   ,130.0,400.0,100.0,7.0,J00342後雨刷 LEXUS                                             
1110514GF0000001,NOIDNRMG16          ,1.0,250.0,支   ,100.0,250.0,100.0,8.0,NOID三節雨刷 16吋                                                
1110514GF0000001,NOIDNRMG22          ,1.0,350.0,支   ,100.0,350.0,100.0,9.0,NOID三節雨刷 22吋                                                
1110514GF0000001,ZJTUA               ,1.0,300.0,罐   ,85.0,300.0,100.0,10.0,防霧除油膜                                                       
1110514GF0000001,TVJ1                ,1.0,75.0,條   ,15.0,75.0,100.0,11.0,超纖維布                                                        
1110514GF0000001,PNSHDF31            ,1.0,350.0,組   ,130.0,350.0,100.0,12.0,重力式 長桿出風口手機架360度旋轉                                          
1110514GF0000001,ZEROVRMG26          ,1.0,1100.0,支   ,415.0,1100.0,100.0,1.0,ZERO 26吋矽膠雨刷                                                
1110514GF0000001,NGKBKR5E11          ,1.0,200.0,各   ,25.0,200.0,100.0,2.0,NGK BKR5E-11火星賽                                             
1110514GF0000001,8H2G12V             ,1.0,750.0,組   ,290.0,750.0,100.0,3.0,8吋電扇12V                                                     
1110516GF0000001,MPVTA1E2            ,1.0,800.0,組   ,240.0,800.0,100.0,4.0,MPV長毛避光墊                                                    
1110516GF0000001,AVVCV4.5M           ,1.0,250.0,條   ,100.0,250.0,100.0,5.0,AV訊號線4.5M                                                   
1110516GF0000001,AFL283578           ,2.0,450.0,組   ,81.8,450.0,100.0,1.0,軟條燈2835-78LED                                               
1110516GF0000001,1VNYTG              ,1.0,100.0,組   ,25.0,100.0,100.0,2.0,保險絲座插式                                                      
1110517GF0000001,PNSFB001            ,1.0,1000.0,組   ,520.0,1000.0,100.0,3.0,磁吸面紙盒 碳纖維黑色                                                 
1110517GF0000001,YH6629              ,1.0,300.0,組   ,130.0,300.0,100.0,4.0,TYPER掛式面紙盒6629                                              
1110517GF0000001,RSEN56ZVQW          ,1.0,600.0,條   ,250.0,600.0,100.0,5.0,RSEN-56牛皮方向盤套                                               
1110517GF0000001,XGRUV               ,1.0,80.0,各   ,60.0,80.0,100.0,6.0,菱帥機油芯                                                       
1110517GF0000001,TC1208FY2T2R        ,1.0,2600.0,組   ,1600.0,2600.0,100.0,7.0,TC-1208全自動充電機 麻新                                            
1110518GF0000001,LY336G1R            ,1.0,200.0,組   ,120.0,200.0,100.0,1.0,LY-336雙杯架                                                   
1110518GF0000001,GV2Q                ,1.0,100.0,各   ,3.5,100.0,100.0,2.0,雙芯燈泡                                                        
1110519GF0000001,CHEERS1540RU        ,1.0,300.0,罐   ,100.0,300.0,100.0,1.0,CHEERS 15/40機油                                              
1110519GF0000001,PNSSUN007           ,1.0,350.0,組   ,90.0,350.0,100.0,2.0,車窗遮陽防蚊罩                                                     
1110520GF0000001,GEJMVG              ,1.0,250.0,各   ,100.0,250.0,100.0,4.0,水果物語香水                                                      
1110520GF0000001,RSENZVQ             ,1.0,1999.0,支   ,650.0,1999.0,100.0,5.0,RSEN方向盤                                                     
1110520GF0000001,3M12*15             ,1.0,200.0,組   ,80.0,200.0,100.0,1.0,3M膠12*15mm(2入)                                              
1110520GF0000001,3D1F1               ,1.0,200.0,支   ,90.0,200.0,100.0,2.0,3D補漆筆                                                       
1110521GF0000001,H422                ,1.0,100.0,各   ,28.0,100.0,100.0,7.0,H4大燈燈泡 55W                                                  
1110521GF0000001,H3OSRAM2Q           ,1.0,350.0,各   ,45.0,350.0,100.0,8.0,H3 OSARM 55W燈泡                                              
1110521GF0000001,TAD013              ,1.0,1200.0,組   ,600.0,1200.0,100.0,5.0,象王5T千斤頂                                                     
1110521GF0000001,2VCQ2Q              ,1.0,50.0,各   ,5.0,50.0,100.0,3.0,單芯琥珀燈泡                                                      
1110521GF0000001,KNOSR               ,1.0,600.0,片   ,350.0,600.0,100.0,1.0,KNOS鏡                                                       
1110523GF0000001,G18.52Q             ,2.0,20.0,各   ,4.0,20.0,100.0,12.0,G18.5燈泡                                                     
1110523GF0000001,0052DSGRR           ,1.0,250.0,組   ,120.0,250.0,100.0,13.0,005多功能手機架                                                   
1110523GF0000001,PNSS23TY            ,1.0,300.0,組   ,160.0,300.0,100.0,14.0,車用單孔插座+雙USB                                                 
1110523GF0000001,SP5083FY            ,1.0,150.0,組   ,65.0,150.0,100.0,15.0,SP-5083S充氣口氣嘴                                               
1110523GF0000001,V1                  ,1.0,1000.0,組   ,500.0,1000.0,100.0,8.0,線包                                                          
1110523GF0000001,EY                  ,1.0,1000.0,次   ,0.0,1000.0,100.0,9.0,工資                                                          
1110523GF0000001,AV5F2               ,1.0,500.0,組   ,250.0,500.0,100.0,10.0,AV轉換附啟動                                                     
1110523GF0000001,ID1.52B             ,1.0,2500.0,各   ,1200.0,2500.0,100.0,16.0,ID 1.5電容                                                    
1110523GF0000001,PNSFB001            ,1.0,1000.0,組   ,520.0,1000.0,100.0,6.0,磁吸面紙盒 碳纖維黑色                                                 
1110523GF0000001,GN5400FCW           ,1.0,250.0,組   ,120.0,250.0,100.0,4.0,GN-540安全護套                                                  
1110524GF0000001,P16X5XN             ,1.0,150.0,卡   ,66.0,150.0,100.0,1.0,P16 六爪螺絲                                                    
1110525GF0000001,ZEROVRMG22G         ,2.0,950.0,支   ,350.0,950.0,100.0,1.0,ZERO矽膠雨刷22吋                                                 
1110525GF0000001,9006OSRAM           ,1.0,500.0,各   ,90.0,500.0,100.0,2.0,[車牌]AM燈泡                                                
1110526GF0000001,3D5U1               ,1.0,300.0,組   ,113.0,300.0,100.0,8.0,3D遮陽板                                                       
1110526GF0000001,PNSSUN007           ,1.0,350.0,組   ,90.0,350.0,100.0,9.0,車窗遮陽防蚊罩                                                     
1110526GF0000001,VBD1WFRR            ,1.0,150.0,罐   ,38.0,150.0,100.0,5.0,向日葵白鐵亮光清潔劑                                                  
1110526GF0000001,VBDTFVTFJSW         ,1.0,300.0,組   ,130.0,300.0,100.0,6.0,向日葵超強去污黏土                                                   
1110526GF0000001,3D1F1               ,1.0,200.0,支   ,90.0,200.0,100.0,3.0,3D補漆筆                                                       
1110526GF0000001,A094                ,1.0,550.0,條   ,100.0,550.0,100.0,1.0,A094方向盤套                                                    
1110527GF0000001,POSEN18H            ,1.0,350.0,組   ,60.0,350.0,100.0,1.0,POSEN 18吋雨刷                                                 
1110527GF0000001,POSEN20H            ,1.0,350.0,組   ,70.0,350.0,100.0,2.0,POSEN 20吋雨刷                                                 
1110527GF0000001,ZJTUA               ,1.0,300.0,罐   ,85.0,300.0,100.0,3.0,防霧除油膜                                                       
1110527GF0000001,NOIDNRMG18          ,1.0,300.0,支   ,100.0,300.0,100.0,4.0,NOID三節雨刷 18吋                                                
1110527GF0000001,NOIDNRMG20          ,1.0,300.0,組   ,100.0,300.0,100.0,5.0,NOID三節雨刷 20吋                                                
1110528GF0000001,ERQ602Q             ,1.0,2500.0,各   ,1750.0,2500.0,100.0,1.0,國際牌60電瓶                                                     
1110528GF0000001,GXYGUX              ,1.0,650.0,罐   ,280.0,650.0,100.0,2.0,舒亮鑽石釉蠟                                                      
1110530GF0000001,EY                  ,1.0,100.0,次   ,0.0,100.0,100.0,5.0,工資                                                          
1110530GF0000001,SUFEFMT             ,1.0,500.0,組   ,300.0,500.0,100.0,6.0,SUFE晴雨窗                                                     
1110530GF0000001,PS255R2W            ,1.0,200.0,組   ,80.0,200.0,100.0,3.0,PS-255靜電貼                                                   
1110530GF0000001,NOID0118SND         ,1.0,400.0,組   ,150.0,400.0,100.0,1.0,NOID-01 18 SMD室內燈                                           
1110531GF0000001,POSEN18H            ,1.0,350.0,組   ,60.0,350.0,100.0,5.0,POSEN 18吋雨刷                                                 
1110531GF0000001,PNSSUN007           ,1.0,350.0,組   ,90.0,350.0,100.0,6.0,車窗遮陽防蚊罩                                                     
1110531GF0000001,HY662               ,2.0,1000.0,組   ,520.0,1000.0,100.0,3.0,HY-662簡便連結式椅套                                               
1110531GF0000001,VG1TU               ,1.0,100.0,瓶   ,30.0,100.0,100.0,1.0,香水補充液                                                       
1110604GF0000001,XA                  ,1.0,800.0,次   ,350.0,800.0,100.0,1.0,冷媒                                                          
1110606GF0000001,VBDV1XCA            ,1.0,50.0,各   ,0.0,50.0,100.0,9.0,向日葵洗不爛海棉                                                    
1110606GF0000001,8YCA                ,1.0,75.0,各   ,30.0,75.0,100.0,10.0,8字海棉                                                        
1110606GF0000001,ZINGERCGR           ,1.0,1000.0,組   ,500.0,1000.0,100.0,7.0,ZINGER後視鏡                                                   
1110606GF0000001,ZJTUA               ,1.0,300.0,罐   ,85.0,300.0,100.0,4.0,防霧除油膜                                                       
1110606GF0000001,RSENMGR             ,1.0,150.0,罐   ,70.0,150.0,100.0,5.0,RSEN雨刷精                                                     
1110606GF0000001,4TFR2               ,1.0,1000.0,各   ,500.0,1000.0,100.0,1.0,4T千斤頂                                                       
1110606GF0000001,FR2GUG              ,1.0,750.0,組   ,410.0,750.0,100.0,2.0,剪式附把手千斤頂  [車牌]                                             
1110607GF0000001,UX0GVR              ,1.0,200.0,罐   ,80.0,200.0,100.0,1.0,亞力安水箱精                                                      
1110607GF0000001,2VCQ2Q              ,2.0,25.0,各   ,5.0,25.0,100.0,2.0,單芯琥珀燈泡                                                      
1110608GF0000001,H722                ,2.0,250.0,各   ,35.0,250.0,100.0,1.0,H7 55W大燈燈泡                                                  
1110608GF0000001,H722WHTY            ,0.5,600.0,組   ,75.0,600.0,100.0,2.0,H7大燈陶瓷插座                                                    
1110609GF0000001,PS252F25U           ,1.0,200.0,組   ,78.0,200.0,100.0,1.0,PS-252前檔遮陽隔熱紙                                               
1110409GF0000001,VBDSAA1X            ,1.0,531.0,罐   ,250.0,531.0,100.0,5.0,向日葵奈米美白蠟                                                    
1110609GF0000001,UADVTR              ,1.0,150.0,罐   ,60.0,150.0,100.0,3.0,優馬克洗車精                                                      
1110609GF0000001,ABROTA1CQX          ,1.0,350.0,罐   ,130.0,350.0,100.0,4.0,ABRO車身保護噴蠟                                                  
1110610GF0000001,RX15W40RU           ,1.0,250.0,罐   ,100.0,250.0,100.0,1.0,巨力15W/40機油                                                  
1110610GF0000001,RSENT105630         ,2.0,400.0,卡   ,120.0,400.0,100.0,2.0,RSEN T10 5630 10燈                                           
1110610GF0000001,G255630GV2Q         ,1.0,550.0,組   ,240.0,550.0,100.0,3.0,G25-5630後煞車燈雙芯燈泡                                            
1110610GF0000001,EY                  ,1.0,100.0,次   ,0.0,100.0,100.0,4.0,工資                                                          
1110610GF0000001,8H2G12V             ,1.0,650.0,組   ,290.0,650.0,100.0,5.0,8吋電扇12V                                                     
1110610GF0000001,KH826UTVGW          ,1.0,300.0,組   ,150.0,300.0,100.0,6.0,KH-826延長線雙頭(附夾子)3米                                          
1110611GF0000001,WISHUV              ,1.0,150.0,各   ,65.0,150.0,100.0,8.0,WISH油芯                                                      
1110611GF0000001,ZERO14VRMG          ,1.0,700.0,支   ,290.0,700.0,100.0,9.0,ZERO矽膠雨刷14吋                                                 
1110611GF0000001,ZEROVRMG24          ,1.0,1000.0,支   ,415.0,1000.0,100.0,10.0,ZERO矽膠雨刷24吋                                                 
1110611GF0000001,NOIDNRMG14          ,1.0,200.0,支   ,100.0,200.0,100.0,5.0,NOID三節雨刷 14吋                                                
1110611GF0000001,NOIDNRMG24          ,1.0,400.0,支   ,100.0,400.0,100.0,6.0,NOID三節雨刷 24吋                                                
1110611GF0000001,E5NRR               ,2.0,350.0,組   ,165.0,350.0,100.0,3.0,故障三腳架                                                       
1110611GF0000001,RX15W40RU           ,1.0,250.0,罐   ,100.0,250.0,100.0,1.0,巨力15W/40機油                                                  
1110616GF0000001,ZU                  ,1.0,1200.0,次   ,0.0,1200.0,100.0,2.0,廢油                                                          
1110616GF0000001,16G                 ,1.0,350.0,組   ,0.0,350.0,100.0,3.0,16G                                                         
1110616GF0000001,R2CGR               ,1.0,550.0,組   ,150.0,550.0,100.0,4.0,堅達後視鏡                                                       
1110617GF0000001,LY601               ,1.0,80.0,組   ,18.0,80.0,100.0,10.0,小圓鏡                                                         
1110617GF0000001,MP35C1NS13          ,1.0,1000.0,組   ,580.0,1000.0,100.0,11.0,倍思T貓頭S13-快衝音樂撥放器                                            
1110617GF0000001,GN007J2WV           ,1.0,300.0,隻   ,75.0,300.0,100.0,8.0,GN-007屋頂天線                                                  
1110617GF0000001,BB906               ,1.0,120.0,張   ,33.0,120.0,100.0,6.0,割字新手駕駛                                                      
1110617GF0000001,RSEN1GR             ,1.0,200.0,組   ,75.0,200.0,100.0,3.0,RSEN撥水劑                                                     
1110617GF0000001,1VNV                ,6.0,10.0,各   ,1.0,10.0,100.0,4.0,保險絲(小)                                                      
1110617GF0000001,S17RXTV1            ,1.0,200.0,條   ,95.0,200.0,100.0,1.0,S-17極亮超纖布                                                   
1110621GF0000001,KH911A2             ,1.0,250.0,組   ,88.0,250.0,100.0,1.0,KH-911曼陀                                                    
1110621GF0000001,NOID0118SND         ,2.0,400.0,組   ,150.0,400.0,100.0,2.0,NOID-01 18 SMD室內燈                                           
1110621GF0000001,NOID24GS2           ,1.0,450.0,組   ,200.0,450.0,100.0,3.0,NOID-01 24SMD室內燈                                            
1110621GF0000001,PNSHXT205F          ,1.0,700.0,組   ,350.0,700.0,100.0,4.0,雙風扇-椅背枕頭用 DC12V                                             
1110621GF0000001,1VNY                ,3.0,20.0,各   ,100.0,20.0,100.0,5.0,圓保險絲座                                                       
1110622GF0000001,SF0050              ,1.0,100.0,組   ,40.0,100.0,100.0,3.0,SF-0050裕隆保桿扣                                                
1110622GF0000001,PNSSC002            ,1.0,450.0,組   ,160.0,450.0,100.0,4.0,雙層3D蜂巢椅座墊-冰涼氣墊                                              
1110622GF0000001,VTRXFV              ,1.0,550.0,組   ,120.0,550.0,100.0,5.0,行車記錄器線                                                      
1110622GF0000001,PNSP002             ,1.0,250.0,組   ,126.0,250.0,100.0,6.0,多功能伸縮洗車刷                                                    
1110622GF0000001,3D1F1               ,1.0,200.0,支   ,90.0,200.0,100.0,1.0,3D補漆筆                                                       
1110623GF0000001,EY                  ,1.0,300.0,次   ,0.0,300.0,100.0,6.0,工資                                                          
1110623GF0000001,6H2G                ,1.0,550.0,組   ,250.0,550.0,100.0,7.0,6吋電扇                                                        
1110624GF0000001,BB900               ,1.0,120.0,張   ,33.0,120.0,100.0,1.0,割字新手駕駛                                                      
1110624GF0000001,BB906               ,1.0,120.0,張   ,33.0,120.0,100.0,2.0,割字新手駕駛                                                      
1110623GF0000001,ZEROVRMG18          ,1.0,790.0,支   ,325.0,790.0,100.0,3.0,ZERO矽膠雨刷18吋                                                 
1110623GF0000001,ZEROVRMG22G         ,1.0,855.0,支   ,350.0,855.0,100.0,4.0,ZERO矽膠雨刷22吋                                                 
1110623GF0000001,12HMG               ,1.0,250.0,支   ,90.0,250.0,100.0,1.0,12吋雨刷                                                       
1110702GF0000001,NXUR                ,1.0,70.0,各   ,45.0,70.0,100.0,1.0,三菱油芯                                                        
1110702GF0000001,NO2112GRR           ,1.0,400.0,組   ,200.0,400.0,100.0,2.0,NO-[車牌]手機架                                              
1110704GF0000001,2VCQ2Q              ,1.0,50.0,各   ,5.0,50.0,100.0,3.0,單芯琥珀燈泡                                                      
1110704GF0000001,VBDSAA1X            ,1.0,650.0,罐   ,250.0,650.0,100.0,4.0,向日葵奈米美白蠟                                                    
1110704GF0000001,BB1361              ,1.0,120.0,張   ,33.0,120.0,100.0,5.0,割字新手駕駛 可愛貓咪                                                 
1110704GF0000001,PNSDSB001           ,1.0,250.0,組   ,80.0,250.0,100.0,1.0,碳纖維安全帶護套                                                    
1110705GF0000001,HY656YU             ,1.0,450.0,各   ,230.0,450.0,100.0,1.0,HY-656座椅                                                    
1110706GF0000001,CHEERS1540RU        ,1.0,250.0,罐   ,100.0,250.0,100.0,9.0,CHEERS 15/40機油                                              
1110705GF0000001,ERQ602Q             ,1.0,2500.0,各   ,1750.0,2500.0,100.0,2.0,國際牌60電瓶                                                     
1110706GF0000001,1MY2F               ,2.0,550.0,組   ,280.0,550.0,100.0,10.0,冰玉座墊(前)                                                     
1110706GF0000001,1MY2C               ,1.0,500.0,組   ,280.0,500.0,100.0,11.0,冰玉座墊(後)                                                     
1110706GF0000001,G204GVR             ,1.0,500.0,罐   ,220.0,500.0,100.0,4.0,G204水箱精                                                     
1110706GF0000001,HY889Q2CW           ,1.0,150.0,組   ,70.0,150.0,100.0,2.0,HY-889排檔桿護套                                                 
1110706GF0000001,AFL5050FH           ,2.0,350.0,條   ,98.2,350.0,100.0,12.0,[車牌]12七彩LED                                             
1110706GF0000001,ECC9922TBCR         ,1.0,150.0,罐   ,65.0,150.0,100.0,13.0,ECC-992防鏽潤滑劑                                                
1110708GF0000001,BMW7VXTA1E2         ,1.0,800.0,組   ,210.0,800.0,100.0,5.0,02-08 BMW 7系列(E65/66)加價                                     
1110708GF0000001,VBDSAA1X            ,1.0,600.0,罐   ,250.0,600.0,100.0,6.0,向日葵奈米美白蠟                                                    
1110708GF0000001,VBD2XAF             ,1.0,100.0,組   ,50.0,100.0,100.0,7.0,向日葵打蠟棉球                                                     
1110708GF0000001,T202VCQ             ,1.0,100.0,各   ,15.0,100.0,100.0,3.0,T20單芯琥珀                                                     
1110708GF0000001,GV2Q                ,2.0,10.0,各   ,3.5,10.0,100.0,1.0,雙芯燈泡                                                        
1110709GF0000001,PNSSUN05            ,1.0,150.0,組   ,36.3,150.0,100.0,3.0,雙面隔熱靜電隨意貼/2入                                                
1110709GF0000001,C007USBTY           ,1.0,300.0,組   ,150.0,300.0,100.0,4.0,C007 USB插座                                                  
1110709GF0000001,RT5A2Q              ,1.0,750.0,各   ,550.0,750.0,100.0,1.0,機車5A電瓶                                                      
1110711GF0000001,VXTWAF5             ,1.0,300.0,組   ,90.0,300.0,100.0,5.0,休旅車透明前遮                                                     
1110711GF0000001,KR10ZVQW2L          ,1.0,450.0,條   ,180.0,450.0,100.0,6.0,KA10A方向盤套(2L)                                               
1110711GF0000001,55ZCW               ,1.0,150.0,張   ,50.0,150.0,100.0,3.0,蜘蛛防滑貼                                                       
1110711GF0000001,3D3132ZGY2          ,1.0,2300.0,組   ,1350.0,2300.0,100.0,7.0,3D 3132風扇座墊                                                 
1110712GF0000001,GV2Q                ,1.0,100.0,各   ,3.5,100.0,100.0,2.0,雙芯燈泡                                                        
1110712GF0000001,H00339              ,1.0,100.0,張   ,30.0,100.0,100.0,3.0,新手駕駛請多包涵                                                    
1110712GF0000001,BB906               ,1.0,60.0,張   ,33.0,60.0,100.0,4.0,割字新手駕駛                                                      
1110713GF0000001,ABROGV5X            ,1.0,300.0,罐   ,60.0,300.0,100.0,1.0,ABRO水箱止漏劑                                                   
1110713GF0000001,2V2Q                ,1.0,100.0,各   ,3.0,100.0,100.0,2.0,單芯燈泡                                                        
1110714GF0000001,ZXR                 ,1.0,120.0,罐   ,58.0,120.0,100.0,1.0,防落膠                                                         
1110714GF0000001,ABTE075             ,1.0,999.0,組   ,650.0,999.0,100.0,2.0,百變手持打氣機                                                     
1110714GF0000001,RSEN66ZVQW          ,1.0,650.0,條   ,250.0,650.0,100.0,3.0,RSEN-66方向盤套                                                 
1110715GF0000001,PNSSW001            ,1.0,500.0,條   ,164.0,500.0,100.0,1.0,黑色真皮方向盤套                                                    
1110715GF0000001,EY                  ,1.0,1500.0,次   ,0.0,1500.0,100.0,2.0,工資                                                          
1110718GF0000001,AL5003TY-CU         ,1.0,350.0,組   ,150.0,350.0,100.0,9.0,AL-5003車載二合一                                                
1110718GF0000001,MP35C1NS13          ,1.0,1000.0,組   ,580.0,1000.0,100.0,10.0,倍思T貓頭S13-快衝音樂撥放器                                            
1110718GF0000001,2V2Q                ,2.0,10.0,各   ,3.0,10.0,100.0,7.0,單芯燈泡                                                        
1110718GF0000001,KH826UTVGW          ,1.0,350.0,組   ,150.0,350.0,100.0,3.0,KH-826延長線雙頭(附夾子)3米                                          
1110718GF0000001,2UY24.8A            ,1.0,750.0,組   ,310.0,750.0,100.0,5.0,點煙座 2+2+1 4.8A KIKE                                         
1110718GF0000001,PS255R2W            ,1.0,200.0,組   ,80.0,200.0,100.0,11.0,PS-255靜電貼                                                   
1110718GF0000001,S27CTYZ1VNY         ,1.0,200.0,組   ,55.0,200.0,100.0,12.0,S27C插式附(管式含10A)保險絲座                                         
1110718GF0000001,PNSS24TY            ,1.0,300.0,組   ,130.0,300.0,100.0,13.0,大功率雙孔插座+雙USB                                                
1110718GF0000001,S27-54TY214AS1VN    ,1.0,200.0,各   ,110.0,200.0,100.0,14.0,S27-54插座副214迷你腳你保險絲1入(不加保險絲)                                
1110718GF0000001,EY                  ,1.0,200.0,次   ,0.0,200.0,100.0,15.0,工資                                                          
1110719GF0000001,4TFR2               ,1.0,1000.0,各   ,500.0,1000.0,100.0,1.0,4T千斤頂                                                       
1110720GF0000002,VBDXEX              ,1.0,100.0,罐   ,55.0,100.0,100.0,1.0,向日葵橘油亮光蠟  [車牌]                                             
1110720GF0000002,DAYQQWW             ,1.0,1000.0,組   ,280.0,1000.0,100.0,2.0,卡夢自排檔頭                                                      
1110721GF0000001,GHA313VRW           ,1.0,300.0,組   ,90.0,300.0,100.0,1.0,GH-A313 台灣製 富開關電源雪茄投/吊卡                                     
1110721GF0000001,EY                  ,1.0,300.0,次   ,0.0,300.0,100.0,2.0,工資                                                          
1110723GF0000001,ZINGERT2R           ,1.0,5500.0,組   ,3850.0,5500.0,100.0,4.0,ZINGER 車頂架                                                  
1110723GF0000001,PNSHXT205F          ,1.0,650.0,組   ,350.0,650.0,100.0,5.0,雙風扇-椅背枕頭用 DC12V                                             
1110723GF0000001,3M12*15             ,1.0,180.0,組   ,80.0,180.0,100.0,6.0,3M膠12*15mm(2入)                                              
1110725GF0000001,SAXO1040            ,1.0,300.0,罐   ,120.0,300.0,100.0,4.0,SAXO 10W/40機油                                               
1110725GF0000001,CXAZVQAWC           ,1.0,600.0,各   ,300.0,600.0,100.0,5.0,好力馬方向盤曼陀(黑)                                                 
1110725GF0000001,ERQ602Q             ,1.0,2100.0,各   ,1750.0,2100.0,100.0,1.0,國際牌60電瓶                                                     
1110725GF0000001,NOID6SND            ,2.0,250.0,組   ,60.0,250.0,100.0,2.0,NOID 6SND室內燈                                                
1110723GF0000001,DAY2NR              ,2.0,500.0,ek4 ,220.0,500.0,100.0,2.0,檜木座墊(四角)                                                    
1110726GF0000001,OB59G1              ,1.0,500.0,組   ,169.0,500.0,100.0,3.0,OB-59門邊飾板                                                   
1110726GF0000001,VA011               ,1.0,450.0,組   ,180.0,450.0,100.0,4.0,鯊魚仿真口改裝側風引擎裝飾                                               
1110727GF0000001,3D1F1               ,1.0,200.0,支   ,110.0,200.0,100.0,6.0,3D補漆筆                                                       
1110726GF0000001,PNSCP280P           ,1.0,650.0,組   ,310.0,650.0,100.0,1.0,太空梭打氣機280P三合一DC12V                                          
1110727GF0000001,EY                  ,1.0,3000.0,次   ,0.0,3000.0,100.0,7.0,工資                                                          
1110727GF0000001,PNSSB22             ,4.0,350.0,組   ,60.0,350.0,100.0,3.0,紅色殼15LED弘光-照地12LED 24V                                      
1110727GF0000001,LEDVUGQ2            ,2.0,650.0,組   ,500.0,650.0,100.0,4.0,LED小野雙排燈                                                    
1110727GF0000001,RSEN66ZVQW          ,1.0,580.0,條   ,250.0,580.0,100.0,1.0,RSEN-66方向盤套                                                 
1110728GF0000001,LD4VTRXF            ,1.0,2999.0,組   ,1300.0,2999.0,100.0,9.0,LD-4行車紀錄器                                                   
1110728GF0000001,F501TAZQW           ,1.0,500.0,捲   ,140.0,500.0,100.0,10.0,F501車門碰條                                                    
1110728GF0000001,3D5U1               ,1.0,300.0,組   ,113.0,300.0,100.0,5.0,3D遮陽板                                                       
1110728GF0000001,PNSSCUP03           ,1.0,300.0,組   ,130.0,300.0,100.0,6.0,多功能PU皮革椅縫置物架                                                
1110728GF0000001,DH1801VWA5C         ,1.0,999.0,各   ,500.0,999.0,100.0,11.0,DH-1801吸鐵面紙盒                                                
1110728GF0000001,RTV38QZ             ,1.0,1200.0,組   ,750.0,1200.0,100.0,3.0,38平方救車線(10尺)                                                
1110728GF0000001,LEDGEF              ,1.0,450.0,組   ,150.0,450.0,100.0,1.0,LED 閃光器                                                     
1110729GF0000001,3D5U1               ,1.0,300.0,組   ,113.0,300.0,100.0,8.0,3D遮陽板                                                       
1110729GF0000001,T363QEBU            ,1.0,450.0,罐   ,260.0,450.0,100.0,9.0,T-363天然皮革乳(附不沾棉*2)                                          
1110729GF0000001,WISHUV              ,1.0,150.0,各   ,65.0,150.0,100.0,6.0,WISH油芯                                                      
1110729GF0000001,GV2Q                ,1.0,10.0,各   ,3.5,10.0,100.0,4.0,雙芯燈泡                                                        
1110729GF0000001,CHEERS1540RU        ,2.0,250.0,罐   ,104.3,250.0,100.0,2.0,CHEERS 15/40機油                                              
1110730GF0000001,A094                ,1.0,500.0,條   ,100.0,500.0,100.0,4.0,A094方向盤套                                                    
1110730GF0000001,GLA180MG            ,1.0,3000.0,組   ,1200.0,3000.0,100.0,5.0,GLA180雨刷                                                    
1110730GF0000001,ABTE021CB           ,1.0,2799.0,組   ,2000.0,2799.0,100.0,6.0,卡夢旗艦版汽柴油啟動電源                                                
1110730GF0000001,R588DFW5            ,1.0,400.0,組   ,250.0,400.0,100.0,1.0,R588空氣頭枕                                                    
1110730GF0000001,R589CUXNDFH         ,1.0,590.0,組   ,350.0,590.0,100.0,2.0,R589護腰亮絲空氣層(黑)                                              
1110802GF0000001,39MMGS2             ,2.0,70.0,各   ,12.0,70.0,100.0,8.0,39MM室內燈                                                     
1110802GF0000001,41MMGS2             ,1.0,100.0,各   ,12.0,100.0,100.0,9.0,41MM室內燈                                                     
1110802GF0000001,VYRXFVQ             ,1.0,350.0,各   ,120.0,350.0,100.0,3.0,行車記錄器吸盤                                                     
1110802GF0000001,VTRXFV              ,1.0,500.0,組   ,120.0,500.0,100.0,4.0,行車記錄器線                                                      
1110802GF0000001,16G                 ,1.0,350.0,組   ,0.0,350.0,100.0,5.0,16G                                                         
1110802GF0000001,STPRU5XR            ,1.0,450.0,罐   ,150.0,450.0,100.0,6.0,STP機油止漏劑                                                    
1110803GF0000001,H1135W22Q           ,1.0,200.0,各   ,90.0,200.0,100.0,3.0,H11 55W 燈泡                                                  
1110803GF0000001,2V2Q                ,1.0,10.0,各   ,3.0,10.0,100.0,4.0,單芯燈泡                                                        
1110803GF0000001,2VY                 ,1.0,50.0,個   ,15.0,50.0,100.0,5.0,單芯座                                                         
1110803GF0000001,YH368FDS2XEN        ,1.0,2299.0,組   ,1550.0,2299.0,100.0,6.0,YH-368全功能電力公司                                               
1110804GF0000001,H1135W22Q           ,1.0,250.0,各   ,90.0,250.0,100.0,3.0,H11 55W 燈泡                                                  
1110804GF0000001,AH64ZVQW            ,1.0,385.0,條   ,280.0,385.0,100.0,4.0,AH-64方向盤套                                                   
1110804GF0000001,ERQ602Q             ,1.0,2200.0,各   ,1750.0,2200.0,100.0,1.0,國際牌60電瓶                                                     
1110806GF0000001,10WISHTA1E2         ,1.0,700.0,組   ,210.0,700.0,100.0,1.0,10WISH長毛避光墊                                                 
1110808GF0000001,EY                  ,1.0,500.0,次   ,0.0,500.0,100.0,3.0,工資                                                          
1110808GF0000001,PNSSUN001           ,1.0,400.0,組   ,150.0,400.0,100.0,4.0,DIY汽車兩用防眩遮陽鏡                                                
1110808GF0000001,PNSHDF31            ,1.0,300.0,組   ,130.0,300.0,100.0,1.0,重力式 長桿出風口手機架360度旋轉                                          
1110809GF0000001,VBD60*165VJVT1      ,2.0,350.0,條   ,130.0,350.0,100.0,1.0,向日葵60*[車牌]洗車纖維布                                            
1110810GF0000001,TAD030              ,1.0,450.0,條   ,240.0,450.0,100.0,5.0,大吸力速乾纖維布(大)60*[車牌]                                         
1110810GF0000001,MP3NA5CU            ,1.0,350.0,各   ,160.0,350.0,100.0,6.0,MP3三明治網狀護腰墊                                                 
1110810GF0000001,PNSSC002            ,1.0,450.0,組   ,160.0,450.0,100.0,8.0,雙層3D蜂巢椅座墊-冰涼氣墊                                              
1110810GF0000001,JK39                ,1.0,550.0,組   ,270.0,550.0,100.0,9.0,保桿防碰條                                                       
1110810GF0000001,3M2CM               ,1.0,180.0,捲   ,90.0,180.0,100.0,10.0,3M膠*2CM                                                     
1110810GF0000001,3MR1CM              ,1.0,100.0,卷   ,55.0,100.0,100.0,11.0,3M膠*1CM                                                     
1110810GF0000001,GVXJ                ,1.0,500.0,組   ,250.0,500.0,100.0,12.0,水箱鋁網                                                        
1110810GF0000001,T20Y                ,2.0,100.0,各   ,20.0,100.0,100.0,13.0,T20燈座                                                       
1110810GF0000001,G74435630           ,1.0,650.0,卡   ,240.0,650.0,100.0,14.0,7443後煞車燈 魚眼10各5630                                          
1110810GF0000001,F501TAZQW           ,1.0,500.0,捲   ,140.0,500.0,100.0,3.0,F501車門碰條                                                    
1110810GF0000001,3M2CM               ,1.0,180.0,捲   ,90.0,180.0,100.0,1.0,3M膠*2CM                                                     
1110811GF0000001,KY359FE             ,1.0,300.0,各   ,130.0,300.0,100.0,1.0,KY-359旗桿                                                    
1110811GF0000001,K00295              ,1.0,100.0,張   ,50.0,100.0,100.0,2.0,火焰/立體黑紅白                                                    
1110811GF0000001,K00428              ,1.0,100.0,張   ,50.0,100.0,100.0,3.0,老鷹/翅膀 立體黑紅                                                  
1110812GF0000001,PF154QGW            ,1.0,150.0,組   ,65.0,150.0,100.0,1.0,PF-154噴水頭                                                   
1110812GF0000001,SF0025              ,1.0,100.0,卡   ,36.0,100.0,100.0,2.0,SF-0025豐田保桿固定扣                                              
1110813GF0000001,1MT5D               ,1.0,1650.0,組   ,1080.0,1650.0,100.0,3.0,白雲防水車罩-C D                                                  
1110813GF0000001,FR2GUG              ,1.0,750.0,組   ,410.0,750.0,100.0,4.0,剪式附把手千斤頂  [車牌]                                             
1110813GF0000001,TAD013              ,1.0,1250.0,組   ,600.0,1250.0,100.0,5.0,象王5T千斤頂                                                     
1110815GF0000001,BB900               ,1.0,100.0,張   ,33.0,100.0,100.0,6.0,割字新手駕駛                                                      
1110815GF0000001,XUN                 ,1.0,1100.0,組   ,450.0,1100.0,100.0,7.0,藍鷹鎖                                                         
1110815GF0000001,EY                  ,1.0,300.0,次   ,0.0,300.0,100.0,8.0,工資                                                          
1110813GF0000001,H15222Q             ,1.0,350.0,各   ,600.0,350.0,100.0,1.0,H15大燈燈泡                                                     
1110815GF0000001,GRGS2               ,2.0,10.0,各   ,2.0,10.0,100.0,4.0,雙尖室內燈                                                       
1110815GF0000001,TXWEYY              ,1.0,350.0,組   ,135.0,350.0,100.0,2.0,拆輪胎工具組                                                      
1110816GF0000001,ZEROVRMG16          ,1.0,800.0,支   ,325.0,800.0,100.0,1.0,ZERO矽膠雨刷16吋                                                 
1110816GF0000001,ZEROVRMG24          ,1.0,1000.0,支   ,415.0,1000.0,100.0,2.0,ZERO矽膠雨刷24吋                                                 
1110816GF0000001,RSENT105630         ,1.0,400.0,卡   ,120.0,400.0,100.0,3.0,RSEN T10 5630 10燈                                           
1110816GF0000001,YH3702XENVY         ,1.0,2800.0,組   ,1925.0,2800.0,100.0,4.0,YH-370全功能電力公司線頭                                             
1110816GF0000001,RSENBEMG16          ,1.0,200.0,支   ,90.0,200.0,100.0,5.0,RSEN軟骨雨刷 16吋                                                
1110816GF0000001,RSENBEMG24H         ,1.0,400.0,支   ,90.0,400.0,100.0,6.0,RSEN軟骨雨刷 24吋                                                
1110817GF0000001,V29GRR              ,1.0,350.0,組   ,150.0,350.0,100.0,1.0,V29手機架                                                      
1110817GF0000001,J00345              ,1.0,450.0,支   ,130.0,450.0,100.0,2.0,j0[車牌]A後雨刷                                              
1110817GF0000001,EY                  ,1.0,500.0,次   ,0.0,500.0,100.0,3.0,工資                                                          
1110818GF0000001,UXZ6.2TQUW          ,1.0,2500.0,組   ,1400.0,2500.0,100.0,1.0,一路發6.2T皮椅套                                                  
1110818GF0000001,89VUQZVQW           ,1.0,600.0,條   ,320.0,600.0,100.0,2.0,89小羊皮方向盤套                                                   
1110818GF0000001,20322T              ,1.0,100.0,各   ,27.0,100.0,100.0,3.0,2032電池                                                      
1110819GF0000002,1VNY                ,1.0,250.0,各   ,100.0,250.0,100.0,1.0,圓保險絲座                                                       
1110819GF0000002,3D1F1               ,1.0,200.0,支   ,110.0,200.0,100.0,2.0,3D補漆筆                                                       
1110822GF0000001,2TVUJE              ,1.0,2500.0,組   ,450.0,2500.0,100.0,2.0,倒車顯影(外掛)                                                    
1110819GF0000002,H422                ,1.0,150.0,各   ,28.0,150.0,100.0,3.0,H4大燈燈泡 55W                                                  
1110822GF0000001,9006OSRAM           ,1.0,400.0,各   ,90.0,400.0,100.0,3.0,[車牌]AM燈泡                                                
1110822GF0000001,GVXJ                ,1.0,400.0,組   ,250.0,400.0,100.0,4.0,水箱鋁網                                                        
1110822GF0000001,3DVXT5U1            ,1.0,350.0,各   ,150.0,350.0,100.0,5.0,3D休旅車遮陽板                                                    
1110822GF0000001,24V2V2Q             ,10.0,10.0,各   ,3.5,10.0,100.0,6.0,24V單芯燈泡                                                     
1110822GF0000001,24VGV2Q             ,10.0,20.0,組   ,4.0,20.0,100.0,7.0,24V雙芯燈泡                                                     
1110822GF0000001,RSENBEMG26H         ,1.0,450.0,支   ,100.0,450.0,100.0,8.0,RSEN軟骨雨刷 26吋                                                
1110822GF0000001,RSENBEMG14          ,1.0,200.0,支   ,90.0,200.0,100.0,9.0,RSEN軟骨雨刷 14吋                                                
1110822GF0000001,RSENT105630         ,1.0,400.0,卡   ,120.0,400.0,100.0,10.0,RSEN T10 5630 10燈                                           
1110822GF0000001,E5NRRC              ,1.0,350.0,組   ,80.0,350.0,100.0,11.0,故障三腳架(盒)                                                    
1110822GF0000001,2VCQ2Q              ,5.0,10.0,各   ,5.0,10.0,100.0,12.0,單芯琥珀燈泡                                                      
1110822GF0000001,2VY                 ,1.0,50.0,個   ,15.0,50.0,100.0,13.0,單芯座                                                         
1110822GF0000001,G18.52Q             ,5.0,20.0,各   ,4.0,20.0,100.0,14.0,G18.5燈泡                                                     
1110822GF0000001,VYRXFVQ             ,1.0,300.0,各   ,120.0,300.0,100.0,15.0,行車記錄器吸盤                                                     
1110822GF0000001,M00128BL            ,1.0,100.0,張   ,80.0,100.0,100.0,16.0,火焰/藍貼紙                                                      
1110822GF0000001,MP3NA5CU            ,1.0,350.0,各   ,160.0,350.0,100.0,17.0,MP3三明治網狀護腰墊                                                 
1110822GF0000001,CARMATGTU2          ,1.0,350.0,罐   ,120.0,350.0,100.0,18.0,CARMAT煞車油(大)                                                
1110822GF0000001,PNSSB22             ,2.0,350.0,組   ,60.0,350.0,100.0,19.0,紅色殼15LED弘光-照地12LED 24V                                      
1110822GF0000001,LEDGEF              ,1.0,450.0,組   ,150.0,450.0,100.0,20.0,LED 閃光器                                                     
1110823GF0000001,UADVTR              ,1.0,150.0,罐   ,60.0,150.0,100.0,6.0,優馬克洗車精                                                      
1110822GF0000001,CEO104NDTY          ,1.0,450.0,組   ,170.0,450.0,100.0,21.0,CEO-104四孔插座                                                 
1110823GF0000001,32G                 ,1.0,450.0,各   ,250.0,450.0,100.0,7.0,32G卡片                                                       
1110823GF0000001,KH911A2             ,1.0,250.0,組   ,88.0,250.0,100.0,8.0,KH-911曼陀                                                    
1110823GF0000001,RSENH78000K         ,2.0,500.0,各   ,150.0,500.0,100.0,4.0,RSEN h7 8000K 燈泡                                            
1110823GF0000001,VWDVV1              ,1.0,150.0,組   ,80.0,150.0,100.0,2.0,小太空香薰杯                                                      
1110824GF0000001,VTRXFV              ,1.0,250.0,組   ,120.0,250.0,100.0,1.0,行車記錄器線                                                      
1110825GF0000001,NXUR                ,1.0,100.0,各   ,45.0,100.0,100.0,3.0,三菱油芯                                                        
1110825GF0000001,5E2Q                ,1.0,800.0,組   ,0.0,800.0,100.0,4.0,中古電瓶                                                        
1110825GF0000001,FN001NXJE           ,1.0,300.0,組   ,140.0,300.0,100.0,1.0,FN-001三菱碗公                                                  
1110825GF0000001,ERQ602Q             ,1.0,2350.0,各   ,1750.0,2350.0,100.0,5.0,國際牌60電瓶                                                     
1110826GF0000001,XA                  ,1.0,800.0,次   ,200.0,800.0,100.0,1.0,冷媒                                                          
1110826GF0000001,PNSHDF21            ,1.0,300.0,組   ,90.0,300.0,100.0,2.0,儀錶板磁吸手機架-碳纖黑                                                
1110826GF0000001,H11OSARM2Q          ,1.0,500.0,各   ,120.0,500.0,100.0,3.0,H11 OSARM燈泡                                                 
1110826GF0000001,10AY23TA1E2         ,1.0,800.0,組   ,220.0,800.0,100.0,4.0,10馬自達3長毛避光墊                                                 
1110827GF0000001,C55GTQFRR           ,1.0,270.0,罐   ,80.0,270.0,100.0,1.0,黑珍珠 煞車盤清潔劑                                                  
1110827GF0000001,3D1F1               ,1.0,200.0,支   ,110.0,200.0,100.0,2.0,3D補漆筆                                                       
1110830GF0000001,ABTE075             ,2.0,1199.0,組   ,650.0,1199.0,100.0,3.0,百變手持打氣機                                                     
1110830GF0000001,3M12*15             ,1.0,180.0,組   ,80.0,180.0,100.0,4.0,3M膠12*15mm(2入)                                              
1110830GF0000001,BC608100W           ,1.0,950.0,組   ,250.0,950.0,100.0,1.0,BC-608變壓器12V-110V(100W)                                     
1110831GF0000001,5ECDV               ,1.0,1500.0,組   ,0.0,1500.0,100.0,1.0,中古CD箱                                                       
1110831GF0000001,ABTE021CB           ,1.0,2700.0,組   ,2000.0,2700.0,100.0,2.0,卡夢旗艦版汽柴油啟動電源                                                
1110901GF0000001,PS2015U15J2         ,1.0,300.0,組   ,120.0,300.0,100.0,1.0,PS-2015椅背置物袋                                                
1110901GF0000001,RSENGVR             ,1.0,150.0,罐   ,70.0,150.0,100.0,2.0,RSEN水箱精                                                     
1110902GF0000001,POSEN16H            ,1.0,350.0,組   ,70.0,350.0,100.0,7.0,POSEN 16吋雨刷                                                 
1110902GF0000001,ZJTUA               ,2.0,300.0,罐   ,85.0,300.0,100.0,8.0,防霧除油膜                                                       
1110902GF0000001,ZXR                 ,1.0,120.0,罐   ,58.0,120.0,100.0,5.0,防落膠                                                         
1110902GF0000001,UX0GVR              ,1.0,200.0,罐   ,80.0,200.0,100.0,3.0,亞力安水箱精                                                      
1110902GF0000001,DH1705ZAY2          ,1.0,750.0,各   ,320.0,750.0,100.0,1.0,DH-1705楓木珠清涼坐墊                                              
1110902GF0000001,NOIDNRMG14          ,1.0,200.0,支   ,100.0,200.0,100.0,9.0,NOID三節雨刷 14吋                                                
1110902GF0000001,NOIDNRMG24          ,1.0,400.0,支   ,100.0,400.0,100.0,10.0,NOID三節雨刷 24吋                                                
1110903GF0000001,V37GUVTRXFF         ,1.0,3500.0,各   ,1400.0,3500.0,100.0,4.0,V37雙眼行車紀錄器(前)                                               
1110903GF0000001,ZJTUA               ,1.0,200.0,罐   ,85.0,200.0,100.0,5.0,防霧除油膜                                                       
1110903GF0000001,RT5A2Q              ,1.0,750.0,各   ,550.0,750.0,100.0,2.0,機車5A電瓶                                                      
1110903GF0000001,RSEN22CMXER         ,1.0,200.0,罐   ,70.0,200.0,100.0,6.0,RSEN電鍍亮光臘(200G)                                             
1110903GF0000001,VBDVATX-2           ,1.0,200.0,罐   ,65.0,200.0,100.0,7.0,向日葵細目粗蠟二代                                                   
1110903GF0000001,CWTGXCMR            ,1.0,250.0,罐   ,60.0,250.0,100.0,8.0,黑頭車朔料還原劑                                                    
1110905GF0000001,VBDVATX-2           ,1.0,200.0,罐   ,65.0,200.0,100.0,3.0,向日葵細目粗蠟二代                                                   
1110905GF0000001,SF4005WAVQ          ,0.5,40.0,組   ,15.0,40.0,100.0,4.0,SF-4005透明吸盤                                                 
1110905GF0000001,RSCUV               ,1.0,70.0,各   ,40.0,70.0,100.0,1.0,嘉年華油芯                                                       
1110906GF0000001,MP35C1NS13          ,1.0,1000.0,組   ,580.0,1000.0,100.0,1.0,倍思T貓頭S13-快衝音樂撥放器                                            
1110906GF0000001,T10552              ,2.0,10.0,各   ,2.0,10.0,100.0,2.0,T10中炸彈                                                      
1110908GF0000001,VBDXEX              ,2.0,100.0,罐   ,55.0,100.0,100.0,8.0,向日葵橘油亮光蠟  [車牌]                                             
1110908GF0000001,OB59G1              ,1.0,450.0,組   ,169.0,450.0,100.0,9.0,OB-59門邊飾板                                                   
1110908GF0000001,J00372B             ,1.0,80.0,張   ,40.0,80.0,100.0,10.0,台灣魂/立體黑                                                     
1110908GF0000001,2V2Q                ,10.0,10.0,各   ,3.0,10.0,100.0,5.0,單芯燈泡                                                        
1110908GF0000001,GV2Q                ,10.0,10.0,各   ,3.5,10.0,100.0,6.0,雙芯燈泡                                                        
1110908GF0000001,AS1VNY              ,2.0,20.0,組   ,20.0,20.0,100.0,11.0,迷你保險絲座                                                      
1110908GF0000001,1MT5XXL             ,1.0,2700.0,組   ,1650.0,2700.0,100.0,12.0,白雲車罩-XXL                                                    
1110909GF0000002,NOIDNRMG14          ,1.0,250.0,支   ,100.0,250.0,100.0,2.0,NOID三節雨刷 14吋                                                
1110909GF0000002,NOIDNRMG26          ,1.0,450.0,支   ,100.0,450.0,100.0,3.0,NOID三節雨刷 26吋                                                
1110909GF0000002,08ALTISDFV          ,2.0,250.0,各   ,100.0,250.0,100.0,4.0,08ALTIS空氣芯                                                  
1110910GF0000001,PNSHDF31            ,1.0,300.0,組   ,130.0,300.0,100.0,1.0,重力式 長桿出風口手機架360度旋轉                                          
1110910GF0000001,3D1F1               ,1.0,200.0,支   ,110.0,200.0,100.0,2.0,3D補漆筆                                                       
1110912GF0000001,GN5V                ,1.0,350.0,罐   ,140.0,350.0,100.0,5.0,雙色之星香水                                                      
1110912GF0000001,PNSSUN05            ,1.0,150.0,組   ,36.3,150.0,100.0,6.0,雙面隔熱靜電隨意貼/2入                                                
1110912GF0000001,NO771WVG            ,1.0,250.0,各   ,75.0,250.0,100.0,7.0,NO-77備長炭香水                                                  
1110912GF0000001,24V2V2Q             ,2.0,20.0,各   ,3.5,20.0,100.0,3.0,24V單芯燈泡                                                     
1110912GF0000001,ERQ602Q             ,1.0,2300.0,各   ,1750.0,2300.0,100.0,1.0,國際牌60電瓶                                                     
1110913GF0000001,LHR983T2VXR         ,1.0,2499.0,組   ,1250.0,2499.0,100.0,1.0,LHR-983有無水槽車頂架                                              
1110913GF0000001,GVE0.9              ,1.0,300.0,各   ,110.0,300.0,100.0,2.0,水箱蓋0.9                                                      
1110914GF0000001,INNONATA1E2         ,1.0,800.0,組   ,220.0,800.0,100.0,1.0,INNONA長毛避光墊                                                 
1110914GF0000001,VTRXFV              ,1.0,300.0,組   ,120.0,300.0,100.0,2.0,行車記錄器線                                                      
1110914GF0000001,NO2112GRR           ,1.0,400.0,組   ,200.0,400.0,100.0,3.0,NO-[車牌]手機架                                              
1110915GF0000001,H1135W22Q           ,1.0,300.0,各   ,90.0,300.0,100.0,3.0,H11 55W 燈泡                                                  
1110915GF0000001,SF0041              ,2.0,100.0,卡   ,40.0,100.0,100.0,4.0,SF-0041三菱豐田保桿扣                                              
1110915GF0000001,MP35C1NS13          ,1.0,1000.0,組   ,580.0,1000.0,100.0,5.0,倍思T貓頭S13-快衝音樂撥放器                                            
1110916GF0000001,GV2Q                ,2.0,10.0,各   ,3.5,10.0,100.0,1.0,雙芯燈泡                                                        
1110916GF0000001,VTRXFV              ,1.0,500.0,組   ,120.0,500.0,100.0,2.0,行車記錄器線                                                      
1110917GF0000001,UADWVJZVQW          ,1.0,550.0,組   ,230.0,550.0,100.0,1.0,優馬克碳嫌為方向盤套                                                  
1110917GF0000001,A881J2WV            ,1.0,350.0,各   ,120.0,350.0,100.0,2.0,A-881屋頂天線                                                   
1110919GF0000001,NOID24GS2           ,2.0,400.0,組   ,200.0,400.0,100.0,1.0,NOID-01 24SMD室內燈                                            
1110920GF0000001,VBDVATX-2           ,1.0,200.0,罐   ,65.0,200.0,100.0,5.0,向日葵細目粗蠟二代                                                   
1110920GF0000001,TVJ1                ,1.0,75.0,條   ,15.0,75.0,100.0,6.0,超纖維布                                                        
1110920GF0000001,R588DFW5            ,1.0,550.0,組   ,250.0,550.0,100.0,2.0,R588空氣頭枕                                                    
1110920GF0000001,RSENT105R22U        ,1.0,350.0,卡   ,110.0,350.0,100.0,3.0,RSEN T10 5晶定電壓二極體                                           
1110920GF0000001,R689NUCU            ,1.0,750.0,各   ,450.0,750.0,100.0,7.0,R689護腰墊                                                     
1110921GF0000001,VBDV1XCA            ,1.0,50.0,各   ,0.0,50.0,100.0,7.0,向日葵洗不爛海棉                                                    
1110921GF0000001,RX1VG1              ,1.0,550.0,條   ,250.0,550.0,100.0,8.0,嘉麗寶吸水布(大)                                                   
1110921GF0000001,EY                  ,1.0,1500.0,次   ,0.0,1500.0,100.0,3.0,工資                                                          
1110921GF0000001,RSENT105630         ,1.0,500.0,卡   ,120.0,500.0,100.0,4.0,RSEN T10 5630 10燈                                           
1110921GF0000001,2VCQ2Q              ,1.0,100.0,各   ,5.0,100.0,100.0,5.0,單芯琥珀燈泡                                                      
1110922GF0000001,1VNV                ,2.0,10.0,各   ,1.0,10.0,100.0,9.0,保險絲(小)                                                      
1110921GF0000001,POSENSD2246*20      ,1.0,180.0,捲   ,55.0,180.0,100.0,1.0,POSEN 黏扣帶[車牌]*20cm                                         
1110922GF0000001,ZV5F53HNF           ,1.0,6400.0,組   ,4300.0,6400.0,100.0,10.0,發現者F-53全頻測速器                                                
1110922GF0000001,LD4VTRXF            ,1.0,2800.0,組   ,1300.0,2800.0,100.0,11.0,LD-4行車紀錄器                                                   
1110922GF0000001,H7OSARM222Q         ,1.0,400.0,各   ,90.0,400.0,100.0,6.0,H7OSARM大燈燈泡                                                 
1110922GF0000001,RSENT105630         ,1.0,400.0,卡   ,120.0,400.0,100.0,7.0,RSEN T10 5630 10燈                                           
1110922GF0000001,KH826UTVGW          ,1.0,400.0,組   ,150.0,400.0,100.0,3.0,KH-826延長線雙頭(附夾子)3米                                          
1110922GF0000001,IN362835GS2         ,2.0,450.0,卡   ,200.0,450.0,100.0,4.0,IN36-[車牌]室內燈                                            
1110922GF0000001,T202VCQ             ,1.0,100.0,各   ,15.0,100.0,100.0,1.0,T20單芯琥珀                                                     
1110924GF0000001,ZEROVRMG26          ,1.0,1000.0,支   ,415.0,1000.0,100.0,8.0,ZERO 26吋矽膠雨刷                                                
1110924GF0000001,ZERO14VRMG          ,1.0,700.0,支   ,290.0,700.0,100.0,9.0,ZERO矽膠雨刷14吋                                                 
1110924GF0000001,90062Q              ,2.0,200.0,各   ,80.0,200.0,100.0,5.0,9006燈泡                                                      
1110924GF0000001,ERQ602Q             ,1.0,2500.0,各   ,1750.0,2500.0,100.0,6.0,國際牌60電瓶                                                     
1110924GF0000001,RSENA1FTU11A5W      ,1.0,300.0,組   ,120.0,300.0,100.0,1.0,RSEN A1汽車背面紙套                                               
1110924GF0000001,FA002               ,1.0,200.0,組   ,60.0,200.0,100.0,2.0,椅背掛勾(黑色)                                                    
1110924GF0000001,VBDQEE5CX           ,1.0,300.0,罐   ,150.0,300.0,100.0,3.0,向日葵皮革光澤護蠟                                                   
1110926GF0000001,LD4VTRXF            ,1.0,3300.0,組   ,1300.0,3300.0,100.0,10.0,LD-4行車紀錄器                                                   
1110926GF0000001,VTRXFV              ,1.0,500.0,組   ,120.0,500.0,100.0,11.0,行車記錄器線                                                      
1110926GF0000001,NO16375TGGD         ,1.0,300.0,組   ,150.0,300.0,100.0,12.0,NO-1637(直插式)雙孔+USB 12V/12V插座                                
1110926GF0000001,LY336G1R            ,1.0,250.0,組   ,120.0,250.0,100.0,13.0,LY-336雙杯架                                                   
1110926GF0000001,13YD2FMT            ,1.0,700.0,組   ,350.0,700.0,100.0,8.0,13載卡多晴雨窗                                                    
1110926GF0000001,H11OSARM2Q          ,1.0,250.0,各   ,120.0,250.0,100.0,5.0,H11 OSARM燈泡                                                 
1110926GF0000001,RSENT104R           ,1.0,200.0,組   ,100.0,200.0,100.0,6.0,RSEN T10 LED 4晶燈泡                                           
1110926GF0000001,SAXO1040            ,1.0,350.0,罐   ,120.0,350.0,100.0,3.0,SAXO 10W/40機油                                               
1110927GF0000001,FA002               ,1.0,200.0,組   ,60.0,200.0,100.0,1.0,椅背掛勾(黑色)                                                    
1110926GF0000001,ABTE059             ,1.0,1499.0,組   ,1000.0,1499.0,100.0,1.0,充氣飽汽機車無限打氣機                                                 
1110928GF0000001,LK1VTRXFJV          ,1.0,800.0,次   ,0.0,800.0,100.0,3.0,LK-1行車紀錄器維修                                                 
1110928GF0000001,V2008CGR            ,1.0,400.0,各   ,110.0,400.0,100.0,4.0,V-2008後視鏡                                                   
1110928GF0000001,VXTERR              ,1.0,800.0,片   ,350.0,800.0,100.0,1.0,休旅車廣角鏡                                                      
1110929GF0000001,VLZVQ               ,1.0,1500.0,支   ,900.0,1500.0,100.0,1.0,小凹方向盤套                                                      
1110929GF0000001,MIO65R              ,1.0,1000.0,各   ,385.0,1000.0,100.0,2.0,MIO 6後視鏡支架                                                  
1110929GF0000001,PNSSUN05            ,1.0,150.0,組   ,36.3,150.0,100.0,3.0,雙面隔熱靜電隨意貼/2入                                                
1110929GF0000001,3D1F1               ,1.0,200.0,支   ,110.0,200.0,100.0,4.0,3D補漆筆                                                       
1110930GF0000001,UX0GVR              ,1.0,200.0,罐   ,80.0,200.0,100.0,1.0,亞力安水箱精                                                      
1110930GF0000001,T10552              ,2.0,10.0,各   ,2.0,10.0,100.0,2.0,T10中炸彈                                                      
1111001GF0000001,5E2Q                ,1.0,800.0,組   ,0.0,800.0,100.0,1.0,中古電瓶                                                        
1111001GF0000001,EY                  ,1.0,500.0,次   ,0.0,500.0,100.0,2.0,工資                                                          
1111003GF0000001,CEO104NDTY          ,1.0,450.0,組   ,170.0,450.0,100.0,6.0,CEO-104四孔插座                                                 
1111003GF0000001,HJX028XR            ,2.0,450.0,組   ,200.0,450.0,100.0,7.0,HJX-028藍鏡                                                   
1111003GF0000001,PNSE012             ,1.0,250.0,組   ,70.0,250.0,100.0,4.0,I PHONE6/7手機充電線                                             
1111003GF0000001,2UFY4.8A            ,1.0,650.0,組   ,290.0,650.0,100.0,1.0,點煙座 4.8A 12V 1+2+1 NIKE                                     
1111003GF0000001,2QFW                ,4.0,200.0,各   ,100.0,200.0,100.0,8.0,電瓶鉛頭                                                        
1111004GF0000001,ZV5HNFX1JV          ,1.0,900.0,次   ,500.0,900.0,100.0,1.0,發現者測速器喇叭維修                                                  
1111004GF0000001,3M2CM               ,1.0,180.0,捲   ,90.0,180.0,100.0,2.0,3M膠*2CM                                                     
1111006GF0000001,GRGS2               ,1.0,10.0,各   ,2.0,10.0,100.0,1.0,雙尖室內燈                                                       
1111006GF0000001,PNSSC002            ,1.0,473.0,組   ,160.0,473.0,100.0,2.0,雙層3D蜂巢椅座墊-冰涼氣墊                                              
1111007GF0000001,1MT5D               ,1.0,1800.0,組   ,1180.0,1800.0,100.0,1.0,白雲防水車罩-C D                                                  
1111007GF0000001,ZEROVRMG16          ,1.0,792.0,支   ,325.0,792.0,100.0,2.0,ZERO矽膠雨刷16吋                                                 
1111007GF0000001,ZEROVRMG22G         ,1.0,855.0,支   ,350.0,855.0,100.0,3.0,ZERO矽膠雨刷22吋                                                 
1111008GF0000001,HJX028XR            ,1.0,350.0,組   ,200.0,350.0,100.0,12.0,HJX-028藍鏡                                                   
1111008GF0000001,PF154QGW            ,1.0,150.0,組   ,65.0,150.0,100.0,13.0,PF-154噴水頭                                                   
1111008GF0000001,NOIDNRMG22          ,1.0,300.0,支   ,100.0,300.0,100.0,14.0,NOID三節雨刷 22吋                                                
1111008GF0000001,NOIDNRMG18          ,1.0,300.0,支   ,100.0,300.0,100.0,15.0,NOID三節雨刷 18吋                                                
1111008GF0000001,VXTWAF5             ,1.0,150.0,組   ,90.0,150.0,100.0,9.0,休旅車透明前遮                                                     
1111008GF0000001,AFL283578           ,2.0,300.0,組   ,81.8,300.0,100.0,7.0,軟條燈2835-78LED                                               
1111008GF0000001,110512V1UF          ,1.0,500.0,組   ,250.0,500.0,100.0,5.0,110V轉12V變壓器                                                 
1111008GF0000001,307DTV              ,1.0,350.0,組   ,180.0,350.0,100.0,3.0,307快充線                                                      
1111009GF0000001,NOIDNRMG26          ,1.0,350.0,支   ,100.0,350.0,100.0,5.0,NOID三節雨刷 26吋                                                
1111009GF0000001,PC6233RVWUR         ,1.0,350.0,組   ,160.0,350.0,100.0,6.0,PC-6233機械胎壓計                                                
1111008GF0000001,TAE007VTF           ,1.0,1350.0,組   ,650.0,1350.0,100.0,16.0,TA-E007多用途吸塵器                                               
1111009GF0000001,NOIDNRMG14          ,1.0,250.0,支   ,100.0,250.0,100.0,2.0,NOID三節雨刷 14吋                                                
1111009GF0000001,NOIDNRMG24          ,1.0,400.0,支   ,100.0,400.0,100.0,3.0,NOID三節雨刷 24吋                                                
1111011GF0000001,1MVXTT5             ,1.0,2730.0,組   ,1450.0,2730.0,100.0,4.0,白雲休旅車車罩-4WD/L                                               
1111011GF0000001,GARMINDRIVE52       ,1.0,4100.0,組   ,3450.0,4100.0,100.0,5.0,GARMIN DRIVE 52導航                                           
1111011GF0000001,PD1066500W1UF       ,1.0,500.0,組   ,1500.0,500.0,100.0,3.0,PD-1065 500W變壓器                                             
1111012GF0000001,1MVXTT5             ,1.0,2730.0,組   ,1450.0,2730.0,100.0,10.0,白雲休旅車車罩-4WD/L                                               
1111011GF0000001,PNSE012             ,1.0,250.0,組   ,70.0,250.0,100.0,1.0,I PHONE6/7手機充電線                                             
1111012GF0000001,WISHUV              ,1.0,150.0,各   ,65.0,150.0,100.0,11.0,WISH油芯                                                      
1111012GF0000001,RSENT104014242      ,1.0,450.0,組   ,160.0,450.0,100.0,12.0,RSEN T10 4014 24燈                                           
1111012GF0000001,PNSHDF21            ,1.0,250.0,組   ,90.0,250.0,100.0,8.0,儀錶板磁吸手機架-碳纖黑                                                
1111012GF0000001,GN5V                ,1.0,300.0,罐   ,140.0,300.0,100.0,4.0,雙色之星香水                                                      
1111012GF0000001,ZEROVRMG26          ,1.0,1000.0,支   ,415.0,1000.0,100.0,1.0,ZERO 26吋矽膠雨刷                                                
1111012GF0000001,ZERO14VRMG          ,1.0,700.0,支   ,290.0,700.0,100.0,2.0,ZERO矽膠雨刷14吋                                                 
1111012GF0000001,RSENX1              ,1.0,500.0,組   ,160.0,500.0,100.0,13.0,RSEN喇叭                                                      
1111103GF0000001,6BCA                ,1.0,150.0,包   ,30.0,150.0,100.0,7.0,6入海棉                                                        
1111013GF0000001,RT5A2Q              ,1.0,750.0,各   ,550.0,750.0,100.0,3.0,機車5A電瓶                                                      
1111013GF0000001,EY                  ,1.0,400.0,次   ,0.0,400.0,100.0,4.0,工資                                                          
1111013GF0000001,UX02XZVQU           ,1.0,300.0,罐   ,100.0,300.0,100.0,1.0,亞力安動力方向盤油                                                   
1111017GF0000001,VBDXWG              ,1.0,350.0,各   ,0.0,350.0,100.0,11.0,向日葵輪胎刷                                                      
1111017GF0000001,RSENC1XWU           ,1.0,300.0,罐   ,95.0,300.0,100.0,12.0,RSEN環保輪胎油                                                   
1111017GF0000001,QXA-22CG4L          ,1.0,2000.0,組   ,1050.0,2000.0,100.0,13.0,波羅蜜爾(L)電動電折後視鏡                                              
1111017GF0000001,QXA-CGRDFL          ,1.0,200.0,次   ,200.0,200.0,100.0,7.0,波羅蜜爾(L)後視鏡烤漆                                                
1111017GF0000001,PNS2WBGS2           ,1.0,450.0,組   ,150.0,450.0,100.0,8.0,觸控式LED室內燈                                                   
1111017GF0000001,PNSF410BK12         ,1.0,650.0,組   ,250.0,650.0,100.0,9.0,3.5吋雙頭風扇(停車號碼牌)DC12V                                        
1111017GF0000001,GN007J2WV           ,1.0,300.0,隻   ,75.0,300.0,100.0,4.0,GN-007屋頂天線                                                  
1111017GF0000001,J00342              ,1.0,400.0,支   ,130.0,400.0,100.0,5.0,J00342後雨刷 LEXUS                                             
1111017GF0000001,VYRXFVQ             ,1.0,300.0,各   ,120.0,300.0,100.0,14.0,行車記錄器吸盤                                                     
1111017GF0000001,PS2572DSFT5UX       ,1.0,400.0,組   ,150.0,400.0,100.0,2.0,PS-257多功能汽車遮陽簾                                              
1111018GF0000001,NOIDNRMG18          ,1.0,300.0,支   ,100.0,300.0,100.0,3.0,NOID三節雨刷 18吋                                                
1111018GF0000001,NOIDNRMG24          ,1.0,400.0,支   ,100.0,400.0,100.0,4.0,NOID三節雨刷 24吋                                                
1111018GF0000001,HY662               ,2.0,1100.0,組   ,520.0,1100.0,100.0,5.0,HY-662簡便連結式椅套                                               
1111018GF0000001,FORTIS5MW2          ,1.0,700.0,組   ,350.0,700.0,100.0,1.0,FORTIS專用踏墊                                                  
1111019GF0000001,AH59ZVQW            ,1.0,650.0,條   ,340.0,650.0,100.0,3.0,AH-59方向盤套                                                   
1111019GF0000001,RSENS25352VR        ,1.0,800.0,組   ,280.0,800.0,100.0,4.0,RSEN S25 35燈解碼斜角琥珀                                          
1111019GF0000001,TYPERH7T1E          ,1.0,1000.0,組   ,170.0,1000.0,100.0,1.0,TYPER-H7超白光燈泡                                               
1111020GF0000001,TAA095              ,1.0,350.0,組   ,240.0,350.0,100.0,4.0,TA-A095洗車清潔九件組                                              
1111020GF0000001,VBDVTR              ,1.0,300.0,罐   ,110.0,300.0,100.0,5.0,向日葵洗車精[車牌]                                                
1111020GF0000001,04UEFMT             ,1.0,600.0,組   ,250.0,600.0,100.0,1.0,04雅歌晴雨窗                                                     
1111020GF0000001,04UETA1E2           ,1.0,600.0,組   ,240.0,600.0,100.0,2.0,04雅歌長毛避光墊                                                   
1111021GF0000001,GXGWV               ,1.0,399.0,組   ,150.0,399.0,100.0,3.0,手拉式天線                                                       
1111021GF0000001,SAXO1040            ,1.0,300.0,罐   ,120.0,300.0,100.0,4.0,SAXO 10W/40機油                                               
1111021GF0000001,H355W2Q             ,1.0,300.0,各   ,28.0,300.0,100.0,5.0,H3 55W燈泡                                                    
1111022GF0000001,F501TAZQW           ,1.0,500.0,捲   ,140.0,500.0,100.0,5.0,F501車門碰條                                                    
1111021GF0000001,1VNV                ,3.0,10.0,各   ,1.0,10.0,100.0,1.0,保險絲(小)                                                      
1111026GF0000001,1MY2F               ,1.0,250.0,組   ,280.0,250.0,100.0,6.0,冰玉座墊(前)                                                     
1111022GF0000001,RSENUGMG22H         ,1.0,350.0,支   ,70.0,350.0,100.0,3.0,RSEN 硬式22吋雨刷                                                
1111022GF0000001,R5VG                ,1.0,150.0,組   ,75.0,150.0,100.0,1.0,精緻香水                                                        
1111024GF0000001,2MT                 ,2.0,100.0,各   ,0.0,100.0,100.0,1.0,電源夾(小)                                                      
1111024GF0000001,T202V2Q             ,1.0,70.0,各   ,16.0,70.0,100.0,2.0,T20單芯燈泡                                                     
1111024GF0000001,POSEN16H            ,1.0,400.0,組   ,70.0,400.0,100.0,3.0,POSEN 16吋雨刷                                                 
1111025GF0000001,RTV6000AP           ,1.0,800.0,組   ,450.0,800.0,100.0,7.0,[車牌]救車線                                                   
1111025GF0000001,RSENUE26MG          ,1.0,350.0,支   ,100.0,350.0,100.0,9.0,RSEN 硬式 26吋雨刷                                               
1111025GF0000001,RSENUE14H           ,1.0,200.0,支   ,70.0,200.0,100.0,10.0,RSEN14吋硬骨雨刷                                                 
1111025GF0000001,R588DFW5            ,1.0,500.0,組   ,250.0,500.0,100.0,5.0,R588空氣頭枕                                                    
1111025GF0000001,RTT5M               ,1.0,950.0,組   ,530.0,950.0,100.0,3.0,車王機車車罩(M)                                                   
1111025GF0000001,RSENT105R22U        ,2.0,350.0,卡   ,110.0,350.0,100.0,1.0,RSEN T10 5晶定電壓二極體                                           
1111026GF0000001,LEDGEF              ,2.0,450.0,組   ,190.0,450.0,100.0,8.0,LED 閃光器                                                     
1111026GF0000001,ZEROVRMG16          ,1.0,700.0,支   ,325.0,700.0,100.0,9.0,ZERO矽膠雨刷16吋                                                 
1111026GF0000001,ZEROVRMG24          ,1.0,1100.0,支   ,415.0,1100.0,100.0,10.0,ZERO矽膠雨刷24吋                                                 
1111026GF0000001,PNSSUN08            ,1.0,400.0,組   ,130.0,400.0,100.0,4.0,PNS-SUN08磁吸隔熱布 前後窗4入                                        
1111026GF0000001,08ALTIS5MW2         ,1.0,700.0,組   ,300.0,700.0,100.0,11.0,08ALTIS專用踏墊                                                 
1111026GF0000001,EVEW2               ,1.0,600.0,組   ,260.0,600.0,100.0,1.0,EVE踏墊                                                       
1111026GF0000001,FCOUSUV             ,1.0,200.0,各   ,100.0,200.0,100.0,2.0,FCOUS油芯                                                     
1111027GF0000001,HNFVW               ,1.0,250.0,條   ,150.0,250.0,100.0,7.0,測速器線頭                                                       
1111027GF0000001,10WISHTA1E2         ,1.0,800.0,組   ,220.0,800.0,100.0,8.0,10WISH長毛避光墊                                                 
1111027GF0000001,X1E                 ,1.0,500.0,各   ,100.0,500.0,100.0,9.0,喇叭蓋                                                         
1111027GF0000001,ZW                  ,1.0,1587.0,次   ,0.0,1587.0,100.0,3.0,廢鐵                                                          
1111027GF0000001,07LIVINAFMT         ,1.0,500.0,組   ,300.0,500.0,100.0,1.0,07LIVINA 晴雨窗                                                
1111028GF0000001,AFL283578           ,1.0,500.0,組   ,81.8,500.0,100.0,1.0,軟條燈2835-78LED                                               
1111028GF0000001,0803LEDGS2          ,1.0,900.0,組   ,450.0,900.0,100.0,2.0,[車牌]室內燈                                                 
1111027GF0000001,10WISH5MW2          ,1.0,950.0,組   ,450.0,950.0,100.0,10.0,10WISH專用踏墊                                                  
1111029GF0000001,H724V2Q             ,2.0,250.0,各   ,80.0,250.0,100.0,4.0,H7 24V燈泡                                                    
1111029GF0000001,ZERO14VRMG          ,1.0,700.0,支   ,290.0,700.0,100.0,5.0,ZERO矽膠雨刷14吋                                                 
1111029GF0000001,J00350CMG           ,2.0,400.0,支   ,130.0,400.0,100.0,6.0,J00350後雨刷                                                   
1111029GF0000001,ZEROVRMG24          ,1.0,1000.0,支   ,415.0,1000.0,100.0,7.0,ZERO矽膠雨刷24吋                                                 
1111029GF0000001,NOIDNRMG14          ,1.0,250.0,支   ,100.0,250.0,100.0,8.0,NOID三節雨刷 14吋                                                
1111029GF0000001,NOIDNRMG26          ,1.0,450.0,支   ,100.0,450.0,100.0,9.0,NOID三節雨刷 26吋                                                
1111029GF0000001,15FOCUS5MMG         ,1.0,950.0,組   ,280.0,950.0,100.0,2.0,15FOUCS13KUGA專用雨刷(28+28)                                    
1111031GF0000001,H722                ,1.0,400.0,各   ,35.0,400.0,100.0,2.0,H7 55W大燈燈泡                                                  
1111031GF0000001,3MCUFFVR            ,1.0,150.0,罐   ,60.0,150.0,100.0,3.0,3M化油器清洗劑(8896)                                              
1111101GF0000001,PNSSC001            ,1.0,250.0,組   ,100.0,250.0,100.0,1.0,PNS-SC001網式護腰墊                                              
1111101GF0000001,VBDXEX              ,1.0,100.0,罐   ,55.0,100.0,100.0,2.0,向日葵橘油亮光蠟  [車牌]                                             
1111101GF0000001,FN002TUVEYY         ,1.0,600.0,組   ,145.0,600.0,100.0,3.0,FN-002拆油芯工具組                                                
1111101GF0000001,DR0AZVQWM           ,1.0,650.0,各   ,350.0,650.0,100.0,4.0,開吉按摩(蘭珠)M                                                   
1111102GF0000001,16G                 ,1.0,380.0,組   ,180.0,380.0,100.0,1.0,16G                                                         
1111102GF0000001,ZJTUA               ,1.0,300.0,罐   ,85.0,300.0,100.0,2.0,防霧除油膜                                                       
1111102GF0000001,CWTGXCMR            ,1.0,250.0,罐   ,60.0,250.0,100.0,3.0,黑頭車朔料還原劑                                                    
1111012GF0000001,ERQ56220            ,1.0,2000.0,各   ,2600.0,2000.0,100.0,14.0,國際牌56220電瓶                                                  
1111103GF0000001,VBDTFVTFJSW         ,1.0,350.0,組   ,130.0,350.0,100.0,8.0,向日葵超強去污黏土                                                   
1111103GF0000001,3151-61Y2           ,2.0,1000.0,各   ,550.0,1000.0,100.0,5.0,3151-61座墊                                                   
1111103GF0000001,GN131ZEW5           ,1.0,150.0,張   ,30.0,150.0,100.0,2.0,GN-131反光貼紙                                                  
1111103GF0000001,G18.52Q             ,1.0,50.0,各   ,4.0,50.0,100.0,3.0,G18.5燈泡                                                     
1111104GF0000001,AY25FMT             ,1.0,500.0,組   ,250.0,500.0,100.0,13.0,馬自達5晴雨窗                                                     
1111104GF0000001,PNSSUN006           ,1.0,700.0,組   ,270.0,700.0,100.0,14.0,6.5CM百摺式前擋風玻璃遮陽簾                                            
1111104GF0000001,2N5U                ,1.0,450.0,組   ,250.0,450.0,100.0,11.0,第三隻眼                                                        
1111104GF0000001,NOIDNRMG16          ,1.0,250.0,支   ,100.0,250.0,100.0,8.0,NOID三節雨刷 16吋                                                
1111104GF0000001,NOIDNRMG26          ,1.0,450.0,支   ,100.0,450.0,100.0,9.0,NOID三節雨刷 26吋                                                
1111104GF0000001,VA7879CMG11H        ,1.0,600.0,支   ,225.0,600.0,100.0,6.0,VA-7879 11吋後雨刷                                              
1111104GF0000001,K00295              ,2.0,100.0,張   ,50.0,100.0,100.0,4.0,火焰/立體黑紅白                                                    
1111104GF0000001,H00786              ,1.0,60.0,張   ,30.0,60.0,100.0,1.0,賤兔/酒醉                                                       
1111104GF0000001,3D1F1               ,1.0,200.0,支   ,90.0,200.0,100.0,2.0,3D補漆筆                                                       
1111105GF0000001,PD1136GMFWV         ,1.0,450.0,組   ,130.0,450.0,100.0,4.0,鯊魚鰭天線(有收訊)                                                  
1111105GF0000001,NOIDNRMG14          ,1.0,250.0,支   ,100.0,250.0,100.0,5.0,NOID三節雨刷 14吋                                                
1111105GF0000001,NOIDNRMG26          ,1.0,450.0,支   ,100.0,450.0,100.0,6.0,NOID三節雨刷 26吋                                                
1111105GF0000001,ERQ55D23L2Q         ,1.0,2700.0,各   ,2100.0,2700.0,100.0,1.0,國際牌70D23L電瓶瓶                                                
1111105GF0000001,2V2Q                ,1.0,10.0,各   ,3.0,10.0,100.0,2.0,單芯燈泡                                                        
1111107GF0000001,DR0AZVQW3.5L        ,1.0,850.0,條   ,480.0,850.0,100.0,3.0,開吉按摩方向盤套3.5                                                 
1111107GF0000001,DR0AZVQW2L          ,1.0,700.0,條   ,420.0,700.0,100.0,4.0,開吉按摩方向盤套(藍珠)2L                                              
1111107GF0000001,VBDTFVTFJSW         ,1.0,350.0,組   ,130.0,350.0,100.0,5.0,向日葵超強去污黏土                                                   
1111107GF0000001,UX0GVR              ,1.0,200.0,罐   ,80.0,200.0,100.0,1.0,亞力安水箱精                                                      
1111108GF0000001,H355W2Q             ,1.0,350.0,各   ,28.0,350.0,100.0,1.0,H3 55W燈泡                                                    
1111109GF0000001,5QXV2CU             ,2.0,375.0,各   ,185.0,375.0,100.0,5.0,竹片涼夏大護腰                                                     
1111109GF0000001,3DWMZGHJL           ,1.0,800.0,各   ,320.0,800.0,100.0,6.0,3D通用防水通用防水槽 [車牌]                                          
1111109GF0000001,ERQ602Q             ,1.0,2300.0,各   ,1750.0,2300.0,100.0,3.0,國際牌60電瓶                                                     
1111109GF0000001,FR2GUG              ,1.0,840.0,組   ,480.0,840.0,100.0,1.0,剪式附把手千斤頂  [車牌]                                             
1111110GF0000001,3D5U1               ,1.0,250.0,組   ,113.0,250.0,100.0,1.0,3D遮陽板                                                       
1111110GF0000001,06TIDACEDE          ,1.0,1000.0,組   ,650.0,1000.0,100.0,2.0,06TIDA後蓋開關(副廠)                                              
1111111GF0000001,24V2V2Q             ,2.0,20.0,各   ,3.5,20.0,100.0,5.0,24V單芯燈泡                                                     
1111111GF0000001,SF0029              ,2.0,100.0,組   ,40.0,100.0,100.0,6.0,SF-0029固定架                                                  
1111111GF0000001,RT5A2Q              ,1.0,750.0,各   ,550.0,750.0,100.0,1.0,機車5A電瓶                                                      
1111111GF0000001,H00844              ,1.0,60.0,張   ,30.0,60.0,100.0,2.0,"MOON/DON""T TOUCH貼紙                                          "
1111111GF0000001,H00679              ,1.0,60.0,張   ,30.0,60.0,100.0,3.0,爪子/立體反光綠                                                    
1111111GF0000001,E00729              ,1.0,30.0,張   ,15.0,30.0,100.0,7.0,AKRAPOVIC貼紙                                                 
1111111GF0000001,5SR                 ,1.0,200.0,各   ,80.0,200.0,100.0,8.0,助黏劑                                                         
1111112GF0000001,3D1F1               ,1.0,200.0,支   ,90.0,200.0,100.0,4.0,3D補漆筆                                                       
1111112GF0000001,HY662               ,2.0,1000.0,組   ,520.0,1000.0,100.0,5.0,HY-662簡便連結式椅套                                               
1111112GF0000001,FAGEUW              ,1.0,400.0,組   ,180.0,400.0,100.0,1.0,氣密式隔音條1.0cm                                                 
1111114GF0000001,X2VTRXF             ,1.0,3000.0,組   ,1200.0,3000.0,100.0,1.0,追蹤者X2行車紀錄器                                                  
1111112GF0000001,EY                  ,1.0,400.0,次   ,0.0,400.0,100.0,6.0,工資                                                          
1111115GF0000001,32G                 ,1.0,500.0,各   ,180.0,500.0,100.0,1.0,32G卡片                                                       
1111116GF0000001,SF0025              ,1.0,100.0,卡   ,36.0,100.0,100.0,1.0,SF-0025豐田保桿固定扣                                              
1111116GF0000001,K00371              ,1.0,100.0,張   ,50.0,100.0,100.0,2.0,彩繪貼紙/樂譜                                                     
1111116GF0000001,H00330              ,1.0,60.0,張   ,30.0,60.0,100.0,3.0,火焰/籃紫                                                       
1111116GF0000001,K00172              ,1.0,100.0,張   ,50.0,100.0,100.0,4.0,BL TZ/貼紙                                                    
1111116GF0000001,H00688              ,1.0,60.0,張   ,30.0,60.0,100.0,5.0,翅膀/愛心(大)立體貼紙                                                
1111116GF0000001,H00861              ,1.0,60.0,張   ,30.0,60.0,100.0,6.0,鶴/一對 立體 貼紙                                                  
1111116GF0000001,3D1F1               ,1.0,200.0,支   ,90.0,200.0,100.0,7.0,3D補漆筆                                                       
1111117GF0000001,2XRXQ               ,1.0,250.0,各   ,150.0,250.0,100.0,3.0,打蠟輪盤                                                        
1111117GF0000001,3D1F1               ,1.0,200.0,支   ,90.0,200.0,100.0,4.0,3D補漆筆                                                       
1111117GF0000001,929TX               ,1.0,100.0,罐   ,58.0,100.0,100.0,5.0,929粗蠟                                                       
1111117GF0000001,SF1014              ,1.0,200.0,卡   ,20.0,200.0,100.0,1.0,SF-1014長形肉骨螺絲                                               
1111118GF0000001,VBDVATX-2           ,1.0,200.0,罐   ,65.0,200.0,100.0,1.0,向日葵細目粗蠟二代                                                   
1111118GF0000001,9006OSRAM           ,1.0,300.0,各   ,90.0,300.0,100.0,2.0,[車牌]AM燈泡                                                
1111118GF0000001,H00372              ,1.0,100.0,張   ,30.0,100.0,100.0,3.0,KAAZ貼紙                                                      
1111118GF0000001,K00374              ,1.0,100.0,張   ,50.0,100.0,100.0,4.0,彩繪貼紙/火貼紙                                                    
1111118GF0000001,K00173              ,1.0,100.0,張   ,50.0,100.0,100.0,5.0,4*4/二入貼紙                                                    
1111118GF0000001,H00861              ,1.0,60.0,張   ,30.0,60.0,100.0,6.0,鶴/一對 立體 貼紙                                                  
1111119GF0000001,LC3.1USB2U1         ,1.0,600.0,組   ,180.0,600.0,100.0,5.0,LC3.1A雙USB+電壓表                                              
1111119GF0000001,16322T              ,2.0,100.0,各   ,25.0,100.0,100.0,6.0,1632電池                                                      
1111119GF0000001,EY                  ,1.0,200.0,次   ,0.0,200.0,100.0,7.0,工資                                                          
1111119GF0000001,RT2Q7B              ,1.0,850.0,各   ,700.0,850.0,100.0,3.0,機車電瓶-7B                                                     
1111119GF0000001,OBT2FHWWVGF         ,1.0,2800.0,組   ,1000.0,2800.0,100.0,1.0,OBT抬頭顯示器(七彩)                                                
1111121GF0000001,NXUR                ,1.0,80.0,各   ,45.0,80.0,100.0,1.0,三菱油芯                                                        
1111122GF0000001,LVFE                ,4.0,500.0,支   ,250.0,500.0,100.0,1.0,L型旗桿                                                        
1111123GF0000001,ERQ602Q             ,1.0,2300.0,各   ,1750.0,2300.0,100.0,1.0,國際牌60電瓶                                                     
1111123GF0000001,RSENGR16R           ,1.0,400.0,組   ,80.0,400.0,100.0,2.0,RSEN雙尖室內燈16晶(31mm)                                          
1111124GF0000001,UX0GVR              ,1.0,200.0,罐   ,80.0,200.0,100.0,1.0,亞力安水箱精                                                      
1111124GF0000001,ZEROVRMG26          ,1.0,1000.0,支   ,415.0,1000.0,100.0,2.0,ZERO 26吋矽膠雨刷                                                
1111124GF0000001,NOIDNRMG16          ,1.0,200.0,支   ,100.0,200.0,100.0,3.0,NOID三節雨刷 16吋                                                
1111125GF0000001,PNSSUN05            ,1.0,300.0,組   ,36.3,300.0,100.0,11.0,雙面隔熱靜電隨意貼/2入                                                
1111125GF0000001,VBDQEYB1UR          ,1.0,450.0,罐   ,120.0,450.0,100.0,12.0,向日葵皮革滋潤保養液                                                  
1111125GF0000001,CWTGXCMR            ,1.0,300.0,罐   ,100.0,300.0,100.0,13.0,黑頭車朔料還原劑                                                    
1111125GF0000001,RSENC1XWU           ,1.0,250.0,罐   ,95.0,250.0,100.0,14.0,RSEN環保輪胎油                                                   
1111125GF0000001,SP702               ,1.0,350.0,罐   ,100.0,350.0,100.0,15.0,SP-702電動窗潤滑劑                                                
1111125GF0000001,ABT4015JC           ,1.0,900.0,組   ,350.0,900.0,100.0,6.0,ABT-401後廂置物盒                                                
1111125GF0000001,JK69FYQD            ,1.0,600.0,組   ,180.0,600.0,100.0,7.0,JK-69新七字鍍洛車牌牌框                                              
1111125GF0000001,H4OSRAM2Q           ,1.0,300.0,各   ,48.0,300.0,100.0,1.0,H4 OSRAM燈泡                                                  
1111125GF0000001,H11OSARM2Q          ,1.0,300.0,各   ,120.0,300.0,100.0,2.0,H11 OSARM燈泡                                                 
1111125GF0000001,ZEROVRMG16          ,1.0,700.0,支   ,325.0,700.0,100.0,3.0,ZERO矽膠雨刷16吋                                                 
1111125GF0000001,ZEROVRMG26          ,1.0,1000.0,支   ,415.0,1000.0,100.0,4.0,ZERO 26吋矽膠雨刷                                                
1111126GF0000001,1VNV                ,5.0,10.0,各   ,1.0,10.0,100.0,5.0,保險絲(小)                                                      
1111126GF0000001,T10552              ,10.0,10.0,各   ,2.0,10.0,100.0,6.0,T10中炸彈                                                      
1111126GF0000001,VUFMT               ,1.0,650.0,組   ,350.0,650.0,100.0,3.0,雄鷹晴雨窗                                                       
1111126GF0000001,VBDVTR              ,1.0,300.0,罐   ,110.0,300.0,100.0,7.0,向日葵洗車精[車牌]                                                
1111126GF0000001,01XGTA1E2           ,1.0,600.0,組   ,220.0,600.0,100.0,1.0,01菱帥長毛避光墊                                                   
1111128GF0000001,2013RAV4FMT         ,1.0,1100.0,組   ,600.0,1100.0,100.0,3.0,[車牌]4(四片)晴雨窗                                             
1111128GF0000001,32G                 ,1.0,500.0,各   ,180.0,500.0,100.0,4.0,32G卡片                                                       
1111128GF0000001,VBDG2A              ,1.0,300.0,各   ,130.0,300.0,100.0,5.0,向日葵水鍍膜                                                      
1111128GF0000001,GVE1.12             ,1.0,250.0,各   ,90.0,250.0,100.0,1.0,水箱蓋1.1(大頭)                                                  
1111129GF0000001,H324V1002Q          ,5.0,150.0,各   ,50.0,150.0,100.0,1.0,H3 24V 100W燈泡                                               
1111201GF0000001,YD2CGRR             ,1.0,1250.0,組   ,750.0,1250.0,100.0,1.0,載卡多後視鏡(R)                                                   
1111201GF0000001,CARGTUV             ,1.0,150.0,罐   ,90.0,150.0,100.0,3.0,CAR煞車油(小)                                                   
1111201GF0000001,GARMIN2MV           ,1.0,1000.0,條   ,600.0,1000.0,100.0,4.0,GARMIN電源線                                                   
1111202GF0000001,RSENUG12H           ,1.0,250.0,支   ,70.0,250.0,100.0,1.0,RSEN 硬式12吋雨刷                                                
1111202GF0000001,RSENUG24HMG         ,1.0,350.0,支   ,100.0,350.0,100.0,2.0,RSEN硬式雨刷 24吋                                                
1111202GF0000001,ZJTUA               ,1.0,300.0,罐   ,85.0,300.0,100.0,3.0,防霧除油膜                                                       
1111202GF0000001,RSENH112TY          ,1.0,300.0,組   ,90.0,300.0,100.0,4.0,RSEN H11陶瓷座                                                 
1111203GF0000001,02EAXCVN            ,1.0,1200.0,組   ,1000.0,1200.0,100.0,1.0,02冠美麗2.0火星塞                                                 
1111203GF0000001,OBROFUR             ,1.0,350.0,罐   ,100.0,350.0,100.0,2.0,OBRO汽油精                                                     
1111203GF0000001,GHA308              ,1.0,300.0,組   ,120.0,300.0,100.0,3.0,馬自達大燈轉接座                                                    
1111203GF0000001,H7OSARM222Q         ,1.0,300.0,各   ,90.0,300.0,100.0,4.0,H7OSARM大燈燈泡                                                 
1111205GF0000001,3D1F1               ,2.0,200.0,支   ,90.0,200.0,100.0,6.0,3D補漆筆                                                       
1111205GF0000001,929TX               ,1.0,100.0,罐   ,58.0,100.0,100.0,7.0,929粗蠟                                                       
1111205GF0000001,IN39LED             ,2.0,500.0,組   ,210.0,500.0,100.0,4.0,IN39 LED室內燈                                                 
1111205GF0000001,PNSHDF31            ,1.0,300.0,組   ,130.0,300.0,100.0,1.0,重力式 長桿出風口手機架360度旋轉                                          
1111205GF0000001,16G                 ,1.0,400.0,組   ,180.0,400.0,100.0,2.0,16G                                                         
1111205GF0000001,NOIDNRMG16          ,1.0,300.0,支   ,100.0,300.0,100.0,8.0,NOID三節雨刷 16吋                                                
1111205GF0000001,NOIDNRMG26          ,1.0,450.0,支   ,100.0,450.0,100.0,9.0,NOID三節雨刷 26吋                                                
1111205GF0000001,FTZEW5              ,2.0,350.0,張   ,140.0,350.0,100.0,10.0,汽車反光貼紙                                                      
1111206GF0000001,COLTPLUSFMT         ,1.0,450.0,組   ,300.0,450.0,100.0,3.0,COLT PLUS晴雨窗                                                
1111206GF0000001,3MR1CM              ,1.0,100.0,卷   ,55.0,100.0,100.0,4.0,3M膠*1CM                                                     
1111206GF0000001,2001BMWE46ERR       ,1.0,800.0,組   ,400.0,800.0,100.0,1.0,[車牌] E46廣角鏡                                             
1111207GF0000001,2V2Q                ,1.0,100.0,各   ,3.0,100.0,100.0,9.0,單芯燈泡                                                        
1111207GF0000001,NOIDNRMG18          ,1.0,300.0,支   ,100.0,300.0,100.0,10.0,NOID三節雨刷 18吋                                                
1111207GF0000001,NOIDNRMG20          ,1.0,350.0,組   ,100.0,350.0,100.0,11.0,NOID三節雨刷 20吋                                                
1111207GF0000001,ZEROVRMG22G         ,2.0,855.0,支   ,350.0,855.0,100.0,7.0,ZERO矽膠雨刷22吋                                                 
1111207GF0000001,NOIDNRMG20          ,1.0,350.0,組   ,100.0,350.0,100.0,12.0,NOID三節雨刷 20吋                                                
1111207GF0000001,NOIDNRMG22          ,1.0,350.0,支   ,100.0,350.0,100.0,13.0,NOID三節雨刷 22吋                                                
1111207GF0000001,T10552              ,1.0,200.0,各   ,2.0,200.0,100.0,5.0,T10中炸彈                                                      
1111207GF0000001,LC3.1USB2U1         ,1.0,450.0,組   ,180.0,450.0,100.0,3.0,LC3.1A雙USB+電壓表                                              
1111207GF0000001,NOIDNRMG16          ,1.0,300.0,支   ,100.0,300.0,100.0,1.0,NOID三節雨刷 16吋                                                
1111207GF0000001,NOIDNRMG24          ,1.0,400.0,支   ,100.0,400.0,100.0,14.0,NOID三節雨刷 24吋                                                
1111208GF0000001,NOIDNRMG18          ,1.0,350.0,支   ,100.0,350.0,100.0,5.0,NOID三節雨刷 18吋                                                
1111208GF0000001,NOIDNRMG20          ,1.0,350.0,組   ,100.0,350.0,100.0,6.0,NOID三節雨刷 20吋                                                
1111208GF0000001,ZEROVRMG26          ,1.0,1000.0,支   ,415.0,1000.0,100.0,7.0,ZERO 26吋矽膠雨刷                                                
1111208GF0000001,2UFY4.8A            ,1.0,750.0,組   ,290.0,750.0,100.0,3.0,點煙座 4.8A 12V 1+2+1 NIKE                                     
1111208GF0000001,3M2CM               ,1.0,180.0,捲   ,90.0,180.0,100.0,8.0,3M膠*2CM                                                     
1111209GF0000001,R5VG                ,1.0,150.0,組   ,75.0,150.0,100.0,1.0,精緻香水                                                        
1111209GF0000001,K00295              ,1.0,100.0,張   ,50.0,100.0,100.0,2.0,火焰/立體黑紅白                                                    
1111209GF0000001,F00250              ,1.0,40.0,張   ,20.0,40.0,100.0,3.0,尿尿小子/黑紅白                                                    
1111209GF0000001,H00789              ,1.0,60.0,張   ,30.0,60.0,100.0,4.0,賤兔/紅帽                                                       
1111209GF0000001,ZERO14VRMG          ,1.0,600.0,支   ,290.0,600.0,100.0,5.0,ZERO矽膠雨刷14吋                                                 
1111209GF0000001,ZEROVRMG22G         ,1.0,900.0,支   ,350.0,900.0,100.0,6.0,ZERO矽膠雨刷22吋                                                 
1111209GF0000001,NOIDNRMG16          ,1.0,300.0,支   ,100.0,300.0,100.0,7.0,NOID三節雨刷 16吋                                                
1111209GF0000001,NOIDNRMG24          ,1.0,400.0,支   ,100.0,400.0,100.0,8.0,NOID三節雨刷 24吋                                                
1111212GF0000001,RSEN0F2D            ,1.0,150.0,各   ,70.0,150.0,100.0,4.0,RSEN安全帶扣                                                    
1111212GF0000001,H7EA2T2TY           ,1.0,300.0,組   ,100.0,300.0,100.0,5.0,H7公母對接陶瓷大燈插座入(2入)                                           
1111212GF0000001,TAA053              ,1.0,300.0,各   ,142.0,300.0,100.0,1.0,安全帶便捷插銷-鋅合金                                                 
1111212GF0000001,H4OSRAM2Q           ,1.0,300.0,各   ,48.0,300.0,100.0,2.0,H4 OSRAM燈泡                                                  
1111213GF0000001,EY                  ,1.0,100.0,次   ,0.0,100.0,100.0,3.0,工資                                                          
1111213GF0000001,PS255R2W            ,1.0,250.0,組   ,80.0,250.0,100.0,4.0,PS-255靜電貼                                                   
1111213GF0000001,A094                ,1.0,500.0,條   ,100.0,500.0,100.0,1.0,A094方向盤套                                                    
1111214GF0000001,NOIDNRMG14          ,1.0,250.0,支   ,70.0,250.0,100.0,7.0,NOID三節雨刷 14吋                                                
1111214GF0000001,NOIDNRMG24          ,1.0,450.0,支   ,100.0,450.0,100.0,8.0,NOID三節雨刷 24吋                                                
1111214GF0000001,ZEROVRMG16          ,1.0,800.0,支   ,325.0,800.0,100.0,3.0,ZERO矽膠雨刷16吋                                                 
1111214GF0000001,ZEROVRMG26          ,1.0,1000.0,支   ,415.0,1000.0,100.0,4.0,ZERO 26吋矽膠雨刷                                                
1111214GF0000001,G18.52Q             ,1.0,20.0,各   ,4.0,20.0,100.0,5.0,G18.5燈泡                                                     
1111214GF0000001,KY359FE             ,1.0,250.0,各   ,130.0,250.0,100.0,1.0,KY-359旗桿                                                    
1111215GF0000001,PNSS182USB          ,1.0,400.0,組   ,180.0,400.0,100.0,1.0,四合一3.1A 2USB點煙器                                             
1111215GF0000001,LD72UVTRXF          ,1.0,4000.0,組   ,1500.0,4000.0,100.0,2.0,LD-7單眼行車記錄器                                                 
1111215GF0000001,VTRXFV2DE           ,1.0,800.0,條   ,150.0,800.0,100.0,3.0,行車紀錄器線帶開關                                                   
1111215GF0000001,95VR1TA1E2          ,1.0,600.0,組   ,210.0,600.0,100.0,4.0,95新尖兵長毛避光墊                                                  
1111216GF0000001,ZJTUA               ,2.0,300.0,罐   ,85.0,300.0,100.0,1.0,防霧除油膜                                                       
1111216GF0000001,RSENMGR             ,1.0,150.0,罐   ,70.0,150.0,100.0,2.0,RSEN雨刷精                                                     
1111216GF0000001,ZEROVRMG22G         ,1.0,900.0,支   ,350.0,900.0,100.0,3.0,ZERO矽膠雨刷22吋                                                 
1111216GF0000001,ZEROVRMG26          ,1.0,1000.0,支   ,415.0,1000.0,100.0,4.0,ZERO 26吋矽膠雨刷                                                
1111217GF0000001,PS301GS2            ,1.0,250.0,各   ,100.0,250.0,100.0,1.0,PS-301室內鏡                                                   
1111219GF0000001,PNSSFIN0010F2D      ,1.0,250.0,組   ,50.0,250.0,100.0,16.0,多功能安全帶扣                                                     
1111219GF0000001,3D1F1               ,1.0,200.0,支   ,90.0,200.0,100.0,17.0,3D補漆筆                                                       
1111219GF0000001,VBDXEX              ,1.0,100.0,罐   ,55.0,100.0,100.0,14.0,向日葵橘油亮光蠟  [車牌]                                             
1111219GF0000001,VBDVATX-2           ,1.0,200.0,罐   ,65.0,200.0,100.0,11.0,向日葵細目粗蠟二代                                                   
1111219GF0000001,H11OSARM2Q          ,1.0,300.0,各   ,120.0,300.0,100.0,12.0,H11 OSARM燈泡                                                 
1111219GF0000001,1MT5D               ,1.0,1800.0,組   ,1180.0,1800.0,100.0,9.0,白雲防水車罩-C D                                                  
1111219GF0000001,NOIDNRMG18          ,1.0,300.0,支   ,100.0,300.0,100.0,6.0,NOID三節雨刷 18吋                                                
1111219GF0000001,NOIDNRMG20          ,1.0,350.0,組   ,100.0,350.0,100.0,7.0,NOID三節雨刷 20吋                                                
1111219GF0000001,EVEW2               ,1.0,600.0,組   ,260.0,600.0,100.0,4.0,EVE踏墊                                                       
1111219GF0000001,2018KICKSNQFMT      ,1.0,1200.0,組   ,600.0,1200.0,100.0,2.0,[車牌]KS(四片)晴雨窗                                            
1111220GF0000001,WF602Q              ,1.0,2000.0,各   ,1500.0,2000.0,100.0,6.0,湯淺60電瓶                                                      
1111220GF0000001,WISHUV              ,1.0,150.0,各   ,65.0,150.0,100.0,7.0,WISH油芯                                                      
1111220GF0000001,3D1F1               ,1.0,200.0,支   ,90.0,200.0,100.0,8.0,3D補漆筆                                                       
1111220GF0000001,GYQ2W               ,1.0,1200.0,各   ,450.0,1200.0,100.0,4.0,水鑽排檔頭                                                       
1111220GF0000001,2QG                 ,20.0,35.0,罐   ,15.0,35.0,100.0,1.0,電瓶水                                                         
1111220GF0000001,CARGTUV             ,1.0,200.0,罐   ,90.0,200.0,100.0,2.0,CAR煞車油(小)                                                   
1111221GF0000001,O00149              ,1.0,200.0,組   ,100.0,200.0,100.0,1.0,法拉利風嘴帽(四入)                                                  
1111222GF0000002,32G                 ,1.0,450.0,各   ,180.0,450.0,100.0,5.0,32G卡片                                                       
1111222GF0000002,R1GEX               ,1.0,650.0,罐   ,320.0,650.0,100.0,6.0,激撥水固體蠟                                                      
1111222GF0000002,OBROFUR             ,1.0,300.0,罐   ,100.0,300.0,100.0,7.0,OBRO汽油精                                                     
1111223GF0000001,SENFINECOGV5XR      ,1.0,450.0,罐   ,150.0,450.0,100.0,5.0,西德SENFINECO水箱止漏劑                                            
1111222GF0000002,16G                 ,1.0,350.0,組   ,180.0,350.0,100.0,1.0,16G                                                         
1111222GF0000002,RSENT105630         ,1.0,500.0,卡   ,120.0,500.0,100.0,2.0,RSEN T10 5630 10燈                                           
1111222GF0000002,CAR5205R            ,1.0,2800.0,組   ,550.0,2800.0,100.0,3.0,CAR MP3 520無碟主機                                             
1111223GF0000001,NO2112GRR           ,1.0,450.0,組   ,200.0,450.0,100.0,6.0,NO-[車牌]手機架                                              
1111223GF0000001,SP702               ,1.0,250.0,罐   ,110.0,250.0,100.0,3.0,SP-702電動窗潤滑劑                                                
1111223GF0000001,1MT5D               ,1.0,2000.0,組   ,1180.0,2000.0,100.0,1.0,白雲防水車罩-C D                                                  
1111224GF0000001,1VNV                ,2.0,10.0,各   ,1.0,10.0,100.0,1.0,保險絲(小)                                                      
1111224GF0000001,PNSHDF26            ,1.0,300.0,組   ,140.0,300.0,100.0,2.0,夾扣式出風口手機架                                                   
1111227GF0000001,LA823               ,2.0,450.0,組   ,140.0,450.0,100.0,3.0,多功能椅背置物袋+保溫袋                                                
1111227GF0000001,PNSS069U11GRR       ,1.0,250.0,組   ,100.0,250.0,100.0,4.0,PNS-S069儀表板手機架                                              
1111227GF0000001,2UFY4.8A            ,1.0,600.0,組   ,290.0,600.0,100.0,5.0,點煙座 4.8A 12V 1+2+1 NIKE                                     
1111227GF0000001,3D3132ZGY2          ,1.0,2250.0,組   ,1300.0,2250.0,100.0,6.0,3D 3132風扇座墊                                                 
1111227GF0000001,HY662               ,1.0,1000.0,組   ,520.0,1000.0,100.0,7.0,HY-662簡便連結式椅套                                               
1111227GF0000001,TAA053              ,2.0,250.0,各   ,142.0,250.0,100.0,8.0,安全帶便捷插銷-鋅合金                                                 
1111227GF0000001,20502XR             ,1.0,1500.0,組   ,780.0,1500.0,100.0,9.0,NO 2050 110V打蠟機 6吋                                          
1111227GF0000001,2GE                 ,1.0,1500.0,組   ,400.0,1500.0,100.0,1.0,大聲公(918)                                                    
1111228GF0000001,RSENH112TY          ,1.0,600.0,組   ,90.0,600.0,100.0,1.0,RSEN H11陶瓷座                                                 
1111228GF0000001,RRVFMT              ,1.0,600.0,組   ,300.0,600.0,100.0,2.0,金吉星晴雨窗                                                      
1111229GF0000001,H422                ,1.0,200.0,各   ,28.0,200.0,100.0,1.0,H4大燈燈泡 55W                                                  
1111229GF0000001,EVEW2               ,1.0,600.0,組   ,260.0,600.0,100.0,2.0,EVE踏墊                                                       
1111229GF0000001,ZJTUA               ,1.0,300.0,罐   ,85.0,300.0,100.0,3.0,防霧除油膜                                                       
1111229GF0000001,RSENT105630         ,1.0,400.0,卡   ,120.0,400.0,100.0,4.0,RSEN T10 5630 10燈                                           
1111230GF0000001,TIERRAMG1           ,1.0,1000.0,支   ,450.0,1000.0,100.0,1.0,TIERRA雨刷臂                                                   
1111230GF0000001,PNSE015             ,1.0,350.0,組   ,100.0,350.0,100.0,2.0,90彎度TYPE-C手機線                                               
1111230GF0000001,A094                ,1.0,500.0,條   ,100.0,500.0,100.0,3.0,A094方向盤套                                                    
1111230GF0000001,V37GRR              ,1.0,300.0,組   ,100.0,300.0,100.0,4.0,V37儀表板手機架                                                   
1111231GF0000001,H722                ,1.0,300.0,各   ,35.0,300.0,100.0,1.0,H7 55W大燈燈泡                                                  
1120103GF0000001,F00456              ,1.0,40.0,張   ,20.0,40.0,100.0,5.0,Ferrari貼紙                                                   
1120103GF0000001,VBDUMN              ,1.0,650.0,罐   ,300.0,650.0,100.0,6.0,向日葵釉元素                                                      
1120103GF0000001,NOIDNRMG26          ,1.0,450.0,支   ,100.0,450.0,100.0,1.0,NOID三節雨刷 26吋                                                
1120103GF0000001,RSENC1XWU           ,1.0,250.0,罐   ,95.0,250.0,100.0,2.0,RSEN環保輪胎油                                                   
1120103GF0000001,G2DE                ,1.0,200.0,各   ,80.0,200.0,100.0,3.0,水滴開關                                                        
1120104GF0000001,T10552              ,1.0,50.0,各   ,2.0,50.0,100.0,1.0,T10中炸彈                                                      
1120104GF0000001,ERQ8526L2Q          ,1.0,3500.0,各   ,3000.0,3500.0,100.0,2.0,國際牌85D26L電瓶                                                 
1120104GF0000001,VBDVATX-2           ,1.0,200.0,罐   ,65.0,200.0,100.0,3.0,向日葵細目粗蠟二代                                                   
1120106GF0000001,NOIDNRMG16          ,2.0,250.0,支   ,100.0,250.0,100.0,1.0,NOID三節雨刷 16吋                                                
1120106GF0000001,H422                ,1.0,100.0,各   ,28.0,100.0,100.0,2.0,H4大燈燈泡 55W                                                  
1120106GF0000001,LY601               ,1.0,40.0,組   ,18.0,40.0,100.0,3.0,小圓鏡                                                         
1120107GF0000001,ZJTUA               ,1.0,300.0,罐   ,85.0,300.0,100.0,1.0,防霧除油膜                                                       
1120109GF0000001,OBLRUR              ,1.0,450.0,罐   ,240.0,450.0,100.0,1.0,OBL機油精                                                      
1120109GF0000001,GARMINVQR           ,1.0,650.0,各   ,0.0,650.0,100.0,2.0,GARMIN吸盤架                                                   
1120110GF0000001,1VNV                ,5.0,10.0,各   ,1.0,10.0,100.0,1.0,保險絲(小)                                                      
1120111GF0000001,L00051B             ,1.0,120.0,張   ,60.0,120.0,100.0,3.0,獨角龍/一對 黑                                                    
1120111GF0000001,NOIDNRMG14          ,1.0,300.0,支   ,70.0,300.0,100.0,4.0,NOID三節雨刷 14吋                                                
1120111GF0000001,NOIDNRMG26          ,1.0,350.0,支   ,100.0,350.0,100.0,5.0,NOID三節雨刷 26吋                                                
1120111GF0000001,H422                ,1.0,100.0,各   ,28.0,100.0,100.0,6.0,H4大燈燈泡 55W                                                  
1120111GF0000001,K008125             ,2.0,150.0,張   ,60.0,150.0,100.0,1.0,K0081貼紙                                                     
1120112GF0000001,3MR1CM              ,2.0,100.0,卷   ,50.0,100.0,100.0,1.0,3M膠*1CM                                                     
1120112GF0000001,CWTZVBCR            ,1.0,200.0,罐   ,60.0,200.0,100.0,2.0,黑頭車防鏽潤滑劑                                                    
1120113GF0000001,EY                  ,1.0,350.0,次   ,0.0,350.0,100.0,16.0,工資                                                          
1120113GF0000001,CWTGXCMR            ,1.0,270.0,罐   ,100.0,300.0,90.0,17.0,黑頭車朔料還原劑                                                    
1120113GF0000001,RSENC1XWU           ,1.0,225.0,罐   ,95.0,250.0,90.0,14.0,RSEN環保輪胎油                                                   
1120113GF0000001,NOIDNRMG14          ,1.0,225.0,支   ,70.0,250.0,90.0,18.0,NOID三節雨刷 14吋                                                
1120113GF0000001,LASTS2DVG           ,2.0,90.0,各   ,30.0,100.0,90.0,19.0,LASTS吊卡香水                                                   
1120113GF0000001,NOIDNRMG26          ,1.0,405.0,支   ,100.0,450.0,90.0,20.0,NOID三節雨刷 26吋                                                
1120113GF0000001,2UFY4.8A            ,1.0,585.0,組   ,290.0,650.0,90.0,21.0,點煙座 4.8A 12V 1+2+1 NIKE                                     
1120113GF0000001,GEJMVG              ,2.0,225.0,各   ,100.0,250.0,90.0,12.0,水果物語香水                                                      
1120113GF0000001,ACP301              ,1.0,315.0,各   ,100.0,350.0,90.0,22.0,ACP-301室內鏡                                                  
1120113GF0000001,PNSCT003FTTWTX      ,1.0,350.0,組   ,130.0,350.0,100.0,8.0,田園磁鐵窗簾                                                      
1120113GF0000001,3M2CM               ,1.0,162.0,捲   ,90.0,180.0,90.0,9.0,3M膠*2CM                                                     
1120113GF0000001,PNSS17              ,1.0,495.0,組   ,280.0,550.0,90.0,10.0,QC4.03.4A 2USB車充                                            
1120113GF0000001,U00075              ,1.0,675.0,組   ,400.0,750.0,90.0,6.0,VINA飛航安全帶扣(2入裝)                                             
1120113GF0000001,08ALTISTA1E2        ,1.0,600.0,組   ,210.0,600.0,100.0,4.0,08ALTIS長毛避光墊                                                
1120114GF0000001,H355W2Q             ,1.0,90.0,各   ,28.0,100.0,90.0,11.0,H3 55W燈泡                                                    
1120114GF0000001,E5NRRC              ,1.0,315.0,組   ,80.0,350.0,90.0,13.0,故障三腳架(盒)                                                    
1120114GF0000001,HINO17TW2           ,1.0,1200.0,組   ,650.0,1200.0,100.0,14.0,05 HINO 17噸踏墊                                               
1120114GF0000001,3D1F1               ,1.0,180.0,支   ,90.0,200.0,90.0,9.0,3D補漆筆                                                       
1120114GF0000001,90062Q              ,1.0,225.0,各   ,80.0,250.0,90.0,15.0,9006燈泡                                                      
1120114GF0000001,MP35C1NS13          ,1.0,1080.0,組   ,580.0,1200.0,90.0,7.0,倍思T貓頭S13-快衝音樂撥放器                                            
1120114GF0000001,TJ632A5W            ,1.0,225.0,組   ,125.0,250.0,90.0,3.0,TJ-635面紙套                                                   
1120114GF0000001,H4OSRAM2Q           ,1.0,270.0,各   ,48.0,300.0,90.0,4.0,H4 OSRAM燈泡                                                  
1120114GF0000001,H422                ,1.0,90.0,各   ,28.0,100.0,90.0,5.0,H4大燈燈泡 55W                                                  
1120115GF0000001,NO217VG             ,2.0,270.0,各   ,55.0,300.0,90.0,1.0,NO-217香水                                                    
1120115GF0000001,GN007J2WV           ,1.0,270.0,隻   ,75.0,300.0,90.0,2.0,GN-007屋頂天線                                                  
1120114GF0000001,VINAQ2W             ,1.0,900.0,各   ,450.0,1000.0,90.0,1.0,VINA排檔頭                                                     
1120116GF0000001,ID4HX1              ,1.0,1500.0,組   ,500.0,1500.0,100.0,1.0,ID4吋喇叭                                                      
1120116GF0000001,ZEROVRMG20          ,1.0,770.0,支   ,350.0,770.0,100.0,2.0,ZERO矽膠雨刷20吋                                                 
1120116GF0000001,ZEROVRMG26          ,1.0,1000.0,支   ,415.0,1000.0,100.0,3.0,ZERO 26吋矽膠雨刷                                                
1120117GF0000001,POSEN18H            ,1.0,300.0,組   ,60.0,300.0,100.0,9.0,POSEN 18吋雨刷                                                 
1120117GF0000001,RSEN56ZVQW          ,1.0,650.0,條   ,250.0,650.0,100.0,10.0,RSEN-56牛皮方向盤套                                               
1120117GF0000001,TJ6185J2            ,1.0,350.0,組   ,125.0,350.0,100.0,11.0,TJ-618置物袋                                                   
1120117GF0000001,V38U1GRR            ,1.0,315.0,組   ,150.0,350.0,90.0,12.0,V38儀板手機架                                                    
1120117GF0000001,H500TWGRR           ,1.0,360.0,組   ,180.0,400.0,90.0,7.0,H-500磁鐵手機架                                                  
1120117GF0000001,H422                ,2.0,90.0,各   ,28.0,100.0,90.0,5.0,H4大燈燈泡 55W                                                  
1120118GF0000001,08ALTIS5MW2         ,1.0,850.0,組   ,300.0,850.0,100.0,17.0,08ALTIS專用踏墊                                                 
1120117GF0000001,05ZCXC90TA1E2       ,1.0,900.0,組   ,220.0,900.0,100.0,3.0,05富豪XC-90長毛避光墊                                              
1120117GF0000001,05ZCXC905MW2CCV     ,1.0,3000.0,組   ,2150.0,3000.0,100.0,13.0,05富豪XC-90專用踏墊+後廂+運費                                         
1120117GF0000001,PNSDBC03            ,1.0,500.0,組   ,230.0,500.0,100.0,14.0,PNS-DBC03一分二旋轉餐盤置杯架-碳纖維款                                    
1120118GF0000001,RSEN56ZVQW          ,1.0,500.0,條   ,250.0,500.0,100.0,18.0,RSEN-56牛皮方向盤套                                               
1120118GF0000001,R589CUXNDFH         ,1.0,600.0,組   ,350.0,600.0,100.0,19.0,R589護腰亮絲空氣層(黑)                                              
1120118GF0000001,CWTGXCMR            ,1.0,270.0,罐   ,100.0,300.0,90.0,14.0,黑頭車朔料還原劑                                                    
1120118GF0000001,RSENT105630         ,1.0,360.0,卡   ,120.0,400.0,90.0,15.0,RSEN T10 5630 10燈                                           
1120118GF0000001,TAD022WUWJGJVGF     ,1.0,400.0,組   ,180.0,400.0,100.0,11.0,TA-D022胎壓胎紋數位顯示器                                            
1120118GF0000001,V33GRR              ,1.0,315.0,組   ,150.0,350.0,90.0,8.0,V33手機架                                                      
1120118GF0000001,PNSS17              ,1.0,585.0,組   ,280.0,650.0,90.0,9.0,QC4.03.4A 2USB車充                                            
1120118GF0000001,PNSSW001            ,1.0,450.0,條   ,164.0,500.0,90.0,20.0,黑色真皮方向盤套                                                    
1120118GF0000001,VBDTVGAVTGW         ,1.0,180.0,組   ,100.0,200.0,90.0,5.0,向日葵超纖雙面洗車手套                                                 
1120118GF0000001,ZJTUA               ,1.0,270.0,罐   ,85.0,300.0,90.0,6.0,防霧除油膜                                                       
1120118GF0000001,VBDVTX1000ML        ,1.0,225.0,罐   ,80.0,250.0,90.0,3.0,向日葵汽車洗車蠟[車牌]                                              
1120119GF0000001,NOID36GS2           ,2.0,550.0,組   ,280.0,550.0,100.0,7.0,NOID 36MM室內燈                                                
1120119GF0000001,DAYQQWW             ,1.0,900.0,組   ,280.0,900.0,100.0,8.0,卡夢自排檔頭                                                      
1120119GF0000001,NOIDNRMG18          ,1.0,270.0,支   ,100.0,300.0,90.0,3.0,NOID三節雨刷 18吋                                                
1120119GF0000001,NOIDNRMG20          ,1.0,315.0,組   ,100.0,350.0,90.0,4.0,NOID三節雨刷 20吋                                                
1120119GF0000001,ZJTUA               ,1.0,270.0,罐   ,85.0,300.0,90.0,5.0,防霧除油膜                                                       
1120119GF0000001,ZEROFV1UUR          ,1.0,400.0,罐   ,180.0,400.0,100.0,1.0,ZERO全效保養汽車精[車牌]                                            
1120120GF0000001,ZINGERTA1E2         ,1.0,600.0,組   ,350.0,600.0,100.0,12.0,ZINGER長毛避光墊                                                 
1120120GF0000001,3D1F1               ,1.0,200.0,支   ,90.0,200.0,100.0,13.0,3D補漆筆                                                       
1120120GF0000001,15FOCUS5MMG         ,1.0,950.0,組   ,280.0,950.0,100.0,10.0,15FOUCS13KUGA專用雨刷(28+28)                                    
1120120GF0000001,VA011               ,1.0,405.0,組   ,180.0,450.0,90.0,7.0,鯊魚仿真口改裝側風引擎裝飾                                               
1120120GF0000001,GN757               ,1.0,270.0,張   ,35.0,300.0,90.0,8.0,立體卡夢貼紙                                                      
1120120GF0000001,ZEROVRMG24          ,1.0,1000.0,支   ,415.0,1000.0,100.0,5.0,ZERO矽膠雨刷24吋                                                 
1120120GF0000001,PNSFB003            ,2.0,1080.0,各   ,650.0,1200.0,90.0,14.0,磁吸面紙盒-碳纖維款                                                  
1120120GF0000001,NO217VG             ,2.0,135.0,各   ,55.0,150.0,90.0,15.0,NO-217香水                                                    
1120120GF0000001,PNSSUN14            ,1.0,315.0,組   ,100.0,350.0,90.0,3.0,前檔遮陽                                                        
1120120GF0000001,3154Y2              ,2.0,765.0,各   ,350.0,850.0,90.0,1.0,3154座墊                                                      
1120121GF0000001,EY                  ,1.0,400.0,次   ,0.0,400.0,100.0,1.0,工資                                                          
1120129GF0000001,FR2GUG              ,1.0,800.0,組   ,480.0,800.0,100.0,1.0,剪式附把手千斤頂  [車牌]                                             
1120129GF0000001,EY                  ,1.0,600.0,次   ,0.0,600.0,100.0,3.0,工資                                                          
1120129GF0000001,RTV38QZ             ,1.0,1350.0,組   ,750.0,1350.0,100.0,4.0,38平方救車線(10尺)                                                
1120129GF0000001,2TFW                ,2.0,100.0,各   ,50.0,100.0,100.0,5.0,電池鉛頭                                                        
1120129GF0000001,T101E               ,1.0,150.0,卡   ,100.0,150.0,100.0,6.0,T10白光                                                       
1120130GF0000001,ZERO14VRMG          ,1.0,700.0,支   ,290.0,700.0,100.0,4.0,ZERO矽膠雨刷14吋                                                 
1120130GF0000001,ZEROVRMG20          ,1.0,850.0,支   ,350.0,850.0,100.0,5.0,ZERO矽膠雨刷20吋                                                 
1120130GF0000001,QWZG                ,1.0,850.0,組   ,450.0,850.0,100.0,6.0,普通扶手                                                        
1120130GF0000001,RSENGR36COB         ,1.0,400.0,組   ,100.0,400.0,100.0,1.0,RSEN 雙尖36COB無極性                                             
1120130GF0000001,IN312835GS2         ,2.0,500.0,組   ,180.0,500.0,100.0,2.0,IN31AL-2835 6顆LED室內燈 白光 歐規                                  
1120130GF0000001,EY                  ,1.0,200.0,次   ,0.0,200.0,100.0,7.0,工資                                                          
1120130GF0000001,RSENT105SMD         ,1.0,300.0,卡   ,110.0,300.0,100.0,8.0,RSEN T105 SMD                                               
1120131GF0000001,PNSJW220R2UG        ,1.0,200.0,各   ,70.0,200.0,100.0,1.0,PNS-JW220靜電鑰匙                                               
1120201GF0000001,NOIDNRMG18          ,1.0,300.0,支   ,100.0,300.0,100.0,1.0,NOID三節雨刷 18吋                                                
1120201GF0000001,NOIDNRMG20          ,1.0,350.0,組   ,100.0,350.0,100.0,2.0,NOID三節雨刷 20吋                                                
1120201GF0000001,VBDVTR              ,1.0,300.0,罐   ,110.0,300.0,100.0,3.0,向日葵洗車精[車牌]                                                
1120201GF0000001,JXFMT               ,1.0,750.0,組   ,450.0,750.0,100.0,4.0,威力晴雨窗                                                       
1120201GF0000001,NOID24GS2           ,2.0,450.0,組   ,200.0,450.0,100.0,5.0,NOID-01 24SMD室內燈                                            
1120201GF0000001,RSENS25692V5R1      ,1.0,1000.0,組   ,450.0,1000.0,100.0,6.0,RSEN S25 69燈防快閃單芯正角白                                        
1120202GF0000001,VBDAMMGR            ,1.0,250.0,罐   ,62.0,250.0,100.0,4.0,向日葵免用撥水劑[車牌]                                               
1120202GF0000001,VBDVTR              ,1.0,300.0,罐   ,110.0,300.0,100.0,5.0,向日葵洗車精[車牌]                                                
1120202GF0000001,VBDUMN              ,1.0,600.0,罐   ,300.0,600.0,100.0,6.0,向日葵釉元素                                                      
1120202GF0000001,VBDZJTUQ            ,1.0,250.0,罐   ,55.0,250.0,100.0,7.0,向日葵防霧除油膜                                                    
1120202GF0000001,3DVXT5U1            ,1.0,350.0,各   ,150.0,350.0,100.0,1.0,3D休旅車遮陽板                                                    
1120202GF0000001,H7OSARM222Q         ,1.0,300.0,各   ,75.0,300.0,100.0,2.0,H7OSARM大燈燈泡                                                 
1120203GF0000001,U00070              ,1.0,450.0,各   ,250.0,450.0,100.0,4.0,VINA飛航安全帶插扣(1入裝)                                            
1120203GF0000001,KY359FE             ,1.0,300.0,各   ,130.0,300.0,100.0,5.0,KY-359旗桿                                                    
1120203GF0000001,ZEROVRMG16          ,1.0,800.0,支   ,325.0,800.0,100.0,1.0,ZERO矽膠雨刷16吋                                                 
1120203GF0000001,ZEROVRMG26          ,1.0,1000.0,支   ,415.0,1000.0,100.0,2.0,ZERO 26吋矽膠雨刷                                                
1120204GF0000001,TAD030              ,1.0,450.0,條   ,240.0,450.0,100.0,1.0,大吸力速乾纖維布(大)60*[車牌]                                         
1120203GF0000001,3MR1CM              ,1.0,100.0,卷   ,50.0,100.0,100.0,6.0,3M膠*1CM                                                     
1120203GF0000001,AFL5050FH           ,2.0,350.0,條   ,98.2,350.0,100.0,7.0,[車牌]12七彩LED                                             
1120203GF0000001,BW2                 ,1.0,200.0,條   ,90.0,200.0,100.0,8.0,軟條燈                                                         
1120203GF0000001,EY                  ,1.0,100.0,次   ,0.0,100.0,100.0,9.0,工資                                                          
1120206GF0000001,PNSS17              ,1.0,500.0,組   ,280.0,500.0,100.0,3.0,QC4.03.4A 2USB車充                                            
1120204GF0000001,3DZGY2              ,1.0,2200.0,組   ,1300.0,2200.0,100.0,2.0,3138 3D樂活座墊                                                 
1120210GF0000001,05ZCNQFMT           ,1.0,2500.0,組   ,800.0,2500.0,100.0,12.0,05富豪(四片)晴雨窗                                                 
1120206GF0000001,G204GVR             ,1.0,550.0,罐   ,180.0,550.0,100.0,4.0,G204水箱精                                                     
1120206GF0000001,2UFY4.8A            ,1.0,600.0,組   ,290.0,600.0,100.0,1.0,點煙座 4.8A 12V 1+2+1 NIKE                                     
1120206GF0000001,NXUR                ,2.0,70.0,各   ,45.0,70.0,100.0,5.0,三菱油芯                                                        
1120207GF0000001,24VBW2              ,2.0,300.0,條   ,100.0,300.0,100.0,1.0,24V軟條燈                                                      
1120208GF0000001,TVJ1                ,1.0,40.0,條   ,15.0,40.0,100.0,2.0,超纖維布                                                        
1120208GF0000001,6BCA                ,0.5,100.0,包   ,30.0,100.0,100.0,3.0,6入海棉                                                        
1120208GF0000001,VBDVATX-2           ,1.0,200.0,罐   ,65.0,200.0,100.0,4.0,向日葵細目粗蠟二代                                                   
1120210GF0000001,3D1F1               ,1.0,200.0,支   ,110.0,200.0,100.0,13.0,3D補漆筆                                                       
1120210GF0000001,TYPERH7CR2Q         ,1.0,1200.0,組   ,200.0,1200.0,100.0,14.0,TYPE-R H7黃金燈泡                                               
1120210GF0000001,VBDVATX200G         ,1.0,200.0,組   ,38.0,200.0,100.0,15.0,向日葵細目粗蠟 200G                                                
1120210GF0000001,R588DFW5            ,1.0,550.0,組   ,250.0,550.0,100.0,16.0,R588空氣頭枕                                                    
1120210GF0000001,DH1703ZCAY2         ,1.0,750.0,各   ,320.0,750.0,100.0,10.0,DH-1703梨花木坐墊                                                
1120210GF0000001,ZV5G539HNF          ,1.0,3500.0,組   ,1900.0,3500.0,100.0,7.0,發現者F-539測速器                                                 
1120210GF0000001,PNSSUN007           ,1.0,350.0,組   ,90.0,350.0,100.0,8.0,車窗遮陽防蚊罩                                                     
1120210GF0000001,ABTA010A5W          ,1.0,100.0,各   ,150.0,100.0,100.0,5.0,面紙套                                                         
1120210GF0000001,RAV4JGF             ,1.0,1250.0,各   ,750.0,1250.0,100.0,3.0,09RAV4外水切(R)                                                
1120211GF0000001,V37GRR              ,1.0,400.0,組   ,100.0,400.0,100.0,14.0,V37儀表板手機架                                                   
1120211GF0000001,EY                  ,1.0,350.0,次   ,0.0,350.0,100.0,15.0,工資                                                          
1120211GF0000001,G204GVR             ,1.0,500.0,罐   ,180.0,500.0,100.0,12.0,G204水箱精                                                     
1120211GF0000001,HNFVW               ,1.0,350.0,條   ,150.0,350.0,100.0,10.0,測速器線頭                                                       
1120211GF0000001,MP35C1NS13          ,1.0,1200.0,組   ,580.0,1200.0,100.0,8.0,倍思T貓頭S13-快衝音樂撥放器                                            
1120213GF0000001,EY                  ,1.0,300.0,次   ,0.0,300.0,100.0,10.0,工資                                                          
1120211GF0000001,ZJTUA               ,1.0,300.0,罐   ,85.0,300.0,100.0,1.0,防霧除油膜                                                       
1120211GF0000001,SR-348TY            ,1.0,750.0,組   ,510.0,750.0,100.0,2.0,SR-348(6.2A)有線開關+2孔插座                                       
1120211GF0000001,3138CU2             ,1.0,2200.0,組   ,280.0,2200.0,100.0,3.0,3D 3138護腰墊                                                  
1120211GF0000001,RSENC1XWU           ,1.0,250.0,罐   ,95.0,250.0,100.0,4.0,RSEN環保輪胎油                                                   
1120211GF0000001,GHA313VRW           ,1.0,100.0,組   ,90.0,100.0,100.0,5.0,GH-A313 台灣製 富開關電源雪茄投/吊卡                                     
1120211GF0000001,GS2T                ,1.0,550.0,組   ,140.0,550.0,100.0,6.0,KASILHE室內燈 12V12V                                           
1120213GF0000001,YH368FDS2XEN        ,1.0,2299.0,組   ,1550.0,2299.0,100.0,11.0,YH-368全功能電力公司                                               
1120213GF0000001,E01020              ,1.0,20.0,張   ,15.0,20.0,100.0,7.0,EMax貼紙                                                      
1120213GF0000001,UX0GVR              ,1.0,150.0,罐   ,80.0,150.0,100.0,8.0,亞力安水箱精                                                      
1120213GF0000001,F00788              ,1.0,30.0,張   ,20.0,30.0,100.0,5.0,零1000/銀龍貼紙                                                  
1120213GF0000001,EY                  ,1.0,200.0,次   ,0.0,200.0,100.0,3.0,工資                                                          
1120213GF0000001,F00708R             ,1.0,40.0,張   ,20.0,40.0,100.0,1.0,請加柴油/橢圓                                                     
1120214GF0000001,G18.52Q             ,5.0,20.0,各   ,4.0,20.0,100.0,1.0,G18.5燈泡                                                     
1120216GF0000001,DAY2C               ,1.0,1000.0,組   ,520.0,1000.0,100.0,5.0,檜木坐墊(後)                                                     
1120216GF0000001,HY662               ,1.0,1050.0,組   ,520.0,1050.0,100.0,6.0,HY-662簡便連結式椅套                                               
1120216GF0000001,AH59ZVQW            ,1.0,750.0,條   ,340.0,750.0,100.0,7.0,AH-59方向盤套                                                   
1120216GF0000001,ZEROFV1UUR          ,1.0,400.0,罐   ,180.0,400.0,100.0,8.0,ZERO全效保養汽車精[車牌]                                            
1120216GF0000001,RSENT105630         ,1.0,400.0,卡   ,120.0,400.0,100.0,9.0,RSEN T10 5630 10燈                                           
1120216GF0000001,RSENT53SMD          ,1.0,300.0,卡   ,100.0,300.0,100.0,10.0,RSEN T5 3SMD(白)                                             
1120216GF0000001,PNST1070202Q        ,1.0,300.0,組   ,120.0,300.0,100.0,3.0,T10-[車牌]燈泡                                              
1120216GF0000001,V2003G22            ,1.0,400.0,支   ,80.0,400.0,100.0,1.0,V-2003室內鏡                                                   
1120217GF0000001,OB59G1              ,1.0,600.0,組   ,169.0,600.0,100.0,1.0,OB-59門邊飾板                                                   
1120217GF0000001,YH6629              ,1.0,350.0,組   ,130.0,350.0,100.0,2.0,TYPER掛式面紙盒6629                                              
1120217GF0000001,AH59ZVQW            ,1.0,750.0,條   ,340.0,750.0,100.0,3.0,AH-59方向盤套                                                   
1120217GF0000001,24V2V2Q             ,5.0,20.0,各   ,3.5,20.0,100.0,4.0,24V單芯燈泡                                                     
1120217GF0000001,                    ,0.0,0.0,,0.0,0.0,,6.0,
1120218GF0000001,16162T              ,2.0,100.0,各   ,35.0,100.0,100.0,6.0,1616電池                                                      
1120218GF0000001,20322T              ,1.0,100.0,各   ,27.0,100.0,100.0,7.0,2032電池                                                      
1120218GF0000001,EY                  ,1.0,200.0,次   ,0.0,200.0,100.0,8.0,工資                                                          
1120218GF0000001,KY359FE             ,1.0,300.0,各   ,130.0,300.0,100.0,9.0,KY-359旗桿                                                    
1120218GF0000001,ERQ602Q             ,1.0,2300.0,各   ,1750.0,2300.0,100.0,1.0,國際牌60電瓶                                                     
1120218GF0000001,3D1F1               ,1.0,200.0,支   ,110.0,200.0,100.0,2.0,3D補漆筆                                                       
1120218GF0000001,NOIDNRMG14          ,1.0,250.0,支   ,70.0,250.0,100.0,3.0,NOID三節雨刷 14吋                                                
1120218GF0000001,NOIDNRMG24          ,1.0,400.0,支   ,100.0,400.0,100.0,4.0,NOID三節雨刷 24吋                                                
1120220GF0000001,KLLEDRG2            ,1.0,950.0,組   ,480.0,950.0,100.0,5.0,LL-LED警示燈磁吸/閃光警報器/開關12V                                     
1120220GF0000001,GN5V                ,1.0,300.0,罐   ,140.0,300.0,100.0,6.0,雙色之星香水                                                      
1120220GF0000001,FCPUS1UW            ,1.0,3000.0,組   ,1400.0,3000.0,100.0,3.0,99FCOUS專用汽車椅套                                               
1120220GF0000001,GV2Q                ,2.0,10.0,各   ,3.5,10.0,100.0,1.0,雙芯燈泡                                                        
1120221GF0000001,3MR1CM              ,1.0,100.0,卷   ,50.0,100.0,100.0,4.0,3M膠*1CM                                                     
1120221GF0000001,PNSHDF21            ,1.0,350.0,組   ,90.0,350.0,100.0,5.0,儀錶板磁吸手機架-碳纖黑                                                
1120221GF0000001,H500TWGRR           ,1.0,450.0,組   ,180.0,450.0,100.0,6.0,H-500磁鐵手機架                                                  
1120221GF0000001,FA002               ,1.0,200.0,組   ,60.0,200.0,100.0,7.0,椅背掛勾(黑色)                                                    
1120221GF0000001,PNSSW001            ,1.0,490.0,條   ,164.0,490.0,100.0,8.0,黑色真皮方向盤套                                                    
1120221GF0000001,G204GVR             ,1.0,500.0,罐   ,180.0,500.0,100.0,9.0,G204水箱精                                                     
1120221GF0000001,J00341CMG           ,1.0,400.0,支   ,130.0,400.0,100.0,10.0,J0[車牌]後雨刷                                               
1120221GF0000001,SF00112QE2D         ,1.0,100.0,組   ,25.0,100.0,100.0,11.0,SF-0011頂棚通用型固定扣                                             
1120221GF0000001,T09GRR              ,1.0,300.0,組   ,120.0,300.0,100.0,12.0,T09手機出風口手機架                                                 
1120221GF0000001,PNSS27              ,1.0,350.0,組   ,150.0,350.0,100.0,13.0,PNS-S27QC3.0A*2USB車充                                        
1120221GF0000001,PNSE016             ,1.0,350.0,組   ,70.0,350.0,100.0,14.0,TYPE C手機充電線                                                 
1120221GF0000001,H422                ,1.0,300.0,各   ,35.0,300.0,100.0,1.0,H4大燈燈泡 55W                                                  
1120221GF0000001,T10552              ,2.0,100.0,各   ,2.0,100.0,100.0,2.0,T10中炸彈                                                      
1120223GF0000001,MCJVY2              ,1.0,650.0,組   ,340.0,650.0,100.0,3.0,遠紅外線竹炭極品座墊                                                  
1120223GF0000001,1VNV                ,3.0,10.0,各   ,1.0,10.0,100.0,4.0,保險絲(小)                                                      
1120223GF0000001,ZJTUA               ,1.0,300.0,罐   ,85.0,300.0,100.0,1.0,防霧除油膜                                                       
1120224GF0000001,32G                 ,2.0,450.0,各   ,180.0,450.0,100.0,16.0,32G卡片                                                       
1120224GF0000001,EY                  ,1.0,2000.0,次   ,0.0,2000.0,100.0,17.0,工資                                                          
1120224GF0000001,LY601               ,1.0,50.0,組   ,18.0,50.0,100.0,14.0,小圓鏡                                                         
1120224GF0000001,KMWTV               ,1.0,300.0,各   ,40.0,300.0,100.0,12.0,鱷魚頭出線                                                       
1120224GF0000001,A095                ,1.0,550.0,條   ,100.0,550.0,100.0,10.0,A095方向盤套                                                    
1120227GF0000001,ZERO14VRMG          ,1.0,700.0,支   ,290.0,700.0,100.0,7.0,ZERO矽膠雨刷14吋                                                 
1120227GF0000001,ZEROVRMG24          ,1.0,1000.0,支   ,415.0,1000.0,100.0,8.0,ZERO矽膠雨刷24吋                                                 
1120227GF0000001,32G                 ,1.0,500.0,各   ,180.0,500.0,100.0,9.0,32G卡片                                                       
1120227GF0000001,PNSSUN007           ,1.0,350.0,組   ,90.0,350.0,100.0,10.0,車窗遮陽防蚊罩                                                     
1120224GF0000001,NOIDNRMG24          ,1.0,400.0,支   ,100.0,400.0,100.0,3.0,NOID三節雨刷 24吋                                                
1120224GF0000001,VA051014HCMG        ,1.0,600.0,支   ,225.0,600.0,100.0,4.0,VA-0510 14吋後雨刷                                              
1120224GF0000001,H11OSARM2Q          ,1.0,500.0,各   ,120.0,500.0,100.0,5.0,H11 OSARM燈泡                                                 
1120224GF0000001,PNSHDF24            ,1.0,450.0,組   ,120.0,450.0,100.0,6.0,出風口夾式手機架-是用大部份圓形                                            
1120224GF0000001,SP5083FY            ,1.0,150.0,組   ,65.0,150.0,100.0,7.0,SP-5083S充氣口氣嘴                                               
1120224GF0000001,ERC2XZVQU           ,1.0,150.0,罐   ,70.0,150.0,100.0,8.0,ERC進口動力方向盤油                                                 
1120224GF0000001,TYLEDUCE            ,1.0,250.0,組   ,80.0,250.0,100.0,1.0,車載LED菸灰缸                                                    
1120227GF0000001,H355W2Q             ,1.0,100.0,各   ,28.0,100.0,100.0,5.0,H3 55W燈泡                                                    
1120227GF0000001,GN335VXRJY          ,1.0,600.0,組   ,150.0,600.0,100.0,3.0,GN-335行李架網子                                                 
1120227GF0000001,RSENT105630         ,1.0,400.0,卡   ,120.0,400.0,100.0,1.0,RSEN T10 5630 10燈                                           
1120228GF0000001,3D1F1               ,1.0,250.0,支   ,110.0,250.0,100.0,5.0,3D補漆筆                                                       
1120228GF0000001,VAX                 ,6.0,20.0,組   ,1.0,20.0,100.0,6.0,小米粒燈泡                                                       
1120228GF0000001,AH59ZVQW            ,1.0,750.0,條   ,340.0,750.0,100.0,3.0,AH-59方向盤套                                                   
1120228GF0000001,AFL283578           ,2.0,500.0,組   ,81.8,500.0,100.0,7.0,軟條燈2835-78LED                                               
1120228GF0000001,S27CTYZ1VNY         ,1.0,100.0,組   ,55.0,100.0,100.0,8.0,S27C插式附(管式含10A)保險絲座                                         
1120228GF0000001,ZJTUA               ,1.0,300.0,罐   ,85.0,300.0,100.0,1.0,防霧除油膜                                                       
1120228GF0000001,S28WGDE             ,1.0,150.0,組   ,40.0,150.0,100.0,10.0,S-28貼式二段開關                                                  
1120301GF0000001,2013EAXXN           ,1.0,2500.0,組   ,1300.0,2500.0,100.0,3.0,2013冠美麗蕾絲                                                   
1120301GF0000001,P16X5XN             ,2.0,200.0,卡   ,66.0,200.0,100.0,4.0,P16 六爪螺絲                                                    
1120301GF0000001,J00352CMG           ,1.0,400.0,支   ,140.0,400.0,100.0,5.0,J0[車牌]4後雨刷                                              
1120301GF0000001,GN777R5QD           ,1.0,500.0,組   ,220.0,500.0,100.0,1.0,GN-777精緻牌框                                                  
1120302GF0000001,ECC9922TBCR         ,1.0,150.0,罐   ,65.0,150.0,100.0,1.0,ECC-992防鏽潤滑劑                                                
1120302GF0000001,LP081UCE            ,1.0,250.0,各   ,80.0,250.0,100.0,2.0,LP-081煙灰缸                                                   
1120302GF0000001,GN5400FCW           ,1.0,200.0,組   ,78.0,200.0,100.0,3.0,GN-540安全護套                                                  
1120307GF0000001,N1EFWZ1TR           ,1.0,350.0,各   ,150.0,350.0,100.0,1.0,傘兵鋼圈鐵粉拔除劑                                                   
1120307GF0000001,EY                  ,1.0,1100.0,次   ,0.0,1100.0,100.0,2.0,工資                                                          
1120307GF0000001,R588DFW5            ,1.0,650.0,組   ,250.0,650.0,100.0,3.0,R588空氣頭枕                                                    
1120307GF0000001,T105630MU           ,1.0,550.0,組   ,180.0,550.0,100.0,4.0,T10 [車牌]插式12/24                                         
1120302GF0000001,EY                  ,1.0,300.0,次   ,0.0,300.0,100.0,4.0,工資                                                          
1120302GF0000001,TAA086              ,1.0,300.0,組   ,120.0,300.0,100.0,5.0,鋁合金空中救援香水                                                   
1120303GF0000001,GN119WFQW2L         ,1.0,500.0,條   ,148.0,500.0,100.0,5.0,GN-119透氣方向盤套 2L                                             
1120303GF0000001,TAD029              ,1.0,450.0,條   ,160.0,450.0,100.0,6.0,大吸力速桿纖維布(中)60*90cm                                          
1120303GF0000001,2UFY4.8A            ,1.0,650.0,組   ,290.0,650.0,100.0,7.0,點煙座 4.8A 12V 1+2+1 NIKE                                     
1120303GF0000001,GV2Q                ,2.0,10.0,各   ,3.5,10.0,100.0,3.0,雙芯燈泡                                                        
1120303GF0000001,OBT2FHWWVGF         ,1.0,3000.0,組   ,1000.0,3000.0,100.0,1.0,OBT抬頭顯示器(七彩)                                                
1120304GF0000001,12FVRU5XR           ,1.0,500.0,罐   ,120.0,500.0,100.0,5.0,八大全效機油精                                                     
1120304GF0000001,CHEERS1540RU        ,2.0,350.0,罐   ,104.3,350.0,100.0,6.0,CHEERS 15/40機油                                              
1120304GF0000001,T10552              ,7.0,10.0,各   ,2.0,10.0,100.0,1.0,T10中炸彈                                                      
1120304GF0000001,T202VCQ             ,1.0,100.0,各   ,15.0,100.0,100.0,2.0,T20單芯琥珀                                                     
1120304GF0000001,T20GV2Q             ,1.0,70.0,各   ,16.0,70.0,100.0,3.0,T20雙芯燈泡                                                     
1120304GF0000001,RSENT104RQ          ,1.0,250.0,卡   ,80.0,250.0,100.0,7.0,RSEN T10 4晶                                                 
1120304GF0000001,RT7A2Q              ,1.0,900.0,各   ,600.0,900.0,100.0,8.0,機車7A電瓶                                                      
1120306GF0000001,GV2Q                ,1.0,10.0,各   ,3.5,10.0,100.0,1.0,雙芯燈泡                                                        
1120308GF0000001,3DVXT5U1            ,1.0,350.0,各   ,150.0,350.0,100.0,1.0,3D休旅車遮陽板                                                    
1120309GF0000001,TYPERH4CR           ,1.0,1000.0,組   ,170.0,1000.0,100.0,1.0,TYPE-R H4黃金燈泡                                               
1120309GF0000001,NO95RCVG            ,1.0,300.0,各   ,145.0,300.0,100.0,2.0,NO-95金幻香水                                                   
1120310GF0000001,RT7A2Q              ,1.0,850.0,各   ,600.0,850.0,100.0,1.0,機車7A電瓶                                                      
1120311GF0000001,ZEROVRMG24          ,1.0,1100.0,支   ,415.0,1100.0,100.0,3.0,ZERO矽膠雨刷24吋                                                 
1120311GF0000001,ZERO14VRMG          ,1.0,780.0,支   ,290.0,780.0,100.0,4.0,ZERO矽膠雨刷14吋                                                 
1120311GF0000001,J00357              ,1.0,700.0,支   ,130.0,700.0,100.0,5.0,J00357後雨刷LUXGUN-U7                                          
1120311GF0000001,                    ,0.0,0.0,,0.0,0.0,,12.0,
1120311GF0000001,NO217VG             ,1.0,200.0,各   ,55.0,200.0,100.0,6.0,NO-217香水                                                    
1120311GF0000001,ZEROVRMG16          ,1.0,800.0,支   ,325.0,800.0,100.0,7.0,ZERO矽膠雨刷16吋                                                 
1120311GF0000001,ZEROVRMG18          ,1.0,800.0,支   ,325.0,800.0,100.0,8.0,ZERO矽膠雨刷18吋                                                 
1120311GF0000001,V2003G22            ,1.0,450.0,支   ,80.0,450.0,100.0,10.0,V-2003室內鏡                                                   
1120311GF0000001,08AY23TA1E2         ,1.0,599.0,組   ,210.0,599.0,100.0,1.0,08馬自達3長毛避光墊                                                 
1120313GF0000001,GN5V                ,1.0,350.0,罐   ,140.0,350.0,100.0,10.0,雙色之星香水                                                      
1120313GF0000001,HY662               ,2.0,1000.0,組   ,520.0,1000.0,100.0,11.0,HY-662簡便連結式椅套                                               
1120313GF0000001,NOIDNRMG20          ,1.0,300.0,組   ,100.0,300.0,100.0,12.0,NOID三節雨刷 20吋                                                
1120313GF0000001,NOIDNRMG22          ,1.0,300.0,支   ,100.0,300.0,100.0,13.0,NOID三節雨刷 22吋                                                
1120313GF0000001,EVEW2               ,1.0,600.0,組   ,260.0,600.0,100.0,14.0,EVE踏墊                                                       
1120313GF0000001,SR-348TY            ,1.0,800.0,組   ,510.0,800.0,100.0,6.0,SR-348(6.2A)有線開關+2孔插座                                       
1120313GF0000001,3D1F1               ,1.0,200.0,支   ,110.0,200.0,100.0,7.0,3D補漆筆                                                       
1120313GF0000001,RSENMGR             ,1.0,200.0,罐   ,70.0,200.0,100.0,8.0,RSEN雨刷精                                                     
1120313GF0000001,4TFR2               ,1.0,1250.0,各   ,640.0,1250.0,100.0,1.0,4T千斤頂                                                       
1120313GF0000001,EY                  ,1.0,250.0,次   ,0.0,250.0,100.0,2.0,工資                                                          
1120313GF0000001,XFXJALTIS           ,1.0,450.0,各   ,120.0,450.0,100.0,3.0,冷氣濾01-07ALTIS                                               
1120313GF0000001,GARMINVQ2Y          ,1.0,450.0,各   ,62.0,450.0,100.0,4.0,GARMIN吸盤底座                                                  
1120314GF0000001,EY                  ,1.0,500.0,次   ,0.0,500.0,100.0,8.0,工資                                                          
1120314GF0000001,ZEROFV1UUR          ,1.0,400.0,罐   ,180.0,400.0,100.0,9.0,ZERO全效保養汽車精[車牌]                                            
1120314GF0000001,FA002               ,1.0,200.0,組   ,60.0,200.0,100.0,3.0,椅背掛勾(黑色)                                                    
1120314GF0000001,ZV5F53HNF           ,1.0,8000.0,組   ,4300.0,8000.0,100.0,4.0,發現者F-53全頻測速器                                                
1120314GF0000001,VBDXEX              ,1.0,100.0,罐   ,55.0,100.0,100.0,5.0,向日葵橘油亮光蠟  [車牌]                                             
1120314GF0000001,ACP300XR            ,1.0,400.0,各   ,250.0,400.0,100.0,6.0,ACP-300藍鏡                                                   
1120314GF0000001,S27CTYZ1VNY         ,1.0,500.0,組   ,55.0,500.0,100.0,1.0,S27C插式附(管式含10A)保險絲座                                         
1120314GF0000001,ABTA010A5W          ,2.0,280.0,各   ,180.0,280.0,100.0,10.0,面紙套                                                         
1120315GF0000001,3D1F1               ,2.0,250.0,支   ,110.0,250.0,100.0,1.0,3D補漆筆                                                       
1120315GF0000001,H7OSARM222Q         ,1.0,400.0,各   ,75.0,400.0,100.0,2.0,H7OSARM大燈燈泡                                                 
1120316GF0000001,VBD1WFRR            ,1.0,200.0,罐   ,38.0,200.0,100.0,1.0,向日葵白鐵亮光清潔劑                                                  
1120316GF0000001,RSENUG24HMG         ,1.0,300.0,支   ,100.0,300.0,100.0,2.0,RSEN硬式雨刷 24吋                                                
1120316GF0000001,POSEN16H            ,0.5,300.0,組   ,70.0,300.0,100.0,3.0,POSEN 16吋雨刷                                                 
1120316GF0000001,04WISHFMT           ,1.0,500.0,組   ,170.0,500.0,100.0,4.0,04WISH晴雨窗                                                   
1120317GF0000001,ZEROVRMG18          ,2.0,750.0,支   ,325.0,750.0,100.0,1.0,ZERO矽膠雨刷18吋                                                 
1120318GF0000001,T10552              ,3.0,10.0,各   ,2.0,10.0,100.0,1.0,T10中炸彈                                                      
1120318GF0000001,PREVIAFXTTX         ,1.0,2500.0,組   ,1750.0,2500.0,100.0,2.0,PREVIA(前兩窗)專用窗簾                                             
1120318GF0000002,2V2Q                ,2.0,10.0,各   ,3.0,10.0,100.0,1.0,單芯燈泡                                                        
1120318GF0000002,PNSHDS01RTGRR       ,1.0,400.0,各   ,180.0,400.0,100.0,2.0,PNS HDS01機車手機架                                              
1120320GF0000001,VIOS5MW2            ,1.0,800.0,組   ,300.0,800.0,100.0,1.0,VIOS專用踏墊                                                    
1120321GF0000001,RT73A2Q             ,1.0,1200.0,組   ,850.0,1200.0,100.0,1.0,GS 12N 7A3A電瓶                                               
1120322GF0000001,DEW32               ,1.0,100.0,各   ,25.0,100.0,100.0,6.0,鐵桿３段式開關                                                     
1120322GF0000001,DAY2F               ,1.0,1300.0,各   ,700.0,1300.0,100.0,7.0,檜木座墊(前)                                                     
1120322GF0000001,2QG                 ,2.0,35.0,罐   ,15.0,35.0,100.0,4.0,電瓶水                                                         
1120322GF0000001,LD4VTRXF            ,1.0,2999.0,組   ,1300.0,2999.0,100.0,8.0,LD-4行車紀錄器                                                   
1120322GF0000001,TAA091              ,1.0,750.0,組   ,260.0,750.0,100.0,2.0,後車廂防碰護條-防護大師                                                
1120324GF0000001,NOID24GS2           ,1.0,450.0,組   ,200.0,450.0,100.0,1.0,NOID-01 24SMD室內燈                                            
1120324GF0000001,PNS07HD69           ,1.0,300.0,組   ,100.0,300.0,100.0,2.0,9吋手機平板架                                                     
1120325GF0000001,ZJTUA               ,1.0,300.0,罐   ,85.0,300.0,100.0,1.0,防霧除油膜                                                       
1120325GF0000001,NOIDNRMG14          ,1.0,250.0,支   ,70.0,250.0,100.0,3.0,NOID三節雨刷 14吋                                                
1120325GF0000001,NOIDNRMG26          ,1.0,450.0,支   ,100.0,450.0,100.0,4.0,NOID三節雨刷 26吋                                                
1120327GF0000001,DNE2R               ,1.0,300.0,組   ,0.0,300.0,100.0,8.0,快鎖固定夾                                                       
1120327GF0000001,RET5                ,1.0,750.0,各   ,350.0,750.0,100.0,9.0,佳固車罩                                                        
1120327GF0000001,POSEN18H            ,0.5,400.0,組   ,60.0,400.0,100.0,5.0,POSEN 18吋雨刷                                                 
1120327GF0000001,POSEN20H            ,0.5,400.0,組   ,70.0,400.0,100.0,6.0,POSEN 20吋雨刷                                                 
1120327GF0000001,WF55D23L2Q          ,1.0,2300.0,各   ,1850.0,2300.0,100.0,3.0,湯淺55D23電瓶                                                   
1120328GF0000001,ZEROFV1UUR          ,1.0,400.0,罐   ,180.0,400.0,100.0,6.0,ZERO全效保養汽車精[車牌]                                            
1120328GF0000001,H7OSARM222Q         ,2.0,350.0,各   ,75.0,350.0,100.0,7.0,H7PHILIPS黃金燈泡                                               
1120327GF0000001,VXTX15U             ,1.0,150.0,組   ,55.0,150.0,100.0,1.0,休旅車鋁箔遮陽                                                     
1120328GF0000001,H422                ,1.0,150.0,各   ,35.0,150.0,100.0,1.0,H4大燈燈泡 55W                                                  
1120328GF0000001,DAY2F               ,1.0,1200.0,各   ,700.0,1200.0,100.0,2.0,檜木座墊(前)                                                     
1120328GF0000001,RSEN56ZVQW          ,1.0,600.0,條   ,250.0,600.0,100.0,3.0,RSEN-56牛皮方向盤套(黑紅)                                           
1120328GF0000001,CARMATGTU2          ,1.0,350.0,罐   ,120.0,350.0,100.0,4.0,CARMAT煞車油(大)                                                
1120330GF0000001,T105630MU           ,1.0,500.0,組   ,180.0,500.0,100.0,3.0,T10 [車牌]插式12/24                                         
1120330GF0000001,2XAX                ,1.0,250.0,各   ,120.0,250.0,100.0,4.0,打蠟棉輪                                                        
1120330GF0000001,6H2XAW              ,1.0,150.0,組   ,55.0,150.0,100.0,5.0,6吋打蠟棉套                                                      
1120331GF0000001,ABTE072VVZVTF       ,1.0,1000.0,組   ,450.0,1000.0,100.0,1.0,ABT-E072小旋風手持無限吸塵器                                          
1120331GF0000001,16322T              ,1.0,100.0,各   ,25.0,100.0,100.0,2.0,1632電池                                                      
1120331GF0000001,C55AWFTR            ,1.0,300.0,組   ,128.0,300.0,100.0,3.0,黑珍珠毛毯清潔劑                                                    
1120401GF0000001,ZEROVRMG22G         ,1.0,950.0,支   ,350.0,950.0,100.0,3.0,ZERO矽膠雨刷22吋                                                 
1120401GF0000001,ZJTUA               ,1.0,300.0,罐   ,85.0,300.0,100.0,4.0,防霧除油膜                                                       
1120401GF0000001,H4OSRAM2Q           ,1.0,400.0,各   ,48.0,400.0,100.0,1.0,H4 OSRAM燈泡                                                  
1120403GF0000001,KNOSR               ,1.0,600.0,片   ,350.0,600.0,100.0,1.0,KNOS鏡                                                       
1120404GF0000001,TW123GAVTW          ,2.0,200.0,組   ,90.0,200.0,100.0,3.0,TW-123雙面洗車套                                                 
1120404GF0000001,ABROZVQU            ,1.0,200.0,罐   ,100.0,200.0,100.0,4.0,ABRO方向盤油(含止漏)                                               
1120404GF0000001,PNSJW220R2UG        ,1.0,200.0,各   ,70.0,200.0,100.0,1.0,PNS-JW220靜電鑰匙                                               
1120404GF0000001,G185630             ,1.0,550.0,卡   ,230.0,550.0,100.0,5.0,G18-魚眼5630-10顆 白光 2入                                        
1120406GF0000001,2GE                 ,1.0,999.0,組   ,400.0,999.0,100.0,1.0,大聲公(918)                                                    
1120407GF0000001,NB1040              ,1.0,500.0,罐   ,200.0,500.0,100.0,1.0,NB 10/40機油                                                  
1120407GF0000001,3D1F1               ,2.0,200.0,支   ,110.0,200.0,100.0,2.0,3D補漆筆                                                       
1120408GF0000001,MCJVY2              ,1.0,750.0,組   ,350.0,750.0,100.0,8.0,遠紅外線竹炭極品座墊                                                  
1120408GF0000001,SAXO1040            ,1.0,400.0,罐   ,120.0,400.0,100.0,9.0,SAXO 10W/40機油                                               
1120408GF0000001,FT1CWJE             ,1.0,350.0,組   ,113.0,350.0,100.0,5.0,汽車保護貼碗公                                                     
1120408GF0000001,EY                  ,1.0,500.0,次   ,0.0,500.0,100.0,6.0,工資                                                          
1120408GF0000001,HJX030GSR           ,1.0,380.0,組   ,120.0,380.0,100.0,3.0,HJX-030清鏡室內鏡                                                
1120408GF0000001,VTRXFCGRV           ,1.0,400.0,組   ,150.0,400.0,100.0,1.0,後視鏡行車紀錄器架                                                   
1120408GF0000001,GRGS2               ,1.0,10.0,各   ,2.0,10.0,100.0,10.0,雙尖室內燈                                                       
1120410GF0000001,PNSTL4030           ,2.0,100.0,條   ,20.0,100.0,100.0,1.0,超細高密度珊瑚絨毛巾-雙色毛巾                                             
1120411GF0000001,GRGS2               ,2.0,10.0,各   ,2.0,10.0,100.0,4.0,雙尖室內燈                                                       
1120411GF0000001,P210GVR             ,1.0,300.0,罐   ,100.0,300.0,100.0,5.0,P-210水箱精                                                    
1120411GF0000001,HY662               ,2.0,1098.0,組   ,520.0,1098.0,100.0,1.0,HY-662簡便連結式椅套                                               
1120411GF0000001,EY                  ,1.0,2000.0,次   ,0.0,2000.0,100.0,2.0,工資                                                          
1120412GF0000001,RSEND28000K         ,2.0,1000.0,各   ,250.0,1000.0,100.0,1.0,RSEN D2 8000K燈泡                                             
1120413GF0000001,3D1F1               ,1.0,200.0,支   ,110.0,200.0,100.0,6.0,3D補漆筆                                                       
1120413GF0000001,GARMINVQR           ,1.0,350.0,各   ,0.0,350.0,100.0,7.0,GARMIN吸盤架                                                   
1120413GF0000001,CWTGXCMR            ,1.0,300.0,罐   ,100.0,300.0,100.0,4.0,黑頭車朔料還原劑                                                    
1120413GF0000001,UZ2ES5JR            ,1.0,300.0,組   ,80.0,300.0,100.0,1.0,椅縫多功能飲料置物架                                                  
1120413GF0000001,ZERO14VRMG          ,1.0,700.0,支   ,290.0,700.0,100.0,2.0,ZERO矽膠雨刷14吋                                                 
1120413GF0000001,ZEROVRMG24          ,1.0,0.0,支   ,415.0,0.0,100.0,3.0,ZERO矽膠雨刷24吋                                                 
1120414GF0000001,1MT5XXL             ,1.0,3200.0,組   ,1650.0,3200.0,100.0,6.0,白雲車罩-XXL                                                    
1120502GF0000001,PNSFB003            ,1.0,1199.0,各   ,650.0,1199.0,100.0,1.0,磁吸面紙盒-碳纖維款                                                  
1120502GF0000001,PNSE011             ,1.0,250.0,組   ,70.0,250.0,100.0,2.0,安著手機充電線                                                     
1120503GF0000001,32G                 ,1.0,450.0,各   ,180.0,450.0,100.0,9.0,32G卡片                                                       
1120503GF0000001,PNSPKM03            ,1.0,350.0,組   ,100.0,350.0,100.0,10.0,機車專用手機架4.5-5.5吋                                             
1120503GF0000001,2TFW                ,6.0,100.0,各   ,50.0,100.0,100.0,7.0,電池鉛頭                                                        
1120503GF0000001,KNOSR               ,1.0,600.0,片   ,350.0,600.0,100.0,5.0,KNOS鏡                                                       
1120503GF0000001,F00708R             ,1.0,40.0,張   ,20.0,40.0,100.0,3.0,請加柴油/橢圓                                                     
1120503GF0000001,6606XCRVXR          ,1.0,4000.0,組   ,2200.0,4000.0,100.0,1.0,6606鋁合金行李架                                                  
1120504GF0000001,T20GV2Q             ,1.0,80.0,各   ,16.0,80.0,100.0,1.0,T20雙芯燈泡                                                     
1120504GF0000001,G18.52Q             ,1.0,20.0,各   ,4.0,20.0,100.0,2.0,G18.5燈泡                                                     
1120505GF0000001,T10552              ,2.0,10.0,各   ,2.0,10.0,100.0,1.0,T10中炸彈                                                      
1120505GF0000001,ERQ602Q             ,1.0,2800.0,各   ,1750.0,2800.0,100.0,2.0,國際牌60電瓶                                                     
1120505GF0000001,J2WV2               ,1.0,300.0,組   ,100.0,300.0,100.0,5.0,屋頂天線(短)                                                     
1120505GF0000001,NOIDNRMG16          ,1.0,250.0,支   ,100.0,250.0,100.0,6.0,NOID三節雨刷 16吋                                                
1120505GF0000001,NOIDNRMG26          ,1.0,450.0,支   ,100.0,450.0,100.0,7.0,NOID三節雨刷 26吋                                                
1120414GF0000001,YI280ZVR            ,1.0,450.0,組   ,160.0,450.0,100.0,7.0,YI-280光學UV防眩鏡                                               
1120414GF0000001,EY                  ,1.0,1000.0,次   ,0.0,1000.0,100.0,8.0,工資                                                          
1120414GF0000001,VBDXWG              ,1.0,300.0,各   ,120.0,300.0,100.0,9.0,向日葵輪胎刷                                                      
1120414GF0000001,ZXR                 ,1.0,150.0,罐   ,73.0,150.0,100.0,10.0,防落膠                                                         
1120414GF0000001,SENFINCEOXFZVFRR    ,1.0,700.0,罐   ,350.0,700.0,100.0,4.0,西德SENFINCEO冷氣風箱清潔劑                                          
1120414GF0000001,H7OSARM222Q         ,1.0,400.0,各   ,180.0,400.0,100.0,1.0,H7PHILIPS黃金燈泡                                               
1120414GF0000001,FA002               ,1.0,200.0,組   ,60.0,200.0,100.0,2.0,椅背掛勾(黑色)                                                    
1120417GF0000001,VBDC1MGR2000ML      ,1.0,300.0,罐   ,85.0,300.0,100.0,1.0,向日葵雨刷精[車牌]                                                
1120417GF0000001,ABROTA1CQX          ,1.0,350.0,罐   ,130.0,350.0,100.0,2.0,ABRO車身保護噴蠟                                                  
1120417GF0000001,2V2Q                ,2.0,10.0,各   ,4.5,10.0,100.0,3.0,單芯燈泡                                                        
1120420GF0000001,T10552              ,2.0,10.0,各   ,2.0,10.0,100.0,9.0,T10中炸彈                                                      
1120420GF0000001,VTRXFCGRV           ,1.0,250.0,組   ,150.0,250.0,100.0,10.0,後視鏡行車紀錄器架                                                   
1120420GF0000001,FA002               ,1.0,200.0,組   ,60.0,200.0,100.0,11.0,椅背掛勾(黑色)                                                    
1120420GF0000001,Z8RTVTRXF           ,1.0,3000.0,組   ,2100.0,3000.0,100.0,12.0,Z8機車行車記錄器                                                   
1120420GF0000001,NB1040              ,1.0,500.0,罐   ,200.0,500.0,100.0,13.0,NB 10/40機油                                                  
1120420GF0000001,1VNY                ,5.0,10.0,各   ,100.0,10.0,100.0,14.0,圓保險絲座                                                       
1120420GF0000001,2UFY4.8A            ,1.0,650.0,組   ,290.0,650.0,100.0,15.0,點煙座 4.8A 12V 1+2+1 NIKE                                     
1120420GF0000001,NOIDNRMG16          ,1.0,250.0,支   ,100.0,250.0,100.0,16.0,NOID三節雨刷 16吋                                                
1120420GF0000001,NOIDNRMG20          ,1.0,250.0,組   ,100.0,250.0,100.0,17.0,NOID三節雨刷 20吋                                                
1120420GF0000001,3D3138CU2           ,1.0,550.0,各   ,450.0,550.0,100.0,4.0,3138舒壓座墊                                                    
1120420GF0000001,GV2Q                ,1.0,100.0,各   ,3.5,100.0,100.0,6.0,雙芯燈泡                                                        
1120420GF0000001,GV2Y                ,1.0,200.0,各   ,15.0,200.0,100.0,7.0,雙芯燈座                                                        
1120420GF0000001,T07GRR              ,1.0,300.0,組   ,130.0,300.0,100.0,2.0,T07手機架                                                      
1120421GF0000001,TYPERH4CR           ,2.0,800.0,組   ,200.0,800.0,100.0,3.0,TYPE-R H4黃金燈泡                                               
1120421GF0000001,WF55D23L2Q          ,1.0,2400.0,各   ,1850.0,2400.0,100.0,4.0,湯淺55D23電瓶                                                   
1120421GF0000001,GV2Q                ,1.0,10.0,各   ,3.5,10.0,100.0,1.0,雙芯燈泡                                                        
1120422GF0000001,TYPERH11CR2Q        ,1.0,1000.0,組   ,200.0,1000.0,100.0,5.0,TYPE-R H11黃金燈泡                                              
1120422GF0000001,AH59ZVQW            ,1.0,700.0,條   ,340.0,700.0,100.0,6.0,AH-59方向盤套                                                   
1120422GF0000001,PNSTL4030           ,2.0,100.0,條   ,20.0,100.0,100.0,1.0,超細高密度珊瑚絨毛巾-雙色毛巾                                             
1120422GF0000001,8YCA                ,1.0,75.0,各   ,30.0,75.0,100.0,2.0,8字海棉                                                        
1120422GF0000001,3MWAGAR             ,1.0,250.0,捲   ,130.0,250.0,100.0,3.0,3M 透明壓克力雙面膠2CM*1CM*3M                                       
1120425GF0000001,AY25FMT             ,1.0,600.0,組   ,250.0,600.0,100.0,1.0,馬自達5晴雨窗                                                     
1120427GF0000001,T10552              ,1.0,10.0,各   ,2.0,10.0,100.0,1.0,T10中炸彈                                                      
1120427GF0000001,A094                ,1.0,500.0,條   ,100.0,500.0,100.0,2.0,A094方向盤套                                                    
1120427GF0000001,VYRXFVQ             ,1.0,350.0,各   ,120.0,350.0,100.0,3.0,行車記錄器吸盤                                                     
1120428GF0000001,H1135W22Q           ,1.0,250.0,各   ,90.0,250.0,100.0,1.0,H11 55W 燈泡                                                  
1120428GF0000001,FCOUSUV             ,1.0,200.0,各   ,100.0,200.0,100.0,2.0,FCOUS油芯                                                     
1120428GF0000001,ZWUV                ,2.0,80.0,各   ,50.0,80.0,100.0,3.0,豐田油芯                                                        
1120428GF0000001,SD2505TMU1GD        ,1.0,150.0,組   ,50.0,150.0,100.0,4.0,SD-2505車用椅背雙勾                                               
1120428GF0000001,3D1F1               ,1.0,250.0,支   ,110.0,250.0,100.0,5.0,3D補漆筆                                                       
1120428GF0000001,VBDVATX-2           ,1.0,200.0,罐   ,65.0,200.0,100.0,6.0,向日葵細目粗蠟二代                                                   
1120428GF0000001,6BCA                ,0.5,100.0,包   ,30.0,100.0,100.0,7.0,6入海棉                                                        
1120428GF0000001,V37GRR              ,1.0,400.0,組   ,100.0,400.0,100.0,8.0,V37儀表板手機架                                                   
1120428GF0000001,1VNV                ,2.0,10.0,各   ,2.0,10.0,100.0,9.0,保險絲(小)                                                      
1120428GF0000001,NOIDNRMG22          ,1.0,350.0,支   ,100.0,350.0,100.0,10.0,NOID三節雨刷 22吋                                                
1120428GF0000001,NOIDNRMG24          ,1.0,400.0,支   ,100.0,400.0,100.0,11.0,NOID三節雨刷 24吋                                                
1120428GF0000001,EY                  ,1.0,450.0,次   ,0.0,450.0,100.0,12.0,工資                                                          
1120506GF0000001,V2STAEFTA1E2        ,1.0,600.0,組   ,300.0,600.0,100.0,4.0,現代 STAEF長毛避光墊                                               
1120506GF0000001,T10CN               ,1.0,200.0,卡   ,80.0,200.0,100.0,5.0,T10黃色                                                       
1120506GF0000001,2VCQ2Q              ,1.0,100.0,各   ,5.0,100.0,100.0,6.0,單芯琥珀燈泡                                                      
1120506GF0000001,RS-06FY             ,1.0,150.0,各   ,75.0,150.0,100.0,2.0,RS-06氣嘴                                                     
1120506GF0000001,PNSHD97             ,1.0,450.0,組   ,120.0,450.0,100.0,9.0,車內後視鏡手機架                                                    
1120506GF0000001,NO167VG             ,1.0,150.0,各   ,55.0,150.0,100.0,10.0,NO167單晶冷氣香水                                                 
1120506GF0000001,VBDQEYB1UR          ,1.0,300.0,罐   ,120.0,300.0,100.0,11.0,向日葵皮革滋潤保養液                                                  
1120508GF0000002,GN5V                ,1.0,350.0,罐   ,140.0,350.0,100.0,1.0,雙色之星香水                                                      
1120508GF0000002,ZJTUA               ,1.0,300.0,罐   ,85.0,300.0,100.0,2.0,防霧除油膜                                                       
1120508GF0000002,08ALTISXFXJ         ,1.0,450.0,各   ,120.0,450.0,100.0,3.0,08ALTIS冷氣濾網                                                 
1120509GF0000001,32G                 ,1.0,450.0,各   ,180.0,450.0,100.0,1.0,32G卡片                                                       
1120509GF0000001,2TVUSD              ,1.0,1500.0,組   ,450.0,1500.0,100.0,2.0,倒車顯影(內砍)                                                    
1120509GF0000001,                    ,0.0,0.0,,0.0,0.0,,3.0,
1120510GF0000001,50AP1VN             ,1.0,100.0,各   ,50.0,100.0,100.0,1.0,50A保險絲                                                      
1120511GF0000001,GN007J2WV           ,1.0,300.0,隻   ,75.0,300.0,100.0,3.0,GN-007屋頂天線                                                  
1120511GF0000001,EY                  ,1.0,300.0,次   ,0.0,300.0,100.0,4.0,工資                                                          
1120511GF0000001,KMWTV               ,1.0,200.0,各   ,40.0,200.0,100.0,5.0,鱷魚頭出線                                                       
1120511GF0000001,ZW                  ,1.0,2100.0,次   ,0.0,2100.0,100.0,1.0,廢鐵                                                          
1120512GF0000001,08RAV4QCE           ,1.0,4500.0,組   ,2900.0,4500.0,100.0,1.0,08RAV4 平衡桿                                                  
1120512GF0000001,H11OSARM2Q          ,1.0,400.0,各   ,120.0,400.0,100.0,2.0,H11 OSARM燈泡                                                 
1120513GF0000001,SENFINCEODFFRR      ,1.0,1000.0,罐   ,180.0,1000.0,100.0,1.0,西德SENFINCEO空氣清潔劑9980                                        
1120513GF0000001,YH368FDS2XEN        ,1.0,2299.0,組   ,1550.0,2299.0,100.0,2.0,YH-368全功能電力公司                                               
1120513GF0000001,H00867              ,2.0,60.0,張   ,30.0,60.0,100.0,3.0,零1000(11*15CM)貼紙                                            
1120515GF0000001,PNSHDS01RTGRR       ,1.0,450.0,各   ,180.0,450.0,100.0,1.0,PNS HDS01機車手機架                                              
1120516GF0000001,DP009Z22TWW         ,1.0,450.0,組   ,180.0,450.0,100.0,3.0,防盜節能電池銅頭(負電斷電器)                                             
1120516GF0000001,RSENT104014242      ,1.0,500.0,組   ,160.0,500.0,100.0,4.0,RSEN T10 4014 24燈                                           
1120516GF0000001,RSENT105630         ,1.0,450.0,卡   ,120.0,450.0,100.0,5.0,RSEN T10 5630 10燈                                           
1120516GF0000001,LY501FY             ,1.0,150.0,組   ,75.0,150.0,100.0,1.0,LY-501氣嘴                                                    
1120517GF0000001,PNSSC002            ,1.0,400.0,組   ,160.0,400.0,100.0,8.0,雙層3D蜂巢椅座墊-冰涼氣墊                                              
1120517GF0000001,52R                 ,2.0,500.0,各   ,200.0,500.0,100.0,9.0,照地鏡 6吋附桿                                                    
1120517GF0000001,3D1F1               ,1.0,200.0,支   ,90.0,200.0,100.0,6.0,3D補漆筆                                                       
1120517GF0000001,RSENMGR1000ML       ,1.0,200.0,罐   ,80.0,200.0,100.0,10.0,RSEN雨刷精[車牌]                                               
1120517GF0000001,JUKETA1E2           ,1.0,600.0,組   ,300.0,600.0,100.0,2.0,[車牌]E 1.6長毛避光墊                                           
1120517GF0000001,CWTGXCMR            ,1.0,300.0,罐   ,100.0,300.0,100.0,3.0,黑頭車朔料還原劑                                                    
1120517GF0000001,PNSTL4030           ,1.0,100.0,條   ,20.0,100.0,100.0,4.0,超細高密度珊瑚絨毛巾-雙色毛巾                                             
1120517GF0000001,NOIDNRMG18          ,1.0,300.0,支   ,100.0,300.0,100.0,11.0,NOID三節雨刷 18吋                                                
1120517GF0000001,NOIDNRMG24          ,1.0,400.0,支   ,100.0,400.0,100.0,12.0,NOID三節雨刷 24吋                                                
1120517GF0000001,CARGTUV             ,1.0,200.0,罐   ,90.0,200.0,100.0,13.0,CAR煞車油(小)                                                   
1120517GF0000001,T10552              ,1.0,100.0,各   ,2.0,100.0,100.0,14.0,T10中炸彈                                                      
1120518GF0000001,POSEN18H            ,0.5,350.0,組   ,60.0,350.0,100.0,3.0,POSEN 18吋雨刷                                                 
1120518GF0000001,POSEN20H            ,0.5,350.0,組   ,70.0,350.0,100.0,4.0,POSEN 20吋雨刷                                                 
1120518GF0000001,LP081UCE            ,1.0,250.0,各   ,80.0,250.0,100.0,1.0,LP-081煙灰缸                                                   
1120519GF0000001,2V2Q                ,2.0,10.0,各   ,4.5,10.0,100.0,2.0,單芯燈泡                                                        
1120519GF0000001,MP3XUXW             ,1.0,1300.0,組   ,650.0,1300.0,100.0,3.0,樂團FM藍芽音樂播放器                                                 
1120520GF0000001,01ALTISNQFMT        ,1.0,1500.0,組   ,600.0,1500.0,100.0,1.0,01ALTIS (四片)晴雨窗                                             
1120520GF0000001,EY                  ,1.0,800.0,次   ,0.0,800.0,100.0,2.0,工資                                                          
1120523GF0000001,99R1GX              ,1.0,650.0,罐   ,320.0,650.0,100.0,1.0,99 激撥水細蠟                                                    
1120523GF0000001,H422                ,2.0,100.0,各   ,35.0,100.0,100.0,2.0,H4大燈燈泡 55W                                                  
1120523GF0000001,3D1F1               ,1.0,250.0,支   ,90.0,250.0,100.0,3.0,3D補漆筆                                                       
1120523GF0000001,EY                  ,1.0,300.0,次   ,0.0,300.0,100.0,4.0,工資                                                          
1120524GF0000001,VBDTFVTFJSW         ,1.0,350.0,組   ,130.0,350.0,100.0,5.0,向日葵超強去污黏土                                                   
1120524GF0000001,SF0012              ,1.0,100.0,組   ,50.0,100.0,100.0,6.0,SF-00122頂蓬通用型固定扣                                            
1120524GF0000001,90052Q              ,2.0,250.0,各   ,80.0,250.0,100.0,7.0,9005燈泡                                                      
1120524GF0000001,VBDXEX              ,2.0,100.0,罐   ,55.0,100.0,100.0,1.0,向日葵橘油亮光蠟  [車牌]                                             
1120524GF0000001,CARMATGTU2          ,1.0,350.0,罐   ,130.0,350.0,100.0,2.0,CARMAT煞車油(大)                                                
1120524GF0000001,SF0035AD            ,1.0,100.0,組   ,40.0,100.0,100.0,3.0,SF-0035門扣                                                   
1120525GF0000001,K00138              ,1.0,100.0,張   ,50.0,100.0,100.0,1.0,新手駕駛多包涵/立體                                                  
1120525GF0000001,H00339              ,1.0,60.0,張   ,30.0,60.0,100.0,2.0,新手駕駛請多包涵                                                    
1120526GF0000001,08ALTISXFXJ         ,1.0,450.0,各   ,120.0,450.0,100.0,1.0,08ALTIS冷氣濾網                                                 
1120526GF0000001,AH59ZVQW            ,1.0,700.0,條   ,340.0,700.0,100.0,2.0,AH-59方向盤套                                                   
1120526GF0000001,RSENT1018RMU        ,1.0,450.0,卡   ,150.0,450.0,100.0,3.0,RSEN T10 魚眼 18晶CANBUS                                       
1120527GF0000001,3D1F1               ,1.0,200.0,支   ,90.0,200.0,100.0,1.0,3D補漆筆                                                       
1120527GF0000001,T10552              ,3.0,10.0,各   ,2.0,10.0,100.0,2.0,T10中炸彈                                                      
1120527GF0000001,T20GV2Q             ,2.0,70.0,各   ,16.0,70.0,100.0,3.0,T20雙芯燈泡                                                     
1120529GF0000001,ERC2XZVQU           ,1.0,150.0,罐   ,70.0,150.0,100.0,3.0,ERC進口動力方向盤油                                                 
1120529GF0000001,EY                  ,1.0,50.0,次   ,0.0,50.0,100.0,6.0,工資                                                          
1120529GF0000001,1VNV                ,2.0,10.0,各   ,2.0,10.0,100.0,1.0,保險絲(小)                                                      
1120530GF0000001,ABROUF1EUR          ,1.0,350.0,罐   ,140.0,350.0,100.0,5.0,ABRO 引擎補缸油精                                                 
1120530GF0000001,EY                  ,1.0,300.0,次   ,0.0,300.0,100.0,6.0,工資                                                          
1120530GF0000001,VTRXFV              ,1.0,400.0,組   ,120.0,400.0,100.0,7.0,行車記錄器線                                                      
1120530GF0000001,TC6683NDTY          ,1.0,350.0,組   ,120.0,350.0,100.0,3.0,TC-6683三孔插座                                                 
1120530GF0000001,1VNV                ,5.0,10.0,各   ,2.0,10.0,100.0,1.0,保險絲(小)                                                      
1120530GF0000001,RSENUE14H           ,1.0,200.0,支   ,70.0,200.0,100.0,8.0,RSEN14吋硬骨雨刷                                                 
1120601GF0000001,POSEN16H            ,1.0,400.0,組   ,70.0,400.0,100.0,4.0,POSEN 16吋雨刷                                                 
1120601GF0000001,POSEN20H            ,1.0,400.0,組   ,70.0,400.0,100.0,5.0,POSEN 20吋雨刷                                                 
1120718GF0000001,YH1682XEN           ,1.0,3700.0,組   ,2500.0,3700.0,100.0,9.0,YH168電力公司                                                   
1120718GF0000001,DH1801VWA5C         ,1.0,999.0,各   ,500.0,999.0,100.0,10.0,DH-1801吸鐵面紙盒                                                
1120718GF0000001,1VNV                ,25.0,10.0,各   ,2.0,10.0,100.0,11.0,保險絲(小)                                                      
1120718GF0000001,PNSSFIN0010F2D      ,1.0,250.0,組   ,50.0,250.0,100.0,7.0,多功能安全帶扣                                                     
1120718GF0000001,VTRXFV              ,1.0,350.0,組   ,120.0,350.0,100.0,5.0,行車記錄器線                                                      
1120718GF0000001,1MT525              ,1.0,2200.0,組   ,1200.0,2200.0,100.0,3.0,白雲車罩 大5門                                                    
1120718GF0000001,RSEN2W              ,1.0,350.0,組   ,120.0,350.0,100.0,1.0,RSEN2l3陶土                                                   
1120719GF0000001,SAAXR2              ,1.0,400.0,組   ,0.0,400.0,100.0,5.0,奈米魔力膠帶                                                      
1120719GF0000001,3M2CM               ,2.0,200.0,捲   ,90.0,200.0,100.0,6.0,3M膠*2CM                                                     
1120719GF0000001,EY                  ,1.0,500.0,次   ,0.0,500.0,100.0,7.0,工資                                                          
1120719GF0000001,RSENT1018RMU        ,2.0,450.0,卡   ,150.0,450.0,100.0,8.0,RSEN T10 魚眼 18晶CANBUS                                       
1120719GF0000001,GXYGUX              ,1.0,650.0,罐   ,280.0,650.0,100.0,9.0,舒亮鑽石釉蠟                                                      
1120719GF0000001,10WISHTA1E2         ,1.0,800.0,組   ,220.0,800.0,100.0,3.0,10WISH長毛避光墊                                                 
1120720GF0000001,RSENH72HY           ,1.0,300.0,組   ,50.0,300.0,100.0,7.0,RSEN H7陶瓷座                                                  
1120720GF0000001,H722                ,1.0,300.0,各   ,35.0,300.0,100.0,8.0,H7 55W大燈燈泡                                                  
1120803GF0000001,S52211ASRG1VN       ,1.0,80.0,各   ,55.0,80.0,100.0,3.0,S52 211迷你插式保險絲座/新型                                          
1120804GF0000001,2UY24.8A            ,1.0,750.0,組   ,330.0,750.0,100.0,7.0,點煙座 2+2+1 4.8A KIKE                                         
1120804GF0000001,929TX               ,1.0,100.0,罐   ,58.0,100.0,100.0,8.0,929粗蠟                                                       
1120804GF0000001,CC0023DTY           ,1.0,250.0,組   ,150.0,250.0,100.0,9.0,CC002 3孔插座                                                  
1120804GF0000001,NO16375TGGD         ,1.0,350.0,組   ,150.0,350.0,100.0,5.0,NO-1637(直插式)雙孔+USB 12V/12V插座                                
1120804GF0000001,HNFVW               ,1.0,350.0,條   ,150.0,350.0,100.0,10.0,測速器線頭                                                       
1120804GF0000001,UJGYXCR             ,2.0,70.0,各   ,35.0,70.0,100.0,3.0,英文數字/鋁合金                                                    
1120804GF0000001,SAXO1040            ,3.0,350.0,罐   ,120.0,350.0,100.0,11.0,SAXO 10W/40機油                                               
1120805GF0000001,1VNYTG              ,1.0,100.0,組   ,25.0,100.0,100.0,6.0,保險絲座插式                                                      
1120805GF0000001,SF0028A1D           ,2.0,100.0,組   ,40.0,100.0,100.0,7.0,SF-0028門邊扣                                                  
1120805GF0000001,PNSS24TY            ,1.0,400.0,組   ,140.0,400.0,100.0,3.0,大功率雙孔插座+雙USB                                                
1120805GF0000001,16G                 ,1.0,500.0,組   ,180.0,500.0,100.0,4.0,16G                                                         
1120805GF0000001,ABROGV5X            ,1.0,300.0,罐   ,60.0,300.0,100.0,8.0,ABRO水箱止漏劑                                                   
1120805GF0000001,2018FCOUS5MW2       ,1.0,750.0,組   ,300.0,750.0,100.0,1.0,[車牌]US專用踏墊                                              
1120807GF0000001,RSENT10MU6R         ,2.0,350.0,卡   ,120.0,350.0,100.0,1.0,RSEN T10魚眼 6晶 CANBUS                                        
1120601GF0000001,VBDVRW1CR           ,1.0,150.0,罐   ,38.0,150.0,100.0,6.0,向日葵橡膠條還原劑                                                   
1120601GF0000001,929TX               ,1.0,100.0,罐   ,58.0,100.0,100.0,7.0,929粗蠟                                                       
1120601GF0000001,CWTGXCMR            ,1.0,300.0,罐   ,100.0,300.0,100.0,1.0,黑頭車朔料還原劑                                                    
1120601GF0000001,V37GRR              ,1.0,400.0,組   ,100.0,400.0,100.0,2.0,V37儀表板手機架                                                   
1120602GF0000001,GV2Y                ,1.0,10.0,各   ,15.0,10.0,100.0,1.0,雙芯燈座                                                        
1120602GF0000001,DH1703ZCAY2         ,1.0,750.0,各   ,320.0,750.0,100.0,2.0,DH-1703梨花木坐墊                                                
1120602GF0000001,PNS07HD69           ,1.0,300.0,組   ,100.0,300.0,100.0,3.0,9吋手機平板架                                                     
1120606GF0000001,8H2G24V             ,1.0,750.0,組   ,310.0,750.0,100.0,1.0,8吋 24V電扇                                                    
1120606GF0000001,G18.52Q             ,1.0,20.0,各   ,4.0,20.0,100.0,2.0,G18.5燈泡                                                     
1120606GF0000001,EY                  ,1.0,200.0,次   ,0.0,200.0,100.0,3.0,工資                                                          
1120606GF0000001,AS1VNY              ,4.0,20.0,組   ,5.0,20.0,100.0,4.0,迷你保險絲座                                                      
1120607GF0000001,SOLIOR2F            ,1.0,900.0,各   ,350.0,900.0,100.0,1.0,SOLIO 冷氣繼電器                                                 
1120607GF0000001,32G                 ,2.0,450.0,各   ,180.0,450.0,100.0,2.0,32G卡片                                                       
1120609GF0000001,NRW2                ,3.0,150.0,各   ,44.0,150.0,100.0,1.0,四角踏墊                                                        
1120609GF0000001,22EW2               ,1.0,200.0,片   ,75.0,200.0,100.0,2.0,大豆干踏墊                                                       
1120610GF0000001,ABTE072VVZVTF       ,1.0,999.0,組   ,450.0,999.0,100.0,5.0,ABT-E072小旋風手持無限吸塵器                                          
1120610GF0000001,3D1F1               ,1.0,200.0,支   ,90.0,200.0,100.0,6.0,3D補漆筆                                                       
1120610GF0000001,1W                  ,1.0,100.0,組   ,55.0,100.0,100.0,1.0,補土                                                          
1120610GF0000001,CWTZVBCR            ,1.0,200.0,罐   ,60.0,200.0,100.0,2.0,黑頭車防鏽潤滑劑                                                    
1120610GF0000001,3M2CM               ,1.0,150.0,捲   ,90.0,150.0,100.0,3.0,3M膠*2CM                                                     
1120613GF0000001,PNSHDF31            ,1.0,350.0,組   ,130.0,350.0,100.0,5.0,重力式 長桿出風口手機架360度旋轉                                          
1120613GF0000001,DA0FCW              ,1.0,200.0,組   ,0.0,200.0,100.0,6.0,卡夢安全護套                                                      
1120613GF0000001,DR0AZVQWL           ,1.0,800.0,各   ,350.0,800.0,100.0,7.0,開吉按摩方向盤套(藍珠)L                                               
1120613GF0000001,HY898               ,1.0,200.0,組   ,2.0,200.0,100.0,8.0,HY-898手煞車護套                                                 
1120613GF0000001,RSENT1018RMU        ,1.0,450.0,卡   ,150.0,450.0,100.0,9.0,RSEN T10 魚眼 18晶CANBUS                                       
1120613GF0000001,H1135W22Q           ,2.0,300.0,各   ,90.0,300.0,100.0,2.0,H11 55W 燈泡                                                  
1120613GF0000001,RSENH112TY          ,1.0,300.0,組   ,90.0,300.0,100.0,3.0,RSEN H11陶瓷座                                                 
1120615GF0000001,K00281              ,1.0,100.0,張   ,50.0,100.0,100.0,1.0,火焰/藍紅                                                       
1120615GF0000001,UADVTR              ,1.0,150.0,罐   ,60.0,150.0,100.0,2.0,優馬克洗車精                                                      
1120616GF0000001,3D1F1               ,1.0,200.0,支   ,90.0,200.0,100.0,1.0,3D補漆筆                                                       
1120616GF0000001,RSEN20HUEMG         ,1.0,200.0,支   ,70.0,200.0,100.0,2.0,RSEN 20H硬骨雨刷                                                
1120616GF0000001,WTG                 ,1.0,450.0,組   ,150.0,450.0,100.0,3.0,拖車繩                                                         
1120620GF0000001,X5NY2               ,2.0,375.0,各   ,170.0,375.0,100.0,3.0,綠竹絲座墊                                                       
1120620GF0000001,K00172              ,2.0,100.0,張   ,50.0,100.0,100.0,4.0,BL TZ/貼紙                                                    
1120620GF0000001,K00173              ,1.0,100.0,張   ,50.0,100.0,100.0,5.0,4*4/二入貼紙                                                    
1120620GF0000001,VBDVATX200G         ,1.0,200.0,組   ,38.0,200.0,100.0,1.0,向日葵細目粗蠟 200G                                                
1120621GF0000001,Z260VG              ,1.0,300.0,組   ,125.0,300.0,100.0,7.0,Z260大牙香水                                                    
1120621GF0000001,SF0050              ,1.0,100.0,組   ,40.0,100.0,100.0,8.0,SF-0050裕隆保桿扣                                                
1120621GF0000001,TAA091              ,1.0,700.0,組   ,260.0,700.0,100.0,9.0,後車廂防碰護條-防護大師                                                
1120621GF0000001,RSENVMC             ,2.0,100.0,組   ,35.0,100.0,100.0,4.0,RSEN 小圓弧                                                    
1120621GF0000001,VXTWAF5             ,1.0,200.0,組   ,95.0,200.0,100.0,5.0,休旅車透明前遮                                                     
1120621GF0000001,RSENGR2128MM        ,1.0,350.0,卡   ,80.0,350.0,100.0,1.0,RSEN雙尖21晶28mmCANBUS                                         
1120621GF0000001,PNSFB003            ,1.0,1199.0,各   ,650.0,1199.0,100.0,2.0,磁吸面紙盒-碳纖維款                                                  
1120624GF0000001,J00342              ,1.0,400.0,支   ,130.0,400.0,100.0,1.0,J00342後雨刷 LEXUS                                             
1120627GF0000001,3DVXT5U1            ,1.0,300.0,各   ,150.0,300.0,100.0,1.0,3D休旅車遮陽板                                                    
1120627GF0000001,15XTRAILTA1E2       ,1.0,650.0,組   ,300.0,650.0,100.0,2.0,15 X-TRAIL長毛避光墊                                             
1120628GF0000001,H422                ,1.0,400.0,各   ,35.0,400.0,100.0,5.0,H4大燈燈泡 55W                                                  
1120628GF0000001,GARMINVQ2Y          ,1.0,300.0,各   ,145.0,300.0,100.0,6.0,GARMIN吸盤底座                                                  
1120628GF0000001,6HSDGQE             ,1.0,100.0,組   ,65.0,100.0,100.0,7.0,6吋黏貼式拋光                                                     
1120628GF0000001,GARMINVQ2Y          ,1.0,500.0,各   ,145.0,500.0,100.0,8.0,GARMIN吸盤底座                                                  
1120628GF0000001,EY                  ,1.0,2000.0,次   ,0.0,2000.0,100.0,3.0,工資                                                          
1120628GF0000001,VBDVATX-2           ,1.0,200.0,罐   ,65.0,200.0,100.0,9.0,向日葵細目粗蠟二代                                                   
1120629GF0000001,ACP301              ,1.0,350.0,各   ,100.0,350.0,100.0,1.0,ACP-301室內鏡                                                  
1120629GF0000001,PNSSUN007           ,1.0,400.0,組   ,90.0,400.0,100.0,2.0,車窗遮陽防蚊罩                                                     
1120630GF0000001,3D5U1               ,1.0,300.0,組   ,113.0,300.0,100.0,1.0,3D遮陽板                                                       
1120704GF0000001,EY                  ,1.0,1000.0,次   ,0.0,1000.0,100.0,3.0,工資                                                          
1120704GF0000001,TA-D010             ,1.0,300.0,組   ,150.0,300.0,100.0,4.0,補胎工具組                                                       
1120704GF0000001,RSEN55ZVQW          ,1.0,600.0,條   ,250.0,600.0,100.0,1.0,RSEN55方向盤套(黑紅平線)                                            
1120705GF0000001,2QG                 ,1.0,35.0,罐   ,15.0,35.0,100.0,1.0,電瓶水                                                         
1120705GF0000001,T10552              ,1.0,100.0,各   ,2.0,100.0,100.0,2.0,T10中炸彈                                                      
1120706GF0000001,10AY23TA1E2         ,1.0,600.0,組   ,220.0,600.0,100.0,4.0,10馬自達3長毛避光墊                                                 
1120706GF0000001,DAYQQWW             ,1.0,180.0,組   ,280.0,180.0,100.0,5.0,卡夢自排檔頭                                                      
1120706GF0000001,OB59G1              ,1.0,650.0,組   ,169.0,650.0,100.0,1.0,OB-59門邊飾板                                                   
1120706GF0000001,929TX               ,1.0,100.0,罐   ,58.0,100.0,100.0,2.0,929粗蠟                                                       
1120707GF0000001,PNSSUN15XL          ,1.0,400.0,組   ,530.0,400.0,100.0,1.0,後車箱防蚊網-XL                                                   
1120708GF0000001,ERQ602Q             ,1.0,2300.0,各   ,1750.0,2300.0,100.0,3.0,國際牌60電瓶                                                     
1120708GF0000001,H1255W              ,2.0,150.0,各   ,28.0,150.0,100.0,4.0,H1 55W燈泡                                                    
1120708GF0000001,SF-1244H1Y          ,2.0,250.0,各   ,125.0,250.0,100.0,5.0,SF-1244 H1燈座                                                
1120708GF0000001,CC321USB31A         ,1.0,350.0,組   ,120.0,350.0,100.0,1.0,CC-321 USB2孔 3.1A+電壓表                                       
1120710GF0000001,T09GRR              ,1.0,250.0,組   ,120.0,250.0,100.0,5.0,T09手機出風口手機架                                                 
1120710GF0000001,SF4004CNVQ          ,1.0,50.0,組   ,15.0,50.0,100.0,6.0,SF-4004黑色吸盤                                                 
1120710GF0000001,3DVXT5U1            ,1.0,350.0,各   ,150.0,350.0,100.0,7.0,3D休旅車遮陽板                                                    
1120710GF0000001,SINENTA1.8TA1E2     ,1.0,600.0,組   ,260.0,600.0,100.0,3.0,15SINENTA1.8長毛避光墊                                           
1120710GF0000001,V38U1GRR            ,1.0,400.0,組   ,150.0,400.0,100.0,1.0,V38儀板手機架                                                    
1120711GF0000001,PNSHDF21            ,1.0,350.0,組   ,90.0,350.0,100.0,1.0,儀錶板磁吸手機架-碳纖黑                                                
1120712GF0000001,VTRXFV              ,1.0,600.0,組   ,120.0,600.0,100.0,1.0,行車記錄器線                                                      
1120712GF0000001,2UY24.8A            ,1.0,750.0,組   ,330.0,750.0,100.0,2.0,點煙座 2+2+1 4.8A KIKE                                         
1120712GF0000001,32G                 ,1.0,450.0,各   ,180.0,450.0,100.0,3.0,32G卡片                                                       
1120713GF0000001,T20GV2Q             ,2.0,80.0,各   ,16.0,80.0,100.0,5.0,T20雙芯燈泡                                                     
1120713GF0000001,NOID6SND            ,1.0,250.0,組   ,60.0,250.0,100.0,6.0,NOID 6SND室內燈                                                
1120713GF0000001,RSENGR31MM          ,2.0,300.0,卡   ,100.0,300.0,100.0,8.0,RSEN 31MM COB雙尖無極性                                          
1120713GF0000001,WF55D23L2Q          ,1.0,2800.0,各   ,1850.0,2800.0,100.0,9.0,湯淺55D23L電瓶                                                  
1120713GF0000001,PNSF410BK12         ,1.0,650.0,組   ,250.0,650.0,100.0,3.0,3.5吋雙頭風扇(停車號碼牌)DC12V                                        
1120713GF0000001,32G                 ,1.0,450.0,各   ,180.0,450.0,100.0,2.0,32G卡片                                                       
1120714GF0000001,AFL283578           ,2.0,300.0,組   ,81.8,300.0,100.0,1.0,軟條燈2835-78LED                                               
1120715GF0000001,3D1F1               ,3.0,200.0,支   ,90.0,200.0,100.0,1.0,3D補漆筆                                                       
1120715GF0000001,3MR1CM              ,1.0,100.0,卷   ,50.0,100.0,100.0,2.0,3M膠*1CM                                                     
1120715GF0000001,929TX               ,1.0,100.0,罐   ,58.0,100.0,100.0,3.0,929粗蠟                                                       
1120715GF0000001,EY                  ,1.0,450.0,次   ,0.0,450.0,100.0,4.0,工資                                                          
1120717GF0000001,1VNV                ,4.0,10.0,各   ,2.0,10.0,100.0,1.0,保險絲(小)                                                      
1120717GF0000001,1VNYTG              ,2.0,100.0,組   ,25.0,100.0,100.0,2.0,保險絲座插式                                                      
1120719GF0000001,YH368FDS2XEN        ,1.0,2299.0,組   ,1500.0,2299.0,100.0,1.0,YH-368全功能電力公司                                               
1120720GF0000001,LP081UCE            ,1.0,200.0,各   ,80.0,200.0,100.0,1.0,LP-081煙灰缸                                                   
1120720GF0000001,PS252F25U           ,1.0,200.0,組   ,78.0,200.0,100.0,2.0,PS-252前檔遮陽隔熱紙                                               
1120720GF0000001,POSEN20H            ,0.5,400.0,組   ,70.0,400.0,100.0,3.0,POSEN 20吋雨刷                                                 
1120720GF0000001,RSENUGMG22H         ,1.0,200.0,支   ,70.0,200.0,100.0,4.0,RSEN 硬式22吋雨刷                                                
1120720GF0000001,C007USBTY           ,1.0,300.0,組   ,150.0,300.0,100.0,5.0,C007 USB插座                                                  
1120721GF0000001,NB1040              ,3.0,500.0,罐   ,200.0,500.0,100.0,3.0,NB 10/40機油                                                  
1120721GF0000001,DR0AZVQWM           ,1.0,600.0,各   ,350.0,600.0,100.0,4.0,開吉按摩(蘭珠)M                                                   
1120721GF0000001,G204GVR             ,1.0,500.0,罐   ,180.0,500.0,100.0,5.0,G204水箱精                                                     
1120721GF0000001,3MCUFFVR            ,1.0,200.0,罐   ,60.0,200.0,100.0,6.0,3M化油器清洗劑(8896)                                              
1120721GF0000001,T5I112              ,5.0,20.0,各   ,3.0,20.0,100.0,7.0,T5儀表板燈                                                      
1120721GF0000001,H4100W2Q            ,2.0,200.0,各   ,65.0,200.0,100.0,1.0,H4 100W燈泡                                                   
1120722GF0000001,CWTGXCMR            ,1.0,300.0,罐   ,100.0,300.0,100.0,5.0,黑頭車朔料還原劑                                                    
1120722GF0000001,TAD029              ,1.0,350.0,條   ,160.0,350.0,100.0,6.0,大吸力速桿纖維布(中)60*90cm                                          
1120725GF0000001,NOIDNRMG26          ,1.0,400.0,支   ,100.0,400.0,100.0,6.0,NOID三節雨刷 26吋                                                
1120722GF0000001,EY                  ,1.0,50.0,次   ,0.0,50.0,100.0,1.0,工資                                                          
1120725GF0000001,NOIDNRMG14          ,1.0,250.0,支   ,70.0,250.0,100.0,7.0,NOID三節雨刷 14吋                                                
1120725GF0000001,GVXJ                ,1.0,400.0,組   ,230.0,400.0,100.0,4.0,水箱鋁網                                                        
1120725GF0000001,EY                  ,1.0,1000.0,次   ,0.0,1000.0,100.0,1.0,工資                                                          
1120725GF0000001,V1                  ,1.0,1000.0,組   ,500.0,1000.0,100.0,2.0,線包                                                          
1120729GF0000001,S52211ASRG1VN       ,1.0,100.0,各   ,55.0,100.0,100.0,1.0,S52 211迷你插式保險絲座/新型                                          
1120731GF0000001,3D5U1               ,1.0,300.0,組   ,113.0,300.0,100.0,1.0,3D遮陽板                                                       
1120801GF0000001,PS255R2W            ,1.0,200.0,組   ,80.0,200.0,100.0,1.0,PS-255靜電貼                                                   
1120801GF0000001,SENFINECOQUYSU      ,1.0,350.0,罐   ,120.0,350.0,100.0,2.0,德國SENFINECO噴油嘴牛油9977                                        
1120802GF0000001,GVXJ                ,1.0,500.0,組   ,230.0,500.0,100.0,5.0,水箱鋁網                                                        
1120802GF0000001,ACP300XR            ,1.0,450.0,各   ,250.0,450.0,100.0,7.0,ACP-300藍鏡                                                   
1120802GF0000001,32G                 ,1.0,450.0,各   ,180.0,450.0,100.0,8.0,32G卡片                                                       
1120802GF0000001,NOIDNRMG18          ,1.0,300.0,支   ,100.0,300.0,100.0,3.0,NOID三節雨刷 18吋                                                
1120803GF0000001,ERC2XZVQU           ,2.0,150.0,罐   ,70.0,150.0,100.0,2.0,ERC進口動力方向盤油                                                 
1120802GF0000001,VBDUMN              ,1.0,600.0,罐   ,300.0,600.0,100.0,1.0,向日葵釉元素                                                      
1120831GF0000001,2V2Q                ,5.0,10.0,各   ,10.0,10.0,100.0,1.0,單芯燈泡                                                        
1120831GF0000001,TC6683NDTY          ,1.0,300.0,組   ,120.0,300.0,100.0,2.0,TC-6683三孔插座                                                 
1120901GF0000001,16G                 ,1.0,350.0,組   ,180.0,350.0,100.0,1.0,16G                                                         
1120902GF0000001,NOIDNRMG14          ,1.0,250.0,支   ,100.0,250.0,100.0,3.0,NOID三節雨刷 14吋                                                
1120902GF0000001,NOIDNRMG24          ,1.0,350.0,支   ,100.0,350.0,100.0,4.0,NOID三節雨刷 24吋                                                
1120902GF0000001,TYPERH11T1E         ,1.0,500.0,組   ,170.0,500.0,100.0,5.0,TYPE-R H11超白光燈泡                                             
1120902GF0000001,NO2112GRR           ,1.0,400.0,組   ,200.0,400.0,100.0,1.0,NO-[車牌]手機架                                              
1120902GF0000001,2V2Q                ,2.0,10.0,各   ,10.0,10.0,100.0,6.0,單芯燈泡                                                        
1120904GF0000001,G18.52Q             ,2.0,20.0,各   ,5.0,20.0,100.0,1.0,G18.5燈泡                                                     
1120904GF0000001,2013FCOUSMG         ,1.0,750.0,組   ,280.0,750.0,100.0,2.0,[車牌]US專用雨刷                                               
1120905GF0000001,J00341CMG           ,1.0,400.0,支   ,130.0,400.0,100.0,1.0,J0[車牌]後雨刷                                               
1120905GF0000001,V2STAEFTA1E2        ,1.0,800.0,組   ,300.0,800.0,100.0,2.0,現代 STAEF長毛避光墊                                               
1120906GF0000001,NOIDNRMG26          ,1.0,350.0,支   ,100.0,350.0,100.0,1.0,NOID三節雨刷 26吋                                                
1120906GF0000001,NOIDNRMG14          ,1.0,300.0,支   ,100.0,300.0,100.0,2.0,NOID三節雨刷 14吋                                                
1120908GF0000001,32G                 ,1.0,450.0,各   ,180.0,450.0,100.0,1.0,32G卡片                                                       
1120807GF0000001,T20GV2Q             ,2.0,70.0,各   ,16.0,70.0,100.0,2.0,T20雙芯燈泡                                                     
1120807GF0000001,T10552              ,4.0,10.0,各   ,2.0,10.0,100.0,3.0,T10中炸彈                                                      
1120807GF0000001,1MT5D               ,1.0,1800.0,組   ,1180.0,1800.0,100.0,4.0,白雲防水車罩-C D                                                  
1120808GF0000001,VBDV1XCA            ,1.0,50.0,各   ,0.0,50.0,100.0,10.0,向日葵洗不爛海棉                                                    
1120808GF0000001,TAD029              ,1.0,300.0,條   ,160.0,300.0,100.0,11.0,大吸力速桿纖維布(中)60*90cm                                          
1120808GF0000001,5XGVTW              ,1.0,400.0,各   ,250.0,400.0,100.0,8.0,站立式洗車桶                                                      
1120808GF0000001,GXYGUX              ,1.0,650.0,罐   ,320.0,650.0,100.0,5.0,舒亮鑽石釉蠟                                                      
1120808GF0000001,2XAF                ,1.0,100.0,組   ,68.0,100.0,100.0,6.0,打蠟棉球                                                        
1120808GF0000001,PNSSUN007           ,1.0,350.0,組   ,90.0,350.0,100.0,3.0,車窗遮陽防蚊罩                                                     
1120808GF0000001,RSENT10MU6R         ,1.0,350.0,卡   ,120.0,350.0,100.0,1.0,RSEN T10魚眼 6晶 CANBUS                                        
1120809GF0000001,ZJTUA               ,1.0,300.0,罐   ,85.0,300.0,100.0,3.0,防霧除油膜                                                       
1120809GF0000001,XE2MGG250CC         ,1.0,100.0,罐   ,28.0,100.0,100.0,4.0,Xe2雨刷水 [車牌]                                                
1120809GF0000001,VBD22TBCR           ,1.0,200.0,罐   ,100.0,200.0,100.0,5.0,向日葵電動窗潤滑劑                                                   
1120809GF0000001,1MT5D               ,1.0,2000.0,組   ,1180.0,2000.0,100.0,1.0,白雲防水車罩-C D                                                  
1120810GF0000001,TYPERH4CR           ,1.0,800.0,組   ,200.0,800.0,100.0,7.0,TYPE-R H4黃金燈泡                                               
1120810GF0000001,H500TWGRR           ,1.0,400.0,組   ,180.0,400.0,100.0,8.0,H-500磁鐵手機架                                                  
1120810GF0000001,NOIDNRMG20          ,1.0,300.0,組   ,100.0,300.0,100.0,3.0,NOID三節雨刷 20吋                                                
1120810GF0000001,NOIDNRMG24          ,1.0,350.0,支   ,100.0,350.0,100.0,4.0,NOID三節雨刷 24吋                                                
1120810GF0000001,ZJTUA               ,1.0,300.0,罐   ,85.0,300.0,100.0,5.0,防霧除油膜                                                       
1120811GF0000001,DR0AZVQWM           ,1.0,650.0,各   ,350.0,650.0,100.0,3.0,開吉按摩(蘭珠)M                                                   
1120811GF0000001,NOIDNRMG14          ,1.0,250.0,支   ,70.0,250.0,100.0,4.0,NOID三節雨刷 14吋                                                
1120811GF0000001,NOIDNRMG24          ,1.0,350.0,支   ,100.0,350.0,100.0,5.0,NOID三節雨刷 24吋                                                
1120811GF0000001,1VNV                ,5.0,10.0,各   ,2.0,10.0,100.0,1.0,保險絲(小)                                                      
1120812GF0000001,NOIDNRMG18          ,1.0,300.0,支   ,100.0,300.0,100.0,4.0,NOID三節雨刷 18吋                                                
1120812GF0000001,NOIDNRMG26          ,1.0,400.0,支   ,100.0,400.0,100.0,5.0,NOID三節雨刷 26吋                                                
1120812GF0000001,VXTWAF5             ,1.0,280.0,組   ,95.0,280.0,100.0,1.0,休旅車透明前遮                                                     
1120812GF0000001,MP3XUXW             ,1.0,1100.0,組   ,520.0,1100.0,100.0,6.0,樂團FM藍芽音樂播放器                                                 
1120814GF0000001,EY                  ,1.0,300.0,次   ,0.0,300.0,100.0,3.0,工資                                                          
1120814GF0000001,15AY24QFMT          ,1.0,1800.0,組   ,700.0,1800.0,100.0,4.0,15馬自達3(四)晴雨窗                                                
1120814GF0000001,T10552              ,2.0,10.0,各   ,2.0,10.0,100.0,5.0,T10中炸彈                                                      
1120814GF0000001,UADWVJZVQW          ,1.0,400.0,組   ,230.0,400.0,100.0,1.0,優馬克碳嫌為方向盤套                                                  
1120816GF0000001,NOIDNRMG14          ,1.0,250.0,支   ,70.0,250.0,100.0,6.0,NOID三節雨刷 14吋                                                
1120816GF0000001,NOIDNRMG20          ,1.0,300.0,組   ,100.0,300.0,100.0,7.0,NOID三節雨刷 20吋                                                
1120816GF0000001,PNSSB27C            ,2.0,350.0,各   ,70.0,350.0,100.0,4.0,黃殼15LED黃光/照棣12LED白光                                         
1120816GF0000001,500APRTV            ,1.0,550.0,組   ,220.0,550.0,100.0,1.0,[車牌]救車線                                                    
1120816GF0000001,PNSS28C02           ,1.0,450.0,組   ,200.0,450.0,100.0,2.0,汽車用QC3.0+PD(TYPE-C)急速閃電快                                    
1120817GF0000001,2013WISHNQFMT       ,1.0,1500.0,組   ,700.0,1500.0,100.0,2.0,[車牌]H(四片)晴雨窗                                             
1120817GF0000001,RSENVMC             ,1.0,100.0,組   ,35.0,100.0,100.0,3.0,RSEN 小圓弧                                                    
1120817GF0000001,3D5U1               ,1.0,300.0,組   ,113.0,300.0,100.0,4.0,3D遮陽板                                                       
1120817GF0000001,929TX               ,1.0,100.0,罐   ,58.0,100.0,100.0,5.0,929粗蠟                                                       
1120817GF0000001,6BCA                ,0.5,100.0,包   ,30.0,100.0,100.0,6.0,6入海棉                                                        
1120818GF0000001,929TX               ,1.0,100.0,罐   ,58.0,100.0,100.0,4.0,929粗蠟                                                       
1120818GF0000001,PNSSUN14-L          ,1.0,300.0,組   ,130.0,300.0,100.0,5.0,雙層鋁箔遮陽板- RV SUV雙層                                           
1120818GF0000001,ZXQH4CR2Q           ,1.0,400.0,各   ,150.0,400.0,100.0,1.0,菲利浦H4黃金燈泡                                                   
1120818GF0000001,3M1UFTR             ,1.0,350.0,各   ,140.0,350.0,100.0,2.0,3M柏油清除劑                                                     
1120819GF0000001,ZJTUA               ,1.0,300.0,罐   ,85.0,300.0,100.0,1.0,防霧除油膜                                                       
1120819GF0000001,FN001NXJE           ,1.0,550.0,組   ,145.0,550.0,100.0,2.0,FN-001三菱碗公                                                  
1120819GF0000001,EY                  ,1.0,1000.0,次   ,0.0,1000.0,100.0,3.0,工資                                                          
1120819GF0000001,6BCA                ,0.5,100.0,包   ,30.0,100.0,100.0,4.0,6入海棉                                                        
1120819GF0000001,929TX               ,1.0,100.0,罐   ,58.0,100.0,100.0,5.0,929粗蠟                                                       
1120821GF0000001,EY                  ,1.0,1000.0,次   ,0.0,1000.0,100.0,6.0,工資                                                          
1120821GF0000001,G18.52Q             ,1.0,20.0,各   ,4.0,20.0,100.0,7.0,G18.5燈泡                                                     
1120821GF0000001,V29GRR              ,1.0,350.0,組   ,150.0,350.0,100.0,3.0,V29手機架                                                      
1120821GF0000001,929TX               ,1.0,100.0,罐   ,58.0,100.0,100.0,4.0,929粗蠟                                                       
1120821GF0000001,T20GV2Q             ,2.0,70.0,各   ,16.0,70.0,100.0,1.0,T20雙芯燈泡                                                     
1120822GF0000001,PNS07HD69           ,1.0,350.0,組   ,100.0,350.0,100.0,10.0,9吋手機平板架                                                     
1120822GF0000001,G18.52Q             ,2.0,100.0,各   ,4.0,100.0,100.0,12.0,G18.5燈泡                                                     
1120822GF0000001,G18.52Q             ,1.0,20.0,各   ,4.0,20.0,100.0,13.0,G18.5燈泡                                                     
1120822GF0000001,2V2Q                ,2.0,100.0,各   ,4.5,100.0,100.0,8.0,單芯燈泡                                                        
1120822GF0000001,KYH152QFE           ,1.0,500.0,各   ,220.0,500.0,100.0,6.0,KH-H15大燈燈泡12V15/55W清光                                       
1120823GF0000001,G204GVR             ,1.0,500.0,罐   ,180.0,500.0,100.0,1.0,G204水箱精                                                     
1120824GF0000001,NO16375TGGD         ,1.0,350.0,組   ,150.0,350.0,100.0,3.0,NO-1637(直插式)雙孔+USB 12V/12V插座                                
1120824GF0000001,RSEN2W              ,1.0,300.0,組   ,120.0,300.0,100.0,4.0,RSEN2l3陶土                                                   
1120824GF0000001,APPWWVGF            ,1.0,3500.0,組   ,1900.0,3500.0,100.0,5.0,APP抬頭顯示 OBT四代                                               
1120824GF0000001,PNSS182USB          ,1.0,450.0,組   ,180.0,450.0,100.0,6.0,四合一3.1A 2USB點煙器                                             
1120824GF0000001,5HMVGXCA            ,2.0,100.0,各   ,50.0,100.0,100.0,1.0,5吋圓形上蠟海棉                                                    
1120824GF0000001,5HSWGQE             ,1.0,150.0,組   ,55.0,150.0,100.0,2.0,5吋黏扣式拋光                                                     
1120825GF0000001,LP6920F2D           ,2.0,100.0,各   ,32.0,100.0,100.0,1.0,LP-692安全帶扣                                                  
1120825GF0000001,SAXO1040            ,2.0,400.0,罐   ,120.0,400.0,100.0,2.0,SAXO 10W/40機油                                               
1120825GF0000001,AH62CCZVQ           ,1.0,600.0,條   ,360.0,600.0,100.0,3.0,AH-62紅黑方向盤套                                                 
1120825GF0000001,RSENGR16R           ,1.0,350.0,組   ,80.0,350.0,100.0,4.0,RSEN雙尖室內燈16晶(31mm)                                          
1120826GF0000001,VBDSAA1X            ,1.0,600.0,罐   ,250.0,600.0,100.0,3.0,向日葵奈米美白蠟                                                    
1120826GF0000001,R5VG                ,2.0,100.0,組   ,55.0,100.0,100.0,4.0,精緻香水                                                        
1120826GF0000001,PNSS182USB          ,1.0,550.0,組   ,180.0,550.0,100.0,5.0,四合一3.1A 2USB點煙器                                             
1120826GF0000001,90052Q              ,1.0,250.0,各   ,80.0,250.0,100.0,1.0,9005燈泡                                                      
1120828GF0000001,97RWCGR             ,1.0,450.0,各   ,250.0,450.0,100.0,1.0,97堅達後視鏡後視鏡                                                  
1120828GF0000001,ZJTUA               ,1.0,300.0,罐   ,85.0,300.0,100.0,2.0,防霧除油膜                                                       
1120828GF0000001,Z10CVU              ,1.0,1500.0,組   ,0.0,1500.0,100.0,3.0,Z10後顯影                                                      
1120829GF0000001,EY                  ,1.0,1500.0,次   ,0.0,1500.0,100.0,1.0,工資                                                          
1120830GF0000001,VBDV1XCA            ,1.0,50.0,各   ,25.0,50.0,100.0,6.0,向日葵洗不爛海棉                                                    
1120830GF0000001,PNSSUN006           ,1.0,650.0,組   ,270.0,650.0,100.0,7.0,6.5CM百摺式前擋風玻璃遮陽簾                                            
1120830GF0000001,DC021MVWU1          ,1.0,650.0,各   ,290.0,650.0,100.0,4.0,DC-021專業級圓形胎壓表                                              
1120830GF0000001,EY                  ,1.0,200.0,次   ,0.0,200.0,100.0,1.0,工資                                                          
1120830GF0000001,F00922              ,2.0,40.0,張   ,20.0,40.0,100.0,2.0,柴油加滿                                                        
1120831GF0000001,VBDC1MGR2000ML      ,1.0,300.0,罐   ,95.0,300.0,100.0,7.0,向日葵強效清晰防護雨刷精[車牌]                                          
1120831GF0000001,PNSHDF21            ,1.0,300.0,組   ,90.0,300.0,100.0,8.0,儀錶板磁吸手機架-碳纖黑                                                
1120831GF0000001,AFL283578           ,2.0,500.0,組   ,90.0,500.0,100.0,9.0,軟條燈2835-78LED                                               
1120831GF0000001,H500TWGRR           ,1.0,300.0,組   ,180.0,300.0,100.0,10.0,H-500磁鐵手機架                                                  
1120831GF0000001,RSENH76000K         ,2.0,250.0,各   ,150.0,250.0,100.0,4.0,RSEN H7 6000K燈泡                                             
1120831GF0000001,RSEN02F             ,2.0,750.0,各   ,400.0,750.0,100.0,5.0,RSEN安定器                                                     
1120906GF0000001,ZJTUA               ,1.0,300.0,罐   ,85.0,300.0,100.0,3.0,防霧除油膜                                                       
1120907GF0000001,ZV2-CU              ,1.0,500.0,組   ,250.0,500.0,100.0,1.0,二合一方向燈器                                                     
1120909GF0000001,RT7A2Q              ,1.0,900.0,各   ,600.0,900.0,100.0,1.0,機車7A電瓶                                                      
1120909GF0000001,ABT563FYQD          ,1.0,200.0,組   ,84.0,200.0,100.0,2.0,ABT-563七字牌框                                                 
1120909GF0000001,ABTA116WVJFYQD      ,1.0,600.0,組   ,250.0,600.0,100.0,3.0,ABT-A116碳纖維卡夢七字牌框(2入)                                       
1120909GF0000001,X5NY2               ,1.0,400.0,各   ,170.0,400.0,100.0,4.0,綠竹絲座墊                                                       
1120911GF0000001,992W                ,1.0,550.0,組   ,280.0,550.0,100.0,5.0,99黏土表面清潔                                                    
1120911GF0000001,V37GRR              ,1.0,400.0,組   ,100.0,400.0,100.0,1.0,V37儀表板手機架                                                   
1120911GF0000001,RSENVMC             ,1.0,80.0,組   ,35.0,80.0,100.0,2.0,RSEN 小圓弧                                                    
1120911GF0000001,H722                ,1.0,300.0,各   ,35.0,300.0,100.0,6.0,H7 55W大燈燈泡                                                  
1120911GF0000001,2V2Q                ,2.0,100.0,各   ,4.5,100.0,100.0,7.0,單芯燈泡                                                        
1120912GF0000001,G204GVR             ,1.0,500.0,罐   ,180.0,500.0,100.0,1.0,G204水箱精                                                     
1120913GF0000001,ERQ602Q             ,1.0,2300.0,各   ,1750.0,2300.0,100.0,3.0,國際牌60電瓶                                                     
1120913GF0000001,TAA053              ,1.0,350.0,各   ,142.0,350.0,100.0,4.0,安全帶便捷插銷-鋅合金                                                 
1120913GF0000001,3D1F1               ,1.0,250.0,支   ,90.0,250.0,100.0,1.0,3D補漆筆                                                       
1120921GF0000001,3D1F1               ,1.0,250.0,支   ,90.0,250.0,100.0,6.0,3D補漆筆                                                       
1120921GF0000001,929TX               ,1.0,150.0,罐   ,58.0,150.0,100.0,7.0,929粗蠟                                                       
1120921GF0000001,H324V1002Q          ,6.0,200.0,各   ,50.0,200.0,100.0,4.0,H3 24V 70W燈泡                                                
1120921GF0000001,2V2Q                ,10.0,10.0,各   ,4.5,10.0,100.0,2.0,單芯燈泡                                                        
1120923GF0000001,MP3XUXW             ,1.0,1200.0,組   ,520.0,1200.0,100.0,3.0,樂團FM藍芽音樂播放器                                                 
1120923GF0000001,PNSTL4030           ,1.0,100.0,條   ,20.0,100.0,100.0,4.0,超細高密度珊瑚絨毛巾-雙色毛巾                                             
1120923GF0000001,VBDQEE5CX           ,1.0,350.0,罐   ,150.0,350.0,100.0,5.0,向日葵皮革光澤護蠟                                                   
1120923GF0000001,24VX1               ,1.0,650.0,組   ,250.0,650.0,100.0,1.0,24V喇叭                                                       
1120925GF0000001,SENFINCEODFFRR      ,1.0,450.0,罐   ,180.0,450.0,100.0,1.0,西德SENFINCEO空氣清潔劑9980                                        
1120926GF0000001,LD4VTRXF            ,1.0,3500.0,組   ,1400.0,3500.0,100.0,1.0,LD-4行車紀錄器                                                   
1120926GF0000001,ERQ602Q             ,1.0,2200.0,各   ,1750.0,2200.0,100.0,2.0,國際牌60電瓶                                                     
1120927GF0000001,32G                 ,1.0,400.0,各   ,180.0,400.0,100.0,7.0,32G卡片                                                       
1120927GF0000001,SF4004CNVQ          ,1.0,50.0,組   ,15.0,50.0,100.0,8.0,SF-4004黑色吸盤                                                 
1120927GF0000001,KNOSR               ,1.0,600.0,片   ,350.0,600.0,100.0,9.0,KNOS鏡                                                       
1120927GF0000001,RSENT104RQ          ,1.0,250.0,卡   ,80.0,250.0,100.0,4.0,RSEN T10 4晶                                                 
1120914GF0000001,RT5A2Q              ,1.0,1000.0,各   ,550.0,1000.0,100.0,1.0,機車5A電瓶                                                      
1120918GF0000001,PNSSUN007           ,2.0,300.0,組   ,90.0,300.0,100.0,2.0,車窗遮陽防蚊罩                                                     
1120914GF0000001,VBD22TBCR           ,1.0,200.0,罐   ,100.0,200.0,100.0,2.0,向日葵電動窗潤滑劑                                                   
1120918GF0000001,PS301GS2            ,1.0,250.0,各   ,100.0,250.0,100.0,3.0,PS-301室內鏡                                                   
1120918GF0000001,EY                  ,1.0,500.0,次   ,0.0,500.0,100.0,4.0,工資                                                          
1120918GF0000001,ABROCRYXX           ,1.0,350.0,罐   ,180.0,350.0,100.0,5.0,ABRO黃金棕梠乳蠟                                                  
1120919GF0000001,GN5V                ,1.0,350.0,罐   ,140.0,350.0,100.0,7.0,雙色之星香水                                                      
1120919GF0000001,16322T              ,1.0,100.0,各   ,25.0,100.0,100.0,8.0,1632電池                                                      
1120919GF0000001,EY                  ,1.0,300.0,次   ,0.0,300.0,100.0,5.0,工資                                                          
1120920GF0000001,ZEROFV1UUR          ,1.0,400.0,罐   ,180.0,400.0,100.0,1.0,ZERO全效保養汽車精[車牌]                                            
1120919GF0000001,RSENVMC             ,1.0,100.0,組   ,35.0,100.0,100.0,1.0,RSEN 小圓弧                                                    
1120919GF0000001,PNSSUN05            ,1.0,200.0,組   ,40.0,200.0,100.0,2.0,雙面隔熱靜電隨意貼/2入                                                
1120919GF0000001,10WISHFMT           ,1.0,700.0,組   ,160.0,700.0,100.0,3.0,10WISH晴雨窗                                                   
1120920GF0000001,112PDQC3.0          ,1.0,400.0,組   ,180.0,400.0,100.0,2.0,[車牌]+QC3.0車載閃充                                             
1120927GF0000001,EY                  ,1.0,300.0,次   ,0.0,300.0,100.0,5.0,工資                                                          
1120928GF0000001,GV2Q                ,2.0,100.0,各   ,3.5,100.0,100.0,1.0,雙芯燈泡                                                        
1120928GF0000001,EY                  ,1.0,300.0,次   ,0.0,300.0,100.0,2.0,工資                                                          
1120927GF0000001,PNSS17              ,1.0,650.0,組   ,280.0,650.0,100.0,1.0,QC4.03.4A 2USB車充                                            
1120927GF0000001,1VNV                ,4.0,50.0,各   ,2.0,50.0,100.0,2.0,保險絲(小)                                                      
1120930GF0000001,AS1VNY              ,1.0,20.0,組   ,5.0,20.0,100.0,9.0,迷你保險絲座                                                      
1120930GF0000001,H4OSRAM2Q           ,1.0,300.0,各   ,48.0,300.0,100.0,10.0,H4 OSRAM燈泡                                                  
1120930GF0000001,CARMXT2Y            ,1.0,900.0,組   ,160.0,900.0,100.0,7.0,CAR 裕隆2USB 3.1充電座                                           
1120930GF0000001,AV5F2               ,1.0,600.0,組   ,250.0,600.0,100.0,12.0,AV轉換附啟動                                                     
1120930GF0000001,V1                  ,1.0,1300.0,組   ,500.0,1300.0,100.0,5.0,線包                                                          
1120930GF0000001,1MT5D               ,1.0,2000.0,組   ,1180.0,2000.0,100.0,13.0,白雲防水車罩-C D                                                  
1120930GF0000001,PNSFA02             ,1.0,600.0,組   ,260.0,600.0,100.0,14.0,出風口雙頭風扇-黑(氣氛燈七彩LED)                                         
1121002GF0000001,1VNV                ,10.0,10.0,各   ,2.0,10.0,100.0,1.0,保險絲(小)                                                      
1120930GF0000001,TC1208FY2T2R        ,1.0,2500.0,組   ,1600.0,2500.0,100.0,3.0,TC-1208全自動充電機 麻新                                            
1121003GF0000001,H500TWGRR           ,1.0,400.0,組   ,180.0,400.0,100.0,1.0,H-500磁鐵手機架                                                  
1121004GF0000001,RSENT10MU10R        ,1.0,400.0,卡   ,140.0,400.0,100.0,1.0,RSEN T10 魚眼 10晶 CANBUS                                      
1121004GF0000001,NOIDNRMG20          ,2.0,200.0,組   ,100.0,200.0,100.0,2.0,NOID三節雨刷 20吋                                                
1121005GF0000001,RSENH18000K         ,1.0,800.0,各   ,150.0,800.0,100.0,1.0,RSEN H1 8000K燈泡                                             
1121005GF0000001,X15U                ,1.0,100.0,各   ,40.0,100.0,100.0,2.0,鋁箔遮陽                                                        
1121006GF0000001,AFLS180JV2          ,1.0,1500.0,組   ,510.0,1500.0,100.0,11.0,AFL-S180汽車微笑七彩氣氛燈                                           
1121006GF0000001,ZW                  ,1.0,2500.0,次   ,0.0,2500.0,100.0,12.0,廢鐵                                                          
1121006GF0000001,20252T              ,1.0,100.0,各   ,22.0,100.0,100.0,9.0,2025電池                                                      
1121006GF0000001,NOIDNRMG18          ,1.0,250.0,支   ,100.0,250.0,100.0,6.0,NOID三節雨刷 18吋                                                
1121006GF0000001,NOIDNRMG26          ,1.0,400.0,支   ,100.0,400.0,100.0,7.0,NOID三節雨刷 26吋                                                
1121006GF0000001,U00070              ,1.0,450.0,各   ,250.0,450.0,100.0,2.0,VINA飛航安全帶插扣(1入裝)                                            
1121006GF0000001,3M12*15             ,1.0,200.0,組   ,80.0,200.0,100.0,3.0,3M膠12*15mm(2入)                                              
1121006GF0000001,VBDXEX              ,2.0,100.0,罐   ,55.0,100.0,100.0,4.0,向日葵橘油亮光蠟  [車牌]                                             
1121007GF0000001,EY                  ,1.0,100.0,次   ,0.0,100.0,100.0,1.0,工資                                                          
1121009GF0000001,ZJTUA               ,1.0,300.0,罐   ,85.0,300.0,100.0,1.0,防霧除油膜                                                       
1121009GF0000001,24V2V2Q             ,2.0,20.0,各   ,3.5,20.0,100.0,2.0,24V單芯燈泡                                                     
1121010GF0000001,F170F2TQW           ,2.0,350.0,yj3 ,100.0,350.0,100.0,1.0,F-17安全帶插片(碳纖)                                               
1121010GF0000001,PNSFB003            ,1.0,1000.0,各   ,650.0,1000.0,100.0,2.0,磁吸面紙盒-碳纖維款                                                  
1121010GF0000001,ABT-517HWA5W        ,1.0,1100.0,各   ,500.0,1100.0,100.0,3.0,ABT-517磁吸熊貓面紙套                                              
1121011GF0000001,2VCQ2Q              ,2.0,50.0,各   ,5.0,50.0,100.0,9.0,單芯琥珀燈泡                                                      
1121011GF0000001,2V2Q                ,1.0,10.0,各   ,4.5,10.0,100.0,10.0,單芯燈泡                                                        
1121011GF0000001,99R1GX              ,1.0,600.0,罐   ,320.0,600.0,100.0,3.0,99 激撥水細蠟                                                    
1121011GF0000001,6BCA                ,0.5,100.0,包   ,30.0,100.0,100.0,4.0,6入海棉                                                        
1121011GF0000001,VBDAMMGR            ,1.0,250.0,罐   ,62.0,250.0,100.0,5.0,向日葵免用撥水劑[車牌]                                               
1121011GF0000001,C55QEFRR            ,1.0,200.0,罐   ,85.0,200.0,100.0,6.0,黑珍珠皮革清潔劑                                                    
1121011GF0000001,RSENC1XWU           ,1.0,200.0,罐   ,95.0,200.0,100.0,7.0,RSEN環保輪胎油                                                   
1121011GF0000001,V37GRR              ,1.0,400.0,組   ,100.0,400.0,100.0,1.0,V37儀表板手機架                                                   
1121013GF0000002,IEB001X1EUH         ,2.0,600.0,組   ,290.0,600.0,100.0,1.0,IEB-2A車之首鋁箔隔音材 90CM*120M                                    
1121014GF0000001,10AY23TA1E2         ,1.0,599.0,組   ,220.0,599.0,100.0,1.0,10馬自達3長毛避光墊                                                 
1121016GF0000001,ERQ55D23L2Q         ,1.0,2800.0,各   ,2100.0,2800.0,100.0,9.0,國際牌70D23L電瓶瓶                                                
1121016GF0000001,PNSHDF21            ,1.0,300.0,組   ,90.0,300.0,100.0,10.0,儀錶板磁吸手機架-碳纖黑                                                
1121016GF0000001,GEJMVG              ,1.0,250.0,各   ,100.0,250.0,100.0,7.0,水果物語香水                                                      
1121016GF0000001,PNSSUN08            ,1.0,350.0,組   ,130.0,350.0,100.0,4.0,PNS-SUN08磁吸隔熱布 前後窗4入                                        
1121016GF0000001,ZEROVRMG26          ,2.0,1100.0,支   ,415.0,1100.0,100.0,1.0,ZERO 26吋矽膠雨刷                                                
1121016GF0000001,TAXZUW              ,1.0,300.0,組   ,120.0,300.0,100.0,2.0,超魔力隔音條                                                      
1121016GF0000001,TC6683NDTY          ,1.0,300.0,組   ,120.0,300.0,100.0,11.0,TC-6683三孔插座                                                 
1121017GF0000001,ZJTUA               ,1.0,300.0,罐   ,80.0,300.0,100.0,3.0,防霧除油膜                                                       
1121017GF0000001,6BCA                ,0.5,100.0,包   ,30.0,100.0,100.0,4.0,6入海棉                                                        
1121017GF0000001,NO2112GRR           ,1.0,400.0,組   ,200.0,400.0,100.0,5.0,NO-[車牌]手機架                                              
1121017GF0000001,LIVINACGRQL         ,1.0,1100.0,各   ,700.0,1100.0,100.0,1.0,[車牌]INA(L)後視鏡片                                          
1121018GF0000001,T10552              ,1.0,100.0,各   ,2.0,100.0,100.0,1.0,T10中炸彈                                                      
1121018GF0000001,T20GV2Q             ,1.0,80.0,各   ,20.0,80.0,100.0,2.0,T20雙芯燈泡                                                     
1121018GF0000001,PNSHDS01RTGRR       ,1.0,450.0,各   ,180.0,450.0,100.0,3.0,PNS HDS01機車手機架                                              
1121017GF0000001,NB1040              ,2.0,500.0,罐   ,200.0,500.0,100.0,8.0,NB 10/40機油                                                  
1121019GF0000001,H724V2Q             ,1.0,250.0,各   ,80.0,250.0,100.0,3.0,H7 24V燈泡                                                    
1121019GF0000001,AH59ZVQW            ,1.0,700.0,條   ,340.0,700.0,100.0,4.0,AH-59方向盤套                                                   
1121019GF0000001,LEXUSIS200TA1E2     ,1.0,800.0,組   ,300.0,800.0,100.0,1.0,LEXUS IS200長毛避光墊                                            
1121020GF0000001,BW2                 ,1.0,150.0,條   ,68.0,150.0,100.0,3.0,軟條燈                                                         
1121021GF0000001,T202VCQ             ,1.0,100.0,各   ,15.0,100.0,100.0,9.0,T20單芯琥珀                                                     
1121020GF0000001,ERQ55D23L2Q         ,1.0,2700.0,各   ,2100.0,2700.0,100.0,4.0,國際牌70D23L電瓶瓶                                                
1121020GF0000001,2TFW                ,2.0,130.0,各   ,50.0,130.0,100.0,1.0,電池鉛頭轉式                                                      
1121021GF0000001,VBDVATX-2           ,1.0,200.0,罐   ,65.0,200.0,100.0,10.0,向日葵細目粗蠟二代                                                   
1121021GF0000001,GN400VU552          ,3.0,300.0,各   ,100.0,300.0,100.0,7.0,GN-400消音制震墊                                                 
1121021GF0000001,15ZINGER            ,1.0,800.0,組   ,220.0,800.0,100.0,3.0,15ZINGER長毛避光墊                                               
1121021GF0000001,SD2505TMU1GD        ,2.0,150.0,組   ,50.0,150.0,100.0,4.0,SD-2505車用椅背雙勾                                               
1121021GF0000001,KH911A2             ,1.0,250.0,組   ,88.0,250.0,100.0,5.0,KH-911曼陀                                                    
1121021GF0000001,YC019DA5RR          ,1.0,400.0,組   ,155.0,400.0,100.0,1.0,YC-019卡夢文/收納夾                                               
1121023GF0000001,EY                  ,1.0,100.0,次   ,0.0,100.0,100.0,1.0,工資                                                          
1121021GF0000001,AS1VNY              ,2.0,20.0,組   ,5.0,20.0,100.0,11.0,迷你保險絲座                                                      
1121024GF0000001,2004WISHNQFMT       ,1.0,1500.0,組   ,700.0,1500.0,100.0,4.0,[車牌]H(四片)晴雨窗                                             
1121024GF0000001,VIOSFMT             ,1.0,600.0,組   ,300.0,600.0,100.0,5.0,VIOS晴雨窗                                                     
1121024GF0000001,15FOCUS5MMG         ,1.0,850.0,組   ,280.0,850.0,100.0,2.0,15FOUCS13KUGA專用雨刷(28+28)                                    
1130113GF0000001,2XAW6HQE            ,1.0,150.0,各   ,65.0,150.0,100.0,1.0,6吋打蠟拋光棉套                                                    
1130113GF0000001,6HSDGQE             ,1.0,150.0,組   ,65.0,150.0,100.0,2.0,6吋黏貼式拋光                                                     
1130113GF0000001,5HMVGXCA            ,1.0,150.0,各   ,60.0,150.0,100.0,3.0,5吋圓形上蠟海棉                                                    
1130115GF0000001,1VNV                ,2.0,10.0,各   ,2.0,10.0,100.0,4.0,保險絲(小)                                                      
1130115GF0000001,T202V2Q             ,1.0,80.0,各   ,16.0,80.0,100.0,5.0,T20單芯燈泡                                                     
1130115GF0000001,WF55D23L2Q          ,1.0,2400.0,各   ,1850.0,2400.0,100.0,1.0,湯淺55D23L電瓶                                                  
1130115GF0000001,UX0GVR              ,1.0,200.0,罐   ,80.0,200.0,100.0,2.0,亞力安水箱精                                                      
1130117GF0000001,NOIDNRMG24          ,1.0,350.0,支   ,100.0,350.0,100.0,1.0,NOID三節雨刷 24吋                                                
1130117GF0000001,RSENT104RQ          ,1.0,250.0,卡   ,80.0,250.0,100.0,2.0,RSEN T10 4晶                                                 
1130118GF0000001,VBDVTR              ,1.0,300.0,罐   ,110.0,300.0,100.0,1.0,向日葵洗車精[車牌]                                                
1130118GF0000001,TYPERH1T1E          ,2.0,800.0,組   ,170.0,800.0,100.0,2.0,TYPE-R H1超白光                                                
1130118GF0000001,TYPERH11T1E         ,1.0,800.0,組   ,170.0,800.0,100.0,3.0,TYPE-R H11超白光燈泡                                             
1130119GF0000001,2V2Q                ,3.0,10.0,各   ,4.5,10.0,100.0,1.0,單芯燈泡                                                        
1130120GF0000001,RSEN1GR             ,1.0,250.0,組   ,75.0,250.0,100.0,2.0,RSEN撥水劑                                                     
1130120GF0000001,RSENT105630         ,1.0,400.0,卡   ,120.0,400.0,100.0,3.0,RSEN T10 5630 10燈                                           
1130120GF0000001,VBDQEFRR            ,1.0,250.0,罐   ,55.0,250.0,100.0,4.0,向日葵皮革清潔劑                                                    
1130120GF0000001,NOIDNRMG16          ,1.0,200.0,支   ,100.0,200.0,100.0,5.0,NOID三節雨刷 16吋                                                
1130120GF0000001,NOIDNRMG22          ,1.0,350.0,支   ,100.0,350.0,100.0,6.0,NOID三節雨刷 22吋                                                
1130120GF0000001,ABROQAG1XTUA        ,1.0,300.0,組   ,95.0,300.0,100.0,7.0,ABRO泡沫式玻璃除油膜[車牌]                                           
1130120GF0000001,EY                  ,1.0,500.0,次   ,0.0,500.0,100.0,1.0,工資                                                          
1130122GF0000001,RSEN56ZVQW          ,1.0,540.0,條   ,250.0,540.0,100.0,1.0,RSEN-56牛皮方向盤套(黑紅)                                           
1130123GF0000001,ZEROVRMG24          ,1.0,1100.0,支   ,415.0,1100.0,100.0,1.0,ZERO矽膠雨刷24吋                                                 
1130123GF0000001,PNSS23TY            ,1.0,550.0,組   ,160.0,550.0,100.0,2.0,車用單孔插座+雙USB                                                 
1130123GF0000001,RSEN1GR             ,1.0,250.0,組   ,75.0,250.0,100.0,3.0,RSEN撥水劑                                                     
1130123GF0000001,T10552              ,3.0,50.0,各   ,2.0,50.0,100.0,4.0,T10中炸彈                                                      
1130124GF0000001,TYPERH11CR2Q        ,1.0,1000.0,組   ,200.0,1000.0,100.0,1.0,TYPE-R H11黃金燈泡                                              
1130125GF0000001,G204GVR             ,1.0,500.0,罐   ,180.0,500.0,100.0,3.0,G204水箱精                                                     
1130125GF0000001,ERQ602Q             ,1.0,2500.0,各   ,1750.0,2500.0,100.0,4.0,國際牌60電瓶                                                     
1130125GF0000001,PD1136GMFWV         ,1.0,450.0,組   ,130.0,450.0,100.0,5.0,鯊魚鰭天線(有收訊)                                                  
1130125GF0000001,J2WV2               ,2.0,250.0,組   ,100.0,250.0,100.0,1.0,屋頂天線(短)                                                     
1130126GF0000001,VBDVTX1000ML        ,1.0,200.0,罐   ,80.0,200.0,100.0,1.0,向日葵汽車洗車蠟[車牌]                                              
1121025GF0000001,AFL283578           ,1.0,500.0,組   ,90.0,500.0,100.0,1.0,軟條燈2835-78LED                                               
1121026GF0000001,3D1F1               ,1.0,250.0,支   ,90.0,250.0,100.0,3.0,3D補漆筆                                                       
1121026GF0000001,RSENVMC             ,1.0,100.0,組   ,35.0,100.0,100.0,4.0,RSEN 小圓弧                                                    
1121026GF0000001,PNSHD303            ,1.0,300.0,組   ,100.0,300.0,100.0,1.0,三合一多功能手機架                                                   
1121027GF0000001,SF0028A1D           ,2.0,100.0,組   ,40.0,100.0,100.0,5.0,SF-0028門邊扣                                                  
1121027GF0000001,ERQ55D23L2Q         ,1.0,2800.0,各   ,2100.0,2800.0,100.0,6.0,國際牌70D23L電瓶瓶                                                
1121027GF0000001,13TIDA5MW2          ,1.0,850.0,組   ,300.0,850.0,100.0,2.0,13 TIDA專用踏墊                                                 
1121027GF0000001,AH59ZVQW            ,1.0,750.0,條   ,340.0,750.0,100.0,3.0,AH-59方向盤套                                                   
1121030GF0000001,EY                  ,1.0,300.0,次   ,0.0,300.0,100.0,1.0,工資                                                          
1121030GF0000001,90052Q              ,1.0,250.0,各   ,80.0,250.0,100.0,2.0,9005燈泡                                                      
1121031GF0000001,EY                  ,1.0,100.0,次   ,0.0,100.0,100.0,1.0,工資                                                          
1121031GF0000001,NOIDNRMG14          ,1.0,250.0,支   ,100.0,250.0,100.0,2.0,NOID三節雨刷 14吋                                                
1121031GF0000001,NOIDNRMG20          ,1.0,300.0,組   ,100.0,300.0,100.0,3.0,NOID三節雨刷 20吋                                                
1121101GF0000001,NO2112GRR           ,1.0,450.0,組   ,200.0,450.0,100.0,2.0,NO-[車牌]手機架                                              
1121101GF0000001,DH26TGGW            ,1.0,650.0,組   ,290.0,650.0,100.0,3.0,DH-26 1.2車身飾條                                               
1121102GF0000001,T10552              ,1.0,10.0,各   ,2.0,10.0,100.0,1.0,T10中炸彈                                                      
1121103GF0000001,PNSSUN15XL          ,1.0,1050.0,組   ,530.0,1050.0,100.0,3.0,後車箱防蚊網-XL                                                   
1121103GF0000001,F00917              ,1.0,40.0,張   ,20.0,40.0,100.0,4.0,限搭正妹/立體黑紅白                                                  
1121103GF0000001,H00380              ,2.0,60.0,張   ,30.0,60.0,100.0,5.0,藤原豆腐店(自家用)                                                  
1121103GF0000001,E00692              ,1.0,40.0,張   ,15.0,40.0,100.0,6.0,騰原豆腐店(自家用)/黑紅白                                              
1121106GF0000001,TAA091              ,1.0,699.0,組   ,260.0,699.0,100.0,1.0,後車廂防碰護條-防護大師                                                
1121106GF0000001,CARMATGTU2          ,1.0,350.0,罐   ,130.0,350.0,100.0,2.0,CARMAT煞車油(大)                                                
1121106GF0000001,VBDXEX              ,2.0,100.0,罐   ,55.0,100.0,100.0,3.0,向日葵橘油亮光蠟  [車牌]                                             
1121106GF0000001,EY                  ,1.0,50.0,次   ,0.0,50.0,100.0,4.0,工資                                                          
1121107GF0000001,TYPERH11CR2Q        ,1.0,1000.0,組   ,200.0,1000.0,100.0,7.0,TYPE-R H11黃金燈泡                                              
1121107GF0000001,GV2Q                ,5.0,10.0,各   ,3.5,10.0,100.0,8.0,雙芯燈泡                                                        
1121107GF0000001,5MZVQW              ,1.0,450.0,組   ,50.0,450.0,100.0,5.0,卓越方向盤套                                                      
1121107GF0000001,PS2503XBTX          ,1.0,550.0,組   ,250.0,550.0,100.0,3.0,PS-2503前兩片窗簾                                                
1121107GF0000001,23A2T               ,1.0,60.0,各   ,32.0,60.0,100.0,1.0,23A電池                                                       
1121108GF0000001,EY                  ,1.0,300.0,次   ,0.0,300.0,100.0,8.0,工資                                                          
1121108GF0000001,ZEROVRMG16          ,1.0,800.0,支   ,325.0,800.0,100.0,9.0,ZERO矽膠雨刷16吋                                                 
1121108GF0000001,ZEROVRMG26          ,1.0,1000.0,支   ,415.0,1000.0,100.0,10.0,ZERO 26吋矽膠雨刷                                                
1121108GF0000001,UADWVJZVQW          ,1.0,480.0,組   ,230.0,480.0,100.0,6.0,優馬克碳纖微方向盤套                                                  
1121108GF0000001,16G                 ,1.0,350.0,組   ,180.0,350.0,100.0,2.0,16G                                                         
1121108GF0000001,C55AWFTR            ,1.0,200.0,組   ,128.0,200.0,100.0,3.0,黑珍珠毛毯清潔劑                                                    
1121108GF0000001,VBDQEE5CX           ,1.0,300.0,罐   ,150.0,300.0,100.0,4.0,向日葵皮革光澤護蠟                                                   
1121109GF0000001,BB1361              ,1.0,120.0,張   ,33.0,120.0,100.0,1.0,割字新手駕駛 可愛貓咪                                                 
1121110GF0000001,H1135W22Q           ,1.0,250.0,各   ,90.0,250.0,100.0,3.0,H11 55W 燈泡                                                  
1121110GF0000001,PNSHDF22XXEGRR      ,1.0,500.0,組   ,140.0,500.0,100.0,4.0,六連桿汽車冷氣口手機架                                                 
1121110GF0000001,H500TWGRR           ,1.0,400.0,組   ,180.0,400.0,100.0,1.0,H-500磁鐵手機架                                                  
1121111GF0000001,H500TWGRR           ,1.0,400.0,組   ,180.0,400.0,100.0,12.0,H-500磁鐵手機架                                                  
1121111GF0000001,PNSS182USB          ,1.0,450.0,組   ,180.0,450.0,100.0,13.0,四合一3.1A 2USB點煙器                                             
1121111GF0000001,RSEN7H2G            ,1.0,4000.0,組   ,1200.0,4000.0,100.0,14.0,RSEN 7吋電視                                                   
1121111GF0000001,USBGTV              ,1.0,1000.0,組   ,500.0,1000.0,100.0,7.0,USB輸出線                                                      
1121111GF0000001,RSENT105630         ,1.0,350.0,卡   ,120.0,350.0,100.0,8.0,RSEN T10 5630 10燈                                           
1121111GF0000001,NOIDNRMG16          ,1.0,250.0,支   ,100.0,250.0,100.0,9.0,NOID三節雨刷 16吋                                                
1121111GF0000001,NOIDNRMG26          ,1.0,400.0,支   ,100.0,400.0,100.0,10.0,NOID三節雨刷 26吋                                                
1121111GF0000001,ZJTUA               ,2.0,300.0,罐   ,80.0,300.0,100.0,5.0,防霧除油膜                                                       
1121111GF0000001,12FVRU5XR           ,1.0,500.0,罐   ,120.0,500.0,100.0,3.0,八大全效機油精                                                     
1121111GF0000001,SP3601UXR           ,1.0,550.0,組   ,105.0,550.0,100.0,1.0,SP-3601 飲料架 雙核                                              
1121111GF0000001,ZEROFV1UUR          ,1.0,400.0,罐   ,180.0,400.0,100.0,15.0,ZERO全效保養汽車精[車牌]                                            
1121113GF0000001,T20GV2Q             ,2.0,80.0,各   ,20.0,80.0,100.0,1.0,T20雙芯燈泡                                                     
1121114GF0000001,AS1VNY              ,2.0,20.0,組   ,5.0,20.0,100.0,1.0,迷你保險絲座                                                      
1121115GF0000001,08LIVINATA1E2       ,1.0,900.0,組   ,220.0,900.0,100.0,3.0,08LIVINA長毛避光墊                                               
1121115GF0000001,ZEROVRMG26          ,1.0,1000.0,支   ,415.0,1000.0,100.0,4.0,ZERO 26吋矽膠雨刷                                                
1121115GF0000001,GARMIN532C          ,1.0,4990.0,組   ,4500.0,4990.0,100.0,5.0,GARMIN 53導航                                                 
1121115GF0000001,HY3155J2            ,1.0,400.0,組   ,350.0,400.0,100.0,1.0,HY-315置物袋                                                   
1121116GF0000001,TURBOH7LED          ,1.0,1799.0,組   ,1200.0,1799.0,100.0,7.0,TURBO LED H7大燈                                              
1121116GF0000001,3D1F1               ,1.0,250.0,支   ,90.0,250.0,100.0,8.0,3D補漆筆                                                       
1121116GF0000001,FY2T2R              ,1.0,2500.0,組   ,1800.0,2500.0,100.0,4.0,全自動電瓶充電器                                                    
1121116GF0000001,2QG                 ,1.0,35.0,罐   ,15.0,35.0,100.0,5.0,電瓶水                                                         
1121116GF0000001,ZXQ1G5M2Q           ,1.0,500.0,卡   ,200.0,500.0,100.0,2.0,菲利浦賓士專用室內燈泡                                                 
1121117GF0000001,VBDUMN              ,1.0,650.0,罐   ,300.0,650.0,100.0,13.0,向日葵釉元素                                                      
1121117GF0000001,ZEROFV1UUR          ,1.0,400.0,罐   ,180.0,400.0,100.0,14.0,ZERO全效保養汽車精[車牌]                                            
1121117GF0000001,VBDG2A              ,1.0,300.0,各   ,130.0,300.0,100.0,7.0,向日葵水鍍膜                                                      
1121117GF0000001,6BCA                ,0.5,100.0,包   ,30.0,100.0,100.0,8.0,6入海棉                                                        
1121117GF0000001,992W                ,1.0,550.0,組   ,280.0,550.0,100.0,9.0,99黏土表面清潔                                                    
1121117GF0000001,RSEN55ZVQW          ,1.0,650.0,條   ,250.0,650.0,100.0,10.0,RSEN55方向盤套(黑紅平線)                                            
1121117GF0000001,5HMVGXCA            ,2.0,150.0,各   ,60.0,150.0,100.0,11.0,5吋圓形上蠟海棉                                                    
1121117GF0000001,TW123GAVTW          ,1.0,200.0,組   ,90.0,200.0,100.0,4.0,TW-123雙面洗車套                                                 
1121117GF0000001,T20GV2Q             ,2.0,80.0,各   ,20.0,80.0,100.0,5.0,T20雙芯燈泡                                                     
1121117GF0000001,RSEN02F             ,1.0,1000.0,各   ,400.0,1000.0,100.0,1.0,RSEN安定器                                                     
1121117GF0000001,RSENHID5RF          ,1.0,250.0,各   ,100.0,250.0,100.0,2.0,RSEN HID轉接器                                                 
1121118GF0000001,VTRXFV              ,1.0,350.0,組   ,120.0,350.0,100.0,1.0,行車記錄器線                                                      
1121118GF0000001,EY                  ,1.0,600.0,次   ,0.0,600.0,100.0,2.0,工資                                                          
1121118GF0000001,BB900               ,1.0,120.0,張   ,33.0,120.0,100.0,3.0,割字新手駕駛                                                      
1121118GF0000001,3D5U1               ,1.0,300.0,組   ,113.0,300.0,100.0,4.0,3D遮陽板                                                       
1121118GF0000001,PNSHG03             ,1.0,100.0,組   ,20.0,100.0,100.0,5.0,萬用掛勾 後頭枕 無私角                                                
1121118GF0000001,H722                ,1.0,150.0,各   ,35.0,150.0,100.0,6.0,H7 55W大燈燈泡                                                  
1121118GF0000001,VBDV1XCA            ,2.0,50.0,各   ,25.0,50.0,100.0,7.0,向日葵洗不爛海棉                                                    
1121121GF0000001,1VNV                ,2.0,10.0,各   ,2.0,10.0,100.0,1.0,保險絲(小)                                                      
1121122GF0000001,NR1MY2              ,2.0,250.0,各   ,120.0,250.0,100.0,1.0,冰玉四角座墊                                                      
1121122GF0000001,VBDQEE5CX           ,1.0,350.0,罐   ,150.0,350.0,100.0,2.0,向日葵皮革光澤護蠟                                                   
1121122GF0000001,PNSSCUP04           ,1.0,500.0,組   ,220.0,500.0,100.0,4.0,PU皮革椅縫邊置物盒 2USB 2.4A                                        
1121122GF0000001,NHGX                ,1.0,150.0,罐   ,85.0,150.0,100.0,5.0,三彩水蠟                                                        
1121123GF0000001,GN12036ZVQW         ,1.0,300.0,條   ,90.0,300.0,100.0,5.0,GN-120 36節方向盤套                                              
1121123GF0000001,ABRO1WR             ,1.0,350.0,罐   ,150.0,350.0,100.0,6.0,ABRO補胎劑                                                     
1121118GF0000001,PNSSUN007           ,1.0,400.0,組   ,90.0,400.0,100.0,8.0,後窗汽車紗窗                                                      
1121122GF0000001,3138CU2             ,1.0,750.0,組   ,280.0,750.0,100.0,6.0,3D 3138護腰墊                                                  
1121123GF0000001,POSEN16H            ,0.5,300.0,組   ,70.0,300.0,100.0,1.0,POSEN 16吋雨刷                                                 
1121123GF0000001,NOIDNRMG24          ,1.0,300.0,支   ,100.0,300.0,100.0,2.0,NOID三節雨刷 24吋                                                
1121123GF0000001,J00342              ,1.0,400.0,支   ,130.0,400.0,100.0,3.0,J00342後雨刷 LEXUS                                             
1121124GF0000001,GN5400FCW           ,1.0,200.0,組   ,78.0,200.0,100.0,13.0,GN-540安全護套                                                  
1121124GF0000001,EY                  ,1.0,200.0,次   ,0.0,200.0,100.0,14.0,工資                                                          
1121124GF0000001,VBDG2A              ,1.0,300.0,各   ,130.0,300.0,100.0,15.0,向日葵水鍍膜                                                      
1121124GF0000001,2XAF                ,1.0,120.0,組   ,68.0,120.0,100.0,16.0,打蠟棉球                                                        
1121124GF0000001,RSENGR2128MM        ,2.0,350.0,卡   ,80.0,350.0,100.0,17.0,RSEN雙尖21晶28mmCANBUS                                         
1121124GF0000001,IN312835GS2         ,1.0,400.0,組   ,180.0,400.0,100.0,18.0,IN31AL-2835 6顆LED室內燈 白光 歐規                                  
1121124GF0000001,T20GV2Q             ,2.0,150.0,各   ,20.0,150.0,100.0,19.0,T20雙芯燈泡                                                     
1121124GF0000001,2QG                 ,1.0,35.0,罐   ,15.0,35.0,100.0,11.0,電瓶水                                                         
1121124GF0000001,G204GVR             ,1.0,500.0,罐   ,180.0,500.0,100.0,2.0,G204水箱精                                                     
1121124GF0000001,PNSTK3072-12        ,1.0,250.0,組   ,80.0,250.0,100.0,3.0,72顆LED車內閱讀燈                                                 
1121124GF0000001,PNSTK5012LED2       ,1.0,350.0,組   ,120.0,350.0,100.0,4.0,PNS TK-[車牌]室內燈                                          
1121124GF0000001,PNSHDS01RTGRR       ,1.0,450.0,各   ,180.0,450.0,100.0,5.0,PNS HDS01機車手機架                                              
1121124GF0000001,NOIDNRMG24          ,1.0,350.0,支   ,100.0,350.0,100.0,6.0,NOID三節雨刷 24吋                                                
1121128GF0000001,2008QRVTX           ,1.0,4800.0,組   ,3150.0,4800.0,100.0,1.0,[車牌]窗簾                                                  
1121129GF0000001,15XTREILMGWZJ       ,2.0,1200.0,各   ,600.0,1200.0,100.0,1.0,15 X-TRAIL雨刷通風網(正廠)                                         
1121124GF0000001,NOIDNRMG16          ,1.0,250.0,支   ,100.0,250.0,100.0,7.0,NOID三節雨刷 16吋                                                
1121128GF0000001,YH268FDS2XEN        ,1.0,3000.0,yj3 ,2000.0,3000.0,100.0,3.0,YH-268全功能電力公司                                               
1121128GF0000001,DAW510*50           ,1.0,100.0,張   ,20.0,100.0,100.0,4.0,卡夢貼紙10*50cm                                                 
1121128GF0000001,VBDVATX             ,1.0,200.0,罐   ,65.0,200.0,100.0,5.0,向日葵細目粗蠟                                                     
1121124GF0000001,T10552              ,2.0,50.0,各   ,2.0,50.0,100.0,1.0,T10中炸彈                                                      
1121201GF0000001,T202VCQ             ,1.0,100.0,各   ,15.0,100.0,100.0,1.0,T20單芯琥珀                                                     
1121201GF0000001,3M12*15             ,1.0,200.0,組   ,80.0,200.0,100.0,2.0,3M膠12*15mm(2入)                                              
1121205GF0000001,T10552              ,1.0,50.0,各   ,2.0,50.0,100.0,5.0,T10中炸彈                                                      
1121205GF0000001,NOID36GS2           ,1.0,550.0,組   ,280.0,550.0,100.0,6.0,NOID 36MM室內燈                                                
1121205GF0000001,W2XEUA              ,1.0,650.0,各   ,300.0,650.0,100.0,3.0,特多龍汽車隔音棉                                                    
1121205GF0000001,NOIDNRMG16          ,2.0,250.0,支   ,100.0,250.0,100.0,1.0,NOID三節雨刷 16吋                                                
1121205GF0000001,24VGV2Q             ,2.0,20.0,組   ,4.0,20.0,100.0,7.0,24V雙芯燈泡                                                     
1121206GF0000001,GSLN1               ,1.0,2700.0,各   ,1800.0,2700.0,100.0,1.0,GS LN-1電瓶                                                   
1121206GF0000001,ERQ602Q             ,1.0,2500.0,各   ,1750.0,2500.0,100.0,2.0,國際牌60電瓶                                                     
1121206GF0000001,H11OSARM2Q          ,1.0,400.0,各   ,120.0,400.0,100.0,3.0,H11 OSARM燈泡                                                 
1121206GF0000001,RSEND43000K2Q       ,1.0,1500.0,各   ,550.0,1500.0,100.0,4.0,RSEN D4 3000K燈泡                                             
1121207GF0000001,ABTE021             ,1.0,2200.0,組   ,1600.0,2200.0,100.0,3.0,ABT-E021汽車緊急救車電源                                            
1121207GF0000001,GHA313VRW           ,1.0,300.0,組   ,90.0,300.0,100.0,4.0,GH-A313 台灣製 富開關電源雪茄投/吊卡                                     
1121207GF0000001,10WISH5MW2          ,1.0,1200.0,組   ,550.0,1200.0,100.0,1.0,10WISH專用踏墊                                                  
1121207GF0000001,BHW878BGHY          ,1.0,650.0,組   ,360.0,650.0,100.0,5.0,日式後式餐飲/大                                                    
1121208GF0000001,3D1F1               ,3.0,250.0,支   ,90.0,250.0,100.0,1.0,3D補漆筆                                                       
1121208GF0000001,H7EA2T2TY           ,1.0,400.0,組   ,100.0,400.0,100.0,3.0,H7公母對接陶瓷大燈插座入(2入)                                           
1121209GF0000001,RSENGVR             ,1.0,150.0,罐   ,70.0,150.0,100.0,1.0,RSEN水箱精                                                     
1121209GF0000001,HNFVW               ,1.0,550.0,條   ,150.0,550.0,100.0,2.0,測速器線頭                                                       
1121209GF0000001,32G                 ,1.0,450.0,各   ,180.0,450.0,100.0,3.0,32G卡片                                                       
1121211GF0000001,ABTE021             ,1.0,2290.0,組   ,1600.0,2290.0,100.0,4.0,ABT-E021汽車緊急救車電源                                            
1121211GF0000001,BOSCHX1             ,1.0,799.0,組   ,380.0,799.0,100.0,5.0,BOSCH喇叭                                                     
1121211GF0000001,3D1F1               ,1.0,250.0,支   ,90.0,250.0,100.0,6.0,3D補漆筆                                                       
1121211GF0000001,RSEND14300K2Q       ,1.0,1500.0,各   ,450.0,1500.0,100.0,1.0,RSEN D1S 4300K燈泡                                            
1121211GF0000001,AH62CCZVQ           ,1.0,750.0,條   ,360.0,750.0,100.0,2.0,AH-62紅黑方向盤套                                                 
1121212GF0000001,T20GV2Q             ,4.0,80.0,各   ,20.0,80.0,100.0,5.0,T20雙芯燈泡                                                     
1121212GF0000001,20322T              ,5.0,50.0,各   ,27.0,50.0,100.0,6.0,2032電池                                                      
1121212GF0000001,YH370FES2XEN        ,1.0,3700.0,組   ,1925.0,3700.0,100.0,3.0,YH-370全功能電力公司                                               
1121212GF0000001,TYPERH4CR           ,1.0,1000.0,組   ,200.0,1000.0,100.0,1.0,TYPE-R H4黃金燈泡                                               
1121213GF0000001,EY                  ,1.0,400.0,次   ,0.0,400.0,100.0,1.0,工資                                                          
1121214GF0000001,PW-15WU1            ,1.0,200.0,各   ,100.0,200.0,100.0,1.0,胎壓筆                                                         
1121215GF0000001,RSENT105SMD         ,1.0,450.0,卡   ,110.0,450.0,100.0,4.0,RSEN T105 SMD                                               
1121215GF0000001,H724V2Q             ,1.0,250.0,各   ,80.0,250.0,100.0,5.0,H7 24V燈泡                                                    
1121216GF0000001,YARISCORSS1E2       ,1.0,700.0,組   ,300.0,700.0,100.0,1.0,YARIS CORSS長毛避光墊                                            
1121216GF0000001,1VNV                ,5.0,20.0,各   ,2.0,20.0,100.0,2.0,保險絲(小)                                                      
1121215GF0000001,RSENT2069DGCQ       ,1.0,999.0,組   ,450.0,999.0,100.0,1.0,RSEN T20 69燈防快閃單芯琥珀                                         
1121215GF0000001,T10552              ,2.0,10.0,各   ,2.0,10.0,100.0,2.0,T10中炸彈                                                      
1121218GF0000001,TYPERH11CR2Q        ,1.0,1000.0,組   ,200.0,1000.0,100.0,1.0,TYPE-R H11黃金燈泡                                              
1121220GF0000001,ID6HW5              ,1.0,2000.0,組   ,700.0,2000.0,100.0,8.0,ID-6吋同軸喇叭                                                   
1121220GF0000001,SENFINECOCUFFVR     ,1.0,350.0,罐   ,80.0,350.0,100.0,9.0,德國SENFINECO化油器清洗劑9938                                       
1130202GF0000001,GN757               ,1.0,300.0,張   ,35.0,300.0,100.0,6.0,立體卡夢貼紙                                                      
1130202GF0000001,H1135W22Q           ,1.0,225.0,各   ,90.0,225.0,100.0,3.0,H11 55W 燈泡                                                  
1130202GF0000001,ABROTA1CQX          ,1.0,315.0,罐   ,130.0,315.0,100.0,1.0,ABRO車身保護噴蠟                                                  
1130203GF0000001,EY                  ,1.0,600.0,次   ,0.0,600.0,100.0,1.0,工資                                                          
1130203GF0000001,H-326111X1          ,1.0,450.0,組   ,160.0,450.0,100.0,2.0,H-32611嗶嗶喇叭                                                 
1130204GF0000001,3D1F1               ,1.0,215.0,支   ,90.0,215.0,100.0,3.0,3D補漆筆                                                       
1130204GF0000001,929TX               ,1.0,135.0,罐   ,58.0,135.0,100.0,4.0,929粗蠟                                                       
1130204GF0000001,NOIDNRMG14          ,1.0,250.0,支   ,100.0,250.0,100.0,5.0,NOID三節雨刷 14吋                                                
1130204GF0000001,NOIDNRMG24          ,1.0,350.0,支   ,100.0,350.0,100.0,6.0,NOID三節雨刷 24吋                                                
1130204GF0000001,ERQ602Q             ,1.0,2400.0,各   ,1750.0,2400.0,100.0,1.0,國際牌60電瓶                                                     
1130205GF0000001,ZJTUA               ,1.0,270.0,罐   ,80.0,270.0,100.0,1.0,防霧除油膜                                                       
1130205GF0000001,XE2MGG250CC         ,1.0,90.0,罐   ,28.0,90.0,100.0,2.0,Xe2雨刷水 [車牌]                                                
1130205GF0000001,UX02XZVQU           ,1.0,315.0,罐   ,120.0,315.0,100.0,3.0,亞力安動力方向盤油                                                   
1130206GF0000001,RSEND28000K         ,1.0,1000.0,各   ,250.0,1000.0,100.0,1.0,RSEN D2 8000K燈泡                                             
1130206GF0000001,5E2C                ,1.0,1500.0,組   ,0.0,1500.0,100.0,2.0,中古導航                                                        
1130207GF0000001,SAXO1040            ,1.0,400.0,罐   ,120.0,400.0,100.0,5.0,SAXO 10W/40機油                                               
1130207GF0000001,NOIDNRMG18          ,1.0,300.0,支   ,100.0,300.0,100.0,6.0,NOID三節雨刷 18吋                                                
1130207GF0000001,NOIDNRMG22          ,1.0,300.0,支   ,100.0,300.0,100.0,7.0,NOID三節雨刷 22吋                                                
1130207GF0000001,J00341CMG           ,1.0,400.0,支   ,130.0,400.0,100.0,1.0,J0[車牌]後雨刷                                               
1130207GF0000001,POSEN16H            ,1.0,350.0,組   ,70.0,350.0,100.0,2.0,POSEN 16吋雨刷                                                 
1130207GF0000001,RSENUG24HMG         ,1.0,300.0,支   ,100.0,300.0,100.0,3.0,RSEN硬式雨刷 24吋                                                
1130208GF0000001,VTRXFV              ,1.0,600.0,組   ,120.0,600.0,100.0,12.0,行車記錄器線                                                      
1130208GF0000001,NOIDNRMG18          ,2.0,300.0,支   ,100.0,300.0,100.0,13.0,NOID三節雨刷 18吋                                                
1130208GF0000001,NOIDNRMG22          ,1.0,350.0,支   ,100.0,350.0,100.0,14.0,NOID三節雨刷 22吋                                                
1130208GF0000001,929TX               ,1.0,150.0,罐   ,58.0,150.0,100.0,15.0,929粗蠟                                                       
1130208GF0000001,1W                  ,1.0,100.0,組   ,55.0,100.0,100.0,16.0,補土                                                          
1130208GF0000001,3M12*15             ,1.0,150.0,組   ,80.0,150.0,100.0,17.0,3M膠12*15mm(2入)                                              
1130208GF0000001,RSENC1XWU           ,1.0,250.0,罐   ,95.0,250.0,100.0,18.0,RSEN環保輪胎油                                                   
1130208GF0000001,SENFINECOQUYSU      ,1.0,350.0,罐   ,120.0,350.0,100.0,19.0,德國SENFINECO噴油嘴牛油9977                                        
1130208GF0000001,LASTS2DVG           ,1.0,50.0,各   ,30.0,50.0,100.0,20.0,LASTS吊卡香水                                                   
1130208GF0000001,NOIDNRMG14          ,1.0,250.0,支   ,100.0,250.0,100.0,8.0,NOID三節雨刷 14吋                                                
1121220GF0000001,GRGS2               ,3.0,10.0,各   ,2.0,10.0,100.0,3.0,雙尖室內燈                                                       
1121220GF0000001,GV2Q                ,2.0,10.0,各   ,3.5,10.0,100.0,4.0,雙芯燈泡                                                        
1121220GF0000001,T202VCQ             ,1.0,100.0,各   ,15.0,100.0,100.0,1.0,T20單芯琥珀                                                     
1121220GF0000001,DC021MVWU1          ,1.0,650.0,各   ,290.0,650.0,100.0,10.0,DC-021專業級圓形胎壓表                                              
1121221GF0000001,ZERO14VRMG          ,1.0,700.0,支   ,290.0,700.0,100.0,3.0,ZERO矽膠雨刷14吋                                                 
1121221GF0000001,ZEROVRMG24          ,1.0,1000.0,支   ,415.0,1000.0,100.0,4.0,ZERO矽膠雨刷24吋                                                 
1121221GF0000001,PD1066500W1UF       ,1.0,2299.0,組   ,1500.0,2299.0,100.0,1.0,PD-1065 500W變壓器                                             
1121222GF0000001,ZEROVRMG18          ,1.0,880.0,支   ,325.0,880.0,100.0,1.0,ZERO矽膠雨刷18吋                                                 
1121222GF0000001,ZEROVRMG26          ,1.0,1120.0,支   ,415.0,1120.0,100.0,2.0,ZERO 26吋矽膠雨刷                                                
1121222GF0000001,3D1F1               ,1.0,250.0,支   ,90.0,250.0,100.0,3.0,3D補漆筆                                                       
1121222GF0000001,T10552              ,2.0,10.0,各   ,2.0,10.0,100.0,4.0,T10中炸彈                                                      
1121222GF0000001,RSENUGMG22H         ,1.0,250.0,支   ,70.0,250.0,100.0,5.0,RSEN 硬式22吋雨刷                                                
1121222GF0000001,POSEN16H            ,0.5,500.0,組   ,70.0,500.0,100.0,6.0,POSEN 16吋雨刷                                                 
1121222GF0000001,PNSHDF26            ,1.0,400.0,組   ,140.0,400.0,100.0,7.0,夾扣式出風口手機架                                                   
1121225GF0000001,RSEN55ZVQW          ,1.0,650.0,條   ,250.0,650.0,100.0,5.0,RSEN55方向盤套(黑紅平線)                                            
1121225GF0000001,YARISCORSSNQFMT     ,1.0,1500.0,組   ,700.0,1500.0,100.0,6.0,YARIS CORSS(四片)晴雨窗                                          
1121225GF0000001,V37GRR              ,1.0,400.0,組   ,100.0,400.0,100.0,3.0,V37儀表板手機架                                                   
1121225GF0000001,GHA313VRW           ,1.0,350.0,組   ,90.0,350.0,100.0,1.0,GH-A313 台灣製 富開關電源雪茄投/吊卡                                     
1121226GF0000001,3D1F1               ,1.0,250.0,支   ,90.0,250.0,100.0,3.0,3D補漆筆                                                       
1121226GF0000001,16322T              ,1.0,200.0,各   ,25.0,200.0,100.0,4.0,1632電池                                                      
1121226GF0000001,TYPER90062Q         ,1.0,1000.0,組   ,200.0,1000.0,100.0,5.0,TYPE-R9006黃金燈泡                                              
1121226GF0000001,ZEROFV1UUR          ,1.0,400.0,罐   ,180.0,400.0,100.0,6.0,ZERO全效保養汽車精[車牌]                                            
1121226GF0000001,CARGTUV             ,1.0,200.0,罐   ,90.0,200.0,100.0,7.0,CAR煞車油(小)                                                   
1121226GF0000001,GN5V                ,1.0,350.0,罐   ,140.0,350.0,100.0,8.0,雙色之星香水                                                      
1121226GF0000001,16G                 ,1.0,350.0,組   ,180.0,350.0,100.0,1.0,16G                                                         
1121227GF0000001,VBDUMN              ,1.0,650.0,罐   ,300.0,650.0,100.0,1.0,向日葵釉元素                                                      
1121227GF0000001,H00789              ,1.0,60.0,張   ,30.0,60.0,100.0,2.0,賤兔/紅帽                                                       
1121227GF0000001,GN757               ,1.0,300.0,張   ,35.0,300.0,100.0,3.0,立體卡夢貼紙                                                      
1121228GF0000001,VTRXFV              ,1.0,350.0,組   ,120.0,350.0,100.0,9.0,行車記錄器線                                                      
1121228GF0000001,EY                  ,1.0,500.0,次   ,0.0,500.0,100.0,10.0,工資                                                          
1121228GF0000001,1VNYTG              ,1.0,100.0,組   ,25.0,100.0,100.0,7.0,保險絲座插式                                                      
1121228GF0000001,2V2Q                ,1.0,10.0,各   ,4.5,10.0,100.0,5.0,單芯燈泡                                                        
1121228GF0000001,ZEROVRMG16          ,1.0,800.0,支   ,325.0,800.0,100.0,1.0,ZERO矽膠雨刷16吋                                                 
1121228GF0000001,ZEROVRMG24          ,1.0,1000.0,支   ,415.0,1000.0,100.0,2.0,ZERO矽膠雨刷24吋                                                 
1121228GF0000001,G18.52Q             ,2.0,20.0,各   ,5.0,20.0,100.0,3.0,G18.5燈泡                                                     
1121229GF0000001,LD72UVTRXF          ,1.0,3500.0,組   ,1500.0,3500.0,100.0,1.0,LD-7單眼行車記錄器                                                 
1121229GF0000001,U7NQGFMT            ,1.0,2000.0,組   ,700.0,2000.0,100.0,2.0,U7(四片)晴雨窗                                                   
1121230GF0000001,NOIDNRMG18          ,1.0,300.0,支   ,100.0,300.0,100.0,1.0,NOID三節雨刷 18吋                                                
1121230GF0000001,NOIDNRMG24          ,1.0,350.0,支   ,100.0,350.0,100.0,2.0,NOID三節雨刷 24吋                                                
1121230GF0000001,ZJTUA               ,1.0,300.0,罐   ,80.0,300.0,100.0,3.0,防霧除油膜                                                       
1121230GF0000001,XE2MGG250CC         ,1.0,100.0,罐   ,28.0,100.0,100.0,4.0,Xe2雨刷水 [車牌]                                                
1130103GF0000001,RTV38QZ             ,1.0,1450.0,組   ,750.0,1450.0,100.0,1.0,38平方救車線(10尺)                                                
1130103GF0000001,2XAF                ,1.0,100.0,組   ,68.0,100.0,100.0,2.0,打蠟棉球                                                        
1130103GF0000001,R2F                 ,1.0,400.0,組   ,25.0,400.0,100.0,3.0,繼電器                                                         
1130109GF0000001,ZEROVRMG26          ,1.0,1000.0,支   ,415.0,1000.0,100.0,5.0,ZERO 26吋矽膠雨刷                                                
1130103GF0000001,TAA090              ,1.0,699.0,組   ,260.0,699.0,100.0,4.0,卡夢小尾翼-防護大師                                                  
1130109GF0000001,1VNY                ,1.0,500.0,各   ,100.0,500.0,100.0,6.0,圓保險絲座                                                       
1130109GF0000001,RSENUEMG20H         ,1.0,200.0,各   ,100.0,200.0,100.0,2.0,RSEN硬骨20吋雨刷                                                 
1130109GF0000001,POSEN18H            ,0.5,400.0,組   ,60.0,400.0,100.0,3.0,POSEN 18吋雨刷                                                 
1130110GF0000001,G204GVR             ,1.0,500.0,罐   ,180.0,500.0,100.0,3.0,G204水箱精                                                     
1130110GF0000001,LP081UCE            ,1.0,200.0,各   ,80.0,200.0,100.0,4.0,LP-081煙灰缸                                                   
1130110GF0000001,GV5XJ               ,1.0,400.0,片   ,230.0,400.0,100.0,1.0,水箱罩鋁網                                                       
1130111GF0000001,H4OSRAM2Q           ,2.0,300.0,各   ,48.0,300.0,100.0,4.0,H4 OSRAM燈泡                                                  
1130111GF0000001,VBDQEYB1UR          ,1.0,300.0,罐   ,120.0,300.0,100.0,5.0,向日葵皮革滋潤保養液                                                  
1130111GF0000001,RSEN55ZVQW          ,1.0,750.0,條   ,250.0,750.0,100.0,6.0,RSEN55方向盤套(黑紅平線)                                            
1130111GF0000001,8YCA                ,1.0,75.0,各   ,30.0,75.0,100.0,7.0,8字海棉                                                        
1130111GF0000001,HY8910FCW           ,1.0,300.0,組   ,120.0,300.0,100.0,8.0,HY-891安全護套                                                  
1130111GF0000001,ABTE091ZDJMAIGDJVJF ,1.0,1000.0,組   ,650.0,1000.0,100.0,1.0,ABT-E091芳香物語AI雙孔無限霧化機                                       
1130111GF0000001,VTRXFV              ,1.0,300.0,組   ,120.0,300.0,100.0,2.0,行車記錄器線                                                      
1130111GF0000001,EY                  ,1.0,300.0,次   ,0.0,300.0,100.0,9.0,工資                                                          
1130126GF0000001,3D1F1               ,1.0,250.0,支   ,90.0,250.0,100.0,2.0,3D補漆筆                                                       
1130127GF0000001,3M2CM               ,1.0,180.0,捲   ,90.0,180.0,100.0,7.0,3M膠*2CM                                                     
1130128GF0000001,WF55D23L2Q          ,1.0,2400.0,各   ,1850.0,2400.0,100.0,1.0,湯淺55D23L電瓶                                                  
1130127GF0000001,8#2MV               ,6.0,100.0,米   ,38.0,100.0,100.0,8.0,8#電源線                                                       
1130127GF0000001,2MT                 ,4.0,25.0,各   ,0.0,25.0,100.0,1.0,電源夾(小)                                                      
1130127GF0000001,SENFINECOGV5XR      ,1.0,450.0,罐   ,150.0,450.0,100.0,2.0,西德SENFINECO水箱止漏劑                                            
1130127GF0000001,SAXO5W50            ,1.0,500.0,罐   ,220.0,500.0,100.0,3.0,SAXO 5W/50機油                                                
1130127GF0000001,NOIDNRMG20          ,1.0,350.0,組   ,100.0,350.0,100.0,4.0,NOID三節雨刷 20吋                                                
1130127GF0000001,NOIDNRMG22          ,1.0,350.0,支   ,100.0,350.0,100.0,5.0,NOID三節雨刷 22吋                                                
1130127GF0000001,AFL283578           ,1.0,600.0,組   ,90.0,600.0,100.0,9.0,軟條燈2835-78LED                                               
1130127GF0000001,MP3XUXW             ,1.0,1200.0,組   ,520.0,1200.0,100.0,10.0,樂團FM藍芽音樂播放器                                                 
1130128GF0000001,ERQ602Q             ,1.0,2300.0,各   ,1750.0,2300.0,100.0,2.0,國際牌60電瓶                                                     
1130129GF0000001,ZJTUA               ,1.0,300.0,罐   ,80.0,300.0,100.0,7.0,防霧除油膜                                                       
1130129GF0000001,6BCA                ,0.5,100.0,包   ,30.0,100.0,100.0,8.0,6入海棉                                                        
1130129GF0000001,ZV5G539HNF          ,1.0,3500.0,組   ,1900.0,3500.0,100.0,5.0,發現者F-539測速器                                                 
1130130GF0000001,VBDV1XCA            ,1.0,50.0,各   ,25.0,50.0,100.0,5.0,向日葵洗不爛海棉                                                    
1130129GF0000001,GV2Q                ,5.0,10.0,各   ,3.5,10.0,100.0,3.0,雙芯燈泡                                                        
1130129GF0000001,10WISHTA1E2         ,1.0,800.0,組   ,220.0,800.0,100.0,1.0,10WISH長毛避光墊                                                 
1130130GF0000001,PNSTL4030           ,1.0,100.0,條   ,20.0,100.0,100.0,6.0,超細高密度珊瑚絨毛巾-雙色毛巾                                             
1130130GF0000001,T10552              ,2.0,50.0,各   ,2.0,50.0,100.0,7.0,T10中炸彈                                                      
1130130GF0000001,BD0907GQW1          ,1.0,800.0,組   ,80.0,800.0,100.0,1.0,BD-0907手排踏板                                                 
1130130GF0000001,AH59ZVQW            ,1.0,750.0,條   ,340.0,750.0,100.0,2.0,AH-59方向盤套                                                   
1130130GF0000001,DA0FCW              ,1.0,200.0,組   ,0.0,200.0,100.0,3.0,卡夢安全護套                                                      
1130131GF0000001,RSENT2069DGCQ       ,1.0,999.0,組   ,450.0,999.0,100.0,1.0,RSEN T20 69燈防快閃單芯琥珀                                         
1130131GF0000001,RSEN66ZVQW          ,1.0,650.0,條   ,250.0,650.0,100.0,2.0,RSEN-66方向盤套                                                 
1130131GF0000001,08ALTISTA1E2        ,1.0,800.0,組   ,220.0,800.0,100.0,3.0,08ALTIS長毛避光墊                                                
1130201GF0000001,H1135W22Q           ,2.0,250.0,各   ,90.0,250.0,100.0,1.0,H11 55W 燈泡                                                  
1130201GF0000001,VBDSAA1X            ,1.0,450.0,罐   ,250.0,450.0,100.0,3.0,向日葵奈米美白蠟                                                    
1130201GF0000001,Z10CVU              ,1.0,1000.0,組   ,800.0,1000.0,100.0,4.0,Z10後顯影                                                      
1130202GF0000001,HY8910FCW           ,1.0,200.0,組   ,120.0,200.0,100.0,5.0,HY-891安全護套                                                  
1130208GF0000001,NOIDNRMG26          ,2.0,400.0,支   ,100.0,400.0,100.0,9.0,NOID三節雨刷 26吋                                                
1130208GF0000001,RSENH42TY           ,1.0,250.0,組   ,70.0,250.0,100.0,10.0,RSEN H4陶瓷座                                                  
1130208GF0000001,NOIDNRMG24          ,1.0,350.0,支   ,100.0,350.0,100.0,21.0,NOID三節雨刷 24吋                                                
1130208GF0000001,UADVTR              ,1.0,200.0,罐   ,60.0,200.0,100.0,5.0,優馬克洗車精                                                      
1130208GF0000001,RSENMGR             ,1.0,150.0,罐   ,70.0,150.0,100.0,6.0,RSEN雨刷精                                                     
1130208GF0000001,3D1F1               ,1.0,250.0,支   ,90.0,250.0,100.0,3.0,3D補漆筆                                                       
1130208GF0000001,NOIDNRMG14          ,1.0,250.0,支   ,100.0,250.0,100.0,1.0,NOID三節雨刷 14吋                                                
1130208GF0000001,ZJTUA               ,2.0,300.0,罐   ,80.0,300.0,100.0,22.0,防霧除油膜                                                       
1130209GF0000001,ZEROVRMG18          ,1.0,800.0,支   ,325.0,800.0,100.0,1.0,ZERO矽膠雨刷18吋                                                 
1130209GF0000001,ZEROVRMG24          ,1.0,1000.0,支   ,415.0,1000.0,100.0,2.0,ZERO矽膠雨刷24吋                                                 
1130215GF0000001,3D1F1               ,1.0,250.0,支   ,90.0,250.0,100.0,5.0,3D補漆筆                                                       
1130215GF0000001,HK902DUX1           ,1.0,899.0,組   ,260.0,899.0,100.0,6.0,HK-902快音喇叭 WRC                                              
1130215GF0000001,H00658              ,1.0,60.0,張   ,30.0,60.0,100.0,1.0,爪子/立體反光                                                     
1130215GF0000001,H00339              ,1.0,60.0,張   ,30.0,60.0,100.0,2.0,新手駕駛請多包涵                                                    
1130215GF0000001,H00501              ,1.0,60.0,張   ,30.0,60.0,100.0,3.0,熊出沒注意貼紙                                                     
1130216GF0000001,PNSHDS01RTGRR       ,1.0,500.0,各   ,180.0,500.0,100.0,3.0,PNS HDS01機車手機架                                              
1130216GF0000001,H4OSRAM2Q           ,1.0,300.0,各   ,48.0,300.0,100.0,4.0,H4 OSRAM燈泡                                                  
1130216GF0000001,3M1UFTR             ,1.0,350.0,各   ,160.0,350.0,100.0,1.0,3M柏油清除劑                                                     
1130217GF0000001,SENFINCEODFFRR      ,1.0,450.0,罐   ,180.0,450.0,100.0,1.0,西德SENFINCEO空氣清潔劑9980                                        
1130219GF0000001,POSEN18H            ,1.0,300.0,組   ,60.0,300.0,100.0,1.0,POSEN 18吋雨刷                                                 
1130219GF0000001,EY                  ,1.0,500.0,次   ,0.0,500.0,100.0,2.0,工資                                                          
1130219GF0000001,FIFIVG              ,1.0,150.0,罐   ,70.0,150.0,100.0,3.0,FIFI香水                                                      
1130219GF0000001,NO771WVG            ,1.0,250.0,各   ,75.0,250.0,100.0,4.0,NO-77備長炭香水                                                  
1130219GF0000001,SAXO5W50            ,1.0,550.0,罐   ,220.0,550.0,100.0,5.0,SAXO 5W/50機油                                                
1130220GF0000001,9006OSRAM           ,2.0,400.0,各   ,100.0,400.0,100.0,3.0,[車牌]AM燈泡                                                
1130220GF0000001,RET5                ,1.0,1000.0,各   ,350.0,1000.0,100.0,4.0,佳固車罩                                                        
1130220GF0000001,NOIDNRMG24          ,1.0,500.0,支   ,100.0,500.0,100.0,1.0,NOID三節雨刷 24吋                                                
1130221GF0000001,T105630MU           ,1.0,500.0,組   ,180.0,500.0,100.0,1.0,T10 [車牌]插式12/24                                         
1130221GF0000001,RSENT1018RMU        ,2.0,500.0,卡   ,150.0,500.0,100.0,2.0,RSEN T10 魚眼 18晶CANBUS                                       
1130222GF0000001,V33GRR              ,1.0,350.0,組   ,150.0,350.0,100.0,4.0,V33手機架                                                      
1130222GF0000001,EY                  ,1.0,200.0,次   ,0.0,200.0,100.0,5.0,工資                                                          
1130223GF0000001,SENFINECORU5X       ,2.0,550.0,罐   ,160.0,550.0,100.0,1.0,西德SENFINECO機油止漏劑                                            
1130222GF0000001,H7OSRARN2Q          ,1.0,600.0,各   ,70.0,600.0,100.0,1.0,H7 OSRARN燈泡                                                 
1130222GF0000001,GV2Q                ,4.0,10.0,各   ,3.5,10.0,100.0,2.0,雙芯燈泡                                                        
1130223GF0000001,GVCQ2Q              ,2.0,50.0,各   ,15.0,50.0,100.0,2.0,雙芯琥珀燈泡                                                      
1130224GF0000001,G18.52Q             ,1.0,20.0,各   ,5.0,20.0,100.0,1.0,G18.5燈泡                                                     
1130224GF0000001,VBDUMN              ,1.0,650.0,罐   ,300.0,650.0,100.0,2.0,向日葵釉元素                                                      
1130224GF0000001,2XAF                ,1.0,100.0,組   ,68.0,100.0,100.0,3.0,打蠟棉球                                                        
1130224GF0000001,DH1703ZCAY2         ,1.0,750.0,各   ,320.0,750.0,100.0,4.0,DH-1703梨花木坐墊                                                
1130226GF0000001,24VGV2Q             ,10.0,15.0,組   ,4.0,15.0,100.0,4.0,24V雙芯燈泡                                                     
1130224GF0000001,5E2Q                ,1.0,1000.0,組   ,0.0,1000.0,100.0,5.0,中古電瓶                                                        
1130226GF0000001,H4100W2Q            ,1.0,200.0,各   ,65.0,200.0,100.0,5.0,H4 100W燈泡                                                   
1130226GF0000001,SAXO1040            ,1.0,400.0,罐   ,120.0,400.0,100.0,6.0,SAXO 10W/40機油                                               
1130226GF0000001,H11OSARM2Q          ,1.0,400.0,各   ,120.0,400.0,100.0,1.0,H11 OSARM燈泡                                                 
1130226GF0000001,T10552              ,2.0,10.0,各   ,2.0,10.0,100.0,2.0,T10中炸彈                                                      
1130227GF0000001,POSEN18H            ,1.0,400.0,組   ,60.0,400.0,100.0,1.0,POSEN 18吋雨刷                                                 
1130227GF0000001,SAXOC35W30FHU       ,1.0,550.0,罐   ,220.0,550.0,100.0,2.0,SAXO C3 5W30柴油共用遊                                           
1130229GF0000001,EY                  ,1.0,600.0,次   ,0.0,600.0,100.0,1.0,工資                                                          
1130229GF0000001,QWZG                ,1.0,850.0,組   ,450.0,850.0,100.0,2.0,普通扶手                                                        
1130229GF0000001,VTRXFV              ,1.0,500.0,組   ,120.0,500.0,100.0,3.0,行車記錄器線                                                      
1130229GF0000001,RSENT2069DGCQ       ,1.0,999.0,組   ,450.0,999.0,100.0,4.0,RSEN T20 69燈防快閃單芯琥珀                                         
1130301GF0000001,JXFYE               ,1.0,150.0,組   ,40.0,150.0,100.0,2.0,JX 充氣嘴                                                      
1130301GF0000001,EY                  ,1.0,650.0,次   ,0.0,650.0,100.0,3.0,工資                                                          
1130302GF0000001,XWEYY               ,1.0,300.0,組   ,165.0,300.0,100.0,1.0,輪胎工具組                                                       
1130302GF0000001,GV2Q                ,1.0,100.0,各   ,4.5,100.0,100.0,2.0,雙芯燈泡                                                        
1130304GF0000001,ZJTUA               ,1.0,300.0,罐   ,80.0,300.0,100.0,1.0,防霧除油膜                                                       
1130302GF0000001,V38U1GRR            ,1.0,400.0,組   ,150.0,400.0,100.0,3.0,V38儀板手機架                                                    
1130306GF0000001,AL578USB            ,1.0,250.0,組   ,80.0,250.0,100.0,1.0,AL-578 USB插頭                                                
1130307GF0000001,ZJTUA               ,1.0,300.0,罐   ,80.0,300.0,100.0,7.0,防霧除油膜                                                       
1130307GF0000001,6BCA                ,0.5,100.0,包   ,30.0,100.0,100.0,8.0,6入海棉                                                        
1130307GF0000001,RSENUE16HMG         ,1.0,200.0,支   ,70.0,200.0,100.0,9.0,RSEN 硬骨 16吋雨刷                                               
1130307GF0000001,RSENUGMG22H         ,1.0,250.0,支   ,70.0,250.0,100.0,10.0,RSEN 硬式22吋雨刷                                                
1130307GF0000001,H00658              ,1.0,60.0,張   ,30.0,60.0,100.0,3.0,爪子/立體反光                                                     
1130307GF0000001,F00250              ,1.0,40.0,張   ,20.0,40.0,100.0,4.0,尿尿小子/黑紅白                                                    
1130307GF0000001,K00295              ,1.0,100.0,張   ,50.0,100.0,100.0,5.0,火焰/立體黑紅白                                                    
1130307GF0000001,T202VCQ             ,1.0,100.0,各   ,15.0,100.0,100.0,1.0,T20單芯琥珀                                                     
1130308GF0000001,EY                  ,1.0,1000.0,次   ,0.0,1000.0,100.0,3.0,工資                                                          
1130308GF0000001,12AY25TA1E2         ,1.0,700.0,組   ,260.0,700.0,100.0,4.0,12馬自達5長毛避光墊                                                 
1130308GF0000001,G74435630           ,1.0,750.0,卡   ,240.0,750.0,100.0,5.0,7443後煞車燈 魚眼10各5630                                          
1130309GF0000001,ERQ55D23L2Q         ,1.0,2800.0,各   ,2100.0,2800.0,100.0,1.0,國際牌70D23L電瓶瓶                                                
1130309GF0000001,G2DE                ,1.0,200.0,各   ,80.0,200.0,100.0,2.0,水滴開關                                                        
1130309GF0000001,KY330FE             ,2.0,250.0,組   ,115.0,250.0,100.0,3.0,KY-330旗桿                                                    
1130311GF0000001,2V2Q                ,2.0,10.0,各   ,4.5,10.0,100.0,6.0,單芯燈泡                                                        
1130311GF0000001,3D1F1               ,1.0,250.0,支   ,90.0,250.0,100.0,7.0,3D補漆筆                                                       
1130311GF0000001,82VA5MMG            ,1.0,750.0,組   ,350.0,750.0,100.0,4.0,12-168代喜美專用雨刷                                               
1130311GF0000001,GGCGRR              ,1.0,750.0,組   ,350.0,750.0,100.0,2.0,福壽(R)後視鏡                                                    
1130312GF0000001,16G                 ,1.0,350.0,組   ,180.0,350.0,100.0,5.0,16G                                                         
1130312GF0000001,RSENA1FTU11A5W      ,1.0,350.0,組   ,120.0,350.0,100.0,6.0,RSEN A1汽車背面紙套                                               
1130312GF0000001,RSEN57ZVQW          ,1.0,650.0,組   ,250.0,650.0,100.0,7.0,RSEN 57方向盤套                                                 
1130312GF0000001,GN5V                ,1.0,300.0,罐   ,140.0,300.0,100.0,8.0,雙色之星香水                                                      
1130312GF0000001,MP3XUXW             ,1.0,1200.0,組   ,520.0,1200.0,100.0,3.0,樂團FM藍芽音樂播放器                                                 
1130311GF0000001,90062Q              ,2.0,250.0,各   ,80.0,250.0,100.0,9.0,9006燈泡                                                      
1130312GF0000001,24VBW2              ,2.0,300.0,條   ,100.0,300.0,100.0,1.0,24V軟條燈                                                      
1130313GF0000001,RT7A2Q              ,1.0,1000.0,各   ,650.0,1000.0,100.0,1.0,機車7A電瓶                                                      
1130314GF0000001,ZJTUA               ,1.0,300.0,罐   ,80.0,300.0,100.0,6.0,防霧除油膜                                                       
1130314GF0000001,NB1040              ,1.0,550.0,罐   ,200.0,550.0,100.0,7.0,NB 10/40機油                                                  
1130314GF0000001,12FVRU5XR           ,1.0,550.0,罐   ,120.0,550.0,100.0,8.0,八大全效機油精                                                     
1130314GF0000001,NOIDNRMG16          ,1.0,250.0,支   ,100.0,250.0,100.0,9.0,NOID三節雨刷 16吋                                                
1130314GF0000001,NOIDNRMG24          ,1.0,350.0,支   ,100.0,350.0,100.0,10.0,NOID三節雨刷 24吋                                                
1130314GF0000001,F00922              ,1.0,40.0,張   ,20.0,40.0,100.0,11.0,柴油加滿                                                        
1130314GF0000001,VBDVATX200G         ,1.0,200.0,組   ,38.0,200.0,100.0,12.0,向日葵細目粗蠟 200G                                                
1130314GF0000001,TAA055DQF0FTV       ,1.0,300.0,組   ,60.0,300.0,100.0,3.0,TA-A055開瓶器+安全插銷                                             
1130314GF0000001,TAA013RUUVW5        ,1.0,150.0,件   ,50.0,150.0,100.0,4.0,TA-A013加油提醒圈+油箱蓋貼                                           
1130314GF0000001,TVJ1                ,1.0,50.0,條   ,15.0,50.0,100.0,13.0,超纖維布                                                        
1130314GF0000001,RSENUE12HMG         ,1.0,250.0,支   ,70.0,250.0,100.0,14.0,RSEN硬骨 12吋雨刷                                                
1130314GF0000001,TCOUSTA1E2          ,1.0,499.0,各   ,240.0,499.0,100.0,1.0,TCOUS 長毛避光墊                                                 
1130314GF0000001,IN312835GS2         ,1.0,450.0,組   ,180.0,450.0,100.0,15.0,IN31AL-2835 6顆LED室內燈 白光 歐規                                  
1130314GF0000001,RSENT104014242      ,1.0,450.0,組   ,160.0,450.0,100.0,16.0,RSEN T10 4014 24燈                                           
1130315GF0000001,NOIDNRMG14          ,1.0,250.0,支   ,100.0,250.0,100.0,1.0,NOID三節雨刷 14吋                                                
1130315GF0000001,NOIDNRMG22          ,1.0,350.0,支   ,100.0,350.0,100.0,2.0,NOID三節雨刷 22吋                                                
1130318GF0000001,ERQ602Q             ,1.0,2500.0,各   ,1750.0,2500.0,100.0,1.0,國際牌60電瓶                                                     
1130319GF0000001,S27-54TY214AS1VN    ,1.0,200.0,各   ,110.0,200.0,100.0,5.0,S27-54插座副214迷你腳你保險絲1入(不加保險絲)                                
1130319GF0000001,AS1VNY              ,2.0,10.0,組   ,5.0,10.0,100.0,6.0,迷你保險絲座                                                      
1130319GF0000001,ESCAPEFMT           ,1.0,900.0,組   ,450.0,900.0,100.0,3.0,ESCAPE晴雨窗                                                   
1130319GF0000001,E5NRR               ,1.0,350.0,組   ,165.0,350.0,100.0,1.0,故障三腳架 63CM                                                  
1130606GF0000001,HY923W5             ,1.0,300.0,各   ,110.0,300.0,100.0,2.0,HY-923頭枕                                                    
1130606GF0000001,V29GRR              ,1.0,350.0,組   ,150.0,350.0,100.0,3.0,V29手機架                                                      
1130607GF0000001,H355W2Q             ,1.0,105.0,各   ,28.0,105.0,100.0,5.0,H3 55W燈泡                                                    
1130607GF0000001,EY                  ,1.0,300.0,次   ,0.0,300.0,100.0,6.0,工資                                                          
1130607GF0000001,S27TY213AS1VN       ,1.0,80.0,組   ,45.0,80.0,100.0,2.0,S27插座式213插式保險絲座(不加保險絲)電器                                    
1130607GF0000001,1VNV                ,2.0,10.0,各   ,2.0,10.0,100.0,3.0,保險絲(小)                                                      
1130608GF0000001,V37GRR              ,1.0,400.0,組   ,100.0,400.0,100.0,7.0,V37儀表板手機架                                                   
1130608GF0000001,PNSSUN14-L          ,1.0,450.0,組   ,130.0,450.0,100.0,8.0,雙層鋁箔遮陽板- RV SUV雙層                                           
1130608GF0000001,J00357              ,1.0,500.0,支   ,130.0,500.0,100.0,3.0,J00357後雨刷LUXGUN-U7                                          
1130608GF0000001,3MR1CM              ,1.0,100.0,卷   ,50.0,100.0,100.0,4.0,3M膠*1CM                                                     
1130608GF0000001,EY                  ,1.0,200.0,次   ,0.0,200.0,100.0,5.0,工資                                                          
1130608GF0000001,NO16375TGGD         ,1.0,400.0,組   ,150.0,400.0,100.0,9.0,NO-1637(直插式)雙孔+USB 12V/12V插座                                
1130608GF0000001,KH911A2             ,1.0,250.0,組   ,88.0,250.0,100.0,10.0,KH-911曼陀                                                    
1130608GF0000001,AH59ZVQW            ,1.0,700.0,條   ,340.0,700.0,100.0,1.0,AH-59方向盤套                                                   
1130611GF0000001,1W                  ,1.0,150.0,組   ,70.0,150.0,100.0,5.0,補土                                                          
1130320GF0000001,FR2GUG              ,3.0,850.0,組   ,480.0,850.0,100.0,1.0,剪式附把手千斤頂  [車牌]                                             
1130321GF0000001,TYPERH4CR           ,1.0,1000.0,組   ,200.0,1000.0,100.0,3.0,TYPE-R H4黃金燈泡                                               
1130321GF0000001,2VCQ2Q              ,1.0,50.0,各   ,5.0,50.0,100.0,4.0,單芯琥珀燈泡                                                      
1130321GF0000001,POSEN18H            ,1.0,400.0,組   ,60.0,400.0,100.0,1.0,POSEN 18吋雨刷                                                 
1130323GF0000001,AH59ZVQW            ,1.0,750.0,條   ,340.0,750.0,100.0,3.0,AH-59方向盤套                                                   
1130323GF0000001,PNSTL4030           ,1.0,120.0,條   ,20.0,120.0,100.0,4.0,超細高密度珊瑚絨毛巾-雙色毛巾                                             
1130323GF0000001,ZJTUA               ,1.0,300.0,罐   ,80.0,300.0,100.0,5.0,防霧除油膜                                                       
1130323GF0000001,PNSSCUP03           ,1.0,350.0,組   ,130.0,350.0,100.0,6.0,多功能PU皮革椅縫置物架                                                
1130323GF0000001,6BCA                ,0.5,100.0,包   ,30.0,100.0,100.0,7.0,6入海棉                                                        
1130323GF0000001,J2WV18CM            ,1.0,450.0,支   ,190.0,450.0,100.0,1.0,屋頂天線 18CM                                                   
1130325GF0000001,3MR1CM              ,1.0,100.0,卷   ,50.0,100.0,100.0,1.0,3M膠*1CM                                                     
1130325GF0000001,5SR                 ,1.0,250.0,各   ,52.0,250.0,100.0,2.0,助黏劑                                                         
1130325GF0000001,NOIDNRMG16          ,1.0,250.0,支   ,100.0,250.0,100.0,3.0,NOID三節雨刷 16吋                                                
1130325GF0000001,NOIDNRMG22          ,1.0,350.0,支   ,100.0,350.0,100.0,4.0,NOID三節雨刷 22吋                                                
1130326GF0000001,F501TAZQW           ,1.0,500.0,捲   ,140.0,500.0,100.0,1.0,F501車門碰條                                                    
1130326GF0000001,13ALTISTA1E2        ,1.0,650.0,組   ,220.0,650.0,100.0,2.0,13ALTIS長毛避光墊                                                
1130326GF0000001,AH59ZVQW            ,1.0,750.0,條   ,340.0,750.0,100.0,3.0,AH-59方向盤套                                                   
1130326GF0000001,GN5V                ,1.0,350.0,罐   ,140.0,350.0,100.0,4.0,雙色之星香水                                                      
1130327GF0000001,2VCQ2Q              ,6.0,50.0,各   ,5.0,50.0,100.0,1.0,單芯琥珀燈泡                                                      
1130328GF0000001,T202VCQ             ,1.0,100.0,各   ,15.0,100.0,100.0,5.0,T20單芯琥珀                                                     
1130328GF0000001,DAW510*50           ,1.0,150.0,張   ,20.0,150.0,100.0,6.0,卡夢貼紙10*50cm                                                 
1130328GF0000001,R5VG                ,1.0,200.0,組   ,55.0,200.0,100.0,7.0,精緻香水                                                        
1130328GF0000001,3D1F1               ,1.0,250.0,支   ,90.0,250.0,100.0,8.0,3D補漆筆                                                       
1130328GF0000001,SF0046              ,1.0,100.0,卡   ,40.0,100.0,100.0,1.0,SF-0046葉子板通用扣                                               
1130328GF0000001,SF0029              ,1.0,100.0,組   ,40.0,100.0,100.0,2.0,SF-0029固定架                                                  
1130328GF0000001,16G                 ,1.0,450.0,組   ,180.0,450.0,100.0,3.0,16G                                                         
1130328GF0000001,                    ,0.0,0.0,,0.0,0.0,,4.0,
1130329GF0000001,RSENUE16HMG         ,2.0,200.0,支   ,70.0,200.0,100.0,1.0,RSEN 硬骨 16吋雨刷                                               
1130329GF0000001,YC017DAQ2WW         ,2.0,200.0,組   ,55.0,200.0,100.0,2.0,YC-017卡夢排檔套                                                 
1130329GF0000001,YC016DAGGTW         ,1.0,200.0,組   ,55.0,200.0,100.0,3.0,YC-016手煞車套                                                  
1130329GF0000001,HY898               ,1.0,200.0,組   ,55.0,200.0,100.0,4.0,HY-898手煞車護套                                                 
1130329GF0000001,AH59ZVQW            ,1.0,750.0,條   ,340.0,750.0,100.0,5.0,AH-59方向盤套                                                   
1130329GF0000001,                    ,0.0,0.0,,0.0,0.0,,6.0,
1130401GF0000001,V29GRR              ,1.0,300.0,組   ,150.0,300.0,100.0,1.0,V29手機架                                                      
1130401GF0000001,SF0029              ,3.0,100.0,組   ,40.0,100.0,100.0,2.0,SF-0029固定架                                                  
1130401GF0000001,16G                 ,2.0,325.0,組   ,180.0,325.0,100.0,3.0,16G                                                         
1130403GF0000001,PNSFDB324           ,1.0,750.0,組   ,300.0,750.0,100.0,1.0,720度 24V三頭風扇-黑汽車儀表板專用                                       
1130403GF0000001,EY                  ,1.0,300.0,次   ,0.0,300.0,100.0,2.0,工資                                                          
1130403GF0000001,SF22R               ,3.0,50.0,各   ,10.0,50.0,100.0,3.0,SF-洞洞架                                                      
1130406GF0000001,2V2Q                ,2.0,10.0,各   ,4.5,10.0,100.0,3.0,單芯燈泡                                                        
1130406GF0000001,ERQ602Q             ,1.0,2500.0,各   ,1750.0,2500.0,100.0,4.0,國際牌60電瓶                                                     
1130406GF0000001,UADVTR              ,1.0,150.0,罐   ,60.0,150.0,100.0,5.0,優馬克洗車精                                                      
1130406GF0000001,RSENH116000K        ,1.0,600.0,各   ,150.0,600.0,100.0,1.0,RSEB H11 6000K HID燈泡                                        
1130408GF0000001,TAA096              ,1.0,150.0,條   ,65.0,150.0,100.0,3.0,超細纖維打蠟/洗車兩用布                                                
1130408GF0000001,ZEROVRMG26          ,1.0,1000.0,支   ,415.0,1000.0,100.0,4.0,ZERO 26吋矽膠雨刷                                                
1130408GF0000001,VTRXFV              ,1.0,350.0,組   ,120.0,350.0,100.0,1.0,行車記錄器線                                                      
1130409GF0000001,TAA065FY            ,1.0,150.0,組   ,75.0,150.0,100.0,6.0,TA-A065輪胎氣嘴                                                 
1130409GF0000001,UADWVJZVQW          ,1.0,450.0,組   ,230.0,450.0,100.0,7.0,優馬克碳纖微方向盤套                                                  
1130409GF0000001,ABTA0401R+GR        ,1.0,350.0,組   ,200.0,350.0,100.0,3.0,ABT A040伸縮手機架                                               
1130409GF0000001,2VCQ2Q              ,1.0,100.0,各   ,5.0,100.0,100.0,4.0,單芯琥珀燈泡                                                      
1130409GF0000001,VBDZJTUQ            ,1.0,200.0,罐   ,55.0,200.0,100.0,1.0,向日葵防霧除油膜                                                    
1130410GF0000001,RSEN66ZVQW          ,1.0,650.0,條   ,250.0,650.0,100.0,3.0,RSEN-66方向盤套                                                 
1130410GF0000001,1VNV                ,5.0,10.0,各   ,2.0,10.0,100.0,4.0,保險絲(小)                                                      
1130410GF0000001,VTRXFV              ,1.0,350.0,組   ,120.0,350.0,100.0,5.0,行車記錄器線                                                      
1130410GF0000001,16G                 ,1.0,350.0,組   ,180.0,350.0,100.0,6.0,16G                                                         
1130410GF0000001,EY                  ,1.0,200.0,次   ,0.0,200.0,100.0,1.0,工資                                                          
1130411GF0000001,5HSWGQE             ,1.0,150.0,組   ,55.0,150.0,100.0,5.0,5吋黏扣式拋光                                                     
1130411GF0000001,5HMVGXCA            ,1.0,150.0,各   ,80.0,150.0,100.0,6.0,5吋圓形上蠟海棉                                                    
1130411GF0000001,VBDSAA1X            ,1.0,650.0,罐   ,250.0,650.0,100.0,7.0,向日葵奈米美白蠟                                                    
1130411GF0000001,H11LED3N            ,1.0,2000.0,組   ,800.0,2000.0,100.0,2.0,H11 LED 3色                                                  
1130411GF0000001,RSENH112TY          ,1.0,300.0,組   ,90.0,300.0,100.0,3.0,RSEN H11陶瓷座                                                 
1130412GF0000001,1MY2C               ,1.0,500.0,組   ,280.0,500.0,100.0,1.0,冰玉座墊(後)                                                     
1130412GF0000001,EY                  ,1.0,2000.0,次   ,0.0,2000.0,100.0,2.0,工資                                                          
1130413GF0000001,13RAV4TA1E2         ,1.0,499.0,組   ,240.0,499.0,100.0,1.0,13RAV4長毛避光墊                                                 
1130415GF0000001,H422                ,1.0,100.0,各   ,35.0,100.0,100.0,1.0,H4大燈燈泡 55W                                                  
1130413GF0000001,EY                  ,1.0,2000.0,次   ,0.0,2000.0,100.0,2.0,工資                                                          
1130415GF0000001,NOIDNRMG26          ,1.0,300.0,支   ,100.0,300.0,100.0,2.0,NOID三節雨刷 26吋                                                
1130415GF0000001,NOIDNRMG16          ,1.0,200.0,支   ,100.0,200.0,100.0,3.0,NOID三節雨刷 16吋                                                
1130415GF0000001,RSEND24300K         ,1.0,1000.0,各   ,250.0,1000.0,100.0,4.0,RSEN D2 4300K燈泡                                             
1130415GF0000001,VBDVATX-2           ,1.0,200.0,罐   ,65.0,200.0,100.0,5.0,向日葵細目粗蠟二代                                                   
1130417GF0000001,DAW510*50           ,1.0,150.0,張   ,20.0,150.0,100.0,1.0,卡夢貼紙10*50cm                                                 
1130418GF0000001,UX0GVR              ,1.0,150.0,罐   ,80.0,150.0,100.0,1.0,亞力安水箱精                                                      
1130418GF0000001,VBDC1MGR2000ML      ,1.0,300.0,罐   ,95.0,300.0,100.0,2.0,向日葵強效清晰防護雨刷精[車牌]                                          
1130418GF0000001,T10552              ,3.0,50.0,各   ,2.0,50.0,100.0,3.0,T10中炸彈                                                      
1130419GF0000001,ABROCRYXX           ,2.0,450.0,罐   ,180.0,450.0,100.0,1.0,ABRO黃金棕梠乳蠟                                                  
1130422GF0000001,ABROQGUR            ,1.0,500.0,罐   ,90.0,500.0,100.0,5.0,ABRO噴射油精                                                    
1130422GF0000001,W8542YG5            ,1.0,250.0,組   ,150.0,250.0,100.0,6.0,W851電子夜光時鐘                                                  
1130422GF0000001,ERQ55D23L2Q         ,1.0,3000.0,各   ,2100.0,3000.0,100.0,3.0,國際牌70D23L電瓶瓶                                                
1130422GF0000001,RTV6000AP           ,1.0,800.0,組   ,450.0,800.0,100.0,1.0,[車牌]救車線                                                   
1130425GF0000001,GV2Q                ,1.0,10.0,各   ,4.5,10.0,100.0,3.0,雙芯燈泡                                                        
1130425GF0000001,NOIDNRMG20          ,1.0,350.0,組   ,100.0,350.0,100.0,4.0,NOID三節雨刷 20吋                                                
1130425GF0000001,NOIDNRMG26          ,1.0,450.0,支   ,100.0,450.0,100.0,5.0,NOID三節雨刷 26吋                                                
1130425GF0000001,ABROZVQU            ,1.0,280.0,罐   ,140.0,280.0,100.0,6.0,ABRO方向盤油(含止漏)                                               
1130425GF0000001,PNSFB003            ,1.0,1150.0,各   ,650.0,1150.0,100.0,1.0,磁吸面紙盒-碳纖維款                                                  
1130426GF0000001,SF0039              ,1.0,80.0,組   ,36.0,80.0,100.0,1.0,SF-0039三菱固定架                                                
1130426GF0000001,ERQ55D23L2Q         ,1.0,3000.0,各   ,2100.0,3000.0,100.0,2.0,國際牌70D23L電瓶瓶                                                
1130427GF0000001,WF55D23L2Q          ,1.0,2500.0,各   ,1850.0,2500.0,100.0,1.0,湯淺55D23L電瓶                                                  
1130427GF0000001,PNSS15              ,1.0,250.0,組   ,90.0,250.0,100.0,2.0,PNS-S15鋁合金車充/安全錘2USB 3.1A黑色                                 
1130427GF0000001,ABT-A130            ,1.0,250.0,組   ,60.0,250.0,100.0,3.0,碳纖魂動-卡夢後視鏡雨遮                                                
1130427GF0000001,H7OSRARN2Q          ,1.0,300.0,各   ,70.0,300.0,100.0,4.0,H7 OSRARN燈泡                                                 
1130429GF0000001,GXYGUX              ,1.0,650.0,罐   ,320.0,650.0,100.0,1.0,舒亮鑽石釉蠟                                                      
1130429GF0000001,2XAF                ,1.0,100.0,組   ,68.0,100.0,100.0,2.0,打蠟棉球                                                        
1130429GF0000001,ZEROFV1UUR          ,1.0,400.0,罐   ,180.0,400.0,100.0,3.0,ZERO全效保養汽車精[車牌]                                            
1130501GF0000001,3D1F1               ,1.0,250.0,支   ,90.0,250.0,100.0,1.0,3D補漆筆                                                       
1130501GF0000001,32G                 ,1.0,450.0,各   ,180.0,450.0,100.0,2.0,32G卡片                                                       
1130502GF0000001,24V2V2Q             ,5.0,20.0,各   ,3.5,20.0,100.0,2.0,24V單芯燈泡                                                     
1130502GF0000001,3M2CM               ,1.0,180.0,捲   ,90.0,180.0,100.0,3.0,3M膠*2CM                                                     
1130502GF0000001,5SR                 ,1.0,220.0,各   ,52.0,220.0,100.0,4.0,助黏劑                                                         
1130502GF0000001,F150F2TQ            ,1.0,200.0,組   ,50.0,200.0,100.0,5.0,F-15安全帶插片(卡朋)                                               
1130502GF0000001,K00374              ,1.0,100.0,張   ,50.0,100.0,100.0,6.0,彩繪貼紙/火貼紙                                                    
1130502GF0000001,UX0GVR              ,1.0,200.0,罐   ,80.0,200.0,100.0,7.0,亞力安水箱精                                                      
1130502GF0000001,KR104LZVQW          ,1.0,550.0,條   ,220.0,550.0,100.0,8.0,KR-10 4L方向盤套                                                
1130503GF0000002,VBDVATX-2           ,1.0,200.0,罐   ,65.0,200.0,100.0,1.0,向日葵細目粗蠟二代                                                   
1130506GF0000001,ZERO14VRMG          ,1.0,700.0,支   ,290.0,700.0,100.0,1.0,ZERO矽膠雨刷14吋                                                 
1130506GF0000001,ZEROVRMG20          ,1.0,800.0,支   ,350.0,800.0,100.0,2.0,ZERO矽膠雨刷20吋                                                 
1130507GF0000001,ZXQH4CR2Q           ,1.0,500.0,各   ,150.0,500.0,100.0,1.0,菲利浦H4黃金燈泡                                                   
1130508GF0000001,TYPERH4CR           ,1.0,1000.0,組   ,200.0,1000.0,100.0,1.0,TYPE-R H4黃金燈泡                                               
1130508GF0000001,EY                  ,1.0,500.0,次   ,0.0,500.0,100.0,2.0,工資                                                          
1130508GF0000001,2GE                 ,1.0,1000.0,組   ,400.0,1000.0,100.0,3.0,大聲公(918)                                                    
1130509GF0000001,J00384              ,1.0,100.0,張   ,40.0,100.0,100.0,1.0,TANABE/(6*16CM)貼紙                                           
1130509GF0000001,O00203              ,1.0,200.0,張   ,100.0,200.0,100.0,2.0,Sports mind  MA 立體體                                         
1130509GF0000001,T10552              ,1.0,100.0,各   ,2.0,100.0,100.0,3.0,T10中炸彈                                                      
1130509GF0000001,VBDUMN              ,1.0,650.0,罐   ,300.0,650.0,100.0,4.0,向日葵釉元素                                                      
1130510GF0000001,ZEROVRMG16          ,1.0,800.0,支   ,325.0,800.0,100.0,3.0,ZERO矽膠雨刷16吋                                                 
1130510GF0000001,ZEROVRMG26          ,1.0,1000.0,支   ,415.0,1000.0,100.0,4.0,ZERO 26吋矽膠雨刷                                                
1130510GF0000001,RSEND46000K         ,1.0,1500.0,各   ,500.0,1500.0,100.0,1.0,RSEN D4 6000K燈泡                                             
1130513GF0000001,90052Q              ,1.0,250.0,各   ,80.0,250.0,100.0,3.0,9005燈泡                                                      
1130511GF0000001,H422                ,1.0,100.0,各   ,35.0,100.0,100.0,2.0,H4大燈燈泡 55W                                                  
1130511GF0000001,RSENT105R22U        ,1.0,350.0,卡   ,110.0,350.0,100.0,3.0,RSEN T10 5晶定電壓二極體                                           
1130511GF0000001,ERQ60J2U            ,1.0,2500.0,各   ,1650.0,2500.0,100.0,4.0,國際牌60無電眼電瓶                                                  
1130513GF0000001,ABTE08195WXCRDTPD   ,1.0,650.0,組   ,320.0,650.0,100.0,4.0,ABT-E081 95鋁合金快充PD+QC3.0                                    
1130513GF0000001,MP3XUXW             ,2.0,1200.0,組   ,520.0,1200.0,100.0,1.0,樂團FM藍芽音樂播放器                                                 
1130724GF0000001,C551GR              ,1.0,250.0,罐   ,85.0,250.0,100.0,2.0,黑珍珠撥水劑 [車牌]                                                
1130724GF0000001,ZJTUA               ,1.0,300.0,罐   ,80.0,300.0,100.0,3.0,防霧除油膜                                                       
1130725GF0000001,NO16375TGGD         ,1.0,400.0,組   ,150.0,400.0,100.0,1.0,NO-1637(直插式)雙孔+USB 12V/12V插座                                
1130726GF0000001,04WISHCGRQR         ,1.0,950.0,片   ,400.0,950.0,100.0,1.0,04WISH (RH)後視鏡                                              
1130727GF0000001,PNSSUN001           ,1.0,450.0,組   ,160.0,450.0,100.0,1.0,DIY汽車兩用防眩遮陽鏡                                                
1130727GF0000001,PNSS24TY            ,1.0,400.0,組   ,140.0,400.0,100.0,2.0,大功率雙孔插座+雙USB                                                
1130727GF0000001,AUXXCTV             ,1.0,250.0,組   ,120.0,250.0,100.0,3.0,AUX鋁合金線                                                     
1130728GF0000001,YYC02USBTY          ,1.0,400.0,各   ,200.0,400.0,100.0,1.0,YY-C02 2孔 USB插座                                             
1130727GF0000001,EY                  ,1.0,400.0,次   ,0.0,400.0,100.0,4.0,工資                                                          
1130729GF0000001,ERQ80D23LUCR2T      ,1.0,3000.0,各   ,2400.0,3000.0,100.0,1.0,國際牌80D23L 日本銀合金電池                                           
1130729GF0000001,H00658              ,1.0,60.0,張   ,30.0,60.0,100.0,2.0,爪子/立體反光                                                     
1130729GF0000001,TYPERH7CR2Q         ,1.0,1200.0,組   ,200.0,1200.0,100.0,3.0,TYPE-R H7黃金燈泡                                               
1130729GF0000001,EVEW2               ,1.0,650.0,組   ,280.0,650.0,100.0,4.0,EVE踏墊                                                       
1130730GF0000001,2V2Q                ,2.0,10.0,各   ,4.5,10.0,100.0,1.0,單芯燈泡                                                        
1130730GF0000001,NOIDNRMG16          ,1.0,250.0,支   ,100.0,250.0,100.0,2.0,NOID三節雨刷 16吋                                                
1130829GF0000001,H500TWGRR           ,1.0,400.0,組   ,180.0,400.0,100.0,1.0,H-500磁鐵手機架                                                  
1130830GF0000001,V1                  ,1.0,1000.0,組   ,500.0,1000.0,100.0,1.0,線包                                                          
1130831GF0000001,H7OSRARN2Q          ,1.0,250.0,各   ,70.0,250.0,100.0,1.0,H7 OSRARN燈泡                                                 
1130902GF0000001,T09GRR              ,1.0,250.0,組   ,120.0,250.0,100.0,6.0,T09手機出風口手機架                                                 
1130902GF0000001,929TX               ,1.0,150.0,罐   ,58.0,150.0,100.0,7.0,929粗蠟                                                       
1130902GF0000001,EY                  ,1.0,300.0,次   ,0.0,300.0,100.0,4.0,工資                                                          
1130902GF0000001,S27CTYZ1VNY         ,1.0,500.0,組   ,61.3,500.0,100.0,1.0,S27C插式保險絲母頭座                                                
1130902GF0000001,NOID24GS2           ,1.0,450.0,組   ,200.0,450.0,100.0,2.0,NOID-01 24SMD室內燈                                            
1130903GF0000001,ABTE021             ,1.0,2500.0,組   ,1600.0,2500.0,100.0,1.0,ABT-E021汽車緊急救車電源                                            
1130903GF0000001,GN152EF             ,1.0,150.0,組   ,75.0,150.0,100.0,2.0,GN-15雨刷頂高器                                                  
1130904GF0000001,2V2Q                ,1.0,10.0,各   ,4.0,10.0,100.0,4.0,單芯燈泡                                                        
1130904GF0000001,PNSP05              ,1.0,79.0,各   ,30.0,79.0,100.0,5.0,超耐洗方形洗車海綿                                                   
1130904GF0000001,DAY2NR              ,2.0,550.0,ek4 ,220.0,550.0,100.0,6.0,檜木座墊(四角)                                                    
1130904GF0000001,PS301GS2            ,1.0,300.0,各   ,100.0,300.0,100.0,7.0,PS-301室內鏡                                                   
1130904GF0000001,929TX               ,1.0,150.0,罐   ,58.0,150.0,100.0,2.0,929粗蠟                                                       
1130514GF0000001,K81JVT2F            ,1.0,650.0,組   ,350.0,650.0,100.0,3.0,K81無限充電器                                                    
1130514GF0000001,V37GRR              ,1.0,350.0,組   ,100.0,350.0,100.0,4.0,V37儀表板手機架                                                   
1130514GF0000001,NO2112GRR           ,1.0,400.0,組   ,200.0,400.0,100.0,1.0,NO-[車牌]手機架                                              
1130515GF0000001,3D1F1               ,1.0,250.0,支   ,90.0,250.0,100.0,1.0,3D補漆筆                                                       
1130516GF0000001,T10552              ,2.0,50.0,各   ,2.0,50.0,100.0,1.0,T10中炸彈                                                      
1130516GF0000001,ACP300XR            ,1.0,550.0,各   ,250.0,550.0,100.0,2.0,ACP-300藍鏡                                                   
1130517GF0000001,LWT001              ,1.0,350.0,各   ,88.0,350.0,100.0,1.0,LW-T001鐵圓胎壓表                                                
1130517GF0000001,NB1040              ,1.0,500.0,罐   ,200.0,500.0,100.0,2.0,NB 10/40機油                                                  
1130517GF0000001,2QFW                ,2.0,100.0,各   ,100.0,100.0,100.0,3.0,電瓶鉛頭                                                        
1130517GF0000001,T202VCQ             ,1.0,100.0,各   ,15.0,100.0,100.0,4.0,T20單芯琥珀                                                     
1130517GF0000001,ABTA077             ,1.0,500.0,組   ,130.0,500.0,100.0,5.0,mini電動型萬用冷氣口手機架                                             
1130517GF0000001,VTRXFV              ,1.0,500.0,組   ,120.0,500.0,100.0,6.0,行車記錄器線                                                      
1130518GF0000001,3D1F1               ,1.0,250.0,支   ,90.0,250.0,100.0,6.0,3D補漆筆                                                       
1130518GF0000001,VBDQEYB1UU          ,1.0,300.0,組   ,55.0,300.0,100.0,7.0,向日葵皮革滋潤保養乳[車牌]                                             
1130518GF0000001,GREUW               ,1.0,650.0,組   ,120.0,650.0,100.0,4.0,世紀隔音條                                                       
1130518GF0000001,YYC02USBTY          ,1.0,400.0,各   ,200.0,400.0,100.0,1.0,YY-C02 2孔 USB插座                                             
1130518GF0000001,RSEN56ZVQW          ,1.0,600.0,條   ,250.0,600.0,100.0,2.0,RSEN-56牛皮方向盤套(黑紅)                                           
1130522GF0000001,T10552              ,2.0,10.0,各   ,2.0,10.0,100.0,1.0,T10中炸彈                                                      
1130522GF0000001,EY                  ,1.0,500.0,次   ,0.0,500.0,100.0,2.0,工資                                                          
1130522GF0000002,2V2Q                ,2.0,10.0,各   ,4.5,10.0,100.0,1.0,單芯燈泡                                                        
1130522GF0000002,WF602Q              ,1.0,2200.0,各   ,1500.0,2200.0,100.0,2.0,湯淺60電瓶                                                      
1130523GF0000001,ACP301              ,1.0,350.0,各   ,100.0,350.0,100.0,5.0,ACP-301室內鏡                                                  
1130523GF0000001,2N5U                ,1.0,550.0,組   ,250.0,550.0,100.0,6.0,第三隻眼                                                        
1130523GF0000001,QD                  ,1.0,500.0,組   ,150.0,500.0,100.0,3.0,牌框                                                          
1130523GF0000001,ERQ60J2U            ,1.0,2500.0,各   ,1650.0,2500.0,100.0,1.0,國際牌60無電眼電瓶                                                  
1130524GF0000001,VBDVATX-2           ,1.0,200.0,罐   ,65.0,200.0,100.0,5.0,向日葵細目粗蠟二代                                                   
1130524GF0000001,PNSSUN007           ,1.0,350.0,組   ,90.0,350.0,100.0,6.0,後窗汽車紗窗                                                      
1130524GF0000001,PNSSUN15XL          ,1.0,1199.0,組   ,530.0,1199.0,100.0,7.0,後車箱防蚊網-XL                                                   
1130524GF0000001,PS255R2W            ,1.0,200.0,組   ,80.0,200.0,100.0,8.0,PS-255靜電貼                                                   
1130524GF0000001,PNSSUN11            ,1.0,350.0,組   ,95.0,350.0,100.0,9.0,前車窗遮陽防蚊罩-L轎車用(後視鏡開)                                         
1130524GF0000001,RSENT105630         ,1.0,350.0,卡   ,120.0,350.0,100.0,2.0,RSEN T10 5630 10燈                                           
1130524GF0000001,08ALTISCGR2R        ,1.0,650.0,各   ,400.0,650.0,100.0,3.0,08ALTIS(RH)後視鏡殼燈                                            
1130527GF0000001,RSENT105630         ,1.0,400.0,卡   ,120.0,400.0,100.0,1.0,RSEN T10 5630 10燈                                           
1130528GF0000001,XGRUV               ,1.0,100.0,各   ,60.0,100.0,100.0,6.0,菱帥機油芯                                                       
1130528GF0000001,ABT-A129            ,1.0,750.0,組   ,390.0,750.0,100.0,7.0,碳纖魂動-椅間安全防護面紙/飲                                             
1130528GF0000001,POSENSD2246*20      ,1.0,150.0,捲   ,55.0,150.0,100.0,8.0,POSEN 黏扣帶[車牌]*20cm                                         
1130528GF0000001,ABT-A079EUT2GRR     ,1.0,1000.0,個   ,580.0,1000.0,100.0,3.0,ABT-A079感應連棟無線充電手機架                                         
1130528GF0000001,ABT-A164GN1GR5RVY   ,1.0,300.0,個   ,160.0,300.0,100.0,4.0,ABT-A164伸縮必吸盤手機支架(下座)                                       
1130528GF0000001,VBDVATX-2           ,1.0,200.0,罐   ,65.0,200.0,100.0,1.0,向日葵細目粗蠟二代                                                   
1130529GF0000001,PD1066500W1UF       ,1.0,2400.0,組   ,1500.0,2400.0,100.0,1.0,PD-1065 500W變壓器                                             
1130531GF0000002,H722                ,1.0,150.0,各   ,35.0,150.0,100.0,3.0,H7 55W大燈燈泡                                                  
1130531GF0000002,XA                  ,1.0,500.0,次   ,150.0,500.0,100.0,4.0,冷媒                                                          
1130601GF0000001,ZJTUA               ,1.0,300.0,罐   ,80.0,300.0,100.0,3.0,防霧除油膜                                                       
1130601GF0000001,C55AWFTR            ,1.0,300.0,組   ,128.0,300.0,100.0,4.0,黑珍珠毛毯清潔劑                                                    
1130606GF0000001,ZEROVRMG26          ,2.0,1000.0,支   ,415.0,1000.0,100.0,5.0,ZERO 26吋矽膠雨刷                                                
1130601GF0000001,3DWMZGHJL           ,1.0,700.0,各   ,320.0,700.0,100.0,1.0,3D通用防水通用防水槽 [車牌]                                          
1130603GF0000001,RSEN02F             ,1.0,1000.0,各   ,400.0,1000.0,100.0,4.0,RSEN安定器                                                     
1130603GF0000001,VBDVTR              ,1.0,200.0,罐   ,110.0,200.0,100.0,5.0,向日葵洗車精[車牌]                                                
1130603GF0000001,H722                ,1.0,150.0,各   ,35.0,150.0,100.0,1.0,H7 55W大燈燈泡                                                  
1130603GF0000001,VBDXEX              ,2.0,120.0,罐   ,65.0,120.0,100.0,2.0,向日葵橘油亮光蠟  [車牌]                                             
1130604GF0000001,90122Q              ,1.0,300.0,各   ,120.0,300.0,100.0,3.0,9012燈泡                                                      
1130604GF0000001,F180F2TQ            ,2.0,350.0,組   ,100.0,350.0,100.0,4.0,F-18安全帶插片(皮)                                                
1130604GF0000001,ESCAPE4QFMT         ,1.0,1200.0,組   ,700.0,1200.0,100.0,1.0,ESCAPE 2.0(四片)晴雨窗                                           
1130606GF0000001,TURBOH4LED          ,1.0,2200.0,組   ,1200.0,2200.0,100.0,11.0,TURBO H4 LED大燈                                              
1130606GF0000001,36MMGS2             ,2.0,50.0,各   ,9.0,50.0,100.0,12.0,36MM室內燈                                                     
1130606GF0000001,ZEROVRMG18          ,1.0,800.0,支   ,325.0,800.0,100.0,6.0,ZERO矽膠雨刷18吋                                                 
1130606GF0000001,ZJTUA               ,2.0,300.0,罐   ,80.0,300.0,100.0,7.0,防霧除油膜                                                       
1130606GF0000001,RSEN1GR             ,1.0,200.0,組   ,75.0,200.0,100.0,8.0,RSEN撥水劑                                                     
1130606GF0000001,FXTUAZ              ,1.0,200.0,組   ,100.0,200.0,100.0,9.0,強力除油磨粉                                                      
1130606GF0000001,ZEROVRMG16          ,1.0,800.0,支   ,325.0,800.0,100.0,13.0,ZERO矽膠雨刷16吋                                                 
1130611GF0000001,H1OSRAN2Q           ,1.0,300.0,各   ,120.0,300.0,100.0,7.0,H1 OSRAN燈泡                                                  
1130611GF0000001,EY                  ,1.0,250.0,次   ,0.0,250.0,100.0,3.0,工資                                                          
1130611GF0000001,H1255W              ,1.0,120.0,各   ,28.0,120.0,100.0,8.0,H1 55W燈泡                                                    
1130611GF0000001,2VCQ2Q              ,1.0,50.0,各   ,5.0,50.0,100.0,1.0,單芯琥珀燈泡                                                      
1130613GF0000001,YARIS062225         ,1.0,3000.0,組   ,1800.0,3000.0,100.0,4.0,06YARIS 06-09電動電折後視鏡                                        
1130613GF0000001,H7OSRARN2Q          ,1.0,300.0,各   ,70.0,300.0,100.0,5.0,H7 OSRARN燈泡                                                 
1130613GF0000001,RSENT10MU10R        ,1.0,400.0,卡   ,140.0,400.0,100.0,7.0,RSEN T10 魚眼 10晶 CANBUS                                      
1130613GF0000001,H11OSARM2Q          ,2.0,400.0,各   ,120.0,400.0,100.0,8.0,H11 OSARM燈泡                                                 
1130613GF0000001,RSENH112TY          ,1.0,300.0,組   ,90.0,300.0,100.0,9.0,RSEN H11陶瓷座                                                 
1130613GF0000001,AR003QFE2-          ,0.7,900.0,組   ,280.0,900.0,100.0,2.0,AR-003排氣管吊耳                                                 
1130614GF0000001,OBLRUR              ,1.0,650.0,罐   ,300.0,650.0,100.0,4.0,OBL機油精                                                      
1130614GF0000001,PNSSD1018           ,1.0,200.0,組   ,65.0,200.0,100.0,5.0,多功能杯架(門邊/椅背)                                                
1130615GF0000001,POSEN18H            ,1.0,225.0,組   ,60.0,225.0,100.0,6.0,POSEN 18吋雨刷                                                 
1130615GF0000001,2UFY4.8A            ,1.0,650.0,組   ,290.0,650.0,100.0,3.0,點煙座 4.8A 12V 1+2+1 NIKE                                     
1130615GF0000001,8H2G12V             ,1.0,650.0,組   ,320.0,650.0,100.0,8.0,8吋電扇12V                                                     
1130615GF0000001,POSEN20H            ,1.0,225.0,組   ,70.0,225.0,100.0,7.0,POSEN 20吋雨刷                                                 
1130615GF0000001,C55GTQFRR           ,1.0,300.0,罐   ,80.0,300.0,100.0,1.0,黑珍珠 煞車盤清潔劑                                                  
1130617GF0000001,RSEN56ZVQW          ,1.0,650.0,條   ,250.0,650.0,100.0,8.0,RSEN-56牛皮方向盤套(黑紅)                                           
1130617GF0000001,2UFY4.8A            ,1.0,650.0,組   ,290.0,650.0,100.0,9.0,點煙座 4.8A 12V 1+2+1 NIKE                                     
1130617GF0000001,RSENGR6SMD          ,1.0,250.0,組   ,90.0,250.0,100.0,6.0,RSEN雙尖6SMD室內燈                                               
1130617GF0000001,TUVERY              ,1.0,150.0,組   ,28.0,150.0,100.0,5.0,拆音響工具組                                                      
1130617GF0000001,CVNERY4P            ,1.0,300.0,組   ,145.0,300.0,100.0,3.0,4PC火星塞工具組                                                   
1130617GF0000001,ABROYQUV            ,1.0,300.0,罐   ,130.0,300.0,100.0,10.0,ABRO自排變速箱油防漏油精                                              
1130617GF0000001,ZEROFV1UUR          ,1.0,400.0,罐   ,180.0,400.0,100.0,11.0,ZERO全效保養汽車精[車牌]                                            
1130617GF0000001,1VNYTG              ,2.0,100.0,組   ,25.0,100.0,100.0,1.0,保險絲座插式                                                      
1130618GF0000001,TAA086              ,1.0,300.0,組   ,120.0,300.0,100.0,1.0,鋁合金空中救援香水                                                   
1130618GF0000001,2VCQ2Q              ,1.0,50.0,各   ,5.0,50.0,100.0,2.0,單芯琥珀燈泡                                                      
1130619GF0000001,ERQ60J2U            ,1.0,2500.0,各   ,1650.0,2500.0,100.0,7.0,國際牌60無電眼電瓶                                                  
1130619GF0000001,CHRTA1E2            ,1.0,800.0,組   ,310.0,800.0,100.0,8.0,CHR長毛避光墊                                                    
1130619GF0000001,ESCAPEFRQCE         ,1.0,3000.0,支   ,1800.0,3000.0,100.0,5.0,ESCAPE旗艦型平衡桿                                                
1130619GF0000001,NRW2                ,2.0,150.0,各   ,44.0,150.0,100.0,3.0,四角踏墊                                                        
1130619GF0000001,IEB001X1EUH         ,1.0,650.0,組   ,310.0,650.0,100.0,1.0,IEB-2A車之首鋁箔隔音材 90CM*120M                                    
1130620GF0000001,XGRUV               ,1.0,100.0,各   ,60.0,100.0,100.0,1.0,菱帥機油芯                                                       
1130621GF0000001,1WW                 ,1.0,70.0,各   ,40.0,70.0,100.0,1.0,補胎條                                                         
1130621GF0000001,VIOS5MW2            ,1.0,800.0,組   ,300.0,800.0,100.0,2.0,VIOS專用踏墊                                                    
1130622GF0000001,T202V2Q             ,2.0,75.0,各   ,16.0,75.0,100.0,1.0,T20單芯燈泡                                                     
1130624GF0000001,WF602Q              ,1.0,2200.0,各   ,1500.0,2200.0,100.0,8.0,湯淺60電瓶                                                      
1130624GF0000001,PNSHG03             ,1.0,150.0,組   ,20.0,150.0,100.0,9.0,萬用掛勾 後頭枕 無私角                                                
1130624GF0000001,PNSSD1027           ,1.0,400.0,組   ,120.0,400.0,100.0,6.0,多功能出風口置杯架                                                   
1130624GF0000001,UX0GVR              ,1.0,250.0,罐   ,80.0,250.0,100.0,4.0,亞力安水箱精                                                      
1130624GF0000001,RSENUE18HMG         ,1.0,150.0,支   ,70.0,150.0,100.0,1.0,RSEN硬骨18吋雨刷                                                 
1130624GF0000001,RSENUEMG20H         ,1.0,150.0,各   ,70.0,150.0,100.0,2.0,RSEN硬骨20吋雨刷                                                 
1130625GF0000001,H1OSRAN2Q           ,1.0,500.0,各   ,120.0,500.0,100.0,1.0,H1 飛利浦燈泡(黃 白)                                               
1130625GF0000001,GV2Q                ,1.0,10.0,各   ,4.5,10.0,100.0,2.0,雙芯燈泡                                                        
1130625GF0000001,G18.52Q             ,1.0,50.0,各   ,5.0,50.0,100.0,3.0,G18.5燈泡                                                     
1130626GF0000001,NOIDNRMG18          ,1.0,350.0,支   ,100.0,350.0,100.0,9.0,NOID三節雨刷 18吋                                                
1130626GF0000001,NOIDNRMG20          ,1.0,350.0,組   ,100.0,350.0,100.0,10.0,NOID三節雨刷 20吋                                                
1130626GF0000001,V37GRR              ,1.0,350.0,組   ,100.0,350.0,100.0,6.0,V37儀表板手機架                                                   
1130626GF0000001,TXWEYY              ,1.0,350.0,組   ,180.0,350.0,100.0,7.0,拆輪胎工具組                                                      
1130626GF0000001,SF0050              ,1.0,100.0,組   ,40.0,100.0,100.0,4.0,SF-0050裕隆保桿扣                                                
1130626GF0000001,P210GVR             ,1.0,300.0,罐   ,100.0,300.0,100.0,1.0,P-210水箱精                                                    
1130626GF0000001,ABROGV5X            ,1.0,250.0,罐   ,80.0,250.0,100.0,2.0,ABRO水箱止漏劑                                                   
1130627GF0000001,V37GRR              ,1.0,400.0,組   ,100.0,400.0,100.0,1.0,V37儀表板手機架                                                   
1130627GF0000001,VBDXEX              ,1.0,200.0,罐   ,65.0,200.0,100.0,2.0,向日葵橘油亮光蠟  [車牌]                                             
1130628GF0000001,ABTE040             ,1.0,1200.0,組   ,580.0,1200.0,100.0,4.0,ABT-E040Q3.0黑(3孔4USB)                                       
1130628GF0000001,EY                  ,1.0,500.0,次   ,0.0,500.0,100.0,5.0,工資                                                          
1130628GF0000001,2V2Q                ,1.0,100.0,各   ,4.5,100.0,100.0,2.0,單芯燈泡                                                        
1130629GF0000001,1VN2Q               ,2.0,100.0,片   ,40.0,100.0,100.0,1.0,大片保險絲                                                       
1130629GF0000001,ZJTUA               ,1.0,300.0,罐   ,80.0,300.0,100.0,2.0,防霧除油膜                                                       
1130629GF0000001,UX0GVR              ,1.0,250.0,罐   ,80.0,250.0,100.0,3.0,亞力安水箱精                                                      
1130909GF0000001,KH911A2             ,1.0,350.0,組   ,88.0,350.0,100.0,1.0,KH-911曼陀                                                    
1130909GF0000001,2QG                 ,12.0,35.0,罐   ,15.0,35.0,100.0,2.0,電瓶水                                                         
1130910GF0000001,VG1TU               ,1.0,100.0,瓶   ,30.0,100.0,100.0,1.0,香水補充液                                                       
1130911GF0000001,32G                 ,1.0,450.0,各   ,180.0,450.0,100.0,1.0,32G卡片                                                       
1130911GF0000001,RSENS2569ZGG2V5RCQ  ,1.0,999.0,組   ,450.0,999.0,100.0,2.0,RSEN S25 69燈防快閃單芯正角琥珀                                       
1130911GF0000001,VBDVATX-2           ,1.0,200.0,罐   ,65.0,200.0,100.0,3.0,向日葵細目粗蠟二代                                                   
1130912GF0000001,TAA053              ,2.0,350.0,各   ,142.0,350.0,100.0,1.0,安全帶便捷插銷-鋅合金                                                 
1130913GF0000001,EY                  ,1.0,200.0,次   ,0.0,200.0,100.0,1.0,工資                                                          
1130913GF0000001,HK800JGX1           ,1.0,1000.0,組   ,190.0,1000.0,100.0,2.0,HK-800 WRC渦式喇叭                                              
1130913GF0000001,5EVTRXF             ,1.0,1500.0,組   ,0.0,1500.0,100.0,3.0,中古行車記錄器                                                     
1130913GF0000001,PNSSC002            ,1.0,350.0,組   ,160.0,350.0,100.0,4.0,雙層3D蜂巢椅座墊-冰涼氣墊                                              
1130914GF0000001,3D1F1               ,1.0,250.0,支   ,90.0,250.0,100.0,1.0,3D補漆筆                                                       
1130914GF0000001,NOID6SND            ,1.0,250.0,組   ,60.0,250.0,100.0,2.0,NOID 6SND室內燈                                                
1130914GF0000001,PS2015U15J2         ,1.0,450.0,組   ,120.0,450.0,100.0,3.0,PS-2015椅背置物袋                                                
1130916GF0000001,20322T              ,1.0,100.0,各   ,27.0,100.0,100.0,1.0,2032電池                                                      
1130701GF0000001,4RR2F               ,1.0,100.0,各   ,35.0,100.0,100.0,1.0,4角繼電器                                                       
1130702GF0000001,I00003R             ,2.0,70.0,各   ,35.0,70.0,100.0,1.0,反光片/圓形紅                                                     
1130702GF0000001,2V2Q                ,2.0,10.0,各   ,4.5,10.0,100.0,2.0,單芯燈泡                                                        
1130703GF0000001,WF55D23L2Q          ,1.0,2600.0,各   ,1850.0,2600.0,100.0,1.0,湯淺55D23L電瓶                                                  
1130704GF0000001,1MT5E               ,1.0,2100.0,組   ,1250.0,2100.0,100.0,1.0,白雲車罩-E                                                      
1130704GF0000001,PNSS27              ,1.0,350.0,組   ,150.0,350.0,100.0,2.0,PNS-S27QC3.0A*2USB車充                                        
1130704GF0000001,PNS07HD69           ,1.0,350.0,組   ,100.0,350.0,100.0,3.0,9吋手機平板架                                                     
1130705GF0000001,UXZMG1              ,1.0,850.0,支   ,450.0,850.0,100.0,7.0,99一路發雨刷臂含噴水頭                                                
1130705GF0000001,NOIDNRMG18          ,1.0,250.0,支   ,100.0,250.0,100.0,8.0,NOID三節雨刷 18吋                                                
1130705GF0000001,NOIDNRMG20          ,1.0,250.0,組   ,100.0,250.0,100.0,9.0,NOID三節雨刷 20吋                                                
1130705GF0000001,PNSF202             ,1.0,750.0,組   ,260.0,750.0,100.0,10.0,真涼 後枕頭雙面頭風扇+2USB DC12V                                      
1130705GF0000001,PNSSUN05            ,1.0,200.0,組   ,40.0,200.0,100.0,11.0,雙面隔熱靜電隨意貼/2入                                                
1130705GF0000001,PNSSUNF002M         ,1.0,450.0,組   ,15.0,450.0,100.0,3.0,汽車前黨遮陽片-磁吸與後視鏡罩-M視鏡照-M                                      
1130705GF0000001,2QG                 ,1.0,35.0,罐   ,15.0,35.0,100.0,1.0,電瓶水                                                         
1130705GF0000001,PNSSUN16-L          ,1.0,550.0,各   ,150.0,550.0,100.0,14.0,雙層斷熱遮陽板RV/SUV專用                                             
1130706GF0000001,PNSSUN05            ,1.0,200.0,組   ,40.0,200.0,100.0,4.0,雙面隔熱靜電隨意貼/2入                                                
1130706GF0000001,IMAXTA1E2           ,1.0,800.0,組   ,350.0,800.0,100.0,5.0,I-MAX長毛避光墊                                                  
1130706GF0000001,MIO6VTRXFR          ,1.0,450.0,各   ,150.0,450.0,100.0,2.0,MIO 6/7/887行車紀錄器架                                           
1130708GF0000001,ZXR                 ,1.0,150.0,罐   ,73.0,150.0,100.0,1.0,防落膠                                                         
1130710GF0000001,GN12036ZVQW         ,1.0,300.0,條   ,90.0,300.0,100.0,1.0,GN-120 36節方向盤套                                              
1130711GF0000001,5E5R                ,1.0,3000.0,組   ,0.0,3000.0,100.0,7.0,中古主機                                                        
1130711GF0000001,HJX030GSR           ,1.0,400.0,組   ,120.0,400.0,100.0,8.0,HJX-030清鏡室內鏡                                                
1130711GF0000001,K00131              ,1.0,100.0,張   ,50.0,100.0,100.0,5.0,藤原豆腐店(自家用)24CM                                              
1130711GF0000001,F00251              ,1.0,40.0,張   ,20.0,40.0,100.0,3.0,無鉛小子/黑紅白                                                    
1130713GF0000001,V33GRR              ,1.0,350.0,組   ,150.0,350.0,100.0,1.0,V33手機架                                                      
1130713GF0000001,RSENT104014242      ,1.0,400.0,組   ,160.0,400.0,100.0,3.0,RSEN T10 4014 24燈                                           
1130716GF0000001,ZEROVRMG18          ,1.0,792.0,支   ,325.0,792.0,100.0,3.0,ZERO矽膠雨刷18吋                                                 
1130716GF0000001,NOIDNRMG14          ,1.0,250.0,支   ,100.0,250.0,100.0,4.0,NOID三節雨刷 14吋                                                
1130716GF0000001,PNSSUN16-L          ,1.0,500.0,各   ,150.0,500.0,100.0,1.0,雙層斷熱遮陽板RV/SUV專用                                             
1130713GF0000001,G74435630           ,1.0,750.0,卡   ,240.0,750.0,100.0,4.0,7443後煞車燈 魚眼10各5630                                          
1130717GF0000001,PNSCDZX01           ,1.0,399.0,組   ,200.0,399.0,100.0,1.0,倍思後長USB摺疊風扇-黑色                                              
1130718GF0000001,EY                  ,1.0,300.0,次   ,0.0,300.0,100.0,5.0,工資                                                          
1130718GF0000001,G18.52Q             ,1.0,100.0,各   ,5.0,100.0,100.0,6.0,G18.5燈泡                                                     
1130722GF0000001,XARATA1E2           ,1.0,600.0,組   ,240.0,600.0,100.0,3.0,鈴木吉米長毛避光墊                                                   
1130722GF0000001,3D1F1               ,1.0,250.0,支   ,90.0,250.0,100.0,4.0,3D補漆筆                                                       
1130718GF0000001,D00392              ,1.0,25.0,張   ,12.0,25.0,100.0,1.0,班尼頓貼紙                                                       
1130718GF0000001,E01099              ,1.0,30.0,張   ,15.0,30.0,100.0,2.0,GReDdy(3.8*7.5cm)貼紙                                         
1130718GF0000001,LEO695              ,2.0,80.0,卷   ,40.0,80.0,100.0,3.0,車身貼線/螢光粉(30尺)                                               
1130718GF0000001,EAXC2E              ,0.0,0.0,組   ,800.0,0.0,100.0,7.0,冠美麗後惰桿                                                      
1130722GF0000001,ZEROVRMG26          ,1.0,1000.0,支   ,415.0,1000.0,100.0,1.0,ZERO 26吋矽膠雨刷                                                
1130723GF0000001,RSEN56ZVQW          ,1.0,750.0,條   ,250.0,750.0,100.0,3.0,RSEN-56牛皮方向盤套(黑紅)                                           
1130723GF0000001,F00919              ,1.0,40.0,張   ,20.0,40.0,100.0,4.0,92加滿                                                        
1130723GF0000001,F00920              ,1.0,40.0,張   ,20.0,40.0,100.0,5.0,95加滿                                                        
1130723GF0000001,QWZG                ,1.0,800.0,組   ,450.0,800.0,100.0,1.0,普通扶手                                                        
1130724GF0000001,5HMVGXCA            ,1.0,150.0,各   ,80.0,150.0,100.0,1.0,5吋圓形上蠟海棉                                                    
1130730GF0000001,RFLN01Q5XN          ,1.0,300.0,組   ,75.0,300.0,100.0,3.0,RF-LN01牌照螺絲                                                 
1130730GF0000001,PS252F25U           ,1.0,200.0,組   ,78.0,200.0,100.0,4.0,PS-252前檔遮陽隔熱紙                                               
1130801GF0000001,ABTE072VVZVTF       ,1.0,999.0,組   ,450.0,999.0,100.0,1.0,ABT-E072小旋風手持無限吸塵器                                          
1130801GF0000001,ZJTUA               ,2.0,300.0,罐   ,80.0,300.0,100.0,2.0,防霧除油膜                                                       
1130801GF0000001,52R                 ,1.0,0.0,各   ,200.0,450.0,0.0,3.0,照地鏡 6吋附桿                                                    
1130802GF0000001,VBDC1MGR2000ML      ,1.0,350.0,罐   ,95.0,350.0,100.0,1.0,向日葵強效清晰防護雨刷精[車牌]                                          
1130803GF0000001,3M1UFTR             ,1.0,350.0,各   ,160.0,350.0,100.0,7.0,3M柏油清除劑                                                     
1130803GF0000001,PNSHDF32            ,1.0,400.0,組   ,150.0,400.0,100.0,8.0,車內室內鏡手機架                                                    
1130803GF0000001,DH35MG2EF           ,1.0,200.0,組   ,90.0,200.0,100.0,9.0,雨刷頂高器/白鐵/ABS朔膠                                              
1130803GF0000001,14CRV4QFMT          ,1.0,2000.0,組   ,600.0,2000.0,100.0,3.0,[車牌](四片)晴雨窗                                              
1130803GF0000001,14CRVTA1E2          ,1.0,800.0,駔   ,240.0,800.0,100.0,4.0,[車牌]長毛避光墊                                                
1130803GF0000001,929TX               ,1.0,150.0,罐   ,58.0,150.0,100.0,5.0,929粗蠟                                                       
1130803GF0000001,ZW                  ,1.0,6600.0,次   ,0.0,6600.0,100.0,1.0,廢鐵                                                          
1130806GF0000001,RSENT105630         ,1.0,400.0,卡   ,120.0,400.0,100.0,4.0,RSEN T10 5630 10燈                                           
1130806GF0000001,T10552              ,1.0,200.0,各   ,2.0,200.0,100.0,5.0,T10中炸彈                                                      
1130806GF0000001,PNSSUN14-L          ,1.0,450.0,組   ,130.0,450.0,100.0,2.0,雙層鋁箔遮陽板- RV SUV雙層                                           
1130806GF0000001,SF4005WAVQ          ,1.0,50.0,組   ,15.0,50.0,100.0,6.0,SF-4005透明吸盤                                                 
1130807GF0000001,DAW510*50           ,1.0,120.0,張   ,20.0,120.0,100.0,1.0,卡夢貼紙10*50cm                                                 
1130807GF0000001,TYPERH4CR           ,1.0,1200.0,組   ,200.0,1200.0,100.0,2.0,TYPE-R H4黃金燈泡                                               
1130807GF0000001,1VNV                ,2.0,20.0,各   ,2.0,20.0,100.0,3.0,保險絲(小)                                                      
1130807GF0000001,CWTGXCMR            ,1.0,300.0,罐   ,100.0,300.0,100.0,4.0,黑頭車朔料還原劑                                                    
1130809GF0000001,TXWEYY              ,1.0,350.0,組   ,180.0,350.0,100.0,3.0,拆輪胎工具組                                                      
1130809GF0000001,RSENC1XWU           ,1.0,250.0,罐   ,95.0,250.0,100.0,4.0,RSEN環保輪胎油                                                   
1130810GF0000001,NO337XRW            ,1.0,450.0,各   ,190.0,450.0,100.0,5.0,NO:337拉圾桶                                                   
1130810GF0000001,PNSSUN05            ,1.0,200.0,組   ,40.0,200.0,100.0,6.0,雙面隔熱靜電隨意貼/2入                                                
1130809GF0000001,PNSFB003            ,1.0,1000.0,各   ,650.0,1000.0,100.0,1.0,磁吸面紙盒-碳纖維款                                                  
1130810GF0000001,TYPERH4CR           ,1.0,1200.0,組   ,200.0,1200.0,100.0,1.0,TYPE-R H4黃金燈泡                                               
1130810GF0000001,VBDVATX200G         ,1.0,200.0,組   ,38.0,200.0,100.0,2.0,向日葵細目粗蠟 200G                                                
1130812GF0000001,PNSSC020            ,1.0,1999.0,組   ,780.0,1999.0,100.0,1.0,真涼汽車風扇冰絲座墊-黑(按摩款)                                           
1130812GF0000001,ERQ80D23LUCR2T      ,1.0,3300.0,各   ,2400.0,3300.0,100.0,2.0,國際牌80D23L 日本銀合金電池                                           
1130815GF0000001,RSEN55ZVQW          ,1.0,683.0,條   ,250.0,683.0,100.0,4.0,RSEN55方向盤套(黑紅平線)                                            
1130815GF0000001,ABT-D007            ,1.0,450.0,組   ,260.0,450.0,100.0,5.0,補胎釘工具組                                                      
1130815GF0000001,1MT5AB              ,1.0,1750.0,組   ,1250.0,1750.0,100.0,6.0,白雲車罩-A B                                                    
1130815GF0000001,1VN2Q               ,2.0,10.0,片   ,40.0,10.0,100.0,7.0,大片保險絲                                                       
1130815GF0000001,SF1244-1H1GUTY      ,1.0,250.0,組   ,90.0,250.0,100.0,1.0,SF-1244-1 H1雙葉插座                                            
1130815GF0000001,H1135W22Q           ,1.0,250.0,各   ,90.0,250.0,100.0,2.0,H11 55W 燈泡                                                  
1130816GF0000001,01ALTISFMT          ,1.0,1200.0,組   ,350.0,1200.0,100.0,3.0,01ALTIS晴雨窗                                                  
1130816GF0000001,3D1F1               ,2.0,250.0,支   ,90.0,250.0,100.0,4.0,3D補漆筆                                                       
1130816GF0000001,CARGTUV             ,1.0,200.0,罐   ,90.0,200.0,100.0,1.0,CAR煞車油(小)                                                   
1130817GF0000001,3MR1CM              ,1.0,120.0,卷   ,50.0,120.0,100.0,1.0,3M膠*1CM                                                     
1130819GF0000001,PNSTPC007           ,1.0,400.0,組   ,90.0,400.0,100.0,1.0,手機架 隱藏式停車號碼/一路平安                                            
1130819GF0000001,GV2Q                ,10.0,10.0,各   ,4.5,10.0,100.0,2.0,雙芯燈泡                                                        
1130819GF0000001,G18.52Q             ,19.0,20.0,各   ,5.0,20.0,100.0,3.0,G18.5燈泡                                                     
1130820GF0000001,PNSSUN05            ,2.0,200.0,組   ,40.0,200.0,100.0,1.0,雙面隔熱靜電隨意貼/2入                                                
1130820GF0000001,PS252F25U           ,1.0,250.0,組   ,78.0,250.0,100.0,2.0,PS-252前檔遮陽隔熱紙                                               
1130823GF0000001,HRVXQGFMT           ,1.0,1000.0,組   ,350.0,1000.0,100.0,1.0,HRV(兩片)晴雨窗                                                  
1130824GF0000001,XFXJALTIS           ,1.0,400.0,各   ,120.0,400.0,100.0,9.0,冷氣濾01-07ALTIS                                               
1130824GF0000001,XA                  ,1.0,800.0,次   ,150.0,800.0,100.0,10.0,冷媒                                                          
1130823GF0000001,1MT5D               ,1.0,2000.0,組   ,1250.0,2000.0,100.0,2.0,白雲防水車罩-C D                                                  
1130824GF0000001,EY                  ,1.0,800.0,次   ,0.0,800.0,100.0,7.0,工資                                                          
1130824GF0000001,YARISCORSS1E2       ,1.0,800.0,組   ,220.0,800.0,100.0,1.0,YARIS CORSS長毛避光墊                                            
1130824GF0000001,W796CV5JR           ,1.0,750.0,各   ,390.0,750.0,100.0,2.0,W796後座置物架                                                   
1130824GF0000001,PNSHDF23            ,1.0,400.0,組   ,180.0,400.0,100.0,3.0,4-6吋鋁合金鏡出風口重力手機架                                            
1130824GF0000001,E5NRR               ,1.0,300.0,組   ,165.0,300.0,100.0,4.0,故障三腳架 63CM                                                  
1130824GF0000001,TYPERH7T1E          ,1.0,1000.0,組   ,170.0,1000.0,100.0,5.0,TYPER-H7超白光燈泡                                               
1130826GF0000001,1VNV                ,3.0,10.0,各   ,2.0,10.0,100.0,1.0,保險絲(小)                                                      
1130827GF0000001,PNSTPC003           ,1.0,150.0,組   ,50.0,150.0,100.0,1.0,停車告示牌                                                       
1130827GF0000001,VBDXEX              ,2.0,120.0,罐   ,65.0,120.0,100.0,2.0,向日葵橘油亮光蠟  [車牌]                                             
1130828GF0000001,2VCQ2Q              ,1.0,50.0,各   ,5.0,50.0,100.0,1.0,單芯琥珀燈泡                                                      
1130828GF0000001,PS301GS2            ,1.0,250.0,各   ,100.0,250.0,100.0,2.0,PS-301室內鏡                                                   
1130916GF0000001,NOIDNRMG16          ,1.0,250.0,支   ,100.0,250.0,100.0,2.0,NOID三節雨刷 16吋                                                
1130916GF0000001,NOIDNRMG20          ,1.0,350.0,組   ,100.0,350.0,100.0,3.0,NOID三節雨刷 20吋                                                
1130916GF0000001,J00345              ,1.0,400.0,支   ,130.0,400.0,100.0,4.0,j0[車牌]A後雨刷                                              
1130918GF0000001,3VXTA1E2            ,1.0,800.0,組   ,300.0,800.0,100.0,1.0,3系列長毛避光墊                                                    
1130918GF0000001,2V2Q                ,2.0,10.0,各   ,4.0,10.0,100.0,2.0,單芯燈泡                                                        
1130919GF0000001,ZJTUA               ,1.0,300.0,罐   ,80.0,300.0,100.0,7.0,防霧除油膜                                                       
1130919GF0000001,ZEROVRMG18          ,1.0,870.0,支   ,325.0,870.0,100.0,8.0,ZERO矽膠雨刷18吋                                                 
1130919GF0000001,ZEROVRMG26          ,1.0,1130.0,支   ,415.0,1130.0,100.0,9.0,ZERO 26吋矽膠雨刷                                                
1130919GF0000001,2VY                 ,1.0,90.0,個   ,15.0,90.0,100.0,4.0,單芯座                                                         
1130919GF0000001,2V2Q                ,1.0,10.0,各   ,4.0,10.0,100.0,5.0,單芯燈泡                                                        
1130920GF0000001,WF55D23L2Q          ,1.0,2600.0,各   ,1850.0,2600.0,100.0,1.0,湯淺55D23L電瓶                                                  
1130920GF0000001,VIOSUCSG1           ,1.0,2500.0,次   ,1500.0,2500.0,100.0,2.0,VIOS(右後)內室板換皮                                               
1130925GF0000001,NOIDNRMG14          ,1.0,250.0,支   ,100.0,250.0,100.0,7.0,NOID三節雨刷 14吋                                                
1130925GF0000001,NOIDNRMG26          ,1.0,450.0,支   ,100.0,450.0,100.0,8.0,NOID三節雨刷 26吋                                                
1130925GF0000001,ERQ60UCR2Q          ,1.0,2700.0,各   ,1900.0,2700.0,100.0,5.0,國際牌 60銥合金電瓶                                                 
1131112GF0000002,T20GV2Q             ,2.0,200.0,各   ,20.0,200.0,100.0,4.0,T20雙芯燈泡                                                     
1131112GF0000002,RSENT10MU10R        ,1.0,500.0,卡   ,140.0,500.0,100.0,5.0,RSEN T10 魚眼 10晶 CANBUS                                      
1131112GF0000002,HY8910FCW           ,1.0,350.0,組   ,120.0,350.0,100.0,6.0,HY-891安全護套                                                  
1131113GF0000001,PNSSFIN0010F2D      ,1.0,250.0,組   ,45.0,250.0,100.0,1.0,多功能安全帶扣                                                     
1131113GF0000001,G255630GV2Q         ,1.0,350.0,組   ,240.0,350.0,100.0,2.0,G25-5630後煞車燈雙芯燈泡                                            
1131113GF0000001,50AP1VN             ,1.0,100.0,各   ,50.0,100.0,100.0,3.0,50A保險絲                                                      
1131115GF0000001,ZJTUA               ,1.0,300.0,罐   ,78.6,300.0,100.0,1.0,防霧除油膜                                                       
1131115GF0000001,RSENUE16HMG         ,1.0,200.0,支   ,70.0,200.0,100.0,2.0,RSEN 硬骨 16吋雨刷                                               
1131115GF0000001,RSENUE26MG          ,1.0,350.0,支   ,100.0,350.0,100.0,3.0,RSEN 硬式 26吋雨刷                                               
1131116GF0000001,J2WV2               ,1.0,300.0,組   ,70.0,300.0,100.0,1.0,屋頂天線(短)                                                     
1131116GF0000001,2UW                 ,1.0,100.0,組   ,45.0,100.0,100.0,2.0,點菸頭出線                                                       
1131118GF0000001,PNSTPC006           ,1.0,350.0,組   ,90.0,350.0,100.0,4.0,手機架 隱藏停車號碼                                                  
1131118GF0000001,VTRXFV              ,1.0,300.0,組   ,150.0,300.0,100.0,5.0,行車記錄器線                                                      
1131118GF0000001,RT2Q7B              ,1.0,1000.0,各   ,700.0,1000.0,100.0,6.0,機車電瓶-7B                                                     
1131118GF0000001,H11OSARM2Q          ,1.0,400.0,各   ,120.0,400.0,100.0,1.0,H11 OSARM燈泡                                                 
1130925GF0000001,KY359FE             ,2.0,300.0,各   ,130.0,300.0,100.0,3.0,KY-359旗桿                                                    
1130925GF0000001,CB1107UCE           ,1.0,250.0,各   ,90.0,250.0,100.0,1.0,CB-1107菸灰缸                                                  
1130926GF0000001,UX0GVR              ,1.0,250.0,罐   ,80.0,250.0,100.0,1.0,亞力安水箱精                                                      
1130927GF0000001,3MR1CM              ,1.0,120.0,卷   ,50.0,120.0,100.0,1.0,3M膠*1CM                                                     
1130930GF0000001,ABTD003GTVTF        ,1.0,1300.0,組   ,900.0,1300.0,100.0,1.0,ABT-D003大吸力手持吸塵器                                            
1131003GF0000001,NOID6SND            ,1.0,250.0,組   ,60.0,250.0,100.0,1.0,NOID 6SND室內燈                                                
1131003GF0000001,3D1F1               ,1.0,250.0,支   ,90.0,250.0,100.0,2.0,3D補漆筆                                                       
1131004GF0000001,YH370FES2XEN        ,1.0,3000.0,組   ,1925.0,3000.0,100.0,1.0,YH-370全功能電力公司                                               
1131004GF0000001,RSENT104RQ          ,1.0,250.0,卡   ,80.0,250.0,100.0,2.0,RSEN T10 4晶                                                 
1131005GF0000001,CARGTUV             ,1.0,200.0,罐   ,90.0,200.0,100.0,1.0,CAR煞車油(小)                                                   
1131008GF0000001,RSENUE16HMG         ,1.0,200.0,支   ,70.0,200.0,100.0,1.0,RSEN 硬骨 16吋雨刷                                               
1131009GF0000001,MISSIONYQU          ,1.0,400.0,罐   ,95.8,400.0,100.0,1.0,MISSIOM自排油                                                  
1131009GF0000001,VBDXWG              ,1.0,300.0,各   ,120.0,300.0,100.0,2.0,向日葵輪胎刷                                                      
1131009GF0000001,RSENC1XWU           ,1.0,200.0,罐   ,95.0,200.0,100.0,3.0,RSEN環保輪胎油                                                   
1131009GF0000001,20162T              ,2.0,100.0,各   ,27.0,100.0,100.0,4.0,2016電池                                                      
1131011GF0000001,XASX4TA1E2          ,1.0,800.0,組   ,220.0,800.0,100.0,1.0,鈴木 SX-4長毛避光墊                                                
1131011GF0000001,1W                  ,1.0,150.0,組   ,70.0,150.0,100.0,2.0,補土                                                          
1131012GF0000001,DAYL60BV2           ,1.0,2500.0,組   ,520.0,2500.0,100.0,1.0,DAYL-60冰藍淚眼日行燈                                              
1131012GF0000001,RSENT105630         ,1.0,400.0,卡   ,120.0,400.0,100.0,2.0,RSEN T10 5630 10燈                                           
1131012GF0000001,EY                  ,1.0,100.0,次   ,0.0,100.0,100.0,3.0,工資                                                          
1131014GF0000001,UX0GVR              ,1.0,250.0,罐   ,80.0,250.0,100.0,1.0,亞力安水箱精                                                      
1131014GF0000001,ABT-D005            ,1.0,1300.0,組   ,850.0,1300.0,100.0,2.0,百變旋轉手持吸塵器                                                   
1131015GF0000001,PNSSB22             ,3.0,350.0,組   ,60.0,350.0,100.0,1.0,紅色殼15LED弘光-照地12LED 24V                                      
1131015GF0000001,                    ,0.0,0.0,,0.0,0.0,,2.0,
1131016GF0000001,EY                  ,1.0,500.0,次   ,0.0,500.0,100.0,1.0,工資                                                          
1131017GF0000001,EY                  ,1.0,600.0,次   ,0.0,600.0,100.0,1.0,工資                                                          
1131017GF0000001,ZEROFV1UUR          ,1.0,400.0,罐   ,180.0,400.0,100.0,2.0,ZERO全效保養汽車精[車牌]                                            
1131017GF0000001,VUFMT               ,1.0,750.0,組   ,350.0,750.0,100.0,3.0,雄鷹晴雨窗                                                       
1131018GF0000001,ABTD003GTVTF        ,1.0,0.0,組   ,650.0,0.0,100.0,1.0,ABT-D003大吸力手持吸塵器                                            
1131018GF0000001,R2CGR               ,1.0,500.0,組   ,150.0,500.0,100.0,2.0,堅達後視鏡                                                       
1131019GF0000001,LY903               ,1.0,100.0,組   ,25.0,100.0,100.0,1.0,LY-903大圓鏡                                                   
1131023GF0000001,24V2V2Q             ,1.0,20.0,各   ,3.5,20.0,100.0,1.0,24V單芯燈泡                                                     
1131023GF0000001,3D1F1               ,1.0,250.0,支   ,90.0,250.0,100.0,2.0,3D補漆筆                                                       
1131023GF0000001,VBDQEYB1UR          ,1.0,300.0,罐   ,120.0,300.0,100.0,3.0,向日葵皮革滋潤保養液                                                  
1131024GF0000001,ZERO14VRMG          ,1.0,700.0,支   ,290.0,700.0,100.0,1.0,ZERO矽膠雨刷14吋                                                 
1131024GF0000001,ZEROVRMG24          ,1.0,1000.0,支   ,415.0,1000.0,100.0,2.0,ZERO矽膠雨刷24吋                                                 
1131024GF0000001,ZJTUA               ,1.0,300.0,罐   ,80.0,300.0,100.0,3.0,防霧除油膜                                                       
1131024GF0000001,H1135W22Q           ,1.0,400.0,各   ,90.0,400.0,100.0,4.0,H11 55W 燈泡                                                  
1131026GF0000001,G204GVR             ,1.0,550.0,罐   ,180.0,550.0,100.0,1.0,G206水箱精                                                     
1131028GF0000001,500RTCW             ,1.0,500.0,組   ,100.0,500.0,100.0,3.0,[車牌]救車線(銅)                                                 
1131028GF0000001,PNSS069U11GRR       ,1.0,350.0,組   ,100.0,350.0,100.0,4.0,PNS-S069儀表板手機架                                              
1131028GF0000001,VTRXFV              ,1.0,650.0,組   ,150.0,650.0,100.0,5.0,行車記錄器線                                                      
1131028GF0000001,WF602Q              ,1.0,2500.0,各   ,1500.0,2500.0,100.0,1.0,湯淺60電瓶                                                      
1131029GF0000001,ABROQAG1XTUA        ,1.0,300.0,組   ,95.0,300.0,100.0,10.0,ABRO泡沫式玻璃除油膜[車牌]                                           
1131029GF0000001,3MR1CM              ,1.0,100.0,卷   ,50.0,100.0,100.0,11.0,3M膠*1CM                                                     
1131029GF0000001,RSENUE18HMG         ,1.0,250.0,支   ,70.0,250.0,100.0,5.0,RSEN硬骨18吋雨刷                                                 
1131029GF0000001,RSENUG24HMG         ,1.0,250.0,支   ,100.0,250.0,100.0,6.0,RSEN硬式雨刷 24吋                                                
1131029GF0000001,DAW510*50           ,1.0,600.0,張   ,20.0,600.0,100.0,7.0,卡夢貼紙10*50cm                                                 
1131029GF0000001,F2W5                ,1.0,500.0,張   ,400.0,500.0,100.0,8.0,前檔貼紙                                                        
1131029GF0000001,LEO695              ,1.0,80.0,卷   ,40.0,80.0,100.0,3.0,車身貼線/螢光粉(30尺)                                               
1131029GF0000001,EY                  ,1.0,100.0,次   ,0.0,100.0,100.0,1.0,工資                                                          
1131030GF0000001,TXWEYY              ,1.0,350.0,組   ,180.0,350.0,100.0,1.0,拆輪胎工具組                                                      
1131102GF0000001,3MR1CM              ,2.0,120.0,卷   ,50.0,120.0,100.0,5.0,3M膠*1CM                                                     
1131102GF0000001,1VN30AVAT1VN        ,1.0,100.0,各   ,35.0,100.0,100.0,6.0,TOYTA 30A小母插式保險絲                                            
1131102GF0000001,1VNV                ,1.0,10.0,各   ,2.0,10.0,100.0,7.0,保險絲(小)                                                      
1131102GF0000001,24V2V2Q             ,1.0,20.0,各   ,3.5,20.0,100.0,8.0,24V單芯燈泡                                                     
1131102GF0000001,HY662               ,1.0,1100.0,組   ,520.0,1100.0,100.0,3.0,HY-662簡便連結式椅套                                               
1131102GF0000001,12EAXFMT            ,1.0,700.0,組   ,300.0,700.0,100.0,1.0,12冠美麗晴雨窗                                                    
1131108GF0000001,WF602Q              ,1.0,2400.0,各   ,1500.0,2400.0,100.0,4.0,湯淺60電瓶                                                      
1131108GF0000001,H4ZXQ2Q             ,1.0,300.0,組   ,150.0,300.0,100.0,5.0,H4 55W菲利浦黃金燈泡                                               
1131108GF0000001,ECC9922TBCR         ,1.0,300.0,罐   ,80.0,300.0,100.0,6.0,ECC-992防鏽潤滑劑                                                
1131108GF0000001,H4OSRAM2Q           ,1.0,400.0,各   ,50.0,400.0,100.0,7.0,H4 OSRAM燈泡                                                  
1131108GF0000001,T10552              ,2.0,10.0,各   ,2.0,10.0,100.0,8.0,T10中炸彈                                                      
1131108GF0000001,RG2LED12V           ,1.0,1200.0,組   ,650.0,1200.0,100.0,9.0,12V大龜LED警示燈                                                 
1131108GF0000001,24VRG2LED           ,1.0,1250.0,各   ,620.0,1250.0,100.0,10.0,24V警示燈 LED                                                  
1131108GF0000001,RG212V2Q            ,1.0,900.0,組   ,480.0,900.0,100.0,11.0,12V大龜燈泡式警示燈                                                 
1131108GF0000001,EY                  ,1.0,200.0,次   ,0.0,200.0,100.0,12.0,工資                                                          
1131108GF0000001,8YCA                ,3.0,75.0,各   ,30.0,75.0,100.0,13.0,8字海棉                                                        
1131108GF0000001,GV2Q                ,1.0,100.0,各   ,4.5,100.0,100.0,14.0,雙芯燈泡                                                        
1131108GF0000001,GV2Q                ,1.0,10.0,各   ,4.5,10.0,100.0,15.0,雙芯燈泡                                                        
1131108GF0000001,H11OSARM2Q          ,1.0,500.0,各   ,120.0,500.0,100.0,16.0,H11 OSARM燈泡                                                 
1131108GF0000001,VBDVATX-2           ,1.0,200.0,罐   ,65.0,200.0,100.0,17.0,向日葵細目粗蠟二代                                                   
1131108GF0000001,H4LED181E           ,1.0,450.0,各   ,200.0,450.0,100.0,18.0,H4 LED 18W直上機車燈泡                                            
1131108GF0000001,ABTE091ZDJMAIGDJVJF ,1.0,1000.0,組   ,650.0,1000.0,100.0,1.0,ABT-E091芳香物語AI雙孔無限霧化機                                       
1131108GF0000001,PNSSUN11            ,1.0,350.0,組   ,95.0,350.0,100.0,2.0,前車窗遮陽防蚊罩-L轎車用(後視鏡開)                                         
1131108GF0000001,EY                  ,1.0,100.0,次   ,0.0,100.0,100.0,3.0,工資                                                          
1131109GF0000001,RSENUE16HMG         ,1.0,250.0,支   ,70.0,250.0,100.0,3.0,RSEN 硬骨 16吋雨刷                                               
1131109GF0000001,RSENUGMG22H         ,1.0,250.0,支   ,70.0,250.0,100.0,4.0,RSEN 硬式22吋雨刷                                                
1131109GF0000001,T10552              ,6.0,10.0,各   ,2.0,10.0,100.0,5.0,T10中炸彈                                                      
1131109GF0000001,ACP300XR            ,1.0,550.0,各   ,250.0,550.0,100.0,6.0,ACP-300藍鏡                                                   
1131109GF0000001,H724V2Q             ,2.0,250.0,各   ,80.0,250.0,100.0,1.0,H7 24V燈泡                                                    
1131111GF0000001,FOCUSR2F            ,1.0,700.0,各   ,500.0,700.0,100.0,8.0,FOCUS繼電器                                                    
1131111GF0000001,1VNY                ,1.0,10.0,各   ,100.0,10.0,100.0,9.0,圓保險絲座                                                       
1131111GF0000001,H1135W22Q           ,2.0,300.0,各   ,90.0,300.0,100.0,5.0,H11 55W 燈泡                                                  
1131111GF0000001,RSENH112TY          ,1.0,300.0,組   ,90.0,300.0,100.0,6.0,RSEN H11陶瓷座                                                 
1131111GF0000001,5H2XR5Q             ,1.0,300.0,各   ,100.0,300.0,100.0,1.0,5吋打蠟機轉盤                                                     
1131111GF0000001,5HMVGXCA            ,1.0,150.0,各   ,60.0,150.0,100.0,2.0,5吋圓形上蠟海棉                                                    
1131111GF0000001,6H2XAW              ,1.0,150.0,組   ,65.0,150.0,100.0,3.0,6吋打蠟棉套                                                      
1131112GF0000001,XFXJALTIS           ,1.0,450.0,各   ,120.0,450.0,100.0,1.0,冷氣濾01-07ALTIS                                               
1131112GF0000002,S28WGDE             ,1.0,100.0,組   ,48.0,100.0,100.0,1.0,S-28貼式二段開關                                                  
1131112GF0000002,CY909QWW            ,1.0,150.0,各   ,35.0,150.0,100.0,2.0,CY-909排檔頭套(全色無繡字)                                           
1131112GF0000002,TAD012              ,1.0,850.0,組   ,490.0,850.0,100.0,3.0,象王油壓千斤頂2T                                                   
1131118GF0000001,90052Q              ,1.0,250.0,各   ,80.0,250.0,100.0,2.0,9005燈泡                                                      
1131120GF0000001,VBDXEX              ,2.0,120.0,罐   ,65.0,120.0,100.0,1.0,向日葵橘油亮光蠟  [車牌]                                             
1131121GF0000001,NOIDNRMG22          ,1.0,350.0,支   ,100.0,350.0,100.0,1.0,NOID三節雨刷 22吋                                                
1131121GF0000001,NOIDNRMG16          ,1.0,250.0,支   ,100.0,250.0,100.0,2.0,NOID三節雨刷 16吋                                                
1131121GF0000001,RSENT105630         ,1.0,400.0,卡   ,120.0,400.0,100.0,3.0,RSEN T10 5630 10燈                                           
1131123GF0000001,NOIDNRMG16          ,1.0,250.0,支   ,100.0,250.0,100.0,4.0,NOID三節雨刷 16吋                                                
1131123GF0000001,NOIDNRMG22          ,1.0,350.0,支   ,100.0,350.0,100.0,5.0,NOID三節雨刷 22吋                                                
1131123GF0000001,G255630GV2Q         ,0.5,700.0,組   ,240.0,700.0,100.0,1.0,G25-5630後煞車燈雙芯燈泡                                            
1131123GF0000001,AFL283578           ,1.0,300.0,組   ,90.0,300.0,100.0,2.0,軟條燈2835-78LED                                               
1131123GF0000001,ZJTUA               ,1.0,300.0,罐   ,78.6,300.0,100.0,6.0,防霧除油膜                                                       
1131123GF0000001,1W                  ,1.0,150.0,組   ,70.0,150.0,100.0,7.0,補土                                                          
1131203GF0000001,V37GRR              ,1.0,400.0,組   ,100.0,400.0,100.0,8.0,V37儀表板手機架                                                   
1131203GF0000001,U6FMT               ,1.0,950.0,組   ,550.0,950.0,100.0,9.0,U6晴雨窗                                                       
1131203GF0000001,16162T              ,1.0,100.0,各   ,33.0,100.0,100.0,10.0,1616電池                                                      
1131203GF0000001,G185630             ,1.0,650.0,卡   ,230.0,650.0,100.0,11.0,G18-魚眼5630-10顆 白光 2入                                        
1131203GF0000001,FAGEUW              ,2.0,500.0,組   ,180.0,500.0,100.0,12.0,氣密式隔音條1.0cm                                                 
1131203GF0000001,5SR                 ,1.0,200.0,各   ,100.0,200.0,100.0,13.0,助黏劑                                                         
1131203GF0000001,SF0016              ,1.0,100.0,卡   ,36.0,100.0,100.0,7.0,通用型固定扣                                                      
1131203GF0000001,RSENC1XWU           ,1.0,250.0,罐   ,95.0,250.0,100.0,4.0,RSEN環保輪胎油                                                   
1131203GF0000001,ZJTUA               ,1.0,300.0,罐   ,78.6,300.0,100.0,5.0,防霧除油膜                                                       
1131203GF0000001,06EAXTA1E2          ,1.0,650.0,組   ,220.0,650.0,100.0,1.0,06冠美麗長毛避光墊                                                  
1131203GF0000001,07EAX5MW2           ,1.0,800.0,組   ,310.0,800.0,100.0,2.0,07冠美麗專用踏墊                                                   
1131205GF0000001,SAXO5W50            ,2.0,650.0,罐   ,220.0,650.0,100.0,4.0,SAXO 5W/50機油                                                
1131205GF0000001,16322T              ,4.0,150.0,各   ,25.0,150.0,100.0,5.0,1632電池                                                      
1131205GF0000001,13VIOSCFMT          ,1.0,800.0,組   ,350.0,800.0,100.0,6.0,13VIOS(後)晴雨窗                                                
1131205GF0000001,NOIDNRMG14          ,2.0,250.0,支   ,100.0,250.0,100.0,7.0,NOID三節雨刷 14吋                                                
1131205GF0000001,RSENT1018RMU        ,1.0,400.0,卡   ,150.0,400.0,100.0,8.0,RSEN T10 魚眼 18晶CANBUS                                       
1131205GF0000001,LP6920F2D           ,1.0,100.0,各   ,35.0,100.0,100.0,9.0,LP-692安全帶扣                                                  
1131205GF0000001,POSEN18H            ,1.0,400.0,組   ,60.0,400.0,100.0,10.0,POSEN 18吋雨刷                                                 
1131205GF0000001,NOIDNRMG26          ,1.0,450.0,支   ,100.0,450.0,100.0,11.0,NOID三節雨刷 26吋                                                
1131205GF0000001,NOIDNRMG24          ,1.0,650.0,支   ,100.0,650.0,100.0,12.0,NOID三節雨刷 24吋                                                
1131205GF0000001,AF003ZWQ2W          ,1.0,1000.0,各   ,360.0,1000.0,100.0,2.0,豐田系列專用排檔頭                                                   
1131206GF0000001,GOLFUVUVE           ,1.0,400.0,組   ,150.0,400.0,100.0,1.0,GOLF PIUS油箱釦子                                               
1131206GF0000001,DR0AZVQWM           ,1.0,600.0,各   ,350.0,600.0,100.0,2.0,開吉按摩(蘭珠)M                                                   
1131206GF0000001,WF55D23L2Q          ,1.0,3500.0,各   ,1850.0,3500.0,100.0,3.0,湯淺55D23L電瓶                                                  
1131206GF0000001,EY                  ,1.0,200.0,次   ,0.0,200.0,100.0,4.0,工資                                                          
1131206GF0000001,ERQ80D23LUCR2T      ,1.0,3500.0,各   ,2400.0,3500.0,100.0,5.0,國際牌80D23L 日本銀合金電池                                           
1131206GF0000001,PNSHDF29            ,1.0,400.0,組   ,130.0,400.0,100.0,6.0,磁吸式 常感出風口手機架                                                
1131206GF0000001,ZEROVRMG24          ,1.0,1000.0,支   ,415.0,1000.0,100.0,7.0,ZERO矽膠雨刷24吋                                                 
1131206GF0000001,ZEROVRMG20          ,1.0,800.0,支   ,350.0,800.0,100.0,8.0,ZERO矽膠雨刷20吋                                                 
1131206GF0000001,POSEN20H            ,1.0,400.0,組   ,70.0,400.0,100.0,9.0,POSEN 20吋雨刷                                                 
1131210GF0000001,3D1F1               ,1.0,250.0,支   ,90.0,250.0,100.0,2.0,3D補漆筆                                                       
1131210GF0000001,ZEROVRMG24          ,1.0,1000.0,支   ,415.0,1000.0,100.0,3.0,ZERO矽膠雨刷24吋                                                 
1131210GF0000001,ZEROVRMG16          ,1.0,600.0,支   ,325.0,600.0,100.0,4.0,ZERO矽膠雨刷16吋                                                 
1131211GF0000001,ZEROFV1UUR          ,1.0,400.0,罐   ,180.0,400.0,100.0,1.0,ZERO全效保養汽車精[車牌]                                            
1131211GF0000001,NXUR                ,2.0,100.0,各   ,45.0,100.0,100.0,2.0,三菱油芯                                                        
1131211GF0000001,CARMATGTU2          ,1.0,400.0,罐   ,130.0,400.0,100.0,3.0,CARMAT煞車油(大)                                                
1131211GF0000001,G204GVR             ,1.0,600.0,罐   ,180.0,600.0,100.0,4.0,G206水箱精                                                     
1131212GF0000001,NOIDNRMG18          ,2.0,600.0,支   ,100.0,600.0,100.0,3.0,NOID三節雨刷 18吋                                                
1131212GF0000001,MIO65R              ,1.0,600.0,各   ,385.0,600.0,100.0,4.0,MIO 6後視鏡支架                                                  
1131212GF0000001,32G                 ,1.0,900.0,各   ,180.0,900.0,100.0,5.0,32G卡片                                                       
1131212GF0000001,T202VCQ             ,1.0,300.0,各   ,28.0,300.0,100.0,1.0,T20單芯琥珀                                                     
1131213GF0000001,DR0AZVQWL           ,1.0,750.0,各   ,350.0,750.0,100.0,6.0,開吉按摩方向盤套(藍珠)L                                               
1131213GF0000001,TYPERH4CR           ,1.0,1000.0,組   ,200.0,1000.0,100.0,7.0,TYPE-R H4黃金燈泡                                               
1131213GF0000001,BOSCHX1             ,1.0,1000.0,組   ,330.0,1000.0,100.0,8.0,BOSCH喇叭                                                     
1131213GF0000001,ABROGTU             ,1.0,200.0,罐   ,88.0,200.0,100.0,9.0,ABRO煞車油                                                     
1131213GF0000001,PS301GS2            ,1.0,300.0,各   ,100.0,300.0,100.0,10.0,PS-301室內鏡                                                   
1131213GF0000001,PNSS24TY            ,1.0,400.0,組   ,140.0,400.0,100.0,11.0,大功率雙孔插座+雙USB                                                
1131213GF0000001,NOIDNRMG14          ,1.0,250.0,支   ,100.0,250.0,100.0,3.0,NOID三節雨刷 14吋                                                
1131213GF0000001,NOIDNRMG20          ,1.0,350.0,組   ,100.0,350.0,100.0,4.0,NOID三節雨刷 20吋                                                
1131213GF0000001,XE2MGG250CC         ,1.0,100.0,罐   ,28.0,100.0,100.0,12.0,Xe2雨刷水 [車牌]                                                
1131213GF0000001,ABTE040             ,1.0,1100.0,組   ,580.0,1100.0,100.0,1.0,ABT-E040Q3.0黑(3孔4USB)                                       
1131214GF0000001,13VIOSFMTXQ         ,1.0,1000.0,組   ,400.0,1000.0,100.0,1.0,13VIOS(兩片)晴雨窗                                               
1131216GF0000001,NOIDNRMG14          ,1.0,200.0,支   ,100.0,200.0,100.0,1.0,NOID三節雨刷 14吋                                                
1131216GF0000001,NOIDNRMG24          ,1.0,400.0,支   ,100.0,400.0,100.0,2.0,NOID三節雨刷 24吋                                                
1131216GF0000001,J00346              ,1.0,400.0,支   ,130.0,400.0,100.0,3.0,J00346後雨刷 WISH                                              
1131217GF0000001,VBDVTX1000ML        ,1.0,200.0,罐   ,80.0,200.0,100.0,13.0,向日葵汽車洗車蠟[車牌]                                              
1131217GF0000001,2V2Q                ,2.0,100.0,各   ,4.0,100.0,100.0,14.0,單芯燈泡                                                        
1131216GF0000001,NOIDNRMG20          ,1.0,350.0,組   ,100.0,350.0,100.0,4.0,NOID三節雨刷 20吋                                                
1131216GF0000001,NOIDNRMG28          ,1.0,500.0,支   ,150.0,500.0,100.0,5.0,NOID三節雨刷 28吋                                                
1131217GF0000001,H00338              ,1.0,150.0,張   ,30.0,150.0,100.0,11.0,BABY IN CAR/熊熊                                              
1131217GF0000001,RSENA1FTU11A5W      ,1.0,350.0,組   ,120.0,350.0,100.0,9.0,RSEN A1汽車背面紙套                                               
1131217GF0000001,PNSS36              ,1.0,550.0,組   ,190.0,550.0,100.0,7.0,三孔點菸器+3USB(TYPE-R)                                          
1131217GF0000001,AFL5050FH           ,2.0,350.0,條   ,108.0,350.0,100.0,4.0,[車牌]12七彩LED                                             
1131217GF0000001,EY                  ,1.0,50.0,次   ,0.0,50.0,100.0,2.0,工資                                                          
1131217GF0000001,GARMIN532C          ,1.0,4990.0,組   ,4500.0,4990.0,100.0,1.0,GARMIN 53導航                                                 
1131218GF0000001,2VCQ2Q              ,1.0,50.0,各   ,5.0,50.0,100.0,1.0,單芯琥珀燈泡                                                      
1131218GF0000001,PNSSFIN0010F2D      ,1.0,200.0,組   ,45.0,200.0,100.0,3.0,多功能安全帶扣                                                     
1131220GF0000001,ZERO14VRMG          ,1.0,700.0,支   ,290.0,700.0,100.0,1.0,ZERO矽膠雨刷14吋                                                 
1131220GF0000001,ZEROVRMG24          ,1.0,1000.0,支   ,415.0,1000.0,100.0,2.0,ZERO矽膠雨刷24吋                                                 
1131220GF0000001,J00351              ,1.0,300.0,支   ,130.0,300.0,100.0,3.0,J00351 [車牌]IS後雨刷                                         
1131220GF0000001,YH368FDS2XEN        ,1.0,2500.0,組   ,1500.0,2500.0,100.0,4.0,YH-368全功能電力公司                                               
1131221GF0000001,709U11GRR           ,1.0,350.0,組   ,120.0,350.0,100.0,5.0,709儀表板手機架                                                   
1131221GF0000001,ZJTUA               ,1.0,300.0,罐   ,78.6,300.0,100.0,6.0,防霧除油膜                                                       
1131221GF0000001,WF602Q              ,1.0,2500.0,各   ,1500.0,2500.0,100.0,3.0,湯淺60電瓶                                                      
1131224GF0000001,NOIDNRMG26          ,1.0,450.0,支   ,100.0,450.0,100.0,9.0,NOID三節雨刷 26吋                                                
1131224GF0000001,A094                ,1.0,550.0,條   ,100.0,550.0,100.0,10.0,A094方向盤套                                                    
1131224GF0000001,GN190ZEW5           ,1.0,100.0,張   ,40.0,100.0,100.0,11.0,GN-190反光貼紙                                                  
1131224GF0000001,2FWBE               ,1.0,200.0,各   ,100.0,200.0,100.0,6.0,打氣頭軟管                                                       
1131224GF0000001,SAXOC35W30FHU       ,1.0,650.0,罐   ,220.0,650.0,100.0,4.0,SAXO C3 5W30柴油共用遊                                           
1131224GF0000001,C55AWFTR            ,1.0,300.0,組   ,128.0,300.0,100.0,1.0,黑珍珠毛毯清潔劑                                                    
1131224GF0000001,EY                  ,1.0,100.0,次   ,0.0,100.0,100.0,12.0,工資                                                          
1131224GF0000001,VBDG2A              ,1.0,300.0,各   ,130.0,300.0,100.0,2.0,向日葵水鍍膜                                                      
1131225GF0000001,ABTE047             ,1.0,2999.0,組   ,1690.0,2999.0,100.0,1.0,鋁合金汽柴油啟動電源                                                  
1131226GF0000001,ZERO14VRMG          ,1.0,700.0,支   ,290.0,700.0,100.0,1.0,ZERO矽膠雨刷14吋                                                 
1131226GF0000001,ZEROVRMG26          ,1.0,1000.0,支   ,415.0,1000.0,100.0,2.0,ZERO 26吋矽膠雨刷                                                
1131227GF0000001,ZJTUA               ,1.0,300.0,罐   ,78.6,300.0,100.0,3.0,防霧除油膜                                                       
1131227GF0000001,6BCA                ,0.5,100.0,包   ,38.0,100.0,100.0,4.0,6入海棉                                                        
1131228GF0000001,13R2FMT             ,1.0,1000.0,組   ,350.0,1000.0,100.0,1.0,13堅達晴雨窗(兩片式)                                                
1131227GF0000001,BW2                 ,1.0,200.0,條   ,68.0,200.0,100.0,1.0,軟條燈                                                         
1131228GF0000001,GV2Q                ,4.0,10.0,各   ,4.5,10.0,100.0,2.0,雙芯燈泡                                                        
1131231GF0000001,VBDVATX-2           ,1.0,200.0,罐   ,65.0,200.0,100.0,1.0,向日葵細目粗蠟二代                                                   
1131231GF0000001,TVJ1                ,1.0,100.0,條   ,22.0,100.0,100.0,2.0,超纖維布                                                        
1140102GF0000001,EVEW2               ,1.0,600.0,組   ,280.0,600.0,100.0,9.0,EVE踏墊                                                       
1140102GF0000001,PNSSCUP03           ,1.0,400.0,組   ,130.0,400.0,100.0,10.0,多功能PU皮革椅縫置物架                                                
1140102GF0000001,ABTA010A5W          ,1.0,310.0,各   ,180.0,310.0,100.0,2.0,面紙套                                                         
1140102GF0000001,ABTD003GTVTF        ,1.0,2000.0,組   ,650.0,2000.0,100.0,11.0,ABT-D003大吸力手持吸塵器                                            
1140102GF0000001,3D5U1               ,1.0,270.0,組   ,113.0,270.0,100.0,3.0,3D遮陽板                                                       
1140102GF0000001,20322T              ,1.0,200.0,各   ,27.0,200.0,100.0,4.0,2032電池                                                      
1140102GF0000001,NOIDNRMG16          ,1.0,250.0,支   ,100.0,250.0,100.0,5.0,NOID三節雨刷 16吋                                                
1140102GF0000001,NOIDNRMG26          ,1.0,450.0,支   ,100.0,450.0,100.0,6.0,NOID三節雨刷 26吋                                                
1140102GF0000001,J00350CMG           ,1.0,400.0,支   ,130.0,400.0,100.0,7.0,J00350後雨刷                                                   
1140103GF0000001,PD1066500W1UF       ,1.0,2500.0,組   ,1500.0,2500.0,100.0,1.0,PD-1065 500W變壓器                                             
1140103GF0000001,NOIDNRMG24          ,1.0,400.0,支   ,100.0,400.0,100.0,2.0,NOID三節雨刷 24吋                                                
1140103GF0000001,NOIDNRMG16          ,1.0,250.0,支   ,100.0,250.0,100.0,3.0,NOID三節雨刷 16吋                                                
1140104GF0000001,C1652UVG            ,1.0,250.0,組   ,125.0,250.0,100.0,2.0,C-165大牙香水                                                   
1140104GF0000001,F00539              ,1.0,40.0,張   ,20.0,40.0,100.0,3.0,TEZET貼紙                                                     
1140104GF0000001,NOIDNRMG18          ,2.0,280.0,支   ,100.0,280.0,100.0,4.0,NOID三節雨刷 18吋                                                
1140104GF0000001,EY                  ,1.0,300.0,次   ,0.0,300.0,100.0,5.0,工資                                                          
1140103GF0000001,SP702               ,1.0,200.0,罐   ,110.0,200.0,100.0,4.0,SP-702電動窗潤滑劑                                                
1140104GF0000001,SP702               ,1.0,250.0,罐   ,110.0,250.0,100.0,6.0,SP-702電動窗潤滑劑                                                
1140106GF0000001,SAXOC35W30FHU       ,1.0,650.0,罐   ,220.0,650.0,100.0,7.0,SAXO C3 5W30柴油共用遊                                           
1140106GF0000001,VBDVATX-2           ,1.0,200.0,罐   ,65.0,200.0,100.0,8.0,向日葵細目粗蠟二代                                                   
1140106GF0000001,VBDUMN              ,1.0,650.0,罐   ,300.0,650.0,100.0,9.0,向日葵釉元素                                                      
1140106GF0000001,VBDUMN              ,1.0,600.0,罐   ,300.0,600.0,100.0,10.0,向日葵釉元素                                                      
1140106GF0000001,RSENUE18HMG         ,2.0,200.0,支   ,70.0,200.0,100.0,5.0,RSEN硬骨18吋雨刷                                                 
1140106GF0000001,I00004R             ,1.0,70.0,各   ,35.0,70.0,100.0,3.0,反光片/長方形紅                                                    
1140106GF0000001,XB-306ZEW5          ,1.0,200.0,各   ,100.0,200.0,100.0,1.0,xb-306反光貼紙                                                  
1140107GF0000001,15HXFE              ,1.0,0.0,組   ,350.0,0.0,100.0,1.0,15吋輪圈蓋                                                      
1140108GF0000001,NOIDNRMG18          ,1.0,300.0,支   ,100.0,300.0,100.0,6.0,NOID三節雨刷 18吋                                                
1140108GF0000001,NOIDNRMG20          ,1.0,350.0,組   ,100.0,350.0,100.0,7.0,NOID三節雨刷 20吋                                                
1140108GF0000001,1VN2Q               ,2.0,100.0,片   ,40.0,100.0,100.0,2.0,大片保險絲                                                       
1140108GF0000001,CHEERS1540RU        ,1.0,350.0,罐   ,104.3,350.0,100.0,8.0,CHEERS 15/40機油                                              
1140110GF0000001,RSENH112TY          ,1.0,400.0,組   ,90.0,400.0,100.0,1.0,RSEN H11陶瓷座                                                 
1140110GF0000001,H11OSARM2Q          ,1.0,400.0,各   ,120.0,400.0,100.0,2.0,H11 OSARM燈泡                                                 
1140110GF0000001,WF602Q              ,1.0,2200.0,各   ,1500.0,2200.0,100.0,5.0,湯淺60電瓶                                                      
1140110GF0000001,PNSS23TY            ,1.0,300.0,組   ,150.0,300.0,100.0,7.0,車用單孔插座+雙USB                                                 
1140110GF0000001,307DTV              ,1.0,450.0,組   ,180.0,450.0,100.0,8.0,307快充線                                                      
1140111GF0000001,ZEROVRMG16          ,1.0,880.0,支   ,325.0,880.0,100.0,1.0,ZERO矽膠雨刷16吋                                                 
1140111GF0000001,ZEROVRMG24          ,1.0,1120.0,支   ,415.0,1120.0,100.0,2.0,ZERO矽膠雨刷24吋                                                 
1140113GF0000001,VBDGVR              ,1.0,200.0,罐   ,60.0,200.0,100.0,2.0,向日葵水箱精                                                      
1140113GF0000001,BD0907GQW1          ,1.0,650.0,組   ,80.0,650.0,100.0,3.0,BD-0907手排踏板                                                 
1140113GF0000001,GYQ2W               ,1.0,1200.0,各   ,450.0,1200.0,100.0,4.0,水鑽排檔頭                                                       
1140113GF0000001,90062Q              ,1.0,250.0,各   ,80.0,250.0,100.0,1.0,9006燈泡                                                      
1140114GF0000001,RSENUE18HMG         ,1.0,250.0,支   ,70.0,250.0,100.0,5.0,RSEN硬骨18吋雨刷                                                 
1140114GF0000001,T20Y                ,1.0,250.0,各   ,20.0,250.0,100.0,6.0,T20燈座                                                       
1140114GF0000001,T20GV2Q             ,1.0,150.0,各   ,20.0,150.0,100.0,7.0,T20雙芯燈泡                                                     
1140114GF0000001,JXFYE               ,1.0,150.0,組   ,40.0,150.0,100.0,1.0,JX 充氣嘴                                                      
1140114GF0000001,YH1682XEN           ,1.0,3800.0,組   ,2500.0,3800.0,100.0,2.0,YH168電力公司                                                   
1140114GF0000001,3D1F1               ,2.0,250.0,支   ,90.0,250.0,100.0,3.0,3D補漆筆                                                       
1140115GF0000001,16G                 ,1.0,350.0,組   ,180.0,350.0,100.0,13.0,16G                                                         
1140115GF0000001,2802FR              ,1.0,650.0,組   ,280.0,650.0,100.0,14.0,280打氣機                                                      
1140115GF0000001,NOIDNRMG22          ,1.0,350.0,支   ,100.0,350.0,100.0,9.0,NOID三節雨刷 22吋                                                
1140115GF0000001,NOIDNRMG24          ,1.0,450.0,支   ,100.0,450.0,100.0,10.0,NOID三節雨刷 24吋                                                
1140115GF0000001,ZJTUA               ,1.0,300.0,罐   ,78.6,300.0,100.0,11.0,防霧除油膜                                                       
1140115GF0000001,ZV5G539HNF          ,1.0,3500.0,組   ,1900.0,3500.0,100.0,7.0,發現者F-539測速器                                                 
1140115GF0000001,T202V2Q             ,2.0,150.0,各   ,20.0,150.0,100.0,15.0,T20單芯燈泡                                                     
1140115GF0000001,T20GV2Q             ,2.0,150.0,各   ,20.0,150.0,100.0,16.0,T20雙芯燈泡                                                     
1140115GF0000001,NOIDNRMG14          ,1.0,250.0,支   ,100.0,250.0,100.0,4.0,NOID三節雨刷 14吋                                                
1140115GF0000001,NOIDNRMG26          ,1.0,450.0,支   ,100.0,450.0,100.0,5.0,NOID三節雨刷 26吋                                                
1140115GF0000001,VUGQ2W              ,1.0,1200.0,組   ,280.0,1200.0,100.0,2.0,下壓式排檔頭                                                      
1140116GF0000001,32G                 ,1.0,450.0,各   ,180.0,450.0,100.0,1.0,32G卡片                                                       
1140116GF0000001,U7MG                ,1.0,950.0,組   ,250.0,950.0,100.0,2.0,U7雨刷                                                        
1140116GF0000001,VBDVATX-2           ,1.0,200.0,罐   ,65.0,200.0,100.0,3.0,向日葵細目粗蠟二代                                                   
1140117GF0000001,2VCQ2Q              ,1.0,150.0,各   ,5.0,150.0,100.0,5.0,單芯琥珀燈泡                                                      
1140117GF0000001,ERQ60UCR2Q          ,1.0,2900.0,各   ,1900.0,2900.0,100.0,6.0,國際牌 60銀合金電瓶                                                 
1140117GF0000001,HY923W5             ,1.0,300.0,各   ,110.0,300.0,100.0,3.0,HY-923頭枕                                                    
1140117GF0000001,T-137               ,1.0,480.0,罐   ,220.0,480.0,100.0,1.0,T-137新棕梠速亮噴蠟[車牌]                                           
1140120GF0000001,ERQ80D23LUCR2T      ,1.0,3300.0,各   ,2400.0,3300.0,100.0,1.0,國際牌80D23L 日本銀合金電池                                           
1140121GF0000001,8YCA                ,1.0,70.0,各   ,30.0,70.0,100.0,4.0,8字海棉                                                        
1140121GF0000001,UADVTR              ,1.0,150.0,罐   ,60.0,150.0,100.0,5.0,優馬克洗車精                                                      
1140121GF0000001,GV2Q                ,2.0,10.0,各   ,4.5,10.0,100.0,6.0,雙芯燈泡                                                        
1140121GF0000001,JK40S27             ,1.0,200.0,組   ,90.0,200.0,100.0,1.0,插式轉夾轉接頭(大)                                                  
1140121GF0000001,1VNV                ,1.0,10.0,各   ,2.0,10.0,100.0,2.0,保險絲(小)                                                      
1140122GF0000001,LY601               ,1.0,50.0,組   ,25.0,50.0,100.0,1.0,小圓鏡                                                         
1140122GF0000001,VBDQEE5CX           ,1.0,400.0,罐   ,150.0,400.0,100.0,2.0,向日葵皮革光澤護蠟                                                   
1140123GF0000001,VBDUMN              ,1.0,650.0,罐   ,300.0,650.0,100.0,1.0,向日葵釉元素                                                      
1140123GF0000001,GN290GVR            ,1.0,250.0,罐   ,80.0,250.0,100.0,2.0,長效型水箱精 1L                                                   
1140123GF0000001,PE53GV1W            ,1.0,450.0,組   ,30.0,450.0,100.0,3.0,PE-53雙色邊條                                                   
1140124GF0000001,3MR1CM              ,1.0,100.0,卷   ,50.0,100.0,100.0,1.0,3M膠*1CM                                                     
1140125GF0000001,NRW2                ,6.0,150.0,各   ,44.0,150.0,100.0,1.0,四角踏墊                                                        
1140125GF0000001,32G                 ,1.0,450.0,各   ,180.0,450.0,100.0,2.0,32G卡片                                                       
1140127GF0000001,EY                  ,1.0,200.0,次   ,0.0,200.0,100.0,3.0,工資                                                          
1140127GF0000001,RSENT105630         ,1.0,400.0,卡   ,120.0,400.0,100.0,4.0,RSEN T10 5630 10燈                                           
1140127GF0000001,J00350CMG           ,1.0,400.0,支   ,130.0,400.0,100.0,5.0,J00350後雨刷                                                   
1140127GF0000001,2XAF                ,1.0,100.0,組   ,68.0,100.0,100.0,1.0,打蠟棉球                                                        
1140127GF0000001,GXYGUX              ,1.0,600.0,罐   ,320.0,600.0,100.0,6.0,舒亮鑽石釉蠟                                                      
1140203GF0000001,VBDVATX-2           ,1.0,200.0,罐   ,65.0,200.0,100.0,1.0,向日葵細目粗蠟二代                                                   
1140203GF0000001,ABROGV5X            ,1.0,350.0,罐   ,80.0,350.0,100.0,2.0,ABRO水箱止漏劑                                                   
1140203GF0000001,UX0GVR              ,1.0,250.0,罐   ,80.0,250.0,100.0,3.0,亞力安水箱精                                                      
1140203GF0000001,NOIDNRMG16          ,1.0,250.0,支   ,100.0,250.0,100.0,4.0,NOID三節雨刷 16吋                                                
1140203GF0000001,NOIDNRMG22          ,1.0,350.0,支   ,100.0,350.0,100.0,5.0,NOID三節雨刷 22吋                                                
1140203GF0000001,J00341CMG           ,1.0,400.0,支   ,130.0,400.0,100.0,6.0,J0[車牌]後雨刷                                               
1140204GF0000001,RSENA1FTU11A5W      ,1.0,350.0,組   ,120.0,350.0,100.0,1.0,RSEN A1汽車背面紙套                                               
1140204GF0000001,PNSTL4030           ,1.0,100.0,條   ,20.0,100.0,100.0,2.0,超細高密度珊瑚絨毛巾-雙色毛巾                                             
1140204GF0000001,2XAF                ,1.0,100.0,組   ,68.0,100.0,100.0,3.0,打蠟棉球                                                        
1140204GF0000001,NHGX                ,1.0,150.0,罐   ,85.0,150.0,100.0,4.0,三彩水蠟                                                        
1140205GF0000001,24V2V2Q             ,1.0,200.0,各   ,3.5,200.0,100.0,1.0,24V單芯燈泡                                                     
1140205GF0000001,CARGTUV             ,1.0,200.0,罐   ,90.0,200.0,100.0,2.0,CAR煞車油(小)                                                   
1140205GF0000001,DH5205EZWV          ,1.0,300.0,組   ,100.0,300.0,100.0,3.0,DH-520 5CM天線                                                
1140206GF0000002,EY                  ,1.0,300.0,次   ,0.0,300.0,100.0,1.0,工資                                                          
1140206GF0000002,16322T              ,2.0,200.0,各   ,25.0,200.0,100.0,2.0,1632電池                                                      
1140206GF0000002,VTRXFV              ,1.0,600.0,組   ,150.0,600.0,100.0,3.0,行車記錄器線                                                      
1140206GF0000002,RSENC1XWU           ,1.0,250.0,罐   ,95.0,250.0,100.0,4.0,RSEN環保輪胎油                                                   
1140210GF0000001,I00004R             ,1.0,70.0,各   ,35.0,70.0,100.0,1.0,反光片/長方形紅                                                    
1140210GF0000001,S27-54TY214AS1VN    ,1.0,200.0,各   ,110.0,200.0,100.0,2.0,S27-54插座副214迷你腳你保險絲1入(不加保險絲)                                
1140211GF0000001,T202VCQ             ,1.0,200.0,各   ,28.0,200.0,100.0,1.0,T20單芯琥珀                                                     
1140211GF0000001,CARMATGTU2          ,1.0,400.0,罐   ,130.0,400.0,100.0,2.0,CARMAT煞車油(大)                                                
1140212GF0000001,VBDUMN              ,1.0,650.0,罐   ,300.0,650.0,100.0,4.0,向日葵釉元素                                                      
1140212GF0000001,2XAF                ,1.0,130.0,組   ,68.0,130.0,100.0,5.0,打蠟棉球                                                        
1140212GF0000001,ZJTUA               ,1.0,300.0,罐   ,78.6,300.0,100.0,6.0,防霧除油膜                                                       
1140212GF0000001,ZEROVRMG16          ,1.0,800.0,支   ,325.0,800.0,100.0,1.0,ZERO矽膠雨刷16吋                                                 
1140212GF0000001,ZEROVRMG26          ,1.0,1000.0,支   ,415.0,1000.0,100.0,2.0,ZERO 26吋矽膠雨刷                                                
1140212GF0000001,PNSH6LED18W         ,1.0,450.0,各   ,180.0,450.0,100.0,7.0,H6 小盤大燈燈泡-2顆9瓦 LED 白光                                       
1140213GF0000001,GV2Q                ,10.0,10.0,各   ,4.5,10.0,100.0,1.0,雙芯燈泡                                                        
1140213GF0000001,T20GV2Q             ,1.0,200.0,各   ,20.0,200.0,100.0,2.0,T20雙芯燈泡                                                     
1140214GF0000001,STPRU5XR            ,1.0,500.0,罐   ,150.0,500.0,100.0,1.0,STP機油止漏劑                                                    
1140214GF0000001,ZJTUA               ,1.0,300.0,罐   ,78.6,300.0,100.0,2.0,防霧除油膜                                                       
1140215GF0000001,VXTX15U             ,1.0,320.0,組   ,60.0,320.0,100.0,1.0,休旅車鋁箔遮陽                                                     
1140217GF0000001,3D1F1               ,1.0,250.0,支   ,90.0,250.0,100.0,1.0,3D補漆筆                                                       
1140217GF0000001,CWTGXCMR            ,1.0,300.0,罐   ,100.0,300.0,100.0,2.0,黑頭車朔料還原劑                                                    
1140218GF0000001,H00372              ,1.0,100.0,張   ,30.0,100.0,100.0,1.0,KAAZ貼紙                                                      
1140218GF0000001,K00133              ,1.0,60.0,張   ,50.0,60.0,100.0,2.0,火焰/貼紙                                                       
1140218GF0000001,H00781              ,1.0,60.0,張   ,30.0,60.0,100.0,3.0,皇冠/瑪莎蒂立體 黑紅                                                 
1140219GF0000001,F501TAZQW           ,1.0,600.0,捲   ,140.0,600.0,100.0,1.0,F501車門碰條                                                    
1140219GF0000001,PNSS069U11GRR       ,1.0,350.0,組   ,100.0,350.0,100.0,2.0,PNS-S069儀表板手機架                                              
1140222GF0000001,VBDCCTXF            ,1.0,300.0,支   ,40.0,300.0,100.0,1.0,向日葵很好擦-輪圈廣角刷                                                
1140222GF0000001,RSENC1XWU           ,1.0,250.0,罐   ,95.0,250.0,100.0,2.0,RSEN環保輪胎油                                                   
1140225GF0000001,ZW                  ,1.0,4770.0,次   ,0.0,4770.0,100.0,4.0,廢鐵                                                          
1140224GF0000001,ZU                  ,1.0,600.0,次   ,0.0,600.0,100.0,2.0,廢油                                                          
1140225GF0000001,CWTGXCMR            ,1.0,300.0,罐   ,100.0,300.0,100.0,5.0,黑頭車朔料還原劑                                                    
1140225GF0000001,R2F                 ,1.0,150.0,組   ,35.0,150.0,100.0,1.0,繼電器                                                         
1140225GF0000001,R2FVW               ,1.0,100.0,條   ,15.0,100.0,100.0,2.0,繼電器線頭                                                       
1140303GF0000001,ZJTUA               ,1.0,300.0,罐   ,78.6,300.0,100.0,4.0,防霧除油膜                                                       
1140303GF0000001,F180F2TQ            ,2.0,300.0,組   ,100.0,300.0,100.0,5.0,F-18安全帶插片(皮)                                                
1140303GF0000001,F170F2TQW           ,1.0,300.0,yj3 ,100.0,300.0,100.0,6.0,F-17安全帶插片(碳纖)                                               
1140303GF0000001,TYPER900655W1E2Q    ,1.0,1200.0,組   ,200.0,1200.0,100.0,1.0,TYPE-R 9006 55W藍白光燈泡                                        
1140303GF0000001,DR0AZVQW3.5L        ,1.0,850.0,條   ,480.0,850.0,100.0,2.0,開吉按摩方向盤套3.5                                                 
1140304GF0000001,NOIDNRMG14          ,1.0,250.0,支   ,100.0,250.0,100.0,7.0,NOID三節雨刷 14吋                                                
1140304GF0000001,NOIDNRMG24          ,1.0,400.0,支   ,100.0,400.0,100.0,8.0,NOID三節雨刷 24吋                                                
1140304GF0000001,3D1F1               ,1.0,250.0,支   ,90.0,250.0,100.0,5.0,3D補漆筆                                                       
1140304GF0000001,LY328GSR            ,1.0,350.0,各   ,45.0,350.0,100.0,3.0,LY-328 室內鏡                                                  
1140304GF0000001,J00354CMGIX35       ,1.0,400.0,支   ,140.0,400.0,100.0,1.0,J0[車牌]35後雨刷                                              
1140305GF0000001,5Y5VTRXF            ,1.0,3000.0,組   ,1200.0,3000.0,100.0,1.0,追蹤者X2行車紀錄器                                                  
1140305GF0000001,PNSS182USB          ,1.0,450.0,組   ,180.0,450.0,100.0,2.0,四合一3.1A 2USB點煙器                                             
1140305GF0000001,PNSS30              ,1.0,400.0,組   ,150.0,400.0,100.0,3.0,大功率雙孔插座+2USB 1A                                             
1140306GF0000001,CGRVTRXFR           ,1.0,450.0,各   ,0.0,450.0,100.0,1.0,後視鏡行車紀錄器架                                                   
1140306GF0000001,ZERO14VRMG          ,1.0,880.0,支   ,290.0,880.0,100.0,2.0,ZERO矽膠雨刷14吋                                                 
1140306GF0000001,XA                  ,1.0,800.0,次   ,150.0,800.0,100.0,3.0,冷媒                                                          
1140307GF0000001,VBDG2A              ,1.0,300.0,各   ,130.0,300.0,100.0,1.0,向日葵水鍍膜                                                      
1140308GF0000001,GN12036ZVQW         ,1.0,350.0,條   ,90.0,350.0,100.0,1.0,GN-120 36節方向盤套                                              
1140308GF0000001,T09GRR              ,1.0,250.0,組   ,120.0,250.0,100.0,2.0,T09手機出風口手機架                                                 
1140310GF0000001,WF55D23L2Q          ,1.0,2700.0,各   ,1850.0,2700.0,100.0,1.0,湯淺55D23L電瓶                                                  
1140310GF0000001,K00374              ,1.0,100.0,張   ,50.0,100.0,100.0,2.0,彩繪貼紙/火貼紙                                                    
1140310GF0000001,K00295              ,1.0,100.0,張   ,50.0,100.0,100.0,3.0,火焰/立體黑紅白                                                    
1140311GF0000001,VBDVATX-2           ,1.0,200.0,罐   ,65.0,200.0,100.0,1.0,向日葵細目粗蠟二代                                                   
1140311GF0000001,VBDVTX1000ML        ,1.0,250.0,罐   ,50.0,250.0,100.0,2.0,向日葵汽車洗車蠟[車牌]                                              
1140314GF0000001,T20GV2Q             ,2.0,80.0,各   ,20.0,80.0,100.0,1.0,T20雙芯燈泡                                                     
1140315GF0000001,UX0GVR              ,1.0,250.0,罐   ,80.0,250.0,100.0,3.0,亞力安水箱精                                                      
1140315GF0000001,U21                 ,1.0,350.0,支   ,150.0,350.0,100.0,4.0,驗電筆                                                         
1140315GF0000001,C551GR              ,1.0,250.0,罐   ,85.0,250.0,100.0,1.0,黑珍珠撥水劑 [車牌]                                                
1140317GF0000001,RT7A2Q              ,1.0,1100.0,各   ,650.0,1100.0,100.0,3.0,機車7A電瓶                                                      
1140317GF0000001,08ALTISTA1E2        ,1.0,799.0,組   ,220.0,799.0,100.0,4.0,08ALTIS長毛避光墊                                                
1140317GF0000001,VTRXFV              ,1.0,600.0,組   ,150.0,600.0,100.0,1.0,行車記錄器線                                                      
1140318GF0000001,ZJTUA               ,1.0,300.0,罐   ,78.6,300.0,100.0,1.0,防霧除油膜                                                       
1140319GF0000001,T10552              ,5.0,10.0,各   ,2.0,10.0,100.0,1.0,T10中炸彈                                                      
1140319GF0000001,H1135W22Q           ,1.0,150.0,各   ,90.0,150.0,100.0,2.0,H11 55W 燈泡                                                  
1140319GF0000001,H00338              ,1.0,50.0,張   ,30.0,50.0,100.0,3.0,BABY IN CAR/熊熊                                              
1140319GF0000001,EY                  ,1.0,100.0,次   ,0.0,100.0,100.0,4.0,工資                                                          
1140322GF0000001,GN-293MGG           ,1.0,200.0,罐   ,60.0,200.0,100.0,1.0,GN-293雨刷水 1L                                                
1140322GF0000001,TYPERH4CR           ,1.0,1000.0,組   ,200.0,1000.0,100.0,2.0,TYPE-R H4黃金燈泡                                               
1140322GF0000001,REYX2AX             ,1.0,450.0,罐   ,185.0,450.0,100.0,3.0,極光棕梠鍍膜蠟                                                     
1140322GF0000001,2XAF                ,1.0,150.0,組   ,68.0,150.0,100.0,4.0,打蠟棉球                                                        
1140324GF0000001,LP6920F2D           ,1.0,100.0,各   ,35.0,100.0,100.0,1.0,LP-692安全帶扣                                                  
1140326GF0000001,GN756               ,1.0,300.0,個   ,120.0,300.0,100.0,2.0,GN756卡夢貼紙57*50                                              
1140327GF0000001,PNSHDS01RTGRR       ,1.0,450.0,各   ,180.0,450.0,100.0,1.0,PNS HDS01機車手機架                                              
1140327GF0000001,WFJA                ,0.5,600.0,米   ,143.3,600.0,100.0,2.0,導氣碳纖維膜(黑1.52*30)                                            
1140326GF0000001,EY                  ,1.0,1000.0,次   ,0.0,1000.0,100.0,3.0,工資                                                          
1140329GF0000001,1MT5D               ,1.0,2200.0,組   ,1250.0,2200.0,100.0,1.0,白雲防水車罩-C D                                                  
1140329GF0000001,VBDXEX              ,1.0,120.0,罐   ,65.0,120.0,100.0,2.0,向日葵橘油亮光蠟  [車牌]                                             
1140329GF0000001,RSENGVR             ,2.0,200.0,罐   ,80.0,200.0,100.0,4.0,RSEN水箱精                                                     
1140329GF0000001,C.XXWB              ,1.0,200.0,罐   ,50.0,200.0,100.0,5.0,黑又亮輪胎乳                                                      
1140329GF0000001,VBDQEE5CX           ,1.0,300.0,罐   ,150.0,300.0,100.0,6.0,向日葵皮革光澤護蠟                                                   
1140329GF0000001,UX0GVR              ,1.0,250.0,罐   ,80.0,250.0,100.0,7.0,亞力安水箱精                                                      
1140331GF0000001,RSENT104R           ,1.0,250.0,組   ,80.0,250.0,100.0,1.0,RSEN T10 LED 4晶燈泡                                           
1140331GF0000001,GV2Y                ,2.0,150.0,各   ,15.0,150.0,100.0,2.0,雙芯燈座                                                        
1140331GF0000001,EY                  ,1.0,200.0,次   ,0.0,200.0,100.0,3.0,工資                                                          
1140331GF0000001,G18.52Q             ,2.0,20.0,各   ,5.0,20.0,100.0,4.0,G18.5燈泡                                                     
1140331GF0000001,ZJTUA               ,1.0,300.0,罐   ,78.6,300.0,100.0,5.0,防霧除油膜                                                       
1140404GF0000001,O00135              ,1.0,200.0,組   ,100.0,200.0,100.0,5.0,PORSCHE-風嘴帽(四入)                                             
1140405GF0000001,NOIDNRMG26          ,1.0,450.0,支   ,100.0,450.0,100.0,1.0,NOID三節雨刷 26吋                                                
1140405GF0000001,NOIDNRMG16          ,1.0,250.0,支   ,100.0,250.0,100.0,2.0,NOID三節雨刷 16吋                                                
1140405GF0000001,ZJTUA               ,1.0,300.0,罐   ,78.6,300.0,100.0,3.0,防霧除油膜                                                       
1140408GF0000001,KY330FE             ,1.0,250.0,組   ,115.0,250.0,100.0,1.0,KY-330旗桿                                                    
1140408GF0000001,3D1F1               ,1.0,250.0,支   ,90.0,250.0,100.0,2.0,3D補漆筆                                                       
1140408GF0000001,929TX               ,1.0,150.0,罐   ,58.0,150.0,100.0,3.0,929粗蠟                                                       
1140408GF0000001,XE2MGG250CC         ,1.0,100.0,罐   ,28.0,100.0,100.0,4.0,Xe2雨刷水 [車牌]                                                
1140408GF0000001,23A2T               ,1.0,50.0,各   ,32.0,50.0,100.0,5.0,23A電池                                                       
1140408GF0000001,VBDVATX-2           ,1.0,200.0,罐   ,65.0,200.0,100.0,7.0,向日葵細目粗蠟二代                                                   
1140408GF0000001,EY                  ,1.0,250.0,次   ,0.0,250.0,100.0,8.0,工資                                                          
1140408GF0000001,VTRXFVQ             ,1.0,350.0,組   ,150.0,350.0,100.0,9.0,行車紀錄器吸盤                                                     
1140410GF0000001,GV2Q                ,4.0,10.0,各   ,4.5,10.0,100.0,2.0,雙芯燈泡                                                        
1140412GF0000001,NOIDNRMG24          ,1.0,450.0,支   ,100.0,450.0,100.0,1.0,NOID三節雨刷 24吋                                                
1140412GF0000001,NOIDNRMG16          ,1.0,250.0,支   ,100.0,250.0,100.0,2.0,NOID三節雨刷 16吋                                                
1140411GF0000001,929TX               ,1.0,150.0,罐   ,58.0,150.0,100.0,9.0,929粗蠟                                                       
1140411GF0000001,6BCA                ,0.5,100.0,包   ,38.0,100.0,100.0,10.0,6入海棉                                                        
1140411GF0000001,VBDXEX              ,1.0,120.0,罐   ,65.0,120.0,100.0,7.0,向日葵橘油亮光蠟  [車牌]                                             
1140411GF0000001,REVXTT5             ,1.0,1000.0,組   ,480.0,1000.0,100.0,1.0,佳固休旅車車罩                                                     
1140411GF0000001,RSEN02F             ,1.0,1000.0,各   ,400.0,1000.0,100.0,2.0,RSEN安定器                                                     
1140412GF0000001,ZJTUA               ,1.0,300.0,罐   ,78.6,300.0,100.0,3.0,防霧除油膜                                                       
1140412GF0000001,3D5U1               ,1.0,350.0,組   ,113.0,350.0,100.0,4.0,3D遮陽板                                                       
1140414GF0000001,T20GV2Q             ,3.0,80.0,各   ,20.0,80.0,100.0,4.0,T20雙芯燈泡                                                     
1140414GF0000001,TX002BGXGWV         ,1.0,550.0,組   ,100.0,550.0,100.0,7.0,TX-002B手拉式天線                                                
1140415GF0000001,GN5V                ,1.0,350.0,罐   ,140.0,350.0,100.0,4.0,雙色之星香水                                                      
1140415GF0000001,RSENT2069DGCQ       ,1.0,999.0,組   ,450.0,999.0,100.0,6.0,RSEN T20 69燈防快閃單芯琥珀                                         
1140417GF0000001,2V2Q                ,5.0,10.0,各   ,4.0,10.0,100.0,7.0,單芯燈泡                                                        
1140417GF0000001,VBD1WFRR            ,1.0,200.0,罐   ,38.0,200.0,100.0,2.0,向日葵白鐵亮光清潔劑                                                  
1140418GF0000001,RS-08WV             ,1.0,300.0,組   ,80.0,300.0,100.0,5.0,RS-08屋頂天線                                                   
1140418GF0000001,LEO007R             ,1.0,120.0,卷   ,65.0,120.0,100.0,6.0,車身貼線/反光紅                                                    
1140415GF0000001,90052Q              ,1.0,250.0,各   ,80.0,250.0,100.0,10.0,9005燈泡                                                      
1140415GF0000001,T10552              ,1.0,10.0,各   ,2.0,10.0,100.0,11.0,T10中炸彈                                                      
1140415GF0000001,RSENT10CQ2Q         ,0.5,200.0,卡   ,80.0,200.0,100.0,8.0,RSRN T10琥珀燈泡                                                
1140416GF0000001,UX0GVR              ,1.0,250.0,罐   ,80.0,250.0,100.0,1.0,亞力安水箱精                                                      
1140416GF0000001,VBDVATX-2           ,1.0,200.0,罐   ,65.0,200.0,100.0,2.0,向日葵細目粗蠟二代                                                   
1140416GF0000001,RSENGR1536MM        ,2.0,500.0,卡   ,120.0,500.0,100.0,3.0,RSEN 雙尖 15晶 36mm CANBUS                                     
1140416GF0000001,ZJTUA               ,1.0,300.0,罐   ,78.6,300.0,100.0,4.0,防霧除油膜                                                       
1140416GF0000001,H422                ,1.0,100.0,各   ,35.0,100.0,100.0,5.0,H4大燈燈泡 55W                                                  
1140417GF0000001,H722                ,1.0,150.0,各   ,35.0,150.0,100.0,9.0,H7 55W大燈燈泡                                                  
1140417GF0000001,H422                ,1.0,100.0,各   ,35.0,100.0,100.0,1.0,H4大燈燈泡 55W                                                  
1140418GF0000001,LW0972              ,1.0,400.0,yj3 ,150.0,400.0,100.0,3.0,28顆LED煞車燈25cm                                               
1140421GF0000001,S27-52Z211AS1VN     ,1.0,200.0,卡   ,95.0,200.0,100.0,1.0,S27-52 附211迷你保險絲插式 保險絲含線                                    
1140418GF0000001,MIO6VTRXFR          ,1.0,500.0,各   ,150.0,500.0,100.0,4.0,MIO 6/7/887行車紀錄器架                                           
1140418GF0000001,8H2G24V             ,1.0,750.0,組   ,310.0,750.0,100.0,7.0,8吋 24V電扇                                                    
1140423GF0000001,GV2Q                ,10.0,10.0,各   ,4.5,10.0,100.0,3.0,雙芯燈泡                                                        
1140421GF0000001,ZERO14VRMG          ,1.0,800.0,支   ,290.0,800.0,100.0,2.0,ZERO矽膠雨刷14吋                                                 
1140421GF0000001,ZEROVRMG26          ,1.0,1000.0,支   ,415.0,1000.0,100.0,3.0,ZERO 26吋矽膠雨刷                                                
1140423GF0000001,EVEW2               ,1.0,600.0,組   ,280.0,600.0,100.0,4.0,EVE踏墊                                                       
1140423GF0000001,VTRXF2MV            ,1.0,350.0,組   ,150.0,350.0,100.0,5.0,行車記錄器電源抗干擾                                                  
1140423GF0000001,AS1VN               ,1.0,20.0,各   ,2.0,20.0,100.0,1.0,迷你保險絲                                                       
1140423GF0000002,ZEROVRMG16          ,1.0,792.0,支   ,325.0,792.0,100.0,3.0,ZERO矽膠雨刷16吋                                                 
1140423GF0000002,J2WV18CM            ,1.0,405.0,支   ,250.0,405.0,100.0,4.0,屋頂天線 18CM                                                   
1140423GF0000002,ZJTUA               ,1.0,100.0,罐   ,78.6,100.0,100.0,5.0,防霧除油膜                                                       
1140423GF0000002,CWTGXCMR            ,1.0,300.0,罐   ,100.0,300.0,100.0,1.0,黑頭車朔料還原劑                                                    
1140424GF0000001,NOIDNRMG26          ,1.0,450.0,支   ,100.0,450.0,100.0,1.0,NOID三節雨刷 26吋                                                
1140424GF0000001,NOIDNRMG14          ,1.0,250.0,支   ,100.0,250.0,100.0,2.0,NOID三節雨刷 14吋                                                
1140424GF0000001,ZJTUA               ,1.0,300.0,罐   ,78.6,300.0,100.0,3.0,防霧除油膜                                                       
1140424GF0000001,RSENH116000K        ,1.0,1000.0,各   ,150.0,1000.0,100.0,4.0,RSEB H11 6000K HID燈泡                                        
1140424GF0000001,12FVRU5XR           ,1.0,550.0,罐   ,120.0,550.0,100.0,5.0,八大全效機油精                                                     
1140424GF0000001,VBDXEX              ,1.0,120.0,罐   ,65.0,120.0,100.0,6.0,向日葵橘油亮光蠟  [車牌]                                             
1140425GF0000001,99UXZMG1ZQGW        ,1.0,1250.0,支   ,550.0,1250.0,100.0,4.0,99一路發雨刷臂(附噴水管)                                              
1140425GF0000001,RSENUEMG20H         ,2.0,325.0,各   ,70.0,325.0,100.0,5.0,RSEN硬骨20吋雨刷                                                 
1140425GF0000001,VBDUMN              ,1.0,650.0,罐   ,300.0,650.0,100.0,1.0,向日葵釉元素                                                      
1140425GF0000001,GV2Q                ,1.0,50.0,各   ,4.5,50.0,100.0,6.0,雙芯燈泡                                                        
1140428GF0000001,08VIOSTA1E2         ,1.0,600.0,組   ,210.0,600.0,100.0,6.0,08VIOS長毛避光墊                                                 
1140428GF0000001,2V2Q                ,2.0,9.0,各   ,4.0,9.0,100.0,3.0,單芯燈泡                                                        
1140428GF0000001,ABROZVQU            ,1.0,300.0,罐   ,140.0,300.0,100.0,4.0,ABRO方向盤油(含止漏)                                               
1140428GF0000001,DAW510*50           ,1.0,135.0,張   ,20.0,135.0,100.0,1.0,卡夢貼紙10*50cm                                                 
1140429GF0000001,5HMVGXCA            ,1.0,150.0,各   ,60.0,150.0,100.0,1.0,5吋圓形上蠟海棉                                                    
1140429GF0000001,NOIDNRMG16          ,1.0,250.0,支   ,100.0,250.0,100.0,2.0,NOID三節雨刷 16吋                                                
1140429GF0000001,NOIDNRMG24          ,1.0,350.0,支   ,100.0,350.0,100.0,3.0,NOID三節雨刷 24吋                                                
1140429GF0000001,GV2Q                ,2.0,10.0,各   ,4.5,10.0,100.0,4.0,雙芯燈泡                                                        
1140429GF0000001,ZEROFV1UUR          ,1.0,400.0,罐   ,180.0,400.0,100.0,5.0,ZERO全效保養汽車精[車牌]                                            
1140430GF0000001,VBDSAA1X            ,1.0,585.0,罐   ,250.0,585.0,100.0,1.0,向日葵奈米美白蠟                                                    
1140430GF0000001,5C2                 ,1.0,250.0,片   ,100.0,250.0,100.0,2.0,止滑墊                                                         
1140501GF0000001,24VBW2              ,2.0,540.0,條   ,100.0,540.0,100.0,2.0,24V LED軟燈條                                                  
1140501GF0000001,UX0GVR              ,1.0,220.0,罐   ,80.0,220.0,100.0,3.0,亞力安水箱精                                                      
1140501GF0000001,PNSSC002            ,1.0,350.0,組   ,160.0,350.0,100.0,4.0,雙層3D蜂巢椅座墊-冰涼氣墊                                              
1140502GF0000001,2V2Q                ,3.0,10.0,各   ,4.0,10.0,100.0,3.0,單芯燈泡                                                        
1140502GF0000001,HY662               ,1.0,999.0,組   ,520.0,999.0,100.0,4.0,HY-662簡便連結式椅套                                               
1140502GF0000001,10WISH5MW2          ,1.0,850.0,組   ,450.0,850.0,100.0,5.0,10WISH專用踏墊                                                  
1140502GF0000001,OBLRUR              ,1.0,550.0,罐   ,300.0,550.0,100.0,6.0,OBL機油精                                                      
1140502GF0000001,ABTE072VVZVTF       ,1.0,1199.0,組   ,450.0,1199.0,100.0,7.0,ABT-E072小旋風手持無限吸塵器                                          
1140502GF0000001,C551GR              ,1.0,250.0,罐   ,85.0,250.0,100.0,8.0,黑珍珠撥水劑 [車牌]                                                
1140502GF0000001,PNSS182USB          ,1.0,450.0,組   ,180.0,450.0,100.0,9.0,四合一3.1A 2USB點煙器                                             
1140502GF0000001,KMWTV               ,1.0,100.0,各   ,40.0,100.0,100.0,1.0,鱷魚頭出線                                                       
1140503GF0000001,2VCQ2Q              ,1.0,200.0,各   ,5.0,200.0,100.0,1.0,單芯琥珀燈泡                                                      
1140503GF0000001,GV2Q                ,2.0,100.0,各   ,4.5,100.0,100.0,2.0,雙芯燈泡                                                        
1140503GF0000001,6H2EF               ,2.0,600.0,組   ,200.0,600.0,100.0,3.0,6吋墊高器                                                       
1140503GF0000001,EY                  ,1.0,200.0,次   ,0.0,200.0,100.0,4.0,工資                                                          
1140505GF0000001,SP5083FY            ,1.0,150.0,組   ,65.0,150.0,100.0,1.0,SP-5083S充氣口氣嘴                                               
1140505GF0000001,2TXWSDXU            ,1.0,2000.0,組   ,380.0,2000.0,100.0,2.0,倒車雷達內崁兩眼-禾麟                                                 
1140505GF0000001,2V2Q                ,2.0,20.0,各   ,4.0,20.0,100.0,3.0,單芯燈泡                                                        
1140505GF0000001,NOIDNRMG14          ,1.0,250.0,支   ,100.0,250.0,100.0,4.0,NOID三節雨刷 14吋                                                
1140505GF0000001,NOIDNRMG24          ,1.0,350.0,支   ,100.0,350.0,100.0,5.0,NOID三節雨刷 24吋                                                
1140505GF0000001,UJGY                ,2.0,70.0,各   ,35.0,70.0,100.0,7.0,英文數字                                                        
1140505GF0000001,RSENT10MU10R        ,1.0,400.0,卡   ,140.0,400.0,100.0,8.0,RSEN T10 魚眼 10晶 CANBUS                                      
1140505GF0000001,IN312835GS2         ,1.0,450.0,組   ,180.0,450.0,100.0,9.0,IN31AL-2835 6顆LED室內燈 白光 歐規                                  
1140505GF0000001,LD9VTRXFV           ,1.0,450.0,各   ,150.0,450.0,100.0,10.0,LD-9行車紀錄器線                                                  
1140505GF0000001,32G                 ,1.0,450.0,各   ,180.0,450.0,100.0,11.0,32G卡片                                                       
1140506GF0000001,04WISHTA1E2         ,1.0,600.0,組   ,220.0,600.0,100.0,1.0,04WISH長毛避光墊                                                 
1140506GF0000001,KH911A2             ,2.0,405.0,組   ,88.0,405.0,100.0,3.0,KH-911曼陀                                                    
1140508GF0000001,H422                ,1.0,300.0,各   ,35.0,300.0,100.0,1.0,H4大燈燈泡 55W                                                  
1140508GF0000001,LEO007R             ,1.0,120.0,卷   ,65.0,120.0,100.0,2.0,車身貼線/反光紅                                                    
1140506GF0000001,GARMIN762C          ,1.0,8990.0,組   ,7900.0,8990.0,100.0,6.0,GARMIN 76導航                                                 
1140508GF0000001,GV2Q                ,1.0,10.0,各   ,4.5,10.0,100.0,4.0,雙芯燈泡                                                        
1140331GF0000001,2016WISHT2R         ,1.0,5700.0,組   ,3850.0,5700.0,100.0,6.0,[車牌]H 車頂架                                               
1140331GF0000001,2016WISHUR          ,1.0,1500.0,組   ,800.0,1500.0,100.0,7.0,[車牌]H 羊角                                                 
1140401GF0000001,JOHNSENTUUR         ,1.0,450.0,罐   ,150.0,450.0,100.0,1.0,JOHNSEN柴油油精                                                 
1140402GF0000001,T10552              ,1.0,100.0,各   ,2.0,100.0,100.0,1.0,T10中炸彈                                                      
1140402GF0000001,C13.12UTY           ,1.0,400.0,組   ,0.0,400.0,100.0,2.0,C-1 3.1USB電壓插頭                                              
1140402GF0000001,307DTV              ,1.0,450.0,組   ,180.0,450.0,100.0,3.0,307快充線                                                      
1140402GF0000001,32G                 ,1.0,500.0,各   ,180.0,500.0,100.0,4.0,32G卡片                                                       
1140403GF0000001,10AY23FMT           ,1.0,750.0,組   ,350.0,750.0,100.0,5.0,10馬自達3(兩片)晴雨窗                                               
1140403GF0000001,NOIDNRMG26          ,1.0,450.0,支   ,100.0,450.0,100.0,2.0,NOID三節雨刷 26吋                                                
1140403GF0000001,NOIDNRMG14          ,1.0,250.0,支   ,100.0,250.0,100.0,3.0,NOID三節雨刷 14吋                                                
1140403GF0000001,EY                  ,1.0,600.0,次   ,0.0,600.0,100.0,6.0,工資                                                          
1140404GF0000001,6H2XAW              ,1.0,150.0,組   ,65.0,150.0,100.0,1.0,6吋打蠟棉套                                                      
1140404GF0000001,2XAW6HQE            ,1.0,150.0,各   ,65.0,150.0,100.0,2.0,6吋打蠟拋光棉套                                                    
1140404GF0000001,DAYQQWW             ,1.0,1000.0,組   ,280.0,1000.0,100.0,3.0,卡夢自排檔頭                                                      
1140404GF0000001,ZJTUA               ,1.0,300.0,罐   ,78.6,300.0,100.0,4.0,防霧除油膜                                                       
1140508GF0000001,NGKBKR5E11          ,4.0,150.0,各   ,25.0,150.0,100.0,3.0,NGK BKR5E-11火星賽                                             
1140509GF0000001,RSENUEMG20H         ,1.0,300.0,各   ,70.0,300.0,100.0,1.0,RSEN硬骨20吋雨刷                                                 
1140509GF0000001,H722                ,1.0,150.0,各   ,35.0,150.0,100.0,2.0,H7 55W大燈燈泡                                                  
1140509GF0000001,ABRORU5XR           ,1.0,550.0,罐   ,150.0,550.0,100.0,3.0,ABRO機油止漏劑                                                   
1140509GF0000001,2TVUSD              ,1.0,1000.0,組   ,380.0,1000.0,100.0,4.0,倒車顯影(內崁)2眼                                                  
1140510GF0000001,GV2Y                ,1.0,100.0,各   ,15.0,100.0,100.0,4.0,雙芯燈座                                                        
1140510GF0000001,PNSMY780            ,1.0,250.0,捲   ,60.0,250.0,100.0,2.0,車燈燈改貼膜                                                      
1140510GF0000001,WF55D23L2Q          ,1.0,2900.0,各   ,1850.0,2900.0,100.0,6.0,湯淺55D23L電瓶                                                  
1140510GF0000001,                    ,0.0,0.0,,0.0,0.0,,7.0,
1140512GF0000001,PNSSC002            ,1.0,450.0,組   ,160.0,450.0,100.0,1.0,雙層3D蜂巢椅座墊-冰涼氣墊                                              
1140512GF0000001,NOIDNRMG14          ,1.0,150.0,支   ,100.0,150.0,100.0,2.0,NOID三節雨刷 14吋                                                
1140512GF0000001,NOIDNRMG24          ,1.0,250.0,支   ,100.0,250.0,100.0,3.0,NOID三節雨刷 24吋                                                
1140512GF0000001,                    ,0.0,0.0,,0.0,0.0,,11.0,
1140512GF0000001,W796CV5JR           ,1.0,550.0,各   ,390.0,550.0,100.0,4.0,W796後座置物架                                                   
1140512GF0000001,NOID0118SND         ,1.0,450.0,組   ,150.0,450.0,100.0,6.0,NOID-01 18 SMD室內燈                                           
1140512GF0000001,RSENT1018RMU        ,1.0,450.0,卡   ,150.0,450.0,100.0,7.0,RSEN T10 魚眼 18晶CANBUS                                       
1140512GF0000001,ABROQGUR            ,1.0,350.0,罐   ,90.0,350.0,100.0,8.0,ABRO噴射油精                                                    
1140512GF0000001,MP3XUXW             ,1.0,999.0,組   ,520.0,999.0,100.0,9.0,樂團FM藍芽音樂播放器                                                 
1140513GF0000001,H722                ,1.0,150.0,各   ,35.0,150.0,100.0,3.0,H7 55W大燈燈泡                                                  
1140513GF0000001,2XAF                ,1.0,150.0,組   ,68.0,150.0,100.0,4.0,打蠟棉球                                                        
1140514GF0000001,H422                ,1.0,100.0,各   ,35.0,100.0,100.0,1.0,H4大燈燈泡 55W                                                  
1140514GF0000001,3D5U1               ,1.0,350.0,組   ,113.0,350.0,100.0,2.0,3D遮陽板                                                       
1140515GF0000001,2VCQ2Q              ,1.0,80.0,各   ,5.0,80.0,100.0,14.0,單芯琥珀燈泡                                                      
1140515GF0000001,MP3XUXW             ,1.0,999.0,組   ,520.0,999.0,100.0,15.0,樂團FM藍芽音樂播放器                                                 
1140515GF0000001,RSENEFFVR           ,1.0,200.0,罐   ,75.0,200.0,100.0,9.0,RSEN鋼圈清洗劑                                                   
1140515GF0000001,S27-54TY214AS1VN    ,1.0,250.0,各   ,110.0,250.0,100.0,10.0,S27-54插座副214迷你腳你保險絲1入(不加保險絲)                                
1140515GF0000001,RSENVMC             ,1.0,100.0,組   ,35.0,100.0,100.0,11.0,RSEN 小圓弧                                                    
1140515GF0000001,3D1F1               ,1.0,250.0,支   ,90.0,250.0,100.0,5.0,3D補漆筆                                                       
1140515GF0000001,1VNV                ,3.0,10.0,各   ,2.0,10.0,100.0,6.0,保險絲(小)                                                      
1140515GF0000001,2XAF                ,1.0,120.0,組   ,68.0,120.0,100.0,7.0,打蠟棉球                                                        
1140515GF0000001,EY                  ,1.0,650.0,次   ,0.0,650.0,100.0,16.0,工資                                                          
1140515GF0000001,XWDAVYFW            ,1.0,250.0,各   ,80.0,250.0,100.0,3.0,拆輪胎全套汽門芯子                                                   
1140515GF0000001,DR0AZVQWM           ,1.0,650.0,各   ,350.0,650.0,100.0,17.0,開吉按摩(蘭珠)M                                                   
1140515GF0000001,G204GVR             ,1.0,600.0,罐   ,180.0,600.0,100.0,18.0,G204水箱精                                                     
1140515GF0000001,KY3301FE            ,1.0,500.0,組   ,150.0,500.0,100.0,1.0,KY-3301旗桿                                                   
1140517GF0000001,NOIDNRMG16          ,1.0,250.0,支   ,100.0,250.0,100.0,1.0,NOID三節雨刷 16吋                                                
1140517GF0000001,NOIDNRMG24          ,1.0,450.0,支   ,100.0,450.0,100.0,2.0,NOID三節雨刷 24吋                                                
1140517GF0000001,ERQ60UCR2Q          ,1.0,2800.0,各   ,1900.0,2800.0,100.0,3.0,國際牌 60銀合金電瓶                                                 
1140517GF0000001,H722                ,1.0,150.0,各   ,35.0,150.0,100.0,4.0,H7 55W大燈燈泡                                                  
1140517GF0000001,GV2Q                ,1.0,20.0,各   ,4.5,20.0,100.0,5.0,雙芯燈泡                                                        
1140517GF0000001,ZJTUA               ,1.0,300.0,罐   ,78.6,300.0,100.0,6.0,防霧除油膜                                                       
1140517GF0000001,VBDVTX1000ML        ,1.0,220.0,罐   ,50.0,220.0,100.0,7.0,向日葵汽車洗車蠟[車牌]                                              
1140520GF0000002,RSENT1018RMU        ,1.0,450.0,卡   ,150.0,450.0,100.0,7.0,RSEN T10 魚眼 18晶CANBUS                                       
1140520GF0000002,J0341B              ,1.0,250.0,卡   ,60.0,250.0,100.0,8.0,NOID-01 6 SMD(密板)                                           
1140520GF0000002,NGKBKR5E11          ,4.0,150.0,各   ,60.0,150.0,100.0,3.0,NGK BKR5E-11火星賽                                             
1140520GF0000002,GN757               ,1.0,150.0,張   ,35.0,150.0,100.0,4.0,立體卡夢貼紙                                                      
1140524GF0000001,VBDVRW1CR           ,1.0,200.0,罐   ,38.0,200.0,100.0,1.0,向日葵橡膠條還原劑                                                   
1140524GF0000001,ZJTUA               ,1.0,300.0,罐   ,78.6,300.0,100.0,2.0,防霧除油膜                                                       
1140524GF0000002,3D1F1               ,1.0,250.0,支   ,90.0,250.0,100.0,1.0,3D補漆筆                                                       
1140524GF0000002,H422                ,1.0,100.0,各   ,35.0,100.0,100.0,2.0,H4大燈燈泡 55W                                                  
1140524GF0000002,ZJTUA               ,1.0,300.0,罐   ,78.6,300.0,100.0,3.0,防霧除油膜                                                       
1140527GF0000001,ZEROVRMG26          ,1.0,1000.0,支   ,415.0,1000.0,100.0,3.0,ZERO 26吋矽膠雨刷                                                
1140527GF0000001,ZERO14VRMG          ,1.0,700.0,支   ,290.0,700.0,100.0,4.0,ZERO矽膠雨刷14吋                                                 
1140527GF0000001,ABROTA1CQX          ,1.0,350.0,罐   ,130.0,350.0,100.0,5.0,ABRO車身保護噴蠟                                                  
1140527GF0000001,VBDXEX              ,1.0,120.0,罐   ,65.0,120.0,100.0,6.0,向日葵橘油亮光蠟  [車牌]                                             
1140527GF0000001,709U11GRR           ,1.0,400.0,組   ,120.0,400.0,100.0,7.0,709儀表板手機架                                                   
1140527GF0000001,XEV                 ,1.0,799.0,組   ,300.0,799.0,100.0,1.0,冷光線-3公尺                                                     
1140527GF0000002,H422                ,1.0,100.0,各   ,35.0,100.0,100.0,1.0,H4大燈燈泡 55W                                                  
1140527GF0000002,RSENMGR             ,1.0,200.0,罐   ,70.0,200.0,100.0,2.0,RSEN雨刷精                                                     
1140527GF0000002,RSEN56ZVQW          ,1.0,650.0,條   ,250.0,650.0,100.0,3.0,RSEN-56牛皮方向盤套(黑紅)                                           
1140527GF0000002,VBDUMN              ,1.0,650.0,罐   ,300.0,650.0,100.0,4.0,向日葵釉元素                                                      
1140529GF0000001,ZEROVRMG16          ,1.0,700.0,支   ,325.0,700.0,100.0,4.0,ZERO矽膠雨刷16吋                                                 
1140529GF0000001,ZEROVRMG24          ,1.0,1000.0,支   ,415.0,1000.0,100.0,5.0,ZERO矽膠雨刷24吋                                                 
1140529GF0000001,ZJTUA               ,1.0,300.0,罐   ,78.6,300.0,100.0,7.0,防霧除油膜                                                       
1140529GF0000001,TAA096              ,1.0,399.0,條   ,65.0,399.0,100.0,1.0,超細纖維打蠟/洗車兩用布                                                
1140529GF0000001,VBDVATX             ,1.0,200.0,罐   ,65.0,200.0,100.0,2.0,向日葵細目粗蠟                                                     
1140529GF0000002,ZJTUA               ,1.0,300.0,罐   ,78.6,300.0,100.0,1.0,防霧除油膜                                                       
1140529GF0000002,T10552              ,2.0,10.0,各   ,2.0,10.0,100.0,2.0,T10中炸彈                                                      
1140529GF0000002,3D1F1               ,1.0,350.0,支   ,90.0,350.0,100.0,3.0,3D補漆筆                                                       
1140529GF0000002,RSENT105630         ,1.0,350.0,卡   ,120.0,350.0,100.0,4.0,RSEN T10 5630 10燈                                           
1140529GF0000002,TYPERH11CR2Q        ,1.0,1000.0,組   ,200.0,1000.0,100.0,5.0,TYPE-R H11黃金燈泡                                              
1140530GF0000001,PNSXP058            ,1.0,500.0,組   ,150.0,500.0,100.0,1.0,3.5吋機械手臂式平板手機架                                              
1140530GF0000001,POSENSD2246*20      ,1.0,150.0,捲   ,55.0,150.0,100.0,2.0,POSEN 黏扣帶[車牌]*20cm                                         
1140530GF0000001,VBDXEX              ,1.0,100.0,罐   ,65.0,100.0,100.0,3.0,向日葵橘油亮光蠟  [車牌]                                             
1140531GF0000001,SF0029              ,1.0,100.0,組   ,40.0,100.0,100.0,1.0,SF-0029固定架                                                  
1140531GF0000001,ZEROFV1UUR          ,1.0,400.0,罐   ,180.0,400.0,100.0,2.0,ZERO全效保養汽車精[車牌]                                            
1140531GF0000001,ABROQGUR            ,1.0,550.0,罐   ,90.0,550.0,100.0,3.0,ABRO噴射油精                                                    
1140605GF0000001,RSENT105630         ,1.0,400.0,卡   ,120.0,400.0,100.0,1.0,RSEN T10 5630 10燈                                           
1140520GF0000002,WF55D23L2Q          ,1.0,2700.0,各   ,1850.0,2700.0,100.0,5.0,湯淺55D23L電瓶                                                  
1140520GF0000002,DP009Z22TWW         ,1.0,400.0,組   ,180.0,400.0,100.0,2.0,防盜節能電池銅頭(負電斷電器)                                             
1140521GF0000001,3D1F1               ,1.0,250.0,支   ,90.0,250.0,100.0,1.0,3D補漆筆                                                       
1140521GF0000001,ABRORU5XR           ,1.0,550.0,罐   ,150.0,550.0,100.0,2.0,ABRO機油止漏劑                                                   
1140521GF0000001,GV2Q                ,10.0,10.0,各   ,4.5,10.0,100.0,3.0,雙芯燈泡                                                        
1140522GF0000001,AFL283578           ,1.0,500.0,組   ,98.0,500.0,100.0,3.0,軟條燈2835-78LED                                               
1140522GF0000001,CWTGXCMR            ,1.0,300.0,罐   ,100.0,300.0,100.0,5.0,黑頭車朔料還原劑                                                    
1140522GF0000001,KYKMGR              ,1.0,100.0,罐   ,70.0,100.0,100.0,1.0,KYKf去油膜雨刷精                                                  
1140524GF0000001,EY                  ,1.0,200.0,次   ,0.0,200.0,100.0,4.0,工資                                                          
1140524GF0000001,PNSHDS01RTGRR       ,1.0,450.0,各   ,180.0,450.0,100.0,5.0,PNS HDS01機車手機架                                              
1140524GF0000001,50AP1VN             ,2.0,100.0,各   ,50.0,100.0,100.0,6.0,50A保險絲                                                      
1140524GF0000001,S27CTYZ1VNY         ,1.0,200.0,組   ,58.0,200.0,100.0,7.0,S27C插式保險絲母頭座                                                
1140524GF0000001,1VNV                ,2.0,20.0,各   ,2.0,20.0,100.0,8.0,保險絲(小)                                                      
1140524GF0000001,RSENT104R           ,1.0,250.0,組   ,80.0,250.0,100.0,9.0,RSEN T10 LED 4晶燈泡                                           
1140524GF0000001,EY                  ,1.0,100.0,次   ,0.0,100.0,100.0,10.0,工資                                                          
1140606GF0000001,X1V                 ,10.0,30.0,米   ,12.0,30.0,100.0,5.0,SPK-105喇叭線                                                  
1140606GF0000001,2VCQ2Q              ,2.0,80.0,各   ,5.0,80.0,100.0,6.0,單芯琥珀燈泡                                                      
1140606GF0000001,SENFINECOQUYSU      ,1.0,350.0,罐   ,120.0,350.0,100.0,7.0,德國SENFINECO噴油嘴牛油9977                                        
1140606GF0000001,GN290GVR            ,1.0,600.0,罐   ,80.0,600.0,100.0,8.0,長效型水箱精 1L                                                   
1140606GF0000001,ZJTUA               ,1.0,300.0,罐   ,78.6,300.0,100.0,1.0,防霧除油膜                                                       
1140606GF0000001,NOIDNRMG24          ,1.0,400.0,支   ,100.0,400.0,100.0,2.0,NOID三節雨刷 24吋                                                
1140606GF0000001,NOIDNRMG14          ,1.0,200.0,支   ,100.0,200.0,100.0,3.0,NOID三節雨刷 14吋                                                
1140606GF0000001,PNSS23TY            ,1.0,300.0,組   ,150.0,300.0,100.0,9.0,車用單孔插座+雙USB                                                 
1140609GF0000001,ABROGV5X            ,1.0,250.0,罐   ,80.0,250.0,100.0,4.0,ABRO水箱止漏劑                                                   
1140609GF0000001,GVE1.12             ,1.0,250.0,各   ,100.0,250.0,100.0,5.0,水箱蓋1.1(大小頭)                                                 
1140609GF0000001,J00342              ,1.0,400.0,支   ,130.0,400.0,100.0,6.0,J00342後雨刷 LEXUS                                             
1140609GF0000001,T202V2Q             ,1.0,50.0,各   ,20.0,50.0,100.0,1.0,T20單芯燈泡                                                     
1140609GF0000001,AXZ7328EY           ,1.0,100.0,各   ,0.0,100.0,100.0,2.0,工資                                                          
1140610GF0000001,PNSSUN05            ,1.0,100.0,組   ,36.0,100.0,100.0,1.0,雙面隔熱靜電隨意貼/2入                                                
1140610GF0000001,3D5U1               ,1.0,300.0,組   ,113.0,300.0,100.0,2.0,3D遮陽板                                                       
1140611GF0000001,E01099              ,2.0,30.0,張   ,15.0,30.0,100.0,1.0,GReDdy(3.8*7.5cm)貼紙                                         
1140611GF0000001,F00251              ,1.0,40.0,張   ,20.0,40.0,100.0,2.0,無鉛小子/黑紅白                                                    
1140611GF0000001,F00788              ,1.0,40.0,張   ,20.0,40.0,100.0,3.0,零1000/銀龍貼紙                                                  
1140611GF0000001,F00315B             ,1.0,40.0,張   ,20.0,40.0,100.0,4.0,班尼頓/二人黑                                                     
1140611GF0000001,K00173              ,1.0,100.0,張   ,50.0,100.0,100.0,5.0,4*4/二入貼紙                                                    
1140611GF0000001,K00281              ,1.0,100.0,張   ,50.0,100.0,100.0,6.0,火焰/藍紅                                                       
1140611GF0000001,R5VG                ,1.0,350.0,組   ,55.0,350.0,100.0,7.0,精緻香水                                                        
1140611GF0000001,VBDVATX-2           ,1.0,200.0,罐   ,65.0,200.0,100.0,8.0,向日葵細目粗蠟二代                                                   
1140611GF0000001,CY909QWW            ,1.0,150.0,各   ,35.0,150.0,100.0,9.0,CY-909排檔頭套(全色無繡字)                                           
1140611GF0000001,ABTA106             ,1.0,750.0,組   ,450.0,750.0,100.0,10.0,牛皮碳纖維玩命關頭                                                   
1140612GF0000001,MP3XUXW             ,1.0,999.0,組   ,520.0,999.0,100.0,1.0,樂團FM藍芽音樂播放器                                                 
1140612GF0000001,RSENT105630         ,1.0,400.0,卡   ,120.0,400.0,100.0,2.0,RSEN T10 5630 10燈                                           
1140612GF0000001,T5I112              ,1.0,20.0,各   ,3.0,20.0,100.0,3.0,T5儀表板燈                                                      
1140613GF0000001,ZXR                 ,1.0,150.0,罐   ,73.0,150.0,100.0,1.0,防落膠                                                         
1140613GF0000001,UX0GVR              ,1.0,200.0,罐   ,80.0,200.0,100.0,2.0,亞力安水箱精                                                      
1140613GF0000001,LP6920F2D           ,1.0,150.0,各   ,50.0,150.0,100.0,3.0,LP-692安全帶扣                                                  
1140613GF0000001,H162Q               ,1.0,500.0,各   ,120.0,500.0,100.0,4.0,H16燈泡                                                       
1140613GF0000001,J00357              ,1.0,500.0,支   ,130.0,500.0,100.0,5.0,J00357後雨刷LUXGUN-U7                                          
1140613GF0000001,EY                  ,1.0,500.0,次   ,0.0,500.0,100.0,6.0,工資                                                          
1140614GF0000001,NO16375TGGD         ,1.0,350.0,組   ,150.0,350.0,100.0,1.0,NO-1637(直插式)雙孔+USB 12V/12V插座                                
1140614GF0000001,EY                  ,1.0,200.0,次   ,0.0,200.0,100.0,2.0,工資                                                          
1140614GF0000001,R689NUCU            ,1.0,750.0,各   ,450.0,750.0,100.0,3.0,R689護腰墊                                                     
1140614GF0000001,NR1MY2              ,1.0,250.0,各   ,120.0,250.0,100.0,4.0,冰玉四角座墊                                                      
1140617GF0000001,GV2Q                ,2.0,10.0,各   ,4.5,10.0,100.0,1.0,雙芯燈泡                                                        
1140617GF0000001,P16X5XN             ,1.0,200.0,卡   ,66.0,200.0,100.0,2.0,P16 六爪螺絲                                                    
1140618GF0000001,F00250              ,1.0,50.0,張   ,20.0,50.0,100.0,1.0,尿尿小子/黑紅白                                                    
1140618GF0000001,1VNV                ,1.0,10.0,各   ,2.0,10.0,100.0,2.0,保險絲(小)                                                      
1140618GF0000001,99R1GX              ,1.0,550.0,罐   ,320.0,550.0,100.0,3.0,99 激撥水細蠟                                                    
1140619GF0000001,T202V2Q             ,2.0,80.0,各   ,20.0,80.0,100.0,1.0,T20單芯燈泡                                                     
1140619GF0000001,T10552              ,2.0,10.0,各   ,2.0,10.0,100.0,2.0,T10中炸彈                                                      
1140619GF0000001,GRGS2               ,2.0,10.0,各   ,2.0,10.0,100.0,3.0,雙尖室內燈                                                       
1140619GF0000001,PS255R2W            ,1.0,300.0,組   ,80.0,300.0,100.0,4.0,PS-255靜電貼                                                   
1140624GF0000001,GV2Q                ,2.0,80.0,各   ,4.5,80.0,100.0,1.0,雙芯燈泡                                                        
1140624GF0000001,AH59ZVQW            ,1.0,700.0,條   ,340.0,700.0,100.0,2.0,AH-59方向盤套                                                   
1140624GF0000001,0052DSGRR           ,0.0,0.0,組   ,120.0,0.0,100.0,3.0,005多功能手機架                                                   
1140625GF0000001,G18.52Q             ,2.0,25.0,各   ,5.0,25.0,100.0,1.0,G18.5燈泡                                                     
1140625GF0000001,NOIDNRMG18          ,1.0,300.0,支   ,100.0,300.0,100.0,2.0,NOID三節雨刷 18吋                                                
1140625GF0000001,NOIDNRMG24          ,1.0,400.0,支   ,100.0,400.0,100.0,3.0,NOID三節雨刷 24吋                                                
1140625GF0000001,FC-1166J2           ,1.0,350.0,組   ,160.0,350.0,100.0,4.0,FC-1166霧燈                                                   
1140625GF0000001,G2VY                ,1.0,350.0,組   ,200.0,350.0,100.0,5.0,水滴線組                                                        
1140626GF0000001,G18.52Q             ,1.0,20.0,各   ,5.0,20.0,100.0,1.0,G18.5燈泡                                                     
1140626GF0000001,GN-338EUW           ,1.0,350.0,組   ,65.0,350.0,100.0,2.0,GN-338隔音條1.8/36尺                                            
1140627GF0000001,RSENT105630         ,1.0,400.0,卡   ,120.0,400.0,100.0,1.0,RSEN T10 5630 10燈                                           
1140628GF0000001,EY                  ,1.0,300.0,次   ,0.0,300.0,100.0,1.0,工資                                                          
1140628GF0000001,PNSFB003            ,1.0,1099.0,各   ,650.0,1099.0,100.0,2.0,磁吸面紙盒-碳纖維款                                                  
1140630GF0000001,EY                  ,1.0,2000.0,次   ,0.0,2000.0,100.0,1.0,工資                                                          
1140630GF0000001,H7OSRARN2Q          ,1.0,300.0,各   ,70.0,300.0,100.0,2.0,H7 OSRARN燈泡                                                 
1140701GF0000001,3D1F1               ,1.0,250.0,支   ,90.0,250.0,100.0,1.0,3D補漆筆                                                       
1140701GF0000001,1W                  ,1.0,150.0,組   ,70.0,150.0,100.0,2.0,補土                                                          
1140701GF0000001,GN5V                ,1.0,350.0,罐   ,140.0,350.0,100.0,3.0,雙色之星香水                                                      
1140701GF0000001,CY909QWW            ,1.0,150.0,各   ,35.0,150.0,100.0,4.0,CY-909排檔頭套(全色無繡字)                                           
1140702GF0000001,RSEN57ZVQW          ,1.0,650.0,組   ,250.0,650.0,100.0,5.0,RSEN 57方向盤套                                                 
1140702GF0000001,PNSSUN16-L          ,1.0,400.0,各   ,150.0,400.0,100.0,6.0,雙層斷熱遮陽板RV/SUV專用                                             
1140702GF0000001,929TX               ,1.0,150.0,罐   ,58.0,150.0,100.0,7.0,929粗蠟                                                       
1140702GF0000001,QAJFTNFTR           ,1.0,450.0,罐   ,180.0,450.0,100.0,3.0,泡沫頑強蟲屍去除劑                                                   
1140702GF0000001,SF0035AD            ,1.0,100.0,組   ,40.0,100.0,100.0,1.0,SF-0035門扣                                                   
1140702GF0000001,TVJ1                ,1.0,75.0,條   ,22.0,75.0,100.0,8.0,超纖維布                                                        
1140704GF0000001,1VNV                ,5.0,10.0,各   ,2.0,10.0,100.0,5.0,保險絲(小)                                                      
1140704GF0000001,24V2V2Q             ,10.0,20.0,各   ,5.5,20.0,100.0,6.0,24V單芯燈泡                                                     
1140704GF0000001,24VGV2Q             ,10.0,20.0,組   ,5.0,20.0,100.0,7.0,24V雙芯燈泡                                                     
1140704GF0000001,XA                  ,1.0,1000.0,kg  ,250.0,1000.0,100.0,1.0,冷媒(R134)                                                    
1140704GF0000001,327Q30W             ,1.0,350.0,組   ,140.0,350.0,100.0,2.0,327Q 30W APPLE PD快充線                                        
1140704GF0000001,SAXO1040            ,1.0,450.0,罐   ,120.0,450.0,100.0,3.0,SAXO 10W/40機油                                               
1140708GF0000001,JOHNSENTUUR         ,1.0,450.0,罐   ,150.0,450.0,100.0,6.0,JOHNSEN柴油油精                                                 
1140708GF0000001,15FOCUS5MMG         ,1.0,950.0,組   ,280.0,950.0,100.0,7.0,15FOUCS13KUGA專用雨刷(28+28)                                    
1140708GF0000001,3D1F1               ,1.0,250.0,支   ,90.0,250.0,100.0,8.0,3D補漆筆                                                       
1140708GF0000001,KNOSR               ,1.0,500.0,片   ,350.0,500.0,100.0,9.0,KNOS鏡                                                       
1140708GF0000001,AFL283578           ,1.0,300.0,組   ,81.8,300.0,100.0,4.0,軟條燈2835-78LED                                               
1140708GF0000001,VBDXEX              ,2.0,120.0,罐   ,65.0,120.0,100.0,1.0,向日葵橘油亮光蠟  [車牌]                                             
1140708GF0000001,1VNV                ,5.0,10.0,各   ,2.0,10.0,100.0,2.0,保險絲(小)                                                      
1140709GF0000001,SP-7741YQW1         ,1.0,750.0,組   ,250.0,750.0,100.0,6.0,SP-7741自排踏板                                                 
1140709GF0000001,NOIDNRMG16          ,1.0,250.0,支   ,100.0,250.0,100.0,7.0,NOID三節雨刷 16吋                                                
1140709GF0000001,NOIDNRMG26          ,1.0,450.0,支   ,100.0,450.0,100.0,8.0,NOID三節雨刷 26吋                                                
1140709GF0000001,NC1                 ,1.0,1000.0,組   ,0.0,1000.0,100.0,4.0,四環表                                                         
1140709GF0000001,S28WGDE             ,1.0,150.0,組   ,48.0,150.0,100.0,2.0,S-28貼式二段開關                                                  
1140710GF0000001,VBDVATX-2           ,1.0,200.0,罐   ,65.0,200.0,100.0,1.0,向日葵細目粗蠟二代                                                   
1140710GF0000001,H722                ,1.0,300.0,各   ,35.0,300.0,100.0,2.0,H7 55W大燈燈泡                                                  
1140710GF0000001,NC1                 ,1.0,1000.0,組   ,0.0,1000.0,100.0,3.0,四環表                                                         
1140710GF0000001,SP702               ,1.0,250.0,罐   ,110.0,250.0,100.0,4.0,SP-702電動窗潤滑劑                                                
1140710GF0000001,UX02XZVQU           ,1.0,200.0,罐   ,120.0,200.0,100.0,5.0,亞力安動力方向盤油                                                   
1140710GF0000001,H1255W              ,1.0,150.0,各   ,30.0,150.0,100.0,6.0,H1 55W燈泡                                                    
1140711GF0000001,90122Q              ,1.0,300.0,各   ,120.0,300.0,100.0,1.0,9012燈泡                                                      
1140712GF0000001,H422                ,1.0,100.0,各   ,35.0,100.0,100.0,1.0,H4大燈燈泡 55W                                                  
1140714GF0000001,KNOSR               ,1.0,500.0,片   ,350.0,500.0,100.0,1.0,KNOS鏡                                                       
1140714GF0000001,32G                 ,1.0,450.0,各   ,180.0,450.0,100.0,2.0,32G卡片                                                       
1140714GF0000001,2V2Q                ,1.0,10.0,各   ,4.0,10.0,100.0,3.0,單芯燈泡                                                        
1140715GF0000001,EY                  ,1.0,350.0,次   ,0.0,350.0,100.0,5.0,工資                                                          
1140715GF0000001,DAY2NR              ,1.0,499.0,ek4 ,220.0,499.0,100.0,6.0,檜木座墊(四角)                                                    
1140715GF0000001,1MXCNZY2            ,2.0,350.0,各   ,145.0,350.0,100.0,3.0,冰玉綠花新四角座墊                                                   
1140716GF0000001,PNSSUN05            ,2.0,100.0,組   ,36.0,100.0,100.0,1.0,雙面隔熱靜電隨意貼/2入                                                
1140716GF0000001,H722                ,1.0,400.0,各   ,35.0,400.0,100.0,2.0,H7 55W大燈燈泡                                                  
1140716GF0000001,GV2Q                ,1.0,100.0,各   ,4.5,100.0,100.0,3.0,雙芯燈泡                                                        
1140716GF0000001,EY                  ,1.0,500.0,次   ,0.0,500.0,100.0,4.0,工資                                                          
1140717GF0000001,ECC9922TBCR         ,1.0,200.0,罐   ,80.0,200.0,100.0,1.0,ECC-992防鏽潤滑劑                                                
1140717GF0000001,FR2GUG              ,1.0,700.0,組   ,480.0,700.0,100.0,2.0,剪式附把手千斤頂  [車牌]                                             
1140717GF0000001,BD0907GQW1          ,1.0,650.0,組   ,80.0,650.0,100.0,3.0,BD-0907手排踏板                                                 
1140717GF0000001,SF0016              ,1.0,100.0,卡   ,36.0,100.0,100.0,4.0,通用型固定扣                                                      
1140717GF0000001,EY                  ,1.0,250.0,次   ,0.0,250.0,100.0,5.0,工資                                                          
1140718GF0000001,PNSSUN14-L          ,1.0,350.0,組   ,130.0,350.0,100.0,1.0,雙層鋁箔遮陽板- RV SUV雙層                                           
1140718GF0000001,DAY2F               ,1.0,950.0,各   ,700.0,950.0,100.0,2.0,檜木座墊(前)                                                     
1140721GF0000001,T20GV2Q             ,2.0,70.0,各   ,20.0,70.0,100.0,3.0,T20雙芯燈泡                                                     
1140721GF0000001,UX02XZVQU           ,1.0,350.0,罐   ,120.0,350.0,100.0,4.0,亞力安動力方向盤油                                                   
1140721GF0000001,NO16375TGGD         ,1.0,300.0,組   ,150.0,300.0,100.0,1.0,NO-1637(直插式)雙孔+USB 12V/12V插座                                
1140722GF0000001,EY                  ,1.0,300.0,次   ,0.0,300.0,100.0,1.0,工資                                                          
1140722GF0000001,H722                ,2.0,150.0,各   ,35.0,150.0,100.0,2.0,H7 55W大燈燈泡                                                  
1140723GF0000001,EY                  ,1.0,210.0,次   ,0.0,210.0,100.0,1.0,工資                                                          
1140724GF0000001,GV2Q                ,5.0,10.0,各   ,4.5,10.0,100.0,1.0,雙芯燈泡                                                        
1140723GF0000001,CROSSTA1E2          ,1.0,450.0,組   ,220.0,450.0,100.0,2.0,20 CROSS長毛避光墊                                               
1140725GF0000001,PNSSC002            ,2.0,350.0,組   ,160.0,350.0,100.0,3.0,雙層3D蜂巢椅座墊-冰涼氣墊                                              
1140725GF0000001,G18.52Q             ,2.0,100.0,各   ,5.0,100.0,100.0,4.0,G18.5燈泡                                                     
1140725GF0000001,2VCQ2Q              ,1.0,100.0,各   ,5.0,100.0,100.0,5.0,單芯琥珀燈泡                                                      
1140725GF0000001,AGXY2               ,1.0,450.0,組   ,235.0,450.0,100.0,1.0,美式涼座墊                                                       
1140729GF0000001,DAY2F               ,1.0,900.0,各   ,700.0,900.0,100.0,5.0,檜木座墊(前)                                                     
1140729GF0000001,SP5089Q5XN          ,1.0,250.0,組   ,105.0,250.0,100.0,6.0,SP-5089牌照螺絲                                                 
1140729GF0000001,3MCUFFVR            ,2.0,150.0,罐   ,65.0,150.0,100.0,3.0,3M化油器清洗劑(8896)                                              
1140729GF0000001,1VNV                ,10.0,10.0,各   ,2.0,10.0,100.0,1.0,保險絲(小)                                                      
1140801GF0000001,BMWVVXTA1E2         ,1.0,700.0,組   ,240.0,700.0,100.0,2.0,BMW 2系列 長毛避光墊                                               
1140801GF0000001,EY                  ,1.0,450.0,次   ,0.0,450.0,100.0,3.0,工資                                                          
1140802GF0000001,NO2062FR            ,1.0,1500.0,組   ,850.0,1500.0,100.0,1.0,NO 206打氣機                                                   
1140802GF0000001,EY                  ,1.0,450.0,次   ,0.0,450.0,100.0,2.0,工資                                                          
1140802GF0000002,SF0025              ,2.0,100.0,卡   ,36.0,100.0,100.0,1.0,SF-0025豐田保桿固定扣                                              
1140804GF0000001,2VCQ2Q              ,1.0,100.0,各   ,5.0,100.0,100.0,1.0,單芯琥珀燈泡                                                      
1140802GF0000002,12MAUCHFMT          ,1.0,500.0,組   ,250.0,500.0,100.0,2.0,12 MARCH晴雨窗(前兩片)                                            
1140804GF0000001,AGXY2               ,1.0,550.0,組   ,235.0,550.0,100.0,2.0,美式涼座墊                                                       
1140806GF0000001,2QG                 ,2.0,35.0,罐   ,15.0,35.0,100.0,1.0,電瓶水                                                         
1140807GF0000001,RSENUE12HMG         ,1.0,250.0,支   ,70.0,250.0,100.0,3.0,RSEN硬骨 12吋雨刷                                                
1140807GF0000001,ZJTUA               ,1.0,300.0,罐   ,78.6,300.0,100.0,4.0,防霧除油膜                                                       
1140807GF0000001,LY-1172HWMR         ,2.0,70.0,組   ,35.0,70.0,100.0,5.0,LY-117 2吋調整式凸鏡                                              
1140807GF0000001,X685DH5R            ,1.0,450.0,組   ,180.0,450.0,100.0,1.0,X68真空吸磁支架                                                   
1140808GF0000001,RSENGR16R           ,1.0,315.0,組   ,80.0,315.0,100.0,14.0,RSEN雙尖室內燈16晶(31mm)                                          
1140808GF0000001,5E2Q                ,1.0,800.0,組   ,0.0,800.0,100.0,15.0,中古電瓶                                                        
1140808GF0000001,PNSS182USB          ,1.0,450.0,組   ,180.0,450.0,100.0,10.0,四合一3.1A 2USB點煙器                                             
1140808GF0000001,MP3XUXW             ,1.0,999.0,組   ,520.0,999.0,100.0,11.0,樂團FM藍芽音樂播放器                                                 
1140808GF0000001,TC6691XDTY          ,1.0,250.0,組   ,110.0,250.0,100.0,12.0,TC-6691兩孔插座                                                 
1140808GF0000001,LDO1115GUSB         ,1.0,249.0,組   ,120.0,249.0,100.0,8.0,5G 5.4A 2孔USB插頭                                             
1140808GF0000001,UX0GVR              ,1.0,250.0,罐   ,80.0,250.0,100.0,5.0,亞力安水箱精                                                      
1140808GF0000001,PNS-ATY01VVR        ,1.0,599.0,組   ,290.0,599.0,100.0,6.0,PNS-ATY01香燻機                                                
1140809GF0000001,RSENS25692ZDG2VVRCQ ,1.0,1000.0,組   ,450.0,1000.0,100.0,1.0,RSEN S25 69燈防快閃單芯斜角琥珀                                       
1140808GF0000001,NP-747XCRV22M       ,1.0,2699.0,組   ,1690.0,2699.0,100.0,1.0,NP-747鋁合金行動電源                                               
1140811GF0000001,3D1F1               ,1.0,250.0,支   ,90.0,250.0,100.0,6.0,3D補漆筆                                                       
1140811GF0000001,1MT5E               ,1.0,2000.0,組   ,1250.0,2000.0,100.0,7.0,白雲車罩-E                                                      
1140811GF0000001,ABTA037WFC25        ,1.0,399.0,各   ,200.0,399.0,100.0,3.0,ABT-A037透氣慢回蝴蝶枕                                             
1140811GF0000001,NRW2                ,2.0,150.0,各   ,44.0,150.0,100.0,4.0,四角踏墊                                                        
1140811GF0000001,FR2GUG              ,1.0,750.0,組   ,480.0,750.0,100.0,1.0,剪式附把手千斤頂  [車牌]                                             
1140811GF0000001,ZJTUA               ,1.0,300.0,罐   ,78.6,300.0,100.0,8.0,防霧除油膜                                                       
1140812GF0000001,F00250              ,1.0,40.0,張   ,20.0,40.0,100.0,1.0,尿尿小子/黑紅白                                                    
1140813GF0000001,SAXOC35W30FHU       ,1.0,600.0,罐   ,220.0,600.0,100.0,1.0,SAXO C3 5W30柴油共用遊                                           
1140814GF0000001,R2W                 ,1.0,300.0,組   ,0.0,300.0,100.0,1.0,靜電條                                                         
1140815GF0000002,ERQ80D23LUCR2T      ,1.0,3200.0,各   ,2400.0,3200.0,100.0,1.0,國際牌80D23L 日本銀合金電池                                           
1140815GF0000002,NP-747XCRV22M       ,1.0,2600.0,組   ,1690.0,2600.0,100.0,2.0,NP-747鋁合金行動電源                                               
1140816GF0000001,2VCQ2Q              ,1.0,100.0,各   ,5.0,100.0,100.0,1.0,單芯琥珀燈泡                                                      
1140816GF0000001,LEDQ52              ,1.0,550.0,組   ,160.0,550.0,100.0,2.0,LED牌照燈                                                      
1140816GF0000001,C55AWFTR            ,1.0,300.0,組   ,128.0,300.0,100.0,3.0,黑珍珠毛毯清潔劑                                                    
1140818GF0000001,PNSS24TY            ,1.0,300.0,組   ,140.0,300.0,100.0,9.0,大功率雙孔插座+雙USB                                                
1140818GF0000001,T101E               ,1.0,200.0,卡   ,100.0,200.0,100.0,10.0,T10白光                                                       
1140818GF0000001,709U11GRR           ,1.0,400.0,組   ,120.0,400.0,100.0,1.0,709儀表板手機架                                                   
1140818GF0000001,PNSE016             ,1.0,300.0,組   ,70.0,300.0,100.0,2.0,TYPE C手機充電線                                                 
1140818GF0000001,PNSS23TY            ,1.0,300.0,組   ,150.0,300.0,100.0,3.0,車用單孔插座+雙USB                                                 
1140818GF0000001,F00315B             ,1.0,40.0,張   ,20.0,40.0,100.0,4.0,班尼頓/二人黑                                                     
1140818GF0000001,E00729              ,1.0,30.0,張   ,15.0,30.0,100.0,5.0,AKRAPOVIC貼紙                                                 
1140818GF0000001,J00336              ,1.0,80.0,張   ,40.0,80.0,100.0,6.0,方格旗/立體                                                      
1140818GF0000001,F00522              ,2.0,40.0,個   ,20.0,40.0,100.0,7.0,PORSCHE                                                     
1140819GF0000001,2QG                 ,3.0,35.0,罐   ,15.0,35.0,100.0,1.0,電瓶水                                                         
1140819GF0000001,XFXJALTIS           ,1.0,400.0,各   ,120.0,400.0,100.0,2.0,冷氣濾01-07ALTIS                                               
1140821GF0000001,EY                  ,1.0,300.0,次   ,0.0,300.0,100.0,1.0,工資                                                          
1140821GF0000001,5E2Q                ,1.0,1200.0,組   ,0.0,1200.0,100.0,2.0,中古電瓶                                                        
1140822GF0000001,2V2Q                ,20.0,10.0,各   ,4.0,10.0,100.0,1.0,單芯燈泡                                                        
1140822GF0000001,2VY                 ,2.0,50.0,個   ,15.0,50.0,100.0,2.0,單芯座                                                         
1140822GF0000001,2VCQ2Q              ,1.0,80.0,各   ,5.0,80.0,100.0,3.0,單芯琥珀燈泡                                                      
1140823GF0000001,FAGEUW1.4           ,2.0,500.0,捲   ,180.0,500.0,100.0,1.0,氣密式隔音條1.4                                                   
1140825GF0000001,1VNV                ,2.0,10.0,各   ,2.0,10.0,100.0,1.0,保險絲(小)                                                      
1140829GF0000001,PS252F25U           ,1.0,250.0,組   ,78.0,250.0,100.0,1.0,PS-252前檔遮陽隔熱紙                                               
1140830GF0000001,UX0GVR              ,1.0,250.0,罐   ,80.0,250.0,100.0,1.0,亞力安水箱精                                                      
1140901GF0000001,ZJTUA               ,1.0,300.0,罐   ,78.6,300.0,100.0,1.0,防霧除油膜                                                       
1140902GF0000001,H422                ,2.0,150.0,各   ,35.0,150.0,100.0,1.0,H4大燈燈泡 55W                                                  
1140903GF0000001,VBDXEX              ,1.0,100.0,罐   ,65.0,100.0,100.0,3.0,向日葵橘油亮光蠟  [車牌]                                             
1140903GF0000001,ECC9922TBCR         ,1.0,200.0,罐   ,80.0,200.0,100.0,4.0,ECC-992防鏽潤滑劑                                                
1140903GF0000001,G204GVR             ,1.0,540.0,罐   ,180.0,540.0,100.0,1.0,G204水箱精                                                     
1140906GF0000001,20322T              ,3.0,100.0,各   ,27.0,100.0,100.0,1.0,2032電池                                                      
1140906GF0000001,H1135W22Q           ,1.0,150.0,各   ,90.0,150.0,100.0,2.0,H11 55W 燈泡                                                  
1140906GF0000001,709U11GRR           ,1.0,400.0,組   ,120.0,400.0,100.0,3.0,709儀表板手機架                                                   
1140908GF0000001,SP702               ,1.0,150.0,罐   ,110.0,150.0,100.0,7.0,SP-702電動窗潤滑劑                                                
1140908GF0000001,G204GVR             ,1.0,550.0,罐   ,180.0,550.0,100.0,8.0,G204水箱精                                                     
1140908GF0000001,NOIDNRMG14          ,1.0,250.0,支   ,100.0,250.0,100.0,9.0,NOID三節雨刷 14吋                                                
1140908GF0000001,NOIDNRMG26          ,1.0,450.0,支   ,100.0,450.0,100.0,10.0,NOID三節雨刷 26吋                                                
1140908GF0000001,VBDVATX-2           ,1.0,200.0,罐   ,65.0,200.0,100.0,11.0,向日葵細目粗蠟二代                                                   
1140908GF0000001,UX0GVR              ,1.0,250.0,罐   ,80.0,250.0,100.0,12.0,亞力安水箱精                                                      
1140908GF0000001,TXWEYY              ,1.0,400.0,組   ,180.0,400.0,100.0,1.0,拆輪胎工具組                                                      
1140908GF0000001,PC6233RVWUR         ,1.0,300.0,組   ,160.0,300.0,100.0,2.0,PC-6233機械胎壓計                                                
1140908GF0000001,8H2G12V             ,1.0,750.0,組   ,320.0,750.0,100.0,3.0,8吋電扇12V                                                     
1140908GF0000001,CVNERY4P            ,2.0,350.0,組   ,170.0,350.0,100.0,4.0,4PC火星塞工具組                                                   
1140908GF0000001,PW-15WU1            ,3.0,200.0,各   ,80.0,200.0,100.0,5.0,胎壓筆                                                         
1140909GF0000001,YH368FDS2XEN        ,1.0,2499.0,組   ,1500.0,2499.0,100.0,1.0,YH-368全功能電力公司                                               
1140909GF0000001,NHGX                ,1.0,150.0,罐   ,85.0,150.0,100.0,2.0,三彩水蠟                                                        
1140910GF0000001,2VCQ2Q              ,2.0,75.0,各   ,5.0,75.0,100.0,1.0,單芯琥珀燈泡                                                      
1140911GF0000001,3D1F1               ,1.0,250.0,支   ,90.0,250.0,100.0,1.0,3D補漆筆                                                       
1140912GF0000001,PNS-TAIR002         ,1.0,1299.0,組   ,660.0,1299.0,100.0,1.0,手持式無線胎壓偵測打氣機                                                
1140912GF0000001,C551GR              ,1.0,250.0,罐   ,85.0,250.0,100.0,2.0,黑珍珠撥水劑 [車牌]                                                
1140912GF0000001,PNSSUN15L           ,1.0,200.0,組   ,530.0,200.0,100.0,3.0,後車箱防蚊網(L)                                                   
1140912GF0000001,PNSCP280P           ,1.0,650.0,組   ,310.0,650.0,100.0,4.0,太空梭打氣機280P三合一DC12V                                          
1140912GF0000001,SP5510              ,1.0,1000.0,組   ,250.0,1000.0,100.0,5.0,SP-5510排氣管                                                  
1140912GF0000001,PNSSUN14-L          ,1.0,400.0,組   ,130.0,400.0,100.0,6.0,雙層鋁箔遮陽板- RV SUV雙層                                           
1140912GF0000001,LASTS2DVG           ,1.0,80.0,各   ,30.0,80.0,100.0,7.0,LASTS吊卡香水                                                   
1140913GF0000001,EY                  ,1.0,300.0,次   ,0.0,300.0,100.0,1.0,工資                                                          
1140913GF0000001,ZEROVRMG16          ,1.0,800.0,支   ,325.0,800.0,100.0,2.0,ZERO矽膠雨刷16吋                                                 
1140913GF0000001,ZEROVRMG26          ,1.0,1200.0,支   ,415.0,1200.0,100.0,3.0,ZERO 26吋矽膠雨刷                                                
1140913GF0000001,J00352CMG           ,1.0,400.0,支   ,130.0,400.0,100.0,4.0,J0[車牌]4後雨刷                                              
1140915GF0000001,POSENSD2246*20      ,1.0,150.0,捲   ,55.0,150.0,100.0,3.0,POSEN 黏扣帶[車牌]*20cm                                         
1140915GF0000001,VBDG2A              ,1.0,215.0,各   ,130.0,215.0,100.0,4.0,向日葵水鍍膜                                                      
1140915GF0000001,PS252F25U           ,1.0,215.0,組   ,78.0,215.0,100.0,5.0,PS-252前檔遮陽隔熱紙                                               
1140915GF0000001,YI269AW             ,1.0,360.0,組   ,120.0,360.0,100.0,6.0,YI-269曼斗                                                    
1140915GF0000001,PNSSUN14            ,1.0,179.0,組   ,110.0,179.0,100.0,7.0,轎車型前檔遮陽                                                     
1140915GF0000001,EY                  ,1.0,300.0,次   ,0.0,300.0,100.0,1.0,工資                                                          
1140916GF0000001,PNSS23TY            ,1.0,300.0,組   ,150.0,300.0,100.0,1.0,車用單孔插座+雙USB                                                 
1140917GF0000001,703TZD5XGRR         ,1.0,300.0,組   ,120.0,300.0,100.0,1.0,703出風口重力手機架                                                 
1150128GF0000001,SF0029              ,2.0,240.0,組   ,40.0,240.0,100.0,6.0,SF-0029固定架                                                  
1150128GF0000001,2QG                 ,1.0,35.0,罐   ,15.0,35.0,100.0,3.0,電瓶水                                                         
1150128GF0000001,RSENGR1536MM        ,2.0,400.0,卡   ,120.0,400.0,100.0,7.0,RSEN 雙尖 15晶 36mm CANBUS                                     
1150128GF0000001,ABT-A179            ,1.0,400.0,組   ,200.0,400.0,100.0,8.0,水型俠菸灰缸-自帶水箱滅菸                                               
1150128GF0000001,H1255W              ,1.0,300.0,各   ,30.0,300.0,100.0,1.0,H1 55W燈泡                                                    
1150129GF0000001,ZEROVRMG22G         ,1.0,900.0,支   ,350.0,900.0,100.0,6.0,ZERO矽膠雨刷22吋                                                 
1150129GF0000001,VBDVATX-2           ,1.0,200.0,罐   ,65.0,200.0,100.0,7.0,向日葵細目粗蠟二代                                                   
1150129GF0000001,GN12036ZVQW         ,1.0,350.0,條   ,90.0,350.0,100.0,8.0,GN-120 36節方向盤套                                              
1150129GF0000001,NOIDNRMG20          ,1.0,300.0,組   ,100.0,300.0,100.0,3.0,NOID三節雨刷 20吋                                                
1150129GF0000001,NOIDNRMG24          ,1.0,450.0,支   ,100.0,450.0,100.0,4.0,NOID三節雨刷 24吋                                                
1150129GF0000001,1VNV                ,2.0,20.0,各   ,2.0,20.0,100.0,1.0,保險絲(小)                                                      
1150130GF0000001,DP009Z22TWW         ,1.0,500.0,組   ,200.0,500.0,100.0,1.0,防盜節能電池銅頭(負電斷電器)                                             
1150130GF0000001,2VY                 ,1.0,300.0,個   ,16.0,300.0,100.0,2.0,單芯座                                                         
1150131GF0000001,NOIDNRMG14          ,2.0,250.0,支   ,100.0,250.0,100.0,1.0,NOID三節雨刷 14吋                                                
1150131GF0000001,NOIDNRMG22          ,1.0,400.0,支   ,100.0,400.0,100.0,2.0,NOID三節雨刷 22吋                                                
1140917GF0000001,ZJTUA               ,1.0,300.0,罐   ,78.6,300.0,100.0,2.0,防霧除油膜                                                       
1140916GF0000001,WF55D23L2Q          ,1.0,2600.0,各   ,1850.0,2600.0,100.0,2.0,湯淺55D23L電瓶                                                  
1140918GF0000001,ES122VG             ,1.0,250.0,組   ,125.0,250.0,100.0,3.0,ES-122香水                                                    
1140918GF0000001,2V2Q                ,1.0,10.0,各   ,4.0,10.0,100.0,4.0,單芯燈泡                                                        
1140920GF0000001,UX0GVR              ,1.0,600.0,罐   ,80.0,600.0,100.0,5.0,亞力安水箱精                                                      
1140920GF0000001,SENFINECOGV5XR      ,1.0,450.0,罐   ,150.0,450.0,100.0,6.0,西德SENFINECO水箱止漏劑                                            
1140918GF0000001,NRCNCW2             ,3.0,200.0,片   ,68.0,200.0,100.0,1.0,四角黑色踏墊(厚)                                                   
1140920GF0000001,CHEERS1540RU        ,2.0,350.0,罐   ,104.3,350.0,100.0,2.0,CHEERS 15/40機油                                              
1140920GF0000001,ABRORU5XR           ,1.0,550.0,罐   ,170.0,550.0,100.0,3.0,ABRO機油止漏劑                                                   
1140920GF0000001,VBDVATX-2           ,2.0,200.0,罐   ,65.0,200.0,100.0,7.0,向日葵細目粗蠟二代                                                   
1140920GF0000001,3D1F1               ,1.0,250.0,支   ,90.0,250.0,100.0,8.0,3D補漆筆                                                       
1140920GF0000001,EY                  ,1.0,500.0,次   ,0.0,500.0,100.0,9.0,工資                                                          
1140922GF0000001,SF0046              ,1.0,120.0,卡   ,40.0,120.0,100.0,1.0,SF-0046葉子板通用扣                                               
1140922GF0000001,EY                  ,1.0,200.0,次   ,0.0,200.0,100.0,2.0,工資                                                          
1140923GF0000001,32G                 ,1.0,450.0,各   ,180.0,450.0,100.0,1.0,32G卡片                                                       
1140926GF0000001,VBDVATX-2           ,1.0,200.0,罐   ,65.0,200.0,100.0,2.0,向日葵細目粗蠟二代                                                   
1140926GF0000001,JXFYE               ,1.0,150.0,組   ,40.0,150.0,100.0,3.0,JX 充氣嘴                                                      
1140927GF0000002,3MR1CM              ,1.0,100.0,卷   ,60.0,100.0,100.0,1.0,3M膠*1CM                                                     
1140929GF0000001,RSENC1XWU           ,1.0,300.0,罐   ,95.0,300.0,100.0,1.0,RSEN環保輪胎油                                                   
1140929GF0000001,VBDVTX1000ML        ,1.0,200.0,罐   ,50.0,200.0,100.0,2.0,向日葵汽車洗車蠟[車牌]                                              
1140930GF0000001,GV2Q                ,1.0,50.0,各   ,4.5,50.0,100.0,1.0,雙芯燈泡                                                        
1141001GF0000001,EY                  ,1.0,500.0,次   ,0.0,500.0,100.0,1.0,工資                                                          
1141001GF0000001,HNFVW               ,1.0,500.0,條   ,150.0,500.0,100.0,2.0,測速器線頭                                                       
1141002GF0000001,52R                 ,1.0,473.0,各   ,200.0,473.0,100.0,1.0,照地鏡 6吋附桿                                                    
1141002GF0000001,JOHNSE2XZVQU        ,1.0,300.0,罐   ,115.0,300.0,100.0,2.0,JOHNSEN 止漏行動力方向盤油                                           
1141004GF0000001,10WISHTA1E2         ,1.0,600.0,組   ,220.0,600.0,100.0,5.0,10WISH長毛避光墊                                                 
1141004GF0000001,ERQ60UCR2Q          ,1.0,2400.0,各   ,1900.0,2400.0,100.0,6.0,國際牌 60銀合金電瓶                                                 
1141004GF0000001,ABTE047             ,1.0,2500.0,組   ,1690.0,2500.0,100.0,1.0,鋁合金汽柴油啟動電源                                                  
1141004GF0000001,GVE1.12             ,2.0,250.0,各   ,100.0,250.0,100.0,2.0,水箱蓋1.1(大小頭)                                                 
1141004GF0000001,V37GRR              ,1.0,300.0,組   ,100.0,300.0,100.0,3.0,V37儀表板手機架                                                   
1141007GF0000001,UX02XZVQU           ,1.0,300.0,罐   ,120.0,300.0,100.0,2.0,亞力安動力方向盤油                                                   
1141008GF0000001,ZEROVRMG20          ,1.0,855.0,支   ,350.0,855.0,100.0,1.0,ZERO矽膠雨刷20吋                                                 
1141008GF0000001,ZEROVRMG24          ,1.0,1017.0,支   ,415.0,1017.0,100.0,2.0,ZERO矽膠雨刷24吋                                                 
1141009GF0000001,T10552              ,2.0,100.0,各   ,4.0,100.0,100.0,1.0,T10中炸彈                                                      
1141010GF0000001,2014EAXFMT          ,1.0,1400.0,組   ,700.0,1400.0,100.0,1.0,2014冠美麗(四片)晴雨窗                                              
1141010GF0000001,ZEROVRMG20          ,1.0,872.0,支   ,350.0,872.0,100.0,2.0,ZERO矽膠雨刷20吋                                                 
1141010GF0000001,ZEROVRMG24          ,1.0,1000.0,支   ,415.0,1000.0,100.0,3.0,ZERO矽膠雨刷24吋                                                 
1141014GF0000001,ZXR                 ,1.0,150.0,罐   ,78.0,150.0,100.0,1.0,防落膠                                                         
1141014GF0000001,NOIDNRMG20          ,1.0,300.0,組   ,100.0,300.0,100.0,2.0,NOID三節雨刷 20吋                                                
1141014GF0000001,NOIDNRMG22          ,1.0,350.0,支   ,100.0,350.0,100.0,3.0,NOID三節雨刷 22吋                                                
1141015GF0000001,G18.52Q             ,2.0,25.0,各   ,5.0,25.0,100.0,1.0,G18.5燈泡                                                     
1141016GF0000001,PS251F25U           ,1.0,200.0,組   ,78.0,200.0,100.0,3.0,PS-251前檔遮陽                                                  
1141016GF0000001,5MC                 ,1.0,200.0,組   ,55.0,200.0,100.0,4.0,黑紗中圓弧                                                       
1141015GF0000001,GV2Q                ,4.0,10.0,各   ,4.5,10.0,100.0,2.0,雙芯燈泡                                                        
1141015GF0000001,GVCQ2Q              ,2.0,70.0,各   ,15.0,70.0,100.0,3.0,雙芯琥珀燈泡                                                      
1141016GF0000001,3D1F1               ,1.0,250.0,支   ,90.0,250.0,100.0,1.0,3D補漆筆                                                       
1141017GF0000001,GXYGUX              ,1.0,510.0,罐   ,320.0,510.0,100.0,4.0,舒亮鑽石釉蠟                                                      
1141017GF0000001,6BCA                ,0.5,100.0,包   ,38.0,100.0,100.0,5.0,6入海棉                                                        
1141017GF0000001,HG-019              ,2.0,270.0,罐   ,150.0,270.0,100.0,1.0,向日葵真皮皮革綿羊油[車牌]                                             
1141018GF0000001,RSENT10MU6R         ,1.0,350.0,卡   ,120.0,350.0,100.0,1.0,RSEN T10魚眼 6晶 CANBUS                                        
1141020GF0000001,RSENT105630         ,1.0,299.0,卡   ,120.0,299.0,100.0,5.0,RSEN T10 5630 10燈                                           
1141020GF0000001,RSENT104014242      ,1.0,450.0,組   ,160.0,450.0,100.0,6.0,RSEN T10 4014 24燈                                           
1141020GF0000001,RSEN55ZVQW          ,1.0,485.0,條   ,250.0,485.0,100.0,3.0,RSEN55方向盤套(黑紅平線)                                            
1141020GF0000001,NOIDNRMG24          ,1.0,400.0,支   ,100.0,400.0,100.0,1.0,NOID三節雨刷 24吋                                                
1141021GF0000001,RT7A2Q              ,1.0,850.0,各   ,650.0,850.0,100.0,9.0,機車7A電瓶                                                      
1141021GF0000001,VG1TU               ,1.0,100.0,瓶   ,30.0,100.0,100.0,10.0,香水補充液                                                       
1141021GF0000001,TUVERY              ,1.0,150.0,組   ,28.0,150.0,100.0,7.0,拆音響工具組                                                      
1141021GF0000001,NOIDNRMG16          ,1.0,250.0,支   ,100.0,250.0,100.0,4.0,NOID三節雨刷 16吋                                                
1141021GF0000001,NOIDNRMG22          ,1.0,350.0,支   ,100.0,350.0,100.0,5.0,NOID三節雨刷 22吋                                                
1141021GF0000001,DR0AZVQW            ,1.0,900.0,條   ,480.0,900.0,100.0,2.0,開吉按摩方向盤套(4L)                                                
1141022GF0000001,EY                  ,1.0,300.0,次   ,0.0,300.0,100.0,3.0,工資                                                          
1141022GF0000001,EY                  ,1.0,500.0,次   ,0.0,500.0,100.0,4.0,工資                                                          
1141022GF0000001,08LIVINATA1E2       ,1.0,600.0,組   ,220.0,600.0,100.0,1.0,08LIVINA長毛避光墊                                               
1141023GF0000001,1VNAY               ,1.0,100.0,各   ,50.0,100.0,100.0,9.0,保險絲母座                                                       
1141023GF0000001,RSENT105630         ,1.0,299.0,卡   ,120.0,299.0,100.0,10.0,RSEN T10 5630 10燈                                           
1141023GF0000001,CHEERS1540RU        ,4.0,350.0,罐   ,104.3,350.0,100.0,6.0,CHEERS 15/40機油                                              
1141023GF0000001,ABROUF1EUR          ,1.0,550.0,罐   ,150.0,550.0,100.0,7.0,ABRO 引擎補缸油精                                                 
1141023GF0000001,GV2Q                ,3.0,10.0,各   ,4.5,10.0,100.0,3.0,雙芯燈泡                                                        
1141023GF0000001,DAW510*50           ,1.0,135.0,張   ,20.0,135.0,100.0,4.0,卡夢貼紙10*50cm                                                 
1141023GF0000001,H4OSRAM2Q           ,2.0,300.0,各   ,50.0,300.0,100.0,1.0,H4 OSRAM燈泡                                                  
1141024GF0000001,EY                  ,1.0,700.0,次   ,0.0,700.0,100.0,1.0,工資                                                          
1141023GF0000001,ZEROVRMG26          ,1.0,1000.0,支   ,415.0,1000.0,100.0,12.0,ZERO 26吋矽膠雨刷                                                
1141023GF0000001,ZEROVRMG16          ,1.0,800.0,支   ,325.0,800.0,100.0,13.0,ZERO矽膠雨刷16吋                                                 
1141024GF0000001,RSEN55ZVQW          ,1.0,650.0,條   ,250.0,650.0,100.0,2.0,RSEN55方向盤套(黑紅平線)                                            
1141024GF0000001,R2CGR               ,1.0,500.0,組   ,200.0,500.0,100.0,3.0,01-06堅達後視鏡                                                  
1141025GF0000001,16G                 ,1.0,350.0,組   ,180.0,350.0,100.0,3.0,16G                                                         
1141025GF0000001,G255630GV2Q         ,1.0,550.0,組   ,240.0,550.0,100.0,4.0,G25-5630後煞車燈雙芯燈泡                                            
1141025GF0000001,GV2Q                ,2.0,10.0,各   ,4.5,10.0,100.0,5.0,雙芯燈泡                                                        
1141025GF0000001,RSEN66ZVQW          ,1.0,650.0,條   ,250.0,650.0,100.0,1.0,RSEN-66方向盤套                                                 
1141027GF0000001,QWZG                ,1.0,850.0,組   ,450.0,850.0,100.0,1.0,普通扶手                                                        
1141027GF0000001,DAYQQWW             ,1.0,1000.0,組   ,280.0,1000.0,100.0,2.0,卡夢自排檔頭                                                      
1141027GF0000001,VBDXEX              ,1.0,100.0,罐   ,65.0,100.0,100.0,3.0,向日葵橘油亮光蠟  [車牌]                                             
1141028GF0000001,ZJTUA               ,2.0,300.0,罐   ,78.6,300.0,100.0,1.0,防霧除油膜                                                       
1141028GF0000001,ZEROVRMG26          ,1.0,1000.0,支   ,415.0,1000.0,100.0,2.0,ZERO 26吋矽膠雨刷                                                
1141028GF0000001,ZERO14VRMG          ,1.0,700.0,支   ,290.0,700.0,100.0,3.0,ZERO矽膠雨刷14吋                                                 
1141029GF0000001,NO16375TGGD         ,1.0,350.0,組   ,150.0,350.0,100.0,3.0,NO-1637(直插式)雙孔+USB 12V/12V插座                                
1141029GF0000001,ABT-E711TT          ,1.0,199.0,各   ,118.2,199.0,100.0,4.0,ABT-E711B車用快充 PD+QC3.0                                      
1141030GF0000001,EY                  ,1.0,50.0,次   ,0.0,50.0,100.0,1.0,工資                                                          
1141030GF0000001,HY662               ,1.0,1049.0,組   ,520.0,1049.0,100.0,2.0,HY-662簡便連結式椅套                                               
1141031GF0000001,RSENH112TY          ,1.0,300.0,組   ,90.0,300.0,100.0,15.0,RSEN H11陶瓷座                                                 
1141105GF0000001,ZXR                 ,1.0,150.0,罐   ,78.0,150.0,100.0,7.0,防落膠                                                         
1141105GF0000001,2QG                 ,2.0,35.0,罐   ,15.0,35.0,100.0,8.0,電瓶水                                                         
1141105GF0000001,VTRXFV              ,1.0,300.0,組   ,150.0,300.0,100.0,5.0,行車記錄器線                                                      
1141105GF0000001,EY                  ,1.0,300.0,次   ,0.0,300.0,100.0,3.0,工資                                                          
1141105GF0000001,3D1F1               ,1.0,250.0,支   ,90.0,250.0,100.0,1.0,3D補漆筆                                                       
1141111GF0000001,9006OSRAM           ,1.0,400.0,各   ,100.0,400.0,100.0,1.0,[車牌]AM燈泡                                                
1141111GF0000001,PD1066500W1UF       ,1.0,1900.0,組   ,1500.0,1900.0,100.0,2.0,PD-1065 500W變壓器                                             
1141111GF0000001,PNS-TAIR002         ,1.0,1399.0,組   ,660.0,1399.0,100.0,3.0,手持式無線胎壓偵測打氣機                                                
1141112GF0000001,DAW510*50           ,1.0,135.0,張   ,20.0,135.0,100.0,1.0,卡夢貼紙10*50cm                                                 
1141112GF0000001,MP3XURGF            ,1.0,1200.0,組   ,780.0,1200.0,100.0,2.0,FIREFLY LDAC 藍芽5.0音樂接收器                                     
1141112GF0000001,PNSE016             ,1.0,400.0,組   ,70.0,400.0,100.0,3.0,TYPE C手機充電線                                                 
1141112GF0000001,709U11GRR           ,1.0,400.0,組   ,120.0,400.0,100.0,4.0,709儀表板手機架                                                   
1141112GF0000001,NOIDNRMG18          ,1.0,250.0,支   ,100.0,250.0,100.0,5.0,NOID三節雨刷 18吋                                                
1141112GF0000001,NOIDNRMG22          ,1.0,350.0,支   ,100.0,350.0,100.0,6.0,NOID三節雨刷 22吋                                                
1141113GF0000001,RSENT105630         ,1.0,400.0,卡   ,120.0,400.0,100.0,1.0,RSEN T10 5630 10燈                                           
1141114GF0000001,DAW510*50           ,1.0,135.0,張   ,20.0,135.0,100.0,1.0,卡夢貼紙10*50cm                                                 
1141114GF0000001,EY                  ,1.0,100.0,次   ,0.0,100.0,100.0,2.0,工資                                                          
1141114GF0000001,T10552              ,2.0,50.0,各   ,4.0,50.0,100.0,3.0,T10中炸彈                                                      
1141115GF0000001,CHEERS1540RU        ,2.0,300.0,罐   ,104.3,300.0,100.0,1.0,CHEERS 15/40機油                                              
1141117GF0000001,FAGEUW1.4           ,1.0,500.0,捲   ,180.0,500.0,100.0,1.0,氣密式隔音條1.4                                                   
1141118GF0000001,GARMINVQR           ,1.0,350.0,各   ,52.0,350.0,100.0,1.0,GARMIN吸盤架                                                   
1141117GF0000001,NOIDNRMG18          ,1.0,270.0,支   ,100.0,270.0,100.0,2.0,NOID三節雨刷 18吋                                                
1141117GF0000001,NOIDNRMG26          ,1.0,405.0,支   ,100.0,405.0,100.0,3.0,NOID三節雨刷 26吋                                                
1141119GF0000001,PNSHDF43            ,1.0,400.0,組   ,140.0,400.0,100.0,1.0,六連桿重力支架吸盤手機架4~7吋                                            
1141119GF0000001,G185630             ,0.5,600.0,卡   ,230.0,600.0,100.0,2.0,G18-魚眼5630-10顆 白光 2入                                        
1141119GF0000002,ZEROVRMG26          ,1.0,1000.0,支   ,415.0,1000.0,100.0,1.0,ZERO 26吋矽膠雨刷                                                
1141119GF0000002,ZEROVRMG18          ,1.0,800.0,支   ,325.0,800.0,100.0,2.0,ZERO矽膠雨刷18吋                                                 
1141120GF0000001,12EAXFM4Q           ,1.0,1500.0,組   ,700.0,1500.0,100.0,1.0,12冠美麗晴雨窗(四片)                                                
1141120GF0000001,AS1VN               ,8.0,20.0,各   ,2.0,20.0,100.0,2.0,迷你保險絲                                                       
1141121GF0000001,LASTS2DVG           ,2.0,89.0,各   ,30.0,89.0,100.0,3.0,LASTS吊卡香水                                                   
1141031GF0000001,H722                ,1.0,250.0,各   ,35.0,250.0,100.0,14.0,H7 55W大燈燈泡                                                  
1141031GF0000001,H11OSARM2Q          ,2.0,300.0,各   ,120.0,300.0,100.0,16.0,H11 OSARM燈泡                                                 
1141031GF0000001,FAGEUW              ,1.0,450.0,組   ,180.0,450.0,100.0,6.0,氣密式隔音條1.0cm                                                 
1141031GF0000001,FAGEUW1.4           ,1.0,500.0,捲   ,180.0,500.0,100.0,7.0,氣密式隔音條1.4                                                   
1141031GF0000001,T10552              ,1.0,100.0,各   ,4.0,100.0,100.0,8.0,T10中炸彈                                                      
1141031GF0000001,EY                  ,1.0,100.0,次   ,0.0,100.0,100.0,9.0,工資                                                          
1141031GF0000001,2V2Q                ,10.0,10.0,各   ,4.0,10.0,100.0,10.0,單芯燈泡                                                        
1141031GF0000001,T10552              ,10.0,10.0,各   ,4.0,10.0,100.0,11.0,T10中炸彈                                                      
1141031GF0000001,UX0GVR              ,1.0,250.0,罐   ,80.0,250.0,100.0,12.0,亞力安水箱精                                                      
1141101GF0000001,VBDXEX              ,1.0,120.0,罐   ,65.0,120.0,100.0,1.0,向日葵橘油亮光蠟  [車牌]                                             
1141101GF0000001,F00251              ,1.0,40.0,張   ,20.0,40.0,100.0,2.0,無鉛小子/黑紅白                                                    
1141101GF0000001,K00295              ,1.0,100.0,張   ,50.0,100.0,100.0,3.0,火焰/立體黑紅白                                                    
1141103GF0000001,UX0GVR              ,1.0,250.0,罐   ,80.0,250.0,100.0,1.0,亞力安水箱精                                                      
1141104GF0000001,24V2V2Q             ,10.0,20.0,各   ,5.5,20.0,100.0,1.0,24V單芯燈泡                                                     
1141104GF0000001,EY                  ,1.0,800.0,次   ,0.0,800.0,100.0,2.0,工資                                                          
1141121GF0000001,EY                  ,1.0,200.0,次   ,0.0,200.0,100.0,4.0,工資                                                          
1141121GF0000001,1VNV                ,2.0,20.0,各   ,2.0,20.0,100.0,1.0,保險絲(小)                                                      
1141122GF0000001,PNSP1GJG2XA         ,1.0,150.0,各   ,68.0,150.0,100.0,1.0,PNS-P1手握式打蠟棉                                                
1141124GF0000001,DAW510*50           ,1.0,135.0,張   ,20.0,135.0,100.0,1.0,卡夢貼紙10*50cm                                                 
1141124GF0000001,NOIDNRMG22          ,1.0,350.0,支   ,100.0,350.0,100.0,2.0,NOID三節雨刷 22吋                                                
1141124GF0000001,KNOSR               ,1.0,500.0,片   ,350.0,500.0,100.0,3.0,KNOS鏡                                                       
1141126GF0000001,DAW510*50           ,1.0,162.0,張   ,20.0,162.0,100.0,1.0,卡夢貼紙10*50cm                                                 
1141126GF0000001,GN-102EF            ,1.0,300.0,組   ,130.0,300.0,100.0,2.0,GN-10頂高器                                                    
1141127GF0000001,LP6920F2D           ,1.0,150.0,各   ,35.0,150.0,100.0,7.0,LP-692安全帶扣                                                  
1141127GF0000001,EY                  ,1.0,86.0,次   ,0.0,86.0,100.0,8.0,工資                                                          
1141127GF0000001,ABTE084             ,1.0,675.0,各   ,450.0,675.0,100.0,4.0,90W鋅合金快充pD+QC3.0                                            
1141127GF0000001,L1383.1AT2V         ,1.0,360.0,組   ,180.0,360.0,100.0,5.0,L138 3.1A充電線                                                
1141127GF0000001,5E2C                ,1.0,1500.0,組   ,0.0,1500.0,100.0,1.0,中古導航                                                        
1141127GF0000001,PS252F25U           ,1.0,250.0,組   ,78.0,250.0,100.0,2.0,PS-252前檔遮陽隔熱紙                                               
1141127GF0000001,709U11GRR           ,1.0,400.0,組   ,120.0,400.0,100.0,9.0,709儀表板手機架                                                   
1141127GF0000001,EY                  ,1.0,250.0,次   ,0.0,250.0,100.0,10.0,工資                                                          
1141128GF0000001,PNSHDF21            ,2.0,300.0,組   ,90.0,300.0,100.0,1.0,儀錶板磁吸手機架-碳纖黑                                                
1141129GF0000001,H152Q               ,1.0,500.0,各   ,0.0,500.0,100.0,4.0,H15燈泡                                                       
1141129GF0000001,UX02XZVQU           ,1.0,350.0,罐   ,120.0,350.0,100.0,5.0,亞力安動力方向盤油                                                   
1141129GF0000001,VBDVATX-2           ,1.0,200.0,罐   ,65.0,200.0,100.0,1.0,向日葵細目粗蠟二代                                                   
1141129GF0000001,1MT5D               ,1.0,1800.0,組   ,1250.0,1800.0,100.0,2.0,白雲防水車罩-C D                                                  
1141201GF0000001,SP702               ,1.0,200.0,罐   ,110.0,200.0,100.0,4.0,SP-702電動窗潤滑劑                                                
1141201GF0000001,ZJTUA               ,1.0,300.0,罐   ,75.0,300.0,100.0,5.0,防霧除油膜                                                       
1141201GF0000001,VIOSTA1E2           ,1.0,500.0,組   ,220.0,500.0,100.0,6.0,VIOS長毛避光墊                                                   
1141201GF0000001,EVEW2               ,1.0,500.0,組   ,280.0,500.0,100.0,7.0,EVE踏墊                                                       
1141201GF0000001,PNS-P07-01          ,1.0,200.0,條   ,78.0,200.0,100.0,1.0,雙層(厚)強力吸水布40*40                                             
1141201GF0000001,VBDCCTXF            ,1.0,200.0,支   ,40.0,200.0,100.0,2.0,向日葵很好擦-輪圈廣角刷                                                
1141202GF0000001,T10552              ,3.0,20.0,各   ,4.0,20.0,100.0,5.0,T10中炸彈                                                      
1141202GF0000001,RT2Q7B              ,1.0,900.0,各   ,700.0,900.0,100.0,6.0,機車電瓶-7B                                                     
1141202GF0000001,P225J5C220*13       ,1.0,200.0,組   ,60.0,200.0,100.0,1.0,P-22置物止滑墊(20cmx13.5cm小)                                     
1141202GF0000001,T10552              ,1.0,100.0,各   ,4.0,100.0,100.0,2.0,T10中炸彈                                                      
1141202GF0000001,IN312835GS2         ,1.0,400.0,組   ,180.0,400.0,100.0,3.0,IN31AL-2835 6顆LED室內燈 白光 歐規                                  
1141202GF0000001,PNSSUN14            ,1.0,250.0,組   ,110.0,250.0,100.0,7.0,轎車型前檔遮陽                                                     
1141202GF0000001,J00344CMG           ,1.0,500.0,支   ,130.0,500.0,100.0,8.0,J00344後雨刷                                                   
1141203GF0000001,PNSHDF21            ,1.0,350.0,組   ,90.0,350.0,100.0,1.0,儀錶板磁吸手機架-碳纖黑                                                
1141203GF0000001,H7OSRARN2Q          ,1.0,400.0,各   ,70.0,400.0,100.0,2.0,H7 OSRARN燈泡                                                 
1141204GF0000001,H422                ,1.0,150.0,各   ,35.0,150.0,100.0,1.0,H4大燈燈泡 55W                                                  
1141204GF0000001,EY                  ,1.0,300.0,次   ,0.0,300.0,100.0,2.0,工資                                                          
1141203GF0000001,VBDXEX              ,2.0,120.0,罐   ,65.0,120.0,100.0,3.0,向日葵橘油亮光蠟  [車牌]                                             
1141205GF0000001,RSENT105630         ,1.0,299.0,卡   ,120.0,299.0,100.0,1.0,RSEN T10 5630 10燈                                           
1141205GF0000001,8H2XAW              ,1.0,150.0,組   ,70.0,150.0,100.0,2.0,8吋打蠟棉套                                                      
1141205GF0000001,929TX               ,1.0,150.0,罐   ,58.0,150.0,100.0,3.0,929粗蠟                                                       
1141205GF0000001,VBD1WFRR            ,1.0,100.0,罐   ,38.0,100.0,100.0,4.0,向日葵電鍍亮光清潔劑                                                  
1141205GF0000001,PS255R2W            ,1.0,300.0,組   ,80.0,300.0,100.0,5.0,PS-255靜電貼                                                   
1141205GF0000001,VBDXEX              ,1.0,120.0,罐   ,65.0,120.0,100.0,6.0,向日葵橘油亮光蠟  [車牌]                                             
1141206GF0000001,NOIDNRMG18          ,1.0,250.0,支   ,100.0,250.0,100.0,4.0,NOID三節雨刷 18吋                                                
1141206GF0000001,NOIDNRMG20          ,1.0,300.0,組   ,100.0,300.0,100.0,5.0,NOID三節雨刷 20吋                                                
1141206GF0000001,ZJTUA               ,1.0,300.0,罐   ,75.0,300.0,100.0,6.0,防霧除油膜                                                       
1141206GF0000001,XWDAVYFW            ,1.0,250.0,各   ,80.0,250.0,100.0,2.0,拆輪胎全套汽門芯子                                                   
1141208GF0000001,2VCQ2Q              ,1.0,100.0,各   ,5.0,100.0,100.0,1.0,單芯琥珀燈泡                                                      
1141208GF0000001,H422                ,2.0,150.0,各   ,35.0,150.0,100.0,2.0,H4大燈燈泡 55W                                                  
1141209GF0000001,H422                ,1.0,400.0,各   ,35.0,400.0,100.0,3.0,H4大燈燈泡 55W                                                  
1141209GF0000001,T10552              ,1.0,100.0,各   ,4.0,100.0,100.0,4.0,T10中炸彈                                                      
1141209GF0000001,RSENT105630         ,1.0,299.0,卡   ,120.0,299.0,100.0,1.0,RSEN T10 5630 10燈                                           
1141210GF0000001,DAW510*50           ,1.0,135.0,張   ,20.0,135.0,100.0,3.0,卡夢貼紙10*50cm                                                 
1141210GF0000001,32G                 ,1.0,450.0,各   ,180.0,450.0,100.0,4.0,32G卡片                                                       
1141210GF0000001,ABROGTU             ,1.0,200.0,罐   ,88.0,200.0,100.0,5.0,ABRO煞車油                                                     
1141210GF0000001,60A1VN              ,2.0,60.0,各   ,50.0,60.0,100.0,6.0,60A保險絲                                                      
1141210GF0000001,T10552              ,2.0,100.0,各   ,4.0,100.0,100.0,1.0,T10中炸彈                                                      
1141211GF0000001,K00219              ,1.0,100.0,張   ,50.0,100.0,100.0,1.0,新手駕駛多包涵/立體                                                  
1141210GF0000001,DL1208X1            ,1.0,900.0,組   ,450.0,900.0,100.0,8.0,DL-1208喇叭                                                   
1141210GF0000001,AFL283578           ,2.0,350.0,組   ,81.8,350.0,100.0,9.0,軟條燈2835-78LED                                               
1141210GF0000001,EY                  ,1.0,1000.0,次   ,0.0,1000.0,100.0,10.0,工資                                                          
1141212GF0000001,AFL283578           ,1.0,300.0,組   ,81.8,300.0,100.0,1.0,軟條燈2835-78LED                                               
1141213GF0000001,PNSP05              ,1.0,159.0,各   ,30.0,159.0,100.0,3.0,超耐洗方形洗車海綿                                                   
1141213GF0000001,ZEROVRMG22G         ,1.0,1000.0,支   ,350.0,1000.0,100.0,4.0,ZERO矽膠雨刷22吋                                                 
1141213GF0000001,ZEROVRMG16          ,1.0,700.0,支   ,325.0,700.0,100.0,5.0,ZERO矽膠雨刷16吋                                                 
1141213GF0000001,NOIDNRMG24          ,1.0,400.0,支   ,100.0,400.0,100.0,6.0,NOID三節雨刷 24吋                                                
1141213GF0000001,NOIDNRMG14          ,1.0,250.0,支   ,100.0,250.0,100.0,7.0,NOID三節雨刷 14吋                                                
1141213GF0000001,NOIDNRMG26          ,1.0,450.0,支   ,100.0,450.0,100.0,8.0,NOID三節雨刷 26吋                                                
1141216GF0000001,GS125D31L2Q         ,1.0,4500.0,各   ,3500.0,4500.0,100.0,1.0,GS 125D31L電瓶                                                
1141217GF0000001,E5NRRC              ,1.0,350.0,組   ,80.0,350.0,100.0,1.0,故障三腳架(盒)                                                    
1141217GF0000001,G14.5BA9S           ,1.0,100.0,各   ,3.0,100.0,100.0,2.0,57 12CP G14.5 BA9S燈泡                                        
1141219GF0000001,ABTD003GTVTF        ,1.0,1600.0,組   ,650.0,1600.0,100.0,1.0,ABT-D003大吸力手持吸塵器                                            
1141231GF0000001,2QG                 ,2.0,35.0,罐   ,15.0,35.0,100.0,1.0,電瓶水                                                         
1141219GF0000001,NOIDNRMG22          ,1.0,350.0,支   ,100.0,350.0,100.0,2.0,NOID三節雨刷 22吋                                                
1141222GF0000001,FAGEUW1.4           ,1.0,450.0,捲   ,180.0,450.0,100.0,1.0,氣密式隔音條1.4                                                   
1141222GF0000001,RET5                ,1.0,750.0,各   ,350.0,750.0,100.0,2.0,佳固車罩                                                        
1141222GF0000001,RSEN66ZVQW          ,1.0,600.0,條   ,250.0,600.0,100.0,3.0,RSEN-66方向盤套                                                 
1141222GF0000001,EY                  ,1.0,300.0,次   ,0.0,300.0,100.0,4.0,工資                                                          
1141223GF0000001,FAGEUW1.4           ,1.0,450.0,捲   ,180.0,450.0,100.0,6.0,氣密式隔音條1.4                                                   
1141223GF0000001,PNSHDS04            ,1.0,699.0,組   ,380.0,699.0,100.0,7.0,機車避震八爪固定手機架                                                 
1141223GF0000001,PNSHDS04-C          ,1.0,250.0,組   ,80.0,250.0,100.0,8.0,機車手機架遮陽帽蓋                                                   
1141223GF0000001,VBDC1MGR2000ML      ,1.0,350.0,罐   ,95.0,350.0,100.0,4.0,向日葵強效清晰防護雨刷精[車牌]                                          
1141223GF0000001,EY                  ,1.0,300.0,次   ,0.0,300.0,100.0,2.0,工資                                                          
1141223GF0000001,G2DE                ,1.0,150.0,各   ,80.0,150.0,100.0,9.0,水滴開關                                                        
1141224GF0000001,UX0GVR              ,1.0,250.0,罐   ,80.0,250.0,100.0,1.0,亞力安水箱精                                                      
1141224GF0000001,ABROGV5X            ,1.0,350.0,罐   ,80.0,350.0,100.0,2.0,ABRO水箱止漏劑                                                   
1141225GF0000001,G74435630           ,1.0,850.0,卡   ,240.0,850.0,100.0,3.0,7443後煞車燈 魚眼10各5630                                          
1141225GF0000001,ZEROVRMG18          ,1.0,647.0,支   ,325.0,647.0,100.0,4.0,ZERO矽膠雨刷18吋                                                 
1141225GF0000001,ZEROVRMG22G         ,1.0,1000.0,支   ,350.0,1000.0,100.0,5.0,ZERO矽膠雨刷22吋                                                 
1141225GF0000001,PNSP06              ,1.0,150.0,各   ,30.0,150.0,100.0,2.0,三層波浪洗車海綿                                                    
1141226GF0000001,ZEROVRMG16          ,1.0,800.0,支   ,325.0,800.0,100.0,1.0,ZERO矽膠雨刷16吋                                                 
1141226GF0000001,ZEROVRMG26          ,1.0,1000.0,支   ,415.0,1000.0,100.0,2.0,ZERO 26吋矽膠雨刷                                                
1141226GF0000001,NOIDNRMG24          ,1.0,400.0,支   ,100.0,400.0,100.0,3.0,NOID三節雨刷 24吋                                                
1141229GF0000001,IN312835GS2         ,1.0,400.0,組   ,180.0,400.0,100.0,1.0,IN31AL-2835 6顆LED室內燈 白光 歐規                                  
1141230GF0000001,RSENUE18HMG         ,1.0,200.0,支   ,70.0,200.0,100.0,3.0,RSEN硬骨18吋雨刷                                                 
1141230GF0000001,RSENUEMG20H         ,1.0,250.0,各   ,70.0,250.0,100.0,4.0,RSEN硬骨20吋雨刷                                                 
1141230GF0000001,DAW510*50           ,1.0,135.0,張   ,20.0,135.0,100.0,5.0,卡夢貼紙10*50cm                                                 
1141231GF0000001,NOIDNRMG22          ,1.0,350.0,支   ,100.0,350.0,100.0,3.0,NOID三節雨刷 22吋                                                
1141231GF0000001,NOIDNRMG26          ,1.0,450.0,支   ,100.0,450.0,100.0,4.0,NOID三節雨刷 26吋                                                
1141230GF0000001,2QG                 ,2.0,35.0,罐   ,15.0,35.0,100.0,1.0,電瓶水                                                         
1150102GF0000001,G18.52Q             ,2.0,100.0,各   ,5.0,100.0,100.0,1.0,G18.5燈泡                                                     
1150102GF0000001,T10552              ,1.0,200.0,各   ,4.0,200.0,100.0,2.0,T10中炸彈                                                      
1150103GF0000001,04EAXFMT2Q          ,1.0,800.0,組   ,350.0,800.0,100.0,6.0,04冠美麗(兩片)晴雨窗                                                
1150103GF0000001,4RR2F               ,1.0,300.0,各   ,35.0,300.0,100.0,7.0,4角繼電器                                                       
1150103GF0000001,09M7C2E             ,2.0,1250.0,支   ,600.0,1250.0,100.0,3.0,09 M7後頂桿                                                    
1150103GF0000001,SP702               ,1.0,250.0,罐   ,110.0,250.0,100.0,4.0,SP-702電動窗潤滑劑                                                
1150103GF0000001,2VCQ2Q              ,2.0,100.0,各   ,10.0,100.0,100.0,1.0,單芯琥珀燈泡                                                      
1150105GF0000001,KMWTV               ,1.0,400.0,各   ,40.0,400.0,100.0,3.0,鱷魚頭出線                                                       
1150105GF0000001,EY                  ,1.0,400.0,次   ,0.0,400.0,100.0,4.0,工資                                                          
1150105GF0000001,CHEERS1540RU        ,2.0,350.0,罐   ,104.3,350.0,100.0,5.0,CHEERS 15/40機油                                              
1150105GF0000001,ABRORU5XR           ,1.0,500.0,罐   ,170.0,500.0,100.0,6.0,ABRO機油止漏劑                                                   
1150105GF0000001,VBDRWCX             ,1.0,319.0,罐   ,170.0,319.0,100.0,1.0,向日葵極透護蠟[車牌]                                                
1150105GF0000001,ZERO14VRMG          ,1.0,550.0,支   ,290.0,550.0,100.0,7.0,ZERO矽膠雨刷14吋                                                 
1150105GF0000001,ZEROVRMG20          ,1.0,1000.0,支   ,350.0,1000.0,100.0,8.0,ZERO矽膠雨刷20吋                                                 
1150106GF0000001,DAW510*50           ,1.0,150.0,張   ,20.0,150.0,100.0,3.0,卡夢貼紙10*50cm                                                 
1150106GF0000001,CXAZVQAWC           ,1.0,585.0,各   ,330.0,585.0,100.0,4.0,好力馬方向盤曼陀(黑)                                                 
1150106GF0000001,ZW                  ,1.0,5200.0,次   ,0.0,5200.0,100.0,5.0,廢鐵                                                          
1150106GF0000001,NOID12R             ,1.0,350.0,組   ,100.0,350.0,100.0,1.0,NOID 12晶室內燈                                                 
1150107GF0000001,EY                  ,1.0,1000.0,次   ,0.0,1000.0,100.0,1.0,工資                                                          
1150108GF0000001,NOIDNRMG16          ,1.0,250.0,支   ,100.0,250.0,100.0,1.0,NOID三節雨刷 16吋                                                
1150108GF0000001,RSEN90062TY         ,1.0,300.0,組   ,90.0,300.0,100.0,3.0,R[車牌]陶瓷座                                                
1150108GF0000001,F501TAZQW           ,1.0,399.0,捲   ,140.0,399.0,100.0,4.0,F501車門碰條                                                    
1150110GF0000001,16322T              ,1.0,130.0,各   ,45.0,130.0,100.0,1.0,1632電池                                                      
1150110GF0000001,ABTE084             ,1.0,750.0,各   ,450.0,750.0,100.0,2.0,90W鋅合金快充pD+QC3.0                                            
1150112GF0000001,S28WGDE             ,2.0,500.0,組   ,48.0,500.0,100.0,1.0,S-28貼式二段開關                                                  
1150113GF0000001,ZW2Y                ,1.0,1000.0,各   ,500.0,1000.0,100.0,3.0,豐田底座                                                        
1150108GF0000001,ZEROVRMG24          ,1.0,1000.0,支   ,415.0,1000.0,100.0,5.0,ZERO矽膠雨刷24吋                                                 
1150113GF0000001,929TX               ,1.0,150.0,罐   ,58.0,150.0,100.0,4.0,929粗蠟                                                       
1150113GF0000001,H16OSRAM2Q          ,1.0,400.0,組   ,280.0,400.0,100.0,1.0,H16 OSRAM霧燈燈泡                                               
1150114GF0000001,J00336              ,1.0,80.0,張   ,40.0,80.0,100.0,1.0,方格旗/立體                                                      
1150114GF0000001,F01062              ,1.0,40.0,張   ,20.0,40.0,100.0,2.0,寶利/二人/立體黑白                                                  
1150114GF0000001,M00199              ,1.0,200.0,張   ,80.0,200.0,100.0,3.0,藤原豆腐店(自家用)                                                  
1150115GF0000001,UX02XZVQU           ,1.0,350.0,罐   ,120.0,350.0,100.0,1.0,亞力安動力方向盤油                                                   
1150115GF0000001,NOIDNRMG14          ,1.0,250.0,支   ,100.0,250.0,100.0,2.0,NOID三節雨刷 14吋                                                
1150115GF0000001,NOIDNRMG24          ,1.0,450.0,支   ,100.0,450.0,100.0,3.0,NOID三節雨刷 24吋                                                
1150116GF0000001,R2CGR               ,1.0,500.0,組   ,200.0,500.0,100.0,3.0,01-06堅達後視鏡                                                  
1150116GF0000001,08ALTISTA1E2        ,1.0,700.0,組   ,220.0,700.0,100.0,4.0,08ALTIS長毛避光墊                                                
1150116GF0000001,709U11GRR           ,1.0,400.0,組   ,120.0,400.0,100.0,5.0,709儀表板手機架                                                   
1150116GF0000001,T10552              ,2.0,20.0,各   ,4.0,20.0,100.0,6.0,T10中炸彈                                                      
1150116GF0000001,500RTCW             ,1.0,650.0,組   ,100.0,650.0,100.0,1.0,[車牌]救車線(銅)                                                 
1150117GF0000001,AFL283578           ,1.0,500.0,組   ,81.8,500.0,100.0,2.0,軟條燈2835-78LED                                               
1150117GF0000001,J00350CMG           ,1.0,400.0,支   ,130.0,400.0,100.0,3.0,J00350後雨刷                                                   
1150117GF0000001,WF602Q              ,1.0,2500.0,各   ,1500.0,2500.0,100.0,1.0,湯淺60電瓶                                                      
1150119GF0000001,PEAKGVR             ,1.0,250.0,罐   ,100.0,250.0,100.0,1.0,PEAK 33%水箱精                                                 
1150119GF0000001,SENFINECOGV5XR      ,1.0,450.0,罐   ,150.0,450.0,100.0,2.0,西德SENFINECO水箱止漏劑                                            
1150119GF0000001,GV2Q                ,1.0,100.0,各   ,5.5,100.0,100.0,3.0,雙芯燈泡                                                        
1150119GF0000001,GN-293MGG           ,1.0,200.0,罐   ,60.0,200.0,100.0,4.0,GN-293雨刷水 1L                                                
1150119GF0000001,ABRO2QR             ,1.0,300.0,罐   ,75.0,300.0,100.0,5.0,ABRO墊片膠                                                     
1150120GF0000001,H7OSRARN2Q          ,1.0,400.0,各   ,75.0,400.0,100.0,1.0,H7 OSRARN燈泡                                                 
1150120GF0000001,CHEERS1540RU        ,1.0,350.0,罐   ,104.2,350.0,100.0,2.0,CHEERS 15/40機油                                              
1150120GF0000001,T202VCQ             ,1.0,100.0,各   ,28.0,100.0,100.0,3.0,T20單芯琥珀                                                     
1150121GF0000001,AFL283578           ,1.0,500.0,組   ,81.8,500.0,100.0,1.0,軟條燈2835-78LED                                               
1150121GF0000001,GVE1.12             ,1.0,250.0,各   ,100.0,250.0,100.0,2.0,水箱蓋1.1(大小頭)                                                 
1150122GF0000001,SAXO1040            ,1.0,400.0,罐   ,120.0,400.0,100.0,1.0,SAXO 10W/40機油                                               
1150122GF0000001,H3OSRAM2Q           ,2.0,300.0,各   ,45.0,300.0,100.0,2.0,H3 OSARM 55W燈泡                                              
1150123GF0000001,GRGS2               ,1.0,20.0,各   ,2.0,20.0,100.0,3.0,雙尖室內燈                                                       
1150123GF0000001,KMWTV               ,1.0,200.0,各   ,40.0,200.0,100.0,4.0,鱷魚頭出線                                                       
1150123GF0000001,1MT5D               ,1.0,2000.0,組   ,1250.0,2000.0,100.0,1.0,白雲防水車罩-C D                                                  
1150126GF0000001,H422                ,1.0,150.0,各   ,35.0,150.0,100.0,3.0,H4大燈燈泡 55W                                                  
1150126GF0000001,T10552              ,2.0,20.0,各   ,4.0,20.0,100.0,4.0,T10中炸彈                                                      
1150126GF0000001,ACP301              ,1.0,350.0,各   ,100.0,350.0,100.0,1.0,ACP-301室內鏡                                                  
1150127GF0000001,NOIDNRMG16          ,1.0,250.0,支   ,100.0,250.0,100.0,1.0,NOID三節雨刷 16吋                                                
1150127GF0000001,NOIDNRMG24          ,1.0,400.0,支   ,100.0,400.0,100.0,2.0,NOID三節雨刷 24吋                                                
1150128GF0000001,EY                  ,1.0,100.0,次   ,0.0,100.0,100.0,5.0,工資                                                          
1150202GF0000001,EY                  ,1.0,100.0,次   ,0.0,100.0,100.0,1.0,工資                                                          
1150202GF0000001,SP702               ,1.0,250.0,罐   ,110.0,250.0,100.0,2.0,SP-702電動窗潤滑劑                                                
1150203GF0000001,ZEROVRMG16          ,1.0,700.0,支   ,325.0,700.0,100.0,4.0,ZERO矽膠雨刷16吋                                                 
1150203GF0000001,ZEROVRMG24          ,1.0,900.0,支   ,415.0,900.0,100.0,5.0,ZERO矽膠雨刷24吋                                                 
1150203GF0000001,T10552              ,5.0,20.0,各   ,4.0,20.0,100.0,1.0,T10中炸彈                                                      
1150203GF0000001,PNSHDF42            ,1.0,400.0,組   ,140.0,400.0,100.0,2.0,磁吸式4~7吋手機架                                                  
1150204GF0000001,DAW510*50           ,1.0,135.0,張   ,20.0,135.0,100.0,4.0,卡夢貼紙10*50cm                                                 
1150204GF0000001,RSENEFFVR           ,1.0,200.0,罐   ,75.0,200.0,100.0,5.0,RSEN鋼圈清洗劑                                                   
1150204GF0000001,UADVTR              ,1.0,200.0,罐   ,60.0,200.0,100.0,6.0,優馬克洗車精                                                      
1150204GF0000001,TAD013              ,1.0,1150.0,組   ,600.0,1150.0,100.0,1.0,象王5T千斤頂                                                     
1150204GF0000001,TXWEYY              ,1.0,350.0,組   ,180.0,350.0,100.0,2.0,拆輪胎工具組                                                      
1150205GF0000001,RSENGVR             ,1.0,200.0,罐   ,80.0,200.0,100.0,1.0,RSEN水箱精                                                     
1150205GF0000001,GV2Q                ,1.0,20.0,各   ,5.5,20.0,100.0,2.0,雙芯燈泡                                                        
1150206GF0000001,ABTA038EW5          ,2.0,359.0,各   ,200.0,359.0,100.0,1.0,ABT-A038透氣慢回彈骨頭枕頭枕                                          
1150206GF0000001,5Y5T1CVU15A         ,1.0,2999.0,組   ,250.0,2999.0,100.0,2.0,追蹤者T1後顯影頭線組                                                 
1150207GF0000001,CARMATGTU2          ,1.0,400.0,罐   ,130.0,400.0,100.0,1.0,CARMAT煞車油(大)                                                
1150209GF0000001,RSENS25692V5R1      ,1.0,999.0,組   ,450.0,999.0,100.0,1.0,RSEN S25 69燈防快閃單芯正角白                                        
1150209GF0000001,3D1F1               ,1.0,250.0,支   ,90.0,250.0,100.0,2.0,3D補漆筆                                                       
1150209GF0000001,ZJTUA               ,1.0,300.0,罐   ,75.0,300.0,100.0,3.0,防霧除油膜                                                       
1150210GF0000001,J00345              ,1.0,400.0,支   ,130.0,400.0,100.0,1.0,j0[車牌]A後雨刷                                              
1150211GF0000001,302DTV              ,1.0,350.0,組   ,140.0,350.0,100.0,13.0,302快充線                                                      
1150211GF0000001,MP3XUXW             ,1.0,999.0,組   ,520.0,999.0,100.0,14.0,樂團FM藍芽音樂播放器                                                 
1150211GF0000001,J00336              ,1.0,80.0,張   ,40.0,80.0,100.0,9.0,方格旗/立體                                                      
1150211GF0000001,YH9357              ,1.0,250.0,卡   ,100.0,250.0,100.0,10.0,溫度計+濕度計                                                     
1150211GF0000001,VBDXWG              ,1.0,300.0,各   ,120.0,300.0,100.0,11.0,向日葵輪胎刷                                                      
1150211GF0000001,EY                  ,1.0,700.0,次   ,0.0,700.0,100.0,15.0,工資                                                          
1150211GF0000001,O00135              ,1.0,200.0,組   ,100.0,200.0,100.0,16.0,PORSCHE-風嘴帽(四入)                                             
1150211GF0000001,ZEROVRMG18          ,1.0,800.0,支   ,325.0,800.0,100.0,4.0,ZERO矽膠雨刷18吋                                                 
1150211GF0000001,ZEROVRMG24          ,1.0,1000.0,支   ,415.0,1000.0,100.0,5.0,ZERO矽膠雨刷24吋                                                 
1150211GF0000001,VBDSAA1X            ,1.0,499.0,罐   ,250.0,499.0,100.0,6.0,向日葵奈米美白蠟                                                    
1150211GF0000001,GN-293MGG           ,1.0,200.0,罐   ,60.0,200.0,100.0,7.0,GN-293雨刷水 1L                                                
1150212GF0000001,VBDSAA1X            ,1.0,500.0,罐   ,250.0,500.0,100.0,6.0,向日葵奈米美白蠟                                                    
1150212GF0000001,2XAF                ,1.0,100.0,組   ,68.0,100.0,100.0,7.0,打蠟棉球                                                        
1150211GF0000001,VXTWAF5             ,1.0,300.0,組   ,95.0,300.0,100.0,1.0,休旅車透明前遮                                                     
1150211GF0000001,JOHNSE2XZVQU        ,1.0,250.0,罐   ,115.0,250.0,100.0,2.0,JOHNSEN 止漏行動力方向盤油                                           
1150212GF0000001,2FWBE               ,1.0,200.0,各   ,100.0,200.0,100.0,8.0,打氣頭軟管                                                       
1150212GF0000001,NRCNCW2             ,2.0,150.0,片   ,68.0,150.0,100.0,4.0,四角黑色踏墊(厚)                                                   
1150212GF0000001,15ZINGER            ,1.0,699.0,組   ,220.0,699.0,100.0,1.0,15ZINGER長毛避光墊                                               
1150212GF0000001,RSEN61              ,1.0,550.0,條   ,180.0,550.0,100.0,2.0,RSEN-61方向盤套(黑藍)                                             
1150213GF0000001,T10552              ,5.0,20.0,各   ,4.0,20.0,100.0,3.0,T10中炸彈                                                      
1150213GF0000001,NOIDNRMG18          ,1.0,250.0,支   ,100.0,250.0,100.0,4.0,NOID三節雨刷 18吋                                                
1150213GF0000001,NOIDNRMG24          ,1.0,350.0,支   ,100.0,350.0,100.0,5.0,NOID三節雨刷 24吋                                                
1150213GF0000001,ZJTUA               ,2.0,300.0,罐   ,75.0,300.0,100.0,6.0,防霧除油膜                                                       
1150213GF0000001,DH5219EZWV          ,1.0,300.0,組   ,120.0,300.0,100.0,7.0,DH-521 9公分天線                                                
1150213GF0000001,7609QFE             ,1.0,1000.0,組   ,300.0,1000.0,100.0,1.0,7609排氣管                                                     
1150214GF0000001,EVEW2               ,1.0,585.0,組   ,280.0,585.0,100.0,4.0,EVE踏墊                                                       
1150214GF0000001,PS301GS2            ,1.0,300.0,各   ,100.0,300.0,100.0,5.0,PS-301室內鏡                                                   
1150214GF0000001,NOIDNRMG16          ,2.0,250.0,支   ,100.0,250.0,100.0,6.0,NOID三節雨刷 16吋                                                
1150214GF0000001,NOIDNRMG26          ,2.0,450.0,支   ,100.0,450.0,100.0,7.0,NOID三節雨刷 26吋                                                
1150214GF0000001,PEAKGVR             ,1.0,250.0,罐   ,100.0,250.0,100.0,8.0,PEAK 33%水箱精                                                 
1150214GF0000001,J00345              ,1.0,400.0,支   ,130.0,400.0,100.0,9.0,j0[車牌]A後雨刷                                              
1150214GF0000001,J00346              ,1.0,400.0,支   ,130.0,400.0,100.0,10.0,J00346後雨刷 WISH                                              
1150214GF0000001,ZEROVRMG16          ,1.0,800.0,支   ,325.0,800.0,100.0,11.0,ZERO矽膠雨刷16吋                                                 
1150214GF0000001,GN-293MGG           ,1.0,200.0,罐   ,60.0,200.0,100.0,12.0,GN-293雨刷水 1L                                                
1150214GF0000001,ZEROVRMG26          ,1.0,1000.0,支   ,415.0,1000.0,100.0,13.0,ZERO 26吋矽膠雨刷                                                
1150214GF0000001,RSENUE18HMG         ,2.0,150.0,支   ,70.0,150.0,100.0,1.0,RSEN硬骨18吋雨刷                                                 
1150214GF0000001,G185630             ,1.0,600.0,卡   ,230.0,600.0,100.0,2.0,G18-魚眼5630-10顆 白光 2入                                        
1150214GF0000001,T10552              ,1.0,100.0,各   ,4.0,100.0,100.0,14.0,T10中炸彈                                                      
1150216GF0000001,REVXTT5             ,1.0,900.0,組   ,480.0,900.0,100.0,1.0,佳固休旅車車罩                                                     
1150216GF0000001,KH-8281WERY         ,1.0,300.0,組   ,120.0,300.0,100.0,2.0,KH-828補胎工具組                                                 
1150221GF0000001,ERQ602Q             ,1.0,2600.0,各   ,1900.0,2600.0,100.0,1.0,國際牌60電瓶                                                     
1150221GF0000001,500RTCW             ,1.0,650.0,組   ,100.0,650.0,100.0,2.0,[車牌]救車線(銅)                                                 
1150221GF0000001,SF0028A1D           ,1.0,100.0,組   ,40.0,100.0,100.0,3.0,SF-0028門邊扣                                                  
1150223GF0000001,2DR                 ,1.0,500.0,各   ,199.0,500.0,100.0,3.0,讀卡機                                                         
1150223GF0000001,RSENH112TY          ,1.0,250.0,組   ,90.0,250.0,100.0,4.0,RSEN H11陶瓷座                                                 
1150223GF0000001,EY                  ,1.0,1000.0,次   ,0.0,1000.0,100.0,1.0,工資                                                          
1150224GF0000001,RSENGR16R           ,1.0,350.0,組   ,80.0,350.0,100.0,1.0,RSEN雙尖室內燈16晶(31mm)                                          
1150224GF0000001,G2VY                ,1.0,400.0,組   ,200.0,400.0,100.0,2.0,水滴線組                                                        
1150224GF0000001,EY                  ,1.0,2000.0,次   ,0.0,2000.0,100.0,3.0,工資                                                          
1150224GF0000001,R2F                 ,1.0,600.0,組   ,35.0,600.0,100.0,4.0,繼電器                                                         
1150302GF0000001,VBDVTX1000ML        ,1.0,200.0,罐   ,50.0,200.0,100.0,3.0,向日葵汽車洗車蠟[車牌]                                              
1150302GF0000001,ABT-E711TT          ,1.0,299.0,各   ,118.2,299.0,100.0,4.0,ABT-E711B車用快充 PD+QC3.0                                      
1150302GF0000001,H1135W22Q           ,2.0,250.0,各   ,90.0,250.0,100.0,1.0,H11 55W 燈泡                                                  
1150303GF0000001,UADFTAADZCQW        ,1.0,350.0,組   ,95.0,350.0,100.0,1.0,悠馬克汽車門檻防護貼條 4入裝                                             
1150303GF0000001,AXJ                 ,1.0,499.0,罐   ,250.0,499.0,100.0,2.0,魔臘王                                                         
1150303GF0000001,2XAF                ,1.0,130.0,組   ,68.0,130.0,100.0,3.0,打蠟棉球                                                        
1150304GF0000001,EY                  ,1.0,500.0,次   ,0.0,500.0,100.0,4.0,工資                                                          
1150304GF0000001,H7OSRARN2Q          ,1.0,300.0,各   ,75.0,300.0,100.0,5.0,H7 OSRARN燈泡                                                 
1150304GF0000001,RSENT104R10         ,1.0,300.0,卡   ,80.0,300.0,100.0,6.0,RSEN T10 10晶片                                               
1150304GF0000001,8891-AEUX1          ,1.0,1500.0,組   ,650.0,1500.0,100.0,1.0,889-A高音喇叭                                                   
1150304GF0000001,X1VY                ,1.0,500.0,組   ,120.0,500.0,100.0,2.0,喇叭線組                                                        
1150302GF0000001,SF014               ,1.0,100.0,組   ,40.0,100.0,100.0,5.0,通用型固定扣                                                      
1150303GF0000001,CVWVJC1             ,1.0,600.0,組   ,192.0,600.0,100.0,4.0,後廂碳纖維保護板                                                    
1150305GF0000001,EY                  ,1.0,300.0,次   ,0.0,300.0,100.0,3.0,工資                                                          
1150305GF0000001,NOIDNRMG16          ,1.0,200.0,支   ,100.0,200.0,100.0,4.0,NOID三節雨刷 16吋                                                
1150305GF0000001,NOIDNRMG24          ,1.0,400.0,支   ,100.0,400.0,100.0,5.0,NOID三節雨刷 24吋                                                
1150305GF0000001,SF0016              ,1.0,100.0,卡   ,36.0,100.0,100.0,1.0,通用型固定扣                                                      
1150307GF0000001,GV2Q                ,1.0,20.0,各   ,5.5,20.0,100.0,1.0,雙芯燈泡                                                        
1150307GF0000001,15FCOUSTA1E2        ,1.0,699.0,組   ,300.0,699.0,100.0,2.0,15FCOUS長毛避光墊                                                
1150309GF0000001,PNSCS002RUAU1E2     ,1.0,600.0,各   ,210.0,600.0,100.0,2.0,記憶棉椅背靠墊(腰靠)                                                 
1150310GF0000001,PNSS36              ,1.0,450.0,組   ,190.0,450.0,100.0,3.0,三孔點菸器+3USB(TYPE-R)                                          
1150310GF0000001,T10552              ,1.0,30.0,各   ,4.0,30.0,100.0,4.0,T10中炸彈                                                      
1150311GF0000001,A12XGW1CM           ,1.0,500.0,捲   ,180.0,500.0,100.0,1.0,門邊鍍烙飾條10公尺(1CM)                                             
1150311GF0000001,RVXGY2              ,2.0,400.0,各   ,125.0,400.0,100.0,2.0,機械涼爽L座墊                                                     
1150312GF0000001,RSENT104R10         ,1.0,300.0,卡   ,80.0,300.0,100.0,4.0,RSEN T10 10晶片                                               
1150312GF0000001,PNSS36              ,1.0,499.0,組   ,190.0,499.0,100.0,5.0,三孔點菸器+3USB(TYPE-R)                                          
1150312GF0000001,1VNV                ,2.0,20.0,各   ,2.0,20.0,100.0,1.0,保險絲(小)                                                      
1150312GF0000001,S27CTYZ1VNY         ,1.0,250.0,組   ,58.0,250.0,100.0,2.0,S27圓形保險絲母頭座                                                 
1150313GF0000001,SP702               ,1.0,250.0,罐   ,110.0,250.0,100.0,3.0,SP-702電動窗潤滑劑                                                
1150313GF0000001,ABRORU5XR           ,1.0,550.0,罐   ,170.0,550.0,100.0,4.0,ABRO機油止漏劑                                                   
1150313GF0000001,2V2Q                ,2.0,30.0,各   ,5.0,30.0,100.0,1.0,單芯燈泡                                                        
1150314GF0000001,2V2Q                ,1.0,20.0,各   ,5.0,20.0,100.0,1.0,單芯燈泡                                                        
1150314GF0000001,EY                  ,1.0,300.0,次   ,0.0,300.0,100.0,2.0,工資                                                          
1150316GF0000001,ZERO14VRMG          ,1.0,700.0,支   ,290.0,700.0,100.0,1.0,ZERO矽膠雨刷14吋                                                 
1150317GF0000001,C5590WABX           ,1.0,399.0,罐   ,188.0,399.0,100.0,5.0,黑珍珠 90天美容蠟                                                  
1150317GF0000001,2XAF                ,1.0,130.0,組   ,68.0,130.0,100.0,6.0,打蠟棉球                                                        
1150317GF0000001,6BCA                ,0.5,150.0,包   ,38.0,150.0,100.0,7.0,6入海棉                                                        
1150317GF0000001,ABTE040             ,1.0,1200.0,組   ,580.0,1200.0,100.0,3.0,ABT-E040Q3.0黑(3孔4USB)                                       
1150317GF0000001,HY662               ,2.0,1000.0,組   ,520.0,1000.0,100.0,8.0,HY-662簡便連結式椅套                                               
1150317GF0000001,13ALTISTA1E2        ,1.0,800.0,組   ,220.0,800.0,100.0,1.0,13ALTIS長毛避光墊                                                
1150318GF0000001,UADVTR              ,1.0,200.0,罐   ,60.0,200.0,100.0,6.0,優馬克洗車精                                                      
1150318GF0000001,PNSP05              ,1.0,79.0,各   ,30.0,79.0,100.0,7.0,超耐洗方形洗車海綿                                                   
1150318GF0000001,30A1VNY             ,1.0,100.0,各   ,25.0,100.0,100.0,4.0,30A保險絲                                                      
1150319GF0000001,PNSHDF20            ,1.0,400.0,組   ,160.0,400.0,100.0,1.0,4.7吋機械式手臂手機架                                                
1150318GF0000001,12CRV5MMG           ,1.0,850.0,組   ,230.0,850.0,100.0,2.0,12CRV專用雨刷(16+26)                                            
1150319GF0000001,12EAXTA1E2          ,1.0,600.0,組   ,210.0,600.0,100.0,2.0,12冠美麗長毛避光墊                                                  
1150319GF0000001,32G                 ,1.0,550.0,各   ,250.0,550.0,100.0,3.0,32G卡片                                                       
1150319GF0000001,929TX               ,1.0,150.0,罐   ,58.0,150.0,100.0,4.0,929粗蠟                                                       
1150319GF0000001,NOIDNRMG16          ,1.0,300.0,支   ,100.0,300.0,100.0,5.0,NOID三節雨刷 16吋                                                
1150319GF0000001,NOIDNRMG26          ,1.0,450.0,支   ,100.0,450.0,100.0,6.0,NOID三節雨刷 26吋                                                
1150321GF0000001,RSEN57ZVQW          ,1.0,600.0,組   ,250.0,600.0,100.0,1.0,RSEN 57方向盤套                                                 
1150323GF0000001,DAW510*50           ,1.0,135.0,張   ,20.0,135.0,100.0,1.0,卡夢貼紙10*50cm                                                 
1150323GF0000001,H1135W22Q           ,2.0,250.0,各   ,90.0,250.0,100.0,2.0,H11 55W 燈泡                                                  
1150324GF0000001,T10552              ,1.0,20.0,各   ,4.0,20.0,100.0,1.0,T10中炸彈                                                      
1150326GF0000001,ABT-E711TT          ,1.0,300.0,各   ,118.2,300.0,100.0,1.0,ABT-E711B車用快充 PD+QC3.0                                      
1150327GF0000001,K00394              ,1.0,100.0,朝   ,50.0,100.0,100.0,3.0,保持距離以策安全                                                    
1150327GF0000001,K00281              ,1.0,100.0,張   ,50.0,100.0,100.0,4.0,火焰/藍紅                                                       
1150328GF0000001,NOIDNRMG24          ,1.0,400.0,支   ,100.0,400.0,100.0,1.0,NOID三節雨刷 24吋                                                
1150328GF0000001,NOIDNRMG14          ,1.0,250.0,支   ,100.0,250.0,100.0,2.0,NOID三節雨刷 14吋                                                
1150330GF0000001,SAXO5W50            ,1.0,600.0,罐   ,220.0,600.0,100.0,1.0,SAXO 5W/50機油                                                
1150401GF0000001,VXTWAF5             ,1.0,300.0,組   ,95.0,300.0,100.0,1.0,休旅車透明前遮                                                     
1150401GF0000001,3D1F1               ,1.0,250.0,支   ,90.0,250.0,100.0,2.0,3D補漆筆                                                       
1150403GF0000001,ZEROVRMG20          ,1.0,950.0,支   ,350.0,950.0,100.0,7.0,ZERO矽膠雨刷20吋                                                 
1150403GF0000001,SAXO5W50            ,2.0,650.0,罐   ,220.0,650.0,100.0,8.0,SAXO 5W/50機油                                                
1150403GF0000001,XW2FRNO193841       ,1.0,1500.0,組   ,950.0,1500.0,100.0,5.0,NO:193841專業打氣機                                              
1150403GF0000001,V52                 ,2.0,20.0,各   ,3.0,20.0,100.0,9.0,小炸彈                                                         
1150403GF0000001,GVE0.9              ,1.0,250.0,各   ,110.0,250.0,100.0,3.0,水箱蓋0.9                                                      
1150406GF0000001,2V2Q                ,1.0,100.0,各   ,5.0,100.0,100.0,2.0,單芯燈泡                                                        
1150406GF0000001,EY                  ,1.0,400.0,次   ,0.0,400.0,100.0,3.0,工資                                                          
1150407GF0000001,H424V222Q           ,2.0,250.0,組   ,0.0,250.0,100.0,1.0,H4 24V大燈燈泡                                                  
1150407GF0000001,EY                  ,1.0,500.0,次   ,0.0,500.0,100.0,2.0,工資                                                          
1150409GF0000001,J00342              ,1.0,400.0,支   ,130.0,400.0,100.0,3.0,J00342後雨刷 LEXUS                                             
1150409GF0000001,ZEROVRMG18          ,1.0,800.0,支   ,325.0,800.0,100.0,4.0,ZERO矽膠雨刷18吋                                                 
1150409GF0000001,ZEROVRMG24          ,1.0,1000.0,支   ,415.0,1000.0,100.0,5.0,ZERO矽膠雨刷24吋                                                 
1150409GF0000001,PNSHDF29            ,1.0,350.0,組   ,130.0,350.0,100.0,1.0,磁吸式 常感出風口手機架                                                
1150410GF0000001,32G                 ,1.0,550.0,各   ,250.0,550.0,100.0,3.0,32G卡片                                                       
1150410GF0000001,ABROCRYXX           ,1.0,450.0,罐   ,180.0,450.0,100.0,4.0,ABRO黃金棕梠乳蠟                                                  
1150410GF0000001,8H2XAW              ,1.0,150.0,組   ,70.0,150.0,100.0,5.0,8吋打蠟棉套                                                      
1150410GF0000001,HG-019              ,1.0,300.0,罐   ,130.0,300.0,100.0,6.0,向日葵真皮皮革綿羊油[車牌]                                             
1150411GF0000001,RSENT10MU6R         ,1.0,350.0,卡   ,120.0,350.0,100.0,1.0,RSEN T10魚眼 6晶 CANBUS                                        
1150411GF0000001,C55GXCMR            ,1.0,300.0,罐   ,105.0,300.0,100.0,2.0,黑珍珠朔料還原劑                                                    
1150413GF0000001,T202VCQ             ,1.0,100.0,各   ,28.0,100.0,100.0,1.0,T20單芯琥珀                                                     
