casno,cdate,ctime,stockno,tot,tot1,apcost,note1,cusno,busno,rtax,mtax,repno,tot2,type,cardno,kind,smoney,mon1,cas,yn,timea,toacc,busno1
1090731GF0000001,2020-07-31 00:00:00,2[電話] 17:51:02      ,GF ,4600.0,4600.0,2910.0,                                                  ,CUS_00587,1,0.0,0.0,                ,0.0,現金  ,,一般  ,0.0,4600.0,0.0,否 ,[已隱蔽],,2.0
1090804GF0000001,2020-08-04 00:00:00,2[電話] 13:19:25      ,GF ,4350.0,4350.0,2530.0,,CUS_00587,1,0.0,0.0,                ,0.0,現金  ,,一般  ,0.0,4350.0,0.0,否 ,[已隱蔽],,2.0
1090805GF0000001,2020-08-05 00:00:00,2[電話] 09:45:06      ,GF ,7770.0,7770.0,4480.0,,CUS_00587,1,0.0,0.0,                ,0.0,現金  ,,一般  ,0.0,7770.0,0.0,否 ,[已隱蔽],,
1090807GF0000001,2020-08-07 00:00:00,2[電話] 09:33:40      ,GF ,1750.0,1750.0,685.0,,CUS_00587,1,0.0,0.0,                ,0.0,現金  ,,一般  ,0.0,1750.0,0.0,否 ,[已隱蔽],,
1090808GF0000001,2020-08-08 00:00:00,2[電話] 16:39:33      ,GF ,7500.0,7500.0,3050.0,,CUS_00587,1,0.0,0.0,                ,0.0,現金  ,,一般  ,0.0,7500.0,0.0,否 ,[已隱蔽],,1.0
1090811GF0000001,2020-08-11 00:00:00,2[電話] 09:31:32      ,GF ,4400.0,4400.0,1370.0,,CUS_00587,1,0.0,0.0,                ,0.0,現金  ,,一般  ,0.0,4400.0,0.0,否 ,[已隱蔽],,
1090812GF0000001,2020-08-12 00:00:00,2[電話] 12:22:05      ,GF ,2800.0,2800.0,1400.0,,CUS_00587,1,0.0,0.0,                ,0.0,現金  ,,一般  ,0.0,2800.0,0.0,否 ,[已隱蔽],,
1090814GF0000001,2020-08-14 00:00:00,2[電話] 12:02:02      ,GF ,5350.0,5350.0,1100.0,,CUS_00587,1,0.0,0.0,                ,0.0,現金  ,,一般  ,0.0,5350.0,0.0,否 ,[已隱蔽],,
1090814GF0000002,2020-08-14 00:00:00,2[電話] 12:03:40      ,GF ,6050.0,6050.0,4585.0,,CUS_00587,1,0.0,0.0,                ,0.0,現金  ,,一般  ,0.0,6050.0,0.0,否 ,[已隱蔽],,1.0
1090815GF0000001,2020-08-15 00:00:00,2[電話] 10:50:23      ,GF ,5300.0,5300.0,3200.0,,CUS_00587,1,0.0,0.0,                ,0.0,現金  ,,一般  ,0.0,5300.0,0.0,否 ,[已隱蔽],,1.0
1090817GF0000001,2020-08-17 00:00:00,2[電話] 10:10:35      ,GF ,7600.0,7600.0,4450.0,,CUS_00587,1,0.0,0.0,                ,0.0,現金  ,,一般  ,0.0,7600.0,0.0,否 ,[已隱蔽],,1.0
1090818GF0000001,2020-08-18 00:00:00,2[電話] 14:42:21      ,GF ,5100.0,5100.0,1910.0,,CUS_00587,1,0.0,0.0,                ,0.0,現金  ,,一般  ,0.0,5100.0,0.0,否 ,[已隱蔽],,1.0
1090820GF0000001,2020-08-20 00:00:00,2[電話] 10:03:53      ,GF ,2750.0,2750.0,913.0,,CUS_00587,1,0.0,0.0,                ,0.0,現金  ,,一般  ,0.0,2750.0,0.0,否 ,[已隱蔽],,
1090824GF0000001,2020-08-24 00:00:00,2[電話] 09:52:36      ,GF ,5700.0,5700.0,2251.0,,CUS_00587,1,0.0,0.0,                ,0.0,現金  ,,一般  ,0.0,5700.0,0.0,否 ,[已隱蔽],,
1090824GF0000002,2020-08-24 00:00:00,2[電話] 10:02:00      ,GF ,7739.0,7739.0,2487.3,,CUS_00587,1,0.0,0.0,                ,0.0,現金  ,,一般  ,0.0,7739.0,0.0,否 ,[已隱蔽],,
1090824GF0000003,2020-08-24 00:00:00,2[電話] 15:40:26      ,GF ,1600.0,1600.0,700.0,,CUS_00587,1,0.0,0.0,                ,0.0,現金  ,,一般  ,0.0,1600.0,0.0,否 ,[已隱蔽],,
1090825GF0000001,2020-08-25 00:00:00,2[電話] 09:43:53      ,GF ,1000.0,1000.0,400.0,,CUS_00587,1,0.0,0.0,                ,0.0,現金  ,,一般  ,0.0,1000.0,0.0,否 ,[已隱蔽],,
1090826GF0000001,2020-08-26 00:00:00,2[電話] 15:53:11      ,GF ,3350.0,3350.0,1046.0,,CUS_00587,1,0.0,0.0,                ,0.0,現金  ,,一般  ,0.0,3350.0,0.0,否 ,[已隱蔽],,
1090827GF0000001,2020-08-27 00:00:00,2[電話] 09:43:15      ,GF ,3580.0,3580.0,1140.0,,CUS_00587,1,0.0,0.0,                ,0.0,現金  ,,一般  ,0.0,3580.0,0.0,否 ,[已隱蔽],,1.0
1090828GF0000001,2020-08-28 00:00:00,2[電話] 11:44:53      ,GF ,2780.0,2780.0,1451.0,,CUS_00587,1,0.0,0.0,                ,0.0,現金  ,,一般  ,0.0,2780.0,0.0,否 ,[已隱蔽],,
1090829GF0000001,2020-08-29 00:00:00,2[電話] 10:29:11      ,GF ,3850.0,3850.0,720.0,,CUS_00587,1,0.0,0.0,                ,0.0,現金  ,,一般  ,0.0,3850.0,0.0,否 ,[已隱蔽],,
1090831GF0000001,2020-08-31 00:00:00,2[電話] 10:26:31      ,GF ,1430.0,1430.0,503.0,,CUS_00587,1,0.0,0.0,                ,0.0,現金  ,,一般  ,0.0,1430.0,0.0,否 ,[已隱蔽],,
1090902GF0000001,2020-09-02 00:00:00,2[電話] 10:13:30      ,GF ,6800.0,6800.0,2194.0,,CUS_00587,1,0.0,0.0,                ,0.0,現金  ,,一般  ,0.0,6800.0,0.0,否 ,[已隱蔽],,
1090903GF0000002,2020-09-03 00:00:00,2[電話] 11:42:35      ,GF ,2300.0,2300.0,920.0,,CUS_00587,1,0.0,0.0,                ,0.0,現金  ,,一般  ,0.0,2300.0,0.0,否 ,[已隱蔽],,
1090904GF0000001,2020-09-04 00:00:00,2[電話] 10:03:00      ,GF ,1550.0,1550.0,605.0,,CUS_00587,1,0.0,0.0,                ,0.0,現金  ,,一般  ,0.0,1550.0,0.0,否 ,[已隱蔽],,
1090907GF0000001,2020-09-07 00:00:00,2[電話] 10:18:09      ,GF ,6700.0,6700.0,1950.0,,CUS_00587,1,0.0,0.0,                ,0.0,現金  ,,一般  ,0.0,6700.0,0.0,否 ,[已隱蔽],,
1090917GF0000001,2020-09-17 00:00:00,2[電話] 09:46:32      ,GF ,1985.0,1985.0,675.0,,CUS_00587,1,0.0,0.0,                ,0.0,現金  ,,一般  ,0.0,1985.0,0.0,否 ,[已隱蔽],,
1090908GF0000001,2020-09-08 00:00:00,2[電話] 11:41:02      ,GF ,950.0,950.0,350.0,,CUS_00587,1,0.0,0.0,                ,0.0,現金  ,,一般  ,0.0,950.0,0.0,否 ,[已隱蔽],,
1090909GF0000001,2020-09-09 00:00:00,2[電話] 10:00:17      ,GF ,2638.0,2638.0,1026.0,,CUS_00587,1,0.0,0.0,                ,0.0,現金  ,,一般  ,0.0,2638.0,0.0,否 ,[已隱蔽],,
1090910GF0000001,2020-09-10 00:00:00,2[電話] 15:05:57      ,GF ,800.0,800.0,170.0,,CUS_00587,1,0.0,0.0,                ,0.0,現金  ,,一般  ,0.0,800.0,0.0,否 ,[已隱蔽],,
1090911GF0000001,2020-09-11 00:00:00,2[電話] 12:22:20      ,GF ,1600.0,1600.0,300.0,,CUS_00587,1,0.0,0.0,                ,0.0,現金  ,,一般  ,0.0,1600.0,0.0,否 ,[已隱蔽],,
1090912GF0000001,2020-09-12 00:00:00,2[電話] 09:33:10      ,GF ,7300.0,7300.0,4148.0,,CUS_00587,1,0.0,0.0,                ,0.0,現金  ,,一般  ,0.0,7300.0,0.0,否 ,[已隱蔽],,1.0
1090914GF0000001,2020-09-14 00:00:00,2[電話] 09:48:35      ,GF ,4900.0,4900.0,2824.0,,CUS_00587,1,0.0,0.0,                ,0.0,現金  ,,一般  ,0.0,4900.0,0.0,否 ,[已隱蔽],,
1090915GF0000001,2020-09-15 00:00:00,2[電話] 12:42:29      ,GF ,4140.0,4140.0,2391.0,,CUS_00587,1,0.0,0.0,                ,0.0,現金  ,,一般  ,0.0,4140.0,0.0,否 ,[已隱蔽],,
1090916GF0000001,2020-09-16 00:00:00,2[電話] 09:38:57      ,GF ,12450.0,12450.0,5385.0,,CUS_00587,1,0.0,0.0,                ,0.0,現金  ,,一般  ,0.0,12450.0,0.0,否 ,[已隱蔽],,
1090918GF0000001,2020-09-18 00:00:00,2[電話] 11:27:33      ,GF ,2759.0,2759.0,1280.0,,CUS_00587,1,0.0,0.0,                ,0.0,現金  ,,一般  ,0.0,2759.0,0.0,否 ,[已隱蔽],,
1090921GF0000001,2020-09-21 00:00:00,2[電話] 09:42:38      ,GF ,12550.0,12550.0,8270.0,,CUS_00587,1,0.0,0.0,                ,0.0,現金  ,,一般  ,0.0,12550.0,0.0,否 ,[已隱蔽],,
1090921GF0000002,2020-09-21 00:00:00,2[電話] 10:36:03      ,GF ,2400.0,2400.0,414.0,,CUS_00587,1,0.0,0.0,                ,0.0,現金  ,,一般  ,0.0,2400.0,0.0,否 ,[已隱蔽],,
1090922GF0000001,2020-09-22 00:00:00,2[電話] 09:22:28      ,GF ,8910.0,8910.0,4220.0,,CUS_00587,1,0.0,0.0,                ,0.0,現金  ,,一般  ,0.0,8910.0,0.0,否 ,[已隱蔽],,
1090923GF0000001,2020-09-23 00:00:00,2[電話] 10:34:52      ,GF ,6700.0,6700.0,3715.0,,CUS_00587,1,0.0,0.0,                ,0.0,現金  ,,一般  ,0.0,6700.0,0.0,否 ,[已隱蔽],,
1090924GF0000001,2020-09-24 00:00:00,2[電話] 09:27:29      ,GF ,2099.0,2099.0,708.0,,CUS_00587,1,0.0,0.0,                ,0.0,現金  ,,一般  ,0.0,2099.0,0.0,否 ,[已隱蔽],,
1090925GF0000001,2020-09-25 00:00:00,2[電話] 11:40:46      ,GF ,3449.0,3449.0,1205.0,,CUS_00587,1,0.0,0.0,                ,0.0,現金  ,,一般  ,0.0,3449.0,0.0,否 ,[已隱蔽],,
1090926GF0000001,2020-09-26 00:00:00,2[電話] 10:28:33      ,GF ,950.0,950.0,228.0,,CUS_00587,1,0.0,0.0,                ,0.0,現金  ,,一般  ,0.0,950.0,0.0,否 ,[已隱蔽],,
1090928GF0000001,2020-09-28 00:00:00,2[電話] 09:44:49      ,GF ,7200.0,7200.0,3115.0,,CUS_00587,1,0.0,0.0,                ,0.0,現金  ,,一般  ,0.0,7200.0,0.0,否 ,[已隱蔽],,
1090929GF0000001,2020-09-29 00:00:00,2[電話] 11:38:00      ,GF ,2500.0,2500.0,620.0,,CUS_00587,1,0.0,0.0,                ,0.0,現金  ,,一般  ,0.0,2500.0,0.0,否 ,[已隱蔽],,
1090930GF0000001,2020-09-30 00:00:00,2[電話] 09:20:14      ,GF ,2350.0,2350.0,540.0,,CUS_00587,1,0.0,0.0,                ,0.0,現金  ,,一般  ,0.0,2350.0,0.0,否 ,[已隱蔽],,
1091002GF0000001,2020-10-02 00:00:00,2[電話] 10:20:40      ,GF ,4950.0,4950.0,2210.0,,CUS_00587,1,0.0,0.0,                ,0.0,現金  ,,一般  ,0.0,4950.0,0.0,否 ,[已隱蔽],,
1091003GF0000001,2020-10-03 00:00:00,2[電話] 10:20:52      ,GF ,2350.0,2350.0,318.0,,CUS_00587,1,0.0,0.0,                ,0.0,現金  ,,一般  ,0.0,2350.0,0.0,否 ,[已隱蔽],,
1091006GF0000001,2020-10-06 00:00:00,2[電話] 09:10:28      ,GF ,1760.0,1760.0,630.0,,CUS_00587,1,0.0,0.0,                ,0.0,現金  ,,一般  ,0.0,1760.0,0.0,否 ,[已隱蔽],,
1091007GF0000001,2020-10-07 00:00:00,2[電話] 11:48:12      ,GF ,3300.0,3300.0,1270.0,,CUS_00587,1,0.0,0.0,                ,0.0,現金  ,,一般  ,0.0,3300.0,0.0,否 ,[已隱蔽],,
1091008GF0000001,2020-10-08 00:00:00,2[電話] 09:53:01      ,GF ,8500.0,8500.0,2675.0,,CUS_00587,1,0.0,0.0,                ,0.0,現金  ,,一般  ,0.0,8500.0,0.0,否 ,[已隱蔽],,
1091010GF0000001,2020-10-10 00:00:00,2[電話] 11:02:14      ,GF ,2750.0,2750.0,1375.0,,CUS_00587,1,0.0,0.0,                ,0.0,現金  ,,一般  ,0.0,2750.0,0.0,否 ,[已隱蔽],,
1091011GF0000001,2020-10-11 00:00:00,2[電話] 10:52:42      ,GF ,4100.0,4100.0,1491.0,,CUS_00587,1,0.0,0.0,                ,0.0,現金  ,,一般  ,0.0,4100.0,0.0,否 ,[已隱蔽],,
1091013GF0000001,2020-10-13 00:00:00,2[電話] 14:51:23      ,GF ,950.0,950.0,520.0,,CUS_00587,1,0.0,0.0,                ,0.0,現金  ,,一般  ,0.0,950.0,0.0,否 ,[已隱蔽],,
1091026GF0000001,2020-10-26 00:00:00,2[電話] 15:41:41      ,GF ,4380.0,4380.0,1360.0,,CUS_00587,1,0.0,0.0,                ,0.0,現金  ,,一般  ,0.0,4380.0,0.0,否 ,[已隱蔽],,
1091027GF0000001,2020-10-27 00:00:00,2[電話] 09:35:37      ,GF ,1300.0,1300.0,544.0,,CUS_00587,1,0.0,0.0,                ,0.0,現金  ,,一般  ,0.0,1300.0,0.0,否 ,[已隱蔽],,
1091028GF0000001,2020-10-28 00:00:00,2[電話] 10:31:24      ,GF ,4460.0,4460.0,2095.0,,CUS_00587,1,0.0,0.0,                ,0.0,現金  ,,一般  ,0.0,4460.0,0.0,否 ,[已隱蔽],,
1091029GF0000001,2020-10-29 00:00:00,2[電話] 09:36:37      ,GF ,400.0,400.0,58.0,,CUS_00587,1,0.0,0.0,                ,0.0,現金  ,,一般  ,0.0,400.0,0.0,否 ,[已隱蔽],,
1091030GF0000001,2020-10-30 00:00:00,2[電話] 11:29:13      ,GF ,2750.0,2750.0,985.0,,CUS_00587,1,0.0,0.0,                ,0.0,現金  ,,一般  ,0.0,2750.0,0.0,否 ,[已隱蔽],,
1091031GF0000001,2020-10-31 00:00:00,2[電話] 09:27:02      ,GF ,2070.0,2070.0,942.0,,CUS_00587,1,0.0,0.0,                ,0.0,現金  ,,一般  ,0.0,2070.0,0.0,否 ,[已隱蔽],,
1091102GF0000001,2020-11-02 00:00:00,2[電話] 13:41:53      ,GF ,1100.0,1100.0,173.5,,CUS_00587,1,0.0,0.0,                ,0.0,現金  ,,一般  ,0.0,1100.0,0.0,否 ,[已隱蔽],,
1091103GF0000002,2020-11-03 00:00:00,2[電話] 14:36:21      ,GF ,1650.0,1650.0,383.0,,CUS_00587,1,0.0,0.0,                ,0.0,現金  ,,一般  ,0.0,1650.0,0.0,否 ,[已隱蔽],,
1091104GF0000001,2020-11-04 00:00:00,2[電話] 14:57:58      ,GF ,6350.0,6350.0,2920.0,,CUS_00587,1,0.0,0.0,                ,0.0,現金  ,,一般  ,0.0,6350.0,0.0,否 ,[已隱蔽],,
1091014GF0000001,2020-10-14 00:00:00,2[電話] 11:03:11      ,GF ,3500.0,3500.0,666.0,,CUS_00587,1,0.0,0.0,                ,0.0,現金  ,,一般  ,0.0,3500.0,0.0,否 ,[已隱蔽],,
1091015GF0000001,2020-10-15 00:00:00,2[電話] 09:43:01      ,GF ,4099.0,4099.0,1776.0,,CUS_00587,1,0.0,0.0,                ,0.0,現金  ,,一般  ,0.0,4099.0,0.0,否 ,[已隱蔽],,
1091016GF0000001,2020-10-16 00:00:00,2[電話] 09:56:10      ,GF ,4120.0,4120.0,1235.0,,CUS_00587,1,0.0,0.0,                ,0.0,現金  ,,一般  ,0.0,4120.0,0.0,否 ,[已隱蔽],,
1091019GF0000001,2020-10-19 00:00:00,2[電話] 10:30:20      ,GF ,7349.0,7349.0,5255.0,,CUS_00587,1,0.0,0.0,                ,0.0,現金  ,,一般  ,0.0,7349.0,0.0,否 ,[已隱蔽],,
1091020GF0000001,2020-10-20 00:00:00,2[電話] 12:11:54      ,GF ,450.0,450.0,200.0,,CUS_00587,1,0.0,0.0,                ,0.0,現金  ,,一般  ,0.0,450.0,0.0,否 ,[已隱蔽],,
1091021GF0000001,2020-10-21 00:00:00,2[電話] 12:05:40      ,GF ,930.0,930.0,225.0,,CUS_00587,1,0.0,0.0,                ,0.0,現金  ,,一般  ,0.0,930.0,0.0,否 ,[已隱蔽],,
1091022GF0000001,2020-10-22 00:00:00,2[電話] 09:41:36      ,GF ,1200.0,1200.0,500.0,,CUS_00587,1,0.0,0.0,                ,0.0,現金  ,,一般  ,0.0,1200.0,0.0,否 ,[已隱蔽],,
1091023GF0000001,2020-10-23 00:00:00,2[電話] 11:46:35      ,GF ,200.0,200.0,110.0,,CUS_00587,1,0.0,0.0,                ,0.0,現金  ,,一般  ,0.0,200.0,0.0,否 ,[已隱蔽],,
1091024GF0000001,2020-10-24 00:00:00,2[電話] 10:34:21      ,GF ,4450.0,4450.0,2015.0,,CUS_00587,1,0.0,0.0,                ,0.0,現金  ,,一般  ,0.0,4450.0,0.0,否 ,[已隱蔽],,
1091105GF0000001,2020-11-05 00:00:00,2[電話] 09:49:30      ,GF ,9500.0,9500.0,5180.0,,CUS_00587,1,0.0,0.0,                ,0.0,現金  ,,一般  ,0.0,9500.0,0.0,否 ,[已隱蔽],,
1091106GF0000001,2020-11-06 00:00:00,2[電話] 11:34:54      ,GF ,300.0,300.0,120.0,,CUS_00587,1,0.0,0.0,                ,0.0,現金  ,,一般  ,0.0,300.0,0.0,否 ,[已隱蔽],,
1091107GF0000001,2020-11-07 00:00:00,2[電話] 09:34:58      ,GF ,5350.0,5350.0,3098.0,,CUS_00587,1,0.0,0.0,                ,0.0,現金  ,,一般  ,0.0,5350.0,0.0,否 ,[已隱蔽],,
1091109GF0000001,2020-11-09 00:00:00,2[電話] 09:28:50      ,GF ,1000.0,1000.0,330.0,,CUS_00587,1,0.0,0.0,                ,0.0,現金  ,,一般  ,0.0,1000.0,0.0,否 ,[已隱蔽],,
1091110GF0000001,2020-11-10 00:00:00,2[電話] 15:15:20      ,GF ,1150.0,1150.0,325.0,,CUS_00587,1,0.0,0.0,                ,0.0,現金  ,,一般  ,0.0,1150.0,0.0,否 ,[已隱蔽],,
1091111GF0000001,2020-11-11 00:00:00,2[電話] 09:31:46      ,GF ,1600.0,1600.0,545.0,,CUS_00587,1,0.0,0.0,                ,0.0,現金  ,,一般  ,0.0,1600.0,0.0,否 ,[已隱蔽],,
1091113GF0000002,2020-11-13 00:00:00,2[電話] 09:29:19      ,GF ,5980.0,5980.0,2255.0,,CUS_00587,1,0.0,0.0,                ,0.0,現金  ,,一般  ,0.0,5980.0,0.0,否 ,[已隱蔽],,
1091114GF0000001,2020-11-14 00:00:00,2[電話] 09:42:06      ,GF ,880.0,880.0,300.0,,CUS_00587,1,0.0,0.0,                ,0.0,現金  ,,一般  ,0.0,880.0,0.0,否 ,[已隱蔽],,
1091118GF0000001,2020-11-18 00:00:00,2[電話] 12:04:07      ,GF ,5300.0,5300.0,3950.0,,CUS_00587,1,0.0,0.0,                ,0.0,現金  ,,一般  ,0.0,5300.0,0.0,否 ,[已隱蔽],,
1091116GF0000001,2020-11-16 00:00:00,2[電話] 11:00:30      ,GF ,1600.0,1600.0,238.0,,CUS_00587,1,0.0,0.0,                ,0.0,現金  ,,一般  ,0.0,1600.0,0.0,否 ,[已隱蔽],,
1091117GF0000001,2020-11-17 00:00:00,2[電話] 12:43:06      ,GF ,250.0,250.0,70.0,,CUS_00587,1,0.0,0.0,                ,0.0,現金  ,,一般  ,0.0,250.0,0.0,否 ,[已隱蔽],,
1091119GF0000001,2020-11-19 00:00:00,2[電話] 09:35:36      ,GF ,0.0,0.0,0.0,,CUS_00587,1,0.0,0.0,                ,0.0,現金  ,,一般  ,0.0,0.0,0.0,否 ,[已隱蔽],,
1091120GF0000001,2020-11-20 00:00:00,2[電話] 11:23:50      ,GF ,8580.0,8580.0,3890.0,,CUS_00587,1,0.0,0.0,                ,0.0,現金  ,,一般  ,0.0,8580.0,0.0,是 ,[已隱蔽],,
1091121GF0000001,2020-11-21 00:00:00,2[電話] 11:29:23      ,GF ,450.0,450.0,90.0,,CUS_00587,1,0.0,0.0,                ,0.0,現金  ,,一般  ,0.0,450.0,0.0,是 ,[已隱蔽],,
1091123GF0000001,2020-11-23 00:00:00,2[電話] 09:39:08      ,GF ,2050.0,2050.0,681.0,,CUS_00587,1,0.0,0.0,                ,0.0,現金  ,,一般  ,0.0,2050.0,0.0,是 ,[已隱蔽],,
1091124GF0000001,2020-11-24 00:00:00,2[電話] 09:49:05      ,GF ,1850.0,1850.0,740.0,,CUS_00587,1,0.0,0.0,                ,0.0,現金  ,,一般  ,0.0,1850.0,0.0,是 ,[已隱蔽],,
1091126GF0000001,2020-11-26 00:00:00,2[電話] 09:25:27      ,GF ,2300.0,2300.0,850.0,,CUS_00587,1,0.0,0.0,                ,0.0,現金  ,,一般  ,0.0,2300.0,0.0,是 ,[已隱蔽],,
1091127GF0000001,2020-11-27 00:00:00,2[電話] 10:49:53      ,GF ,4650.0,4650.0,2590.0,,CUS_00587,1,0.0,0.0,                ,0.0,現金  ,,一般  ,0.0,4650.0,0.0,是 ,[已隱蔽],,
1091128GF0000001,2020-11-28 00:00:00,2[電話] 09:33:04      ,GF ,3150.0,3150.0,830.0,,CUS_00587,1,0.0,0.0,                ,0.0,現金  ,,一般  ,0.0,3150.0,0.0,是 ,[已隱蔽],,
1091130GF0000001,2020-11-30 00:00:00,2[電話] 13:06:39      ,GF ,7900.0,7900.0,4885.0,,CUS_00587,1,0.0,0.0,                ,0.0,現金  ,,一般  ,0.0,7900.0,0.0,是 ,[已隱蔽],,
1091201GF0000001,2020-12-01 00:00:00,2[電話] 16:05:50      ,GF ,850.0,850.0,250.0,,CUS_00587,1,0.0,0.0,                ,0.0,現金  ,,一般  ,0.0,850.0,0.0,是 ,[已隱蔽],,
1091202GF0000001,2020-12-02 00:00:00,2[電話] 09:34:16      ,GF ,4799.0,4799.0,4124.0,,CUS_00587,1,0.0,0.0,                ,0.0,現金  ,,一般  ,0.0,4799.0,0.0,是 ,[已隱蔽],,
1091203GF0000001,2020-12-03 00:00:00,2[電話] 10:27:44      ,GF ,3100.0,3100.0,830.0,,CUS_00587,1,0.0,0.0,                ,0.0,現金  ,,一般  ,0.0,3100.0,0.0,是 ,[已隱蔽],,
1091204GF0000001,2020-12-04 00:00:00,2[電話] 12:15:48      ,GF ,1200.0,1200.0,420.0,,CUS_00587,1,0.0,0.0,                ,0.0,現金  ,,一般  ,0.0,1200.0,0.0,是 ,[已隱蔽],,
1091205GF0000001,2020-12-05 00:00:00,2[電話] 10:55:36      ,GF ,3399.0,3399.0,1960.0,,CUS_00587,1,0.0,0.0,                ,0.0,現金  ,,一般  ,0.0,3399.0,0.0,是 ,[已隱蔽],,
1091207GF0000001,2020-12-07 00:00:00,2[電話] 09:43:26      ,GF ,2110.0,2110.0,1060.5,,CUS_00587,1,0.0,0.0,                ,0.0,現金  ,,一般  ,0.0,2110.0,0.0,是 ,[已隱蔽],,
1091208GF0000001,2020-12-08 00:00:00,2[電話] 09:43:58      ,GF ,1635.0,1635.0,720.0,,CUS_00587,1,0.0,0.0,                ,0.0,現金  ,,一般  ,0.0,1635.0,0.0,是 ,[已隱蔽],,
1091209GF0000001,2020-12-09 00:00:00,2[電話] 09:51:23      ,GF ,3299.0,3299.0,2375.0,,CUS_00587,1,0.0,0.0,                ,0.0,現金  ,,一般  ,0.0,3299.0,0.0,是 ,[已隱蔽],,
1091210GF0000001,2020-12-10 00:00:00,2[電話] 09:41:45      ,GF ,3665.0,3665.0,578.0,,CUS_00587,1,0.0,0.0,                ,0.0,現金  ,,一般  ,0.0,3665.0,0.0,是 ,[已隱蔽],,
1091212GF0000001,2020-12-12 00:00:00,2[電話] 09:37:16      ,GF ,6050.0,6050.0,2851.0,,CUS_00587,1,0.0,0.0,                ,0.0,現金  ,,一般  ,0.0,6050.0,0.0,是 ,[已隱蔽],,
1091215GF0000001,2020-12-15 00:00:00,2[電話] 15:05:38      ,GF ,1900.0,1900.0,483.0,,CUS_00587,1,0.0,0.0,                ,0.0,現金  ,,一般  ,0.0,1900.0,0.0,是 ,[已隱蔽],,
1091216GF0000001,2020-12-16 00:00:00,2[電話] 12:03:48      ,GF ,2900.0,2900.0,1189.0,,CUS_00587,1,0.0,0.0,                ,0.0,現金  ,,一般  ,0.0,2900.0,0.0,是 ,[已隱蔽],,
1091217GF0000001,2020-12-17 00:00:00,2[電話] 11:02:07      ,GF ,800.0,800.0,250.0,,CUS_00587,1,0.0,0.0,                ,0.0,現金  ,,一般  ,0.0,800.0,0.0,是 ,[已隱蔽],,
1091218GF0000001,2020-12-18 00:00:00,2[電話] 11:39:56      ,GF ,2990.0,2990.0,1257.5,,CUS_00587,1,0.0,0.0,                ,0.0,現金  ,,一般  ,0.0,2990.0,0.0,是 ,[已隱蔽],,
1091219GF0000001,2020-12-19 00:00:00,2[電話] 11:36:03      ,GF ,3650.0,3650.0,2385.0,,CUS_00587,1,0.0,0.0,                ,0.0,現金  ,,一般  ,0.0,3650.0,0.0,是 ,[已隱蔽],,
1091221GF0000001,2020-12-21 00:00:00,2[電話] 09:27:36      ,GF ,2000.0,2000.0,596.0,,CUS_00587,1,0.0,0.0,                ,0.0,現金  ,,一般  ,0.0,2000.0,0.0,是 ,[已隱蔽],,
1091222GF0000001,2020-12-22 00:00:00,2[電話] 09:03:35      ,GF ,8050.0,8050.0,4068.0,,CUS_00587,1,0.0,0.0,                ,0.0,現金  ,,一般  ,0.0,8050.0,0.0,是 ,[已隱蔽],,
1091223GF0000001,2020-12-23 00:00:00,2[電話] 09:23:48      ,GF ,1450.0,1450.0,450.0,,CUS_00587,1,0.0,0.0,                ,0.0,現金  ,,一般  ,0.0,1450.0,0.0,是 ,[已隱蔽],,
1091225GF0000001,2020-12-25 00:00:00,2[電話] 10:46:08      ,GF ,3350.0,3350.0,1425.0,,CUS_00587,1,0.0,0.0,                ,0.0,現金  ,,一般  ,0.0,3350.0,0.0,是 ,[已隱蔽],,
1091226GF0000001,2020-12-26 00:00:00,2[電話] 09:35:37      ,GF ,4300.0,4300.0,1852.0,,CUS_00587,1,0.0,0.0,                ,0.0,現金  ,,一般  ,0.0,4300.0,0.0,是 ,[已隱蔽],,
1091228GF0000001,2020-12-28 00:00:00,2[電話] 19:05:24      ,GF ,4010.0,4010.0,1498.0,,CUS_00587,1,0.0,0.0,                ,0.0,現金  ,,一般  ,0.0,4010.0,0.0,是 ,[已隱蔽],,
1091230GF0000001,2020-12-30 00:00:00,2[電話] 10:18:08      ,GF ,800.0,800.0,270.0,,CUS_00587,1,0.0,0.0,                ,0.0,現金  ,,一般  ,0.0,800.0,0.0,是 ,[已隱蔽],,
1091231GF0000001,2020-12-31 00:00:00,2[電話] 11:23:33      ,GF ,1600.0,1600.0,358.0,,CUS_00587,1,0.0,0.0,                ,0.0,現金  ,,一般  ,0.0,1600.0,0.0,是 ,[已隱蔽],,
1100102GF0000001,2021-01-02 00:00:00,2[電話] 09:22:31      ,GF ,5050.0,5050.0,1518.0,,CUS_00587,1,0.0,0.0,                ,0.0,現金  ,,一般  ,0.0,5050.0,0.0,是 ,[已隱蔽],,
1100104GF0000001,2021-01-04 00:00:00,2[電話] 09:22:40      ,GF ,7080.0,7080.0,1541.0,,CUS_00587,1,0.0,0.0,                ,0.0,現金  ,,一般  ,0.0,7080.0,0.0,是 ,[已隱蔽],,
1100105GF0000001,2021-01-05 00:00:00,2[電話] 09:52:52      ,GF ,940.0,940.0,322.0,,CUS_00587,1,0.0,0.0,                ,0.0,現金  ,,一般  ,0.0,940.0,0.0,是 ,[已隱蔽],,
1100106GF0000001,2021-01-06 00:00:00,2[電話] 11:25:06      ,GF ,35.0,35.0,15.0,,CUS_00587,1,0.0,0.0,                ,0.0,現金  ,,一般  ,0.0,35.0,0.0,是 ,[已隱蔽],,
1100107GF0000001,2021-01-07 00:00:00,2[電話] 09:59:25      ,GF ,1400.0,1400.0,610.0,,CUS_00587,1,0.0,0.0,                ,0.0,現金  ,,一般  ,0.0,1400.0,0.0,是 ,[已隱蔽],,
1100108GF0000001,2021-01-08 00:00:00,2[電話] 09:42:44      ,GF ,3000.0,3000.0,1063.5,,CUS_00587,1,0.0,0.0,                ,0.0,現金  ,,一般  ,0.0,3000.0,0.0,是 ,[已隱蔽],,
1100109GF0000001,2021-01-09 00:00:00,2[電話] 09:53:06      ,GF ,6000.0,6000.0,3160.0,,CUS_00587,1,0.0,0.0,                ,0.0,現金  ,,一般  ,0.0,6000.0,0.0,是 ,[已隱蔽],,
1100111GF0000001,2021-01-11 00:00:00,2[電話] 09:36:40      ,GF ,100.0,100.0,3.5,,CUS_00587,1,0.0,0.0,                ,0.0,現金  ,,一般  ,0.0,100.0,0.0,是 ,[已隱蔽],,
1100112GF0000001,2021-01-12 00:00:00,2[電話] 09:22:36      ,GF ,2450.0,2450.0,820.0,,CUS_00587,1,0.0,0.0,                ,0.0,現金  ,,一般  ,0.0,2450.0,0.0,是 ,[已隱蔽],,
1100113GF0000002,2021-01-13 00:00:00,2[電話] 10:10:36      ,GF ,1919.0,1919.0,620.0,,CUS_00587,1,0.0,0.0,                ,0.0,現金  ,,一般  ,0.0,1919.0,0.0,是 ,[已隱蔽],,
1100506GF0000001,2021-05-06 00:00:00,2[電話] 11:16:05      ,GF ,3000.0,3000.0,711.8,,CUS_00587,1,0.0,0.0,                ,0.0,現金  ,,一般  ,0.0,3000.0,0.0,是 ,[已隱蔽],,
1100114GF0000001,2021-01-14 00:00:00,2[電話] 10:00:53      ,GF ,1000.0,1000.0,350.0,,CUS_00587,1,0.0,0.0,                ,0.0,現金  ,,一般  ,0.0,1000.0,0.0,是 ,[已隱蔽],,
1100115GF0000002,2021-01-15 00:00:00,2[電話] 12:46:29      ,GF ,7350.0,7350.0,4845.0,,CUS_00587,1,0.0,0.0,                ,0.0,現金  ,,一般  ,0.0,7350.0,0.0,是 ,[已隱蔽],,
1100116GF0000001,2021-01-16 00:00:00,2[電話] 09:46:32      ,GF ,1950.0,1950.0,635.0,,CUS_00587,1,0.0,0.0,                ,0.0,現金  ,,一般  ,0.0,1950.0,0.0,是 ,[已隱蔽],,
1100118GF0000001,2021-01-18 00:00:00,2[電話] 11:52:27      ,GF ,3270.0,3270.0,695.0,,CUS_00682,1,0.0,0.0,                ,0.0,現金  ,,一般  ,0.0,3270.0,0.0,是 ,[已隱蔽],,
1100120GF0000001,2021-01-20 00:00:00,2[電話] 09:53:41      ,GF ,4610.0,4610.0,1108.5,,CUS_00587,1,0.0,0.0,                ,0.0,現金  ,,一般  ,0.0,4610.0,0.0,是 ,[已隱蔽],,
1100121GF0000001,2021-01-21 00:00:00,2[電話] 10:09:19      ,GF ,4399.0,4399.0,1600.0,,CUS_00587,1,0.0,0.0,                ,0.0,現金  ,,一般  ,0.0,4399.0,0.0,是 ,[已隱蔽],,
1100122GF0000001,2021-01-22 00:00:00,2[電話] 09:43:32      ,GF ,1570.0,1570.0,780.0,,CUS_00587,1,0.0,0.0,                ,0.0,現金  ,,一般  ,0.0,1570.0,0.0,是 ,[已隱蔽],,
1100123GF0000001,2021-01-23 00:00:00,2[電話] 09:15:43      ,GF ,0.0,0.0,0.0,,CUS_00587,1,0.0,0.0,                ,0.0,現金  ,,一般  ,0.0,0.0,0.0,是 ,[已隱蔽],,
1100123GF0000002,2021-01-23 00:00:00,2[電話] 11:08:19      ,GF ,2170.0,2170.0,1011.0,,CUS_00587,1,0.0,0.0,                ,0.0,現金  ,,一般  ,0.0,2170.0,0.0,是 ,[已隱蔽],,
1100125GF0000001,2021-01-25 00:00:00,2[電話] 10:30:39      ,GF ,3200.0,3200.0,850.0,,CUS_00587,1,0.0,0.0,                ,0.0,現金  ,,一般  ,0.0,3200.0,0.0,是 ,[已隱蔽],,
1100126GF0000001,2021-01-26 00:00:00,2[電話] 09:25:00      ,GF ,1710.0,1710.0,585.0,,CUS_00587,1,0.0,0.0,                ,0.0,現金  ,,一般  ,0.0,1710.0,0.0,是 ,[已隱蔽],,
1100127GF0000001,2021-01-27 00:00:00,2[電話] 09:48:45      ,GF ,4360.0,4360.0,1358.1,,CUS_00587,1,0.0,0.0,                ,0.0,現金  ,,一般  ,0.0,4360.0,0.0,是 ,[已隱蔽],,
1100128GF0000001,2021-01-28 00:00:00,2[電話] 09:26:31      ,GF ,1500.0,1500.0,380.0,,CUS_00587,1,0.0,0.0,                ,0.0,現金  ,,一般  ,0.0,1500.0,0.0,是 ,[已隱蔽],,
1100129GF0000001,2021-01-29 00:00:00,2[電話] 10:01:12      ,GF ,4900.0,4900.0,1280.0,,CUS_00587,1,0.0,0.0,                ,0.0,現金  ,,一般  ,0.0,4900.0,0.0,是 ,[已隱蔽],,
1100130GF0000001,2021-01-30 00:00:00,2[電話] 10:47:04      ,GF ,7850.0,7850.0,5313.0,,CUS_00587,1,0.0,0.0,                ,0.0,現金  ,,一般  ,0.0,7850.0,0.0,是 ,[已隱蔽],,
1100201GF0000001,2021-02-01 00:00:00,2[電話] 09:15:42      ,GF ,2100.0,2100.0,458.0,,CUS_00587,1,0.0,0.0,                ,0.0,現金  ,,一般  ,0.0,2100.0,0.0,是 ,[已隱蔽],,
1100202GF0000001,2021-02-02 00:00:00,2[電話] 09:51:43      ,GF ,4140.0,4140.0,2059.0,,CUS_00587,1,0.0,0.0,                ,0.0,現金  ,,一般  ,0.0,4140.0,0.0,是 ,[已隱蔽],,
1100203GF0000001,2021-02-03 00:00:00,2[電話] 11:31:32      ,GF ,4240.0,4240.0,2195.0,,CUS_00587,1,0.0,0.0,                ,0.0,現金  ,,一般  ,0.0,4240.0,0.0,是 ,[已隱蔽],,
1100205GF0000001,2021-02-05 00:00:00,2[電話] 11:59:03      ,GF ,2000.0,2000.0,680.0,,CUS_00587,1,0.0,0.0,                ,0.0,現金  ,,一般  ,0.0,2000.0,0.0,是 ,[已隱蔽],,
1100206GF0000001,2021-02-06 00:00:00,2[電話] 09:57:00      ,GF ,8070.0,8070.0,3317.0,,CUS_00587,1,0.0,0.0,                ,0.0,現金  ,,一般  ,0.0,8070.0,0.0,是 ,[已隱蔽],,
1100207GF0000001,2021-02-07 00:00:00,2[電話] 11:42:19      ,GF ,1050.0,1050.0,510.0,,CUS_00587,1,0.0,0.0,                ,0.0,現金  ,,一般  ,0.0,1050.0,0.0,是 ,[已隱蔽],,
1100208GF0000001,2021-02-08 00:00:00,2[電話] 09:10:22      ,GF ,1500.0,1500.0,320.0,,CUS_00587,1,0.0,0.0,                ,0.0,現金  ,,一般  ,0.0,1500.0,0.0,是 ,[已隱蔽],,
1100209GF0000001,2021-02-09 00:00:00,2[電話] 09:44:06      ,GF ,7828.0,7828.0,3295.0,,CUS_00587,1,0.0,0.0,                ,0.0,現金  ,,一般  ,0.0,7828.0,0.0,是 ,[已隱蔽],,
1100210GF0000001,2021-02-10 00:00:00,2[電話] 12:13:17      ,GF ,6349.0,6349.0,2207.0,,CUS_00587,1,0.0,0.0,                ,0.0,現金  ,,一般  ,0.0,6349.0,0.0,是 ,[已隱蔽],,
1100211GF0000001,2021-02-11 00:00:00,2[電話] 11:41:38      ,GF ,1000.0,1000.0,390.0,,CUS_00587,1,0.0,0.0,                ,0.0,現金  ,,一般  ,0.0,1000.0,0.0,是 ,[已隱蔽],,
1100215GF0000001,2021-02-15 00:00:00,2[電話] 09:19:07      ,GF ,1700.0,1700.0,900.0,,CUS_00587,1,0.0,0.0,                ,0.0,現金  ,,一般  ,0.0,1700.0,0.0,是 ,[已隱蔽],,
1100217GF0000001,2021-02-17 00:00:00,2[電話] 09:35:10      ,GF ,1419.0,1419.0,624.0,,CUS_00587,1,0.0,0.0,                ,0.0,現金  ,,一般  ,0.0,1419.0,0.0,是 ,[已隱蔽],,
1100219GF0000001,2021-02-19 00:00:00,2[電話] 10:46:08      ,GF ,6550.0,6550.0,2830.0,,CUS_00587,1,0.0,0.0,                ,0.0,現金  ,,一般  ,0.0,6550.0,0.0,是 ,[已隱蔽],,
1100222GF0000001,2021-02-22 00:00:00,2[電話] 11:10:47      ,GF ,1020.0,1020.0,437.0,,CUS_00587,1,0.0,0.0,                ,0.0,現金  ,,一般  ,0.0,1020.0,0.0,是 ,[已隱蔽],,
1100223GF0000001,2021-02-23 00:00:00,2[電話] 09:28:25      ,GF ,1800.0,1800.0,858.0,,CUS_00587,1,0.0,0.0,                ,0.0,現金  ,,一般  ,0.0,1800.0,0.0,是 ,[已隱蔽],,
1100224GF0000001,2021-02-24 00:00:00,2[電話] 13:45:47      ,GF ,1850.0,1850.0,810.0,,CUS_00587,1,0.0,0.0,                ,0.0,現金  ,,一般  ,0.0,1850.0,0.0,是 ,[已隱蔽],,
1100225GF0000001,2021-02-25 00:00:00,2[電話] 09:18:31      ,GF ,200.0,200.0,75.0,,CUS_00587,1,0.0,0.0,                ,0.0,現金  ,,一般  ,0.0,200.0,0.0,是 ,[已隱蔽],,
1100226GF0000001,2021-02-26 00:00:00,2[電話] 09:53:52      ,GF ,700.0,700.0,235.0,,CUS_00587,1,0.0,0.0,                ,0.0,現金  ,,一般  ,0.0,700.0,0.0,是 ,[已隱蔽],,
1100227GF0000001,2021-02-27 00:00:00,2[電話] 09:28:44      ,GF ,2750.0,2750.0,1125.0,,CUS_00587,1,0.0,0.0,                ,0.0,現金  ,,一般  ,0.0,2750.0,0.0,是 ,[已隱蔽],,
1100301GF0000001,2021-03-01 00:00:00,2[電話] 09:52:03      ,GF ,270.0,270.0,116.0,,CUS_00587,1,0.0,0.0,                ,0.0,現金  ,,一般  ,0.0,270.0,0.0,是 ,[已隱蔽],,
1100304GF0000001,2021-03-04 00:00:00,2[電話] 09:55:52      ,GF ,2650.0,2650.0,1050.0,,CUS_00587,1,0.0,0.0,                ,0.0,現金  ,,一般  ,0.0,2650.0,0.0,是 ,[已隱蔽],,
1100305GF0000001,2021-03-05 00:00:00,2[電話] 10:34:24      ,GF ,0.0,0.0,0.0,,CUS_00587,1,0.0,0.0,                ,0.0,現金  ,,一般  ,0.0,0.0,0.0,是 ,[已隱蔽],,
1100305GF0000002,2021-03-05 00:00:00,2[電話] 10:47:29      ,GF ,1300.0,1300.0,237.0,,CUS_00587,1,0.0,0.0,                ,0.0,現金  ,,一般  ,0.0,1300.0,0.0,是 ,[已隱蔽],,
1100306GF0000001,2021-03-06 00:00:00,2[電話] 09:15:39      ,GF ,2160.0,2160.0,681.0,,CUS_00587,1,0.0,0.0,                ,0.0,現金  ,,一般  ,0.0,2160.0,0.0,是 ,[已隱蔽],,
1100308GF0000001,2021-03-08 00:00:00,2[電話] 10:23:11      ,GF ,2450.0,2450.0,1040.0,,CUS_00587,1,0.0,0.0,                ,0.0,現金  ,,一般  ,0.0,2450.0,0.0,是 ,[已隱蔽],,
1100309GF0000001,2021-03-09 00:00:00,2[電話] 09:32:59      ,GF ,899.0,899.0,350.0,,CUS_00587,1,0.0,0.0,                ,0.0,現金  ,,一般  ,0.0,899.0,0.0,是 ,[已隱蔽],,
1100310GF0000001,2021-03-10 00:00:00,2[電話] 11:52:21      ,GF ,4500.0,4500.0,2900.0,,CUS_00587,1,0.0,0.0,                ,0.0,現金  ,,一般  ,0.0,4500.0,0.0,是 ,[已隱蔽],,
1100311GF0000001,2021-03-11 00:00:00,2[電話] 09:56:37      ,GF ,920.0,920.0,255.0,,CUS_00587,1,0.0,0.0,                ,0.0,現金  ,,一般  ,0.0,920.0,0.0,是 ,[已隱蔽],,
1100312GF0000001,2021-03-12 00:00:00,2[電話] 12:14:45      ,GF ,900.0,900.0,235.0,,CUS_00587,1,0.0,0.0,                ,0.0,現金  ,,一般  ,0.0,900.0,0.0,是 ,[已隱蔽],,
1100313GF0000001,2021-03-13 00:00:00,2[電話] 09:54:31      ,GF ,3800.0,3800.0,1950.0,,CUS_00587,1,0.0,0.0,                ,0.0,現金  ,,一般  ,0.0,3800.0,0.0,是 ,[已隱蔽],,
1100315GF0000001,2021-03-15 00:00:00,2[電話] 09:34:29      ,GF ,2980.0,2980.0,1072.2,,CUS_00587,1,0.0,0.0,                ,0.0,現金  ,,一般  ,0.0,2980.0,0.0,是 ,[已隱蔽],,
1100316GF0000001,2021-03-16 00:00:00,2[電話] 09:47:18      ,GF ,2379.0,2379.0,612.0,,CUS_00587,1,0.0,0.0,                ,0.0,現金  ,,一般  ,0.0,2379.0,0.0,是 ,[已隱蔽],,
1100317GF0000001,2021-03-17 00:00:00,2[電話] 12:41:29      ,GF ,0.0,0.0,0.0,,CUS_00587,1,0.0,0.0,                ,0.0,現金  ,,一般  ,0.0,0.0,0.0,是 ,[已隱蔽],,
1100317GF0000002,2021-03-17 00:00:00,2[電話] 12:41:54      ,GF ,3150.0,3150.0,762.5,,CUS_00587,1,0.0,0.0,                ,0.0,現金  ,,一般  ,0.0,3150.0,0.0,是 ,[已隱蔽],,
1100318GF0000001,2021-03-18 00:00:00,2[電話] 10:45:23      ,GF ,450.0,450.0,100.0,,CUS_00587,1,0.0,0.0,                ,0.0,現金  ,,一般  ,0.0,450.0,0.0,是 ,[已隱蔽],,
1100319GF0000001,2021-03-19 00:00:00,2[電話] 09:45:46      ,GF ,3832.0,3832.0,1588.0,,CUS_00587,1,0.0,0.0,                ,0.0,現金  ,,一般  ,0.0,3832.0,0.0,是 ,[已隱蔽],,
1100322GF0000001,2021-03-22 00:00:00,2[電話] 09:18:47      ,GF ,2050.0,2050.0,612.0,,CUS_00587,1,0.0,0.0,                ,0.0,現金  ,,一般  ,0.0,2050.0,0.0,是 ,[已隱蔽],,
1100323GF0000001,2021-03-23 00:00:00,2[電話] 10:36:53      ,GF ,2300.0,2300.0,925.0,,CUS_00587,1,0.0,0.0,                ,0.0,現金  ,,一般  ,0.0,2300.0,0.0,是 ,[已隱蔽],,
1100324GF0000001,2021-03-24 00:00:00,2[電話] 11:35:19      ,GF ,2800.0,2800.0,1245.0,,CUS_00587,1,0.0,0.0,                ,0.0,現金  ,,一般  ,0.0,2800.0,0.0,是 ,[已隱蔽],,
1100325GF0000001,2021-03-25 00:00:00,2[電話] 09:35:05      ,GF ,2000.0,2000.0,830.0,,CUS_00587,1,0.0,0.0,                ,0.0,現金  ,,一般  ,0.0,2000.0,0.0,是 ,[已隱蔽],,
1100326GF0000001,2021-03-26 00:00:00,2[電話] 11:55:52      ,GF ,600.0,600.0,200.0,,CUS_00587,1,0.0,0.0,                ,0.0,現金  ,,一般  ,0.0,600.0,0.0,是 ,[已隱蔽],,
1100327GF0000001,2021-03-27 00:00:00,2[電話] 09:12:35      ,GF ,6398.0,6398.0,3500.0,,CUS_00587,1,0.0,0.0,                ,0.0,現金  ,,一般  ,0.0,6398.0,0.0,是 ,[已隱蔽],,
1100329GF0000001,2021-03-29 00:00:00,2[電話] 09:25:26      ,GF ,3500.0,3500.0,1790.0,,CUS_00587,1,0.0,0.0,                ,0.0,現金  ,,一般  ,0.0,3500.0,0.0,是 ,[已隱蔽],,
1100330GF0000001,2021-03-30 00:00:00,2[電話] 09:43:51      ,GF ,4950.0,4950.0,2790.0,,CUS_00587,1,0.0,0.0,                ,0.0,現金  ,,一般  ,0.0,4950.0,0.0,是 ,[已隱蔽],,
1100331GF0000001,2021-03-31 00:00:00,2[電話] 11:35:10      ,GF ,1900.0,1900.0,690.0,,CUS_00587,1,0.0,0.0,                ,0.0,現金  ,,一般  ,0.0,1900.0,0.0,是 ,[已隱蔽],,
1100401GF0000001,2021-04-01 00:00:00,2[電話] 09:43:27      ,GF ,1700.0,1700.0,645.0,,CUS_00587,1,0.0,0.0,                ,0.0,現金  ,,一般  ,0.0,1700.0,0.0,是 ,[已隱蔽],,
1100402GF0000001,2021-04-02 00:00:00,2[電話] 09:47:40      ,GF ,1250.0,1250.0,393.0,,CUS_00587,1,0.0,0.0,                ,0.0,現金  ,,一般  ,0.0,1250.0,0.0,是 ,[已隱蔽],,
1100403GF0000001,2021-04-03 00:00:00,2[電話] 11:25:18      ,GF ,1035.0,1035.0,515.0,,CUS_00587,1,0.0,0.0,                ,0.0,現金  ,,一般  ,0.0,1035.0,0.0,是 ,[已隱蔽],,
1100406GF0000001,2021-04-06 00:00:00,2[電話] 09:37:23      ,GF ,100.0,100.0,1.0,,CUS_00587,1,0.0,0.0,                ,0.0,現金  ,,一般  ,0.0,100.0,0.0,是 ,[已隱蔽],,
1100407GF0000001,2021-04-07 00:00:00,2[電話] 09:43:28      ,GF ,2700.0,2700.0,838.0,,CUS_00587,1,0.0,0.0,                ,0.0,現金  ,,一般  ,0.0,2700.0,0.0,是 ,[已隱蔽],,
1100408GF0000001,2021-04-08 00:00:00,2[電話] 09:48:55      ,GF ,1000.0,1000.0,290.0,,CUS_00587,1,0.0,0.0,                ,0.0,現金  ,,一般  ,0.0,1000.0,0.0,是 ,[已隱蔽],,
1100410GF0000001,2021-04-10 00:00:00,2[電話] 15:33:42      ,GF ,5200.0,5200.0,2090.0,,CUS_00587,1,0.0,0.0,                ,0.0,現金  ,,一般  ,0.0,5200.0,0.0,是 ,[已隱蔽],,
1100412GF0000001,2021-04-12 00:00:00,2[電話] 11:39:16      ,GF ,6450.0,6449.8,2606.0,,CUS_00587,1,0.0,0.0,                ,0.0,現金  ,,一般  ,0.0,6450.0,0.0,是 ,[已隱蔽],,
1100413GF0000001,2021-04-13 00:00:00,2[電話] 09:35:14      ,GF ,2000.0,2000.0,840.0,,CUS_00587,1,0.0,0.0,                ,0.0,現金  ,,一般  ,0.0,2000.0,0.0,是 ,[已隱蔽],,
1100414GF0000001,2021-04-14 00:00:00,2[電話] 11:32:32      ,GF ,3200.0,3200.0,1100.0,,CUS_00587,1,0.0,0.0,                ,0.0,現金  ,,一般  ,0.0,3200.0,0.0,是 ,[已隱蔽],,
1100415GF0000001,2021-04-15 00:00:00,2[電話] 09:35:44      ,GF ,4300.0,4300.0,1043.0,,CUS_00587,1,0.0,0.0,                ,0.0,現金  ,,一般  ,0.0,4300.0,0.0,是 ,[已隱蔽],,
1100416GF0000001,2021-04-16 00:00:00,2[電話] 09:45:17      ,GF ,450.0,450.0,138.0,,CUS_00587,1,0.0,0.0,                ,0.0,現金  ,,一般  ,0.0,450.0,0.0,是 ,[已隱蔽],,
1100417GF0000001,2021-04-17 00:00:00,2[電話] 09:41:04      ,GF ,3600.0,3600.0,1405.0,,CUS_00587,1,0.0,0.0,                ,0.0,現金  ,,一般  ,0.0,3600.0,0.0,是 ,[已隱蔽],,
1100419GF0000001,2021-04-19 00:00:00,2[電話] 09:29:27      ,GF ,1010.0,1010.0,481.0,,CUS_00587,1,0.0,0.0,                ,0.0,現金  ,,一般  ,0.0,1010.0,0.0,是 ,[已隱蔽],,
1100420GF0000001,2021-04-20 00:00:00,2[電話] 11:56:45      ,GF ,2000.0,2000.0,540.0,,CUS_00587,1,0.0,0.0,                ,0.0,現金  ,,一般  ,0.0,2000.0,0.0,是 ,[已隱蔽],,
1100421GF0000001,2021-04-21 00:00:00,2[電話] 12:04:58      ,GF ,8800.0,8800.0,3750.0,,CUS_00587,1,0.0,0.0,                ,0.0,現金  ,,一般  ,0.0,8800.0,0.0,是 ,[已隱蔽],,
1100422GF0000001,2021-04-22 00:00:00,2[電話] 10:00:13      ,GF ,1250.0,1250.0,155.0,,CUS_00587,1,0.0,0.0,                ,0.0,現金  ,,一般  ,0.0,1250.0,0.0,是 ,[已隱蔽],,
1100423GF0000001,2021-04-24 00:00:00,2[電話] 11:43:32      ,GF ,14499.0,14499.0,6643.5,,CUS_00587,1,0.0,0.0,                ,0.0,現金  ,,一般  ,0.0,14499.0,0.0,是 ,[已隱蔽],,
1100428GF0000001,2021-04-28 00:00:00,2[電話] 13:46:17      ,GF ,450.0,450.0,164.0,,CUS_00587,1,0.0,0.0,                ,0.0,現金  ,,一般  ,0.0,450.0,0.0,是 ,[已隱蔽],,
1100429GF0000001,2021-04-29 00:00:00,2[電話] 09:26:33      ,GF ,2200.0,2200.0,700.0,,CUS_00587,1,0.0,0.0,                ,0.0,現金  ,,一般  ,0.0,2200.0,0.0,是 ,[已隱蔽],,
1100430GF0000001,2021-04-30 00:00:00,2[電話] 09:45:57      ,GF ,1620.0,1620.0,630.0,,CUS_00587,1,0.0,0.0,                ,0.0,現金  ,,一般  ,0.0,1620.0,0.0,是 ,[已隱蔽],,
1100501GF0000001,2021-05-01 00:00:00,2[電話] 10:29:50      ,GF ,5880.0,5880.0,2240.0,,CUS_00587,1,0.0,0.0,                ,0.0,現金  ,,一般  ,0.0,5880.0,0.0,是 ,[已隱蔽],,
1100503GF0000001,2021-05-03 00:00:00,2[電話] 09:33:11      ,GF ,2100.0,2100.0,830.0,,CUS_00587,1,0.0,0.0,                ,0.0,現金  ,,一般  ,0.0,2100.0,0.0,是 ,[已隱蔽],,
1100504GF0000001,2021-05-04 00:00:00,2[電話] 09:58:09      ,GF ,500.0,500.0,180.0,,CUS_00587,1,0.0,0.0,                ,0.0,現金  ,,一般  ,0.0,500.0,0.0,是 ,[已隱蔽],,
1100505GF0000001,2021-05-05 00:00:00,2[電話] 09:14:26      ,GF ,3398.0,3398.0,1580.0,,CUS_00587,1,0.0,0.0,                ,0.0,現金  ,,一般  ,0.0,3398.0,0.0,是 ,[已隱蔽],,
1100507GF0000001,2021-05-07 00:00:00,2[電話] 09:23:07      ,GF ,300.0,300.0,90.0,,CUS_00587,1,0.0,0.0,                ,0.0,現金  ,,一般  ,0.0,300.0,0.0,是 ,[已隱蔽],,
1100508GF0000001,2021-05-08 00:00:00,2[電話] 09:19:48      ,GF ,3000.0,3000.0,621.8,,CUS_00587,1,0.0,0.0,                ,0.0,現金  ,,一般  ,0.0,3000.0,0.0,是 ,[已隱蔽],,
1100510GF0000001,2021-05-10 00:00:00,2[電話] 09:30:56      ,GF ,6209.0,6209.0,1732.0,,CUS_00587,1,0.0,0.0,                ,0.0,現金  ,,一般  ,0.0,6209.0,0.0,是 ,[已隱蔽],,
1100511GF0000001,2021-05-11 00:00:00,2[電話] 09:32:54      ,GF ,8860.0,8860.0,3196.8,,CUS_00587,1,0.0,0.0,                ,0.0,現金  ,,一般  ,0.0,8860.0,0.0,是 ,[已隱蔽],,
1100512GF0000001,2021-05-12 00:00:00,2[電話] 09:33:07      ,GF ,5610.0,5610.0,3036.0,,CUS_00587,1,0.0,0.0,                ,0.0,現金  ,,一般  ,0.0,5610.0,0.0,是 ,[已隱蔽],,
1100513GF0000001,2021-05-13 00:00:00,2[電話] 09:04:54      ,GF ,6305.0,6305.0,2940.0,,CUS_00587,1,0.0,0.0,                ,0.0,現金  ,,一般  ,0.0,6305.0,0.0,是 ,[已隱蔽],,
1100514GF0000001,2021-05-14 00:00:00,2[電話] 09:24:01      ,GF ,570.0,570.0,277.0,,CUS_00587,1,0.0,0.0,                ,0.0,現金  ,,一般  ,0.0,570.0,0.0,是 ,[已隱蔽],,
1100515GF0000001,2021-05-15 00:00:00,2[電話] 09:20:00      ,GF ,10550.0,10550.0,5240.0,,CUS_00587,1,0.0,0.0,                ,0.0,現金  ,,一般  ,0.0,10550.0,0.0,是 ,[已隱蔽],,
1100517GF0000001,2021-05-17 00:00:00,2[電話] 09:07:19      ,GF ,380.0,380.0,110.0,,CUS_00587,1,0.0,0.0,                ,0.0,現金  ,,一般  ,0.0,380.0,0.0,是 ,[已隱蔽],,
1100518GF0000001,2021-05-18 00:00:00,2[電話] 09:23:48      ,GF ,500.0,500.0,145.0,,CUS_00587,1,0.0,0.0,                ,0.0,現金  ,,一般  ,0.0,500.0,0.0,是 ,[已隱蔽],,
1100519GF0000001,2021-05-19 00:00:00,2[電話] 09:17:11      ,GF ,6100.0,6100.0,1679.1,,CUS_00587,1,0.0,0.0,                ,0.0,現金  ,,一般  ,0.0,6100.0,0.0,是 ,[已隱蔽],,
1100520GF0000001,2021-05-20 00:00:00,2[電話] 08:59:07      ,GF ,500.0,500.0,250.0,,CUS_00587,1,0.0,0.0,                ,0.0,現金  ,,一般  ,0.0,500.0,0.0,是 ,[已隱蔽],,
1100521GF0000001,2021-05-21 00:00:00,2[電話] 09:17:05      ,GF ,2810.0,2810.0,1302.0,,CUS_00587,1,0.0,0.0,                ,0.0,現金  ,,一般  ,0.0,2810.0,0.0,是 ,[已隱蔽],,
1100524GF0000001,2021-05-24 00:00:00,2[電話] 09:55:03      ,GF ,1200.0,1200.0,480.0,,CUS_00587,1,0.0,0.0,                ,0.0,現金  ,,一般  ,0.0,1200.0,0.0,是 ,[已隱蔽],,
1100525GF0000001,2021-05-25 00:00:00,2[電話] 10:44:04      ,GF ,1700.0,1700.0,470.0,,CUS_00587,1,0.0,0.0,                ,0.0,現金  ,,一般  ,0.0,1700.0,0.0,是 ,[已隱蔽],,
1100528GF0000001,2021-05-28 00:00:00,2[電話] 16:40:12      ,GF ,1200.0,1200.0,570.0,,CUS_00587,1,0.0,0.0,                ,0.0,現金  ,,一般  ,0.0,1200.0,0.0,是 ,[已隱蔽],,
1100529GF0000001,2021-05-29 00:00:00,2[電話] 09:28:53      ,GF ,3150.0,3150.0,1420.0,,CUS_00587,1,0.0,0.0,                ,0.0,現金  ,,一般  ,0.0,3150.0,0.0,是 ,[已隱蔽],,
1100531GF0000001,2021-05-31 00:00:00,2[電話] 09:50:43      ,GF ,4900.0,4900.0,2410.0,,CUS_00587,1,0.0,0.0,                ,0.0,現金  ,,一般  ,0.0,4900.0,0.0,是 ,[已隱蔽],,
1100601GF0000002,2021-06-01 00:00:00,2[電話] 09:46:40      ,GF ,450.0,450.0,95.0,,CUS_00587,1,0.0,0.0,                ,0.0,現金  ,,一般  ,0.0,450.0,0.0,是 ,[已隱蔽],,
1100602GF0000002,2021-06-02 00:00:00,2[電話] 09:49:44      ,GF ,660.0,660.0,202.0,,CUS_00587,1,0.0,0.0,                ,0.0,現金  ,,一般  ,0.0,660.0,0.0,是 ,[已隱蔽],,
1100603GF0000001,2021-06-03 00:00:00,2[電話] 09:40:38      ,GF ,980.0,980.0,390.0,,CUS_00587,1,0.0,0.0,                ,0.0,現金  ,,一般  ,0.0,980.0,0.0,是 ,[已隱蔽],,
1100604GF0000001,2021-06-04 00:00:00,2[電話] 09:15:57      ,GF ,3950.0,3950.0,786.0,,CUS_00587,1,0.0,0.0,                ,0.0,現金  ,,一般  ,0.0,3950.0,0.0,是 ,[已隱蔽],,
1100605GF0000001,2021-06-05 00:00:00,2[電話] 09:50:30      ,GF ,5300.0,5300.0,1945.0,,CUS_00587,1,0.0,0.0,                ,0.0,現金  ,,一般  ,0.0,5300.0,0.0,是 ,[已隱蔽],,
1100607GF0000001,2021-06-07 00:00:00,2[電話] 09:24:56      ,GF ,450.0,450.0,70.0,,CUS_00587,1,0.0,0.0,                ,0.0,現金  ,,一般  ,0.0,450.0,0.0,是 ,[已隱蔽],,
1100608GF0000001,2021-06-08 00:00:00,2[電話] 09:10:08      ,GF ,4600.0,4600.0,2539.3,,CUS_00587,1,0.0,0.0,                ,0.0,現金  ,,一般  ,0.0,4600.0,0.0,是 ,[已隱蔽],,
1100609GF0000001,2021-06-09 00:00:00,2[電話] 09:48:28      ,GF ,1450.0,1450.0,583.5,,CUS_00587,1,0.0,0.0,                ,0.0,現金  ,,一般  ,0.0,1450.0,0.0,是 ,[已隱蔽],,
1100610GF0000001,2021-06-10 00:00:00,2[電話] 09:44:07      ,GF ,1700.0,1700.0,670.0,,CUS_00587,1,0.0,0.0,                ,0.0,現金  ,,一般  ,0.0,1700.0,0.0,是 ,[已隱蔽],,
1100611GF0000001,2021-06-11 00:00:00,2[電話] 09:19:47      ,GF ,1700.0,1700.0,700.0,,CUS_00587,1,0.0,0.0,                ,0.0,現金  ,,一般  ,0.0,1700.0,0.0,是 ,[已隱蔽],,
1100612GF0000001,2021-06-12 00:00:00,2[電話] 09:35:02      ,GF ,2850.0,2850.0,1055.0,,CUS_00587,1,0.0,0.0,                ,0.0,現金  ,,一般  ,0.0,2850.0,0.0,是 ,[已隱蔽],,
1100614GF0000001,2021-06-14 00:00:00,2[電話] 09:48:10      ,GF ,380.0,380.0,99.0,,CUS_00587,1,0.0,0.0,                ,0.0,現金  ,,一般  ,0.0,380.0,0.0,是 ,[已隱蔽],,
1100615GF0000001,2021-06-15 00:00:00,2[電話] 09:18:53      ,GF ,350.0,350.0,80.0,,CUS_00587,1,0.0,0.0,                ,0.0,現金  ,,一般  ,0.0,350.0,0.0,是 ,[已隱蔽],,
1100616GF0000001,2021-06-16 00:00:00,2[電話] 09:07:42      ,GF ,2310.0,2310.0,445.5,,CUS_00587,1,0.0,0.0,                ,0.0,現金  ,,一般  ,0.0,2310.0,0.0,是 ,[已隱蔽],,
1100618GF0000001,2021-06-18 00:00:00,2[電話] 08:27:10      ,GF ,1000.0,1000.0,225.0,,CUS_00587,1,0.0,0.0,                ,0.0,現金  ,,一般  ,0.0,1000.0,0.0,是 ,[已隱蔽],,
1100619GF0000001,2021-06-19 00:00:00,2[電話] 11:04:23      ,GF ,1025.0,1025.0,238.0,,CUS_00587,1,0.0,0.0,                ,0.0,現金  ,,一般  ,0.0,1025.0,0.0,是 ,[已隱蔽],,
1100621GF0000001,2021-06-21 00:00:00,2[電話] 08:53:05      ,GF ,3000.0,3000.0,803.6,,CUS_00587,1,0.0,0.0,                ,0.0,現金  ,,一般  ,0.0,3000.0,0.0,是 ,[已隱蔽],,
1100623GF0000001,2021-06-23 00:00:00,2[電話] 08:37:52      ,GF ,700.0,700.0,41.0,,CUS_00587,1,0.0,0.0,                ,0.0,現金  ,,一般  ,0.0,700.0,0.0,是 ,[已隱蔽],,
1100624GF0000001,2021-06-24 00:00:00,2[電話] 08:54:06      ,GF ,250.0,250.0,80.0,,CUS_00587,1,0.0,0.0,                ,0.0,現金  ,,一般  ,0.0,250.0,0.0,是 ,[已隱蔽],,
1100625GF0000001,2021-06-25 00:00:00,2[電話] 08:56:18      ,GF ,1900.0,1900.0,477.0,,CUS_00587,1,0.0,0.0,                ,0.0,現金  ,,一般  ,0.0,1900.0,0.0,是 ,[已隱蔽],,
1100626GF0000001,2021-06-26 00:00:00,2[電話] 09:29:45      ,GF ,3200.0,3200.0,1090.0,,CUS_00587,1,0.0,0.0,                ,0.0,現金  ,,一般  ,0.0,3200.0,0.0,是 ,[已隱蔽],,
1100628GF0000001,2021-06-28 00:00:00,2[電話] 08:51:06      ,GF ,2500.0,2500.0,1650.0,,CUS_00587,1,0.0,0.0,                ,0.0,現金  ,,一般  ,0.0,2500.0,0.0,是 ,[已隱蔽],,
1100629GF0000001,2021-06-29 00:00:00,2[電話] 08:49:52      ,GF ,3400.0,3400.0,870.0,,CUS_00587,1,0.0,0.0,                ,0.0,現金  ,,一般  ,0.0,3400.0,0.0,是 ,[已隱蔽],,
1100630GF0000001,2021-06-30 00:00:00,2[電話] 09:01:04      ,GF ,1650.0,1650.0,580.0,,CUS_00587,1,0.0,0.0,                ,0.0,現金  ,,一般  ,0.0,1650.0,0.0,是 ,[已隱蔽],,
1100701GF0000001,2021-07-01 00:00:00,2[電話] 10:11:37      ,GF ,860.0,860.0,390.0,,CUS_00587,1,0.0,0.0,                ,0.0,現金  ,,一般  ,0.0,860.0,0.0,是 ,[已隱蔽],,
1100702GF0000001,2021-07-02 00:00:00,2[電話] 08:50:54      ,GF ,750.0,750.0,255.0,,CUS_00587,1,0.0,0.0,                ,0.0,現金  ,,一般  ,0.0,750.0,0.0,是 ,[已隱蔽],,
1100703GF0000001,2021-07-03 00:00:00,2[電話] 08:52:25      ,GF ,6013.0,6013.0,3303.0,,CUS_00587,1,0.0,0.0,                ,0.0,現金  ,,一般  ,0.0,6013.0,0.0,是 ,[已隱蔽],,
1100705GF0000001,2021-07-05 00:00:00,2[電話] 08:53:39      ,GF ,3499.0,3499.0,1885.0,,CUS_00587,1,0.0,0.0,                ,0.0,現金  ,,一般  ,0.0,3499.0,0.0,是 ,[已隱蔽],,
1100706GF0000001,2021-07-06 00:00:00,2[電話] 09:27:44      ,GF ,520.0,520.0,124.5,,CUS_00587,1,0.0,0.0,                ,0.0,現金  ,,一般  ,0.0,520.0,0.0,是 ,[已隱蔽],,
1100707GF0000001,2021-07-07 00:00:00,2[電話] 08:57:37      ,GF ,3140.0,3140.0,1432.5,,CUS_00587,1,0.0,0.0,                ,0.0,現金  ,,一般  ,0.0,3140.0,0.0,是 ,[已隱蔽],,
1100708GF0000001,2021-07-08 00:00:00,2[電話] 08:50:47      ,GF ,4070.0,4070.0,1852.0,,CUS_00587,1,0.0,0.0,                ,0.0,現金  ,,一般  ,0.0,4070.0,0.0,是 ,[已隱蔽],,
1100709GF0000001,2021-07-09 00:00:00,2[電話] 08:54:11      ,GF ,3948.0,3948.0,1580.0,,CUS_00587,1,0.0,0.0,                ,0.0,現金  ,,一般  ,0.0,3948.0,0.0,是 ,[已隱蔽],,
1100710GF0000001,2021-07-10 00:00:00,2[電話] 09:58:16      ,GF ,1150.0,1150.0,510.0,,CUS_00587,1,0.0,0.0,                ,0.0,現金  ,,一般  ,0.0,1150.0,0.0,是 ,[已隱蔽],,
1100712GF0000001,2021-07-12 00:00:00,2[電話] 08:45:27      ,GF ,2800.0,2800.0,723.0,,CUS_00587,1,0.0,0.0,                ,0.0,現金  ,,一般  ,0.0,2800.0,0.0,是 ,[已隱蔽],,
1100713GF0000001,2021-07-13 00:00:00,2[電話] 08:52:33      ,GF ,4600.0,4600.0,2039.0,,CUS_00587,1,0.0,0.0,                ,0.0,現金  ,,一般  ,0.0,4600.0,0.0,是 ,[已隱蔽],,
1100714GF0000001,2021-07-14 00:00:00,2[電話] 08:45:37      ,GF ,2000.0,2000.0,1040.0,,CUS_00587,1,0.0,0.0,                ,0.0,現金  ,,一般  ,0.0,2000.0,0.0,是 ,[已隱蔽],,
1100715GF0000001,2021-07-15 00:00:00,2[電話] 08:52:29      ,GF ,0.0,0.0,0.0,,CUS_00587,1,0.0,0.0,                ,0.0,現金  ,,一般  ,0.0,0.0,0.0,是 ,[已隱蔽],,
1100715GF0000002,2021-07-15 00:00:00,2[電話] 15:00:24      ,GF ,6350.0,6350.0,2900.0,,CUS_00587,1,0.0,0.0,                ,0.0,現金  ,,一般  ,0.0,6350.0,0.0,是 ,[已隱蔽],,
1100716GF0000001,2021-07-16 00:00:00,2[電話] 08:50:45      ,GF ,3000.0,3000.0,170.0,,CUS_00587,1,0.0,0.0,                ,0.0,現金  ,,一般  ,0.0,3000.0,0.0,是 ,[已隱蔽],,
1100717GF0000001,2021-07-17 00:00:00,2[電話] 09:32:07      ,GF ,8600.0,8600.0,5310.0,,CUS_00587,1,0.0,0.0,                ,0.0,現金  ,,一般  ,0.0,8600.0,0.0,是 ,[已隱蔽],,
1100719GF0000001,2021-07-19 00:00:00,2[電話] 09:10:46      ,GF ,2599.0,2599.0,1005.0,,CUS_00587,1,0.0,0.0,                ,0.0,現金  ,,一般  ,0.0,2599.0,0.0,是 ,[已隱蔽],,
1100720GF0000001,2021-07-20 00:00:00,2[電話] 08:50:26      ,GF ,1180.0,1180.0,280.6,,CUS_00587,1,0.0,0.0,                ,0.0,現金  ,,一般  ,0.0,1180.0,0.0,是 ,[已隱蔽],,
1100721GF0000001,2021-07-21 00:00:00,2[電話] 08:58:57      ,GF ,650.0,650.0,270.0,,CUS_00587,1,0.0,0.0,                ,0.0,現金  ,,一般  ,0.0,650.0,0.0,是 ,[已隱蔽],,
1100722GF0000001,2021-07-22 00:00:00,2[電話] 08:55:58      ,GF ,1400.0,1400.0,640.0,,CUS_00587,1,0.0,0.0,                ,0.0,現金  ,,一般  ,0.0,1400.0,0.0,是 ,[已隱蔽],,
1100723GF0000001,2021-07-23 00:00:00,2[電話] 08:58:32      ,GF ,2600.0,2600.0,1270.0,,CUS_00587,1,0.0,0.0,                ,0.0,現金  ,,一般  ,0.0,2600.0,0.0,是 ,[已隱蔽],,
1100724GF0000001,2021-07-24 00:00:00,2[電話] 09:13:43      ,GF ,500.0,500.0,0.0,,CUS_00587,1,0.0,0.0,                ,0.0,現金  ,,一般  ,0.0,500.0,0.0,是 ,[已隱蔽],,
1100724GF0000002,2021-07-24 00:00:00,2[電話] 15:35:11      ,GF ,6100.0,6100.0,3478.0,,CUS_00587,1,0.0,0.0,                ,0.0,現金  ,,一般  ,0.0,6100.0,0.0,是 ,[已隱蔽],,
1100726GF0000001,2021-07-26 00:00:00,2[電話] 11:45:37      ,GF ,5050.0,5050.0,2620.0,,CUS_00587,1,0.0,0.0,                ,0.0,現金  ,,一般  ,0.0,5050.0,0.0,是 ,[已隱蔽],,
1100727GF0000001,2021-07-27 00:00:00,2[電話] 09:02:23      ,GF ,2050.0,2050.0,490.0,,CUS_00587,1,0.0,0.0,                ,0.0,現金  ,,一般  ,0.0,2050.0,0.0,是 ,[已隱蔽],,
1100728GF0000001,2021-07-28 00:00:00,2[電話] 08:50:33      ,GF ,7950.0,7950.0,3775.0,,CUS_00587,1,0.0,0.0,                ,0.0,現金  ,,一般  ,0.0,7950.0,0.0,是 ,[已隱蔽],,
1100729GF0000001,2021-07-29 00:00:00,2[電話] 08:48:00      ,GF ,3110.0,3110.0,310.0,,CUS_00587,1,0.0,0.0,                ,0.0,現金  ,,一般  ,0.0,3110.0,0.0,是 ,[已隱蔽],,
1100730GF0000001,2021-07-30 00:00:00,2[電話] 08:58:34      ,GF ,1100.0,1100.0,410.0,,CUS_00587,1,0.0,0.0,                ,0.0,現金  ,,一般  ,0.0,1100.0,0.0,是 ,[已隱蔽],,
1100731GF0000001,2021-07-31 00:00:00,2[電話] 09:31:50      ,GF ,700.0,700.0,500.0,,CUS_00587,1,0.0,0.0,                ,0.0,現金  ,,一般  ,0.0,700.0,0.0,是 ,[已隱蔽],,
1100802GF0000001,2021-08-02 00:00:00,2[電話] 08:53:07      ,GF ,1160.0,1160.0,568.0,,CUS_00587,1,0.0,0.0,                ,0.0,現金  ,,一般  ,0.0,1160.0,0.0,是 ,[已隱蔽],,
1100803GF0000001,2021-08-03 00:00:00,2[電話] 08:22:35      ,GF ,7450.0,7450.0,4255.0,,CUS_00587,1,0.0,0.0,                ,0.0,現金  ,,一般  ,0.0,7450.0,0.0,是 ,[已隱蔽],,
1100804GF0000001,2021-08-04 00:00:00,2[電話] 08:53:01      ,GF ,1700.0,1700.0,695.0,,CUS_00587,1,0.0,0.0,                ,0.0,現金  ,,一般  ,0.0,1700.0,0.0,是 ,[已隱蔽],,
1100805GF0000001,2021-08-05 00:00:00,2[電話] 08:49:19      ,GF ,2800.0,2800.0,875.0,,CUS_00587,1,0.0,0.0,                ,0.0,現金  ,,一般  ,0.0,2800.0,0.0,是 ,[已隱蔽],,
1100807GF0000001,2021-08-07 00:00:00,2[電話] 09:26:18      ,GF ,7550.0,7550.0,4540.0,,CUS_00587,1,0.0,0.0,                ,0.0,現金  ,,一般  ,0.0,7550.0,0.0,是 ,[已隱蔽],,
1100809GF0000001,2021-08-09 00:00:00,2[電話] 08:58:25      ,GF ,4849.0,4849.0,1655.0,,CUS_00587,1,0.0,0.0,                ,0.0,現金  ,,一般  ,0.0,4849.0,0.0,是 ,[已隱蔽],,
1100806GF0000003,2021-08-06 00:00:00,2[電話] 10:42:23      ,GF ,5550.0,5550.0,2160.0,,CUS_00587,1,0.0,0.0,                ,0.0,現金  ,,一般  ,0.0,5550.0,0.0,是 ,[已隱蔽],,
1100810GF0000001,2021-08-10 00:00:00,2[電話] 08:42:21      ,GF ,2425.0,2425.0,1060.0,,CUS_00587,1,0.0,0.0,                ,0.0,現金  ,,一般  ,0.0,2425.0,0.0,是 ,[已隱蔽],,
1100811GF0000001,2021-08-11 00:00:00,2[電話] 08:50:51      ,GF ,1569.0,1569.0,657.0,,CUS_00587,1,0.0,0.0,                ,0.0,現金  ,,一般  ,0.0,1569.0,0.0,是 ,[已隱蔽],,
1100812GF0000001,2021-08-12 00:00:00,2[電話] 08:47:26      ,GF ,0.0,0.0,0.0,,CUS_00587,1,0.0,0.0,                ,0.0,現金  ,,一般  ,0.0,0.0,0.0,是 ,[已隱蔽],,
1100813GF0000001,2021-08-13 00:00:00,2[電話] 08:49:48      ,GF ,250.0,250.0,83.0,,CUS_00587,1,0.0,0.0,                ,0.0,現金  ,,一般  ,0.0,250.0,0.0,是 ,[已隱蔽],,
1100814GF0000001,2021-08-14 00:00:00,2[電話] 09:21:25      ,GF ,2950.0,2950.0,1265.0,,CUS_00587,1,0.0,0.0,                ,0.0,現金  ,,一般  ,0.0,2950.0,0.0,是 ,[已隱蔽],,
1100816GF0000001,2021-08-16 00:00:00,2[電話] 08:52:49      ,GF ,5100.0,5100.0,1305.0,,CUS_00587,1,0.0,0.0,                ,0.0,現金  ,,一般  ,0.0,5100.0,0.0,是 ,[已隱蔽],,
1100817GF0000001,2021-08-17 00:00:00,2[電話] 08:48:46      ,GF ,2260.0,2260.0,925.0,,CUS_00587,1,0.0,0.0,                ,0.0,現金  ,,一般  ,0.0,2260.0,0.0,是 ,[已隱蔽],,
1100818GF0000001,2021-08-18 00:00:00,2[電話] 08:58:22      ,GF ,2400.0,2400.0,813.0,,CUS_00587,1,0.0,0.0,                ,0.0,現金  ,,一般  ,0.0,2400.0,0.0,是 ,[已隱蔽],,
1100819GF0000001,2021-08-19 00:00:00,2[電話] 09:02:44      ,GF ,550.0,550.0,115.0,,CUS_00587,1,0.0,0.0,                ,0.0,現金  ,,一般  ,0.0,550.0,0.0,是 ,[已隱蔽],,
1100820GF0000001,2021-08-20 00:00:00,2[電話] 08:57:45      ,GF ,3010.0,3010.0,1040.0,,CUS_00587,1,0.0,0.0,                ,0.0,現金  ,,一般  ,0.0,3010.0,0.0,是 ,[已隱蔽],,
1100821GF0000001,2021-08-21 00:00:00,2[電話] 08:49:38      ,GF ,3049.0,3049.0,898.6,,CUS_00587,1,0.0,0.0,                ,0.0,現金  ,,一般  ,0.0,3049.0,0.0,是 ,[已隱蔽],,
1100823GF0000001,2021-08-23 00:00:00,2[電話] 08:50:20      ,GF ,1350.0,1350.0,245.0,,CUS_00587,1,0.0,0.0,                ,0.0,現金  ,,一般  ,0.0,1350.0,0.0,是 ,[已隱蔽],,
1100824GF0000001,2021-08-24 00:00:00,2[電話] 07:55:45      ,GF ,2000.0,2000.0,1400.0,,CUS_00587,1,0.0,0.0,                ,0.0,現金  ,,一般  ,0.0,2000.0,0.0,是 ,[已隱蔽],,
1100825GF0000001,2021-08-25 00:00:00,2[電話] 08:56:34      ,GF ,1500.0,1500.0,500.0,,CUS_00587,1,0.0,0.0,                ,0.0,現金  ,,一般  ,0.0,1500.0,0.0,是 ,[已隱蔽],,1.0
1100826GF0000001,2021-08-26 00:00:00,2[電話] 08:54:30      ,GF ,200.0,200.0,110.0,,CUS_00587,1,0.0,0.0,                ,0.0,現金  ,,一般  ,0.0,200.0,0.0,是 ,[已隱蔽],,
1100827GF0000001,2021-08-27 00:00:00,2[電話] 08:57:21      ,GF ,1900.0,1900.0,748.0,,CUS_00587,1,0.0,0.0,                ,0.0,現金  ,,一般  ,0.0,1900.0,0.0,是 ,[已隱蔽],,
1100828GF0000001,2021-08-28 00:00:00,2[電話] 09:26:09      ,GF ,500.0,500.0,87.5,,CUS_00587,1,0.0,0.0,                ,0.0,現金  ,,一般  ,0.0,500.0,0.0,是 ,[已隱蔽],,
1100901GF0000001,2021-09-01 00:00:00,2[電話] 09:00:13      ,GF ,1270.0,1270.0,438.0,,CUS_00587,1,0.0,0.0,                ,0.0,現金  ,,一般  ,0.0,1270.0,0.0,是 ,[已隱蔽],,
1100902GF0000001,2021-09-02 00:00:00,2[電話] 08:56:36      ,GF ,350.0,350.0,100.0,,CUS_00587,1,0.0,0.0,                ,0.0,現金  ,,一般  ,0.0,350.0,0.0,是 ,[已隱蔽],,
1100903GF0000001,2021-09-03 00:00:00,2[電話] 09:02:22      ,GF ,4310.0,4310.0,2755.0,,CUS_00587,1,0.0,0.0,                ,0.0,現金  ,,一般  ,0.0,4310.0,0.0,是 ,[已隱蔽],,
1100904GF0000001,2021-09-04 00:00:00,2[電話] 09:18:16      ,GF ,7130.0,7130.0,1900.0,,CUS_00587,1,0.0,0.0,                ,0.0,現金  ,,一般  ,0.0,7130.0,0.0,是 ,[已隱蔽],,
1100906GF0000001,2021-09-06 00:00:00,2[電話] 08:56:44      ,GF ,4600.0,4600.0,1301.3,,CUS_00587,1,0.0,0.0,                ,0.0,現金  ,,一般  ,0.0,4600.0,0.0,是 ,[已隱蔽],,
1100907GF0000001,2021-09-07 00:00:00,2[電話] 08:54:26      ,GF ,3900.0,3900.0,1190.0,,CUS_00587,1,0.0,0.0,                ,0.0,現金  ,,一般  ,0.0,3900.0,0.0,是 ,[已隱蔽],,
1100908GF0000001,2021-09-08 00:00:00,2[電話] 09:14:30      ,GF ,100.0,100.0,50.0,,CUS_00587,1,0.0,0.0,                ,0.0,現金  ,,一般  ,0.0,100.0,0.0,是 ,[已隱蔽],,
1100909GF0000001,2021-09-09 00:00:00,2[電話] 09:04:41      ,GF ,900.0,900.0,300.0,,CUS_00587,1,0.0,0.0,                ,0.0,現金  ,,一般  ,0.0,900.0,0.0,是 ,[已隱蔽],,
1100910GF0000001,2021-09-10 00:00:00,2[電話] 08:51:34      ,GF ,2440.0,2440.0,815.0,,CUS_00587,1,0.0,0.0,                ,0.0,現金  ,,一般  ,0.0,2440.0,0.0,是 ,[已隱蔽],,
1100911GF0000001,2021-09-11 00:00:00,2[電話] 08:54:53      ,GF ,2800.0,2800.0,2215.0,,CUS_00587,1,0.0,0.0,                ,0.0,現金  ,,一般  ,0.0,2800.0,0.0,是 ,[已隱蔽],,
1100913GF0000001,2021-09-13 00:00:00,2[電話] 08:57:56      ,GF ,1400.0,1400.0,310.0,,CUS_00587,1,0.0,0.0,                ,0.0,現金  ,,一般  ,0.0,1400.0,0.0,是 ,[已隱蔽],,
1100914GF0000001,2021-09-14 00:00:00,2[電話] 08:58:27      ,GF ,400.0,400.0,140.0,,CUS_00587,1,0.0,0.0,                ,0.0,現金  ,,一般  ,0.0,400.0,0.0,是 ,[已隱蔽],,
1100915GF0000001,2021-09-15 00:00:00,2[電話] 09:00:54      ,GF ,4449.0,4449.0,3340.0,,CUS_00587,1,0.0,0.0,                ,0.0,現金  ,,一般  ,0.0,4449.0,0.0,是 ,[已隱蔽],,
1100916GF0000001,2021-09-16 00:00:00,2[電話] 08:57:46      ,GF ,8400.0,8400.0,4280.0,,CUS_00587,1,0.0,0.0,                ,0.0,現金  ,,一般  ,0.0,8400.0,0.0,是 ,[已隱蔽],,
1100917GF0000001,2021-09-17 00:00:00,2[電話] 09:08:25      ,GF ,1600.0,1600.0,525.0,,CUS_00587,1,0.0,0.0,                ,0.0,現金  ,,一般  ,0.0,1600.0,0.0,是 ,[已隱蔽],,
1100918GF0000001,2021-09-18 00:00:00,2[電話] 10:40:29      ,GF ,770.0,770.0,66.0,,CUS_00587,1,0.0,0.0,                ,0.0,現金  ,,一般  ,0.0,770.0,0.0,是 ,[已隱蔽],,
1100922GF0000001,2021-09-22 00:00:00,2[電話] 09:14:12      ,GF ,18947.0,18947.0,10870.0,,CUS_00587,1,0.0,0.0,                ,0.0,現金  ,,一般  ,0.0,18947.0,0.0,是 ,[已隱蔽],,
1100923GF0000001,2021-09-23 00:00:00,2[電話] 08:56:07      ,GF ,1200.0,1200.0,410.5,,CUS_00587,1,0.0,0.0,                ,0.0,現金  ,,一般  ,0.0,1200.0,0.0,是 ,[已隱蔽],,
1100924GF0000001,2021-09-24 00:00:00,2[電話] 10:38:37      ,GF ,940.0,940.0,282.0,,CUS_00587,1,0.0,0.0,                ,0.0,現金  ,,一般  ,0.0,940.0,0.0,是 ,[已隱蔽],,
1100925GF0000001,2021-09-25 00:00:00,2[電話] 09:17:08      ,GF ,3440.0,3440.0,1682.0,,CUS_00587,1,0.0,0.0,                ,0.0,現金  ,,一般  ,0.0,3440.0,0.0,是 ,[已隱蔽],,
1100927GF0000001,2021-09-27 00:00:00,2[電話] 09:02:28      ,GF ,1250.0,1250.0,600.0,,CUS_00587,1,0.0,0.0,                ,0.0,現金  ,,一般  ,0.0,1250.0,0.0,是 ,[已隱蔽],,
1100928GF0000001,2021-09-28 00:00:00,2[電話] 09:11:16      ,GF ,1530.0,1530.0,890.0,,CUS_00587,1,0.0,0.0,                ,0.0,現金  ,,一般  ,0.0,1530.0,0.0,是 ,[已隱蔽],,
1100929GF0000002,2021-09-29 00:00:00,2[電話] 15:17:10      ,GF ,3050.0,3050.0,1120.0,,,1,0.0,0.0,                ,0.0,現金  ,,,0.0,3050.0,0.0,是 ,[已隱蔽],,
1100930GF0000001,2021-09-30 00:00:00,2[電話] 09:22:11      ,GF ,1980.0,1980.0,419.8,,CUS_00587,1,0.0,0.0,                ,0.0,現金  ,,一般  ,0.0,1980.0,0.0,是 ,[已隱蔽],,
1101001GF0000001,2021-10-01 00:00:00,2[電話] 09:16:52      ,GF ,3000.0,3000.0,405.0,,CUS_00587,1,0.0,0.0,                ,0.0,現金  ,,一般  ,0.0,3000.0,0.0,是 ,[已隱蔽],,
1101002GF0000001,2021-10-02 00:00:00,2[電話] 09:43:38      ,GF ,300.0,300.0,100.0,,CUS_00587,1,0.0,0.0,                ,0.0,現金  ,,一般  ,0.0,300.0,0.0,是 ,[已隱蔽],,
1101113GF0000001,2021-11-13 00:00:00,2[電話] 11:09:25      ,GF ,9850.0,9850.0,5416.0,,CUS_00587,1,0.0,0.0,                ,0.0,現金  ,,一般  ,0.0,9850.0,0.0,是 ,[已隱蔽],,
1101004GF0000001,2021-10-04 00:00:00,2[電話] 09:23:27      ,GF ,1850.0,1850.0,808.0,,CUS_00587,1,0.0,0.0,                ,0.0,現金  ,,一般  ,0.0,1850.0,0.0,是 ,[已隱蔽],,
1101005GF0000001,2021-10-05 00:00:00,2[電話] 08:52:54      ,GF ,4620.0,4620.0,1661.0,,CUS_00587,1,0.0,0.0,                ,0.0,現金  ,,一般  ,0.0,4620.0,0.0,是 ,[已隱蔽],,
1101006GF0000001,2021-10-06 00:00:00,2[電話] 09:03:46      ,GF ,2150.0,2150.0,617.0,,CUS_00587,1,0.0,0.0,                ,0.0,現金  ,,一般  ,0.0,2150.0,0.0,是 ,[已隱蔽],,
1101007GF0000001,2021-10-07 00:00:00,2[電話] 09:08:36      ,GF ,1450.0,1450.0,668.0,,CUS_00587,1,0.0,0.0,                ,0.0,現金  ,,一般  ,0.0,1450.0,0.0,是 ,[已隱蔽],,
1101008GF0000001,2021-10-08 00:00:00,2[電話] 09:01:47      ,GF ,950.0,950.0,263.0,,CUS_00587,1,0.0,0.0,                ,0.0,現金  ,,一般  ,0.0,950.0,0.0,是 ,[已隱蔽],,
1101009GF0000001,2021-10-09 00:00:00,2[電話] 09:33:50      ,GF ,5650.0,5650.0,1871.9,,CUS_00587,1,0.0,0.0,                ,0.0,現金  ,,一般  ,0.0,5650.0,0.0,是 ,[已隱蔽],,
1101011GF0000001,2021-10-11 00:00:00,2[電話] 10:41:51      ,GF ,300.0,300.0,150.0,,CUS_00587,1,0.0,0.0,                ,0.0,現金  ,,一般  ,0.0,300.0,0.0,是 ,[已隱蔽],,
1101012GF0000001,2021-10-12 00:00:00,2[電話] 09:03:15      ,GF ,1000.0,1000.0,420.0,,CUS_00587,1,0.0,0.0,                ,0.0,現金  ,,一般  ,0.0,1000.0,0.0,是 ,[已隱蔽],,
1101013GF0000001,2021-10-13 00:00:00,2[電話] 08:58:09      ,GF ,3399.0,3399.0,1218.0,,CUS_00587,1,0.0,0.0,                ,0.0,現金  ,,一般  ,0.0,3399.0,0.0,是 ,[已隱蔽],,
1101014GF0000001,2021-10-14 00:00:00,2[電話] 08:56:55      ,GF ,2450.0,2450.0,966.0,,CUS_00587,1,0.0,0.0,                ,0.0,現金  ,,一般  ,0.0,2450.0,0.0,是 ,[已隱蔽],,
1101016GF0000001,2021-10-16 00:00:00,2[電話] 09:25:33      ,GF ,2610.0,2610.0,1230.0,,CUS_00587,1,0.0,0.0,                ,0.0,現金  ,,一般  ,0.0,2610.0,0.0,是 ,[已隱蔽],,
1101018GF0000001,2021-10-18 00:00:00,2[電話] 08:53:57      ,GF ,2110.0,2110.0,893.9,,CUS_00587,1,0.0,0.0,                ,0.0,現金  ,,一般  ,0.0,2110.0,0.0,是 ,[已隱蔽],,
1101019GF0000001,2021-10-19 00:00:00,2[電話] 14:28:17      ,GF ,3700.0,3700.0,1785.0,,CUS_00587,1,0.0,0.0,                ,0.0,現金  ,,一般  ,0.0,3700.0,0.0,是 ,[已隱蔽],,
1101020GF0000001,2021-10-20 00:00:00,2[電話] 09:00:59      ,GF ,3150.0,3150.0,1975.0,,CUS_00587,1,0.0,0.0,                ,0.0,現金  ,,一般  ,0.0,3150.0,0.0,是 ,[已隱蔽],,
1101022GF0000001,2021-10-22 00:00:00,2[電話] 11:41:01      ,GF ,400.0,400.0,130.0,,CUS_00587,1,0.0,0.0,                ,0.0,現金  ,,一般  ,0.0,400.0,0.0,是 ,[已隱蔽],,
1101023GF0000001,2021-10-23 00:00:00,2[電話] 09:17:22      ,GF ,1450.0,1450.0,540.0,,CUS_00587,1,0.0,0.0,                ,0.0,現金  ,,一般  ,0.0,1450.0,0.0,是 ,[已隱蔽],,
1101115GF0000001,2021-11-15 00:00:00,2[電話] 08:53:58      ,GF ,650.0,650.0,260.0,,CUS_00587,1,0.0,0.0,                ,0.0,現金  ,,一般  ,0.0,650.0,0.0,是 ,[已隱蔽],,
1101116GF0000001,2021-11-16 00:00:00,2[電話] 07:46:17      ,GF ,2500.0,2500.0,975.0,,CUS_00587,1,0.0,0.0,                ,0.0,現金  ,,一般  ,0.0,2500.0,0.0,是 ,[已隱蔽],,
1101026GF0000002,2021-10-26 00:00:00,2[電話] 10:09:36      ,GF ,930.0,930.0,458.0,,CUS_00587,1,0.0,0.0,                ,0.0,現金  ,,一般  ,0.0,930.0,0.0,是 ,[已隱蔽],,
1101027GF0000001,2021-10-27 00:00:00,2[電話] 10:05:25      ,GF ,2350.0,2350.0,585.0,,CUS_00587,1,0.0,0.0,                ,0.0,現金  ,,一般  ,0.0,2350.0,0.0,是 ,[已隱蔽],,
1101028GF0000001,2021-10-28 00:00:00,2[電話] 08:59:07      ,GF ,3800.0,3800.0,1365.0,,CUS_00587,1,0.0,0.0,                ,0.0,現金  ,,一般  ,0.0,3800.0,0.0,是 ,[已隱蔽],,
1101029GF0000001,2021-10-29 00:00:00,2[電話] 09:02:32      ,GF ,2729.0,2729.0,1230.0,,CUS_00587,1,0.0,0.0,                ,0.0,現金  ,,一般  ,0.0,2729.0,0.0,是 ,[已隱蔽],,
1101030GF0000001,2021-10-30 00:00:00,2[電話] 09:13:03      ,GF ,5300.0,5300.0,2653.6,,CUS_00587,1,0.0,0.0,                ,0.0,現金  ,,一般  ,0.0,5300.0,0.0,是 ,[已隱蔽],,
1101103GF0000001,2021-11-03 00:00:00,2[電話] 09:07:57      ,GF ,3000.0,3000.0,1220.0,,CUS_00587,1,0.0,0.0,                ,0.0,現金  ,,一般  ,0.0,3000.0,0.0,是 ,[已隱蔽],,
1101104GF0000001,2021-11-04 00:00:00,2[電話] 10:00:29      ,GF ,650.0,650.0,255.0,,CUS_00587,1,0.0,0.0,                ,0.0,現金  ,,一般  ,0.0,650.0,0.0,是 ,[已隱蔽],,
1101105GF0000001,2021-11-05 00:00:00,2[電話] 07:34:10      ,GF ,1000.0,1000.0,300.0,,CUS_00587,1,0.0,0.0,                ,0.0,現金  ,,一般  ,0.0,1000.0,0.0,是 ,[已隱蔽],,
1101110GF0000001,2021-11-10 00:00:00,2[電話] 08:51:13      ,GF ,4049.0,4049.0,1805.0,,CUS_00587,1,0.0,0.0,                ,0.0,現金  ,,一般  ,0.0,4049.0,0.0,是 ,[已隱蔽],,
1101111GF0000001,2021-11-11 00:00:00,2[電話] 09:06:07      ,GF ,2170.0,2170.0,921.4,,CUS_00587,1,0.0,0.0,                ,0.0,現金  ,,一般  ,0.0,2170.0,0.0,是 ,[已隱蔽],,
1101112GF0000001,2021-11-12 00:00:00,2[電話] 09:05:00      ,GF ,980.0,980.0,432.0,,CUS_00587,1,0.0,0.0,                ,0.0,現金  ,,一般  ,0.0,980.0,0.0,是 ,[已隱蔽],,
1101117GF0000001,2021-11-17 00:00:00,2[電話] 08:56:56      ,GF ,1270.0,1270.0,588.7,,CUS_00587,1,0.0,0.0,                ,0.0,現金  ,,一般  ,0.0,1270.0,0.0,是 ,[已隱蔽],,
1101118GF0000001,2021-11-18 00:00:00,2[電話] 08:50:05      ,GF ,2110.0,2110.0,1321.0,,CUS_00587,1,0.0,0.0,                ,0.0,現金  ,,一般  ,0.0,2110.0,0.0,是 ,[已隱蔽],,
1101119GF0000001,2021-11-19 00:00:00,2[電話] 07:59:38      ,GF ,4240.0,4240.0,1858.0,,CUS_00587,1,0.0,0.0,                ,0.0,現金  ,,一般  ,0.0,4240.0,0.0,是 ,[已隱蔽],,
1101120GF0000001,2021-11-20 00:00:00,2[電話] 09:27:18      ,GF ,3750.0,3750.0,1353.0,,CUS_00587,1,0.0,0.0,                ,0.0,現金  ,,一般  ,0.0,3750.0,0.0,是 ,[已隱蔽],,
1101122GF0000001,2021-11-22 00:00:00,2[電話] 08:59:29      ,GF ,350.0,350.0,95.0,,CUS_00587,1,0.0,0.0,                ,0.0,現金  ,,一般  ,0.0,350.0,0.0,是 ,[已隱蔽],,
1101123GF0000001,2021-11-23 00:00:00,2[電話] 09:01:47      ,GF ,50.0,50.0,5.0,,CUS_00587,1,0.0,0.0,                ,0.0,現金  ,,一般  ,0.0,50.0,0.0,是 ,[已隱蔽],,
1101124GF0000001,2021-11-24 00:00:00,2[電話] 08:58:18      ,GF ,5564.0,5564.0,2009.5,,CUS_00587,1,0.0,0.0,                ,0.0,現金  ,,一般  ,0.0,5564.0,0.0,是 ,[已隱蔽],,
1110416GF0000001,2022-04-16 00:00:00,2[電話] 08:54:06      ,GF ,2150.0,2150.0,1019.0,,CUS_00587,1,0.0,0.0,                ,0.0,現金  ,,一般  ,0.0,2150.0,0.0,是 ,[已隱蔽],,
1110419GF0000001,2022-04-19 00:00:00,2[電話] 08:41:04      ,GF ,2000.0,2000.0,930.0,,CUS_00587,1,0.0,0.0,                ,0.0,現金  ,,一般  ,0.0,2000.0,0.0,是 ,[已隱蔽],,
1110420GF0000001,2022-04-20 00:00:00,2[電話] 09:03:13      ,GF ,1000.0,1000.0,295.4,,CUS_00587,1,0.0,0.0,                ,0.0,現金  ,,一般  ,0.0,1000.0,0.0,是 ,[已隱蔽],,
1110421GF0000001,2022-04-21 00:00:00,2[電話] 08:50:10      ,GF ,6980.0,6980.0,3933.0,,CUS_00587,1,0.0,0.0,                ,0.0,現金  ,,一般  ,0.0,6980.0,0.0,是 ,[已隱蔽],,
1110422GF0000001,2022-04-22 00:00:00,2[電話] 07:48:19      ,GF ,1150.0,1150.0,421.6,,CUS_00587,1,0.0,0.0,                ,0.0,現金  ,,一般  ,0.0,1150.0,0.0,是 ,[已隱蔽],,
1110423GF0000001,2022-04-23 00:00:00,2[電話] 09:57:31      ,GF ,1210.0,1210.0,491.0,,CUS_00587,1,0.0,0.0,                ,0.0,現金  ,,一般  ,0.0,1210.0,0.0,是 ,[已隱蔽],,
1110425GF0000001,2022-04-25 00:00:00,2[電話] 08:54:35      ,GF ,1400.0,1400.0,560.0,,CUS_00587,1,0.0,0.0,                ,0.0,現金  ,,一般  ,0.0,1400.0,0.0,是 ,[已隱蔽],,
1110426GF0000001,2022-04-26 00:00:00,2[電話] 08:53:46      ,GF ,2499.0,2499.0,648.0,,CUS_00587,1,0.0,0.0,                ,0.0,現金  ,,一般  ,0.0,2499.0,0.0,是 ,[已隱蔽],,
1110429GF0000001,2022-04-29 00:00:00,2[電話] 08:54:56      ,GF ,450.0,450.0,195.0,,CUS_00587,1,0.0,0.0,                ,0.0,現金  ,,一般  ,0.0,450.0,0.0,是 ,[已隱蔽],,
1101125GF0000001,2021-11-25 00:00:00,2[電話] 10:33:11      ,GF ,4050.0,4050.0,2100.0,,CUS_00587,1,0.0,0.0,                ,0.0,現金  ,,一般  ,0.0,4050.0,0.0,是 ,[已隱蔽],,
1101126GF0000002,2021-11-26 00:00:00,2[電話] 09:27:39      ,GF ,350.0,350.0,80.0,,CUS_00587,1,0.0,0.0,                ,0.0,現金  ,,一般  ,0.0,350.0,0.0,是 ,[已隱蔽],,
1101127GF0000002,2021-11-27 00:00:00,2[電話] 10:05:53      ,GF ,4250.0,4250.0,2856.0,,CUS_00587,1,0.0,0.0,                ,0.0,現金  ,,一般  ,0.0,4250.0,0.0,是 ,[已隱蔽],,
1101129GF0000001,2021-11-29 00:00:00,2[電話] 09:16:24      ,GF ,1500.0,1500.0,3.4,,CUS_00587,1,0.0,0.0,                ,0.0,現金  ,,一般  ,0.0,1500.0,0.0,是 ,[已隱蔽],,
1101130GF0000001,2021-11-30 00:00:00,2[電話] 08:53:43      ,GF ,1500.0,1500.0,610.0,,CUS_00587,1,0.0,0.0,                ,0.0,現金  ,,一般  ,0.0,1500.0,0.0,是 ,[已隱蔽],,
1101201GF0000001,2021-12-01 00:00:00,2[電話] 07:59:02      ,GF ,3650.0,3650.0,1602.0,,CUS_00587,1,0.0,0.0,                ,0.0,現金  ,,一般  ,0.0,3650.0,0.0,是 ,[已隱蔽],,
1101202GF0000001,2021-12-02 00:00:00,2[電話] 08:55:11      ,GF ,1000.0,1000.0,170.0,,CUS_00587,1,0.0,0.0,                ,0.0,現金  ,,一般  ,0.0,1000.0,0.0,是 ,[已隱蔽],,
1101203GF0000001,2021-12-03 00:00:00,2[電話] 08:03:44      ,GF ,1300.0,1300.0,700.0,,CUS_00587,1,0.0,0.0,                ,0.0,現金  ,,一般  ,0.0,1300.0,0.0,是 ,[已隱蔽],,
1101204GF0000001,2021-12-04 00:00:00,2[電話] 09:09:49      ,GF ,5930.0,5930.0,3033.0,,CUS_00587,1,0.0,0.0,                ,0.0,現金  ,,一般  ,0.0,5930.0,0.0,是 ,[已隱蔽],,
1101206GF0000001,2021-12-06 00:00:00,2[電話] 08:50:21      ,GF ,2950.0,2950.0,2222.0,,CUS_00587,1,0.0,0.0,                ,0.0,現金  ,,一般  ,0.0,2950.0,0.0,是 ,[已隱蔽],,
1101207GF0000001,2021-12-07 00:00:00,2[電話] 09:38:22      ,GF ,2350.0,2350.0,945.0,,CUS_00587,1,0.0,0.0,                ,0.0,現金  ,,一般  ,0.0,2350.0,0.0,是 ,[已隱蔽],,
1101208GF0000001,2021-12-08 00:00:00,2[電話] 09:01:33      ,GF ,4100.0,4100.0,1793.0,,CUS_00587,1,0.0,0.0,                ,0.0,現金  ,,一般  ,0.0,4100.0,0.0,是 ,[已隱蔽],,
1101209GF0000001,2021-12-09 00:00:00,2[電話] 09:17:52      ,GF ,1520.0,1520.0,496.0,,CUS_00587,1,0.0,0.0,                ,0.0,現金  ,,一般  ,0.0,1520.0,0.0,是 ,[已隱蔽],,
1101210GF0000001,2021-12-10 00:00:00,2[電話] 08:56:40      ,GF ,1650.0,1650.0,650.0,,CUS_00587,1,0.0,0.0,                ,0.0,現金  ,,一般  ,0.0,1650.0,0.0,是 ,[已隱蔽],,
1101211GF0000001,2021-12-11 00:00:00,2[電話] 09:16:13      ,GF ,850.0,850.0,151.5,,CUS_00587,1,0.0,0.0,                ,0.0,現金  ,,一般  ,0.0,850.0,0.0,是 ,[已隱蔽],,
1101213GF0000001,2021-12-13 00:00:00,2[電話] 08:52:16      ,GF ,1820.0,1820.0,478.0,,CUS_00587,1,0.0,0.0,                ,0.0,現金  ,,一般  ,0.0,1820.0,0.0,是 ,[已隱蔽],,
1101214GF0000001,2021-12-14 00:00:00,2[電話] 08:44:08      ,GF ,2970.0,2970.0,1498.4,,CUS_00587,1,0.0,0.0,                ,0.0,現金  ,,一般  ,0.0,2970.0,0.0,是 ,[已隱蔽],,
1101215GF0000001,2021-12-15 00:00:00,2[電話] 08:50:12      ,GF ,3050.0,3050.0,1048.0,,CUS_00587,1,0.0,0.0,                ,0.0,現金  ,,一般  ,0.0,3050.0,0.0,是 ,[已隱蔽],,
1101216GF0000001,2021-12-16 00:00:00,2[電話] 08:28:21      ,GF ,2750.0,2750.0,1325.0,,CUS_00587,1,0.0,0.0,                ,0.0,現金  ,,一般  ,0.0,2750.0,0.0,是 ,[已隱蔽],,
1101217GF0000001,2021-12-17 00:00:00,2[電話] 08:01:27      ,GF ,3349.0,3349.0,1430.0,,CUS_00587,1,0.0,0.0,                ,0.0,現金  ,,一般  ,0.0,3349.0,0.0,是 ,[已隱蔽],,
1101218GF0000001,2021-12-18 00:00:00,2[電話] 09:22:17      ,GF ,0.0,0.0,0.0,,CUS_00587,1,0.0,0.0,                ,0.0,現金  ,,一般  ,0.0,0.0,0.0,是 ,[已隱蔽],,
1101220GF0000001,2021-12-20 00:00:00,2[電話] 08:46:15      ,GF ,350.0,350.0,80.0,,CUS_00587,1,0.0,0.0,                ,0.0,現金  ,,一般  ,0.0,350.0,0.0,是 ,[已隱蔽],,
1101221GF0000001,2021-12-21 00:00:00,2[電話] 07:59:33      ,GF ,2490.0,2490.0,1070.0,,CUS_00587,1,0.0,0.0,                ,0.0,現金  ,,一般  ,0.0,2490.0,0.0,是 ,[已隱蔽],,
1101222GF0000001,2021-12-22 00:00:00,2[電話] 08:48:33      ,GF ,400.0,400.0,140.0,,CUS_00587,1,0.0,0.0,                ,0.0,現金  ,,一般  ,0.0,400.0,0.0,是 ,[已隱蔽],,
1101223GF0000001,2021-12-23 00:00:00,2[電話] 08:56:55      ,GF ,700.0,700.0,60.0,,CUS_00587,1,0.0,0.0,                ,0.0,現金  ,,一般  ,0.0,700.0,0.0,是 ,[已隱蔽],,
1101224GF0000001,2021-12-24 00:00:00,2[電話] 08:56:23      ,GF ,2450.0,2450.0,1113.0,,CUS_00587,1,0.0,0.0,                ,0.0,現金  ,,一般  ,0.0,2450.0,0.0,是 ,[已隱蔽],,
1101225GF0000001,2021-12-25 00:00:00,2[電話] 09:08:03      ,GF ,3110.0,3110.0,1190.0,,CUS_00587,1,0.0,0.0,                ,0.0,現金  ,,一般  ,0.0,3110.0,0.0,是 ,[已隱蔽],,
1101227GF0000001,2021-12-27 00:00:00,2[電話] 08:47:13      ,GF ,1400.0,1400.0,375.0,,CUS_00587,1,0.0,0.0,                ,0.0,現金  ,,一般  ,0.0,1400.0,0.0,是 ,[已隱蔽],,
1101228GF0000001,2021-12-28 00:00:00,2[電話] 09:01:04      ,GF ,3080.0,3080.0,1720.0,,CUS_00587,1,0.0,0.0,                ,0.0,現金  ,,一般  ,0.0,3080.0,0.0,是 ,[已隱蔽],,
1101229GF0000001,2021-12-29 00:00:00,2[電話] 08:58:48      ,GF ,9730.0,9730.0,3877.5,,CUS_00587,1,0.0,0.0,                ,0.0,現金  ,,一般  ,0.0,9730.0,0.0,是 ,[已隱蔽],,
1101230GF0000001,2021-12-30 00:00:00,2[電話] 08:57:34      ,GF ,5889.0,5889.0,2920.0,,CUS_00587,1,0.0,0.0,                ,0.0,現金  ,,一般  ,0.0,5889.0,0.0,是 ,[已隱蔽],,
1101231GF0000001,2021-12-31 00:00:00,2[電話] 08:03:05      ,GF ,7150.0,7150.0,4229.0,,CUS_00587,1,0.0,0.0,                ,0.0,現金  ,,一般  ,0.0,7150.0,0.0,是 ,[已隱蔽],,
1110103GF0000001,2022-01-03 00:00:00,2[電話] 09:38:23      ,GF ,6350.0,6350.0,2654.0,,CUS_00587,1,0.0,0.0,                ,0.0,現金  ,,一般  ,0.0,6350.0,0.0,是 ,[已隱蔽],,
1110104GF0000001,2022-01-04 00:00:00,2[電話] 09:04:06      ,GF ,1200.0,1200.0,430.0,,CUS_00587,1,0.0,0.0,                ,0.0,現金  ,,一般  ,0.0,1200.0,0.0,是 ,[已隱蔽],,
1110105GF0000001,2022-01-05 00:00:00,2[電話] 08:50:52      ,GF ,1100.0,1100.0,328.4,,CUS_00587,1,0.0,0.0,                ,0.0,現金  ,,一般  ,0.0,1100.0,0.0,是 ,[已隱蔽],,
1110106GF0000001,2022-01-06 00:00:00,2[電話] 09:05:59      ,GF ,1250.0,1250.0,380.0,,CUS_00587,1,0.0,0.0,                ,0.0,現金  ,,一般  ,0.0,1250.0,0.0,是 ,[已隱蔽],,
1110107GF0000001,2022-01-07 00:00:00,2[電話] 08:51:30      ,GF ,2050.0,2050.0,708.3,,CUS_00587,1,0.0,0.0,                ,0.0,現金  ,,一般  ,0.0,2050.0,0.0,是 ,[已隱蔽],,
1110108GF0000001,2022-01-08 00:00:00,2[電話] 09:15:36      ,GF ,2300.0,2300.0,820.0,,CUS_00587,1,0.0,0.0,                ,0.0,現金  ,,一般  ,0.0,2300.0,0.0,是 ,[已隱蔽],,
1110110GF0000001,2022-01-10 00:00:00,2[電話] 08:48:16      ,GF ,9900.0,9900.0,4202.0,,CUS_00587,1,0.0,0.0,                ,0.0,現金  ,,一般  ,0.0,9900.0,0.0,是 ,[已隱蔽],,
1110111GF0000001,2022-01-11 00:00:00,2[電話] 08:47:28      ,GF ,200.0,200.0,90.0,,CUS_00587,1,0.0,0.0,                ,0.0,現金  ,,一般  ,0.0,200.0,0.0,是 ,[已隱蔽],,
1110112GF0000001,2022-01-12 00:00:00,2[電話] 08:51:12      ,GF ,650.0,650.0,210.0,,CUS_00587,1,0.0,0.0,                ,0.0,現金  ,,一般  ,0.0,650.0,0.0,是 ,[已隱蔽],,
1110114GF0000001,2022-01-14 00:00:00,2[電話] 12:09:31      ,GF ,2260.0,2260.0,777.6,,CUS_00587,1,0.0,0.0,                ,0.0,現金  ,,一般  ,0.0,2260.0,0.0,是 ,[已隱蔽],,
1110115GF0000001,2022-01-15 00:00:00,2[電話] 09:09:07      ,GF ,1430.0,1430.0,447.0,,CUS_00587,1,0.0,0.0,                ,0.0,現金  ,,一般  ,0.0,1430.0,0.0,是 ,[已隱蔽],,
1110117GF0000001,2022-01-17 00:00:00,2[電話] 08:59:26      ,GF ,7199.0,7199.0,3934.0,,CUS_00587,1,0.0,0.0,                ,0.0,現金  ,,一般  ,0.0,7199.0,0.0,是 ,[已隱蔽],,
1110118GF0000001,2022-01-18 00:00:00,2[電話] 08:52:54      ,GF ,1540.0,1540.0,273.0,,CUS_00587,1,0.0,0.0,                ,0.0,現金  ,,一般  ,0.0,1540.0,0.0,是 ,[已隱蔽],,
1110119GF0000001,2022-01-19 00:00:00,2[電話] 09:03:04      ,GF ,2050.0,2050.0,940.0,,CUS_00587,1,0.0,0.0,                ,0.0,現金  ,,一般  ,0.0,2050.0,0.0,是 ,[已隱蔽],,
1110120GF0000001,2022-01-20 00:00:00,2[電話] 08:48:09      ,GF ,8630.0,8630.0,3951.0,,CUS_00587,1,0.0,0.0,                ,0.0,現金  ,,一般  ,0.0,8630.0,0.0,是 ,[已隱蔽],,
1110121GF0000001,2022-01-21 00:00:00,2[電話] 08:57:54      ,GF ,3050.0,3050.0,879.0,,CUS_00587,1,0.0,0.0,                ,0.0,現金  ,,一般  ,0.0,3050.0,0.0,是 ,[已隱蔽],,
1110122GF0000001,2022-01-22 00:00:00,2[電話] 09:15:15      ,GF ,4100.0,4100.0,1300.4,,CUS_00587,1,0.0,0.0,                ,0.0,現金  ,,一般  ,0.0,4100.0,0.0,是 ,[已隱蔽],,
1110124GF0000002,2022-01-24 00:00:00,2[電話] 08:58:55      ,GF ,5572.0,5572.0,2231.8,,,1,0.0,0.0,                ,0.0,現金  ,,,0.0,5572.0,0.0,是 ,[已隱蔽],,
1110125GF0000001,2022-01-25 00:00:00,2[電話] 08:54:13      ,GF ,1650.0,1650.0,720.0,,CUS_00587,1,0.0,0.0,                ,0.0,現金  ,,一般  ,0.0,1650.0,0.0,是 ,[已隱蔽],,
1110126GF0000001,2022-01-26 00:00:00,2[電話] 08:50:53      ,GF ,2400.0,2400.0,885.0,,CUS_00587,1,0.0,0.0,                ,0.0,現金  ,,一般  ,0.0,2400.0,0.0,是 ,[已隱蔽],,
1110127GF0000001,2022-01-27 00:00:00,2[電話] 09:15:28      ,GF ,4855.0,4855.0,1700.0,,CUS_00587,1,0.0,0.0,                ,0.0,現金  ,,一般  ,0.0,4855.0,0.0,是 ,[已隱蔽],,
1110128GF0000001,2022-01-28 00:00:00,2[電話] 09:05:24      ,GF ,5924.0,5924.0,2765.0,,CUS_00587,1,0.0,0.0,                ,0.0,現金  ,,一般  ,0.0,5924.0,0.0,是 ,[已隱蔽],,
1110129GF0000001,2022-01-29 00:00:00,2[電話] 09:01:14      ,GF ,2800.0,2800.0,820.0,,CUS_00587,1,0.0,0.0,                ,0.0,現金  ,,一般  ,0.0,2800.0,0.0,是 ,[已隱蔽],,
1110130GF0000001,2022-01-30 00:00:00,2[電話] 09:34:33      ,GF ,1750.0,1750.0,656.8,,CUS_00587,1,0.0,0.0,                ,0.0,現金  ,,一般  ,0.0,1750.0,0.0,是 ,[已隱蔽],,
1110131GF0000001,2022-01-31 00:00:00,2[電話] 10:35:12      ,GF ,3450.0,3450.0,1980.0,,CUS_00587,1,0.0,0.0,                ,0.0,現金  ,,一般  ,0.0,3450.0,0.0,是 ,[已隱蔽],,
1110204GF0000001,2022-02-04 00:00:00,2[電話] 09:13:51      ,GF ,3300.0,3300.0,1290.0,,CUS_00587,1,0.0,0.0,                ,0.0,現金  ,,一般  ,0.0,3300.0,0.0,是 ,[已隱蔽],,
1110207GF0000001,2022-02-07 00:00:00,2[電話] 09:05:55      ,GF ,4149.0,4149.0,1490.0,,CUS_00587,1,0.0,0.0,                ,0.0,現金  ,,一般  ,0.0,4149.0,0.0,是 ,[已隱蔽],,
1110209GF0000001,2022-02-09 00:00:00,2[電話] 08:54:12      ,GF ,2185.0,2185.0,687.5,,CUS_00587,1,0.0,0.0,                ,0.0,現金  ,,一般  ,0.0,2185.0,0.0,是 ,[已隱蔽],,
1110210GF0000001,2022-02-10 00:00:00,2[電話] 08:49:48      ,GF ,320.0,320.0,123.4,,CUS_00587,1,0.0,0.0,                ,0.0,現金  ,,一般  ,0.0,320.0,0.0,是 ,[已隱蔽],,
1110211GF0000001,2022-02-11 00:00:00,2[電話] 08:50:30      ,GF ,8400.0,8400.0,2355.3,,CUS_00587,1,0.0,0.0,                ,0.0,現金  ,,一般  ,0.0,8400.0,0.0,是 ,[已隱蔽],,
1110212GF0000001,2022-02-12 00:00:00,2[電話] 09:39:14      ,GF ,2500.0,2500.0,840.0,,CUS_00587,1,0.0,0.0,                ,0.0,現金  ,,一般  ,0.0,2500.0,0.0,是 ,[已隱蔽],,
1110214GF0000001,2022-02-14 00:00:00,2[電話] 09:07:59      ,GF ,600.0,600.0,200.0,,CUS_00587,1,0.0,0.0,                ,0.0,現金  ,,一般  ,0.0,600.0,0.0,是 ,[已隱蔽],,
1110215GF0000001,2022-02-15 00:00:00,2[電話] 09:05:00      ,GF ,1510.0,1510.0,611.7,,CUS_00587,1,0.0,0.0,                ,0.0,現金  ,,一般  ,0.0,1510.0,0.0,是 ,[已隱蔽],,
1110216GF0000001,2022-02-16 00:00:00,2[電話] 08:56:25      ,GF ,1820.0,1820.0,815.0,,CUS_00587,1,0.0,0.0,                ,0.0,現金  ,,一般  ,0.0,1820.0,0.0,是 ,[已隱蔽],,
1110217GF0000001,2022-02-17 00:00:00,2[電話] 09:00:23      ,GF ,200.0,200.0,7.0,,CUS_00587,1,0.0,0.0,                ,0.0,現金  ,,一般  ,0.0,200.0,0.0,是 ,[已隱蔽],,
1110221GF0000001,2022-02-21 00:00:00,2[電話] 10:23:10      ,GF ,2950.0,2950.0,1250.0,,CUS_00587,1,0.0,0.0,                ,0.0,現金  ,,一般  ,0.0,2950.0,0.0,是 ,[已隱蔽],,
1110222GF0000001,2022-02-22 00:00:00,2[電話] 08:45:26      ,GF ,6850.0,6850.0,2561.8,,CUS_00587,1,0.0,0.0,                ,0.0,現金  ,,一般  ,0.0,6850.0,0.0,是 ,[已隱蔽],,
1110223GF0000001,2022-02-23 00:00:00,2[電話] 09:04:51      ,GF ,500.0,500.0,250.0,,CUS_00587,1,0.0,0.0,                ,0.0,現金  ,,一般  ,0.0,500.0,0.0,是 ,[已隱蔽],,
1110224GF0000001,2022-02-24 00:00:00,2[電話] 09:00:17      ,GF ,1770.0,1770.0,804.0,,CUS_00587,1,0.0,0.0,                ,0.0,現金  ,,一般  ,0.0,1770.0,0.0,是 ,[已隱蔽],,
1110225GF0000001,2022-02-25 00:00:00,2[電話] 08:45:20      ,GF ,1400.0,1400.0,355.0,,CUS_00587,1,0.0,0.0,                ,0.0,現金  ,,一般  ,0.0,1400.0,0.0,是 ,[已隱蔽],,
1110226GF0000001,2022-02-26 00:00:00,2[電話] 09:17:39      ,GF ,2200.0,2200.0,1055.0,,CUS_00587,1,0.0,0.0,                ,0.0,現金  ,,一般  ,0.0,2200.0,0.0,是 ,[已隱蔽],,
1110228GF0000001,2022-02-28 00:00:00,2[電話] 09:58:15      ,GF ,4500.0,4500.0,1640.0,,CUS_00587,1,0.0,0.0,                ,0.0,現金  ,,一般  ,0.0,4500.0,0.0,是 ,[已隱蔽],,
1110301GF0000001,2022-03-01 00:00:00,2[電話] 17:37:13      ,GF ,1780.0,1780.0,705.0,,CUS_00587,1,0.0,0.0,                ,0.0,現金  ,,一般  ,0.0,1780.0,0.0,是 ,[已隱蔽],,
1110302GF0000001,2022-03-02 00:00:00,2[電話] 08:39:08      ,GF ,899.0,899.0,350.0,,CUS_00587,1,0.0,0.0,                ,0.0,現金  ,,一般  ,0.0,899.0,0.0,是 ,[已隱蔽],,
1110303GF0000001,2022-03-03 00:00:00,2[電話] 08:52:40      ,GF ,2130.0,2130.0,783.0,,CUS_00587,1,0.0,0.0,                ,0.0,現金  ,,一般  ,0.0,2130.0,0.0,是 ,[已隱蔽],,
1110304GF0000001,2022-03-04 00:00:00,2[電話] 08:48:36      ,GF ,4500.0,4500.0,1843.0,,CUS_00587,1,0.0,0.0,                ,0.0,現金  ,,一般  ,0.0,4500.0,0.0,是 ,[已隱蔽],,
1110305GF0000001,2022-03-05 00:00:00,2[電話] 08:43:03      ,GF ,3420.0,3420.0,1246.0,,CUS_00587,1,0.0,0.0,                ,0.0,現金  ,,一般  ,0.0,3420.0,0.0,是 ,[已隱蔽],,
1110307GF0000001,2022-03-07 00:00:00,2[電話] 08:48:08      ,GF ,0.0,0.0,0.0,,CUS_00587,1,0.0,0.0,                ,0.0,現金  ,,一般  ,0.0,0.0,0.0,是 ,[已隱蔽],,
1110309GF0000001,2022-03-09 00:00:00,2[電話] 20:20:07      ,GF ,4610.0,4610.0,1360.0,,CUS_00587,1,0.0,0.0,                ,0.0,現金  ,,一般  ,0.0,4610.0,0.0,是 ,[已隱蔽],,
1110310GF0000001,2022-03-10 00:00:00,2[電話] 11:31:46      ,GF ,1200.0,1200.0,340.0,,CUS_00587,1,0.0,0.0,                ,0.0,現金  ,,一般  ,0.0,1200.0,0.0,是 ,[已隱蔽],,
1110311GF0000001,2022-03-11 00:00:00,2[電話] 07:28:10      ,GF ,2500.0,2500.0,1030.0,,CUS_00587,1,0.0,0.0,                ,0.0,現金  ,,一般  ,0.0,2500.0,0.0,是 ,[已隱蔽],,
1110314GF0000001,2022-03-14 00:00:00,2[電話] 09:00:24      ,GF ,1100.0,1100.0,377.0,,CUS_00587,1,0.0,0.0,                ,0.0,現金  ,,一般  ,0.0,1100.0,0.0,是 ,[已隱蔽],,
1110315GF0000001,2022-03-15 00:00:00,2[電話] 08:01:30      ,GF ,1500.0,1500.0,750.0,,CUS_00587,1,0.0,0.0,                ,0.0,現金  ,,一般  ,0.0,1500.0,0.0,是 ,[已隱蔽],,
1110316GF0000001,2022-03-16 00:00:00,2[電話] 08:51:04      ,GF ,4750.0,4750.0,2670.0,,CUS_00587,1,0.0,0.0,                ,0.0,現金  ,,一般  ,0.0,4750.0,0.0,是 ,[已隱蔽],,
1110317GF0000001,2022-03-17 00:00:00,2[電話] 08:54:36      ,GF ,1000.0,1000.0,500.0,,CUS_00587,1,0.0,0.0,                ,0.0,現金  ,,一般  ,0.0,1000.0,0.0,是 ,[已隱蔽],,
1110318GF0000001,2022-03-18 00:00:00,2[電話] 08:32:58      ,GF ,320.0,320.0,6.0,,CUS_00587,1,0.0,0.0,                ,0.0,現金  ,,一般  ,0.0,320.0,0.0,是 ,[已隱蔽],,
1110323GF0000001,2022-03-23 00:00:00,2[電話] 08:11:13      ,GF ,300.0,300.0,70.0,,CUS_00587,1,0.0,0.0,                ,0.0,現金  ,,一般  ,0.0,300.0,0.0,是 ,[已隱蔽],,
1110324GF0000001,2022-03-24 00:00:00,2[電話] 08:57:07      ,GF ,4499.0,4499.0,2045.0,,CUS_00587,1,0.0,0.0,                ,0.0,現金  ,,一般  ,0.0,4499.0,0.0,是 ,[已隱蔽],,
1110321GF0000001,2022-03-21 00:00:00,2[電話] 08:36:46      ,GF ,2480.0,2480.0,1042.0,,CUS_00587,1,0.0,0.0,                ,0.0,現金  ,,一般  ,0.0,2480.0,0.0,是 ,[已隱蔽],,
1110325GF0000001,2022-03-25 00:00:00,2[電話] 07:34:08      ,GF ,10.0,10.0,3.0,,CUS_00587,1,0.0,0.0,                ,0.0,現金  ,,一般  ,0.0,10.0,0.0,是 ,[已隱蔽],,
1110326GF0000001,2022-03-26 00:00:00,2[電話] 09:06:04      ,GF ,2400.0,2400.0,848.7,,CUS_00587,1,0.0,0.0,                ,0.0,現金  ,,一般  ,0.0,2400.0,0.0,是 ,[已隱蔽],,
1110328GF0000001,2022-03-28 00:00:00,2[電話] 09:05:52      ,GF ,2800.0,2800.0,955.0,,CUS_00587,1,0.0,0.0,                ,0.0,現金  ,,一般  ,0.0,2800.0,0.0,是 ,[已隱蔽],,
1110329GF0000001,2022-03-29 00:00:00,2[電話] 08:50:46      ,GF ,500.0,500.0,200.0,,CUS_00587,1,0.0,0.0,                ,0.0,現金  ,,一般  ,0.0,500.0,0.0,是 ,[已隱蔽],,
1110330GF0000001,2022-03-30 00:00:00,2[電話] 09:17:02      ,GF ,350.0,350.0,90.0,,CUS_00587,1,0.0,0.0,                ,0.0,現金  ,,一般  ,0.0,350.0,0.0,是 ,[已隱蔽],,
1110331GF0000001,2022-03-31 00:00:00,2[電話] 08:49:32      ,GF ,1450.0,1450.0,310.0,,CUS_00587,1,0.0,0.0,                ,0.0,現金  ,,一般  ,0.0,1450.0,0.0,是 ,[已隱蔽],,
1110401GF0000001,2022-04-01 00:00:00,2[電話] 08:40:12      ,GF ,2800.0,2800.0,900.0,,CUS_00587,1,0.0,0.0,                ,0.0,現金  ,,一般  ,0.0,2800.0,0.0,是 ,[已隱蔽],,
1110406GF0000001,2022-04-06 00:00:00,2[電話] 08:49:23      ,GF ,1770.0,1770.0,693.4,,CUS_00587,1,0.0,0.0,                ,0.0,現金  ,,一般  ,0.0,1770.0,0.0,是 ,[已隱蔽],,
1110404GF0000001,2022-04-04 00:00:00,2[電話] 09:31:55      ,GF ,1330.0,1330.0,590.0,,CUS_00587,1,0.0,0.0,                ,0.0,現金  ,,一般  ,0.0,1330.0,0.0,是 ,[已隱蔽],,
1110407GF0000001,2022-04-07 00:00:00,2[電話] 08:52:59      ,GF ,0.0,0.0,0.0,,CUS_00587,1,0.0,0.0,                ,0.0,現金  ,,一般  ,0.0,0.0,0.0,是 ,[已隱蔽],,
1110408GF0000001,2022-04-08 00:00:00,2[電話] 07:59:49      ,GF ,5700.0,5700.0,1778.0,,CUS_00587,1,0.0,0.0,                ,0.0,現金  ,,一般  ,0.0,5700.0,0.0,是 ,[已隱蔽],,
1110409GF0000001,2022-04-09 00:00:00,2[電話] 15:08:13      ,GF ,881.0,881.0,390.0,,CUS_00587,1,0.0,0.0,                ,0.0,現金  ,,一般  ,0.0,881.0,0.0,是 ,[已隱蔽],,
1110411GF0000001,2022-04-11 00:00:00,2[電話] 08:47:29      ,GF ,5450.0,5450.0,1886.0,,CUS_00587,1,0.0,0.0,                ,0.0,現金  ,,一般  ,0.0,5450.0,0.0,是 ,[已隱蔽],,
1110412GF0000001,2022-04-12 00:00:00,2[電話] 08:58:26      ,GF ,150.0,150.0,65.0,,CUS_00587,1,0.0,0.0,                ,0.0,現金  ,,一般  ,0.0,150.0,0.0,是 ,[已隱蔽],,
1110413GF0000001,2022-04-13 00:00:00,2[電話] 08:55:14      ,GF ,800.0,800.0,223.4,,CUS_00587,1,0.0,0.0,                ,0.0,現金  ,,一般  ,0.0,800.0,0.0,是 ,[已隱蔽],,
1110414GF0000001,2022-04-14 00:00:00,2[電話] 08:58:06      ,GF ,5610.0,5610.0,1820.0,,CUS_00587,1,0.0,0.0,                ,0.0,現金  ,,一般  ,0.0,5610.0,0.0,是 ,[已隱蔽],,
1110415GF0000001,2022-04-15 00:00:00,2[電話] 08:49:36      ,GF ,850.0,850.0,205.0,,CUS_00587,1,0.0,0.0,                ,0.0,現金  ,,一般  ,0.0,850.0,0.0,是 ,[已隱蔽],,
1110427GF0000002,2022-04-27 00:00:00,2[電話] 11:18:35      ,GF ,300.0,300.0,70.0,,CUS_00587,1,0.0,0.0,                ,0.0,現金  ,,一般  ,0.0,300.0,0.0,是 ,[已隱蔽],,
1110430GF0000001,2022-04-30 00:00:00,2[電話] 09:12:48      ,GF ,2925.0,2925.0,1073.5,,CUS_00587,1,0.0,0.0,                ,0.0,現金  ,,一般  ,0.0,2925.0,0.0,是 ,[已隱蔽],,
1110503GF0000001,2022-05-03 00:00:00,2[電話] 08:45:35      ,GF ,300.0,300.0,148.0,,CUS_00587,1,0.0,0.0,                ,0.0,現金  ,,一般  ,0.0,300.0,0.0,是 ,[已隱蔽],,
1110504GF0000001,2022-05-04 00:00:00,2[電話] 08:57:13      ,GF ,2920.0,2920.0,1918.0,,CUS_00587,1,0.0,0.0,                ,0.0,現金  ,,一般  ,0.0,2920.0,0.0,是 ,[已隱蔽],,
1110505GF0000001,2022-05-05 00:00:00,2[電話] 08:50:36      ,GF ,2000.0,2000.0,764.6,,CUS_00587,1,0.0,0.0,                ,0.0,現金  ,,一般  ,0.0,2000.0,0.0,是 ,[已隱蔽],,
1110506GF0000001,2022-05-06 00:00:00,2[電話] 08:49:12      ,GF ,6333.0,6333.0,2200.0,,CUS_00587,1,0.0,0.0,                ,0.0,現金  ,,一般  ,0.0,6333.0,0.0,是 ,[已隱蔽],,
1110509GF0000001,2022-05-09 00:00:00,2[電話] 08:46:43      ,GF ,3124.0,3124.0,1702.0,,CUS_00587,1,0.0,0.0,                ,0.0,現金  ,,一般  ,0.0,3124.0,0.0,是 ,[已隱蔽],,
1110510GF0000001,2022-05-10 00:00:00,2[電話] 08:50:23      ,GF ,2550.0,2550.0,739.8,,CUS_00587,1,0.0,0.0,                ,0.0,現金  ,,一般  ,0.0,2550.0,0.0,是 ,[已隱蔽],,
1110511GF0000001,2022-05-11 00:00:00,2[電話] 08:47:57      ,GF ,1000.0,1000.0,370.0,,CUS_00587,1,0.0,0.0,                ,0.0,現金  ,,一般  ,0.0,1000.0,0.0,是 ,[已隱蔽],,
1110512GF0000001,2022-05-12 00:00:00,2[電話] 08:58:09      ,GF ,1299.0,1299.0,340.0,,CUS_00587,1,0.0,0.0,                ,0.0,現金  ,,一般  ,0.0,1299.0,0.0,是 ,[已隱蔽],,
1110513GF0000001,2022-05-13 00:00:00,2[電話] 09:01:57      ,GF ,150.0,150.0,55.0,,CUS_00587,1,0.0,0.0,                ,0.0,現金  ,,一般  ,0.0,150.0,0.0,是 ,[已隱蔽],,
1110514GF0000001,2022-05-14 00:00:00,2[電話] 09:13:16      ,GF ,4825.0,4825.0,1601.8,,CUS_00587,1,0.0,0.0,                ,0.0,現金  ,,一般  ,0.0,4825.0,0.0,是 ,[已隱蔽],,
1110516GF0000001,2022-05-16 00:00:00,2[電話] 08:48:01      ,GF ,2050.0,2050.0,528.6,,CUS_00587,1,0.0,0.0,                ,0.0,現金  ,,一般  ,0.0,2050.0,0.0,是 ,[已隱蔽],,
1110517GF0000001,2022-05-17 00:00:00,2[電話] 08:53:19      ,GF ,4580.0,4580.0,2560.0,,CUS_00587,1,0.0,0.0,                ,0.0,現金  ,,一般  ,0.0,4580.0,0.0,是 ,[已隱蔽],,
1110518GF0000001,2022-05-18 00:00:00,2[電話] 08:50:48      ,GF ,300.0,300.0,123.5,,CUS_00587,1,0.0,0.0,                ,0.0,現金  ,,一般  ,0.0,300.0,0.0,是 ,[已隱蔽],,
1110519GF0000001,2022-05-19 00:00:00,2[電話] 08:46:38      ,GF ,650.0,650.0,190.0,,CUS_00587,1,0.0,0.0,                ,0.0,現金  ,,一般  ,0.0,650.0,0.0,是 ,[已隱蔽],,
1110520GF0000001,2022-05-20 00:00:00,2[電話] 08:47:16      ,GF ,2649.0,2649.0,920.0,,CUS_00587,1,0.0,0.0,                ,0.0,現金  ,,一般  ,0.0,2649.0,0.0,是 ,[已隱蔽],,
1110521GF0000001,2022-05-21 00:00:00,2[電話] 09:45:08      ,GF ,2300.0,2300.0,1028.0,,CUS_00587,1,0.0,0.0,                ,0.0,現金  ,,一般  ,0.0,2300.0,0.0,是 ,[已隱蔽],,
1110523GF0000001,2022-05-23 00:00:00,2[電話] 09:00:34      ,GF ,6990.0,6990.0,2943.0,,CUS_00587,1,0.0,0.0,                ,0.0,現金  ,,一般  ,0.0,6990.0,0.0,是 ,[已隱蔽],,
1110524GF0000001,2022-05-24 00:00:00,2[電話] 08:52:06      ,GF ,150.0,150.0,66.0,,CUS_00587,1,0.0,0.0,                ,0.0,現金  ,,一般  ,0.0,150.0,0.0,是 ,[已隱蔽],,
1110525GF0000001,2022-05-25 00:00:00,2[電話] 08:57:34      ,GF ,2400.0,2400.0,790.0,,CUS_00587,1,0.0,0.0,                ,0.0,現金  ,,一般  ,0.0,2400.0,0.0,是 ,[已隱蔽],,
1110526GF0000001,2022-05-26 00:00:00,2[電話] 08:56:31      ,GF ,1850.0,1850.0,561.0,,CUS_00587,1,0.0,0.0,                ,0.0,現金  ,,一般  ,0.0,1850.0,0.0,是 ,[已隱蔽],,
1110527GF0000001,2022-05-27 00:00:00,2[電話] 09:06:33      ,GF ,1600.0,1600.0,415.0,,CUS_00587,1,0.0,0.0,                ,0.0,現金  ,,一般  ,0.0,1600.0,0.0,是 ,[已隱蔽],,
1110528GF0000001,2022-05-28 00:00:00,2[電話] 10:44:04      ,GF ,3150.0,3150.0,2030.0,,CUS_00587,1,0.0,0.0,                ,0.0,現金  ,,一般  ,0.0,3150.0,0.0,是 ,[已隱蔽],,
1110530GF0000001,2022-05-30 00:00:00,2[電話] 08:58:14      ,GF ,1200.0,1200.0,530.0,,CUS_00587,1,0.0,0.0,                ,0.0,現金  ,,一般  ,0.0,1200.0,0.0,是 ,[已隱蔽],,
1110531GF0000001,2022-05-31 00:00:00,2[電話] 08:48:13      ,GF ,2800.0,2800.0,1220.0,,CUS_00587,1,0.0,0.0,                ,0.0,現金  ,,一般  ,0.0,2800.0,0.0,是 ,[已隱蔽],,
1110604GF0000001,2022-06-04 00:00:00,2[電話] 09:24:37      ,GF ,800.0,800.0,350.0,,CUS_00587,1,0.0,0.0,                ,0.0,現金  ,,一般  ,0.0,800.0,0.0,是 ,[已隱蔽],,
1120107GF0000001,2023-01-07 00:00:00,2[電話] 08:45:04      ,GF ,300.0,300.0,85.0,,CUS_00587,1,0.0,0.0,                ,0.0,現金  ,,一般  ,0.0,300.0,0.0,是 ,[已隱蔽],,
1120109GF0000001,2023-01-09 00:00:00,2[電話] 09:10:25      ,GF ,1100.0,1100.0,240.0,,CUS_00587,1,0.0,0.0,                ,0.0,現金  ,,一般  ,0.0,1100.0,0.0,是 ,[已隱蔽],,
1120110GF0000001,2023-01-10 00:00:00,2[電話] 08:54:57      ,GF ,50.0,50.0,5.0,,CUS_00587,1,0.0,0.0,                ,0.0,現金  ,,一般  ,0.0,50.0,0.0,是 ,[已隱蔽],,
1120111GF0000001,2023-01-11 00:00:00,2[電話] 16:46:36      ,GF ,1170.0,1170.0,378.0,,CUS_00587,1,0.0,0.0,                ,0.0,現金  ,,一般  ,0.0,1170.0,0.0,是 ,[已隱蔽],,
1120112GF0000001,2023-01-12 00:00:00,2[電話] 08:52:15      ,GF ,400.0,400.0,160.0,,CUS_00587,1,0.0,0.0,                ,0.0,現金  ,,一般  ,0.0,400.0,0.0,是 ,[已隱蔽],,
1120113GF0000001,2023-01-13 00:00:00,2[電話] 08:43:20      ,GF ,5287.0,5287.0,2125.0,,CUS_00587,1,0.0,0.0,                ,0.0,現金  ,,一般  ,0.0,5287.0,0.0,是 ,[已隱蔽],,
1120114GF0000001,2023-01-14 00:00:00,2[電話] 09:16:27      ,GF ,4575.0,4575.0,2159.0,,CUS_00587,1,0.0,0.0,                ,0.0,現金  ,,一般  ,0.0,4575.0,0.0,是 ,[已隱蔽],,
1120115GF0000001,2023-01-15 00:00:00,2[電話] 11:02:55      ,GF ,810.0,810.0,185.0,,CUS_00587,1,0.0,0.0,                ,0.0,現金  ,,一般  ,0.0,810.0,0.0,是 ,[已隱蔽],,
1120116GF0000001,2023-01-16 00:00:00,2[電話] 10:28:55      ,GF ,3270.0,3270.0,1265.0,,CUS_00587,1,0.0,0.0,                ,0.0,現金  ,,一般  ,0.0,3270.0,0.0,是 ,[已隱蔽],,
1110606GF0000001,2022-06-06 00:00:00,2[電話] 08:57:15      ,GF ,3325.0,3325.0,1595.0,,CUS_00587,1,0.0,0.0,                ,0.0,現金  ,,一般  ,0.0,3325.0,0.0,是 ,[已隱蔽],,
1110607GF0000001,2022-06-07 00:00:00,2[電話] 09:02:12      ,GF ,250.0,250.0,90.0,,CUS_00587,1,0.0,0.0,                ,0.0,現金  ,,一般  ,0.0,250.0,0.0,是 ,[已隱蔽],,
1110608GF0000001,2022-06-08 00:00:00,2[電話] 08:57:02      ,GF ,800.0,800.0,107.5,,CUS_00587,1,0.0,0.0,                ,0.0,現金  ,,一般  ,0.0,800.0,0.0,是 ,[已隱蔽],,
1110609GF0000001,2022-06-09 00:00:00,2[電話] 08:55:54      ,GF ,750.0,750.0,298.0,,CUS_00587,1,0.0,0.0,                ,0.0,現金  ,,一般  ,0.0,750.0,0.0,是 ,[已隱蔽],,
1110610GF0000001,2022-06-10 00:00:00,2[電話] 08:50:35      ,GF ,2650.0,2650.0,1020.0,,CUS_00587,1,0.0,0.0,                ,0.0,現金  ,,一般  ,0.0,2650.0,0.0,是 ,[已隱蔽],,
1110611GF0000001,2022-06-11 00:00:00,2[電話] 10:17:04      ,GF ,3400.0,3400.0,1400.0,,CUS_00587,1,0.0,0.0,                ,0.0,現金  ,,一般  ,0.0,3400.0,0.0,是 ,[已隱蔽],,
1110613GF0000001,2022-06-13 00:00:00,2[電話] 08:50:52      ,GF ,750.0,750.0,340.0,,CUS_00587,1,0.0,0.0,                ,0.0,現金  ,,一般  ,0.0,750.0,0.0,是 ,[已隱蔽],,
1110615GF0000001,2022-06-15 00:00:00,2[電話] 08:58:04      ,GF ,3650.0,3650.0,1138.0,,CUS_00587,1,0.0,0.0,                ,0.0,現金  ,,一般  ,0.0,3650.0,0.0,是 ,[已隱蔽],,
1110616GF0000001,2022-06-16 00:00:00,2[電話] 08:49:54      ,GF ,2100.0,2100.0,150.0,,CUS_00587,1,0.0,0.0,                ,0.0,現金  ,,一般  ,0.0,2100.0,0.0,是 ,[已隱蔽],,
1110617GF0000001,2022-06-17 00:00:00,2[電話] 08:13:36      ,GF ,1960.0,1960.0,882.0,,CUS_00587,1,0.0,0.0,                ,0.0,現金  ,,一般  ,0.0,1960.0,0.0,是 ,[已隱蔽],,
1110621GF0000001,2022-06-21 00:00:00,2[電話] 08:55:09      ,GF ,2260.0,2260.0,1238.0,,CUS_00587,1,0.0,0.0,                ,0.0,現金  ,,一般  ,0.0,2260.0,0.0,是 ,[已隱蔽],,
1110622GF0000001,2022-06-22 00:00:00,2[電話] 08:52:03      ,GF ,1550.0,1550.0,536.0,,CUS_00587,1,0.0,0.0,                ,0.0,現金  ,,一般  ,0.0,1550.0,0.0,是 ,[已隱蔽],,
1110623GF0000001,2022-06-23 00:00:00,2[電話] 09:05:39      ,GF ,2745.0,2745.0,1015.0,,CUS_00587,1,0.0,0.0,                ,0.0,現金  ,,一般  ,0.0,2745.0,0.0,是 ,[已隱蔽],,
1110624GF0000001,2022-06-24 00:00:00,2[電話] 09:11:34      ,GF ,240.0,240.0,66.0,,CUS_00587,1,0.0,0.0,                ,0.0,現金  ,,一般  ,0.0,240.0,0.0,是 ,[已隱蔽],,
1110702GF0000001,2022-07-02 00:00:00,2[電話] 09:21:07      ,GF ,470.0,470.0,245.0,,CUS_00587,1,0.0,0.0,                ,0.0,現金  ,,一般  ,0.0,470.0,0.0,是 ,[已隱蔽],,
1110704GF0000001,2022-07-04 00:00:00,2[電話] 08:55:50      ,GF ,1070.0,1070.0,368.0,,CUS_00587,1,0.0,0.0,                ,0.0,現金  ,,一般  ,0.0,1070.0,0.0,是 ,[已隱蔽],,
1110705GF0000001,2022-07-05 00:00:00,2[電話] 09:00:06      ,GF ,2950.0,2950.0,1980.0,,CUS_00587,1,0.0,0.0,                ,0.0,現金  ,,一般  ,0.0,2950.0,0.0,是 ,[已隱蔽],,
1110706GF0000001,2022-07-06 00:00:00,2[電話] 08:56:57      ,GF ,3350.0,3350.0,1491.4,,CUS_00587,1,0.0,0.0,                ,0.0,現金  ,,一般  ,0.0,3350.0,0.0,是 ,[已隱蔽],,
1110708GF0000001,2022-07-08 00:00:00,2[電話] 08:55:13      ,GF ,1620.0,1620.0,532.0,,CUS_00587,1,0.0,0.0,                ,0.0,現金  ,,一般  ,0.0,1620.0,0.0,是 ,[已隱蔽],,
1110709GF0000001,2022-07-09 00:00:00,2[電話] 10:25:23      ,GF ,1200.0,1200.0,736.3,,CUS_00587,1,0.0,0.0,                ,0.0,現金  ,,一般  ,0.0,1200.0,0.0,是 ,[已隱蔽],,
1110711GF0000001,2022-07-11 00:00:00,2[電話] 08:57:12      ,GF ,3200.0,3200.0,1670.0,,CUS_00587,1,0.0,0.0,                ,0.0,現金  ,,一般  ,0.0,3200.0,0.0,是 ,[已隱蔽],,
1110712GF0000001,2022-07-12 00:00:00,2[電話] 17:37:39      ,GF ,260.0,260.0,66.5,,CUS_00587,1,0.0,0.0,                ,0.0,現金  ,,一般  ,0.0,260.0,0.0,是 ,[已隱蔽],,
1110713GF0000001,2022-07-13 00:00:00,2[電話] 09:12:35      ,GF ,400.0,400.0,63.0,,CUS_00587,1,0.0,0.0,                ,0.0,現金  ,,一般  ,0.0,400.0,0.0,是 ,[已隱蔽],,
1110714GF0000001,2022-07-14 00:00:00,2[電話] 08:59:15      ,GF ,1769.0,1769.0,958.0,,CUS_00587,1,0.0,0.0,                ,0.0,現金  ,,一般  ,0.0,1769.0,0.0,是 ,[已隱蔽],,
1110715GF0000001,2022-07-15 00:00:00,2[電話] 07:27:27      ,GF ,2000.0,2000.0,164.0,,CUS_00587,1,0.0,0.0,                ,0.0,現金  ,,一般  ,0.0,2000.0,0.0,是 ,[已隱蔽],,
1110718GF0000001,2022-07-18 00:00:00,2[電話] 09:00:56      ,GF ,3570.0,3570.0,1571.0,,CUS_00587,1,0.0,0.0,                ,0.0,現金  ,,一般  ,0.0,3570.0,0.0,是 ,[已隱蔽],,
1110723GF0000001,2022-07-23 00:00:00,2[電話] 08:58:29      ,GF ,7330.0,7330.0,4720.0,,CUS_00587,1,0.0,0.0,                ,0.0,現金  ,,一般  ,0.0,7330.0,0.0,是 ,[已隱蔽],,
1110719GF0000001,2022-07-19 00:00:00,2[電話] 07:51:19      ,GF ,1000.0,1000.0,500.0,,CUS_00587,1,0.0,0.0,                ,0.0,現金  ,,一般  ,0.0,1000.0,0.0,是 ,[已隱蔽],,
1110720GF0000002,2022-07-20 00:00:00,2[電話] 10:40:19      ,GF ,1100.0,1100.0,335.0,,CUS_00587,1,0.0,0.0,                ,0.0,現金  ,,一般  ,0.0,1100.0,0.0,是 ,[已隱蔽],,
1110721GF0000001,2022-07-21 00:00:00,2[電話] 08:57:39      ,GF ,600.0,600.0,90.0,,CUS_00587,1,0.0,0.0,                ,0.0,現金  ,,一般  ,0.0,600.0,0.0,是 ,[已隱蔽],,
1110725GF0000001,2022-07-25 00:00:00,2[電話] 08:25:59      ,GF ,3500.0,3500.0,2290.0,,CUS_00587,1,0.0,0.0,                ,0.0,現金  ,,一般  ,0.0,3500.0,0.0,是 ,[已隱蔽],,
1110726GF0000001,2022-07-26 00:00:00,2[電話] 08:58:06      ,GF ,1600.0,1600.0,659.0,,CUS_00587,1,0.0,0.0,                ,0.0,現金  ,,一般  ,0.0,1600.0,0.0,是 ,[已隱蔽],,
1110727GF0000001,2022-07-27 00:00:00,2[電話] 08:52:16      ,GF ,6480.0,6480.0,1600.0,,CUS_00587,1,0.0,0.0,                ,0.0,現金  ,,一般  ,0.0,6480.0,0.0,是 ,[已隱蔽],,
1110728GF0000001,2022-07-28 00:00:00,2[電話] 08:50:43      ,GF ,6748.0,6748.0,3083.0,,CUS_00587,1,0.0,0.0,                ,0.0,現金  ,,一般  ,0.0,6748.0,0.0,是 ,[已隱蔽],,
1110729GF0000001,2022-07-29 00:00:00,2[電話] 07:22:10      ,GF ,1410.0,1410.0,650.1,,CUS_00587,1,0.0,0.0,                ,0.0,現金  ,,一般  ,0.0,1410.0,0.0,是 ,[已隱蔽],,
1110730GF0000001,2022-07-30 00:00:00,2[電話] 11:12:03      ,GF ,7289.0,7289.0,3900.0,,CUS_00587,1,0.0,0.0,                ,0.0,現金  ,,一般  ,0.0,7289.0,0.0,是 ,[已隱蔽],,
1110802GF0000001,2022-08-02 00:00:00,2[電話] 08:36:04      ,GF ,1890.0,1890.0,426.0,,CUS_00587,1,0.0,0.0,                ,0.0,現金  ,,一般  ,0.0,1890.0,0.0,是 ,[已隱蔽],,
1110803GF0000001,2022-08-03 00:00:00,2[電話] 16:47:44      ,GF ,2559.0,2559.0,1658.0,,CUS_00004,1,0.0,0.0,                ,0.0,現金  ,,一般  ,0.0,2559.0,0.0,是 ,[已隱蔽],,
1110804GF0000001,2022-08-04 00:00:00,2[電話] 08:58:41      ,GF ,2835.0,2835.0,2120.0,,CUS_00587,1,0.0,0.0,                ,0.0,現金  ,,一般  ,0.0,2835.0,0.0,是 ,[已隱蔽],,
1110806GF0000001,2022-08-06 00:00:00,2[電話] 09:18:16      ,GF ,700.0,700.0,210.0,,CUS_00587,1,0.0,0.0,                ,0.0,現金  ,,一般  ,0.0,700.0,0.0,是 ,[已隱蔽],,
1110808GF0000001,2022-08-08 00:00:00,2[電話] 08:59:05      ,GF ,1200.0,1200.0,280.0,,CUS_00587,1,0.0,0.0,                ,0.0,現金  ,,一般  ,0.0,1200.0,0.0,是 ,[已隱蔽],,
1110809GF0000001,2022-08-09 00:00:00,2[電話] 09:00:41      ,GF ,700.0,700.0,260.0,,CUS_00587,1,0.0,0.0,                ,0.0,現金  ,,一般  ,0.0,700.0,0.0,是 ,[已隱蔽],,
1110810GF0000001,2022-08-10 00:00:00,2[電話] 08:52:44      ,GF ,4110.0,4110.0,1735.0,,CUS_00587,1,0.0,0.0,                ,0.0,現金  ,,一般  ,0.0,4110.0,0.0,是 ,[已隱蔽],,
1110811GF0000001,2022-08-11 00:00:00,2[電話] 09:17:34      ,GF ,500.0,500.0,230.0,,CUS_00587,1,0.0,0.0,                ,0.0,現金  ,,一般  ,0.0,500.0,0.0,是 ,[已隱蔽],,
1110812GF0000001,2022-08-12 00:00:00,2[電話] 07:43:01      ,GF ,250.0,250.0,101.0,,CUS_00587,1,0.0,0.0,                ,0.0,現金  ,,一般  ,0.0,250.0,0.0,是 ,[已隱蔽],,
1110813GF0000001,2022-08-13 00:00:00,2[電話] 08:53:38      ,GF ,4000.0,4000.0,2690.0,,CUS_00587,1,0.0,0.0,                ,0.0,現金  ,,一般  ,0.0,4000.0,0.0,是 ,[已隱蔽],,
1110815GF0000001,2022-08-15 00:00:00,2[電話] 09:29:56      ,GF ,1870.0,1870.0,622.0,,CUS_00587,1,0.0,0.0,                ,0.0,現金  ,,一般  ,0.0,1870.0,0.0,是 ,[已隱蔽],,
1110816GF0000001,2022-08-16 00:00:00,2[電話] 07:34:23      ,GF ,5600.0,5600.0,2965.0,,CUS_00587,1,0.0,0.0,                ,0.0,現金  ,,一般  ,0.0,5600.0,0.0,是 ,[已隱蔽],,
1110817GF0000001,2022-08-17 00:00:00,2[電話] 08:54:22      ,GF ,1300.0,1300.0,280.0,,CUS_00587,1,0.0,0.0,                ,0.0,現金  ,,一般  ,0.0,1300.0,0.0,是 ,[已隱蔽],,
1110818GF0000001,2022-08-18 00:00:00,2[電話] 09:10:58      ,GF ,3200.0,3200.0,1747.0,,CUS_00587,1,0.0,0.0,                ,0.0,現金  ,,一般  ,0.0,3200.0,0.0,是 ,[已隱蔽],,
1110819GF0000002,2022-08-19 00:00:00,2[電話] 13:24:46      ,GF ,600.0,600.0,238.0,,CUS_00587,1,0.0,0.0,                ,0.0,現金  ,,一般  ,0.0,600.0,0.0,是 ,[已隱蔽],,
1110822GF0000001,2022-08-22 00:00:00,2[電話] 18:15:03      ,GF ,8250.0,8250.0,2385.0,,CUS_00587,1,0.0,0.0,                ,0.0,現金  ,,一般  ,0.0,8250.0,0.0,是 ,[已隱蔽],,
1110823GF0000001,2022-08-23 00:00:00,2[電話] 08:50:52      ,GF ,2000.0,2000.0,778.0,,CUS_00587,1,0.0,0.0,                ,0.0,現金  ,,一般  ,0.0,2000.0,0.0,是 ,[已隱蔽],,
1130522GF0000002,2024-05-22 00:00:00,2[電話] 09:10:22      ,GF ,2220.0,2220.0,1509.0,,CUS_00587,1,0.0,0.0,                ,0.0,現金  ,,一般  ,0.0,2220.0,0.0,是 ,[已隱蔽],,
1110824GF0000001,2022-08-24 00:00:00,2[電話] 08:43:40      ,GF ,250.0,250.0,120.0,,CUS_00587,1,0.0,0.0,                ,0.0,現金  ,,一般  ,0.0,250.0,0.0,是 ,[已隱蔽],,
1110825GF0000001,2022-08-25 00:00:00,2[電話] 11:17:00      ,GF ,3550.0,3550.0,1935.0,,CUS_00587,1,0.0,0.0,                ,0.0,現金  ,,一般  ,0.0,3550.0,0.0,是 ,[已隱蔽],,
1110826GF0000001,2022-08-26 00:00:00,2[電話] 07:22:20      ,GF ,2400.0,2400.0,630.0,,CUS_00587,1,0.0,0.0,                ,0.0,現金  ,,一般  ,0.0,2400.0,0.0,是 ,[已隱蔽],,
1110827GF0000001,2022-08-27 00:00:00,2[電話] 09:17:04      ,GF ,470.0,470.0,190.0,,CUS_00587,1,0.0,0.0,                ,0.0,現金  ,,一般  ,0.0,470.0,0.0,是 ,[已隱蔽],,
1110830GF0000001,2022-08-30 00:00:00,2[電話] 09:22:46      ,GF ,3528.0,3528.0,1630.0,,CUS_00587,1,0.0,0.0,                ,0.0,現金  ,,一般  ,0.0,3528.0,0.0,是 ,[已隱蔽],,
1110831GF0000001,2022-08-31 00:00:00,2[電話] 06:36:39      ,GF ,4200.0,4200.0,2000.0,,CUS_00587,1,0.0,0.0,                ,0.0,現金  ,,一般  ,0.0,4200.0,0.0,是 ,[已隱蔽],,
1110901GF0000001,2022-09-01 00:00:00,2[電話] 09:06:12      ,GF ,450.0,450.0,190.0,,CUS_00587,1,0.0,0.0,                ,0.0,現金  ,,一般  ,0.0,450.0,0.0,是 ,[已隱蔽],,
1110902GF0000001,2022-09-02 00:00:00,2[電話] 08:50:38      ,GF ,2620.0,2620.0,898.0,,CUS_00587,1,0.0,0.0,                ,0.0,現金  ,,一般  ,0.0,2620.0,0.0,是 ,[已隱蔽],,
1110903GF0000001,2022-09-03 00:00:00,2[電話] 09:11:10      ,GF ,5100.0,5100.0,2230.0,,CUS_00587,1,0.0,0.0,                ,0.0,現金  ,,一般  ,0.0,5100.0,0.0,是 ,[已隱蔽],,
1110905GF0000001,2022-09-05 00:00:00,2[電話] 08:53:51      ,GF ,290.0,290.0,112.5,,CUS_00587,1,0.0,0.0,                ,0.0,現金  ,,一般  ,0.0,290.0,0.0,是 ,[已隱蔽],,
1110906GF0000001,2022-09-06 00:00:00,2[電話] 09:03:50      ,GF ,1020.0,1020.0,584.0,,CUS_00587,1,0.0,0.0,                ,0.0,現金  ,,一般  ,0.0,1020.0,0.0,是 ,[已隱蔽],,
1110908GF0000001,2022-09-08 00:00:00,2[電話] 08:38:13      ,GF ,3670.0,3670.0,2074.0,,CUS_00587,1,0.0,0.0,                ,0.0,現金  ,,一般  ,0.0,3670.0,0.0,是 ,[已隱蔽],,
1110909GF0000002,2022-09-09 00:00:00,2[電話] 09:09:26      ,GF ,1200.0,1200.0,400.0,,CUS_00587,1,0.0,0.0,                ,0.0,現金  ,,一般  ,0.0,1200.0,0.0,是 ,[已隱蔽],,
1110910GF0000001,2022-09-10 00:00:00,2[電話] 10:07:47      ,GF ,500.0,500.0,240.0,,CUS_00587,1,0.0,0.0,                ,0.0,現金  ,,一般  ,0.0,500.0,0.0,是 ,[已隱蔽],,
1110912GF0000001,2022-09-12 00:00:00,2[電話] 09:02:56      ,GF ,3090.0,3090.0,2008.3,,CUS_00587,1,0.0,0.0,                ,0.0,現金  ,,一般  ,0.0,3090.0,0.0,是 ,[已隱蔽],,
1110913GF0000001,2022-09-13 00:00:00,2[電話] 08:56:19      ,GF ,2799.0,2799.0,1360.0,,CUS_00587,1,0.0,0.0,                ,0.0,現金  ,,一般  ,0.0,2799.0,0.0,是 ,[已隱蔽],,
1110914GF0000001,2022-09-14 00:00:00,2[電話] 08:55:57      ,GF ,1500.0,1500.0,540.0,,CUS_00587,1,0.0,0.0,                ,0.0,現金  ,,一般  ,0.0,1500.0,0.0,是 ,[已隱蔽],,
1110915GF0000001,2022-09-15 00:00:00,2[電話] 09:17:40      ,GF ,1500.0,1500.0,750.0,,CUS_00587,1,0.0,0.0,                ,0.0,現金  ,,一般  ,0.0,1500.0,0.0,是 ,[已隱蔽],,
1110916GF0000001,2022-09-16 00:00:00,2[電話] 09:00:24      ,GF ,520.0,520.0,127.0,,CUS_00587,1,0.0,0.0,                ,0.0,現金  ,,一般  ,0.0,520.0,0.0,是 ,[已隱蔽],,
1110917GF0000001,2022-09-17 00:00:00,2[電話] 08:47:34      ,GF ,900.0,900.0,350.0,,CUS_00587,1,0.0,0.0,                ,0.0,現金  ,,一般  ,0.0,900.0,0.0,是 ,[已隱蔽],,
1110919GF0000001,2022-09-19 00:00:00,2[電話] 08:46:07      ,GF ,800.0,800.0,400.0,,CUS_00587,1,0.0,0.0,                ,0.0,現金  ,,一般  ,0.0,800.0,0.0,是 ,[已隱蔽],,
1110920GF0000001,2022-09-20 00:00:00,2[電話] 07:54:18      ,GF ,1925.0,1925.0,890.0,,CUS_00587,1,0.0,0.0,                ,0.0,現金  ,,一般  ,0.0,1925.0,0.0,是 ,[已隱蔽],,
1110921GF0000001,2022-09-21 00:00:00,2[電話] 09:00:04      ,GF ,2880.0,2880.0,430.0,,CUS_00587,1,0.0,0.0,                ,0.0,現金  ,,一般  ,0.0,2880.0,0.0,是 ,[已隱蔽],,
1110922GF0000001,2022-09-22 00:00:00,2[電話] 09:01:59      ,GF ,11420.0,11420.0,6377.0,,CUS_00587,1,0.0,0.0,                ,0.0,現金  ,,一般  ,0.0,11420.0,0.0,是 ,[已隱蔽],,
1110924GF0000001,2022-09-24 00:00:00,2[電話] 09:04:38      ,GF ,5400.0,5400.0,2945.0,,CUS_00587,1,0.0,0.0,                ,0.0,現金  ,,一般  ,0.0,5400.0,0.0,是 ,[已隱蔽],,
1110926GF0000001,2022-09-26 00:00:00,2[電話] 09:05:15      ,GF ,7349.0,7349.0,3380.0,,CUS_00587,1,0.0,0.0,                ,0.0,現金  ,,一般  ,0.0,7349.0,0.0,是 ,[已隱蔽],,
1111022GF0000001,2022-10-22 00:00:00,2[電話] 08:58:37      ,GF ,1000.0,1000.0,285.0,,CUS_00587,1,0.0,0.0,                ,0.0,現金  ,,一般  ,0.0,1000.0,0.0,是 ,[已隱蔽],,
1110927GF0000001,2022-09-27 00:00:00,2[電話] 09:04:21      ,GF ,200.0,200.0,60.0,,CUS_00587,1,0.0,0.0,                ,0.0,現金  ,,一般  ,0.0,200.0,0.0,是 ,[已隱蔽],,
1110928GF0000001,2022-09-28 00:00:00,2[電話] 09:30:40      ,GF ,2000.0,2000.0,460.0,,CUS_00587,1,0.0,0.0,                ,0.0,現金  ,,一般  ,0.0,2000.0,0.0,是 ,[已隱蔽],,
1110929GF0000001,2022-09-29 00:00:00,2[電話] 09:36:10      ,GF ,2850.0,2850.0,1431.3,,CUS_00587,1,0.0,0.0,                ,0.0,現金  ,,一般  ,0.0,2850.0,0.0,是 ,[已隱蔽],,
1110930GF0000001,2022-09-30 00:00:00,2[電話] 08:58:28      ,GF ,220.0,220.0,84.0,,CUS_00587,1,0.0,0.0,                ,0.0,現金  ,,一般  ,0.0,220.0,0.0,是 ,[已隱蔽],,
1111001GF0000001,2022-10-01 00:00:00,2[電話] 09:19:38      ,GF ,1300.0,1300.0,0.0,,CUS_00587,1,0.0,0.0,                ,0.0,現金  ,,一般  ,0.0,1300.0,0.0,是 ,[已隱蔽],,
1111003GF0000001,2022-10-03 00:00:00,2[電話] 08:56:38      ,GF ,3050.0,3050.0,1330.0,,CUS_00587,1,0.0,0.0,                ,0.0,現金  ,,一般  ,0.0,3050.0,0.0,是 ,[已隱蔽],,
1111004GF0000001,2022-10-04 00:00:00,2[電話] 08:37:40      ,GF ,1080.0,1080.0,590.0,,CUS_00587,1,0.0,0.0,                ,0.0,現金  ,,一般  ,0.0,1080.0,0.0,是 ,[已隱蔽],,
1111006GF0000001,2022-10-06 00:00:00,2[電話] 07:57:34      ,GF ,483.0,483.0,162.0,,CUS_00587,1,0.0,0.0,                ,0.0,現金  ,,一般  ,0.0,483.0,0.0,是 ,[已隱蔽],,
1111007GF0000001,2022-10-07 00:00:00,2[電話] 08:12:50      ,GF ,3447.0,3447.0,1855.0,,CUS_00587,1,0.0,0.0,                ,0.0,現金  ,,一般  ,0.0,3447.0,0.0,是 ,[已隱蔽],,
1111008GF0000001,2022-10-08 00:00:00,2[電話] 09:27:29      ,GF ,4050.0,4050.0,1798.6,,CUS_00587,1,0.0,0.0,                ,0.0,現金  ,,一般  ,0.0,4050.0,0.0,是 ,[已隱蔽],,
1111009GF0000001,2022-10-09 00:00:00,2[電話] 09:59:44      ,GF ,1350.0,1350.0,460.0,,CUS_00587,1,0.0,0.0,                ,0.0,現金  ,,一般  ,0.0,1350.0,0.0,是 ,[已隱蔽],,
1111011GF0000001,2022-10-11 00:00:00,2[電話] 08:45:07      ,GF ,7580.0,7580.0,6470.0,,CUS_00587,1,0.0,0.0,                ,0.0,現金  ,,一般  ,0.0,7580.0,0.0,是 ,[已隱蔽],,
1111012GF0000001,2022-10-12 00:00:00,2[電話] 08:52:34      ,GF ,8080.0,8080.0,5370.0,,CUS_00587,1,0.0,0.0,                ,0.0,現金  ,,一般  ,0.0,8080.0,0.0,是 ,[已隱蔽],,
1111013GF0000001,2022-10-13 00:00:00,2[電話] 08:59:10      ,GF ,1450.0,1450.0,650.0,,CUS_00587,1,0.0,0.0,                ,0.0,現金  ,,一般  ,0.0,1450.0,0.0,是 ,[已隱蔽],,
1111017GF0000001,2022-10-17 00:00:00,2[電話] 09:04:37      ,GF ,5350.0,5350.0,2220.0,,CUS_00587,1,0.0,0.0,                ,0.0,現金  ,,一般  ,0.0,5350.0,0.0,是 ,[已隱蔽],,
1111018GF0000001,2022-10-18 00:00:00,2[電話] 11:40:16      ,GF ,3600.0,3600.0,1590.0,,CUS_00587,1,0.0,0.0,                ,0.0,現金  ,,一般  ,0.0,3600.0,0.0,是 ,[已隱蔽],,
1111019GF0000001,2022-10-19 00:00:00,2[電話] 10:59:12      ,GF ,2450.0,2450.0,790.0,,CUS_00587,1,0.0,0.0,                ,0.0,現金  ,,一般  ,0.0,2450.0,0.0,是 ,[已隱蔽],,
1111024GF0000001,2022-10-24 00:00:00,2[電話] 09:06:34      ,GF ,670.0,670.0,86.0,,CUS_00587,1,0.0,0.0,                ,0.0,現金  ,,一般  ,0.0,670.0,0.0,是 ,[已隱蔽],,
1111020GF0000001,2022-10-20 00:00:00,2[電話] 09:05:10      ,GF ,1850.0,1850.0,840.0,,CUS_00587,1,0.0,0.0,                ,0.0,現金  ,,一般  ,0.0,1850.0,0.0,是 ,[已隱蔽],,
1111021GF0000001,2022-10-21 00:00:00,2[電話] 13:48:38      ,GF ,1029.0,1029.0,301.0,,CUS_00587,1,0.0,0.0,                ,0.0,現金  ,,一般  ,0.0,1029.0,0.0,是 ,[已隱蔽],,
1111025GF0000001,2022-10-25 00:00:00,2[電話] 09:00:32      ,GF ,3500.0,3500.0,1620.0,,CUS_00587,1,0.0,0.0,                ,0.0,現金  ,,一般  ,0.0,3500.0,0.0,是 ,[已隱蔽],,
1111026GF0000001,2022-10-26 00:00:00,2[電話] 08:59:17      ,GF ,4850.0,4850.0,2190.0,,CUS_00587,1,0.0,0.0,                ,0.0,現金  ,,一般  ,0.0,4850.0,0.0,是 ,[已隱蔽],,
1111027GF0000001,2022-10-27 00:00:00,2[電話] 08:49:49      ,GF ,4587.0,4587.0,1220.0,,CUS_00587,1,0.0,0.0,                ,0.0,現金  ,,一般  ,0.0,4587.0,0.0,是 ,[已隱蔽],,
1111028GF0000001,2022-10-28 00:00:00,2[電話] 09:04:24      ,GF ,1400.0,1400.0,531.8,,CUS_00587,1,0.0,0.0,                ,0.0,現金  ,,一般  ,0.0,1400.0,0.0,是 ,[已隱蔽],,
1111029GF0000001,2022-10-29 00:00:00,2[電話] 13:09:07      ,GF ,4650.0,4650.0,1605.0,,CUS_00587,1,0.0,0.0,                ,0.0,現金  ,,一般  ,0.0,4650.0,0.0,是 ,[已隱蔽],,
1111031GF0000001,2022-10-31 00:00:00,2[電話] 09:38:12      ,GF ,550.0,550.0,95.0,,CUS_00587,1,0.0,0.0,                ,0.0,現金  ,,一般  ,0.0,550.0,0.0,是 ,[已隱蔽],,
1111101GF0000001,2022-11-01 00:00:00,2[電話] 09:10:20      ,GF ,1600.0,1600.0,650.0,,CUS_00587,1,0.0,0.0,                ,0.0,現金  ,,一般  ,0.0,1600.0,0.0,是 ,[已隱蔽],,
1111102GF0000001,2022-11-02 00:00:00,2[電話] 08:42:20      ,GF ,930.0,930.0,325.0,,CUS_00587,1,0.0,0.0,                ,0.0,現金  ,,一般  ,0.0,930.0,0.0,是 ,[已隱蔽],,
1111103GF0000001,2022-11-03 00:00:00,2[電話] 08:52:06      ,GF ,2700.0,2700.0,1294.0,,CUS_00587,1,0.0,0.0,                ,0.0,現金  ,,一般  ,0.0,2700.0,0.0,是 ,[已隱蔽],,
1111104GF0000001,2022-11-04 00:00:00,2[電話] 07:05:59      ,GF ,3410.0,3410.0,1415.0,,CUS_00587,1,0.0,0.0,                ,0.0,現金  ,,一般  ,0.0,3410.0,0.0,是 ,[已隱蔽],,
1111105GF0000001,2022-11-05 00:00:00,2[電話] 09:01:23      ,GF ,3860.0,3860.0,2433.0,,CUS_00587,1,0.0,0.0,                ,0.0,現金  ,,一般  ,0.0,3860.0,0.0,是 ,[已隱蔽],,
1111107GF0000001,2022-11-07 00:00:00,2[電話] 08:55:40      ,GF ,2100.0,2100.0,1110.0,,CUS_00587,1,0.0,0.0,                ,0.0,現金  ,,一般  ,0.0,2100.0,0.0,是 ,[已隱蔽],,
1111108GF0000001,2022-11-08 00:00:00,2[電話] 08:41:18      ,GF ,350.0,350.0,28.0,,CUS_00587,1,0.0,0.0,                ,0.0,現金  ,,一般  ,0.0,350.0,0.0,是 ,[已隱蔽],,
1111109GF0000001,2022-11-09 00:00:00,2[電話] 08:50:04      ,GF ,4690.0,4690.0,2920.0,,CUS_00587,1,0.0,0.0,                ,0.0,現金  ,,一般  ,0.0,4690.0,0.0,是 ,[已隱蔽],,
1111110GF0000001,2022-11-10 00:00:00,2[電話] 08:55:13      ,GF ,1250.0,1250.0,763.0,,CUS_00587,1,0.0,0.0,                ,0.0,現金  ,,一般  ,0.0,1250.0,0.0,是 ,[已隱蔽],,
1111111GF0000001,2022-11-11 00:00:00,2[電話] 09:09:54      ,GF ,1340.0,1340.0,792.0,,CUS_00587,1,0.0,0.0,                ,0.0,現金  ,,一般  ,0.0,1340.0,0.0,是 ,[已隱蔽],,
1111112GF0000001,2022-11-12 00:00:00,2[電話] 08:37:29      ,GF ,3000.0,3000.0,1310.0,,CUS_00587,1,0.0,0.0,                ,0.0,現金  ,,一般  ,0.0,3000.0,0.0,是 ,[已隱蔽],,
1111114GF0000001,2022-11-14 00:00:00,2[電話] 08:56:43      ,GF ,3000.0,3000.0,1200.0,,CUS_00587,1,0.0,0.0,                ,0.0,現金  ,,一般  ,0.0,3000.0,0.0,是 ,[已隱蔽],,
1111115GF0000001,2022-11-15 00:00:00,2[電話] 07:48:29      ,GF ,500.0,500.0,180.0,,CUS_00587,1,0.0,0.0,                ,0.0,現金  ,,一般  ,0.0,500.0,0.0,是 ,[已隱蔽],,
1111116GF0000001,2022-11-16 00:00:00,2[電話] 10:37:41      ,GF ,680.0,680.0,316.0,,CUS_00587,1,0.0,0.0,                ,0.0,現金  ,,一般  ,0.0,680.0,0.0,是 ,[已隱蔽],,
1111117GF0000001,2022-11-17 00:00:00,2[電話] 09:06:00      ,GF ,750.0,750.0,318.0,,CUS_00587,1,0.0,0.0,                ,0.0,現金  ,,一般  ,0.0,750.0,0.0,是 ,[已隱蔽],,
1111118GF0000001,2022-11-18 00:00:00,2[電話] 07:26:08      ,GF ,860.0,860.0,315.0,,CUS_00587,1,0.0,0.0,                ,0.0,現金  ,,一般  ,0.0,860.0,0.0,是 ,[已隱蔽],,
1111119GF0000001,2022-11-19 00:00:00,2[電話] 09:18:04      ,GF ,4650.0,4650.0,1930.0,,CUS_00587,1,0.0,0.0,                ,0.0,現金  ,,一般  ,0.0,4650.0,0.0,是 ,[已隱蔽],,
1111121GF0000001,2022-11-21 00:00:00,2[電話] 09:03:25      ,GF ,80.0,80.0,45.0,,CUS_00587,1,0.0,0.0,                ,0.0,現金  ,,一般  ,0.0,80.0,0.0,是 ,[已隱蔽],,
1111122GF0000001,2022-11-22 00:00:00,2[電話] 08:09:42      ,GF ,2000.0,2000.0,1000.0,,CUS_00587,1,0.0,0.0,                ,0.0,現金  ,,一般  ,0.0,2000.0,0.0,是 ,[已隱蔽],,
1111123GF0000001,2022-11-23 00:00:00,2[電話] 07:58:44      ,GF ,2700.0,2700.0,1830.0,,CUS_00587,1,0.0,0.0,                ,0.0,現金  ,,一般  ,0.0,2700.0,0.0,是 ,[已隱蔽],,
1111124GF0000001,2022-11-24 00:00:00,2[電話] 08:53:38      ,GF ,1400.0,1400.0,595.0,,CUS_00587,1,0.0,0.0,                ,0.0,現金  ,,一般  ,0.0,1400.0,0.0,是 ,[已隱蔽],,
1111125GF0000001,2022-11-25 00:00:00,2[電話] 08:55:25      ,GF ,5450.0,5450.0,1889.3,,CUS_00587,1,0.0,0.0,                ,0.0,現金  ,,一般  ,0.0,5450.0,0.0,是 ,[已隱蔽],,
1111126GF0000001,2022-11-26 00:00:00,2[電話] 09:23:16      ,GF ,1700.0,1700.0,705.0,,CUS_00587,1,0.0,0.0,                ,0.0,現金  ,,一般  ,0.0,1700.0,0.0,是 ,[已隱蔽],,
1111128GF0000001,2022-11-28 00:00:00,2[電話] 09:37:40      ,GF ,2150.0,2150.0,1000.0,,CUS_00587,1,0.0,0.0,                ,0.0,現金  ,,一般  ,0.0,2150.0,0.0,是 ,[已隱蔽],,
1111129GF0000001,2022-11-29 00:00:00,2[電話] 08:36:36      ,GF ,750.0,750.0,250.0,,CUS_00587,1,0.0,0.0,                ,0.0,現金  ,,一般  ,0.0,750.0,0.0,是 ,[已隱蔽],,
1111201GF0000001,2022-12-01 00:00:00,2[電話] 09:03:33      ,GF ,2400.0,2400.0,1440.0,,CUS_00587,1,0.0,0.0,                ,0.0,現金  ,,一般  ,0.0,2400.0,0.0,是 ,[已隱蔽],,
1111202GF0000001,2022-12-02 00:00:00,2[電話] 07:05:45      ,GF ,1200.0,1200.0,345.0,,CUS_00587,1,0.0,0.0,                ,0.0,現金  ,,一般  ,0.0,1200.0,0.0,是 ,[已隱蔽],,
1111203GF0000001,2022-12-03 00:00:00,2[電話] 09:09:44      ,GF ,2150.0,2150.0,1310.0,,CUS_00587,1,0.0,0.0,                ,0.0,現金  ,,一般  ,0.0,2150.0,0.0,是 ,[已隱蔽],,
1111205GF0000001,2022-12-05 00:00:00,2[電話] 10:26:54      ,GF ,3650.0,3650.0,1448.0,,CUS_00587,1,0.0,0.0,                ,0.0,現金  ,,一般  ,0.0,3650.0,0.0,是 ,[已隱蔽],,
1111206GF0000001,2022-12-06 00:00:00,2[電話] 08:59:13      ,GF ,1350.0,1350.0,755.0,,CUS_00587,1,0.0,0.0,                ,0.0,現金  ,,一般  ,0.0,1350.0,0.0,是 ,[已隱蔽],,
1111207GF0000001,2022-12-07 00:00:00,2[電話] 09:11:57      ,GF ,4510.0,4510.0,1485.0,,CUS_00587,1,0.0,0.0,                ,0.0,現金  ,,一般  ,0.0,4510.0,0.0,是 ,[已隱蔽],,
1111208GF0000001,2022-12-08 00:00:00,2[電話] 09:03:27      ,GF ,2630.0,2630.0,995.0,,CUS_00587,1,0.0,0.0,                ,0.0,現金  ,,一般  ,0.0,2630.0,0.0,是 ,[已隱蔽],,
1111209GF0000001,2022-12-09 00:00:00,2[電話] 09:00:23      ,GF ,2550.0,2550.0,1015.0,,CUS_00587,1,0.0,0.0,                ,0.0,現金  ,,一般  ,0.0,2550.0,0.0,是 ,[已隱蔽],,
1111212GF0000001,2022-12-12 00:00:00,2[電話] 09:09:21      ,GF ,1050.0,1050.0,360.0,,CUS_00587,1,0.0,0.0,                ,0.0,現金  ,,一般  ,0.0,1050.0,0.0,是 ,[已隱蔽],,
1111213GF0000001,2022-12-13 00:00:00,2[電話] 09:05:57      ,GF ,850.0,850.0,180.0,,CUS_00587,1,0.0,0.0,                ,0.0,現金  ,,一般  ,0.0,850.0,0.0,是 ,[已隱蔽],,
1111214GF0000001,2022-12-14 00:00:00,2[電話] 09:32:24      ,GF ,2770.0,2770.0,1044.0,,CUS_00587,1,0.0,0.0,                ,0.0,現金  ,,一般  ,0.0,2770.0,0.0,是 ,[已隱蔽],,
1111215GF0000001,2022-12-15 00:00:00,2[電話] 09:03:43      ,GF ,5800.0,5800.0,2040.0,,CUS_00587,1,0.0,0.0,                ,0.0,現金  ,,一般  ,0.0,5800.0,0.0,是 ,[已隱蔽],,
1111216GF0000001,2022-12-16 00:00:00,2[電話] 07:45:22      ,GF ,2650.0,2650.0,1005.0,,CUS_00587,1,0.0,0.0,                ,0.0,現金  ,,一般  ,0.0,2650.0,0.0,是 ,[已隱蔽],,
1111217GF0000001,2022-12-17 00:00:00,2[電話] 11:25:39      ,GF ,250.0,250.0,100.0,,CUS_00587,1,0.0,0.0,                ,0.0,現金  ,,一般  ,0.0,250.0,0.0,是 ,[已隱蔽],,
1111219GF0000001,2022-12-19 00:00:00,2[電話] 08:55:27      ,GF ,5300.0,5300.0,2620.0,,CUS_00587,1,0.0,0.0,                ,0.0,現金  ,,一般  ,0.0,5300.0,0.0,是 ,[已隱蔽],,
1111220GF0000001,2022-12-20 00:00:00,2[電話] 13:40:23      ,GF ,4450.0,4450.0,2495.0,,CUS_00587,1,0.0,0.0,                ,0.0,現金  ,,一般  ,0.0,4450.0,0.0,是 ,[已隱蔽],,
1111221GF0000001,2022-12-21 00:00:00,2[電話] 08:52:36      ,GF ,200.0,200.0,100.0,,CUS_00587,1,0.0,0.0,                ,0.0,現金  ,,一般  ,0.0,200.0,0.0,是 ,[已隱蔽],,
1111222GF0000001,2022-12-22 00:00:00,2[電話] 08:59:32      ,GF ,0.0,0.0,0.0,,CUS_00587,1,0.0,0.0,                ,0.0,現金  ,,一般  ,0.0,0.0,0.0,是 ,[已隱蔽],,
1111222GF0000002,2022-12-22 00:00:00,2[電話] 09:31:21      ,GF ,5050.0,5050.0,1450.0,,CUS_00587,1,0.0,0.0,                ,0.0,現金  ,,一般  ,0.0,5050.0,0.0,是 ,[已隱蔽],,
1111223GF0000001,2022-12-23 00:00:00,2[電話] 09:01:59      ,GF ,3150.0,3150.0,1640.0,,CUS_00587,1,0.0,0.0,                ,0.0,現金  ,,一般  ,0.0,3150.0,0.0,是 ,[已隱蔽],,
1111224GF0000001,2022-12-24 00:00:00,2[電話] 10:11:01      ,GF ,320.0,320.0,142.0,,CUS_00587,1,0.0,0.0,                ,0.0,現金  ,,一般  ,0.0,320.0,0.0,是 ,[已隱蔽],,
1111226GF0000001,2022-12-26 00:00:00,2[電話] 08:56:16      ,GF ,0.0,0.0,0.0,,CUS_00587,1,0.0,0.0,                ,0.0,現金  ,,一般  ,0.0,0.0,0.0,是 ,[已隱蔽],,
1111227GF0000001,2022-12-27 00:00:00,2[電話] 09:25:41      ,GF ,8500.0,8500.0,3954.0,,CUS_00587,1,0.0,0.0,                ,0.0,現金  ,,一般  ,0.0,8500.0,0.0,是 ,[已隱蔽],,
1111228GF0000001,2022-12-28 00:00:00,2[電話] 09:09:50      ,GF ,1200.0,1200.0,390.0,,CUS_00587,1,0.0,0.0,                ,0.0,現金  ,,一般  ,0.0,1200.0,0.0,是 ,[已隱蔽],,
1111229GF0000001,2022-12-29 00:00:00,2[電話] 08:59:53      ,GF ,1500.0,1500.0,493.0,,CUS_00587,1,0.0,0.0,                ,0.0,現金  ,,一般  ,0.0,1500.0,0.0,是 ,[已隱蔽],,
1111230GF0000001,2022-12-30 00:00:00,2[電話] 07:43:35      ,GF ,2150.0,2150.0,750.0,,CUS_00587,1,0.0,0.0,                ,0.0,現金  ,,一般  ,0.0,2150.0,0.0,是 ,[已隱蔽],,
1111231GF0000001,2022-12-31 00:00:00,2[電話] 10:13:46      ,GF ,300.0,300.0,35.0,,CUS_00587,1,0.0,0.0,                ,0.0,現金  ,,一般  ,0.0,300.0,0.0,是 ,[已隱蔽],,
1120103GF0000001,2023-01-03 00:00:00,2[電話] 08:49:36      ,GF ,1590.0,1590.0,595.0,,CUS_00587,1,0.0,0.0,                ,0.0,現金  ,,一般  ,0.0,1590.0,0.0,是 ,[已隱蔽],,
1120104GF0000001,2023-01-04 00:00:00,2[電話] 08:56:37      ,GF ,3750.0,3750.0,3067.0,,CUS_00587,1,0.0,0.0,                ,0.0,現金  ,,一般  ,0.0,3750.0,0.0,是 ,[已隱蔽],,
1120106GF0000001,2023-01-06 00:00:00,2[電話] 11:13:50      ,GF ,640.0,640.0,246.0,,CUS_00587,1,0.0,0.0,                ,0.0,現金  ,,一般  ,0.0,640.0,0.0,是 ,[已隱蔽],,
1120117GF0000001,2023-01-17 00:00:00,2[電話] 07:44:31      ,GF ,6555.0,6555.0,3421.0,,CUS_00587,1,0.0,0.0,                ,0.0,現金  ,,一般  ,0.0,6555.0,0.0,是 ,[已隱蔽],,
1120118GF0000001,2023-01-18 00:00:00,2[電話] 07:48:19      ,GF ,5005.0,5005.0,2159.0,,CUS_00587,1,0.0,0.0,                ,0.0,現金  ,,一般  ,0.0,5005.0,0.0,是 ,[已隱蔽],,
1120119GF0000001,2023-01-19 00:00:00,2[電話] 09:50:29      ,GF ,3255.0,3255.0,1305.0,,CUS_00587,1,0.0,0.0,                ,0.0,現金  ,,一般  ,0.0,3255.0,0.0,是 ,[已隱蔽],,
1120120GF0000001,2023-01-20 00:00:00,2[電話] 09:05:33      ,GF ,7700.0,7700.0,3560.0,,CUS_00587,1,0.0,0.0,                ,0.0,現金  ,,一般  ,0.0,7700.0,0.0,是 ,[已隱蔽],,
1120121GF0000001,2023-01-21 00:00:00,2[電話] 10:38:27      ,GF ,400.0,400.0,0.0,,CUS_00587,1,0.0,0.0,                ,0.0,現金  ,,一般  ,0.0,400.0,0.0,是 ,[已隱蔽],,
1120129GF0000001,2023-01-29 00:00:00,2[電話] 09:24:26      ,GF ,3100.0,3100.0,1430.0,,CUS_00587,1,0.0,0.0,                ,0.0,現金  ,,一般  ,0.0,3100.0,0.0,是 ,[已隱蔽],,
1120130GF0000001,2023-01-30 00:00:00,2[電話] 08:54:56      ,GF ,4300.0,4300.0,1660.0,,CUS_00587,1,0.0,0.0,                ,0.0,現金  ,,一般  ,0.0,4300.0,0.0,是 ,[已隱蔽],,
1120131GF0000001,2023-01-31 00:00:00,2[電話] 15:47:39      ,GF ,200.0,200.0,70.0,,CUS_00587,1,0.0,0.0,                ,0.0,現金  ,,一般  ,0.0,200.0,0.0,是 ,[已隱蔽],,
1120201GF0000001,2023-02-01 00:00:00,2[電話] 08:56:34      ,GF ,3600.0,3600.0,1610.0,,CUS_00587,1,0.0,0.0,                ,0.0,現金  ,,一般  ,0.0,3600.0,0.0,是 ,[已隱蔽],,
1120202GF0000001,2023-02-02 00:00:00,2[電話] 13:47:30      ,GF ,2050.0,2050.0,752.0,,CUS_00587,1,0.0,0.0,                ,0.0,現金  ,,一般  ,0.0,2050.0,0.0,是 ,[已隱蔽],,
1120203GF0000001,2023-02-03 00:00:00,2[電話] 08:47:41      ,GF ,3650.0,3650.0,1456.4,,CUS_00587,1,0.0,0.0,                ,0.0,現金  ,,一般  ,0.0,3650.0,0.0,是 ,[已隱蔽],,
1120204GF0000001,2023-02-04 00:00:00,2[電話] 09:01:44      ,GF ,2650.0,2650.0,1540.0,,CUS_00587,1,0.0,0.0,                ,0.0,現金  ,,一般  ,0.0,2650.0,0.0,是 ,[已隱蔽],,
1120206GF0000001,2023-02-06 00:00:00,2[電話] 08:52:09      ,GF ,1790.0,1790.0,840.0,,CUS_00587,1,0.0,0.0,                ,0.0,現金  ,,一般  ,0.0,1790.0,0.0,是 ,[已隱蔽],,
1120207GF0000001,2023-02-07 00:00:00,2[電話] 15:23:01      ,GF ,600.0,600.0,200.0,,CUS_00587,1,0.0,0.0,                ,0.0,現金  ,,一般  ,0.0,600.0,0.0,是 ,[已隱蔽],,
1120208GF0000001,2023-02-08 00:00:00,2[電話] 09:13:29      ,GF ,290.0,290.0,95.0,,CUS_00587,1,0.0,0.0,                ,0.0,現金  ,,一般  ,0.0,290.0,0.0,是 ,[已隱蔽],,
1120210GF0000001,2023-02-10 00:00:00,2[電話] 07:57:30      ,GF ,10600.0,10600.0,4608.0,,CUS_00587,1,0.0,0.0,                ,0.0,現金  ,,一般  ,0.0,10600.0,0.0,是 ,[已隱蔽],,
1120211GF0000001,2023-02-11 00:00:00,2[電話] 09:26:59      ,GF ,6950.0,6950.0,2210.0,,CUS_00587,1,0.0,0.0,                ,0.0,現金  ,,一般  ,0.0,6950.0,0.0,是 ,[已隱蔽],,
1120213GF0000001,2023-02-13 00:00:00,2[電話] 09:10:15      ,GF ,3039.0,3039.0,1685.0,,CUS_00587,1,0.0,0.0,                ,0.0,現金  ,,一般  ,0.0,3039.0,0.0,是 ,[已隱蔽],,
1120214GF0000001,2023-02-14 00:00:00,2[電話] 07:21:08      ,GF ,100.0,100.0,20.0,,CUS_00587,1,0.0,0.0,                ,0.0,現金  ,,一般  ,0.0,100.0,0.0,是 ,[已隱蔽],,
1120216GF0000001,2023-02-16 00:00:00,2[電話] 09:01:03      ,GF ,4600.0,4600.0,1980.0,,CUS_00587,1,0.0,0.0,                ,0.0,現金  ,,一般  ,0.0,4600.0,0.0,是 ,[已隱蔽],,
1120217GF0000001,2023-02-17 00:00:00,2[電話] 09:04:40      ,GF ,1800.0,1800.0,656.5,,CUS_00587,1,0.0,0.0,                ,0.0,現金  ,,一般  ,0.0,1800.0,0.0,是 ,[已隱蔽],,
1120218GF0000001,2023-02-18 00:00:00,2[電話] 10:57:20      ,GF ,3950.0,3950.0,2257.0,,CUS_00587,1,0.0,0.0,                ,0.0,現金  ,,一般  ,0.0,3950.0,0.0,是 ,[已隱蔽],,
1120220GF0000001,2023-02-20 00:00:00,2[電話] 12:59:35      ,GF ,4270.0,4270.0,2027.0,,CUS_00587,1,0.0,0.0,                ,0.0,現金  ,,一般  ,0.0,4270.0,0.0,是 ,[已隱蔽],,
1120221GF0000001,2023-02-21 00:00:00,2[電話] 15:17:56      ,GF ,4090.0,4090.0,1258.0,,CUS_00587,1,0.0,0.0,                ,0.0,現金  ,,一般  ,0.0,4090.0,0.0,是 ,[已隱蔽],,
1120223GF0000001,2023-02-23 00:00:00,2[電話] 07:58:10      ,GF ,980.0,980.0,428.0,,CUS_00587,1,0.0,0.0,                ,0.0,現金  ,,一般  ,0.0,980.0,0.0,是 ,[已隱蔽],,
1120224GF0000001,2023-02-24 00:00:00,2[電話] 07:41:55      ,GF ,6300.0,6300.0,1298.0,,CUS_00587,1,0.0,0.0,                ,0.0,現金  ,,一般  ,0.0,6300.0,0.0,是 ,[已隱蔽],,
1120227GF0000001,2023-02-27 00:00:00,2[電話] 12:51:30      ,GF ,3650.0,3650.0,1273.0,,CUS_00587,1,0.0,0.0,                ,0.0,現金  ,,一般  ,0.0,3650.0,0.0,是 ,[已隱蔽],,
1120228GF0000001,2023-02-28 00:00:00,2[電話] 10:46:55      ,GF ,2670.0,2670.0,799.6,,CUS_00587,1,0.0,0.0,                ,0.0,現金  ,,一般  ,0.0,2670.0,0.0,是 ,[已隱蔽],,
1120301GF0000001,2023-03-01 00:00:00,2[電話] 09:10:13      ,GF ,3800.0,3800.0,1792.0,,CUS_00587,1,0.0,0.0,                ,0.0,現金  ,,一般  ,0.0,3800.0,0.0,是 ,[已隱蔽],,
1120302GF0000001,2023-03-02 00:00:00,2[電話] 09:01:35      ,GF ,1200.0,1200.0,343.0,,CUS_00587,1,0.0,0.0,                ,0.0,現金  ,,一般  ,0.0,1200.0,0.0,是 ,[已隱蔽],,
1120303GF0000001,2023-03-03 00:00:00,2[電話] 09:08:30      ,GF ,4620.0,4620.0,1605.0,,CUS_00587,1,0.0,0.0,                ,0.0,現金  ,,一般  ,0.0,4620.0,0.0,是 ,[已隱蔽],,
1120304GF0000001,2023-03-04 00:00:00,2[電話] 09:15:13      ,GF ,2590.0,2590.0,1053.6,,CUS_00587,1,0.0,0.0,                ,0.0,現金  ,,一般  ,0.0,2590.0,0.0,是 ,[已隱蔽],,
1120306GF0000001,2023-03-06 00:00:00,2[電話] 08:11:59      ,GF ,10.0,10.0,3.5,,CUS_00587,1,0.0,0.0,                ,0.0,現金  ,,一般  ,0.0,10.0,0.0,是 ,[已隱蔽],,
1120307GF0000001,2023-03-07 00:00:00,2[電話] 09:05:06      ,GF ,2650.0,2650.0,580.0,,CUS_00587,1,0.0,0.0,                ,0.0,現金  ,,一般  ,0.0,2650.0,0.0,是 ,[已隱蔽],,
1120308GF0000001,2023-03-08 00:00:00,2[電話] 08:51:33      ,GF ,350.0,350.0,150.0,,CUS_00587,1,0.0,0.0,                ,0.0,現金  ,,一般  ,0.0,350.0,0.0,是 ,[已隱蔽],,
1120309GF0000001,2023-03-09 00:00:00,2[電話] 08:56:53      ,GF ,1300.0,1300.0,315.0,,CUS_00587,1,0.0,0.0,                ,0.0,現金  ,,一般  ,0.0,1300.0,0.0,是 ,[已隱蔽],,
1120310GF0000001,2023-03-10 00:00:00,2[電話] 07:38:51      ,GF ,850.0,850.0,600.0,,CUS_00587,1,0.0,0.0,                ,0.0,現金  ,,一般  ,0.0,850.0,0.0,是 ,[已隱蔽],,
1120311GF0000001,2023-03-11 00:00:00,2[電話] 16:25:48      ,GF ,5429.0,5429.0,1830.0,,CUS_00587,1,0.0,0.0,                ,0.0,現金  ,,一般  ,0.0,5429.0,0.0,是 ,[已隱蔽],,
1120313GF0000001,2023-03-13 00:00:00,2[電話] 09:50:59      ,GF ,7150.0,7150.0,3152.0,,CUS_00587,1,0.0,0.0,                ,0.0,現金  ,,一般  ,0.0,7150.0,0.0,是 ,[已隱蔽],,
1120314GF0000001,2023-03-14 00:00:00,2[電話] 11:32:44      ,GF ,10660.0,10660.0,5260.0,,CUS_00587,1,0.0,0.0,                ,0.0,現金  ,,一般  ,0.0,10660.0,0.0,是 ,[已隱蔽],,
1120315GF0000001,2023-03-15 00:00:00,2[電話] 07:22:19      ,GF ,900.0,900.0,295.0,,CUS_00587,1,0.0,0.0,                ,0.0,現金  ,,一般  ,0.0,900.0,0.0,是 ,[已隱蔽],,
1120316GF0000001,2023-03-16 00:00:00,2[電話] 09:17:57      ,GF ,1150.0,1150.0,343.0,,CUS_00587,1,0.0,0.0,                ,0.0,現金  ,,一般  ,0.0,1150.0,0.0,是 ,[已隱蔽],,
1120317GF0000001,2023-03-17 00:00:00,2[電話] 11:22:21      ,GF ,1500.0,1500.0,650.0,,CUS_00587,1,0.0,0.0,                ,0.0,現金  ,,一般  ,0.0,1500.0,0.0,是 ,[已隱蔽],,
1120318GF0000001,2023-03-18 00:00:00,2[電話] 08:42:04      ,GF ,2530.0,2530.0,1756.0,,CUS_00587,1,0.0,0.0,                ,0.0,現金  ,,一般  ,0.0,2530.0,0.0,是 ,[已隱蔽],,
1120318GF0000002,2023-03-18 00:00:00,2[電話] 14:41:09      ,GF ,420.0,420.0,186.0,,CUS_00587,1,0.0,0.0,                ,0.0,現金  ,,一般  ,0.0,420.0,0.0,是 ,[已隱蔽],,
1120320GF0000001,2023-03-20 00:00:00,2[電話] 08:40:07      ,GF ,800.0,800.0,300.0,,CUS_00587,1,0.0,0.0,                ,0.0,現金  ,,一般  ,0.0,800.0,0.0,是 ,[已隱蔽],,
1120321GF0000001,2023-03-21 00:00:00,2[電話] 07:25:45      ,GF ,1200.0,1200.0,850.0,,CUS_00587,1,0.0,0.0,                ,0.0,現金  ,,一般  ,0.0,1200.0,0.0,是 ,[已隱蔽],,
1120322GF0000001,2023-03-22 00:00:00,2[電話] 08:28:21      ,GF ,5219.0,5219.0,2315.0,,CUS_00587,1,0.0,0.0,                ,0.0,現金  ,,一般  ,0.0,5219.0,0.0,是 ,[已隱蔽],,
1120324GF0000001,2023-03-24 00:00:00,2[電話] 07:51:11      ,GF ,750.0,750.0,300.0,,CUS_00587,1,0.0,0.0,                ,0.0,現金  ,,一般  ,0.0,750.0,0.0,是 ,[已隱蔽],,
1120325GF0000001,2023-03-25 00:00:00,2[電話] 09:43:36      ,GF ,1000.0,1000.0,255.0,,CUS_00587,1,0.0,0.0,                ,0.0,現金  ,,一般  ,0.0,1000.0,0.0,是 ,[已隱蔽],,
1120327GF0000001,2023-03-27 00:00:00,2[電話] 09:30:51      ,GF ,3900.0,3900.0,2320.0,,CUS_00587,1,0.0,0.0,                ,0.0,現金  ,,一般  ,0.0,3900.0,0.0,是 ,[已隱蔽],,
1120328GF0000001,2023-03-28 00:00:00,2[電話] 09:47:59      ,GF ,3400.0,3400.0,1435.0,,CUS_00587,1,0.0,0.0,                ,0.0,現金  ,,一般  ,0.0,3400.0,0.0,是 ,[已隱蔽],,
1120330GF0000001,2023-03-30 00:00:00,2[電話] 09:59:45      ,GF ,900.0,900.0,355.0,,CUS_00587,1,0.0,0.0,                ,0.0,現金  ,,一般  ,0.0,900.0,0.0,是 ,[已隱蔽],,
1120331GF0000001,2023-03-31 00:00:00,2[電話] 09:12:24      ,GF ,1400.0,1400.0,603.0,,CUS_00587,1,0.0,0.0,                ,0.0,現金  ,,一般  ,0.0,1400.0,0.0,是 ,[已隱蔽],,
1120401GF0000001,2023-04-01 00:00:00,2[電話] 09:52:44      ,GF ,1650.0,1650.0,483.0,,CUS_00587,1,0.0,0.0,                ,0.0,現金  ,,一般  ,0.0,1650.0,0.0,是 ,[已隱蔽],,
1120403GF0000001,2023-04-03 00:00:00,2[電話] 12:09:20      ,GF ,600.0,600.0,350.0,,CUS_00587,1,0.0,0.0,                ,0.0,現金  ,,一般  ,0.0,600.0,0.0,是 ,[已隱蔽],,
1120404GF0000001,2023-04-04 00:00:00,2[電話] 09:42:04      ,GF ,1350.0,1350.0,580.0,,CUS_00587,1,0.0,0.0,                ,0.0,現金  ,,一般  ,0.0,1350.0,0.0,是 ,[已隱蔽],,
1120406GF0000001,2023-04-06 00:00:00,2[電話] 09:16:08      ,GF ,999.0,999.0,400.0,,CUS_00587,1,0.0,0.0,                ,0.0,現金  ,,一般  ,0.0,999.0,0.0,是 ,[已隱蔽],,
1120407GF0000001,2023-04-07 00:00:00,2[電話] 07:22:01      ,GF ,900.0,900.0,420.0,,CUS_00587,1,0.0,0.0,                ,0.0,現金  ,,一般  ,0.0,900.0,0.0,是 ,[已隱蔽],,
1120408GF0000001,2023-04-08 00:00:00,2[電話] 09:49:48      ,GF ,2790.0,2790.0,855.0,,CUS_00587,1,0.0,0.0,                ,0.0,現金  ,,一般  ,0.0,2790.0,0.0,是 ,[已隱蔽],,
1120410GF0000001,2023-04-10 00:00:00,2[電話] 16:31:11      ,GF ,200.0,200.0,40.0,,CUS_00587,1,0.0,0.0,                ,0.0,現金  ,,一般  ,0.0,200.0,0.0,是 ,[已隱蔽],,
1120411GF0000001,2023-04-11 00:00:00,2[電話] 09:10:08      ,GF ,4516.0,4516.0,1144.0,,CUS_00587,1,0.0,0.0,                ,0.0,現金  ,,一般  ,0.0,4516.0,0.0,是 ,[已隱蔽],,
1120412GF0000001,2023-04-12 00:00:00,2[電話] 09:59:58      ,GF ,2000.0,2000.0,500.0,,CUS_00587,1,0.0,0.0,                ,0.0,現金  ,,一般  ,0.0,2000.0,0.0,是 ,[已隱蔽],,
1120413GF0000001,2023-04-13 00:00:00,2[電話] 10:18:38      ,GF ,1850.0,1850.0,995.0,,CUS_00587,1,0.0,0.0,                ,0.0,現金  ,,一般  ,0.0,1850.0,0.0,是 ,[已隱蔽],,
1120414GF0000001,2023-04-14 00:00:00,2[電話] 09:12:46      ,GF ,6400.0,6400.0,2593.0,,CUS_00587,1,0.0,0.0,                ,0.0,現金  ,,一般  ,0.0,6400.0,0.0,是 ,[已隱蔽],,
1120417GF0000001,2023-04-17 00:00:00,2[電話] 12:32:40      ,GF ,670.0,670.0,224.0,,CUS_00587,1,0.0,0.0,                ,0.0,現金  ,,一般  ,0.0,670.0,0.0,是 ,[已隱蔽],,
1120420GF0000001,2023-04-20 00:00:00,2[電話] 09:40:08      ,GF ,6320.0,6320.0,4102.5,,CUS_00587,1,0.0,0.0,                ,0.0,現金  ,,一般  ,0.0,6320.0,0.0,是 ,[已隱蔽],,
1120421GF0000001,2023-04-21 00:00:00,2[電話] 07:17:25      ,GF ,4010.0,4010.0,2253.5,,CUS_00587,1,0.0,0.0,                ,0.0,現金  ,,一般  ,0.0,4010.0,0.0,是 ,[已隱蔽],,
1120422GF0000001,2023-04-22 00:00:00,2[電話] 07:40:01      ,GF ,2225.0,2225.0,740.0,,CUS_00587,1,0.0,0.0,                ,0.0,現金  ,,一般  ,0.0,2225.0,0.0,是 ,[已隱蔽],,
1120425GF0000001,2023-04-25 00:00:00,2[電話] 12:12:21      ,GF ,600.0,600.0,250.0,,CUS_00587,1,0.0,0.0,                ,0.0,現金  ,,一般  ,0.0,600.0,0.0,是 ,[已隱蔽],,
1120426GF0000001,2023-04-26 00:00:00,2[電話] 08:35:28      ,GF ,0.0,0.0,0.0,,CUS_00587,1,0.0,0.0,                ,0.0,現金  ,,一般  ,0.0,0.0,0.0,是 ,[已隱蔽],,
1120427GF0000001,2023-04-27 00:00:00,2[電話] 08:47:25      ,GF ,860.0,860.0,222.0,,CUS_00587,1,0.0,0.0,                ,0.0,現金  ,,一般  ,0.0,860.0,0.0,是 ,[已隱蔽],,
1120428GF0000001,2023-04-28 00:00:00,2[電話] 09:00:42      ,GF ,2880.0,2880.0,834.0,,CUS_00587,1,0.0,0.0,                ,0.0,現金  ,,一般  ,0.0,2880.0,0.0,是 ,[已隱蔽],,
1120502GF0000001,2023-05-02 00:00:00,2[電話] 09:16:18      ,GF ,1449.0,1449.0,720.0,,CUS_00587,1,0.0,0.0,                ,0.0,現金  ,,一般  ,0.0,1449.0,0.0,是 ,[已隱蔽],,
1120503GF0000001,2023-05-03 00:00:00,2[電話] 08:52:06      ,GF ,6040.0,6040.0,3150.0,,CUS_00587,1,0.0,0.0,                ,0.0,現金  ,,一般  ,0.0,6040.0,0.0,是 ,[已隱蔽],,
1120504GF0000001,2023-05-04 00:00:00,2[電話] 09:35:40      ,GF ,100.0,100.0,20.0,,CUS_00587,1,0.0,0.0,                ,0.0,現金  ,,一般  ,0.0,100.0,0.0,是 ,[已隱蔽],,
1120505GF0000001,2023-05-05 00:00:00,2[電話] 07:07:16      ,GF ,3820.0,3820.0,2054.0,,CUS_00587,1,0.0,0.0,                ,0.0,現金  ,,一般  ,0.0,3820.0,0.0,是 ,[已隱蔽],,
1120506GF0000001,2023-05-06 00:00:00,2[電話] 09:18:26      ,GF ,1950.0,1950.0,755.0,,CUS_00587,1,0.0,0.0,                ,0.0,現金  ,,一般  ,0.0,1950.0,0.0,是 ,[已隱蔽],,
1120508GF0000002,2023-05-08 00:00:00,2[電話] 14:22:39      ,GF ,1100.0,1100.0,345.0,,CUS_00587,1,0.0,0.0,                ,0.0,現金  ,,一般  ,0.0,1100.0,0.0,是 ,[已隱蔽],,
1120509GF0000001,2023-05-09 00:00:00,2[電話] 08:33:30      ,GF ,1950.0,1950.0,630.0,,CUS_00587,1,0.0,0.0,                ,0.0,現金  ,,一般  ,0.0,1950.0,0.0,是 ,[已隱蔽],,
1120510GF0000001,2023-05-10 00:00:00,2[電話] 09:03:42      ,GF ,100.0,100.0,50.0,,CUS_00587,1,0.0,0.0,                ,0.0,現金  ,,一般  ,0.0,100.0,0.0,是 ,[已隱蔽],,
1120511GF0000001,2023-05-11 00:00:00,2[電話] 13:48:26      ,GF ,2900.0,2900.0,115.0,,CUS_00587,1,0.0,0.0,                ,0.0,現金  ,,一般  ,0.0,2900.0,0.0,是 ,[已隱蔽],,
1120512GF0000001,2023-05-12 00:00:00,2[電話] 09:14:21      ,GF ,4900.0,4900.0,3020.0,,CUS_00587,1,0.0,0.0,                ,0.0,現金  ,,一般  ,0.0,4900.0,0.0,是 ,[已隱蔽],,
1120513GF0000001,2023-05-13 00:00:00,2[電話] 08:55:11      ,GF ,3419.0,3419.0,1790.0,,CUS_00587,1,0.0,0.0,                ,0.0,現金  ,,一般  ,0.0,3419.0,0.0,是 ,[已隱蔽],,
1120515GF0000001,2023-05-15 00:00:00,2[電話] 08:45:09      ,GF ,450.0,450.0,180.0,,CUS_00587,1,0.0,0.0,                ,0.0,現金  ,,一般  ,0.0,450.0,0.0,是 ,[已隱蔽],,
1120516GF0000001,2023-05-16 00:00:00,2[電話] 12:23:42      ,GF ,1550.0,1550.0,535.0,,CUS_00587,1,0.0,0.0,                ,0.0,現金  ,,一般  ,0.0,1550.0,0.0,是 ,[已隱蔽],,
1120517GF0000001,2023-05-17 00:00:00,2[電話] 09:17:04      ,GF ,3800.0,3800.0,1442.0,,CUS_00587,1,0.0,0.0,                ,0.0,現金  ,,一般  ,0.0,3800.0,0.0,是 ,[已隱蔽],,
1120518GF0000001,2023-05-18 00:00:00,2[電話] 09:17:22      ,GF ,600.0,600.0,145.0,,CUS_00587,1,0.0,0.0,                ,0.0,現金  ,,一般  ,0.0,600.0,0.0,是 ,[已隱蔽],,
1120519GF0000001,2023-05-19 00:00:00,2[電話] 12:40:13      ,GF ,1320.0,1320.0,659.0,,CUS_00587,1,0.0,0.0,                ,0.0,現金  ,,一般  ,0.0,1320.0,0.0,是 ,[已隱蔽],,
1120520GF0000001,2023-05-20 00:00:00,2[電話] 09:04:47      ,GF ,2300.0,2300.0,600.0,,CUS_00587,1,0.0,0.0,                ,0.0,現金  ,,一般  ,0.0,2300.0,0.0,是 ,[已隱蔽],,
1120523GF0000001,2023-05-23 00:00:00,2[電話] 08:48:36      ,GF ,1400.0,1400.0,480.0,,CUS_00587,1,0.0,0.0,                ,0.0,現金  ,,一般  ,0.0,1400.0,0.0,是 ,[已隱蔽],,
1120524GF0000001,2023-05-24 00:00:00,2[電話] 10:20:17      ,GF ,1600.0,1600.0,620.0,,CUS_00587,1,0.0,0.0,                ,0.0,現金  ,,一般  ,0.0,1600.0,0.0,是 ,[已隱蔽],,
1120525GF0000001,2023-05-25 00:00:00,2[電話] 08:45:57      ,GF ,160.0,160.0,80.0,,CUS_00587,1,0.0,0.0,                ,0.0,現金  ,,一般  ,0.0,160.0,0.0,是 ,[已隱蔽],,
1120526GF0000001,2023-05-26 00:00:00,2[電話] 08:44:10      ,GF ,1600.0,1600.0,610.0,,CUS_00587,1,0.0,0.0,                ,0.0,現金  ,,一般  ,0.0,1600.0,0.0,是 ,[已隱蔽],,
1120527GF0000001,2023-05-27 00:00:00,2[電話] 09:28:40      ,GF ,370.0,370.0,128.0,,CUS_00587,1,0.0,0.0,                ,0.0,現金  ,,一般  ,0.0,370.0,0.0,是 ,[已隱蔽],,
1120529GF0000001,2023-05-29 00:00:00,2[電話] 08:54:24      ,GF ,220.0,220.0,74.0,,CUS_00587,1,0.0,0.0,                ,0.0,現金  ,,一般  ,0.0,220.0,0.0,是 ,[已隱蔽],,
1120530GF0000001,2023-05-30 00:00:00,2[電話] 09:40:14      ,GF ,1650.0,1650.0,460.0,,CUS_00587,1,0.0,0.0,                ,0.0,現金  ,,一般  ,0.0,1650.0,0.0,是 ,[已隱蔽],,
1120531GF0000001,2023-05-31 00:00:00,2[電話] 08:45:05      ,GF ,0.0,0.0,0.0,,CUS_00587,1,0.0,0.0,                ,0.0,現金  ,,一般  ,0.0,0.0,0.0,是 ,[已隱蔽],,
1120601GF0000001,2023-06-01 00:00:00,2[電話] 08:51:32      ,GF ,1750.0,1750.0,436.0,,CUS_00587,1,0.0,0.0,                ,0.0,現金  ,,一般  ,0.0,1750.0,0.0,是 ,[已隱蔽],,
1120602GF0000001,2023-06-02 00:00:00,2[電話] 12:12:04      ,GF ,1060.0,1060.0,435.0,,CUS_00587,1,0.0,0.0,                ,0.0,現金  ,,一般  ,0.0,1060.0,0.0,是 ,[已隱蔽],,
1120606GF0000001,2023-06-06 00:00:00,2[電話] 08:46:46      ,GF ,1050.0,1050.0,334.0,,CUS_00587,1,0.0,0.0,                ,0.0,現金  ,,一般  ,0.0,1050.0,0.0,是 ,[已隱蔽],,
1120607GF0000001,2023-06-07 00:00:00,2[電話] 09:12:27      ,GF ,1800.0,1800.0,710.0,,CUS_00587,1,0.0,0.0,                ,0.0,現金  ,,一般  ,0.0,1800.0,0.0,是 ,[已隱蔽],,
1120609GF0000001,2023-06-09 00:00:00,2[電話] 08:49:57      ,GF ,650.0,650.0,207.0,,CUS_00587,1,0.0,0.0,                ,0.0,現金  ,,一般  ,0.0,650.0,0.0,是 ,[已隱蔽],,
1120610GF0000001,2023-06-10 00:00:00,2[電話] 16:25:29      ,GF ,1649.0,1649.0,745.0,,CUS_00587,1,0.0,0.0,                ,0.0,現金  ,,一般  ,0.0,1649.0,0.0,是 ,[已隱蔽],,
1120613GF0000001,2023-06-13 00:00:00,2[電話] 10:59:34      ,GF ,2900.0,2900.0,902.0,,CUS_00587,1,0.0,0.0,                ,0.0,現金  ,,一般  ,0.0,2900.0,0.0,是 ,[已隱蔽],,
1120615GF0000001,2023-06-15 00:00:00,2[電話] 10:17:30      ,GF ,250.0,250.0,110.0,,CUS_00587,1,0.0,0.0,                ,0.0,現金  ,,一般  ,0.0,250.0,0.0,是 ,[已隱蔽],,
1120616GF0000001,2023-06-16 00:00:00,2[電話] 09:17:06      ,GF ,850.0,850.0,310.0,,CUS_00587,1,0.0,0.0,                ,0.0,現金  ,,一般  ,0.0,850.0,0.0,是 ,[已隱蔽],,
1120620GF0000001,2023-06-20 00:00:00,2[電話] 08:01:16      ,GF ,1250.0,1250.0,528.0,,CUS_00587,1,0.0,0.0,                ,0.0,現金  ,,一般  ,0.0,1250.0,0.0,是 ,[已隱蔽],,
1120621GF0000001,2023-06-21 00:00:00,2[電話] 08:43:25      ,GF ,3049.0,3049.0,1320.0,,CUS_00587,1,0.0,0.0,                ,0.0,現金  ,,一般  ,0.0,3049.0,0.0,是 ,[已隱蔽],,
1120624GF0000001,2023-06-24 00:00:00,2[電話] 08:35:01      ,GF ,400.0,400.0,130.0,,CUS_00587,1,0.0,0.0,                ,0.0,現金  ,,一般  ,0.0,400.0,0.0,是 ,[已隱蔽],,
1120626GF0000001,2023-06-26 00:00:00,2[電話] 09:01:28      ,GF ,0.0,0.0,0.0,,CUS_00587,1,0.0,0.0,                ,0.0,現金  ,,一般  ,0.0,0.0,0.0,是 ,[已隱蔽],,
1120627GF0000001,2023-06-27 00:00:00,2[電話] 08:53:26      ,GF ,950.0,950.0,450.0,,CUS_00587,1,0.0,0.0,                ,0.0,現金  ,,一般  ,0.0,950.0,0.0,是 ,[已隱蔽],,
1120628GF0000001,2023-06-28 00:00:00,2[電話] 09:00:14      ,GF ,3500.0,3500.0,455.0,,CUS_00587,1,0.0,0.0,                ,0.0,現金  ,,一般  ,0.0,3500.0,0.0,是 ,[已隱蔽],,
1120629GF0000001,2023-06-29 00:00:00,2[電話] 15:59:48      ,GF ,750.0,750.0,190.0,,CUS_00587,1,0.0,0.0,                ,0.0,現金  ,,一般  ,0.0,750.0,0.0,是 ,[已隱蔽],,
1120630GF0000001,2023-06-30 00:00:00,2[電話] 08:03:56      ,GF ,300.0,300.0,113.0,,CUS_00587,1,0.0,0.0,                ,0.0,現金  ,,一般  ,0.0,300.0,0.0,是 ,[已隱蔽],,
1120704GF0000001,2023-07-04 00:00:00,2[電話] 09:14:59      ,GF ,1900.0,1900.0,400.0,,CUS_00587,1,0.0,0.0,                ,0.0,現金  ,,一般  ,0.0,1900.0,0.0,是 ,[已隱蔽],,
1120705GF0000001,2023-07-05 00:00:00,2[電話] 08:31:22      ,GF ,135.0,135.0,17.0,,CUS_00587,1,0.0,0.0,                ,0.0,現金  ,,一般  ,0.0,135.0,0.0,是 ,[已隱蔽],,
1120706GF0000001,2023-07-06 00:00:00,2[電話] 10:21:24      ,GF ,1530.0,1530.0,727.0,,CUS_00587,1,0.0,0.0,                ,0.0,現金  ,,一般  ,0.0,1530.0,0.0,是 ,[已隱蔽],,
1120707GF0000001,2023-07-07 00:00:00,2[電話] 09:08:52      ,GF ,400.0,400.0,530.0,,CUS_00587,1,0.0,0.0,                ,0.0,現金  ,,一般  ,0.0,400.0,0.0,是 ,[已隱蔽],,
1120708GF0000001,2023-07-08 00:00:00,2[電話] 09:12:17      ,GF ,3450.0,3450.0,2176.0,,CUS_00587,1,0.0,0.0,                ,0.0,現金  ,,一般  ,0.0,3450.0,0.0,是 ,[已隱蔽],,
1120710GF0000001,2023-07-10 00:00:00,2[電話] 08:50:50      ,GF ,1650.0,1650.0,695.0,,CUS_00587,1,0.0,0.0,                ,0.0,現金  ,,一般  ,0.0,1650.0,0.0,是 ,[已隱蔽],,
1120711GF0000001,2023-07-11 00:00:00,2[電話] 07:48:39      ,GF ,350.0,350.0,90.0,,CUS_00587,1,0.0,0.0,                ,0.0,現金  ,,一般  ,0.0,350.0,0.0,是 ,[已隱蔽],,
1120712GF0000001,2023-07-12 00:00:00,2[電話] 08:45:35      ,GF ,1800.0,1800.0,630.0,,CUS_00587,1,0.0,0.0,                ,0.0,現金  ,,一般  ,0.0,1800.0,0.0,是 ,[已隱蔽],,
1120713GF0000001,2023-07-13 00:00:00,2[電話] 13:32:44      ,GF ,4910.0,4910.0,2572.0,,CUS_00587,1,0.0,0.0,                ,0.0,現金  ,,一般  ,0.0,4910.0,0.0,是 ,[已隱蔽],,
1120714GF0000001,2023-07-14 00:00:00,2[電話] 08:10:00      ,GF ,600.0,600.0,163.6,,CUS_00587,1,0.0,0.0,                ,0.0,現金  ,,一般  ,0.0,600.0,0.0,是 ,[已隱蔽],,
1120715GF0000001,2023-07-15 00:00:00,2[電話] 09:53:09      ,GF ,1250.0,1250.0,378.0,,CUS_00587,1,0.0,0.0,                ,0.0,現金  ,,一般  ,0.0,1250.0,0.0,是 ,[已隱蔽],,
1120717GF0000001,2023-07-17 00:00:00,2[電話] 11:08:08      ,GF ,240.0,240.0,58.0,,CUS_00587,1,0.0,0.0,                ,0.0,現金  ,,一般  ,0.0,240.0,0.0,是 ,[已隱蔽],,
1120718GF0000001,2023-07-18 00:00:00,2[電話] 08:18:02      ,GF ,8099.0,8099.0,4540.0,,CUS_00587,1,0.0,0.0,                ,0.0,現金  ,,一般  ,0.0,8099.0,0.0,是 ,[已隱蔽],,
1120719GF0000001,2023-07-19 00:00:00,2[電話] 15:54:05      ,GF ,5949.0,5949.0,2480.0,,CUS_00587,1,0.0,0.0,                ,0.0,現金  ,,一般  ,0.0,5949.0,0.0,是 ,[已隱蔽],,
1120720GF0000001,2023-07-20 00:00:00,2[電話] 09:18:58      ,GF ,1700.0,1700.0,498.0,,CUS_00587,1,0.0,0.0,                ,0.0,現金  ,,一般  ,0.0,1700.0,0.0,是 ,[已隱蔽],,
1120721GF0000001,2023-07-21 00:00:00,2[電話] 09:20:47      ,GF ,3300.0,3300.0,1335.0,,CUS_00003,1,0.0,0.0,                ,0.0,現金  ,,一般  ,0.0,3300.0,0.0,是 ,[已隱蔽],,
1120722GF0000001,2023-07-22 00:00:00,2[電話] 08:56:23      ,GF ,700.0,700.0,260.0,,CUS_00587,1,0.0,0.0,                ,0.0,現金  ,,一般  ,0.0,700.0,0.0,是 ,[已隱蔽],,
1120725GF0000001,2023-07-25 00:00:00,2[電話] 09:34:34      ,GF ,3050.0,3050.0,900.0,,CUS_00587,1,0.0,0.0,                ,0.0,現金  ,,一般  ,0.0,3050.0,0.0,是 ,[已隱蔽],,
1120729GF0000001,2023-07-29 00:00:00,2[電話] 09:18:53      ,GF ,100.0,100.0,55.0,,CUS_00587,1,0.0,0.0,                ,0.0,現金  ,,一般  ,0.0,100.0,0.0,是 ,[已隱蔽],,
1120731GF0000001,2023-07-31 00:00:00,2[電話] 14:17:55      ,GF ,300.0,300.0,113.0,,CUS_00587,1,0.0,0.0,                ,0.0,現金  ,,一般  ,0.0,300.0,0.0,是 ,[已隱蔽],,
1120801GF0000001,2023-08-01 00:00:00,2[電話] 08:44:49      ,GF ,550.0,550.0,200.0,,CUS_00587,1,0.0,0.0,                ,0.0,現金  ,,一般  ,0.0,550.0,0.0,是 ,[已隱蔽],,
1120802GF0000001,2023-08-02 00:00:00,2[電話] 10:42:27      ,GF ,2300.0,2300.0,1060.0,,CUS_00587,1,0.0,0.0,                ,0.0,現金  ,,一般  ,0.0,2300.0,0.0,是 ,[已隱蔽],,
1120803GF0000001,2023-08-03 00:00:00,2[電話] 09:29:36      ,GF ,380.0,380.0,195.0,,CUS_00587,1,0.0,0.0,                ,0.0,現金  ,,一般  ,0.0,380.0,0.0,是 ,[已隱蔽],,
1120804GF0000001,2023-08-04 00:00:00,2[電話] 08:24:51      ,GF ,2990.0,2990.0,1268.0,,CUS_00587,1,0.0,0.0,                ,0.0,現金  ,,一般  ,0.0,2990.0,0.0,是 ,[已隱蔽],,
1120805GF0000001,2023-08-05 00:00:00,2[電話] 14:09:41      ,GF ,2250.0,2250.0,785.0,,CUS_00587,1,0.0,0.0,                ,0.0,現金  ,,一般  ,0.0,2250.0,0.0,是 ,[已隱蔽],,
1120807GF0000001,2023-08-07 00:00:00,2[電話] 08:40:20      ,GF ,2680.0,2680.0,1460.0,,CUS_00587,1,0.0,0.0,                ,0.0,現金  ,,一般  ,0.0,2680.0,0.0,是 ,[已隱蔽],,
1120808GF0000001,2023-08-08 00:00:00,2[電話] 09:08:34      ,GF ,2200.0,2200.0,1008.0,,CUS_00587,1,0.0,0.0,                ,0.0,現金  ,,一般  ,0.0,2200.0,0.0,是 ,[已隱蔽],,
1120809GF0000001,2023-08-09 00:00:00,2[電話] 09:37:50      ,GF ,2600.0,2600.0,1393.0,,CUS_00587,1,0.0,0.0,                ,0.0,現金  ,,一般  ,0.0,2600.0,0.0,是 ,[已隱蔽],,
1120810GF0000001,2023-08-10 00:00:00,2[電話] 09:08:07      ,GF ,2150.0,2150.0,665.0,,CUS_00587,1,0.0,0.0,                ,0.0,現金  ,,一般  ,0.0,2150.0,0.0,是 ,[已隱蔽],,
1120811GF0000001,2023-08-11 00:00:00,2[電話] 07:33:04      ,GF ,1300.0,1300.0,530.0,,CUS_00587,1,0.0,0.0,                ,0.0,現金  ,,一般  ,0.0,1300.0,0.0,是 ,[已隱蔽],,
1120812GF0000001,2023-08-12 00:00:00,2[電話] 08:44:19      ,GF ,2080.0,2080.0,815.0,,CUS_00587,1,0.0,0.0,                ,0.0,現金  ,,一般  ,0.0,2080.0,0.0,是 ,[已隱蔽],,
1120814GF0000001,2023-08-14 00:00:00,2[電話] 11:27:44      ,GF ,2520.0,2520.0,934.0,,CUS_00587,1,0.0,0.0,                ,0.0,現金  ,,一般  ,0.0,2520.0,0.0,是 ,[已隱蔽],,
1120816GF0000001,2023-08-16 00:00:00,2[電話] 08:35:11      ,GF ,2250.0,2250.0,730.0,,CUS_00587,1,0.0,0.0,                ,0.0,現金  ,,一般  ,0.0,2250.0,0.0,是 ,[已隱蔽],,
1120817GF0000001,2023-08-17 00:00:00,2[電話] 09:36:45      ,GF ,2050.0,2050.0,921.0,,CUS_00587,1,0.0,0.0,                ,0.0,現金  ,,一般  ,0.0,2050.0,0.0,是 ,[已隱蔽],,
1120818GF0000001,2023-08-18 00:00:00,2[電話] 08:33:49      ,GF ,1150.0,1150.0,478.0,,CUS_00587,1,0.0,0.0,                ,0.0,現金  ,,一般  ,0.0,1150.0,0.0,是 ,[已隱蔽],,
1120819GF0000001,2023-08-19 00:00:00,2[電話] 09:07:54      ,GF ,2000.0,2000.0,303.0,,CUS_00587,1,0.0,0.0,                ,0.0,現金  ,,一般  ,0.0,2000.0,0.0,是 ,[已隱蔽],,
1120821GF0000001,2023-08-21 00:00:00,2[電話] 08:55:11      ,GF ,1610.0,1610.0,244.0,,CUS_00587,1,0.0,0.0,                ,0.0,現金  ,,一般  ,0.0,1610.0,0.0,是 ,[已隱蔽],,
1120822GF0000001,2023-08-22 00:00:00,2[電話] 08:34:15      ,GF ,1270.0,1270.0,341.0,,CUS_00587,1,0.0,0.0,                ,0.0,現金  ,,一般  ,0.0,1270.0,0.0,是 ,[已隱蔽],,
1121009GF0000001,2023-10-09 00:00:00,2[電話] 14:47:47      ,GF ,340.0,340.0,92.0,,CUS_00587,1,0.0,0.0,                ,0.0,現金  ,,一般  ,0.0,340.0,0.0,是 ,[已隱蔽],,
1121010GF0000001,2023-10-10 00:00:00,2[電話] 09:01:34      ,GF ,2800.0,2800.0,1350.0,,CUS_00587,1,0.0,0.0,                ,0.0,現金  ,,一般  ,0.0,2800.0,0.0,是 ,[已隱蔽],,
1121011GF0000001,2023-10-11 00:00:00,2[電話] 08:25:11      ,GF ,1810.0,1810.0,691.5,,CUS_00587,1,0.0,0.0,                ,0.0,現金  ,,一般  ,0.0,1810.0,0.0,是 ,[已隱蔽],,
1121013GF0000001,2023-10-13 00:00:00,2[電話] 09:09:21      ,GF ,0.0,0.0,0.0,,CUS_00587,1,0.0,0.0,                ,0.0,現金  ,,一般  ,0.0,0.0,0.0,是 ,[已隱蔽],,
1121013GF0000002,2023-10-13 00:00:00,2[電話] 09:10:16      ,GF ,1200.0,1200.0,580.0,,CUS_00587,1,0.0,0.0,                ,0.0,現金  ,,一般  ,0.0,1200.0,0.0,是 ,[已隱蔽],,
1121014GF0000001,2023-10-14 00:00:00,2[電話] 09:24:51      ,GF ,599.0,599.0,220.0,,CUS_00587,1,0.0,0.0,                ,0.0,現金  ,,一般  ,0.0,599.0,0.0,是 ,[已隱蔽],,
1121016GF0000001,2023-10-16 00:00:00,2[電話] 09:41:58      ,GF ,6500.0,6500.0,3490.0,,CUS_00587,1,0.0,0.0,                ,0.0,現金  ,,一般  ,0.0,6500.0,0.0,是 ,[已隱蔽],,
1121017GF0000001,2023-10-17 00:00:00,2[電話] 07:55:28      ,GF ,2850.0,2850.0,1395.0,,CUS_00587,1,0.0,0.0,                ,0.0,現金  ,,一般  ,0.0,2850.0,0.0,是 ,[已隱蔽],,
1121018GF0000001,2023-10-18 00:00:00,2[電話] 10:19:34      ,GF ,630.0,630.0,202.0,,CUS_00587,1,0.0,0.0,                ,0.0,現金  ,,一般  ,0.0,630.0,0.0,是 ,[已隱蔽],,
1120823GF0000001,2023-08-23 00:00:00,2[電話] 09:03:14      ,GF ,500.0,500.0,180.0,,CUS_00587,1,0.0,0.0,                ,0.0,現金  ,,一般  ,0.0,500.0,0.0,是 ,[已隱蔽],,
1120824GF0000001,2023-08-24 00:00:00,2[電話] 08:24:47      ,GF ,4950.0,4950.0,2505.0,,CUS_00587,1,0.0,0.0,                ,0.0,現金  ,,一般  ,0.0,4950.0,0.0,是 ,[已隱蔽],,
1120825GF0000001,2023-08-25 00:00:00,2[電話] 08:51:36      ,GF ,1950.0,1950.0,744.0,,CUS_00587,1,0.0,0.0,                ,0.0,現金  ,,一般  ,0.0,1950.0,0.0,是 ,[已隱蔽],,
1120826GF0000001,2023-08-26 00:00:00,2[電話] 08:48:41      ,GF ,1600.0,1600.0,620.0,,CUS_00587,1,0.0,0.0,                ,0.0,現金  ,,一般  ,0.0,1600.0,0.0,是 ,[已隱蔽],,
1120828GF0000001,2023-08-28 00:00:00,2[電話] 08:25:02      ,GF ,2250.0,2250.0,335.0,,CUS_00587,1,0.0,0.0,                ,0.0,現金  ,,一般  ,0.0,2250.0,0.0,是 ,[已隱蔽],,
1120829GF0000001,2023-08-29 00:00:00,2[電話] 08:14:45      ,GF ,1500.0,1500.0,0.0,,CUS_00587,1,0.0,0.0,                ,0.0,現金  ,,一般  ,0.0,1500.0,0.0,是 ,[已隱蔽],,
1120830GF0000001,2023-08-30 00:00:00,2[電話] 09:43:31      ,GF ,1630.0,1630.0,625.0,,CUS_00587,1,0.0,0.0,                ,0.0,現金  ,,一般  ,0.0,1630.0,0.0,是 ,[已隱蔽],,
1120831GF0000001,2023-08-31 00:00:00,2[電話] 08:38:42      ,GF ,4250.0,4250.0,1815.0,,CUS_00587,1,0.0,0.0,                ,0.0,現金  ,,一般  ,0.0,4250.0,0.0,是 ,[已隱蔽],,
1120901GF0000001,2023-09-01 00:00:00,2[電話] 08:25:14      ,GF ,350.0,350.0,180.0,,CUS_00587,1,0.0,0.0,                ,0.0,現金  ,,一般  ,0.0,350.0,0.0,是 ,[已隱蔽],,
1120902GF0000001,2023-09-02 00:00:00,2[電話] 08:45:17      ,GF ,1520.0,1520.0,590.0,,CUS_00587,1,0.0,0.0,                ,0.0,現金  ,,一般  ,0.0,1520.0,0.0,是 ,[已隱蔽],,
1120904GF0000001,2023-09-04 00:00:00,2[電話] 08:49:21      ,GF ,790.0,790.0,290.0,,CUS_00587,1,0.0,0.0,                ,0.0,現金  ,,一般  ,0.0,790.0,0.0,是 ,[已隱蔽],,
1120905GF0000001,2023-09-05 00:00:00,2[電話] 09:04:33      ,GF ,1200.0,1200.0,430.0,,CUS_00587,1,0.0,0.0,                ,0.0,現金  ,,一般  ,0.0,1200.0,0.0,是 ,[已隱蔽],,
1120906GF0000001,2023-09-06 00:00:00,2[電話] 08:46:00      ,GF ,950.0,950.0,285.0,,CUS_00587,1,0.0,0.0,                ,0.0,現金  ,,一般  ,0.0,950.0,0.0,是 ,[已隱蔽],,
1120907GF0000001,2023-09-07 00:00:00,2[電話] 07:57:52      ,GF ,500.0,500.0,250.0,,CUS_00587,1,0.0,0.0,                ,0.0,現金  ,,一般  ,0.0,500.0,0.0,是 ,[已隱蔽],,
1120908GF0000001,2023-09-08 00:00:00,2[電話] 08:06:23      ,GF ,450.0,450.0,180.0,,CUS_00587,1,0.0,0.0,                ,0.0,現金  ,,一般  ,0.0,450.0,0.0,是 ,[已隱蔽],,
1120909GF0000001,2023-09-09 00:00:00,2[電話] 09:49:19      ,GF ,2100.0,2100.0,1104.0,,CUS_00587,1,0.0,0.0,                ,0.0,現金  ,,一般  ,0.0,2100.0,0.0,是 ,[已隱蔽],,
1120911GF0000001,2023-09-11 00:00:00,2[電話] 09:34:23      ,GF ,1530.0,1530.0,459.0,,CUS_00587,1,0.0,0.0,                ,0.0,現金  ,,一般  ,0.0,1530.0,0.0,是 ,[已隱蔽],,
1120912GF0000001,2023-09-12 00:00:00,2[電話] 08:40:33      ,GF ,500.0,500.0,180.0,,CUS_00587,1,0.0,0.0,                ,0.0,現金  ,,一般  ,0.0,500.0,0.0,是 ,[已隱蔽],,
1120913GF0000001,2023-09-13 00:00:00,2[電話] 08:26:50      ,GF ,2900.0,2900.0,1982.0,,CUS_00587,1,0.0,0.0,                ,0.0,現金  ,,一般  ,0.0,2900.0,0.0,是 ,[已隱蔽],,
1120914GF0000001,2023-09-14 00:00:00,2[電話] 08:20:48      ,GF ,1200.0,1200.0,650.0,,CUS_00587,1,0.0,0.0,                ,0.0,現金  ,,一般  ,0.0,1200.0,0.0,是 ,[已隱蔽],,
1120918GF0000001,2023-09-18 00:00:00,2[電話] 09:04:00      ,GF ,1700.0,1700.0,460.0,,CUS_00587,1,0.0,0.0,                ,0.0,現金  ,,一般  ,0.0,1700.0,0.0,是 ,[已隱蔽],,
1120919GF0000001,2023-09-19 00:00:00,2[電話] 12:44:46      ,GF ,1750.0,1750.0,400.0,,CUS_00587,1,0.0,0.0,                ,0.0,現金  ,,一般  ,0.0,1750.0,0.0,是 ,[已隱蔽],,
1120920GF0000001,2023-09-20 00:00:00,2[電話] 08:57:21      ,GF ,800.0,800.0,360.0,,CUS_00587,1,0.0,0.0,                ,0.0,現金  ,,一般  ,0.0,800.0,0.0,是 ,[已隱蔽],,
1120921GF0000001,2023-09-21 00:00:00,2[電話] 08:32:05      ,GF ,1700.0,1700.0,493.0,,CUS_00587,1,0.0,0.0,                ,0.0,現金  ,,一般  ,0.0,1700.0,0.0,是 ,[已隱蔽],,
1120923GF0000001,2023-09-23 00:00:00,2[電話] 11:43:40      ,GF ,2300.0,2300.0,940.0,,CUS_00587,1,0.0,0.0,                ,0.0,現金  ,,一般  ,0.0,2300.0,0.0,是 ,[已隱蔽],,
1120925GF0000001,2023-09-25 00:00:00,2[電話] 10:10:02      ,GF ,450.0,450.0,180.0,,CUS_00587,1,0.0,0.0,                ,0.0,現金  ,,一般  ,0.0,450.0,0.0,是 ,[已隱蔽],,
1120928GF0000001,2023-09-28 00:00:00,2[電話] 11:50:49      ,GF ,500.0,500.0,7.0,,CUS_00587,1,0.0,0.0,                ,0.0,現金  ,,一般  ,0.0,500.0,0.0,是 ,[已隱蔽],,
1120926GF0000001,2023-09-26 00:00:00,2[電話] 08:39:18      ,GF ,5700.0,5700.0,3150.0,,CUS_00587,1,0.0,0.0,                ,0.0,現金  ,,一般  ,0.0,5700.0,0.0,是 ,[已隱蔽],,
1120927GF0000001,2023-09-27 00:00:00,2[電話] 09:00:50      ,GF ,2450.0,2450.0,913.0,,CUS_00587,1,0.0,0.0,                ,0.0,現金  ,,一般  ,0.0,2450.0,0.0,是 ,[已隱蔽],,
1120930GF0000001,2023-09-30 00:00:00,2[電話] 12:19:14      ,GF ,8220.0,8220.0,4003.0,,CUS_00587,1,0.0,0.0,                ,0.0,現金  ,,一般  ,0.0,8220.0,0.0,是 ,[已隱蔽],,
1121002GF0000001,2023-10-02 00:00:00,2[電話] 09:26:47      ,GF ,100.0,100.0,20.0,,CUS_00587,1,0.0,0.0,                ,0.0,現金  ,,一般  ,0.0,100.0,0.0,是 ,[已隱蔽],,
1121003GF0000001,2023-10-03 00:00:00,2[電話] 09:00:19      ,GF ,400.0,400.0,180.0,,CUS_00587,1,0.0,0.0,                ,0.0,現金  ,,一般  ,0.0,400.0,0.0,是 ,[已隱蔽],,
1121004GF0000001,2023-10-04 00:00:00,2[電話] 12:58:14      ,GF ,800.0,800.0,340.0,,CUS_00587,1,0.0,0.0,                ,0.0,現金  ,,一般  ,0.0,800.0,0.0,是 ,[已隱蔽],,
1121005GF0000001,2023-10-05 00:00:00,2[電話] 11:10:15      ,GF ,900.0,900.0,190.0,,CUS_00587,1,0.0,0.0,                ,0.0,現金  ,,一般  ,0.0,900.0,0.0,是 ,[已隱蔽],,
1121006GF0000001,2023-10-06 00:00:00,2[電話] 11:35:12      ,GF ,5600.0,5600.0,1172.0,,CUS_00587,1,0.0,0.0,                ,0.0,現金  ,,一般  ,0.0,5600.0,0.0,是 ,[已隱蔽],,
1121007GF0000001,2023-10-07 00:00:00,2[電話] 08:59:18      ,GF ,100.0,100.0,0.0,,CUS_00587,1,0.0,0.0,                ,0.0,現金  ,,一般  ,0.0,100.0,0.0,是 ,[已隱蔽],,
1121019GF0000001,2023-10-19 00:00:00,2[電話] 09:17:02      ,GF ,1750.0,1750.0,720.0,,CUS_00587,1,0.0,0.0,                ,0.0,現金  ,,一般  ,0.0,1750.0,0.0,是 ,[已隱蔽],,
1121020GF0000001,2023-10-20 00:00:00,2[電話] 07:11:29      ,GF ,3110.0,3110.0,2268.0,,CUS_00587,1,0.0,0.0,                ,0.0,現金  ,,一般  ,0.0,3110.0,0.0,是 ,[已隱蔽],,
1121021GF0000001,2023-10-21 00:00:00,2[電話] 08:54:10      ,GF ,2990.0,2990.0,953.0,,CUS_00587,1,0.0,0.0,                ,0.0,現金  ,,一般  ,0.0,2990.0,0.0,是 ,[已隱蔽],,
1121023GF0000001,2023-10-23 00:00:00,2[電話] 09:40:20      ,GF ,100.0,100.0,0.0,,CUS_00587,1,0.0,0.0,                ,0.0,現金  ,,一般  ,0.0,100.0,0.0,是 ,[已隱蔽],,
1121024GF0000001,2023-10-24 00:00:00,2[電話] 12:04:30      ,GF ,2950.0,2950.0,1280.0,,CUS_00587,1,0.0,0.0,                ,0.0,現金  ,,一般  ,0.0,2950.0,0.0,是 ,[已隱蔽],,
1121025GF0000001,2023-10-25 00:00:00,2[電話] 09:02:39      ,GF ,500.0,500.0,90.0,,CUS_00587,1,0.0,0.0,                ,0.0,現金  ,,一般  ,0.0,500.0,0.0,是 ,[已隱蔽],,
1121026GF0000001,2023-10-26 00:00:00,2[電話] 08:51:11      ,GF ,650.0,650.0,225.0,,CUS_00587,1,0.0,0.0,                ,0.0,現金  ,,一般  ,0.0,650.0,0.0,是 ,[已隱蔽],,
1121027GF0000001,2023-10-27 00:00:00,2[電話] 08:41:16      ,GF ,4600.0,4600.0,2820.0,,CUS_00587,1,0.0,0.0,                ,0.0,現金  ,,一般  ,0.0,4600.0,0.0,是 ,[已隱蔽],,
1121030GF0000001,2023-10-30 00:00:00,2[電話] 09:45:45      ,GF ,550.0,550.0,80.0,,CUS_00587,1,0.0,0.0,                ,0.0,現金  ,,一般  ,0.0,550.0,0.0,是 ,[已隱蔽],,
1121031GF0000001,2023-10-31 00:00:00,2[電話] 11:42:58      ,GF ,650.0,650.0,200.0,,CUS_00587,1,0.0,0.0,                ,0.0,現金  ,,一般  ,0.0,650.0,0.0,是 ,[已隱蔽],,
1121101GF0000001,2023-11-01 00:00:00,2[電話] 09:45:07      ,GF ,1100.0,1100.0,490.0,,CUS_00587,1,0.0,0.0,                ,0.0,現金  ,,一般  ,0.0,1100.0,0.0,是 ,[已隱蔽],,
1121102GF0000001,2023-11-02 00:00:00,2[電話] 09:40:16      ,GF ,10.0,10.0,2.0,,CUS_00587,1,0.0,0.0,                ,0.0,現金  ,,一般  ,0.0,10.0,0.0,是 ,[已隱蔽],,
1121103GF0000001,2023-11-03 00:00:00,2[電話] 07:30:34      ,GF ,1250.0,1250.0,625.0,,CUS_00587,1,0.0,0.0,                ,0.0,現金  ,,一般  ,0.0,1250.0,0.0,是 ,[已隱蔽],,
1121106GF0000001,2023-11-06 00:00:00,2[電話] 08:32:17      ,GF ,1299.0,1299.0,500.0,,CUS_00587,1,0.0,0.0,                ,0.0,現金  ,,一般  ,0.0,1299.0,0.0,是 ,[已隱蔽],,
1121107GF0000001,2023-11-07 00:00:00,2[電話] 09:14:31      ,GF ,2110.0,2110.0,549.5,,CUS_00587,1,0.0,0.0,                ,0.0,現金  ,,一般  ,0.0,2110.0,0.0,是 ,[已隱蔽],,
1121108GF0000001,2023-11-08 00:00:00,2[電話] 08:31:00      ,GF ,3430.0,3430.0,1428.0,,CUS_00587,1,0.0,0.0,                ,0.0,現金  ,,一般  ,0.0,3430.0,0.0,是 ,[已隱蔽],,
1121109GF0000001,2023-11-09 00:00:00,2[電話] 08:38:12      ,GF ,120.0,120.0,33.0,,CUS_00587,1,0.0,0.0,                ,0.0,現金  ,,一般  ,0.0,120.0,0.0,是 ,[已隱蔽],,
1121110GF0000001,2023-11-10 00:00:00,2[電話] 08:40:04      ,GF ,1150.0,1150.0,410.0,,CUS_00587,1,0.0,0.0,                ,0.0,現金  ,,一般  ,0.0,1150.0,0.0,是 ,[已隱蔽],,
1130120GF0000001,2024-01-20 00:00:00,2[電話] 09:02:50      ,GF ,2250.0,2250.0,545.0,,CUS_00587,1,0.0,0.0,                ,0.0,現金  ,,一般  ,0.0,2250.0,0.0,是 ,[已隱蔽],,
1130122GF0000001,2024-01-22 00:00:00,2[電話] 10:20:24      ,GF ,540.0,540.0,250.0,,CUS_00587,1,0.0,0.0,                ,0.0,現金  ,,一般  ,0.0,540.0,0.0,是 ,[已隱蔽],,
1130123GF0000001,2024-01-23 00:00:00,2[電話] 09:12:13      ,GF ,2050.0,2050.0,656.0,,CUS_00587,1,0.0,0.0,                ,0.0,現金  ,,一般  ,0.0,2050.0,0.0,是 ,[已隱蔽],,
1130124GF0000001,2024-01-24 00:00:00,2[電話] 09:03:59      ,GF ,1000.0,1000.0,200.0,,CUS_00587,1,0.0,0.0,                ,0.0,現金  ,,一般  ,0.0,1000.0,0.0,是 ,[已隱蔽],,
1130125GF0000001,2024-01-25 00:00:00,2[電話] 09:01:28      ,GF ,3950.0,3950.0,2260.0,,CUS_00587,1,0.0,0.0,                ,0.0,現金  ,,一般  ,0.0,3950.0,0.0,是 ,[已隱蔽],,
1130126GF0000001,2024-01-26 00:00:00,2[電話] 07:59:18      ,GF ,450.0,450.0,170.0,,CUS_00587,1,0.0,0.0,                ,0.0,現金  ,,一般  ,0.0,450.0,0.0,是 ,[已隱蔽],,
1130127GF0000001,2024-01-27 00:00:00,2[電話] 09:16:59      ,GF ,4330.0,4330.0,1498.0,,CUS_00587,1,0.0,0.0,                ,0.0,現金  ,,一般  ,0.0,4330.0,0.0,是 ,[已隱蔽],,
1130128GF0000001,2024-01-28 00:00:00,2[電話] 13:16:37      ,GF ,4700.0,4700.0,3600.0,,CUS_00587,1,0.0,0.0,                ,0.0,現金  ,,一般  ,0.0,4700.0,0.0,是 ,[已隱蔽],,
1130129GF0000001,2024-01-29 00:00:00,2[電話] 09:40:41      ,GF ,4700.0,4700.0,2232.5,,CUS_00587,1,0.0,0.0,                ,0.0,現金  ,,一般  ,0.0,4700.0,0.0,是 ,[已隱蔽],,
1121111GF0000001,2023-11-11 00:00:00,2[電話] 16:22:10      ,GF ,8900.0,8900.0,2945.0,,CUS_00587,1,0.0,0.0,                ,0.0,現金  ,,一般  ,0.0,8900.0,0.0,是 ,[已隱蔽],,
1121113GF0000001,2023-11-13 00:00:00,2[電話] 08:55:16      ,GF ,160.0,160.0,40.0,,CUS_00587,1,0.0,0.0,                ,0.0,現金  ,,一般  ,0.0,160.0,0.0,是 ,[已隱蔽],,
1121114GF0000001,2023-11-14 00:00:00,2[電話] 08:51:55      ,GF ,40.0,40.0,10.0,,CUS_00587,1,0.0,0.0,                ,0.0,現金  ,,一般  ,0.0,40.0,0.0,是 ,[已隱蔽],,
1121115GF0000001,2023-11-15 00:00:00,2[電話] 09:53:37      ,GF ,7290.0,7290.0,5485.0,,CUS_00587,1,0.0,0.0,                ,0.0,現金  ,,一般  ,0.0,7290.0,0.0,是 ,[已隱蔽],,
1121116GF0000001,2023-11-16 00:00:00,2[電話] 08:35:21      ,GF ,5084.0,5084.0,3305.0,,CUS_00587,1,0.0,0.0,                ,0.0,現金  ,,一般  ,0.0,5084.0,0.0,是 ,[已隱蔽],,
1121117GF0000001,2023-11-17 00:00:00,2[電話] 07:42:59      ,GF ,4510.0,4510.0,1905.0,,CUS_00587,1,0.0,0.0,                ,0.0,現金  ,,一般  ,0.0,4510.0,0.0,是 ,[已隱蔽],,
1121118GF0000001,2023-11-18 00:00:00,2[電話] 07:41:05      ,GF ,2120.0,2120.0,461.0,,CUS_00587,1,0.0,0.0,                ,0.0,現金  ,,一般  ,0.0,2120.0,0.0,是 ,[已隱蔽],,
1121121GF0000001,2023-11-21 00:00:00,2[電話] 07:29:19      ,GF ,20.0,20.0,4.0,,CUS_00587,1,0.0,0.0,                ,0.0,現金  ,,一般  ,0.0,20.0,0.0,是 ,[已隱蔽],,
1121122GF0000001,2023-11-22 00:00:00,2[電話] 09:24:36      ,GF ,2250.0,2250.0,975.0,,CUS_00587,1,0.0,0.0,                ,0.0,現金  ,,一般  ,0.0,2250.0,0.0,是 ,[已隱蔽],,
1121123GF0000001,2023-11-23 00:00:00,2[電話] 09:11:14      ,GF ,1500.0,1500.0,505.0,,CUS_00587,1,0.0,0.0,                ,0.0,現金  ,,一般  ,0.0,1500.0,0.0,是 ,[已隱蔽],,
1121124GF0000001,2023-11-24 00:00:00,2[電話] 08:48:54      ,GF ,4505.0,4505.0,1435.0,,CUS_00587,1,0.0,0.0,                ,0.0,現金  ,,一般  ,0.0,4505.0,0.0,是 ,[已隱蔽],,
1121128GF0000001,2023-11-28 00:00:00,2[電話] 08:28:11      ,GF ,8100.0,8100.0,5235.0,,CUS_00587,1,0.0,0.0,                ,0.0,現金  ,,一般  ,0.0,8100.0,0.0,是 ,[已隱蔽],,
1121129GF0000001,2023-11-29 00:00:00,2[電話] 10:10:01      ,GF ,2400.0,2400.0,1200.0,,CUS_00587,1,0.0,0.0,                ,0.0,現金  ,,一般  ,0.0,2400.0,0.0,是 ,[已隱蔽],,
1121130GF0000001,2023-11-30 00:00:00,2[電話] 09:04:30      ,GF ,0.0,0.0,0.0,,CUS_00587,1,0.0,0.0,                ,0.0,現金  ,,一般  ,0.0,0.0,0.0,是 ,[已隱蔽],,
1121201GF0000001,2023-12-01 00:00:00,2[電話] 07:54:48      ,GF ,300.0,300.0,95.0,,CUS_00587,1,0.0,0.0,                ,0.0,現金  ,,一般  ,0.0,300.0,0.0,是 ,[已隱蔽],,
1121205GF0000001,2023-12-05 00:00:00,2[電話] 13:05:47      ,GF ,1790.0,1790.0,790.0,,CUS_00587,1,0.0,0.0,                ,0.0,現金  ,,一般  ,0.0,1790.0,0.0,是 ,[已隱蔽],,
1121206GF0000001,2023-12-06 00:00:00,2[電話] 08:42:41      ,GF ,7100.0,7100.0,4220.0,,CUS_00587,1,0.0,0.0,                ,0.0,現金  ,,一般  ,0.0,7100.0,0.0,是 ,[已隱蔽],,
1121207GF0000001,2023-12-07 00:00:00,2[電話] 09:10:34      ,GF ,4350.0,4350.0,2600.0,,CUS_00587,1,0.0,0.0,                ,0.0,現金  ,,一般  ,0.0,4350.0,0.0,是 ,[已隱蔽],,
1121208GF0000001,2023-12-08 00:00:00,2[電話] 09:13:34      ,GF ,1150.0,1150.0,370.0,,CUS_00587,1,0.0,0.0,                ,0.0,現金  ,,一般  ,0.0,1150.0,0.0,是 ,[已隱蔽],,
1121209GF0000001,2023-12-09 00:00:00,2[電話] 09:22:11      ,GF ,1150.0,1150.0,400.0,,CUS_00587,1,0.0,0.0,                ,0.0,現金  ,,一般  ,0.0,1150.0,0.0,是 ,[已隱蔽],,
1121211GF0000001,2023-12-11 00:00:00,2[電話] 13:13:20      ,GF ,5589.0,5589.0,2880.0,,CUS_00587,1,0.0,0.0,                ,0.0,現金  ,,一般  ,0.0,5589.0,0.0,是 ,[已隱蔽],,
1121212GF0000001,2023-12-12 00:00:00,2[電話] 09:26:35      ,GF ,5270.0,5270.0,2340.0,,CUS_00587,1,0.0,0.0,                ,0.0,現金  ,,一般  ,0.0,5270.0,0.0,是 ,[已隱蔽],,
1121213GF0000001,2023-12-13 00:00:00,2[電話] 09:00:12      ,GF ,400.0,400.0,0.0,,CUS_00587,1,0.0,0.0,                ,0.0,現金  ,,一般  ,0.0,400.0,0.0,是 ,[已隱蔽],,
1121214GF0000001,2023-12-14 00:00:00,2[電話] 09:13:37      ,GF ,200.0,200.0,100.0,,CUS_00587,1,0.0,0.0,                ,0.0,現金  ,,一般  ,0.0,200.0,0.0,是 ,[已隱蔽],,
1121215GF0000001,2023-12-15 00:00:00,2[電話] 08:05:52      ,GF ,1719.0,1719.0,644.0,,CUS_00587,1,0.0,0.0,                ,0.0,現金  ,,一般  ,0.0,1719.0,0.0,是 ,[已隱蔽],,
1121216GF0000001,2023-12-16 00:00:00,2[電話] 12:57:24      ,GF ,800.0,800.0,310.0,,CUS_00587,1,0.0,0.0,                ,0.0,現金  ,,一般  ,0.0,800.0,0.0,是 ,[已隱蔽],,
1121218GF0000001,2023-12-18 00:00:00,2[電話] 09:26:09      ,GF ,1000.0,1000.0,200.0,,CUS_00587,1,0.0,0.0,                ,0.0,現金  ,,一般  ,0.0,1000.0,0.0,是 ,[已隱蔽],,
1121220GF0000001,2023-12-20 00:00:00,2[電話] 08:57:41      ,GF ,3150.0,3150.0,1098.0,,CUS_00587,1,0.0,0.0,                ,0.0,現金  ,,一般  ,0.0,3150.0,0.0,是 ,[已隱蔽],,
1121221GF0000001,2023-12-21 00:00:00,2[電話] 09:05:52      ,GF ,3999.0,3999.0,2205.0,,CUS_00587,1,0.0,0.0,                ,0.0,現金  ,,一般  ,0.0,3999.0,0.0,是 ,[已隱蔽],,
1121222GF0000001,2023-12-22 00:00:00,2[電話] 09:26:38      ,GF ,3170.0,3170.0,1079.0,,CUS_00587,1,0.0,0.0,                ,0.0,現金  ,,一般  ,0.0,3170.0,0.0,是 ,[已隱蔽],,
1121225GF0000001,2023-12-25 00:00:00,2[電話] 09:05:44      ,GF ,2900.0,2900.0,1140.0,,CUS_00682,1,0.0,0.0,                ,0.0,現金  ,,一般  ,0.0,2900.0,0.0,是 ,[已隱蔽],,
1121226GF0000001,2023-12-26 00:00:00,2[電話] 08:56:09      ,GF ,2750.0,2750.0,905.0,,CUS_00587,1,0.0,0.0,                ,0.0,現金  ,,一般  ,0.0,2750.0,0.0,是 ,[已隱蔽],,
1121227GF0000001,2023-12-27 00:00:00,2[電話] 13:18:20      ,GF ,1010.0,1010.0,365.0,,CUS_00587,1,0.0,0.0,                ,0.0,現金  ,,一般  ,0.0,1010.0,0.0,是 ,[已隱蔽],,
1121228GF0000001,2023-12-28 00:00:00,2[電話] 08:31:11      ,GF ,2800.0,2800.0,899.5,,CUS_00587,1,0.0,0.0,                ,0.0,現金  ,,一般  ,0.0,2800.0,0.0,是 ,[已隱蔽],,
1121229GF0000001,2023-12-29 00:00:00,2[電話] 07:55:39      ,GF ,5500.0,5500.0,2200.0,,CUS_00587,1,0.0,0.0,                ,0.0,現金  ,,一般  ,0.0,5500.0,0.0,是 ,[已隱蔽],,
1121230GF0000001,2023-12-30 00:00:00,2[電話] 13:24:40      ,GF ,1050.0,1050.0,308.0,,CUS_00587,1,0.0,0.0,                ,0.0,現金  ,,一般  ,0.0,1050.0,0.0,是 ,[已隱蔽],,
1130103GF0000001,2024-01-03 00:00:00,2[電話] 08:19:06      ,GF ,2649.0,2649.0,1103.0,,CUS_00587,1,0.0,0.0,                ,0.0,現金  ,,一般  ,0.0,2649.0,0.0,是 ,[已隱蔽],,
1130109GF0000001,2024-01-09 00:00:00,2[電話] 11:07:11      ,GF ,1900.0,1900.0,645.0,,CUS_00587,1,0.0,0.0,                ,0.0,現金  ,,一般  ,0.0,1900.0,0.0,是 ,[已隱蔽],,
1130110GF0000001,2024-01-10 00:00:00,2[電話] 09:25:50      ,GF ,1100.0,1100.0,490.0,,CUS_00587,1,0.0,0.0,                ,0.0,現金  ,,一般  ,0.0,1100.0,0.0,是 ,[已隱蔽],,
1130111GF0000001,2024-01-11 00:00:00,2[電話] 09:00:53      ,GF ,3625.0,3625.0,1386.0,,CUS_00587,1,0.0,0.0,                ,0.0,現金  ,,一般  ,0.0,3625.0,0.0,是 ,[已隱蔽],,
1130113GF0000001,2024-01-13 00:00:00,2[電話] 09:11:35      ,GF ,450.0,450.0,190.0,,CUS_00587,1,0.0,0.0,                ,0.0,現金  ,,一般  ,0.0,450.0,0.0,是 ,[已隱蔽],,
1130115GF0000001,2024-01-15 00:00:00,2[電話] 09:05:04      ,GF ,2700.0,2700.0,1950.0,,CUS_00587,1,0.0,0.0,                ,0.0,現金  ,,一般  ,0.0,2700.0,0.0,是 ,[已隱蔽],,
1130117GF0000001,2024-01-17 00:00:00,2[電話] 09:18:30      ,GF ,600.0,600.0,180.0,,CUS_00587,1,0.0,0.0,                ,0.0,現金  ,,一般  ,0.0,600.0,0.0,是 ,[已隱蔽],,
1130118GF0000001,2024-01-18 00:00:00,2[電話] 09:31:12      ,GF ,2700.0,2700.0,620.0,,CUS_00587,1,0.0,0.0,                ,0.0,現金  ,,一般  ,0.0,2700.0,0.0,是 ,[已隱蔽],,
1130119GF0000001,2024-01-19 00:00:00,2[電話] 09:46:03      ,GF ,30.0,30.0,13.5,,CUS_00587,1,0.0,0.0,                ,0.0,現金  ,,一般  ,0.0,30.0,0.0,是 ,[已隱蔽],,
1130130GF0000001,2024-01-30 00:00:00,2[電話] 08:55:49      ,GF ,2000.0,2000.0,469.0,,CUS_00587,1,0.0,0.0,                ,0.0,現金  ,,一般  ,0.0,2000.0,0.0,是 ,[已隱蔽],,
1130131GF0000001,2024-01-31 00:00:00,2[電話] 09:00:10      ,GF ,2449.0,2449.0,920.0,,CUS_00587,1,0.0,0.0,                ,0.0,現金  ,,一般  ,0.0,2449.0,0.0,是 ,[已隱蔽],,
1130201GF0000001,2024-02-01 00:00:00,2[電話] 08:33:33      ,GF ,1950.0,1950.0,1230.0,,CUS_00587,1,0.0,0.0,                ,0.0,現金  ,,一般  ,0.0,1950.0,0.0,是 ,[已隱蔽],,
1130202GF0000001,2024-02-02 00:00:00,2[電話] 08:54:51      ,GF ,1040.0,1040.0,375.0,,CUS_00587,1,0.0,0.0,                ,0.0,現金  ,,一般  ,0.0,1040.0,0.0,是 ,[已隱蔽],,
1130203GF0000001,2024-02-03 00:00:00,2[電話] 10:05:36      ,GF ,1050.0,1050.0,160.0,,CUS_00587,1,0.0,0.0,                ,0.0,現金  ,,一般  ,0.0,1050.0,0.0,是 ,[已隱蔽],,
1130204GF0000001,2024-02-04 00:00:00,2[電話] 09:03:48      ,GF ,3350.0,3350.0,2098.0,,CUS_00587,1,0.0,0.0,                ,0.0,現金  ,,一般  ,0.0,3350.0,0.0,是 ,[已隱蔽],,
1130205GF0000001,2024-02-05 00:00:00,2[電話] 08:38:59      ,GF ,675.0,675.0,228.0,,CUS_00587,1,0.0,0.0,                ,0.0,現金  ,,一般  ,0.0,675.0,0.0,是 ,[已隱蔽],,
1130206GF0000001,2024-02-06 00:00:00,2[電話] 09:14:46      ,GF ,2500.0,2500.0,250.0,,CUS_00587,1,0.0,0.0,                ,0.0,現金  ,,一般  ,0.0,2500.0,0.0,是 ,[已隱蔽],,
1130207GF0000001,2024-02-07 00:00:00,2[電話] 09:19:04      ,GF ,2050.0,2050.0,620.0,,CUS_00587,1,0.0,0.0,                ,0.0,現金  ,,一般  ,0.0,2050.0,0.0,是 ,[已隱蔽],,
1130208GF0000001,2024-02-08 00:00:00,2[電話] 09:53:03      ,GF ,5700.0,5700.0,1808.0,,CUS_00587,1,0.0,0.0,                ,0.0,現金  ,,一般  ,0.0,5700.0,0.0,是 ,[已隱蔽],,
1130209GF0000001,2024-02-09 00:00:00,2[電話] 09:18:28      ,GF ,1800.0,1800.0,740.0,,CUS_00587,1,0.0,0.0,                ,0.0,現金  ,,一般  ,0.0,1800.0,0.0,是 ,[已隱蔽],,
1130215GF0000001,2024-02-15 00:00:00,2[電話] 09:08:58      ,GF ,1329.0,1329.0,440.0,,CUS_00587,1,0.0,0.0,                ,0.0,現金  ,,一般  ,0.0,1329.0,0.0,是 ,[已隱蔽],,
1130216GF0000001,2024-02-16 00:00:00,2[電話] 09:18:25      ,GF ,1150.0,1150.0,388.0,,CUS_00587,1,0.0,0.0,                ,0.0,現金  ,,一般  ,0.0,1150.0,0.0,是 ,[已隱蔽],,
1130217GF0000001,2024-02-17 00:00:00,2[電話] 08:58:39      ,GF ,450.0,450.0,180.0,,CUS_00587,1,0.0,0.0,                ,0.0,現金  ,,一般  ,0.0,450.0,0.0,是 ,[已隱蔽],,
1130219GF0000001,2024-02-19 00:00:00,2[電話] 09:21:49      ,GF ,1750.0,1750.0,425.0,,CUS_00587,1,0.0,0.0,                ,0.0,現金  ,,一般  ,0.0,1750.0,0.0,是 ,[已隱蔽],,
1130220GF0000001,2024-02-20 00:00:00,2[電話] 09:06:07      ,GF ,2300.0,2300.0,650.0,,CUS_00587,1,0.0,0.0,                ,0.0,現金  ,,一般  ,0.0,2300.0,0.0,是 ,[已隱蔽],,
1130221GF0000001,2024-02-21 00:00:00,2[電話] 15:13:50      ,GF ,1500.0,1500.0,480.0,,CUS_00587,1,0.0,0.0,                ,0.0,現金  ,,一般  ,0.0,1500.0,0.0,是 ,[已隱蔽],,
1130222GF0000001,2024-02-22 00:00:00,2[電話] 08:46:45      ,GF ,1190.0,1190.0,234.0,,CUS_00587,1,0.0,0.0,                ,0.0,現金  ,,一般  ,0.0,1190.0,0.0,是 ,[已隱蔽],,
1130223GF0000001,2024-02-23 00:00:00,2[電話] 15:25:32      ,GF ,1200.0,1200.0,350.0,,CUS_00587,1,0.0,0.0,                ,0.0,現金  ,,一般  ,0.0,1200.0,0.0,是 ,[已隱蔽],,
1130224GF0000001,2024-02-24 00:00:00,2[電話] 09:04:11      ,GF ,2520.0,2520.0,693.0,,CUS_00587,1,0.0,0.0,                ,0.0,現金  ,,一般  ,0.0,2520.0,0.0,是 ,[已隱蔽],,
1130226GF0000001,2024-02-26 00:00:00,2[電話] 08:48:11      ,GF ,1170.0,1170.0,349.0,,CUS_00587,1,0.0,0.0,                ,0.0,現金  ,,一般  ,0.0,1170.0,0.0,是 ,[已隱蔽],,
1130227GF0000001,2024-02-27 00:00:00,2[電話] 08:42:22      ,GF ,950.0,950.0,280.0,,CUS_00587,1,0.0,0.0,                ,0.0,現金  ,,一般  ,0.0,950.0,0.0,是 ,[已隱蔽],,
1130229GF0000001,2024-02-29 00:00:00,2[電話] 09:13:18      ,GF ,2949.0,2949.0,1020.0,,CUS_00587,1,0.0,0.0,                ,0.0,現金  ,,一般  ,0.0,2949.0,0.0,是 ,[已隱蔽],,
1130301GF0000001,2024-03-01 00:00:00,2[電話] 09:10:53      ,GF ,800.0,800.0,40.0,,CUS_00587,1,0.0,0.0,                ,0.0,現金  ,,一般  ,0.0,800.0,0.0,是 ,[已隱蔽],,
1130302GF0000001,2024-03-02 00:00:00,2[電話] 17:32:37      ,GF ,800.0,800.0,319.5,,CUS_00587,1,0.0,0.0,                ,0.0,現金  ,,一般  ,0.0,800.0,0.0,是 ,[已隱蔽],,
1130304GF0000001,2024-03-04 00:00:00,2[電話] 09:15:28      ,GF ,300.0,300.0,80.0,,CUS_00587,1,0.0,0.0,                ,0.0,現金  ,,一般  ,0.0,300.0,0.0,是 ,[已隱蔽],,
1130306GF0000001,2024-03-06 00:00:00,2[電話] 13:47:39      ,GF ,250.0,250.0,80.0,,CUS_00587,1,0.0,0.0,                ,0.0,現金  ,,一般  ,0.0,250.0,0.0,是 ,[已隱蔽],,
1130307GF0000001,2024-03-07 00:00:00,2[電話] 08:44:40      ,GF ,1100.0,1100.0,350.0,,CUS_00587,1,0.0,0.0,                ,0.0,現金  ,,一般  ,0.0,1100.0,0.0,是 ,[已隱蔽],,
1130308GF0000001,2024-03-08 00:00:00,2[電話] 07:44:25      ,GF ,2450.0,2450.0,500.0,,CUS_00587,1,0.0,0.0,                ,0.0,現金  ,,一般  ,0.0,2450.0,0.0,是 ,[已隱蔽],,
1130309GF0000001,2024-03-09 00:00:00,2[電話] 09:44:35      ,GF ,3500.0,3500.0,2410.0,,CUS_00587,1,0.0,0.0,                ,0.0,現金  ,,一般  ,0.0,3500.0,0.0,是 ,[已隱蔽],,
1130311GF0000001,2024-03-11 00:00:00,2[電話] 08:49:18      ,GF ,2270.0,2270.0,959.0,,CUS_00587,1,0.0,0.0,                ,0.0,現金  ,,一般  ,0.0,2270.0,0.0,是 ,[已隱蔽],,
1130312GF0000001,2024-03-12 00:00:00,2[電話] 09:55:17      ,GF ,3450.0,3450.0,1410.0,,CUS_00587,1,0.0,0.0,                ,0.0,現金  ,,一般  ,0.0,3450.0,0.0,是 ,[已隱蔽],,
1130313GF0000001,2024-03-13 00:00:00,2[電話] 16:29:11      ,GF ,1000.0,1000.0,650.0,,CUS_00587,1,0.0,0.0,                ,0.0,現金  ,,一般  ,0.0,1000.0,0.0,是 ,[已隱蔽],,
1130314GF0000001,2024-03-14 00:00:00,2[電話] 08:43:02      ,GF ,4389.0,4389.0,1433.0,,CUS_00587,1,0.0,0.0,                ,0.0,現金  ,,一般  ,0.0,4389.0,0.0,是 ,[已隱蔽],,
1130315GF0000001,2024-03-15 00:00:00,2[電話] 08:55:39      ,GF ,600.0,600.0,200.0,,CUS_00587,1,0.0,0.0,                ,0.0,現金  ,,一般  ,0.0,600.0,0.0,是 ,[已隱蔽],,
1130318GF0000001,2024-03-18 00:00:00,2[電話] 10:24:25      ,GF ,2500.0,2500.0,1750.0,,CUS_00587,1,0.0,0.0,                ,0.0,現金  ,,一般  ,0.0,2500.0,0.0,是 ,[已隱蔽],,
1130319GF0000001,2024-03-19 00:00:00,2[電話] 09:02:18      ,GF ,1470.0,1470.0,735.0,,CUS_00587,1,0.0,0.0,                ,0.0,現金  ,,一般  ,0.0,1470.0,0.0,是 ,[已隱蔽],,
1130320GF0000001,2024-03-20 00:00:00,2[電話] 09:00:19      ,GF ,2550.0,2550.0,1440.0,,CUS_00587,1,0.0,0.0,                ,0.0,現金  ,,一般  ,0.0,2550.0,0.0,是 ,[已隱蔽],,
1130321GF0000001,2024-03-21 00:00:00,2[電話] 08:57:43      ,GF ,1450.0,1450.0,265.0,,CUS_00587,1,0.0,0.0,                ,0.0,現金  ,,一般  ,0.0,1450.0,0.0,是 ,[已隱蔽],,
1130323GF0000001,2024-03-23 00:00:00,2[電話] 07:52:28      ,GF ,2020.0,2020.0,775.0,,CUS_00587,1,0.0,0.0,                ,0.0,現金  ,,一般  ,0.0,2020.0,0.0,是 ,[已隱蔽],,
1130325GF0000001,2024-03-25 00:00:00,2[電話] 08:43:52      ,GF ,950.0,950.0,302.0,,CUS_00587,1,0.0,0.0,                ,0.0,現金  ,,一般  ,0.0,950.0,0.0,是 ,[已隱蔽],,
1130326GF0000001,2024-03-26 00:00:00,2[電話] 09:02:16      ,GF ,2250.0,2250.0,840.0,,CUS_00587,1,0.0,0.0,                ,0.0,現金  ,,一般  ,0.1,2250.0,0.0,是 ,[已隱蔽],,
1130327GF0000001,2024-03-27 00:00:00,2[電話] 08:40:08      ,GF ,300.0,300.0,30.0,,CUS_00587,1,0.0,0.0,                ,0.0,現金  ,,一般  ,0.0,300.0,0.0,是 ,[已隱蔽],,
1130328GF0000001,2024-03-28 00:00:00,2[電話] 11:18:37      ,GF ,1350.0,1350.0,440.0,,CUS_00587,1,0.0,0.0,                ,0.0,現金  ,,一般  ,0.0,1350.0,0.0,是 ,[已隱蔽],,
1130329GF0000001,2024-03-29 00:00:00,2[電話] 10:54:45      ,GF ,1950.0,1950.0,700.0,,CUS_00587,1,0.0,0.0,                ,0.0,現金  ,,一般  ,0.0,1950.0,0.0,是 ,[已隱蔽],,
1130330GF0000001,2024-03-30 00:00:00,2[電話] 07:43:44      ,GF ,0.0,0.0,0.0,,CUS_00587,1,0.0,0.0,                ,0.0,現金  ,,一般  ,0.0,0.0,0.0,是 ,[已隱蔽],,
1130401GF0000001,2024-04-01 00:00:00,2[電話] 10:48:45      ,GF ,1250.0,1250.0,630.0,,CUS_00587,1,0.0,0.0,                ,0.0,現金  ,,一般  ,0.0,1250.0,0.0,是 ,[已隱蔽],,
1130403GF0000001,2024-04-03 00:00:00,2[電話] 08:44:20      ,GF ,1200.0,1200.0,330.0,,CUS_00587,1,0.0,0.0,                ,0.0,現金  ,,一般  ,0.0,1200.0,0.0,是 ,[已隱蔽],,
1130406GF0000001,2024-04-06 00:00:00,2[電話] 13:07:02      ,GF ,3270.0,3270.0,1969.0,,CUS_00587,1,0.0,0.0,                ,0.0,現金  ,,一般  ,0.0,3270.0,0.0,是 ,[已隱蔽],,
1130408GF0000001,2024-04-08 00:00:00,2[電話] 10:20:36      ,GF ,1500.0,1500.0,600.0,,CUS_00587,1,0.0,0.0,                ,0.0,現金  ,,一般  ,0.0,1500.0,0.0,是 ,[已隱蔽],,
1130409GF0000001,2024-04-09 00:00:00,2[電話] 09:30:20      ,GF ,1250.0,1250.0,565.0,,CUS_00587,1,0.0,0.0,                ,0.0,現金  ,,一般  ,0.0,1250.0,0.0,是 ,[已隱蔽],,
1130410GF0000001,2024-04-10 00:00:00,2[電話] 08:39:59      ,GF ,1600.0,1600.0,560.0,,CUS_00587,1,0.0,0.0,                ,0.0,現金  ,,一般  ,0.0,1600.0,0.0,是 ,[已隱蔽],,
1130411GF0000001,2024-04-11 00:00:00,2[電話] 08:45:42      ,GF ,3250.0,3250.0,1275.0,,CUS_00587,1,0.0,0.0,                ,0.0,現金  ,,一般  ,0.0,3250.0,0.0,是 ,[已隱蔽],,
1130412GF0000001,2024-04-12 00:00:00,2[電話] 12:50:50      ,GF ,2500.0,2500.0,280.0,,CUS_00587,1,0.0,0.0,                ,0.0,現金  ,,一般  ,0.0,2500.0,0.0,是 ,[已隱蔽],,
1130413GF0000001,2024-04-13 00:00:00,2[電話] 10:00:24      ,GF ,2499.0,2499.0,240.0,,CUS_00587,1,0.0,0.0,                ,0.0,現金  ,,一般  ,0.0,2499.0,0.0,是 ,[已隱蔽],,
1130415GF0000001,2024-04-15 00:00:00,2[電話] 09:11:19      ,GF ,1800.0,1800.0,550.0,,CUS_00587,1,0.0,0.0,                ,0.0,現金  ,,一般  ,0.0,1800.0,0.0,是 ,[已隱蔽],,
1130417GF0000001,2024-04-17 00:00:00,2[電話] 07:40:15      ,GF ,150.0,150.0,20.0,,CUS_00587,1,0.0,0.0,                ,0.0,現金  ,,一般  ,0.0,150.0,0.0,是 ,[已隱蔽],,
1130418GF0000001,2024-04-18 00:00:00,2[電話] 08:06:15      ,GF ,600.0,600.0,181.0,,CUS_00587,1,0.0,0.0,                ,0.0,現金  ,,一般  ,0.0,600.0,0.0,是 ,[已隱蔽],,
1130419GF0000001,2024-04-19 00:00:00,2[電話] 07:32:55      ,GF ,900.0,900.0,360.0,,CUS_00587,1,0.0,0.0,                ,0.0,現金  ,,一般  ,0.0,900.0,0.0,是 ,[已隱蔽],,
1130422GF0000001,2024-04-22 00:00:00,2[電話] 15:33:24      ,GF ,4550.0,4550.0,2790.0,,CUS_00587,1,0.0,0.0,                ,0.0,現金  ,,一般  ,0.0,4550.0,0.0,是 ,[已隱蔽],,
1130425GF0000001,2024-04-25 00:00:00,2[電話] 09:20:19      ,GF ,2240.0,2240.0,994.5,,CUS_00587,1,0.0,0.0,                ,0.0,現金  ,,一般  ,0.0,2240.0,0.0,是 ,[已隱蔽],,
1130426GF0000001,2024-04-26 00:00:00,2[電話] 08:54:02      ,GF ,3080.0,3080.0,2136.0,,CUS_00587,1,0.0,0.0,                ,0.0,現金  ,,一般  ,0.0,3080.0,0.0,是 ,[已隱蔽],,
1130427GF0000001,2024-04-27 00:00:00,2[電話] 07:18:22      ,GF ,3300.0,3300.0,2070.0,,CUS_00587,1,0.0,0.0,                ,0.0,現金  ,,一般  ,0.0,3300.0,0.0,是 ,[已隱蔽],,
1130429GF0000001,2024-04-29 00:00:00,2[電話] 10:24:10      ,GF ,1150.0,1150.0,568.0,,CUS_00587,1,0.0,0.0,                ,0.0,現金  ,,一般  ,0.0,1150.0,0.0,是 ,[已隱蔽],,
1130430GF0000001,2024-04-30 00:00:00,2[電話] 07:53:18      ,GF ,0.0,0.0,0.0,,CUS_00587,1,0.0,0.0,                ,0.0,現金  ,,一般  ,0.0,0.0,0.0,是 ,[已隱蔽],,
1130501GF0000001,2024-05-01 00:00:00,2[電話] 09:39:33      ,GF ,700.0,700.0,270.0,,CUS_00587,1,0.0,0.0,                ,0.0,現金  ,,一般  ,0.0,700.0,0.0,是 ,[已隱蔽],,
1130502GF0000001,2024-05-02 00:00:00,2[電話] 08:53:28      ,GF ,1550.0,1550.0,559.5,,CUS_00587,1,0.0,0.0,                ,0.0,現金  ,,一般  ,0.0,1550.0,0.0,是 ,[已隱蔽],,
1130503GF0000001,2024-05-03 00:00:00,2[電話] 07:20:19      ,GF ,0.0,0.0,0.0,,CUS_00587,1,0.0,0.0,                ,0.0,現金  ,,一般  ,0.0,0.0,0.0,是 ,[已隱蔽],,
1130503GF0000002,2024-05-03 00:00:00,2[電話] 13:11:53      ,GF ,200.0,200.0,65.0,,CUS_00587,1,0.0,0.0,                ,0.0,現金  ,,一般  ,0.0,200.0,0.0,是 ,[已隱蔽],,
1130506GF0000001,2024-05-06 00:00:00,2[電話] 09:27:54      ,GF ,1500.0,1500.0,640.0,,CUS_00587,1,0.0,0.0,                ,0.0,現金  ,,一般  ,0.0,1500.0,0.0,是 ,[已隱蔽],,
1130507GF0000001,2024-05-07 00:00:00,2[電話] 08:43:10      ,GF ,500.0,500.0,150.0,,CUS_00587,1,0.0,0.0,                ,0.0,現金  ,,一般  ,0.0,500.0,0.0,是 ,[已隱蔽],,
1130508GF0000001,2024-05-08 00:00:00,2[電話] 08:48:30      ,GF ,2500.0,2500.0,600.0,,CUS_00587,1,0.0,0.0,                ,0.0,現金  ,,一般  ,0.0,2500.0,0.0,是 ,[已隱蔽],,
1130509GF0000001,2024-05-09 00:00:00,2[電話] 14:54:16      ,GF ,1050.0,1050.0,442.0,,CUS_00587,1,0.0,0.0,                ,0.0,現金  ,,一般  ,0.0,1050.0,0.0,是 ,[已隱蔽],,
1130510GF0000001,2024-05-10 00:00:00,2[電話] 11:21:52      ,GF ,3300.0,3300.0,1240.0,,CUS_00587,1,0.0,0.0,                ,0.0,現金  ,,一般  ,0.0,3300.0,0.0,是 ,[已隱蔽],,
1130511GF0000001,2024-05-11 00:00:00,2[電話] 09:10:08      ,GF ,2950.0,2950.0,1795.0,,CUS_00587,1,0.0,0.0,                ,0.0,現金  ,,一般  ,0.0,2950.0,0.0,是 ,[已隱蔽],,
1130513GF0000001,2024-05-13 00:00:00,2[電話] 09:02:16      ,GF ,3300.0,3300.0,1440.0,,CUS_00587,1,0.0,0.0,                ,0.0,現金  ,,一般  ,0.0,3300.0,0.0,是 ,[已隱蔽],,
1130514GF0000001,2024-05-14 00:00:00,2[電話] 08:52:03      ,GF ,1400.0,1400.0,650.0,,CUS_00587,1,0.0,0.0,                ,0.0,現金  ,,一般  ,0.0,1400.0,0.0,是 ,[已隱蔽],,
1130515GF0000001,2024-05-15 00:00:00,2[電話] 08:22:12      ,GF ,250.0,250.0,90.0,,CUS_00587,1,0.0,0.0,                ,0.0,現金  ,,一般  ,0.0,250.0,0.0,是 ,[已隱蔽],,
1130516GF0000001,2024-05-16 00:00:00,2[電話] 09:12:23      ,GF ,650.0,650.0,254.0,,CUS_00587,1,0.0,0.0,                ,0.0,現金  ,,一般  ,0.0,650.0,0.0,是 ,[已隱蔽],,
1130517GF0000001,2024-05-17 00:00:00,2[電話] 07:56:53      ,GF ,2150.0,2150.0,753.0,,CUS_00587,1,0.0,0.0,                ,0.0,現金  ,,一般  ,0.0,2150.0,0.0,是 ,[已隱蔽],,
1130518GF0000001,2024-05-18 00:00:00,2[電話] 08:52:01      ,GF ,2200.0,2200.0,715.0,,CUS_00587,1,0.0,0.0,                ,0.0,現金  ,,一般  ,0.0,2200.0,0.0,是 ,[已隱蔽],,
1130522GF0000001,2024-05-21 00:00:00,2[電話] 08:57:09      ,GF ,520.0,520.0,4.0,,CUS_00587,1,0.0,0.0,                ,0.0,現金  ,,一般  ,0.0,520.0,0.0,是 ,[已隱蔽],,
1130523GF0000001,2024-05-23 00:00:00,2[電話] 09:14:09      ,GF ,3900.0,3900.0,2150.0,,CUS_00587,1,0.0,0.0,                ,0.0,現金  ,,一般  ,0.0,3900.0,0.0,是 ,[已隱蔽],,
1130524GF0000001,2024-05-24 00:00:00,2[電話] 08:53:10      ,GF ,3299.0,3299.0,1380.0,,CUS_00587,1,0.0,0.0,                ,0.0,現金  ,,一般  ,0.0,3299.0,0.0,是 ,[已隱蔽],,
1130527GF0000001,2024-05-27 00:00:00,2[電話] 10:28:52      ,GF ,400.0,400.0,120.0,,CUS_00587,1,0.0,0.0,                ,0.0,現金  ,,一般  ,0.0,400.0,0.0,是 ,[已隱蔽],,
1130528GF0000001,2024-05-28 00:00:00,2[電話] 13:05:56      ,GF ,2500.0,2500.0,1310.0,,CUS_00587,1,0.0,0.0,                ,0.0,現金  ,,一般  ,0.0,2500.0,0.0,是 ,[已隱蔽],,
1130529GF0000001,2024-05-29 00:00:00,2[電話] 11:48:46      ,GF ,2400.0,2400.0,1500.0,,CUS_00587,1,0.0,0.0,                ,0.0,現金  ,,一般  ,0.0,2400.0,0.0,是 ,[已隱蔽],,
1130531GF0000001,2024-05-31 00:00:00,2[電話] 07:09:34      ,GF ,0.0,0.0,0.0,,CUS_00587,1,0.0,0.0,                ,0.0,現金  ,,一般  ,0.0,0.0,0.0,是 ,[已隱蔽],,
1130531GF0000002,2024-05-31 00:00:00,2[電話] 13:39:34      ,GF ,650.0,650.0,185.0,,CUS_00587,1,0.0,0.0,                ,0.0,現金  ,,一般  ,0.0,650.0,0.0,是 ,[已隱蔽],,
1130601GF0000001,2024-06-01 00:00:00,2[電話] 09:09:52      ,GF ,1300.0,1300.0,528.0,,CUS_00587,1,0.0,0.0,                ,0.0,現金  ,,一般  ,0.0,1300.0,0.0,是 ,[已隱蔽],,
1130603GF0000001,2024-06-03 00:00:00,2[電話] 08:30:07      ,GF ,1590.0,1590.0,675.0,,CUS_00587,1,0.0,0.0,                ,0.0,現金  ,,一般  ,0.0,1590.0,0.0,是 ,[已隱蔽],,
1130604GF0000001,2024-06-04 00:00:00,2[電話] 09:15:31      ,GF ,2200.0,2200.0,1020.0,,CUS_00587,1,0.0,0.0,                ,0.0,現金  ,,一般  ,0.0,2200.0,0.0,是 ,[已隱蔽],,
1130606GF0000001,2024-06-06 00:00:00,2[電話] 08:35:06      ,GF ,7550.0,7550.0,3293.0,,CUS_00587,1,0.0,0.0,                ,0.0,現金  ,,一般  ,0.0,7550.0,0.0,是 ,[已隱蔽],,
1130607GF0000001,2024-06-07 00:00:00,2[電話] 09:09:24      ,GF ,505.0,505.0,77.0,,CUS_00587,1,0.0,0.0,                ,0.0,現金  ,,一般  ,0.0,505.0,0.0,是 ,[已隱蔽],,
1130608GF0000001,2024-06-08 00:00:00,2[電話] 08:51:16      ,GF ,3000.0,3000.0,988.0,,CUS_00587,1,0.0,0.0,                ,0.0,現金  ,,一般  ,0.0,3000.0,0.0,是 ,[已隱蔽],,
1130611GF0000001,2024-06-11 00:00:00,2[電話] 08:27:44      ,GF ,870.0,870.0,223.0,,CUS_00587,1,0.0,0.0,                ,0.0,現金  ,,一般  ,0.0,870.0,0.0,是 ,[已隱蔽],,
1130613GF0000001,2024-06-13 00:00:00,2[電話] 08:33:54      ,GF ,5430.0,5430.0,2536.0,,CUS_00587,1,0.0,0.0,                ,0.0,現金  ,,一般  ,0.0,5430.0,0.0,是 ,[已隱蔽],,
1130614GF0000001,2024-06-14 00:00:00,2[電話] 14:23:28      ,GF ,850.0,850.0,365.0,,CUS_00587,1,0.0,0.0,                ,0.0,現金  ,,一般  ,0.0,850.0,0.0,是 ,[已隱蔽],,
1130615GF0000001,2024-06-15 00:00:00,2[電話] 09:07:01      ,GF ,2050.0,2050.0,820.0,,CUS_00587,1,0.0,0.0,                ,0.0,現金  ,,一般  ,0.0,2050.0,0.0,是 ,[已隱蔽],,
1130617GF0000001,2024-06-17 00:00:00,2[電話] 10:55:07      ,GF ,2900.0,2900.0,1163.0,,CUS_00587,1,0.0,0.0,                ,0.0,現金  ,,一般  ,0.0,2900.0,0.0,是 ,[已隱蔽],,
1130618GF0000001,2024-06-18 00:00:00,2[電話] 07:40:36      ,GF ,350.0,350.0,125.0,,CUS_00587,1,0.0,0.0,                ,0.0,現金  ,,一般  ,0.0,350.0,0.0,是 ,[已隱蔽],,
1130619GF0000001,2024-06-19 00:00:00,2[電話] 10:11:54      ,GF ,7250.0,7250.0,4158.0,,CUS_00587,1,0.0,0.0,                ,0.0,現金  ,,一般  ,0.0,7250.0,0.0,是 ,[已隱蔽],,
1130620GF0000001,2024-06-20 00:00:00,2[電話] 10:35:53      ,GF ,100.0,100.0,60.0,,CUS_00587,1,0.0,0.0,                ,0.0,現金  ,,一般  ,0.0,100.0,0.0,是 ,[已隱蔽],,
1130621GF0000001,2024-06-21 00:00:00,2[電話] 09:09:20      ,GF ,870.0,870.0,340.0,,CUS_00587,1,0.0,0.0,                ,0.0,現金  ,,一般  ,0.0,870.0,0.0,是 ,[已隱蔽],,
1130622GF0000001,2024-06-22 00:00:00,2[電話] 09:14:09      ,GF ,150.0,150.0,32.0,,CUS_00587,1,0.0,0.0,                ,0.0,現金  ,,一般  ,0.0,150.0,0.0,是 ,[已隱蔽],,
1130624GF0000001,2024-06-24 00:00:00,2[電話] 08:48:32      ,GF ,3300.0,3300.0,1860.0,,CUS_00587,1,0.0,0.0,                ,0.0,現金  ,,一般  ,0.0,3300.0,0.0,是 ,[已隱蔽],,
1130625GF0000001,2024-06-25 00:00:00,2[電話] 08:44:59      ,GF ,560.0,560.0,129.5,,CUS_00587,1,0.0,0.0,                ,0.0,現金  ,,一般  ,0.0,560.0,0.0,是 ,[已隱蔽],,
1130626GF0000001,2024-06-26 00:00:00,2[電話] 08:22:16      ,GF ,2050.0,2050.0,700.0,,CUS_00587,1,0.0,0.0,                ,0.0,現金  ,,一般  ,0.0,2050.0,0.0,是 ,[已隱蔽],,
1130627GF0000001,2024-06-27 00:00:00,2[電話] 13:40:28      ,GF ,600.0,600.0,165.0,,CUS_00587,1,0.0,0.0,                ,0.0,現金  ,,一般  ,0.0,600.0,0.0,是 ,[已隱蔽],,
1130628GF0000001,2024-06-28 00:00:00,2[電話] 07:26:33      ,GF ,1800.0,1800.0,584.5,,CUS_00587,1,0.0,0.0,                ,0.0,現金  ,,一般  ,0.0,1800.0,0.0,是 ,[已隱蔽],,
1130629GF0000001,2024-06-29 00:00:00,2[電話] 08:42:11      ,GF ,750.0,750.0,240.0,,CUS_00587,1,0.0,0.0,                ,0.0,現金  ,,一般  ,0.0,750.0,0.0,是 ,[已隱蔽],,
1130701GF0000001,2024-07-01 00:00:00,2[電話] 08:52:29      ,GF ,100.0,100.0,35.0,,CUS_00587,1,0.0,0.0,                ,0.0,現金  ,,一般  ,0.0,100.0,0.0,是 ,[已隱蔽],,
1130702GF0000001,2024-07-02 00:00:00,2[電話] 08:31:43      ,GF ,160.0,160.0,79.0,,CUS_00587,1,0.0,0.0,                ,0.0,現金  ,,一般  ,0.0,160.0,0.0,是 ,[已隱蔽],,
1130703GF0000001,2024-07-03 00:00:00,2[電話] 08:02:07      ,GF ,2600.0,2600.0,1850.0,,CUS_00587,1,0.0,0.0,                ,0.0,現金  ,,一般  ,0.0,2600.0,0.0,是 ,[已隱蔽],,
1130704GF0000001,2024-07-04 00:00:00,2[電話] 07:36:58      ,GF ,2800.0,2800.0,1500.0,,CUS_00587,1,0.0,0.0,                ,0.0,現金  ,,一般  ,0.0,2800.0,0.0,是 ,[已隱蔽],,
1130705GF0000001,2024-07-05 00:00:00,2[電話] 08:48:42      ,GF ,3335.0,3335.0,1130.0,,CUS_00587,1,0.0,0.0,                ,0.0,現金  ,,一般  ,0.0,3335.0,0.0,是 ,[已隱蔽],,
1130706GF0000001,2024-07-06 00:00:00,2[電話] 08:40:38      ,GF ,1450.0,1450.0,540.0,,CUS_00587,1,0.0,0.0,                ,0.0,現金  ,,一般  ,0.0,1450.0,0.0,是 ,[已隱蔽],,
1130708GF0000001,2024-07-08 00:00:00,2[電話] 08:23:28      ,GF ,150.0,150.0,73.0,,CUS_00587,1,0.0,0.0,                ,0.0,現金  ,,一般  ,0.0,150.0,0.0,是 ,[已隱蔽],,
1130710GF0000001,2024-07-10 00:00:00,2[電話] 08:50:34      ,GF ,300.0,300.0,90.0,,CUS_00587,1,0.0,0.0,                ,0.0,現金  ,,一般  ,0.0,300.0,0.0,是 ,[已隱蔽],,
1130711GF0000001,2024-07-11 00:00:00,2[電話] 08:23:35      ,GF ,3540.0,3540.0,190.0,,CUS_00587,1,0.0,0.0,                ,0.0,現金  ,,一般  ,0.0,3540.0,0.0,是 ,[已隱蔽],,
1130713GF0000001,2024-07-13 00:00:00,2[電話] 08:03:17      ,GF ,1500.0,1500.0,550.0,,CUS_00587,1,0.0,0.0,                ,0.0,現金  ,,一般  ,0.0,1500.0,0.0,是 ,[已隱蔽],,
1130716GF0000001,2024-07-16 00:00:00,2[電話] 07:16:51      ,GF ,1542.0,1542.0,575.0,,CUS_00587,1,0.0,0.0,                ,0.0,現金  ,,一般  ,0.0,1542.0,0.0,是 ,[已隱蔽],,
1130717GF0000001,2024-07-17 00:00:00,2[電話] 16:01:42      ,GF ,399.0,399.0,200.0,,CUS_00587,1,0.0,0.0,                ,0.0,現金  ,,一般  ,0.0,399.0,0.0,是 ,[已隱蔽],,
1130718GF0000001,2024-07-18 00:00:00,2[電話] 08:25:33      ,GF ,615.0,615.0,112.0,,CUS_00587,1,0.0,0.0,                ,0.0,現金  ,,一般  ,0.0,615.0,0.0,是 ,[已隱蔽],,
1130722GF0000001,2024-07-22 00:00:00,2[電話] 10:35:09      ,GF ,1850.0,1850.0,745.0,,CUS_00587,1,0.0,0.0,                ,0.0,現金  ,,一般  ,0.0,1850.0,0.0,是 ,[已隱蔽],,
1130723GF0000001,2024-07-23 00:00:00,2[電話] 09:28:17      ,GF ,1630.0,1630.0,740.0,,CUS_00587,1,0.0,0.0,                ,0.0,現金  ,,一般  ,0.0,1630.0,0.0,是 ,[已隱蔽],,
1130724GF0000001,2024-07-24 00:00:00,2[電話] 09:34:46      ,GF ,700.0,700.0,245.0,,CUS_00587,1,0.0,0.0,                ,0.0,現金  ,,一般  ,0.0,700.0,0.0,是 ,[已隱蔽],,
1130725GF0000001,2024-07-25 00:00:00,2[電話] 09:06:41      ,GF ,400.0,400.0,150.0,,CUS_00590,1,0.0,0.0,                ,0.0,現金  ,,一般  ,0.0,400.0,0.0,是 ,[已隱蔽],,
1130726GF0000001,2024-07-26 00:00:00,2[電話] 11:17:57      ,GF ,950.0,950.0,400.0,,CUS_00587,1,0.0,0.0,                ,0.0,現金  ,,一般  ,0.0,950.0,0.0,是 ,[已隱蔽],,
1130727GF0000001,2024-07-27 00:00:00,2[電話] 09:17:12      ,GF ,1500.0,1500.0,420.0,,CUS_00587,1,0.0,0.0,                ,0.0,現金  ,,一般  ,0.0,1500.0,0.0,是 ,[已隱蔽],,
1130728GF0000001,2024-07-28 00:00:00,2[電話] 09:15:18      ,GF ,400.0,400.0,200.0,,CUS_00587,1,0.0,0.0,                ,0.0,現金  ,,一般  ,0.0,400.0,0.0,是 ,[已隱蔽],,
1130729GF0000001,2024-07-29 00:00:00,2[電話] 09:26:20      ,GF ,4910.0,4910.0,2910.0,,CUS_00587,1,0.0,0.0,                ,0.0,現金  ,,一般  ,0.0,4910.0,0.0,是 ,[已隱蔽],,
1130730GF0000001,2024-07-30 00:00:00,2[電話] 08:45:50      ,GF ,770.0,770.0,262.0,,CUS_00587,1,0.0,0.0,                ,0.0,現金  ,,一般  ,0.0,770.0,0.0,是 ,[已隱蔽],,
1130801GF0000001,2024-08-01 00:00:00,2[電話] 08:46:02      ,GF ,1599.0,1599.0,810.0,,CUS_00587,1,0.0,0.0,                ,0.0,現金  ,,一般  ,0.0,1599.0,0.0,是 ,[已隱蔽],,
1130802GF0000001,2024-08-02 00:00:00,2[電話] 12:20:25      ,GF ,350.0,350.0,95.0,,CUS_00587,1,0.0,0.0,                ,0.0,現金  ,,一般  ,0.0,350.0,0.0,是 ,[已隱蔽],,
1130803GF0000001,2024-08-03 00:00:00,2[電話] 09:07:27      ,GF ,10500.0,10500.0,1298.0,,CUS_00587,1,0.0,0.0,                ,0.0,現金  ,,一般  ,0.0,10500.0,0.0,是 ,[已隱蔽],,
1130806GF0000001,2024-08-06 00:00:00,2[電話] 08:47:59      ,GF ,1100.0,1100.0,267.0,,CUS_00587,1,0.0,0.0,                ,0.0,現金  ,,一般  ,0.0,1100.0,0.0,是 ,[已隱蔽],,
1130807GF0000001,2024-08-07 00:00:00,2[電話] 08:49:06      ,GF ,1660.0,1660.0,324.0,,CUS_00587,1,0.0,0.0,                ,0.0,現金  ,,一般  ,0.0,1660.0,0.0,是 ,[已隱蔽],,
1130809GF0000001,2024-08-09 00:00:00,2[電話] 06:57:27      ,GF ,1600.0,1600.0,925.0,,CUS_00587,1,0.0,0.0,                ,0.0,現金  ,,一般  ,0.0,1600.0,0.0,是 ,[已隱蔽],,
1130810GF0000001,2024-08-10 00:00:00,2[電話] 08:44:54      ,GF ,2050.0,2050.0,468.0,,CUS_00587,1,0.0,0.0,                ,0.0,現金  ,,一般  ,0.0,2050.0,0.0,是 ,[已隱蔽],,
1130812GF0000001,2024-08-12 00:00:00,2[電話] 15:45:34      ,GF ,5299.0,5299.0,3180.0,,CUS_00587,1,0.0,0.0,                ,0.0,現金  ,,一般  ,0.0,5299.0,0.0,是 ,[已隱蔽],,
1130815GF0000001,2024-08-15 00:00:00,2[電話] 08:45:58      ,GF ,3403.0,3403.0,2020.0,,CUS_00587,1,0.0,0.0,                ,0.0,現金  ,,一般  ,0.0,3403.0,0.0,是 ,[已隱蔽],,
1130816GF0000001,2024-08-16 00:00:00,2[電話] 09:44:50      ,GF ,1900.0,1900.0,620.0,,CUS_00587,1,0.0,0.0,                ,0.0,現金  ,,一般  ,0.0,1900.0,0.0,是 ,[已隱蔽],,
1130817GF0000001,2024-08-17 00:00:00,2[電話] 09:26:08      ,GF ,120.0,120.0,50.0,,CUS_00587,1,0.0,0.0,                ,0.0,現金  ,,一般  ,0.0,120.0,0.0,是 ,[已隱蔽],,
1130819GF0000001,2024-08-19 00:00:00,2[電話] 09:33:21      ,GF ,880.0,880.0,230.0,,CUS_00587,1,0.0,0.0,                ,0.0,現金  ,,一般  ,0.0,880.0,0.0,是 ,[已隱蔽],,
1130820GF0000001,2024-08-20 00:00:00,2[電話] 07:50:23      ,GF ,650.0,650.0,158.0,,CUS_00587,1,0.0,0.0,                ,0.0,現金  ,,一般  ,0.0,650.0,0.0,是 ,[已隱蔽],,
1130823GF0000001,2024-08-23 00:00:00,2[電話] 07:13:58      ,GF ,3000.0,3000.0,1600.0,,CUS_00587,1,0.0,0.0,                ,0.0,現金  ,,一般  ,0.0,3000.0,0.0,是 ,[已隱蔽],,
1130824GF0000001,2024-08-24 00:00:00,2[電話] 10:10:31      ,GF ,5250.0,5250.0,1395.0,,CUS_00587,1,0.0,0.0,                ,0.0,現金  ,,一般  ,0.0,5250.0,0.0,是 ,[已隱蔽],,
1130826GF0000001,2024-08-26 00:00:00,2[電話] 09:04:57      ,GF ,30.0,30.0,6.0,,CUS_00587,1,0.0,0.0,                ,0.0,現金  ,,一般  ,0.0,30.0,0.0,是 ,[已隱蔽],,
1130827GF0000001,2024-08-27 00:00:00,2[電話] 08:38:49      ,GF ,390.0,390.0,180.0,,CUS_00587,1,0.0,0.0,                ,0.0,現金  ,,一般  ,0.0,390.0,0.0,是 ,[已隱蔽],,
1130828GF0000001,2024-08-28 00:00:00,2[電話] 08:37:12      ,GF ,300.0,300.0,105.0,,CUS_00587,1,0.0,0.0,                ,0.0,現金  ,,一般  ,0.0,300.0,0.0,是 ,[已隱蔽],,
1130829GF0000001,2024-08-29 00:00:00,2[電話] 09:00:23      ,GF ,400.0,400.0,180.0,,CUS_00587,1,0.0,0.0,                ,0.0,現金  ,,一般  ,0.0,400.0,0.0,是 ,[已隱蔽],,
1130830GF0000001,2024-08-30 00:00:00,2[電話] 08:19:30      ,GF ,1000.0,1000.0,500.0,,CUS_00587,1,0.0,0.0,                ,0.0,現金  ,,一般  ,0.0,1000.0,0.0,是 ,[已隱蔽],,
1130831GF0000001,2024-08-31 00:00:00,2[電話] 08:43:36      ,GF ,250.0,250.0,70.0,,CUS_00587,1,0.0,0.0,                ,0.0,現金  ,,一般  ,0.0,250.0,0.0,是 ,[已隱蔽],,
1130902GF0000001,2024-09-02 00:00:00,2[電話] 08:50:02      ,GF ,1650.0,1650.0,439.3,,CUS_00587,1,0.0,0.0,                ,0.0,現金  ,,一般  ,0.0,1650.0,0.0,是 ,[已隱蔽],,
1130903GF0000001,2024-09-03 00:00:00,2[電話] 09:04:48      ,GF ,2650.0,2650.0,1675.0,,CUS_00587,1,0.0,0.0,                ,0.0,現金  ,,一般  ,0.0,2650.0,0.0,是 ,[已隱蔽],,
1130904GF0000001,2024-09-04 00:00:00,2[電話] 08:48:42      ,GF ,1639.0,1639.0,632.0,,CUS_00587,1,0.0,0.0,                ,0.0,現金  ,,一般  ,0.0,1639.0,0.0,是 ,[已隱蔽],,
1130909GF0000001,2024-09-09 00:00:00,2[電話] 14:14:10      ,GF ,770.0,770.0,268.0,,CUS_00587,1,0.0,0.0,                ,0.0,現金  ,,一般  ,0.0,770.0,0.0,是 ,[已隱蔽],,
1130910GF0000001,2024-09-10 00:00:00,2[電話] 08:28:37      ,GF ,100.0,100.0,30.0,,CUS_00587,1,0.0,0.0,                ,0.0,現金  ,,一般  ,0.0,100.0,0.0,是 ,[已隱蔽],,
1130911GF0000001,2024-09-11 00:00:00,2[電話] 08:59:02      ,GF ,1649.0,1649.0,695.0,,CUS_00587,1,0.0,0.0,                ,0.0,現金  ,,一般  ,0.0,1649.0,0.0,是 ,[已隱蔽],,
1130912GF0000001,2024-09-12 00:00:00,2[電話] 08:42:20      ,GF ,700.0,700.0,284.0,,CUS_00587,1,0.0,0.0,                ,0.0,現金  ,,一般  ,0.0,700.0,0.0,是 ,[已隱蔽],,
1130913GF0000001,2024-09-13 00:00:00,2[電話] 08:46:30      ,GF ,3050.0,3050.0,350.0,,CUS_00587,1,0.0,0.0,                ,0.0,現金  ,,一般  ,0.0,3050.0,0.0,是 ,[已隱蔽],,
1130914GF0000001,2024-09-14 00:00:00,2[電話] 08:51:46      ,GF ,950.0,950.0,270.0,,CUS_00587,1,0.0,0.0,                ,0.0,現金  ,,一般  ,0.0,950.0,0.0,是 ,[已隱蔽],,
1130916GF0000001,2024-09-16 00:00:00,2[電話] 09:38:44      ,GF ,1100.0,1100.0,357.0,,CUS_00587,1,0.0,0.0,                ,0.0,現金  ,,一般  ,0.0,1100.0,0.0,是 ,[已隱蔽],,
1130918GF0000001,2024-09-18 00:00:00,2[電話] 08:09:00      ,GF ,820.0,820.0,308.0,,CUS_00587,1,0.0,0.0,                ,0.0,現金  ,,一般  ,0.0,820.0,0.0,是 ,[已隱蔽],,
1130919GF0000001,2024-09-19 00:00:00,2[電話] 08:27:25      ,GF ,2400.0,2400.0,839.0,,CUS_00587,1,0.0,0.0,                ,0.0,現金  ,,一般  ,0.0,2400.0,0.0,是 ,[已隱蔽],,
1130920GF0000001,2024-09-20 00:00:00,2[電話] 08:45:03      ,GF ,5100.0,5100.0,3350.0,,CUS_00587,1,0.0,0.0,                ,0.0,現金  ,,一般  ,0.0,5100.0,0.0,是 ,[已隱蔽],,
1130925GF0000001,2024-09-25 00:00:00,2[電話] 09:02:47      ,GF ,4250.0,4250.0,2450.0,,CUS_00587,1,0.0,0.0,                ,0.0,現金  ,,一般  ,0.0,4250.0,0.0,是 ,[已隱蔽],,
1130926GF0000001,2024-09-26 00:00:00,2[電話] 08:11:37      ,GF ,250.0,250.0,80.0,,CUS_00587,1,0.0,0.0,                ,0.0,現金  ,,一般  ,0.0,250.0,0.0,是 ,[已隱蔽],,
1130927GF0000001,2024-09-27 00:00:00,2[電話] 15:48:19      ,GF ,120.0,120.0,50.0,,CUS_00587,1,0.0,0.0,                ,0.0,現金  ,,一般  ,0.0,120.0,0.0,是 ,[已隱蔽],,
1130930GF0000001,2024-09-30 00:00:00,2[電話] 09:16:01      ,GF ,1300.0,1300.0,900.0,,CUS_00587,1,0.0,0.0,                ,0.0,現金  ,,一般  ,0.0,1300.0,0.0,是 ,[已隱蔽],,
1131002GF0000001,2024-10-02 00:00:00,2[電話] 12:18:18      ,GF ,0.0,0.0,0.0,,CUS_00587,1,0.0,0.0,                ,0.0,現金  ,,一般  ,0.0,0.0,0.0,是 ,[已隱蔽],,
1131003GF0000001,2024-10-03 00:00:00,2[電話] 09:06:15      ,GF ,500.0,500.0,150.0,,CUS_00587,1,0.0,0.0,                ,0.0,現金  ,,一般  ,0.0,500.0,0.0,是 ,[已隱蔽],,
1131004GF0000001,2024-10-04 00:00:00,2[電話] 07:41:36      ,GF ,3250.0,3250.0,2005.0,,CUS_00587,1,0.0,0.0,                ,0.0,現金  ,,一般  ,0.0,3250.0,0.0,是 ,[已隱蔽],,
1131005GF0000001,2024-10-05 00:00:00,2[電話] 08:37:39      ,GF ,200.0,200.0,90.0,,CUS_00587,1,0.0,0.0,                ,0.0,現金  ,,一般  ,0.0,200.0,0.0,是 ,[已隱蔽],,
1131008GF0000001,2024-10-08 00:00:00,2[電話] 08:48:58      ,GF ,200.0,200.0,70.0,,CUS_00587,1,0.0,0.0,                ,0.0,現金  ,,一般  ,0.0,200.0,0.0,是 ,[已隱蔽],,
1131009GF0000001,2024-10-09 00:00:00,2[電話] 08:04:06      ,GF ,1100.0,1100.0,364.8,,CUS_00587,1,0.0,0.0,                ,0.0,現金  ,,一般  ,0.0,1100.0,0.0,是 ,[已隱蔽],,
1131011GF0000001,2024-10-11 00:00:00,2[電話] 08:14:11      ,GF ,950.0,950.0,290.0,,CUS_00587,1,0.0,0.0,                ,0.0,現金  ,,一般  ,0.0,950.0,0.0,是 ,[已隱蔽],,
1131012GF0000001,2024-10-12 00:00:00,2[電話] 08:18:38      ,GF ,3000.0,3000.0,640.0,,CUS_00587,1,0.0,0.0,                ,0.0,現金  ,,一般  ,0.0,3000.0,0.0,是 ,[已隱蔽],,
1131014GF0000001,2024-10-14 00:00:00,2[電話] 08:58:26      ,GF ,1550.0,1550.0,930.0,,CUS_00587,1,0.0,0.0,                ,0.0,現金  ,,一般  ,0.0,1550.0,0.0,是 ,[已隱蔽],,
1131015GF0000001,2024-10-15 00:00:00,2[電話] 07:49:02      ,GF ,1050.0,1050.0,180.0,,CUS_00587,1,0.0,0.0,                ,0.0,現金  ,,一般  ,0.0,1050.0,0.0,是 ,[已隱蔽],,
1131016GF0000001,2024-10-16 00:00:00,2[電話] 11:49:43      ,GF ,500.0,500.0,0.0,,CUS_00587,1,0.0,0.0,                ,0.0,現金  ,,一般  ,0.0,500.0,0.0,是 ,[已隱蔽],,
1131017GF0000001,2024-10-17 00:00:00,2[電話] 08:01:05      ,GF ,1750.0,1750.0,530.0,,CUS_00587,1,0.0,0.0,                ,0.0,現金  ,,一般  ,0.0,1750.0,0.0,是 ,[已隱蔽],,
1131018GF0000001,2024-10-18 00:00:00,2[電話] 08:32:21      ,GF ,500.0,500.0,800.0,,CUS_00587,1,0.0,0.0,                ,0.0,現金  ,,一般  ,0.0,500.0,0.0,是 ,[已隱蔽],,
1131019GF0000001,2024-10-19 00:00:00,2[電話] 08:48:43      ,GF ,100.0,100.0,25.0,,CUS_00587,1,0.0,0.0,                ,0.0,現金  ,,一般  ,0.0,100.0,0.0,是 ,[已隱蔽],,
1131023GF0000001,2024-10-23 00:00:00,2[電話] 08:37:32      ,GF ,570.0,570.0,213.5,,CUS_00587,1,0.0,0.0,                ,0.0,現金  ,,一般  ,0.0,570.0,0.0,是 ,[已隱蔽],,1.0
1131024GF0000001,2024-10-24 00:00:00,2[電話] 10:34:14      ,GF ,2400.0,2400.0,875.0,,CUS_00587,1,0.0,0.0,                ,0.0,現金  ,,一般  ,0.0,2400.0,0.0,是 ,[已隱蔽],,
1131026GF0000001,2024-10-26 00:00:00,2[電話] 07:57:45      ,GF ,550.0,550.0,180.0,,CUS_00587,1,0.0,0.0,                ,0.0,現金  ,,一般  ,0.0,550.0,0.0,是 ,[已隱蔽],,
1131028GF0000001,2024-10-28 00:00:00,2[電話] 10:09:01      ,GF ,4000.0,4000.0,1850.0,,CUS_00587,1,0.0,0.0,                ,0.0,現金  ,,一般  ,0.0,4000.0,0.0,是 ,[已隱蔽],,
1131029GF0000001,2024-10-29 00:00:00,2[電話] 11:18:12      ,GF ,2180.0,2180.0,775.0,,CUS_00587,1,0.0,0.0,                ,0.0,現金  ,,一般  ,0.0,2180.0,0.0,是 ,[已隱蔽],,
1131030GF0000001,2024-10-30 00:00:00,2[電話] 10:35:10      ,GF ,350.0,350.0,180.0,,CUS_00587,1,0.0,0.0,                ,0.0,現金  ,,一般  ,0.0,350.0,0.0,是 ,[已隱蔽],,
1131102GF0000001,2024-11-02 00:00:00,2[電話] 07:14:08      ,GF ,2170.0,2170.0,960.5,,CUS_00587,1,0.0,0.0,                ,0.0,現金  ,,一般  ,0.0,2170.0,0.0,是 ,[已隱蔽],,
1131108GF0000001,2024-11-08 00:00:00,2[電話] 16:28:04      ,GF ,9905.0,9905.0,4763.0,,CUS_00587,1,0.0,0.0,                ,0.0,現金  ,,一般  ,0.0,9905.0,0.0,是 ,[已隱蔽],,
1131109GF0000001,2024-11-09 00:00:00,2[電話] 08:34:04      ,GF ,1610.0,1610.0,562.0,,CUS_00587,1,0.0,0.0,                ,0.0,現金  ,,一般  ,0.0,1610.0,0.0,是 ,[已隱蔽],,
1131111GF0000001,2024-11-11 00:00:00,2[電話] 07:46:12      ,GF ,2210.0,2210.0,1095.0,,CUS_00587,1,0.0,0.0,                ,0.0,現金  ,,一般  ,0.0,2210.0,0.0,是 ,[已隱蔽],,
1131112GF0000001,2024-11-12 00:00:00,2[電話] 08:43:54      ,GF ,450.0,450.0,120.0,,CUS_00587,1,0.0,0.0,                ,0.0,現金  ,,一般  ,0.0,450.0,0.0,是 ,[已隱蔽],,
1131112GF0000002,2024-11-12 00:00:00,2[電話] 09:11:03      ,GF ,2350.0,2350.0,873.0,,CUS_00587,1,0.0,0.0,                ,0.0,現金  ,,一般  ,0.0,2350.0,0.0,是 ,[已隱蔽],,
1131113GF0000001,2024-11-13 00:00:00,2[電話] 08:59:06      ,GF ,700.0,700.0,335.0,,CUS_00587,1,0.0,0.0,                ,0.0,現金  ,,一般  ,0.0,700.0,0.0,是 ,[已隱蔽],,
1131115GF0000001,2024-11-15 00:00:00,2[電話] 07:45:45      ,GF ,850.0,850.0,248.6,,CUS_00587,1,0.0,0.0,                ,0.0,現金  ,,一般  ,0.0,850.0,0.0,是 ,[已隱蔽],,
1131116GF0000001,2024-11-16 00:00:00,2[電話] 10:36:35      ,GF ,400.0,400.0,115.0,,CUS_00587,1,0.0,0.0,                ,0.0,現金  ,,一般  ,0.0,400.0,0.0,是 ,[已隱蔽],,
1131118GF0000001,2024-11-18 00:00:00,2[電話] 08:09:12      ,GF ,2300.0,2300.0,1140.0,,CUS_00587,1,0.0,0.0,                ,0.0,現金  ,,一般  ,0.0,2300.0,0.0,是 ,[已隱蔽],,
1131119GF0000001,2024-11-19 00:00:00,2[電話] 07:32:17      ,GF ,0.0,0.0,0.0,,CUS_00587,1,0.0,0.0,                ,0.0,現金  ,,一般  ,0.0,0.0,0.0,是 ,[已隱蔽],,
1131120GF0000001,2024-11-20 00:00:00,2[電話] 09:19:15      ,GF ,240.0,240.0,130.0,,CUS_00587,1,0.0,0.0,                ,0.0,現金  ,,一般  ,0.0,240.0,0.0,是 ,[已隱蔽],,
1131121GF0000001,2024-11-21 00:00:00,2[電話] 07:45:11      ,GF ,1000.0,1000.0,320.0,,CUS_00587,1,0.0,0.0,                ,0.0,現金  ,,一般  ,0.0,1000.0,0.0,是 ,[已隱蔽],,
1131123GF0000001,2024-11-23 00:00:00,2[電話] 12:41:44      ,GF ,1700.0,1700.0,558.6,,CUS_00587,1,0.0,0.0,                ,0.0,現金  ,,一般  ,0.0,1700.0,0.0,是 ,[已隱蔽],,
1131203GF0000001,2024-12-03 00:00:00,2[電話] 13:11:20      ,GF ,5400.0,5400.0,2112.6,,CUS_00587,1,0.0,0.0,                ,0.0,現金  ,,一般  ,0.0,5400.0,0.0,是 ,[已隱蔽],,
1131205GF0000001,2024-12-05 00:00:00,2[電話] 16:43:40      ,GF ,6200.0,6200.0,1895.0,,CUS_00587,1,0.0,0.0,                ,0.0,現金  ,,一般  ,0.0,6200.0,0.0,是 ,[已隱蔽],,
1131206GF0000001,2024-12-06 00:00:00,2[電話] 08:02:52      ,GF ,10800.0,10800.0,5715.0,,CUS_00587,1,0.0,0.0,                ,0.0,現金  ,,一般  ,0.0,10800.0,0.0,是 ,[已隱蔽],,
1131210GF0000001,2024-12-10 00:00:00,2[電話] 10:04:27      ,GF ,1850.0,1850.0,830.0,,CUS_00587,1,0.0,0.0,                ,0.0,現金  ,,一般  ,0.0,1850.0,0.0,是 ,[已隱蔽],,
1131211GF0000001,2024-12-11 00:00:00,2[電話] 14:10:12      ,GF ,1600.0,1600.0,580.0,,CUS_00587,1,0.0,0.0,                ,0.0,現金  ,,一般  ,0.0,1600.0,0.0,是 ,[已隱蔽],,
1131212GF0000001,2024-12-12 00:00:00,2[電話] 13:06:48      ,GF ,3000.0,3000.0,793.0,,CUS_00587,1,0.0,0.0,                ,0.0,現金  ,,一般  ,0.0,3000.0,0.0,是 ,[已隱蔽],,
1131213GF0000001,2024-12-13 00:00:00,2[電話] 11:30:07      ,GF ,5450.0,5450.0,2016.0,,CUS_00587,1,0.0,0.0,                ,0.0,現金  ,,一般  ,0.0,5450.0,0.0,是 ,[已隱蔽],,
1131214GF0000001,2024-12-14 00:00:00,2[電話] 12:48:16      ,GF ,1000.0,1000.0,400.0,,CUS_00587,1,0.0,0.0,                ,0.0,現金  ,,一般  ,0.0,1000.0,0.0,是 ,[已隱蔽],,
1131216GF0000001,2024-12-16 00:00:00,2[電話] 08:39:04      ,GF ,1850.0,1850.0,580.0,,CUS_00587,1,0.0,0.0,                ,0.0,現金  ,,一般  ,0.0,1850.0,0.0,是 ,[已隱蔽],,
1131217GF0000001,2024-12-17 00:00:00,2[電話] 08:27:31      ,GF ,7190.0,7190.0,5144.0,,,1,0.0,0.0,                ,0.0,現金  ,,,0.0,7190.0,0.0,是 ,[已隱蔽],,
1131218GF0000001,2024-12-18 00:00:00,2[電話] 09:11:48      ,GF ,250.0,250.0,50.0,,CUS_00587,1,0.0,0.0,                ,0.0,現金  ,,一般  ,0.0,250.0,0.0,是 ,[已隱蔽],,
1131219GF0000001,2024-12-19 00:00:00,2[電話] 08:59:06      ,GF ,0.0,0.0,0.0,,CUS_00587,1,0.0,0.0,                ,0.0,現金  ,,一般  ,0.0,0.0,0.0,是 ,[已隱蔽],,
1131220GF0000001,2024-12-20 00:00:00,2[電話] 13:15:16      ,GF ,4500.0,4500.0,2335.0,,CUS_00587,1,0.0,0.0,                ,0.0,現金  ,,一般  ,0.0,4500.0,0.0,是 ,[已隱蔽],,
1131221GF0000001,2024-12-21 00:00:00,2[電話] 11:57:08      ,GF ,3150.0,3150.0,1698.6,,CUS_00587,1,0.0,0.0,                ,0.0,現金  ,,一般  ,0.0,3150.0,0.0,是 ,[已隱蔽],,
1131224GF0000001,2024-12-24 00:00:00,2[電話] 09:21:47      ,GF ,2650.0,2650.0,818.0,,CUS_00587,1,0.0,0.0,                ,0.0,現金  ,,一般  ,0.0,2650.0,0.0,是 ,[已隱蔽],,
1131225GF0000001,2024-12-25 00:00:00,2[電話] 09:48:06      ,GF ,2999.0,2999.0,1690.0,,CUS_00587,1,0.0,0.0,                ,0.0,現金  ,,一般  ,0.0,2999.0,0.0,是 ,[已隱蔽],,
1131226GF0000001,2024-12-26 00:00:00,2[電話] 09:18:59      ,GF ,1700.0,1700.0,705.0,,CUS_00587,1,0.0,0.0,                ,0.0,現金  ,,一般  ,0.0,1700.0,0.0,是 ,[已隱蔽],,
1131227GF0000001,2024-12-27 00:00:00,2[電話] 11:29:40      ,GF ,550.0,550.0,165.6,,CUS_00587,1,0.0,0.0,                ,0.0,現金  ,,一般  ,0.0,550.0,0.0,是 ,[已隱蔽],,
1131228GF0000001,2024-12-28 00:00:00,2[電話] 12:00:18      ,GF ,1040.0,1040.0,368.0,,CUS_00587,1,0.0,0.0,                ,0.0,現金  ,,一般  ,0.0,1040.0,0.0,是 ,[已隱蔽],,
1131231GF0000001,2024-12-31 00:00:00,2[電話] 16:51:04      ,GF ,300.0,300.0,87.0,,CUS_00587,1,0.0,0.0,                ,0.0,現金  ,,一般  ,0.0,300.0,0.0,是 ,[已隱蔽],,
1140102GF0000001,2025-01-02 00:00:00,2[電話] 10:25:22      ,GF ,4880.0,4880.0,1710.0,,CUS_00587,1,0.0,0.0,                ,0.0,現金  ,,一般  ,0.0,4880.0,0.0,是 ,[已隱蔽],,
1140103GF0000001,2025-01-03 00:00:00,2[電話] 11:21:44      ,GF ,3350.0,3350.0,1810.0,,CUS_00587,1,0.0,0.0,                ,0.0,現金  ,,一般  ,0.0,3350.0,0.0,是 ,[已隱蔽],,
1140104GF0000001,2025-01-04 00:00:00,2[電話] 08:14:11      ,GF ,1400.0,1400.0,455.0,,CUS_00587,1,0.0,0.0,                ,0.0,現金  ,,一般  ,0.0,1400.0,0.0,是 ,[已隱蔽],,
1140106GF0000001,2025-01-06 00:00:00,2[電話] 08:14:43      ,GF ,2770.0,2770.0,1160.0,,CUS_00587,1,0.0,0.0,                ,0.0,現金  ,,一般  ,0.0,2770.0,0.0,是 ,[已隱蔽],,
1140107GF0000001,2025-01-07 00:00:00,2[電話] 14:32:35      ,GF ,0.0,0.0,350.0,,CUS_00587,1,0.0,0.0,                ,0.0,現金  ,,一般  ,0.0,0.0,0.0,是 ,[已隱蔽],,
1140108GF0000001,2025-01-08 00:00:00,2[電話] 09:06:50      ,GF ,1200.0,1200.0,384.3,,CUS_00587,1,0.0,0.0,                ,0.0,現金  ,,一般  ,0.0,1200.0,0.0,是 ,[已隱蔽],,
1140109GF0000001,2025-01-09 00:00:00,2[電話] 08:28:55      ,GF ,0.0,0.0,0.0,,CUS_00587,1,0.0,0.0,                ,0.0,現金  ,,一般  ,0.0,0.0,0.0,是 ,[已隱蔽],,
1140110GF0000001,2025-01-10 00:00:00,2[電話] 08:04:39      ,GF ,3750.0,3750.0,2040.0,,CUS_00587,1,0.0,0.0,                ,0.0,現金  ,,一般  ,0.0,3750.0,0.0,是 ,[已隱蔽],,
1140111GF0000001,2025-01-11 00:00:00,2[電話] 09:04:00      ,GF ,2000.0,2000.0,740.0,,CUS_00587,1,0.0,0.0,                ,0.0,現金  ,,一般  ,0.0,2000.0,0.0,是 ,[已隱蔽],,
1140113GF0000001,2025-01-13 00:00:00,2[電話] 08:55:30      ,GF ,2300.0,2300.0,670.0,,CUS_00587,1,0.0,0.0,                ,0.0,現金  ,,一般  ,0.0,2300.0,0.0,是 ,[已隱蔽],,
1140114GF0000001,2025-01-14 00:00:00,2[電話] 11:09:04      ,GF ,5100.0,5100.0,2830.0,,CUS_00587,1,0.0,0.0,                ,0.0,現金  ,,一般  ,0.0,5100.0,0.0,是 ,[已隱蔽],,
1140115GF0000001,2025-01-15 00:00:00,2[電話] 11:23:33      ,GF ,8100.0,8100.0,3198.6,,CUS_00587,1,0.0,0.0,                ,0.0,現金  ,,一般  ,0.0,8100.0,0.0,是 ,[已隱蔽],,
1140116GF0000001,2025-01-16 00:00:00,2[電話] 14:11:48      ,GF ,1600.0,1600.0,495.0,,CUS_00587,1,0.0,0.0,                ,0.0,現金  ,,一般  ,0.0,1600.0,0.0,是 ,[已隱蔽],,
1140117GF0000001,2025-01-17 00:00:00,2[電話] 08:58:10      ,GF ,3830.0,3830.0,2235.0,,CUS_00587,1,0.0,0.0,                ,0.0,現金  ,,一般  ,0.0,3830.0,0.0,是 ,[已隱蔽],,
1140118GF0000001,2025-01-18 00:00:00,2[電話] 08:50:21      ,GF ,0.0,0.0,0.0,,CUS_00587,1,0.0,0.0,                ,0.0,現金  ,,一般  ,0.0,0.0,0.0,是 ,[已隱蔽],,
1140120GF0000001,2025-01-20 00:00:00,2[電話] 08:44:44      ,GF ,3300.0,3300.0,2400.0,,CUS_00587,1,0.0,0.0,                ,0.0,現金  ,,一般  ,0.0,3300.0,0.0,是 ,[已隱蔽],,
1140121GF0000001,2025-01-21 00:00:00,2[電話] 07:50:12      ,GF ,450.0,450.0,191.0,,CUS_00587,1,0.0,0.0,                ,0.0,現金  ,,一般  ,0.0,450.0,0.0,是 ,[已隱蔽],,
1140122GF0000001,2025-01-22 00:00:00,2[電話] 14:04:38      ,GF ,450.0,450.0,175.0,,CUS_00587,1,0.0,0.0,                ,0.0,現金  ,,一般  ,0.0,450.0,0.0,是 ,[已隱蔽],,
1140207GF0000001,2025-02-07 00:00:00,2[電話] 09:30:23      ,GF ,0.0,0.0,0.0,,CUS_00587,1,0.0,0.0,                ,0.0,現金  ,,一般  ,0.0,0.0,0.0,是 ,[已隱蔽],,
1140208GF0000001,2025-02-08 00:00:00,2[電話] 09:20:45      ,GF ,0.0,0.0,0.0,,CUS_00587,1,0.0,0.0,                ,0.0,現金  ,,一般  ,0.0,0.0,0.0,是 ,[已隱蔽],,
1140210GF0000001,2025-02-10 00:00:00,2[電話] 09:19:51      ,GF ,270.0,270.0,145.0,,CUS_00587,1,0.0,0.0,                ,0.0,現金  ,,一般  ,0.0,270.0,0.0,是 ,[已隱蔽],,
1140211GF0000001,2025-02-11 00:00:00,2[電話] 10:12:16      ,GF ,600.0,600.0,158.0,,CUS_00587,1,0.0,0.0,                ,0.0,現金  ,,一般  ,0.0,600.0,0.0,是 ,[已隱蔽],,
1140212GF0000001,2025-02-12 00:00:00,2[電話] 09:19:34      ,GF ,3330.0,3330.0,1366.6,,CUS_00587,1,0.0,0.0,                ,0.0,現金  ,,一般  ,0.0,3330.0,0.0,是 ,[已隱蔽],,
1140213GF0000001,2025-02-13 00:00:00,2[電話] 09:48:19      ,GF ,300.0,300.0,65.0,,CUS_00587,1,0.0,0.0,                ,0.0,現金  ,,一般  ,0.0,300.0,0.0,是 ,[已隱蔽],,
1140214GF0000001,2025-02-14 00:00:00,2[電話] 07:55:06      ,GF ,800.0,800.0,228.6,,CUS_00587,1,0.0,0.0,                ,0.0,現金  ,,一般  ,0.0,800.0,0.0,是 ,[已隱蔽],,
1140215GF0000001,2025-02-15 00:00:00,2[電話] 09:08:18      ,GF ,320.0,320.0,60.0,,CUS_00587,1,0.0,0.0,                ,0.0,現金  ,,一般  ,0.0,320.0,0.0,是 ,[已隱蔽],,
1140217GF0000001,2025-02-17 00:00:00,2[電話] 09:30:22      ,GF ,550.0,550.0,190.0,,CUS_00587,1,0.0,0.0,                ,0.0,現金  ,,一般  ,0.0,550.0,0.0,是 ,[已隱蔽],,
1140123GF0000001,2025-01-23 00:00:00,2[電話] 09:04:41      ,GF ,1350.0,1350.0,410.0,,CUS_00587,1,0.0,0.0,                ,0.0,現金  ,,一般  ,0.0,1350.0,0.0,是 ,[已隱蔽],,
1140124GF0000001,2025-01-24 00:00:00,2[電話] 07:45:06      ,GF ,100.0,100.0,50.0,,CUS_00587,1,0.0,0.0,                ,0.0,現金  ,,一般  ,0.0,100.0,0.0,是 ,[已隱蔽],,
1140125GF0000001,2025-01-25 00:00:00,2[電話] 13:44:07      ,GF ,1350.0,1350.0,444.0,,CUS_00587,1,0.0,0.0,                ,0.0,現金  ,,一般  ,0.0,1350.0,0.0,是 ,[已隱蔽],,
1140127GF0000001,2025-01-27 00:00:00,2[電話] 17:13:56      ,GF ,1700.0,1700.0,638.0,,CUS_00587,1,0.0,0.0,                ,0.0,現金  ,,一般  ,0.0,1700.0,0.0,是 ,[已隱蔽],,
1140203GF0000001,2025-02-03 00:00:00,2[電話] 09:00:36      ,GF ,1800.0,1800.0,555.0,,CUS_00587,1,0.0,0.0,                ,0.0,現金  ,,一般  ,0.0,1800.0,0.0,是 ,[已隱蔽],,
1140204GF0000001,2025-02-04 00:00:00,2[電話] 09:12:53      ,GF ,700.0,700.0,293.0,,CUS_00587,1,0.0,0.0,                ,0.0,現金  ,,一般  ,0.0,700.0,0.0,是 ,[已隱蔽],,
1140205GF0000001,2025-02-05 00:00:00,2[電話] 14:31:49      ,GF ,700.0,700.0,193.5,,CUS_00587,1,0.0,0.0,                ,0.0,現金  ,,一般  ,0.0,700.0,0.0,是 ,[已隱蔽],,
1140206GF0000001,2025-02-06 00:00:00,2[電話] 08:29:50      ,GF ,0.0,0.0,0.0,,CUS_00587,1,0.0,0.0,                ,0.0,現金  ,,一般  ,0.0,0.0,0.0,是 ,[已隱蔽],,
1140206GF0000002,2025-02-06 00:00:00,2[電話] 08:41:14      ,GF ,1550.0,1550.0,295.0,,CUS_00587,1,0.0,0.0,                ,0.0,現金  ,,一般  ,0.0,1550.0,0.0,是 ,[已隱蔽],,
1140218GF0000001,2025-02-18 00:00:00,2[電話] 08:44:07      ,GF ,220.0,220.0,110.0,,CUS_00587,1,0.0,0.0,                ,0.0,現金  ,,一般  ,0.0,220.0,0.0,是 ,[已隱蔽],,
1140219GF0000001,2025-02-19 00:00:00,2[電話] 09:59:25      ,GF ,950.0,950.0,240.0,,CUS_00587,1,0.0,0.0,                ,0.0,現金  ,,一般  ,0.0,950.0,0.0,是 ,[已隱蔽],,
1140222GF0000001,2025-02-22 00:00:00,2[電話] 08:58:51      ,GF ,550.0,550.0,135.0,,CUS_00587,1,0.0,0.0,                ,0.0,現金  ,,一般  ,0.0,550.0,0.0,是 ,[已隱蔽],,
1140224GF0000001,2025-02-24 00:00:00,2[電話] 10:59:58      ,GF ,600.0,600.0,0.0,,CUS_00587,1,0.0,0.0,                ,0.0,現金  ,,一般  ,0.0,600.0,0.0,是 ,[已隱蔽],,
1140225GF0000001,2025-02-25 00:00:00,2[電話] 09:51:35      ,GF ,5320.0,5320.0,150.0,,CUS_00587,1,0.0,0.0,                ,0.0,現金  ,,一般  ,0.0,5320.0,0.0,是 ,[已隱蔽],,
1140303GF0000001,2025-03-03 00:00:00,2[電話] 11:34:05      ,GF ,3250.0,3250.0,1058.6,,CUS_00587,1,0.0,0.0,                ,0.0,現金  ,,一般  ,0.0,3250.0,0.0,是 ,[已隱蔽],,
1140304GF0000001,2025-03-04 00:00:00,2[電話] 11:03:59      ,GF ,1650.0,1650.0,475.0,,CUS_00587,1,0.0,0.0,                ,0.0,現金  ,,一般  ,0.0,1650.0,0.0,是 ,[已隱蔽],,
1140305GF0000001,2025-03-05 00:00:00,2[電話] 12:15:12      ,GF ,3850.0,3850.0,1530.0,,CUS_00587,1,0.0,0.0,                ,0.0,現金  ,,一般  ,0.0,3850.0,0.0,是 ,[已隱蔽],,
1140306GF0000001,2025-03-06 00:00:00,2[電話] 10:24:05      ,GF ,2130.0,2130.0,440.0,,CUS_00587,1,0.0,0.0,                ,0.0,現金  ,,一般  ,0.0,2130.0,0.0,是 ,[已隱蔽],,
1140307GF0000001,2025-03-07 00:00:00,2[電話] 13:18:39      ,GF ,300.0,300.0,130.0,,CUS_00587,1,0.0,0.0,                ,0.0,現金  ,,一般  ,0.0,300.0,0.0,是 ,[已隱蔽],,
1140308GF0000001,2025-03-08 00:00:00,2[電話] 15:05:13      ,GF ,600.0,600.0,210.0,,CUS_00587,1,0.0,0.0,                ,0.0,現金  ,,一般  ,0.0,600.0,0.0,是 ,[已隱蔽],,
1140310GF0000001,2025-03-10 00:00:00,2[電話] 10:09:36      ,GF ,2900.0,2900.0,1950.0,,CUS_00587,1,0.0,0.0,                ,0.0,現金  ,,一般  ,0.0,2900.0,0.0,是 ,[已隱蔽],,
1140311GF0000001,2025-03-11 00:00:00,2[電話] 09:57:03      ,GF ,450.0,450.0,115.0,,CUS_00587,1,0.0,0.0,                ,0.0,現金  ,,一般  ,0.0,450.0,0.0,是 ,[已隱蔽],,
1140313GF0000001,2025-03-13 00:00:00,2[電話] 11:35:33      ,GF ,0.0,0.0,0.0,,CUS_00587,1,0.0,0.0,                ,0.0,現金  ,,一般  ,0.0,0.0,0.0,是 ,[已隱蔽],,
1140314GF0000001,2025-03-14 00:00:00,2[電話] 11:01:27      ,GF ,160.0,160.0,40.0,,CUS_00587,1,0.0,0.0,                ,0.0,現金  ,,一般  ,0.0,160.0,0.0,是 ,[已隱蔽],,
1140315GF0000001,2025-03-15 00:00:00,2[電話] 11:19:01      ,GF ,850.0,850.0,315.0,,CUS_00587,1,0.0,0.0,                ,0.0,現金  ,,一般  ,0.0,850.0,0.0,是 ,[已隱蔽],,
1140317GF0000001,2025-03-17 00:00:00,2[電話] 09:32:58      ,GF ,2499.0,2499.0,1020.0,,CUS_00587,1,0.0,0.0,                ,0.0,現金  ,,一般  ,0.0,2499.0,0.0,是 ,[已隱蔽],,
1140318GF0000001,2025-03-18 00:00:00,2[電話] 11:57:40      ,GF ,300.0,300.0,78.6,,CUS_00587,1,0.0,0.0,                ,0.0,現金  ,,一般  ,0.0,300.0,0.0,是 ,[已隱蔽],,
1140319GF0000001,2025-03-19 00:00:00,2[電話] 09:09:17      ,GF ,350.0,350.0,130.0,,CUS_00587,1,0.0,0.0,                ,0.0,現金  ,,一般  ,0.0,350.0,0.0,是 ,[已隱蔽],,
1140322GF0000001,2025-03-22 00:00:00,2[電話] 09:52:58      ,GF ,1800.0,1800.0,513.0,,CUS_00587,1,0.0,0.0,                ,0.0,現金  ,,一般  ,0.0,1800.0,0.0,是 ,[已隱蔽],,
1140324GF0000001,2025-03-24 00:00:00,2[電話] 09:18:20      ,GF ,100.0,100.0,35.0,,CUS_00587,1,0.0,0.0,                ,0.0,現金  ,,一般  ,0.0,100.0,0.0,是 ,[已隱蔽],,
1140326GF0000001,2025-03-26 00:00:00,2[電話] 09:16:31      ,GF ,1300.0,1300.0,120.0,,CUS_00587,1,0.0,0.0,                ,0.0,現金  ,,一般  ,0.0,1300.0,0.0,是 ,[已隱蔽],,
1140327GF0000001,2025-03-27 00:00:00,2[電話] 10:04:36      ,GF ,750.0,750.0,251.7,,CUS_00587,1,0.0,0.0,                ,0.0,現金  ,,一般  ,0.0,750.0,0.0,是 ,[已隱蔽],,
1140328GF0000001,2025-03-28 00:00:00,2[電話] 09:59:35      ,GF ,0.0,0.0,0.0,,CUS_00587,1,0.0,0.0,                ,0.0,現金  ,,一般  ,0.0,0.0,0.0,是 ,[已隱蔽],,
1140329GF0000001,2025-03-29 00:00:00,2[電話] 09:00:12      ,GF ,3470.0,3470.0,1755.0,,CUS_00587,1,0.0,0.0,                ,0.0,現金  ,,一般  ,0.0,3470.0,0.0,是 ,[已隱蔽],,
1140331GF0000001,2025-03-31 00:00:00,2[電話] 09:35:47      ,GF ,8290.0,8290.0,4848.6,,CUS_00587,1,0.0,0.0,                ,0.0,現金  ,,一般  ,0.0,8290.0,0.0,是 ,[已隱蔽],,
1140401GF0000001,2025-04-01 00:00:00,2[電話] 10:30:36      ,GF ,450.0,450.0,150.0,,CUS_00587,1,0.0,0.0,                ,0.0,現金  ,,一般  ,0.0,450.0,0.0,是 ,[已隱蔽],,
1140402GF0000001,2025-04-02 00:00:00,2[電話] 09:53:26      ,GF ,1450.0,1450.0,362.0,,CUS_00587,1,0.0,0.0,                ,0.0,現金  ,,一般  ,0.0,1450.0,0.0,是 ,[已隱蔽],,
1140403GF0000001,2025-04-03 00:00:00,2[電話] 09:08:23      ,GF ,2050.0,2050.0,550.0,,CUS_00587,1,0.0,0.0,                ,0.0,現金  ,,一般  ,0.0,2050.0,0.0,是 ,[已隱蔽],,
1140404GF0000001,2025-04-04 00:00:00,2[電話] 10:57:02      ,GF ,1800.0,1800.0,588.6,,CUS_00587,1,0.0,0.0,                ,0.0,現金  ,,一般  ,0.0,1800.0,0.0,是 ,[已隱蔽],,
1140405GF0000001,2025-04-05 00:00:00,2[電話] 09:50:19      ,GF ,1000.0,1000.0,278.6,,CUS_00587,1,0.0,0.0,                ,0.0,現金  ,,一般  ,0.0,1000.0,0.0,是 ,[已隱蔽],,
1140408GF0000001,2025-04-08 00:00:00,2[電話] 09:40:00      ,GF ,1600.0,1600.0,538.0,,CUS_00587,1,0.0,0.0,                ,0.0,現金  ,,一般  ,0.0,1600.0,0.0,是 ,[已隱蔽],,
1140410GF0000001,2025-04-10 00:00:00,2[電話] 09:22:28      ,GF ,40.0,40.0,18.0,,CUS_00587,1,0.0,0.0,                ,0.0,現金  ,,一般  ,0.0,40.0,0.0,是 ,[已隱蔽],,
1140411GF0000001,2025-04-11 00:00:00,2[電話] 10:10:13      ,GF ,2320.0,2320.0,1022.0,,CUS_00587,1,0.0,0.0,                ,0.0,現金  ,,一般  ,0.0,2320.0,0.0,是 ,[已隱蔽],,
1140412GF0000001,2025-04-12 00:00:00,2[電話] 09:19:27      ,GF ,1350.0,1350.0,391.6,,CUS_00587,1,0.0,0.0,                ,0.0,現金  ,,一般  ,0.0,1350.0,0.0,是 ,[已隱蔽],,
1140414GF0000001,2025-04-14 00:00:00,2[電話] 09:39:41      ,GF ,790.0,790.0,160.0,,CUS_00587,1,0.0,0.0,                ,0.0,現金  ,,一般  ,0.0,790.0,0.0,是 ,[已隱蔽],,
1140415GF0000001,2025-04-15 00:00:00,2[電話] 09:33:52      ,GF ,1709.0,1709.0,712.0,,CUS_00587,1,0.0,0.0,                ,0.0,現金  ,,一般  ,0.0,1709.0,0.0,是 ,[已隱蔽],,
1140416GF0000001,2025-04-16 00:00:00,2[電話] 10:12:57      ,GF ,1850.0,1850.0,498.6,,CUS_00587,1,0.0,0.0,                ,0.0,現金  ,,一般  ,0.0,1850.0,0.0,是 ,[已隱蔽],,
1140417GF0000001,2025-04-17 00:00:00,2[電話] 09:42:19      ,GF ,500.0,500.0,128.0,,CUS_00587,1,0.0,0.0,                ,0.0,現金  ,,一般  ,0.0,500.0,0.0,是 ,[已隱蔽],,
1140418GF0000001,2025-04-18 00:00:00,2[電話] 12:49:04      ,GF ,2070.0,2070.0,755.0,,CUS_00587,1,0.0,0.0,                ,0.0,現金  ,,一般  ,0.0,2070.0,0.0,是 ,[已隱蔽],,
1140421GF0000001,2025-04-21 00:00:00,2[電話] 09:44:32      ,GF ,2000.0,2000.0,800.0,,CUS_00587,1,0.0,0.0,                ,0.0,現金  ,,一般  ,0.0,2000.0,0.0,是 ,[已隱蔽],,
1140423GF0000001,2025-04-23 00:00:00,2[電話] 09:02:14      ,GF ,1070.0,1070.0,477.0,,CUS_00587,1,0.0,0.0,                ,0.0,現金  ,,一般  ,0.0,1070.0,0.0,是 ,[已隱蔽],,
1140423GF0000002,2025-04-23 00:00:00,2[電話] 10:18:48      ,GF ,1597.0,1597.0,753.6,,CUS_00587,1,0.0,0.0,                ,0.0,現金  ,,一般  ,0.0,1597.0,0.0,是 ,[已隱蔽],,
1140424GF0000001,2025-04-24 00:00:00,2[電話] 10:15:19      ,GF ,2670.0,2670.0,613.6,,CUS_00587,1,0.0,0.0,                ,0.0,現金  ,,一般  ,0.0,2670.0,0.0,是 ,[已隱蔽],,
1140425GF0000001,2025-04-25 00:00:00,2[電話] 09:11:57      ,GF ,2600.0,2600.0,994.5,,CUS_00587,1,0.0,0.0,                ,0.0,現金  ,,一般  ,0.0,2600.0,0.0,是 ,[已隱蔽],,
1140428GF0000001,2025-04-28 00:00:00,2[電話] 09:25:35      ,GF ,1053.0,1053.0,378.0,,CUS_00587,1,0.0,0.0,                ,0.0,現金  ,,一般  ,0.0,1053.0,0.0,是 ,[已隱蔽],,
1140429GF0000001,2025-04-29 00:00:00,2[電話] 10:40:49      ,GF ,1170.0,1170.0,449.0,,CUS_00587,1,0.0,0.0,                ,0.0,現金  ,,一般  ,0.0,1170.0,0.0,是 ,[已隱蔽],,
1140430GF0000001,2025-04-30 00:00:00,2[電話] 10:20:05      ,GF ,835.0,835.0,350.0,,CUS_00587,1,0.0,0.0,                ,0.0,現金  ,,一般  ,0.0,835.0,0.0,是 ,[已隱蔽],,
1140501GF0000001,2025-05-01 00:00:00,2[電話] 10:51:52      ,GF ,1650.0,1650.0,440.0,,CUS_00587,1,0.0,0.0,                ,0.0,現金  ,,一般  ,0.0,1650.0,0.0,是 ,[已隱蔽],,
1140502GF0000001,2025-05-02 00:00:00,2[電話] 11:39:38      ,GF ,4428.0,4428.0,2037.0,,CUS_00587,1,0.0,0.0,                ,0.0,現金  ,,一般  ,0.0,4428.0,0.0,是 ,[已隱蔽],,
1140503GF0000001,2025-05-03 00:00:00,2[電話] 09:23:24      ,GF ,1800.0,1800.0,414.0,,CUS_00587,1,0.0,0.0,                ,0.0,現金  ,,一般  ,0.0,1800.0,0.0,是 ,[已隱蔽],,
1140505GF0000001,2025-05-05 00:00:00,2[電話] 09:45:36      ,GF ,4680.0,4680.0,1373.0,,CUS_00587,1,0.0,0.0,                ,0.0,現金  ,,一般  ,0.0,4680.0,0.0,是 ,[已隱蔽],,
1140506GF0000001,2025-05-06 00:00:00,2[電話] 09:30:45      ,GF ,10400.0,10400.0,8296.0,,CUS_00587,1,0.0,0.0,                ,0.0,現金  ,,一般  ,0.0,10400.0,0.0,是 ,[已隱蔽],,
1140508GF0000001,2025-05-08 00:00:00,2[電話] 09:54:28      ,GF ,1030.0,1030.0,204.5,,CUS_00587,1,0.0,0.0,                ,0.0,現金  ,,一般  ,0.0,1030.0,0.0,是 ,[已隱蔽],,
1140509GF0000001,2025-05-09 00:00:00,2[電話] 09:40:03      ,GF ,2000.0,2000.0,635.0,,CUS_00587,1,0.0,0.0,                ,0.0,現金  ,,一般  ,0.0,2000.0,0.0,是 ,[已隱蔽],,
1140510GF0000001,2025-05-10 00:00:00,2[電話] 09:21:31      ,GF ,3250.0,3250.0,1925.0,,CUS_00587,1,0.0,0.0,                ,0.0,現金  ,,一般  ,0.0,3250.0,0.0,是 ,[已隱蔽],,1.0
1140512GF0000001,2025-05-12 00:00:00,2[電話] 13:01:47      ,GF ,3649.0,3649.0,1660.0,,CUS_00587,1,0.0,0.0,                ,0.0,現金  ,,一般  ,0.0,3649.0,0.0,是 ,[已隱蔽],,
1140513GF0000001,2025-05-13 00:00:00,2[電話] 09:41:15      ,GF ,300.0,300.0,103.0,,CUS_00587,1,0.0,0.0,                ,0.0,現金  ,,一般  ,0.0,300.0,0.0,是 ,[已隱蔽],,
1140514GF0000001,2025-05-14 00:00:00,2[電話] 12:20:37      ,GF ,450.0,450.0,148.0,,CUS_00587,1,0.0,0.0,                ,0.0,現金  ,,一般  ,0.0,450.0,0.0,是 ,[已隱蔽],,
1140515GF0000001,2025-05-15 00:00:00,2[電話] 10:41:55      ,GF ,4679.0,4679.0,1669.0,,CUS_00587,1,0.0,0.0,                ,0.0,現金  ,,一般  ,0.0,4679.0,0.0,是 ,[已隱蔽],,
1140517GF0000001,2025-05-17 00:00:00,2[電話] 09:36:50      ,GF ,4190.0,4190.0,2268.1,,CUS_00587,1,0.0,0.0,                ,0.0,現金  ,,一般  ,0.0,4190.0,0.0,是 ,[已隱蔽],,
1140520GF0000001,2025-05-20 00:00:00,2[電話] 09:22:12      ,GF ,0.0,0.0,0.0,,CUS_00587,1,0.0,0.0,                ,0.0,現金  ,,一般  ,0.0,0.0,0.0,是 ,[已隱蔽],,
1140520GF0000002,2025-05-20 00:00:00,2[電話] 09:22:27      ,GF ,4550.0,4550.0,2515.0,,CUS_00587,1,0.0,0.0,                ,0.0,現金  ,,一般  ,0.0,4550.0,0.0,是 ,[已隱蔽],,
1140521GF0000001,2025-05-21 00:00:00,2[電話] 10:20:01      ,GF ,900.0,900.0,285.0,,CUS_00587,1,0.0,0.0,                ,0.0,現金  ,,一般  ,0.0,900.0,0.0,是 ,[已隱蔽],,
1140522GF0000001,2025-05-22 00:00:00,2[電話] 09:34:56      ,GF ,900.0,900.0,268.0,,CUS_00587,1,0.0,0.0,                ,0.0,現金  ,,一般  ,0.0,900.0,0.0,是 ,[已隱蔽],,
1140524GF0000001,2025-05-24 00:00:00,2[電話] 09:25:52      ,GF ,1940.0,1940.0,538.6,,CUS_00587,1,0.0,0.0,                ,0.0,現金  ,,一般  ,0.0,1940.0,0.0,是 ,[已隱蔽],,
1140524GF0000002,2025-05-24 00:00:00,2[電話] 09:38:05      ,GF ,650.0,650.0,203.6,,CUS_00587,1,0.0,0.0,                ,0.0,現金  ,,一般  ,0.0,650.0,0.0,是 ,[已隱蔽],,
1140526GF0000001,2025-05-26 00:00:00,2[電話] 09:18:57      ,GF ,0.0,0.0,0.0,,CUS_00587,1,0.0,0.0,                ,0.0,現金  ,,一般  ,0.0,0.0,0.0,是 ,[已隱蔽],,
1140527GF0000001,2025-05-27 00:00:00,2[電話] 12:04:32      ,GF ,3369.0,3369.0,1320.0,,CUS_00587,1,0.0,0.0,                ,0.0,現金  ,,一般  ,0.0,3369.0,0.0,是 ,[已隱蔽],,
1140527GF0000002,2025-05-27 00:00:00,2[電話] 12:13:15      ,GF ,1600.0,1600.0,655.0,,CUS_00587,1,0.0,0.0,                ,0.0,現金  ,,一般  ,0.0,1600.0,0.0,是 ,[已隱蔽],,
1140529GF0000001,2025-05-29 00:00:00,2[電話] 09:14:09      ,GF ,2599.0,2599.0,948.6,,CUS_00587,1,0.0,0.0,                ,0.0,現金  ,,一般  ,0.0,2599.0,0.0,是 ,[已隱蔽],,
1140529GF0000002,2025-05-29 00:00:00,2[電話] 09:16:27      ,GF ,2020.0,2020.0,492.6,,CUS_00587,1,0.0,0.0,                ,0.0,現金  ,,一般  ,0.0,2020.0,0.0,是 ,[已隱蔽],,
1140530GF0000001,2025-05-30 00:00:00,2[電話] 10:31:29      ,GF ,750.0,750.0,270.0,,CUS_00587,1,0.0,0.0,                ,0.0,現金  ,,一般  ,0.0,750.0,0.0,是 ,[已隱蔽],,
1140531GF0000001,2025-05-31 00:00:00,2[電話] 10:17:19      ,GF ,1050.0,1050.0,310.0,,CUS_00587,1,0.0,0.0,                ,0.0,現金  ,,一般  ,0.0,1050.0,0.0,是 ,[已隱蔽],,
1140605GF0000001,2025-06-05 00:00:00,2[電話] 09:36:17      ,GF ,400.0,400.0,120.0,,CUS_00587,1,0.0,0.0,                ,0.0,現金  ,,一般  ,0.0,400.0,0.0,是 ,[已隱蔽],,
1140606GF0000001,2025-06-06 00:00:00,2[電話] 10:18:00      ,GF ,2610.0,2610.0,758.6,,CUS_00587,1,0.0,0.0,                ,0.0,現金  ,,一般  ,0.0,2610.0,0.0,是 ,[已隱蔽],,
1140609GF0000001,2025-06-09 00:00:00,2[電話] 09:59:04      ,GF ,1050.0,1050.0,330.0,,CUS_00587,1,0.0,0.0,                ,0.0,現金  ,,一般  ,0.0,1050.0,0.0,是 ,[已隱蔽],,
1140610GF0000001,2025-06-10 00:00:00,2[電話] 09:36:23      ,GF ,400.0,400.0,149.0,,CUS_00587,1,0.0,0.0,                ,0.0,現金  ,,一般  ,0.0,400.0,0.0,是 ,[已隱蔽],,
1140611GF0000001,2025-06-11 00:00:00,2[電話] 09:34:19      ,GF ,1830.0,1830.0,795.0,,CUS_00587,1,0.0,0.0,                ,0.0,現金  ,,一般  ,0.0,1830.0,0.0,是 ,[已隱蔽],,
1140612GF0000001,2025-06-12 00:00:00,2[電話] 10:23:48      ,GF ,1419.0,1419.0,643.0,,CUS_00587,1,0.0,0.0,                ,0.0,現金  ,,一般  ,0.0,1419.0,0.0,是 ,[已隱蔽],,
1140613GF0000001,2025-06-13 00:00:00,2[電話] 11:43:18      ,GF ,2000.0,2000.0,453.0,,CUS_00587,1,0.0,0.0,                ,0.0,現金  ,,一般  ,0.0,2000.0,0.0,是 ,[已隱蔽],,
1140614GF0000001,2025-06-14 00:00:00,2[電話] 09:55:37      ,GF ,1550.0,1550.0,720.0,,CUS_00587,1,0.0,0.0,                ,0.0,現金  ,,一般  ,0.0,1550.0,0.0,是 ,[已隱蔽],,
1140617GF0000001,2025-06-17 00:00:00,2[電話] 12:31:51      ,GF ,220.0,220.0,75.0,,CUS_00587,1,0.0,0.0,                ,0.0,現金  ,,一般  ,0.0,220.0,0.0,是 ,[已隱蔽],,
1140618GF0000001,2025-06-18 00:00:00,2[電話] 09:47:03      ,GF ,610.0,610.0,342.0,,CUS_00587,1,0.0,0.0,                ,0.0,現金  ,,一般  ,0.0,610.0,0.0,是 ,[已隱蔽],,
1140619GF0000001,2025-06-19 00:00:00,2[電話] 09:43:03      ,GF ,500.0,500.0,128.0,,CUS_00587,1,0.0,0.0,                ,0.0,現金  ,,一般  ,0.0,500.0,0.0,是 ,[已隱蔽],,
1140624GF0000001,2025-06-24 00:00:00,2[電話] 11:37:46      ,GF ,860.0,860.0,349.0,,CUS_00587,1,0.0,0.0,                ,0.0,現金  ,,一般  ,0.0,860.0,0.0,是 ,[已隱蔽],,
1140625GF0000001,2025-06-25 00:00:00,2[電話] 11:10:14      ,GF ,1450.0,1450.0,570.0,,CUS_00587,1,0.0,0.0,                ,0.0,現金  ,,一般  ,0.0,1450.0,0.0,是 ,[已隱蔽],,
1140626GF0000001,2025-06-26 00:00:00,2[電話] 10:20:20      ,GF ,370.0,370.0,70.0,,CUS_00587,1,0.0,0.0,                ,0.0,現金  ,,一般  ,0.0,370.0,0.0,是 ,[已隱蔽],,
1140627GF0000001,2025-06-27 00:00:00,2[電話] 11:44:09      ,GF ,400.0,400.0,120.0,,CUS_00587,1,0.0,0.0,                ,0.0,現金  ,,一般  ,0.0,400.0,0.0,是 ,[已隱蔽],,
1140628GF0000001,2025-06-28 00:00:00,2[電話] 09:32:27      ,GF ,1399.0,1399.0,650.0,,CUS_00587,1,0.0,0.0,                ,0.0,現金  ,,一般  ,0.0,1399.0,0.0,是 ,[已隱蔽],,
1140630GF0000001,2025-06-30 00:00:00,2[電話] 09:19:28      ,GF ,2300.0,2300.0,70.0,,CUS_00587,1,0.0,0.0,                ,0.0,現金  ,,一般  ,0.0,2300.0,0.0,是 ,[已隱蔽],,
1140701GF0000001,2025-07-01 00:00:00,2[電話] 15:29:13      ,GF ,900.0,900.0,335.0,,CUS_00587,1,0.0,0.0,                ,0.0,現金  ,,一般  ,0.0,900.0,0.0,是 ,[已隱蔽],,
1140702GF0000001,2025-07-02 00:00:00,2[電話] 13:17:19      ,GF ,1825.0,1825.0,700.0,,CUS_00587,1,0.0,0.0,                ,0.0,現金  ,,一般  ,0.0,1825.0,0.0,是 ,[已隱蔽],,
1140704GF0000001,2025-07-04 00:00:00,2[電話] 10:18:33      ,GF ,2250.0,2250.0,625.0,,CUS_00587,1,0.0,0.0,                ,0.0,現金  ,,一般  ,0.0,2250.0,0.0,是 ,[已隱蔽],,
1140708GF0000001,2025-07-08 00:00:00,2[電話] 09:19:15      ,GF ,2740.0,2740.0,1091.8,,CUS_00587,1,0.0,0.0,                ,0.0,現金  ,,一般  ,0.0,2740.0,0.0,是 ,[已隱蔽],,
1140709GF0000001,2025-07-09 00:00:00,2[電話] 09:43:20      ,GF ,2600.0,2600.0,498.0,,CUS_00587,1,0.0,0.0,                ,0.0,現金  ,,一般  ,0.0,2600.0,0.0,是 ,[已隱蔽],,
1140710GF0000001,2025-07-10 00:00:00,2[電話] 09:36:43      ,GF ,2100.0,2100.0,360.0,,CUS_00587,1,0.0,0.0,                ,0.0,現金  ,,一般  ,0.0,2100.0,0.0,是 ,[已隱蔽],,
1140711GF0000001,2025-07-11 00:00:00,2[電話] 11:38:09      ,GF ,300.0,300.0,120.0,,CUS_00587,1,0.0,0.0,                ,0.0,現金  ,,一般  ,0.0,300.0,0.0,是 ,[已隱蔽],,
1140712GF0000001,2025-07-12 00:00:00,2[電話] 09:35:06      ,GF ,100.0,100.0,35.0,,CUS_00587,1,0.0,0.0,                ,0.0,現金  ,,一般  ,0.0,100.0,0.0,是 ,[已隱蔽],,
1140808GF0000001,2025-08-08 00:00:00,2[電話] 11:52:31      ,GF ,6611.0,6611.0,3070.0,,CUS_00587,1,0.0,0.0,                ,0.0,現金  ,,一般  ,0.0,6611.0,0.0,是 ,[已隱蔽],,
1140809GF0000001,2025-08-09 00:00:00,2[電話] 09:42:31      ,GF ,1000.0,1000.0,450.0,,CUS_00587,1,0.0,0.0,                ,0.0,現金  ,,一般  ,0.0,1000.0,0.0,是 ,[已隱蔽],,
1140811GF0000001,2025-08-11 00:00:00,2[電話] 09:19:42      ,GF ,3999.0,3999.0,2186.6,,CUS_00587,1,0.0,0.0,                ,0.0,現金  ,,一般  ,0.0,3999.0,0.0,是 ,[已隱蔽],,
1140812GF0000001,2025-08-12 00:00:00,2[電話] 09:15:33      ,GF ,40.0,40.0,20.0,,CUS_00587,1,0.0,0.0,                ,0.0,現金  ,,一般  ,0.0,40.0,0.0,是 ,[已隱蔽],,
1140813GF0000001,2025-08-13 00:00:00,2[電話] 12:32:02      ,GF ,600.0,600.0,220.0,,CUS_00587,1,0.0,0.0,                ,0.0,現金  ,,一般  ,0.0,600.0,0.0,是 ,[已隱蔽],,
1140814GF0000001,2025-08-14 00:00:00,2[電話] 09:38:54      ,GF ,300.0,300.0,0.0,,CUS_00587,1,0.0,0.0,                ,0.0,現金  ,,一般  ,0.0,300.0,0.0,是 ,[已隱蔽],,
1140815GF0000001,2025-08-15 00:00:00,2[電話] 09:35:29      ,GF ,0.0,0.0,0.0,,CUS_00587,1,0.0,0.0,                ,0.0,現金  ,,一般  ,0.0,0.0,0.0,是 ,[已隱蔽],,
1140815GF0000002,2025-08-15 00:00:00,2[電話] 15:51:21      ,GF ,5800.0,5800.0,4090.0,,CUS_00587,1,0.0,0.0,                ,0.0,現金  ,,一般  ,0.0,5800.0,0.0,是 ,[已隱蔽],,
1140816GF0000001,2025-08-16 00:00:00,2[電話] 10:33:48      ,GF ,950.0,950.0,293.0,,CUS_00587,1,0.0,0.0,                ,0.0,現金  ,,一般  ,0.0,950.0,0.0,是 ,[已隱蔽],,
1140714GF0000001,2025-07-14 00:00:00,2[電話] 10:24:21      ,GF ,960.0,960.0,534.0,,CUS_00587,1,0.0,0.0,                ,0.0,現金  ,,一般  ,0.0,960.0,0.0,是 ,[已隱蔽],,
1140715GF0000001,2025-07-15 00:00:00,2[電話] 12:35:13      ,GF ,1549.0,1549.0,510.0,,CUS_00587,1,0.0,0.0,                ,0.0,現金  ,,一般  ,0.0,1549.0,0.0,是 ,[已隱蔽],,
1140716GF0000001,2025-07-16 00:00:00,2[電話] 12:30:44      ,GF ,1200.0,1200.0,111.5,,CUS_00587,1,0.0,0.0,                ,0.0,現金  ,,一般  ,0.0,1200.0,0.0,是 ,[已隱蔽],,
1140717GF0000001,2025-07-17 00:00:00,2[電話] 09:35:23      ,GF ,1900.0,1900.0,676.0,,CUS_00587,1,0.0,0.0,                ,0.0,現金  ,,一般  ,0.0,1900.0,0.0,是 ,[已隱蔽],,
1140718GF0000001,2025-07-18 00:00:00,2[電話] 09:36:13      ,GF ,1300.0,1300.0,830.0,,CUS_00587,1,0.0,0.0,                ,0.0,現金  ,,一般  ,0.0,1300.0,0.0,是 ,[已隱蔽],,
1140721GF0000001,2025-07-21 00:00:00,2[電話] 10:59:05      ,GF ,790.0,790.0,310.0,,CUS_00587,1,0.0,0.0,                ,0.0,現金  ,,一般  ,0.0,790.0,0.0,是 ,[已隱蔽],,
1140722GF0000001,2025-07-22 00:00:00,2[電話] 09:15:53      ,GF ,600.0,600.0,70.0,,CUS_00587,1,0.0,0.0,                ,0.0,現金  ,,一般  ,0.0,600.0,0.0,是 ,[已隱蔽],,
1140723GF0000001,2025-07-23 00:00:00,2[電話] 09:10:25      ,GF ,660.0,660.0,220.0,,CUS_00587,1,0.0,0.0,                ,0.0,現金  ,,一般  ,0.0,660.0,0.0,是 ,[已隱蔽],,
1140724GF0000001,2025-07-24 00:00:00,2[電話] 11:39:35      ,GF ,50.0,50.0,22.5,,CUS_00587,1,0.0,0.0,                ,0.0,現金  ,,一般  ,0.0,50.0,0.0,是 ,[已隱蔽],,
1140725GF0000001,2025-07-25 00:00:00,2[電話] 14:43:19      ,GF ,1450.0,1450.0,570.0,,CUS_00587,1,0.0,0.0,                ,0.0,現金  ,,一般  ,0.0,1450.0,0.0,是 ,[已隱蔽],,
1140729GF0000001,2025-07-29 00:00:00,2[電話] 09:35:53      ,GF ,1550.0,1550.0,955.0,,CUS_00587,1,0.0,0.0,                ,0.0,現金  ,,一般  ,0.0,1550.0,0.0,是 ,[已隱蔽],,
1140801GF0000001,2025-08-01 00:00:00,2[電話] 09:22:18      ,GF ,1150.0,1150.0,240.0,,CUS_00587,1,0.0,0.0,                ,0.0,現金  ,,一般  ,0.0,1150.0,0.0,是 ,[已隱蔽],,
1140802GF0000001,2025-08-02 00:00:00,2[電話] 09:31:22      ,GF ,1950.0,1950.0,850.0,,CUS_00587,1,0.0,0.0,                ,0.0,現金  ,,一般  ,0.0,1950.0,0.0,是 ,[已隱蔽],,
1140802GF0000002,2025-08-02 00:00:00,2[電話] 09:32:41      ,GF ,700.0,700.0,322.0,,CUS_00587,1,0.0,0.0,                ,0.0,現金  ,,一般  ,0.0,700.0,0.0,是 ,[已隱蔽],,
1140804GF0000001,2025-08-04 00:00:00,2[電話] 09:52:45      ,GF ,650.0,650.0,240.0,,CUS_00587,1,0.0,0.0,                ,0.0,現金  ,,一般  ,0.0,650.0,0.0,是 ,[已隱蔽],,
1140806GF0000001,2025-08-06 00:00:00,2[電話] 10:47:18      ,GF ,70.0,70.0,30.0,,CUS_00587,1,0.0,0.0,                ,0.0,現金  ,,一般  ,0.0,70.0,0.0,是 ,[已隱蔽],,
1140807GF0000001,2025-08-07 00:00:00,2[電話] 09:19:29      ,GF ,1140.0,1140.0,398.6,,CUS_00587,1,0.0,0.0,                ,0.0,現金  ,,一般  ,0.0,1140.0,0.0,是 ,[已隱蔽],,
1141020GF0000001,2025-10-20 00:00:00,2[電話] 09:18:42      ,GF ,1634.0,1634.0,630.0,,CUS_00587,1,0.0,0.0,                ,0.0,現金  ,,一般  ,0.0,1634.0,0.0,是 ,[已隱蔽],,
1140818GF0000001,2025-08-18 00:00:00,2[電話] 09:42:05      ,GF ,1730.0,1730.0,695.0,,CUS_00587,1,0.0,0.0,                ,0.0,現金  ,,一般  ,0.0,1730.0,0.0,是 ,[已隱蔽],,
1140819GF0000001,2025-08-19 00:00:00,2[電話] 12:23:44      ,GF ,505.0,505.0,165.0,,CUS_00587,1,0.0,0.0,                ,0.0,現金  ,,一般  ,0.0,505.0,0.0,是 ,[已隱蔽],,
1140821GF0000001,2025-08-21 00:00:00,2[電話] 09:11:41      ,GF ,1500.0,1500.0,0.0,,CUS_00587,1,0.0,0.0,                ,0.0,現金  ,,一般  ,0.0,1500.0,0.0,是 ,[已隱蔽],,
1140822GF0000001,2025-08-22 00:00:00,2[電話] 10:30:30      ,GF ,380.0,380.0,115.0,,CUS_00587,1,0.0,0.0,                ,0.0,現金  ,,一般  ,0.0,380.0,0.0,是 ,[已隱蔽],,
1140823GF0000001,2025-08-23 00:00:00,2[電話] 10:04:24      ,GF ,1000.0,1000.0,360.0,,CUS_00587,1,0.0,0.0,                ,0.0,現金  ,,一般  ,0.0,1000.0,0.0,是 ,[已隱蔽],,
1140825GF0000001,2025-08-25 00:00:00,2[電話] 09:29:00      ,GF ,20.0,20.0,4.0,,CUS_00587,1,0.0,0.0,                ,0.0,現金  ,,一般  ,0.0,20.0,0.0,是 ,[已隱蔽],,
1140829GF0000001,2025-08-29 00:00:00,2[電話] 11:28:14      ,GF ,250.0,250.0,78.0,,CUS_00587,1,0.0,0.0,                ,0.0,現金  ,,一般  ,0.0,250.0,0.0,是 ,[已隱蔽],,
1140830GF0000001,2025-08-30 00:00:00,2[電話] 14:11:46      ,GF ,250.0,250.0,80.0,,CUS_00587,1,0.0,0.0,                ,0.0,現金  ,,一般  ,0.0,250.0,0.0,是 ,[已隱蔽],,
1140901GF0000001,2025-09-01 00:00:00,2[電話] 10:14:42      ,GF ,300.0,300.0,78.6,,CUS_00587,1,0.0,0.0,                ,0.0,現金  ,,一般  ,0.0,300.0,0.0,是 ,[已隱蔽],,
1140902GF0000001,2025-09-02 00:00:00,2[電話] 09:25:25      ,GF ,300.0,300.0,70.0,,CUS_00587,1,0.0,0.0,                ,0.0,現金  ,,一般  ,0.0,300.0,0.0,是 ,[已隱蔽],,
1140903GF0000001,2025-09-03 00:00:00,2[電話] 09:59:52      ,GF ,840.0,840.0,325.0,,CUS_00587,1,0.0,0.0,                ,0.0,現金  ,,一般  ,0.0,840.0,0.0,是 ,[已隱蔽],,
1140906GF0000001,2025-09-06 00:00:00,2[電話] 10:08:07      ,GF ,850.0,850.0,291.0,,CUS_00587,1,0.0,0.0,                ,0.0,現金  ,,一般  ,0.0,850.0,0.0,是 ,[已隱蔽],,
1140908GF0000001,2025-09-08 00:00:00,2[電話] 09:44:29      ,GF ,4600.0,4600.0,1875.0,,CUS_00587,1,0.0,0.0,                ,0.0,現金  ,,一般  ,0.0,4600.0,0.0,是 ,[已隱蔽],,
1140909GF0000001,2025-09-09 00:00:00,2[電話] 09:36:31      ,GF ,2649.0,2649.0,1585.0,,CUS_00587,1,0.0,0.0,                ,0.0,現金  ,,一般  ,0.0,2649.0,0.0,是 ,[已隱蔽],,
1140910GF0000001,2025-09-10 00:00:00,2[電話] 10:25:26      ,GF ,150.0,150.0,10.0,,CUS_00587,1,0.0,0.0,                ,0.0,現金  ,,一般  ,0.0,150.0,0.0,是 ,[已隱蔽],,
1140911GF0000001,2025-09-11 00:00:00,2[電話] 09:19:42      ,GF ,250.0,250.0,90.0,,CUS_00587,1,0.0,0.0,                ,0.0,現金  ,,一般  ,0.0,250.0,0.0,是 ,[已隱蔽],,
1140912GF0000001,2025-09-12 00:00:00,2[電話] 09:20:16      ,GF ,3879.0,3879.0,1995.0,,CUS_00587,1,0.0,0.0,                ,0.0,現金  ,,一般  ,0.0,3879.0,0.0,是 ,[已隱蔽],,
1140913GF0000001,2025-09-13 00:00:00,2[電話] 09:45:35      ,GF ,2700.0,2700.0,870.0,,CUS_00587,1,0.0,0.0,                ,0.0,現金  ,,一般  ,0.0,2700.0,0.0,是 ,[已隱蔽],,
1140915GF0000001,2025-09-15 00:00:00,2[電話] 09:53:02      ,GF ,1419.0,1419.0,493.0,,CUS_00587,1,0.0,0.0,                ,0.0,現金  ,,一般  ,0.0,1419.0,0.0,是 ,[已隱蔽],,
1140916GF0000001,2025-09-16 00:00:00,2[電話] 14:11:57      ,GF ,2900.0,2900.0,2000.0,,CUS_00587,1,0.0,0.0,                ,0.0,現金  ,,一般  ,0.0,2900.0,0.0,是 ,[已隱蔽],,
1140917GF0000001,2025-09-17 00:00:00,2[電話] 09:14:48      ,GF ,600.0,600.0,198.6,,CUS_00587,1,0.0,0.0,                ,0.0,現金  ,,一般  ,0.0,600.0,0.0,是 ,[已隱蔽],,
1140918GF0000001,2025-09-18 00:00:00,2[電話] 09:11:06      ,GF ,860.0,860.0,333.0,,CUS_00587,1,0.0,0.0,                ,0.0,現金  ,,一般  ,0.0,860.0,0.0,是 ,[已隱蔽],,
1140920GF0000001,2025-09-20 00:00:00,2[電話] 09:25:40      ,GF ,3450.0,3450.0,828.6,,CUS_00587,1,0.0,0.0,                ,0.0,現金  ,,一般  ,0.0,3450.0,0.0,是 ,[已隱蔽],,
1140922GF0000001,2025-09-22 00:00:00,2[電話] 09:45:14      ,GF ,320.0,320.0,40.0,,CUS_00587,1,0.0,0.0,                ,0.0,現金  ,,一般  ,0.0,320.0,0.0,是 ,[已隱蔽],,
1140923GF0000001,2025-09-23 00:00:00,2[電話] 09:03:30      ,GF ,450.0,450.0,180.0,,CUS_00587,1,0.0,0.0,                ,0.0,現金  ,,一般  ,0.0,450.0,0.0,是 ,[已隱蔽],,
1140926GF0000001,2025-09-26 00:00:00,2[電話] 09:22:58      ,GF ,350.0,350.0,105.0,,CUS_00587,1,0.0,0.0,                ,0.0,現金  ,,一般  ,0.0,350.0,0.0,是 ,[已隱蔽],,
1140927GF0000001,2025-09-27 00:00:00,2[電話] 09:12:10      ,GF ,0.0,0.0,0.0,,CUS_00587,1,0.0,0.0,                ,0.0,現金  ,,一般  ,0.0,0.0,0.0,是 ,[已隱蔽],,
1140927GF0000002,2025-09-27 00:00:00,2[電話] 09:14:10      ,GF ,100.0,100.0,60.0,,CUS_00587,1,0.0,0.0,                ,0.0,現金  ,,一般  ,0.0,100.0,0.0,是 ,[已隱蔽],,
1140929GF0000001,2025-09-29 00:00:00,2[電話] 09:54:11      ,GF ,500.0,500.0,145.0,,CUS_00587,1,0.0,0.0,                ,0.0,現金  ,,一般  ,0.0,500.0,0.0,是 ,[已隱蔽],,
1140930GF0000001,2025-09-30 00:00:00,2[電話] 09:47:27      ,GF ,50.0,50.0,4.5,,CUS_00587,1,0.0,0.0,                ,0.0,現金  ,,一般  ,0.0,50.0,0.0,是 ,[已隱蔽],,
1141001GF0000001,2025-10-01 00:00:00,2[電話] 11:46:48      ,GF ,1000.0,1000.0,150.0,,CUS_00587,1,0.0,0.0,                ,0.0,現金  ,,一般  ,0.0,1000.0,0.0,是 ,[已隱蔽],,
1141002GF0000001,2025-10-02 00:00:00,2[電話] 11:38:45      ,GF ,773.0,773.0,315.0,,CUS_00587,1,0.0,0.0,                ,0.0,現金  ,,一般  ,0.0,773.0,0.0,是 ,[已隱蔽],,
1141004GF0000001,2025-10-04 00:00:00,2[電話] 09:46:22      ,GF ,6300.0,6300.0,4110.0,,CUS_00587,1,0.0,0.0,                ,0.0,現金  ,,一般  ,0.0,6300.0,0.0,是 ,[已隱蔽],,
1141007GF0000001,2025-10-07 00:00:00,2[電話] 09:25:56      ,GF ,300.0,300.0,120.0,,CUS_00587,1,0.0,0.0,                ,0.0,現金  ,,一般  ,0.0,300.0,0.0,是 ,[已隱蔽],,
1141008GF0000001,2025-10-08 00:00:00,2[電話] 09:07:22      ,GF ,1872.0,1872.0,765.0,,CUS_00587,1,0.0,0.0,                ,0.0,現金  ,,一般  ,0.0,1872.0,0.0,是 ,[已隱蔽],,
1141009GF0000001,2025-10-09 00:00:00,2[電話] 08:59:42      ,GF ,200.0,200.0,8.0,,CUS_00587,1,0.0,0.0,                ,0.0,現金  ,,一般  ,0.0,200.0,0.0,是 ,[已隱蔽],,
1141010GF0000001,2025-10-10 00:00:00,2[電話] 11:00:42      ,GF ,3272.0,3272.0,1465.0,,CUS_00587,1,0.0,0.0,                ,0.0,現金  ,,一般  ,0.0,3272.0,0.0,是 ,[已隱蔽],,
1141014GF0000001,2025-10-14 00:00:00,2[電話] 09:47:19      ,GF ,800.0,800.0,278.0,,CUS_00587,1,0.0,0.0,                ,0.0,現金  ,,一般  ,0.0,800.0,0.0,是 ,[已隱蔽],,
1141015GF0000001,2025-10-15 00:00:00,2[電話] 09:36:01      ,GF ,230.0,230.0,58.0,,CUS_00587,1,0.0,0.0,                ,0.0,現金  ,,一般  ,0.0,230.0,0.0,是 ,[已隱蔽],,
1141016GF0000001,2025-10-16 00:00:00,2[電話] 09:15:00      ,GF ,650.0,650.0,223.0,,CUS_00587,1,0.0,0.0,                ,0.0,現金  ,,一般  ,0.0,650.0,0.0,是 ,[已隱蔽],,
1141017GF0000001,2025-10-17 00:00:00,2[電話] 11:43:41      ,GF ,1100.0,1100.0,639.0,,CUS_00587,1,0.0,0.0,                ,0.0,現金  ,,一般  ,0.0,1100.0,0.0,是 ,[已隱蔽],,
1141018GF0000001,2025-10-18 00:00:00,2[電話] 09:22:07      ,GF ,350.0,350.0,120.0,,CUS_00587,1,0.0,0.0,                ,0.0,現金  ,,一般  ,0.0,350.0,0.0,是 ,[已隱蔽],,
1141021GF0000001,2025-10-21 00:00:00,2[電話] 12:03:30      ,GF ,2600.0,2600.0,1388.0,,CUS_00587,1,0.0,0.0,                ,0.0,現金  ,,一般  ,0.0,2600.0,0.0,是 ,[已隱蔽],,
1141022GF0000001,2025-10-22 00:00:00,2[電話] 09:20:46      ,GF ,1400.0,1400.0,220.0,,CUS_00587,1,0.0,0.0,                ,0.0,現金  ,,一般  ,0.0,1400.0,0.0,是 ,[已隱蔽],,
1141023GF0000001,2025-10-23 00:00:00,2[電話] 09:11:49      ,GF ,4914.0,4914.0,1610.7,,CUS_00587,1,0.0,0.0,                ,0.0,現金  ,,一般  ,0.0,4914.0,0.0,是 ,[已隱蔽],,
1141024GF0000001,2025-10-24 00:00:00,2[電話] 11:45:59      ,GF ,1850.0,1850.0,450.0,,CUS_00587,1,0.0,0.0,                ,0.0,現金  ,,一般  ,0.0,1850.0,0.0,是 ,[已隱蔽],,
1141025GF0000001,2025-10-25 00:00:00,2[電話] 09:53:33      ,GF ,1570.0,1570.0,679.0,,CUS_00587,1,0.0,0.0,                ,0.0,現金  ,,一般  ,0.0,1570.0,0.0,是 ,[已隱蔽],,
1141027GF0000001,2025-10-27 00:00:00,2[電話] 09:21:45      ,GF ,1950.0,1950.0,795.0,,CUS_00587,1,0.0,0.0,                ,0.0,現金  ,,一般  ,0.0,1950.0,0.0,是 ,[已隱蔽],,
1141028GF0000001,2025-10-28 00:00:00,2[電話] 09:14:31      ,GF ,2300.0,2300.0,862.2,,CUS_00587,1,0.0,0.0,                ,0.0,現金  ,,一般  ,0.0,2300.0,0.0,是 ,[已隱蔽],,
1141029GF0000001,2025-10-29 00:00:00,2[電話] 10:07:41      ,GF ,549.0,549.0,268.2,,CUS_00587,1,0.0,0.0,                ,0.0,現金  ,,一般  ,0.0,549.0,0.0,是 ,[已隱蔽],,
1141030GF0000001,2025-10-30 00:00:00,2[電話] 09:21:25      ,GF ,1099.0,1099.0,520.0,,CUS_00587,1,0.0,0.0,                ,0.0,現金  ,,一般  ,0.0,1099.0,0.0,是 ,[已隱蔽],,
1141031GF0000001,2025-10-31 00:00:00,2[電話] 09:41:18      ,GF ,2750.0,2750.0,889.0,,CUS_00587,1,0.0,0.0,                ,0.0,現金  ,,一般  ,0.0,2750.0,0.0,是 ,[已隱蔽],,
1141101GF0000001,2025-11-01 00:00:00,2[電話] 09:19:57      ,GF ,260.0,260.0,135.0,,CUS_00587,1,0.0,0.0,                ,0.0,現金  ,,一般  ,0.0,260.0,0.0,是 ,[已隱蔽],,
1141103GF0000001,2025-11-03 00:00:00,2[電話] 09:25:29      ,GF ,250.0,250.0,80.0,,CUS_00587,1,0.0,0.0,                ,0.0,現金  ,,一般  ,0.0,250.0,0.0,是 ,[已隱蔽],,
1141104GF0000001,2025-11-04 00:00:00,2[電話] 09:20:41      ,GF ,1000.0,1000.0,55.0,,CUS_00587,1,0.0,0.0,                ,0.0,現金  ,,一般  ,0.0,1000.0,0.0,是 ,[已隱蔽],,
1141105GF0000001,2025-11-05 00:00:00,2[電話] 11:13:58      ,GF ,1070.0,1070.0,348.0,,CUS_00587,1,0.0,0.0,                ,0.0,現金  ,,一般  ,0.0,1070.0,0.0,是 ,[已隱蔽],,
1141111GF0000001,2025-11-11 00:00:00,2[電話] 09:37:40      ,GF ,3699.0,3699.0,2260.0,,CUS_00587,1,0.0,0.0,                ,0.0,現金  ,,一般  ,0.0,3699.0,0.0,是 ,[已隱蔽],,
1141112GF0000001,2025-11-12 00:00:00,2[電話] 09:27:01      ,GF ,2735.0,2735.0,1190.0,,CUS_00587,1,0.0,0.0,                ,0.0,現金  ,,一般  ,0.0,2735.0,0.0,是 ,[已隱蔽],,
1141113GF0000001,2025-11-13 00:00:00,2[電話] 09:49:20      ,GF ,400.0,400.0,120.0,,CUS_00587,1,0.0,0.0,                ,0.0,現金  ,,一般  ,0.0,400.0,0.0,是 ,[已隱蔽],,
1141114GF0000001,2025-11-14 00:00:00,2[電話] 12:35:44      ,GF ,335.0,335.0,28.0,,CUS_00587,1,0.0,0.0,                ,0.0,現金  ,,一般  ,0.0,335.0,0.0,是 ,[已隱蔽],,
1141115GF0000001,2025-11-15 00:00:00,2[電話] 09:23:02      ,GF ,600.0,600.0,208.6,,CUS_00587,1,0.0,0.0,                ,0.0,現金  ,,一般  ,0.0,600.0,0.0,是 ,[已隱蔽],,
1141117GF0000001,2025-11-17 00:00:00,2[電話] 14:45:30      ,GF ,1175.0,1175.0,380.0,,CUS_00587,1,0.0,0.0,                ,0.0,現金  ,,一般  ,0.0,1175.0,0.0,是 ,[已隱蔽],,
1141118GF0000001,2025-11-18 00:00:00,2[電話] 14:26:36      ,GF ,350.0,350.0,52.0,,CUS_00587,1,0.0,0.0,                ,0.0,現金  ,,一般  ,0.0,350.0,0.0,是 ,[已隱蔽],,
1141119GF0000001,2025-11-19 00:00:00,2[電話] 10:09:58      ,GF ,700.0,700.0,255.0,,CUS_00587,1,0.0,0.0,                ,0.0,現金  ,,一般  ,0.0,700.0,0.0,是 ,[已隱蔽],,
1141119GF0000002,2025-11-19 00:00:00,2[電話] 16:26:16      ,GF ,1800.0,1800.0,740.0,,CUS_00587,1,0.0,0.0,                ,0.0,現金  ,,一般  ,0.0,1800.0,0.0,是 ,[已隱蔽],,
1141120GF0000001,2025-11-20 00:00:00,2[電話] 09:14:48      ,GF ,1660.0,1660.0,716.0,,CUS_00587,1,0.0,0.0,                ,0.0,現金  ,,一般  ,0.0,1660.0,0.0,是 ,[已隱蔽],,
1141121GF0000001,2025-11-21 00:00:00,2[電話] 09:31:08      ,GF ,418.0,418.0,64.0,,CUS_00587,1,0.0,0.0,                ,0.0,現金  ,,一般  ,0.0,418.0,0.0,是 ,[已隱蔽],,
1141122GF0000001,2025-11-22 00:00:00,2[電話] 09:36:29      ,GF ,150.0,150.0,68.0,,CUS_00587,1,0.0,0.0,                ,0.0,現金  ,,一般  ,0.0,150.0,0.0,是 ,[已隱蔽],,
1141124GF0000001,2025-11-24 00:00:00,2[電話] 09:40:36      ,GF ,985.0,985.0,470.0,,CUS_00587,1,0.0,0.0,                ,0.0,現金  ,,一般  ,0.0,985.0,0.0,是 ,[已隱蔽],,
1141126GF0000001,2025-11-26 00:00:00,2[電話] 09:59:06      ,GF ,462.0,462.0,150.0,,CUS_00587,1,0.0,0.0,                ,0.0,現金  ,,一般  ,0.0,462.0,0.0,是 ,[已隱蔽],,
1141127GF0000001,2025-11-27 00:00:00,2[電話] 09:12:21      ,GF ,3671.0,3671.0,863.0,,CUS_00587,1,0.0,0.0,                ,0.0,現金  ,,一般  ,0.0,3671.0,0.0,是 ,[已隱蔽],,
1141128GF0000001,2025-11-28 00:00:00,2[電話] 11:37:27      ,GF ,600.0,600.0,180.0,,CUS_00587,1,0.0,0.0,                ,0.0,現金  ,,一般  ,0.0,600.0,0.0,是 ,[已隱蔽],,
1141129GF0000001,2025-11-29 00:00:00,2[電話] 09:18:35      ,GF ,2850.0,2850.0,1435.0,,CUS_00587,1,0.0,0.0,                ,0.0,現金  ,,一般  ,0.0,2850.0,0.0,是 ,[已隱蔽],,
1141201GF0000001,2025-12-01 00:00:00,2[電話] 09:45:06      ,GF ,1900.0,1900.0,803.0,,CUS_00587,1,0.0,0.0,                ,0.0,現金  ,,一般  ,0.0,1900.0,0.0,是 ,[已隱蔽],,
1141202GF0000001,2025-12-02 00:00:00,2[電話] 11:26:51      ,GF ,2410.0,2410.0,1196.0,,CUS_00587,1,0.0,0.0,                ,0.0,現金  ,,一般  ,0.0,2410.0,0.0,是 ,[已隱蔽],,
1141203GF0000001,2025-12-03 00:00:00,2[電話] 09:11:07      ,GF ,990.0,990.0,290.0,,CUS_00587,1,0.0,0.0,                ,0.0,現金  ,,一般  ,0.0,990.0,0.0,是 ,[已隱蔽],,
1141204GF0000001,2025-12-04 00:00:00,2[電話] 09:17:59      ,GF ,450.0,450.0,35.0,,CUS_00587,1,0.0,0.0,                ,0.0,現金  ,,一般  ,0.0,450.0,0.0,是 ,[已隱蔽],,
1141205GF0000001,2025-12-05 00:00:00,2[電話] 09:10:20      ,GF ,1119.0,1119.0,431.0,,CUS_00587,1,0.0,0.0,                ,0.0,現金  ,,一般  ,0.0,1119.0,0.0,是 ,[已隱蔽],,
1141206GF0000001,2025-12-06 00:00:00,2[電話] 09:09:02      ,GF ,1100.0,1100.0,355.0,,CUS_00587,1,0.0,0.0,                ,0.0,現金  ,,一般  ,0.0,1100.0,0.0,是 ,[已隱蔽],,
1141208GF0000001,2025-12-08 00:00:00,2[電話] 12:39:34      ,GF ,400.0,400.0,75.0,,CUS_00587,1,0.0,0.0,                ,0.0,現金  ,,一般  ,0.0,400.0,0.0,是 ,[已隱蔽],,
1141209GF0000001,2025-12-09 00:00:00,2[電話] 09:24:04      ,GF ,799.0,799.0,159.0,,CUS_00587,1,0.0,0.0,                ,0.0,現金  ,,一般  ,0.0,799.0,0.0,是 ,[已隱蔽],,
1141210GF0000001,2025-12-10 00:00:00,2[電話] 09:36:57      ,GF ,3705.0,3705.0,1009.6,,CUS_00587,1,0.0,0.0,                ,0.0,現金  ,,一般  ,0.0,3705.0,0.0,是 ,[已隱蔽],,
1141211GF0000001,2025-12-11 00:00:00,2[電話] 09:23:57      ,GF ,100.0,100.0,50.0,,CUS_00587,1,0.0,0.0,                ,0.0,現金  ,,一般  ,0.0,100.0,0.0,是 ,[已隱蔽],,
1141212GF0000001,2025-12-12 00:00:00,2[電話] 11:52:15      ,GF ,300.0,300.0,81.8,,CUS_00587,1,0.0,0.0,                ,0.0,現金  ,,一般  ,0.0,300.0,0.0,是 ,[已隱蔽],,
1141213GF0000001,2025-12-13 00:00:00,2[電話] 08:41:33      ,GF ,2959.0,2959.0,1005.0,,CUS_00587,1,0.0,0.0,                ,0.0,現金  ,,一般  ,0.0,2959.0,0.0,是 ,[已隱蔽],,
1141216GF0000001,2025-12-16 00:00:00,2[電話] 14:16:20      ,GF ,4500.0,4500.0,3500.0,,CUS_00587,1,0.0,0.0,                ,0.0,現金  ,,一般  ,0.0,4500.0,0.0,是 ,[已隱蔽],,
1141217GF0000001,2025-12-17 00:00:00,2[電話] 09:09:16      ,GF ,450.0,450.0,83.0,,CUS_00587,1,0.0,0.0,                ,0.0,現金  ,,一般  ,0.0,450.0,0.0,是 ,[已隱蔽],,
1141219GF0000001,2025-12-19 00:00:00,2[電話] 09:10:47      ,GF ,1950.0,1950.0,750.0,,CUS_00587,1,0.0,0.0,                ,0.0,現金  ,,一般  ,0.0,1950.0,0.0,是 ,[已隱蔽],,
1141222GF0000001,2025-12-22 00:00:00,2[電話] 09:25:04      ,GF ,2100.0,2100.0,780.0,,CUS_00587,1,0.0,0.0,                ,0.0,現金  ,,一般  ,0.0,2100.0,0.0,是 ,[已隱蔽],,
1150102GF0000001,2026-01-02 00:00:00,2[電話] 09:16:18      ,GF ,400.0,400.0,14.0,,CUS_00587,1,0.0,0.0,                ,0.0,現金  ,,一般  ,0.0,400.0,0.0,是 ,[已隱蔽],,
1141223GF0000001,2025-12-23 00:00:00,2[電話] 09:59:30      ,GF ,2199.0,2199.0,815.0,,CUS_00587,1,0.0,0.0,                ,0.0,現金  ,,一般  ,0.0,2199.0,0.0,是 ,[已隱蔽],,
1141224GF0000001,2025-12-24 00:00:00,2[電話] 09:17:38      ,GF ,600.0,600.0,160.0,,CUS_00587,1,0.0,0.0,                ,0.0,現金  ,,一般  ,0.0,600.0,0.0,是 ,[已隱蔽],,
1141225GF0000001,2025-12-25 00:00:00,2[電話] 09:27:25      ,GF ,2647.0,2647.0,945.0,,CUS_00587,1,0.0,0.0,                ,0.0,現金  ,,一般  ,0.0,2647.0,0.0,是 ,[已隱蔽],,
1141226GF0000001,2025-12-26 00:00:00,2[電話] 11:44:27      ,GF ,2200.0,2200.0,840.0,,CUS_00587,1,0.0,0.0,                ,0.0,現金  ,,一般  ,0.0,2200.0,0.0,是 ,[已隱蔽],,
1141227GF0000001,2025-12-27 00:00:00,2[電話] 09:27:47      ,GF ,0.0,0.0,0.0,,CUS_00587,1,0.0,0.0,                ,0.0,現金  ,,一般  ,0.0,0.0,0.0,是 ,[已隱蔽],,
1141229GF0000001,2025-12-29 00:00:00,2[電話] 09:21:26      ,GF ,400.0,400.0,180.0,,CUS_00587,1,0.0,0.0,                ,0.0,現金  ,,一般  ,0.0,400.0,0.0,是 ,[已隱蔽],,
1141230GF0000001,2025-12-30 00:00:00,2[電話] 09:27:01      ,GF ,655.0,655.0,190.0,,CUS_00587,1,0.0,0.0,                ,0.0,現金  ,,一般  ,0.0,655.0,0.0,是 ,[已隱蔽],,
1141231GF0000001,2025-12-31 00:00:00,2[電話] 09:14:39      ,GF ,870.0,870.0,230.0,,CUS_00587,1,0.0,0.0,                ,0.0,現金  ,,一般  ,0.0,870.0,0.0,是 ,[已隱蔽],,
1150103GF0000001,2026-01-03 00:00:00,2[電話] 09:07:21      ,GF ,4050.0,4050.0,1715.0,,CUS_00587,1,0.0,0.0,                ,0.0,現金  ,,一般  ,0.0,4050.0,0.0,是 ,[已隱蔽],,
1150105GF0000001,2026-01-05 00:00:00,2[電話] 09:20:33      ,GF ,3869.0,3869.0,1228.6,,CUS_00587,1,0.0,0.0,                ,0.0,現金  ,,一般  ,0.0,3869.0,0.0,是 ,[已隱蔽],,
1150106GF0000001,2026-01-06 00:00:00,2[電話] 09:31:12      ,GF ,6285.0,6285.0,450.0,,CUS_00587,1,0.0,0.0,                ,0.0,現金  ,,一般  ,0.0,6285.0,0.0,是 ,[已隱蔽],,
1150107GF0000001,2026-01-07 00:00:00,2[電話] 09:29:30      ,GF ,1000.0,1000.0,0.0,,CUS_00587,1,0.0,0.0,                ,0.0,現金  ,,一般  ,0.0,1000.0,0.0,是 ,[已隱蔽],,
1150108GF0000001,2026-01-08 00:00:00,2[電話] 09:23:09      ,GF ,1949.0,1949.0,745.0,,CUS_00587,1,0.0,0.0,                ,0.0,現金  ,,一般  ,0.0,1949.0,0.0,是 ,[已隱蔽],,
1150110GF0000001,2026-01-10 00:00:00,2[電話] 09:21:37      ,GF ,880.0,880.0,495.0,,CUS_00587,1,0.0,0.0,                ,0.0,現金  ,,一般  ,0.0,880.0,0.0,是 ,[已隱蔽],,
1150112GF0000001,2026-01-12 00:00:00,2[電話] 09:26:55      ,GF ,1000.0,1000.0,96.0,,CUS_00587,1,0.0,0.0,                ,0.0,現金  ,,一般  ,0.0,1000.0,0.0,是 ,[已隱蔽],,
1150113GF0000001,2026-01-13 00:00:00,2[電話] 13:10:55      ,GF ,1550.0,1550.0,838.0,,CUS_00587,1,0.0,0.0,                ,0.0,現金  ,,一般  ,0.0,1550.0,0.0,是 ,[已隱蔽],,
1150114GF0000001,2026-01-14 00:00:00,2[電話] 09:34:07      ,GF ,320.0,320.0,140.0,,CUS_00587,1,0.0,0.0,                ,0.0,現金  ,,一般  ,0.0,320.0,0.0,是 ,[已隱蔽],,
1150115GF0000001,2026-01-15 00:00:00,2[電話] 09:17:04      ,GF ,1050.0,1050.0,320.0,,CUS_00587,1,0.0,0.0,                ,0.0,現金  ,,一般  ,0.0,1050.0,0.0,是 ,[已隱蔽],,
1150116GF0000001,2026-01-16 00:00:00,2[電話] 11:51:53      ,GF ,2290.0,2290.0,648.0,,CUS_00587,1,0.0,0.0,                ,0.0,現金  ,,一般  ,0.0,2290.0,0.0,是 ,[已隱蔽],,
1150117GF0000001,2026-01-17 00:00:00,2[電話] 09:18:54      ,GF ,3400.0,3400.0,1711.8,,CUS_00587,1,0.0,0.0,                ,0.0,現金  ,,一般  ,0.0,3400.0,0.0,是 ,[已隱蔽],,
1150119GF0000001,2026-01-19 00:00:00,2[電話] 09:25:33      ,GF ,1300.0,1300.0,390.5,,CUS_00587,1,0.0,0.0,                ,0.0,現金  ,,一般  ,0.0,1300.0,0.0,是 ,[已隱蔽],,
1150120GF0000001,2026-01-20 00:00:00,2[電話] 13:43:08      ,GF ,850.0,850.0,207.2,,CUS_00587,1,0.0,0.0,                ,0.0,現金  ,,一般  ,0.0,850.0,0.0,是 ,[已隱蔽],,
1150121GF0000001,2026-01-21 00:00:00,2[電話] 09:19:38      ,GF ,750.0,750.0,181.8,,CUS_00587,1,0.0,0.0,                ,0.0,現金  ,,一般  ,0.0,750.0,0.0,是 ,[已隱蔽],,
1150122GF0000001,2026-01-22 00:00:00,2[電話] 09:16:15      ,GF ,1000.0,1000.0,210.0,,CUS_00587,1,0.0,0.0,                ,0.0,現金  ,,一般  ,0.0,1000.0,0.0,是 ,[已隱蔽],,
1150123GF0000001,2026-01-23 00:00:00,2[電話] 09:06:07      ,GF ,2220.0,2220.0,1292.0,,CUS_00587,1,0.0,0.0,                ,0.0,現金  ,,一般  ,0.0,2220.0,0.0,是 ,[已隱蔽],,
1150126GF0000001,2026-01-26 00:00:00,2[電話] 09:35:42      ,GF ,540.0,540.0,143.0,,CUS_00587,1,0.0,0.0,                ,0.0,現金  ,,一般  ,0.0,540.0,0.0,是 ,[已隱蔽],,
1150128GF0000001,2026-01-28 00:00:00,2[電話] 09:10:09      ,GF ,2115.0,2115.0,565.0,,CUS_00587,1,0.0,0.0,                ,0.0,現金  ,,一般  ,0.0,2115.0,0.0,是 ,[已隱蔽],,
1150127GF0000001,2026-01-27 00:00:00,2[電話] 09:12:05      ,GF ,650.0,650.0,200.0,,CUS_00587,1,0.0,0.0,                ,0.0,現金  ,,一般  ,0.0,650.0,0.0,是 ,[已隱蔽],,
1150129GF0000001,2026-01-29 00:00:00,2[電話] 09:33:00      ,GF ,2240.0,2240.0,709.0,,CUS_00587,1,0.0,0.0,                ,0.0,現金  ,,一般  ,0.0,2240.0,0.0,是 ,[已隱蔽],,
1150130GF0000001,2026-01-30 00:00:00,2[電話] 09:28:33      ,GF ,800.0,800.0,216.0,,CUS_00587,1,0.0,0.0,                ,0.0,現金  ,,一般  ,0.0,800.0,0.0,是 ,[已隱蔽],,
1150131GF0000001,2026-01-31 00:00:00,2[電話] 09:10:58      ,GF ,900.0,900.0,300.0,,CUS_00587,1,0.0,0.0,                ,0.0,現金  ,,一般  ,0.0,900.0,0.0,是 ,[已隱蔽],,
1150202GF0000001,2026-02-02 00:00:00,2[電話] 09:22:12      ,GF ,350.0,350.0,110.0,,CUS_00587,1,0.0,0.0,                ,0.0,現金  ,,一般  ,0.0,350.0,0.0,是 ,[已隱蔽],,
1150203GF0000001,2026-02-03 00:00:00,2[電話] 09:14:31      ,GF ,2100.0,2100.0,900.0,,CUS_00587,1,0.0,0.0,                ,0.0,現金  ,,一般  ,0.0,2100.0,0.0,是 ,[已隱蔽],,
1150204GF0000001,2026-02-04 00:00:00,2[電話] 09:12:23      ,GF ,2035.0,2035.0,935.0,,CUS_00587,1,0.0,0.0,                ,0.0,現金  ,,一般  ,0.0,2035.0,0.0,是 ,[已隱蔽],,
1150205GF0000001,2026-02-05 00:00:00,2[電話] 09:23:12      ,GF ,220.0,220.0,85.5,,CUS_00587,1,0.0,0.0,                ,0.0,現金  ,,一般  ,0.0,220.0,0.0,是 ,[已隱蔽],,
1150206GF0000001,2026-02-06 00:00:00,2[電話] 15:19:27      ,GF ,3717.0,3717.0,650.0,,CUS_00587,1,0.0,0.0,                ,0.0,現金  ,,一般  ,0.0,3717.0,0.0,是 ,[已隱蔽],,
1150207GF0000001,2026-02-07 00:00:00,2[電話] 11:29:37      ,GF ,400.0,400.0,130.0,,CUS_00587,1,0.0,0.0,                ,0.0,現金  ,,一般  ,0.0,400.0,0.0,是 ,[已隱蔽],,
1150209GF0000001,2026-02-09 00:00:00,2[電話] 09:12:40      ,GF ,1549.0,1549.0,615.0,,CUS_00587,1,0.0,0.0,                ,0.0,現金  ,,一般  ,0.0,1549.0,0.0,是 ,[已隱蔽],,
1150210GF0000001,2026-02-10 00:00:00,2[電話] 09:04:08      ,GF ,400.0,400.0,130.0,,CUS_00587,1,0.0,0.0,                ,0.0,現金  ,,一般  ,0.0,400.0,0.0,是 ,[已隱蔽],,
1150211GF0000001,2026-02-11 00:00:00,2[電話] 09:55:38      ,GF ,5928.0,5928.0,2280.0,,CUS_00587,1,0.0,0.0,                ,0.0,現金  ,,一般  ,0.0,5928.0,0.0,是 ,[已隱蔽],,
1150212GF0000001,2026-02-12 00:00:00,2[電話] 09:13:43      ,GF ,2349.0,2349.0,954.0,,CUS_00587,1,0.0,0.0,                ,0.0,現金  ,,一般  ,0.0,2349.0,0.0,是 ,[已隱蔽],,
1150213GF0000001,2026-02-13 00:00:00,2[電話] 09:14:21      ,GF ,2600.0,2600.0,790.0,,CUS_00587,1,0.0,0.0,                ,0.0,現金  ,,一般  ,0.0,2600.0,0.0,是 ,[已隱蔽],,
1150214GF0000001,2026-02-14 00:00:00,2[電話] 09:30:06      ,GF ,6335.0,6335.0,2314.0,,CUS_00587,1,0.0,0.0,                ,0.0,現金  ,,一般  ,0.0,6335.0,0.0,是 ,[已隱蔽],,
1150216GF0000001,2026-02-16 00:00:00,2[電話] 10:25:35      ,GF ,1200.0,1200.0,600.0,,CUS_00587,1,0.0,0.0,                ,0.0,現金  ,,一般  ,0.0,1200.0,0.0,是 ,[已隱蔽],,
1150221GF0000001,2026-02-21 00:00:00,2[電話] 09:17:36      ,GF ,3350.0,3350.0,2040.0,,CUS_00587,1,0.0,0.0,                ,0.0,現金  ,,一般  ,0.0,3350.0,0.0,是 ,[已隱蔽],,
1150223GF0000001,2026-02-23 00:00:00,2[電話] 09:42:02      ,GF ,1750.0,1750.0,289.0,[已隱蔽],CUS_00587,1,0.0,0.0,                ,0.0,現金  ,,一般  ,0.0,1750.0,0.0,是 ,[已隱蔽],,
1150224GF0000001,2026-02-24 00:00:00,2[電話] 09:04:52      ,GF ,3350.0,3350.0,315.0,,CUS_00587,1,0.0,0.0,                ,0.0,現金  ,,一般  ,0.0,3350.0,0.0,是 ,[已隱蔽],,
1150302GF0000001,2026-03-02 00:00:00,2[電話] 09:47:30      ,GF ,1099.0,1099.0,388.2,,CUS_00587,1,0.0,0.0,                ,0.0,現金  ,,一般  ,0.0,1099.0,0.0,是 ,[已隱蔽],,
1150303GF0000001,2026-03-03 00:00:00,2[電話] 11:56:04      ,GF ,1579.0,1579.0,605.0,,CUS_00587,1,0.0,0.0,                ,0.0,現金  ,,一般  ,0.0,1579.0,0.0,是 ,[已隱蔽],,
1150304GF0000001,2026-03-04 00:00:00,2[電話] 09:17:14      ,GF ,3100.0,3100.0,925.0,,CUS_00587,1,0.0,0.0,                ,0.0,現金  ,,一般  ,0.0,3100.0,0.0,是 ,[已隱蔽],,
1150305GF0000001,2026-03-05 00:00:00,2[電話] 09:07:58      ,GF ,1000.0,1000.0,236.0,,CUS_00587,1,0.0,0.0,                ,0.0,現金  ,,一般  ,0.0,1000.0,0.0,是 ,[已隱蔽],,
1150306GF0000001,2026-03-06 00:00:00,2[電話] 11:56:03      ,GF ,0.0,0.0,0.0,,CUS_00587,1,0.0,0.0,                ,0.0,現金  ,,一般  ,0.0,0.0,0.0,是 ,[已隱蔽],,
1150307GF0000001,2026-03-07 00:00:00,2[電話] 09:25:28      ,GF ,719.0,719.0,305.5,,CUS_00587,1,0.0,0.0,                ,0.0,現金  ,,一般  ,0.0,719.0,0.0,是 ,[已隱蔽],,
1150309GF0000001,2026-03-09 00:00:00,2[電話] 09:16:02      ,GF ,600.0,600.0,210.0,,CUS_00587,1,0.0,0.0,                ,0.0,現金  ,,一般  ,0.0,600.0,0.0,是 ,[已隱蔽],,
1150310GF0000001,2026-03-10 00:00:00,2[電話] 09:10:53      ,GF ,480.0,480.0,194.0,,CUS_00587,1,0.0,0.0,                ,0.0,現金  ,,一般  ,0.0,480.0,0.0,是 ,[已隱蔽],,
1150311GF0000001,2026-03-11 00:00:00,2[電話] 10:14:20      ,GF ,1300.0,1300.0,430.0,,CUS_00587,1,0.0,0.0,                ,0.0,現金  ,,一般  ,0.0,1300.0,0.0,是 ,[已隱蔽],,
1150312GF0000001,2026-03-12 00:00:00,2[電話] 09:17:05      ,GF ,1089.0,1089.0,332.0,,CUS_00587,1,0.0,0.0,                ,0.0,現金  ,,一般  ,0.0,1089.0,0.0,是 ,[已隱蔽],,
1150313GF0000001,2026-03-13 00:00:00,2[電話] 09:11:16      ,GF ,860.0,860.0,290.0,,CUS_00587,1,0.0,0.0,                ,0.0,現金  ,,一般  ,0.0,860.0,0.0,是 ,[已隱蔽],,
1150314GF0000001,2026-03-14 00:00:00,2[電話] 09:27:48      ,GF ,320.0,320.0,5.0,,CUS_00587,1,0.0,0.0,                ,0.0,現金  ,,一般  ,0.0,320.0,0.0,是 ,[已隱蔽],,
1150316GF0000001,2026-03-16 00:00:00,2[電話] 09:21:59      ,GF ,700.0,700.0,290.0,,CUS_00587,1,0.0,0.0,                ,0.0,現金  ,,一般  ,0.0,700.0,0.0,是 ,[已隱蔽],,
1150317GF0000001,2026-03-17 00:00:00,2[電話] 12:38:13      ,GF ,4604.0,4604.0,2115.0,,CUS_00587,1,0.0,0.0,                ,0.0,現金  ,,一般  ,0.0,4604.0,0.0,是 ,[已隱蔽],,
1150318GF0000001,2026-03-18 00:00:00,2[電話] 09:15:01      ,GF ,1229.0,1229.0,345.0,,CUS_00587,1,0.0,0.0,                ,0.0,現金  ,,一般  ,0.0,1229.0,0.0,是 ,[已隱蔽],,
1150319GF0000001,2026-03-19 00:00:00,2[電話] 09:48:28      ,GF ,2450.0,2450.0,878.0,,CUS_00587,1,0.0,0.0,                ,0.0,現金  ,,一般  ,0.0,2450.0,0.0,是 ,[已隱蔽],,
1150321GF0000001,2026-03-21 00:00:00,2[電話] 11:13:51      ,GF ,600.0,600.0,250.0,,CUS_00587,1,0.0,0.0,                ,0.0,現金  ,,一般  ,0.0,600.0,0.0,是 ,[已隱蔽],,
1150323GF0000001,2026-03-23 00:00:00,2[電話] 09:33:02      ,GF ,635.0,635.0,200.0,,CUS_00587,1,0.0,0.0,                ,0.0,現金  ,,一般  ,0.0,635.0,0.0,是 ,[已隱蔽],,
1150324GF0000001,2026-03-24 00:00:00,2[電話] 09:13:01      ,GF ,20.0,20.0,4.0,,CUS_00587,1,0.0,0.0,                ,0.0,現金  ,,一般  ,0.0,20.0,0.0,是 ,[已隱蔽],,
1150326GF0000001,2026-03-26 00:00:00,2[電話] 09:23:17      ,GF ,300.0,300.0,118.2,,CUS_00587,1,0.0,0.0,                ,0.0,現金  ,,一般  ,0.0,300.0,0.0,是 ,[已隱蔽],,
1150327GF0000001,2026-03-27 00:00:00,2[電話] 11:55:20      ,GF ,200.0,200.0,100.0,,CUS_00587,1,0.0,0.0,                ,0.0,現金  ,,一般  ,0.0,200.0,0.0,是 ,[已隱蔽],,
1150328GF0000001,2026-03-28 00:00:00,2[電話] 09:06:24      ,GF ,650.0,650.0,200.0,,CUS_00587,1,0.0,0.0,                ,0.0,現金  ,,一般  ,0.0,650.0,0.0,是 ,[已隱蔽],,
1150330GF0000001,2026-03-30 00:00:00,2[電話] 09:27:05      ,GF ,600.0,600.0,220.0,,CUS_00587,1,0.0,0.0,                ,0.0,現金  ,,一般  ,0.0,600.0,0.0,是 ,[已隱蔽],,
1150401GF0000001,2026-04-01 00:00:00,2[電話] 09:00:05      ,GF ,550.0,550.0,185.0,,CUS_00587,1,0.0,0.0,                ,0.0,現金  ,,一般  ,0.0,550.0,0.0,是 ,[已隱蔽],,
1150403GF0000001,2026-04-03 00:00:00,2[電話] 09:09:45      ,GF ,4040.0,4040.0,1856.0,,CUS_00587,1,0.0,0.0,                ,0.0,現金  ,,一般  ,0.0,4040.0,0.0,是 ,[已隱蔽],,
1150406GF0000001,2026-04-06 00:00:00,2[電話] 09:46:29      ,GF ,500.0,500.0,5.0,,CUS_00587,1,0.0,0.0,                ,0.0,現金  ,,一般  ,0.0,500.0,0.0,是 ,[已隱蔽],,
1150407GF0000001,2026-04-07 00:00:00,2[電話] 09:11:35      ,GF ,1000.0,1000.0,0.0,,CUS_00587,1,0.0,0.0,                ,0.0,現金  ,,一般  ,0.0,1000.0,0.0,是 ,[已隱蔽],,
1150409GF0000001,2026-04-09 00:00:00,2[電話] 13:13:01      ,GF ,2550.0,2550.0,1000.0,,CUS_00587,1,0.0,0.0,                ,0.0,現金  ,,一般  ,0.0,2550.0,0.0,是 ,[已隱蔽],,
1150410GF0000001,2026-04-10 00:00:00,2[電話] 09:33:03      ,GF ,1450.0,1450.0,630.0,,CUS_00587,1,0.0,0.0,                ,0.0,現金  ,,一般  ,0.0,1450.0,0.0,是 ,[已隱蔽],,
1150411GF0000001,2026-04-11 00:00:00,2[電話] 09:26:57      ,GF ,650.0,650.0,225.0,,CUS_00587,1,0.0,0.0,                ,0.0,現金  ,,一般  ,0.0,650.0,0.0,是 ,[已隱蔽],,
1150413GF0000001,2026-04-13 00:00:00,2[電話] 09:57:04      ,GF ,100.0,100.0,28.0,,CUS_00587,1,0.0,0.0,                ,0.0,現金  ,,一般  ,0.0,100.0,0.0,是 ,[已隱蔽],,
