cusno,prdno,stockno,unit,price,pdate,prqty,indexs
CUS_00074,X2G0N               ,GF ,組   ,750.0,2020-09-07 00:00:00,1.0,183.0
CUS_00587,WDR201VTRXF         ,GF ,組   ,0.0,2020-09-07 00:00:00,1.0,184.0
CUS_00254,13ALTISCVN          ,GF ,各   ,600.0,2020-09-07 00:00:00,4.0,187.0
CUS_00254,SENFINECOCUFFVR     ,GF ,罐   ,1000.0,2020-09-07 00:00:00,1.0,187.0
CUS_00254,RWFVR               ,GF ,罐   ,1000.0,2020-09-07 00:00:00,1.0,187.0
CUS_00678,RSEN02F             ,GF ,各   ,700.0,2020-09-09 00:00:00,1.0,191.0
CUS_00678,RSENHID5RF          ,GF ,各   ,300.0,2020-09-09 00:00:00,1.0,191.0
CUS_00697,KY1055LED5A2        ,GF ,各   ,550.0,2020-09-08 00:00:00,1.0,199.0
CUS_00348,RSENX1              ,GF ,組   ,900.0,2020-09-12 00:00:00,1.0,199.0
CUS_00348,GS2LM8005           ,GF ,組   ,800.0,2020-09-12 00:00:00,1.0,199.0
CUS_00254,SENFINECOFURFFVR    ,GF ,罐   ,1000.0,2020-09-21 00:00:00,1.0,249.0
CUS_00587,V81GUVTRXFF         ,GF ,組   ,0.0,2021-05-10 00:00:00,1.0,1311.0
CUS_00587,KY1055LED5A2        ,GF ,各   ,0.0,2021-06-03 00:00:00,1.0,1422.0
CUS_00587,FITDFV              ,GF ,各   ,0.0,2022-01-22 00:00:00,1.0,2425.0
CUS_00587,FITRUV              ,GF ,各   ,0.0,2022-01-22 00:00:00,1.0,2429.0
CUS_00587,MP35CG              ,GF ,組   ,0.0,2022-09-15 00:00:00,1.0,3262.0
CUS_00694,M00128BL            ,GF ,張   ,150.0,2022-11-29 00:00:00,1.0,3543.0
CUS_00587,RSENH76000K         ,GF ,各   ,0.0,2023-08-31 00:00:00,2.0,4474.0
CUS_00587,2MT                 ,GF ,各   ,0.0,2024-01-27 00:00:00,4.0,4901.0
CUS_00587,82VA5MMG            ,GF ,組   ,0.0,2024-03-11 00:00:00,1.0,5042.0
CUS_00587,SF22R               ,GF ,各   ,0.0,2024-04-03 00:00:00,3.0,5112.0
CUS_00587,RSENT104R           ,GF ,組   ,0.0,2025-05-24 00:00:00,1.0,6239.0
CUS_00587,VBDVATX             ,GF ,罐   ,0.0,2025-05-29 00:00:00,1.0,6262.0
CUS_00587,99R1GX              ,GF ,罐   ,0.0,2025-06-18 00:00:00,1.0,6327.0
CUS_00587,A094                ,GF ,條   ,0.0,2025-10-23 00:00:00,1.0,6600.0
CUS_00587,DAYQQWW             ,GF ,組   ,0.0,2025-10-27 00:00:00,1.0,6618.0
CUS_00587,H722                ,GF ,各   ,0.0,2025-10-31 00:00:00,1.0,6630.0
CUS_00587,H11OSARM2Q          ,GF ,各   ,0.0,2025-10-31 00:00:00,2.0,6633.0
CUS_00587,CARGTUV             ,GF ,罐   ,0.0,2025-12-10 00:00:00,1.0,6743.0
CUS_00587,4RR2F               ,GF ,各   ,0.0,2026-01-03 00:00:00,1.0,6798.0
CUS_00587,UX02XZVQU           ,GF ,罐   ,0.0,2026-01-15 00:00:00,1.0,6828.0
CUS_00587,GVE1.12             ,GF ,各   ,0.0,2026-01-21 00:00:00,1.0,6848.0
CUS_00587,KMWTV               ,GF ,各   ,0.0,2026-01-23 00:00:00,1.0,6852.0
CUS_00587,20502XR             ,GF ,組   ,0.0,2022-12-27 00:00:00,1.0,3653.0
CUS_00587,CR20322T            ,GF ,各   ,0.0,2020-09-14 00:00:00,2.0,214.0
CUS_00693,AFL283578           ,GF ,組   ,250.0,2020-09-14 00:00:00,1.0,215.0
CUS_00693,BW2                 ,GF ,條   ,100.0,2020-09-14 00:00:00,2.0,215.0
CUS_00587,ZV5X8D              ,GF ,組   ,0.0,2020-09-16 00:00:00,1.0,228.0
CUS_00587,PNSF404             ,GF ,組   ,0.0,2020-09-17 00:00:00,1.0,238.0
CUS_00076,KR10ZVQW2L          ,GF ,條   ,400.0,2020-09-17 00:00:00,2.0,240.0
CUS_00587,JX2Y                ,GF ,組   ,0.0,2020-09-18 00:00:00,1.0,246.0
CUS_00587,CRV+4CVP55R         ,GF ,組   ,0.0,2020-09-21 00:00:00,1.0,248.0
CUS_00254,SENFINCEOXFZVFRR    ,GF ,罐   ,1000.0,2020-09-21 00:00:00,1.0,249.0
CUS_00587,3DCVZTW2            ,GF ,各   ,0.0,2020-09-21 00:00:00,1.0,252.0
CUS_00587,VINA225XR           ,GF ,組   ,0.0,2021-01-29 00:00:00,1.0,885.0
CUS_00587,ZEROAMN+RFC         ,GF ,罐   ,0.0,2021-05-10 00:00:00,1.0,1308.0
CUS_00587,6HMVGXCA            ,GF ,各   ,0.0,2022-03-10 00:00:00,1.0,2647.0
CUS_00587,RSENZVQ             ,GF ,支   ,0.0,2022-05-20 00:00:00,1.0,2888.0
CUS_00587,S17RXTV1            ,GF ,條   ,0.0,2022-06-17 00:00:00,1.0,2989.0
CUS_00682,2TVUJE              ,GF ,組   ,1000.0,2022-08-05 00:00:00,1.0,3119.0
CUS_00254,XFXJALTIS           ,GF ,各   ,450.0,2022-12-30 00:00:00,1.0,3660.0
CUS_00254,XA                  ,GF ,kg  ,800.0,2023-04-04 00:00:00,1.0,4031.0
CUS_00587,GV5XJ               ,GF ,片   ,0.0,2024-01-10 00:00:00,1.0,4854.0
CUS_00587,TAA065FY            ,GF ,組   ,0.0,2024-04-09 00:00:00,1.0,5120.0
CUS_00587,VBDVTR              ,GF ,罐   ,0.0,2024-06-03 00:00:00,1.0,5256.0
CUS_00587,PNSSD1018           ,GF ,組   ,0.0,2024-06-14 00:00:00,1.0,5306.0
CUS_00031,MISSIONCVT          ,GF ,罐   ,600.0,2024-06-28 00:00:00,5.0,5354.0
CUS_00587,TYPERH7CR2Q         ,GF ,組   ,0.0,2024-07-29 00:00:00,1.0,5423.0
CUS_00587,RFLN01Q5XN          ,GF ,組   ,0.0,2024-07-30 00:00:00,1.0,5427.0
CUS_00587,ABRO5XX             ,GF ,罐   ,0.0,2025-01-08 00:00:00,1.0,5811.0
CUS_00587,VBDGVR              ,GF ,罐   ,0.0,2025-01-13 00:00:00,1.0,5823.0
CUS_00587,PNSHGK06            ,GF ,組   ,0.0,2025-04-11 00:00:00,1.0,6040.0
CUS_00587,NOID0118SND         ,GF ,組   ,0.0,2025-05-12 00:00:00,1.0,6188.0
CUS_00587,NOID12R             ,GF ,組   ,0.0,2026-01-06 00:00:00,1.0,6812.0
CUS_00587,AFL283578           ,GF ,組   ,0.0,2026-01-21 00:00:00,1.0,6847.0
CUS_00587,2DR                 ,GF ,各   ,0.0,2026-02-23 00:00:00,1.0,6943.0
CUS_00587,CS3008XU5R          ,GF ,組   ,0.0,2020-09-22 00:00:00,1.0,263.0
CUS_00630,2TVUJE              ,GF ,組   ,2000.0,2020-09-23 00:00:00,1.0,266.0
CUS_00076,A095                ,GF ,條   ,350.0,2020-09-23 00:00:00,3.0,266.0
CUS_00587,N2G2YX1             ,GF ,組   ,0.0,2020-09-23 00:00:00,1.0,267.0
CUS_00587,SP702               ,GF ,罐   ,0.0,2026-03-13 00:00:00,1.0,6982.0
CUS_00587,6BCA                ,GF ,包   ,0.0,2026-03-17 00:00:00,0.5,6990.0
CUS_00587,JXUVE               ,GF ,各   ,0.0,2020-09-24 00:00:00,1.0,271.0
CUS_00587,GARMIN530VTRXF      ,GF ,組   ,0.0,2020-09-23 00:00:00,1.0,275.0
CUS_00587,13ALTISCVN          ,GF ,各   ,0.0,2020-09-24 00:00:00,1.0,280.0
CUS_00086,3032YXFTDF          ,GF ,次   ,16000.0,2020-09-25 00:00:00,1.0,284.0
CUS_00086,08ALTISTA1E2        ,GF ,組   ,700.0,2020-09-25 00:00:00,1.0,285.0
CUS_00086,RSENBEMG14          ,GF ,支   ,250.0,2020-09-25 00:00:00,1.0,285.0
CUS_00086,RSENBEMG26H         ,GF ,支   ,450.0,2020-09-25 00:00:00,1.0,285.0
CUS_00086,AH59ZVQW            ,GF ,條   ,650.0,2020-09-25 00:00:00,1.0,285.0
CUS_00086,AH62CCZVQ           ,GF ,條   ,600.0,2020-09-25 00:00:00,1.0,285.0
CUS_00587,KICKS1.818          ,GF ,組   ,0.0,2020-09-25 00:00:00,1.0,286.0
CUS_00587,CUWRV15             ,GF ,各   ,0.0,2020-09-25 00:00:00,2.0,290.0
CUS_00587,WGXMODELXTA1E2      ,GF ,組   ,0.0,2020-09-28 00:00:00,1.0,298.0
CUS_00587,EX0085JC            ,GF ,組   ,0.0,2020-10-26 00:00:00,1.0,422.0
CUS_00587,12EAX5MW2           ,GF ,組   ,0.0,2021-08-17 00:00:00,1.0,1745.0
CUS_00587,CYJW5               ,GF ,各   ,0.0,2021-08-20 00:00:00,1.0,1765.0
CUS_00086,08ALTIS5MW2         ,GF ,組   ,850.0,2022-03-14 00:00:00,1.0,2652.0
CUS_00682,2TXWJX              ,GF ,組   ,700.0,2022-11-25 00:00:00,1.0,3534.0
CUS_00587,3DVXT5U1            ,GF ,各   ,0.0,2023-07-10 00:00:00,1.0,4284.0
CUS_00587,PNSSUN006           ,GF ,組   ,0.0,2023-08-30 00:00:00,1.0,4466.0
CUS_00587,VBDAMMGR            ,GF ,罐   ,0.0,2023-10-11 00:00:00,1.0,4580.0
CUS_00587,07EAX5MW2           ,GF ,組   ,0.0,2024-12-03 00:00:00,1.0,5682.0
CUS_00587,ZEROFV1UUR          ,GF ,罐   ,0.0,2025-05-31 00:00:00,1.0,6273.0
CUS_00587,AH59ZVQW            ,GF ,條   ,0.0,2025-06-24 00:00:00,1.0,6333.0
CUS_00587,VBDC1MGR2000ML      ,GF ,罐   ,0.0,2025-12-23 00:00:00,1.0,6774.0
CUS_00682,AV5VC               ,GF ,組   ,350.0,2026-01-08 00:00:00,2.0,6813.0
CUS_00587,CHEERS1540RU        ,GF ,罐   ,0.0,2026-01-20 00:00:00,1.0,6845.0
CUS_00587,SF0028A1D           ,GF ,組   ,0.0,2026-02-21 00:00:00,1.0,6942.0
CUS_00587,RSENH112TY          ,GF ,組   ,0.0,2026-02-23 00:00:00,1.0,6944.0
CUS_00693,2TVUJE              ,GF ,組   ,2000.0,2020-07-31 00:00:00,1.0,0.0
CUS_00587,PNS003              ,GF ,條   ,0.0,2020-08-03 00:00:00,1.0,16.0
CUS_00587,ID12H52U            ,GF ,組   ,6499.0,2020-08-04 00:00:00,1.0,17.0
CUS_00587,17CRV1E2            ,GF ,組   ,700.0,2020-08-04 00:00:00,1.0,20.0
CUS_00076,LD72UVTRXF          ,GF ,組   ,2500.0,2020-07-30 00:00:00,1.0,24.0
CUS_00587,AXJ                 ,GF ,罐   ,0.0,2026-03-03 00:00:00,1.0,6954.0
CUS_00587,13ALTISTA1E2        ,GF ,組   ,0.0,2026-03-17 00:00:00,1.0,6993.0
CUS_00587,NOIDNRMG14          ,GF ,支   ,0.0,2026-03-28 00:00:00,1.0,7015.0
CUS_00084,ZXQH12Q             ,GF ,各   ,199.0,2020-08-04 00:00:00,1.0,33.0
CUS_00260,TAA089              ,GF ,組   ,1000.0,2020-08-05 00:00:00,1.0,36.0
CUS_00260,AMN                 ,GF ,罐   ,600.0,2020-08-05 00:00:00,1.0,36.0
CUS_00682,VTRXFV              ,GF ,組   ,200.0,2020-08-24 00:00:00,2.0,127.0
CUS_00587,10AYW3CGR           ,GF ,組   ,0.0,2020-09-09 00:00:00,1.0,194.0
CUS_00587,AMN                 ,GF ,罐   ,0.0,2020-09-16 00:00:00,1.0,231.0
CUS_00588,19RAV4QCE           ,GF ,組   ,3000.0,2020-11-30 00:00:00,1.0,592.0
CUS_00587,8496ZVQE            ,GF ,條   ,0.0,2021-05-21 00:00:00,1.0,1387.0
CUS_00615,BGWGE               ,GF ,支   ,1500.0,2020-08-06 00:00:00,1.0,39.0
CUS_00615,SAXO5W50            ,GF ,罐   ,400.0,2020-08-06 00:00:00,1.0,39.0
CUS_00615,GVFV                ,GF ,次   ,800.0,2020-08-06 00:00:00,1.0,39.0
CUS_00260,CLA250FQCE          ,GF ,組   ,6500.0,2020-08-06 00:00:00,1.0,39.0
CUS_00260,SENFINECOFURFFVR    ,GF ,罐   ,1800.0,2020-08-06 00:00:00,1.0,39.0
CUS_00587,H75RY               ,GF ,各   ,0.0,2020-08-07 00:00:00,1.0,41.0
CUS_00674,V2V1JFMT            ,GF ,組   ,600.0,2020-08-07 00:00:00,1.0,43.0
CUS_00587,EXXQUW20            ,GF ,組   ,0.0,2020-08-08 00:00:00,1.0,48.0
CUS_00674,W15ZX5R             ,GF ,組   ,8000.0,2020-07-15 00:00:00,1.0,49.0
CUS_00704,YARISFMT            ,GF ,組   ,400.0,2020-08-12 00:00:00,1.0,52.0
CUS_00722,2TX23UJX            ,GF ,組   ,3000.0,2020-08-12 00:00:00,1.0,53.0
CUS_00722,2TX23UDB            ,GF ,組   ,3000.0,2020-08-12 00:00:00,1.0,53.0
CUS_00587,TST120EUX1          ,GF ,組   ,0.0,2020-08-12 00:00:00,1.0,54.0
CUS_00587,2TX23UDB            ,GF ,組   ,0.0,2020-08-12 00:00:00,1.0,56.0
CUS_00558,ERQ55D23L2Q         ,GF ,各   ,3000.0,2020-08-12 00:00:00,1.0,57.0
CUS_00587,9212Q               ,GF ,各   ,0.0,2020-10-06 00:00:00,1.0,327.0
CUS_00587,TURBOH11            ,GF ,組   ,0.0,2021-01-15 00:00:00,1.0,812.0
CUS_00674,10HJV5R             ,GF ,組   ,13500.0,2021-01-23 00:00:00,1.0,851.0
CUS_00674,2TVUJE              ,GF ,組   ,2500.0,2021-01-23 00:00:00,1.0,851.0
CUS_00587,DNE2R               ,GF ,組   ,0.0,2023-03-27 00:00:00,1.0,4001.0
CUS_00615,GVE1.12             ,GF ,各   ,500.0,2023-06-28 00:00:00,1.0,4262.0
CUS_00615,G204GVR             ,GF ,罐   ,1000.0,2023-07-05 00:00:00,1.0,4270.0
CUS_00587,SAAXR2              ,GF ,組   ,0.0,2023-07-19 00:00:00,1.0,4316.0
CUS_00674,GS2LM8005           ,GF ,組   ,700.0,2021-01-23 00:00:00,1.0,851.0
CUS_00674,EY                  ,GF ,次   ,350.0,2021-01-23 00:00:00,1.0,853.0
CUS_00587,12VA2-              ,GF ,各   ,0.0,2021-02-09 00:00:00,1.0,964.0
CUS_00615,12FVRU5XR           ,GF ,罐   ,600.0,2021-07-02 00:00:00,1.0,1527.0
CUS_00674,LD9VTRXF            ,GF ,組   ,5000.0,2022-03-23 00:00:00,1.0,2805.0
CUS_00587,AL5003TY-CU         ,GF ,組   ,0.0,2022-07-18 00:00:00,1.0,3051.0
CUS_00674,LD9GPS              ,GF ,組   ,1000.0,2020-08-13 00:00:00,1.0,57.0
CUS_00674,KMWTV               ,GF ,各   ,250.0,2020-08-13 00:00:00,1.0,57.0
CUS_00587,ZN5RJV              ,GF ,次   ,0.0,2020-08-14 00:00:00,1.0,59.0
CUS_00587,PNSBKF40B           ,GF ,組   ,0.0,2020-08-14 00:00:00,1.0,60.0
CUS_00587,GARMIN57JV          ,GF ,次   ,0.0,2020-08-14 00:00:00,1.0,65.0
CUS_00587,TUBRO9005LED        ,GF ,組   ,0.0,2020-08-15 00:00:00,1.0,69.0
CUS_00587,PNSHXT03            ,GF ,組   ,0.0,2020-08-17 00:00:00,1.0,73.0
CUS_00587,NOID15GS2           ,GF ,卡   ,0.0,2020-08-17 00:00:00,2.0,80.0
CUS_00587,NB5W50TU            ,GF ,罐   ,0.0,2020-08-18 00:00:00,4.0,82.0
CUS_00074,06TIDA5MW2          ,GF ,組   ,550.0,2020-08-18 00:00:00,1.0,83.0
CUS_00587,ID6HZUX1            ,GF ,組   ,0.0,2020-08-18 00:00:00,1.0,86.0
CUS_00682,99XGTA1E2           ,GF ,組   ,560.0,2020-08-18 00:00:00,1.0,92.0
CUS_00437,LD9VTRXF            ,GF ,組   ,8500.0,2020-08-19 00:00:00,1.0,92.0
CUS_00437,WUSWU5TF            ,GF ,組   ,2800.0,2020-08-19 00:00:00,1.0,92.0
CUS_00437,PNSS25              ,GF ,組   ,450.0,2020-08-19 00:00:00,1.0,92.0
CUS_00437,RSEN61              ,GF ,條   ,550.0,2020-08-19 00:00:00,1.0,92.0
CUS_00154,2TXWSDXU            ,GF ,組   ,2000.0,2020-08-17 00:00:00,1.0,93.0
CUS_00587,SF035               ,GF ,卡   ,0.0,2020-11-11 00:00:00,1.0,497.0
CUS_00587,PNSF6037TY          ,GF ,組   ,0.0,2021-01-05 00:00:00,1.0,755.0
CUS_00587,CREQX               ,GF ,罐   ,0.0,2021-03-13 00:00:00,1.0,1074.0
CUS_00587,Z2FX1               ,GF ,組   ,0.0,2021-07-03 00:00:00,1.0,1536.0
CUS_00587,WF0306TW            ,GF ,組   ,0.0,2022-02-24 00:00:00,1.0,2582.0
CUS_00587,GN007J2WV           ,GF ,隻   ,0.0,2023-05-11 00:00:00,1.0,4137.0
CUS_00587,HY898               ,GF ,組   ,0.0,2024-03-29 00:00:00,1.0,5104.0
CUS_00587,ERQ55D23L2Q         ,GF ,各   ,0.0,2024-04-26 00:00:00,1.0,5164.0
CUS_00587,2TVUJE              ,GF ,組   ,0.0,2024-05-31 00:00:00,1.0,5248.0
CUS_00587,2TXWSDXU            ,GF ,組   ,2000.0,2025-05-05 00:00:00,1.0,6152.0
CUS_00587,RSENH72HY           ,GF ,組   ,0.0,2025-10-31 00:00:00,1.0,6631.0
CUS_00587,SAXO1040            ,GF ,罐   ,0.0,2026-01-22 00:00:00,1.0,6849.0
CUS_00587,1MT5D               ,GF ,組   ,0.0,2026-01-23 00:00:00,1.0,6853.0
CUS_00587,PNSTPC001           ,GF ,組   ,0.0,2022-03-16 00:00:00,1.0,2663.0
CUS_00587,GARMINDRIVE52       ,GF ,組   ,0.0,2022-10-11 00:00:00,1.0,3347.0
CUS_00587,SF1014              ,GF ,卡   ,0.0,2022-11-17 00:00:00,1.0,3502.0
CUS_00682,PNSF404             ,GF ,組   ,500.0,2020-08-19 00:00:00,1.0,93.0
CUS_00587,RV81CGR2T           ,GF ,各   ,0.0,2020-08-20 00:00:00,1.0,96.0
CUS_00076,PNSCDZX01           ,GF ,組   ,250.0,2020-08-20 00:00:00,1.0,96.0
CUS_00587,RSEB18BEMG          ,GF ,支   ,0.0,2020-08-24 00:00:00,1.0,104.0
CUS_00587,ZV5Q5VTRXF          ,GF ,組   ,2999.0,2020-08-24 00:00:00,1.0,111.0
CUS_00587,RSEND1S8000K        ,GF ,各   ,0.0,2020-08-24 00:00:00,1.0,118.0
CUS_00587,O011D2AW5           ,GF ,張   ,0.0,2020-08-25 00:00:00,2.0,130.0
CUS_00564,N12                 ,GF ,組   ,1500.0,2020-08-25 00:00:00,1.0,130.0
CUS_00733,RV2CRW              ,GF ,組   ,2500.0,2020-08-26 00:00:00,1.0,131.0
CUS_00733,PNSTPC001           ,GF ,組   ,200.0,2020-08-26 00:00:00,1.0,131.0
CUS_00132,ZV5G539HNF          ,GF ,組   ,3000.0,2020-08-26 00:00:00,1.0,131.0
CUS_00587,SJ38AW              ,GF ,組   ,0.0,2020-09-08 00:00:00,1.0,188.0
CUS_00587,HA40VMT             ,GF ,組   ,0.0,2020-09-22 00:00:00,1.0,266.0
CUS_00587,2UVG                ,GF ,罐   ,300.0,2021-02-23 00:00:00,2.0,1004.0
CUS_00587,FUVE                ,GF ,各   ,0.0,2021-03-15 00:00:00,1.0,1082.0
CUS_00587,PS253F25U           ,GF ,組   ,0.0,2021-07-06 00:00:00,1.0,1549.0
CUS_00587,A5MVEY2             ,GF ,組   ,0.0,2021-07-09 00:00:00,2.0,1567.0
CUS_00587,RSENBEMG20          ,GF ,支   ,0.0,2021-11-05 00:00:00,1.0,2042.0
CUS_00587,04WISHFMT           ,GF ,組   ,0.0,2023-03-16 00:00:00,1.0,3981.0
CUS_00587,GVXJ                ,GF ,組   ,0.0,2023-08-02 00:00:00,1.0,4352.0
CUS_00587,15AY24QFMT          ,GF ,組   ,0.0,2023-08-14 00:00:00,1.0,4409.0
CUS_00587,DA0FCW              ,GF ,組   ,0.0,2024-01-30 00:00:00,1.0,4921.0
CUS_00587,SENFINECORU5X       ,GF ,罐   ,550.0,2024-02-23 00:00:00,2.0,4999.0
CUS_00587,AL578USB            ,GF ,組   ,0.0,2024-03-06 00:00:00,1.0,5024.0
CUS_00587,PNSHG03             ,GF ,組   ,0.0,2024-06-24 00:00:00,1.0,5336.0
CUS_00587,PNSS27              ,GF ,組   ,0.0,2024-07-04 00:00:00,1.0,5367.0
CUS_00587,UJGY                ,GF ,各   ,0.0,2025-05-05 00:00:00,2.0,6156.0
CUS_00587,RSEN02F             ,GF ,各   ,0.0,2025-06-04 00:00:00,1.0,6278.0
CUS_00587,ECC9922TBCR         ,GF ,罐   ,0.0,2025-09-03 00:00:00,1.0,6488.0
CUS_00587,KNOSR               ,GF ,片   ,0.0,2025-11-24 00:00:00,1.0,6686.0
CUS_00587,UX0GVR              ,GF ,罐   ,0.0,2025-12-24 00:00:00,1.0,6778.0
CUS_00587,WF602Q              ,GF ,各   ,2000.0,2026-01-17 00:00:00,1.0,6838.0
CUS_00587,CS376USB5R          ,GF ,組   ,1800.0,2020-09-28 00:00:00,1.0,299.0
CUS_00587,A14LEDJ2            ,GF ,各   ,1.0,2020-09-28 00:00:00,1.0,308.0
CUS_00587,NO77CVWVG           ,GF ,罐   ,0.0,2020-09-28 00:00:00,1.0,310.0
CUS_00598,G2DE                ,GF ,各   ,150.0,2020-10-02 00:00:00,1.0,322.0
CUS_00733,LD72UVTRXF          ,GF ,組   ,3500.0,2020-10-04 00:00:00,1.0,326.0
CUS_00601,NB1040              ,GF ,罐   ,500.0,2020-10-05 00:00:00,5.0,326.0
CUS_00587,RSENH78000K         ,GF ,各   ,0.0,2022-08-23 00:00:00,2.0,3195.0
CUS_00587,ZINGO5MW2           ,GF ,組   ,0.0,2020-08-26 00:00:00,1.0,137.0
CUS_00587,RSEN90058000K       ,GF ,各   ,0.0,2020-08-27 00:00:00,2.0,139.0
CUS_00636,ID12H52U            ,GF ,組   ,6500.0,2020-08-04 00:00:00,1.0,139.0
CUS_00636,V1                  ,GF ,組   ,1000.0,2020-08-04 00:00:00,1.0,139.0
CUS_00636,EY                  ,GF ,次   ,1000.0,2020-08-04 00:00:00,1.0,139.0
CUS_00636,AV5VC               ,GF ,組   ,500.0,2020-08-04 00:00:00,1.0,139.0
CUS_00636,ID6HZUX1            ,GF ,組   ,5000.0,2020-08-18 00:00:00,1.0,139.0
CUS_00636,6H2EF               ,GF ,組   ,300.0,2020-08-27 00:00:00,2.0,139.0
CUS_00712,NISSIONYQU          ,GF ,罐   ,600.0,2020-08-28 00:00:00,5.0,146.0
CUS_00211,V81VTRXF            ,GF ,組   ,4000.0,2020-08-28 00:00:00,1.0,147.0
CUS_00211,AL5003              ,GF ,組   ,350.0,2020-08-28 00:00:00,1.0,147.0
CUS_00211,CD-8068USB5R        ,GF ,組   ,4300.0,2020-08-28 00:00:00,1.0,147.0
CUS_00211,TYPERH4CR           ,GF ,組   ,700.0,2020-08-28 00:00:00,1.0,147.0
CUS_00211,4RR2F               ,GF ,各   ,150.0,2020-08-28 00:00:00,1.0,147.0
CUS_00712,XGNRRLC             ,GF ,組   ,3000.0,2020-08-28 00:00:00,1.0,148.0
CUS_00712,XGZG2Y              ,GF ,組   ,3000.0,2020-08-28 00:00:00,1.0,148.0
CUS_00587,WISHXFWZA1          ,GF ,各   ,0.0,2020-08-31 00:00:00,1.0,156.0
CUS_00549,GN152EF             ,GF ,組   ,90.0,2020-08-31 00:00:00,1.0,168.0
CUS_00587,V81VTRXF            ,GF ,組   ,4000.0,2021-04-21 00:00:00,1.0,1234.0
CUS_00587,106USB6.1A          ,GF ,組   ,0.0,2022-04-14 00:00:00,1.0,2754.0
CUS_00587,RX15W40RU           ,GF ,罐   ,0.0,2022-06-11 00:00:00,1.0,2964.0
CUS_00587,UZ2ES5JR            ,GF ,組   ,0.0,2023-04-13 00:00:00,1.0,4051.0
CUS_00587,VBDV1XCA            ,GF ,各   ,0.0,2024-01-30 00:00:00,1.0,4913.0
CUS_00587,PNSSUN007           ,GF ,組   ,0.0,2024-05-24 00:00:00,1.0,5233.0
CUS_00587,C13.12UTY           ,GF ,組   ,0.0,2025-04-02 00:00:00,1.0,5990.0
CUS_00587,RSENH42TY           ,GF ,組   ,0.0,2025-04-19 00:00:00,1.0,6085.0
CUS_00587,VTRXF2MV            ,GF ,組   ,300.0,2025-04-23 00:00:00,1.0,6097.0
CUS_00587,ABROQGUR            ,GF ,罐   ,0.0,2025-05-31 00:00:00,1.0,6274.0
CUS_00587,PNSSUN05            ,GF ,組   ,0.0,2025-07-16 00:00:00,2.0,6395.0
CUS_00587,SF0025              ,GF ,卡   ,0.0,2025-08-02 00:00:00,2.0,6427.0
CUS_00587,ELANTRAGTDE         ,GF ,組   ,0.0,2020-09-02 00:00:00,1.0,164.0
CUS_00587,SF1254H75RT         ,GF ,組   ,0.0,2020-09-02 00:00:00,1.0,169.0
CUS_00587,GV2Q                ,GF ,各   ,0.0,2026-03-07 00:00:00,1.0,6968.0
CUS_00587,ABTE040             ,GF ,組   ,0.0,2026-03-17 00:00:00,1.0,6991.0
CUS_00587,929TX               ,GF ,罐   ,0.0,2026-03-19 00:00:00,1.0,7001.0
CUS_00601,RSEMBEMG18          ,GF ,支   ,250.0,2020-10-05 00:00:00,1.0,326.0
CUS_00601,RSENBEMG20          ,GF ,支   ,250.0,2020-10-05 00:00:00,1.0,326.0
CUS_00587,AFLS150JV2          ,GF ,組   ,0.0,2020-10-07 00:00:00,1.0,337.0
CUS_00587,CUJ5                ,GF ,各   ,0.0,2020-10-07 00:00:00,1.0,338.0
CUS_00587,M115RLED            ,GF ,組   ,0.0,2020-10-07 00:00:00,1.0,339.0
CUS_00587,CNQD                ,GF ,組   ,0.0,2020-10-10 00:00:00,1.0,351.0
CUS_00694,CNQD                ,GF ,組   ,300.0,2020-10-10 00:00:00,1.0,353.0
CUS_00587,A095                ,GF ,條   ,0.0,2023-02-24 00:00:00,1.0,3892.0
CUS_00587,VBD2XCA             ,GF ,包   ,50.0,2020-10-10 00:00:00,0.5,362.0
CUS_00587,ZWUV                ,GF ,各   ,0.0,2023-04-28 00:00:00,2.0,4095.0
CUS_00587,NXYRX               ,GF ,罐   ,0.0,2023-07-19 00:00:00,1.0,4321.0
CUS_00587,W2XEUA              ,GF ,各   ,0.0,2023-12-05 00:00:00,1.0,4752.0
CUS_00694,ZJTUA               ,GF ,罐   ,300.0,2023-12-27 00:00:00,1.0,4817.0
CUS_00587,TURBOH4LED          ,GF ,組   ,0.0,2024-06-06 00:00:00,1.0,5262.0
CUS_00587,H355W2Q             ,GF ,各   ,0.0,2024-06-07 00:00:00,1.0,5275.0
CUS_00587,KY359FE             ,GF ,各   ,0.0,2024-09-25 00:00:00,2.0,5543.0
CUS_00587,NB1040              ,GF ,罐   ,550.0,2024-10-29 00:00:00,4.0,5599.0
CUS_00694,2XGW                ,GF ,卷   ,650.0,2024-11-19 00:00:00,1.0,5659.0
CUS_00587,VYRXFVQ             ,GF ,各   ,0.0,2025-04-07 00:00:00,1.0,6014.0
CUS_00587,GN5V                ,GF ,罐   ,0.0,2025-07-01 00:00:00,1.0,6352.0
CUS_00587,SF0046              ,GF ,卡   ,0.0,2025-09-22 00:00:00,1.0,6543.0
CUS_00587,H4OSRAM2Q           ,GF ,各   ,0.0,2025-10-23 00:00:00,2.0,6606.0
CUS_00587,ZXR                 ,GF ,罐   ,0.0,2025-11-05 00:00:00,1.0,6648.0
CUS_00587,G74435630           ,GF ,卡   ,0.0,2025-12-25 00:00:00,1.0,6780.0
CUS_00587,EVEW2               ,GF ,組   ,0.0,2026-02-14 00:00:00,1.0,6923.0
CUS_00587,G185630             ,GF ,卡   ,0.0,2026-02-14 00:00:00,1.0,6936.0
CUS_00689,A740VTRXF           ,GF ,組   ,6000.0,2020-10-12 00:00:00,1.0,368.0
CUS_00689,AL5003TY-CU         ,GF ,組   ,350.0,2020-10-12 00:00:00,1.0,368.0
CUS_00689,DAY2F               ,GF ,各   ,1000.0,2020-10-12 00:00:00,1.0,368.0
CUS_00689,PNSE013             ,GF ,組   ,250.0,2020-10-12 00:00:00,1.0,368.0
CUS_00602,5E2Q                ,GF ,組   ,1200.0,2020-09-25 00:00:00,1.0,370.0
CUS_00602,EY                  ,GF ,次   ,100.0,2020-09-25 00:00:00,1.0,370.0
CUS_00602,500APRTV            ,GF ,組   ,500.0,2020-09-25 00:00:00,1.0,370.0
CUS_00370,X1VY                ,GF ,組   ,500.0,2020-10-13 00:00:00,1.0,372.0
CUS_00587,2XGW                ,GF ,卷   ,0.0,2026-03-11 00:00:00,1.0,6975.0
CUS_00587,ZERO14VRMG          ,GF ,支   ,0.0,2026-03-16 00:00:00,1.0,6987.0
CUS_00587,FQF5                ,GF ,各   ,0.0,2020-10-14 00:00:00,1.0,380.0
CUS_00189,TYPERH4CR           ,GF ,組   ,800.0,2020-10-15 00:00:00,1.0,385.0
CUS_00587,SANTFEXFXJ          ,GF ,各   ,0.0,2020-10-15 00:00:00,1.0,387.0
CUS_00171,7231HEMGAW          ,GF ,組   ,2500.0,2020-10-15 00:00:00,1.0,387.0
CUS_00171,7231HEMGXE          ,GF ,組   ,3500.0,2020-10-15 00:00:00,1.0,387.0
CUS_00171,RSEMBEMG18          ,GF ,支   ,250.0,2020-10-15 00:00:00,1.0,387.0
CUS_00587,SF0047              ,GF ,組   ,0.0,2020-10-15 00:00:00,1.0,388.0
CUS_00630,510Z2F              ,GF ,組   ,1000.0,2020-10-16 00:00:00,1.0,391.0
CUS_00322,RSEN02F             ,GF ,各   ,1000.0,2020-10-16 00:00:00,2.0,391.0
CUS_00322,DAYL60XU2           ,GF ,組   ,2000.0,2020-10-16 00:00:00,1.0,391.0
CUS_00322,RSENT105630         ,GF ,卡   ,400.0,2020-10-16 00:00:00,1.0,391.0
CUS_00322,H75RY               ,GF ,各   ,200.0,2020-10-16 00:00:00,2.0,391.0
CUS_00587,PNSHGK01U1ED        ,GF ,組   ,0.0,2020-11-28 00:00:00,1.0,590.0
CUS_00587,KSTAR246CMG         ,GF ,支   ,0.0,2021-02-10 00:00:00,1.0,978.0
CUS_00189,CARDIOCA700.1A      ,GF ,組   ,11000.0,2021-08-11 00:00:00,1.0,1720.0
CUS_00587,LY520CGR            ,GF ,組   ,0.0,2021-10-08 00:00:00,1.0,1939.0
CUS_00587,8852T2R             ,GF ,組   ,0.0,2022-02-22 00:00:00,1.0,2567.0
CUS_00171,RSENBEMG24H         ,GF ,支   ,550.0,2022-08-02 00:00:00,1.0,3106.0
CUS_00587,RSENBEMG26H         ,GF ,支   ,0.0,2022-08-22 00:00:00,1.0,3177.0
CUS_00587,RSENBEMG14          ,GF ,支   ,0.0,2022-08-22 00:00:00,1.0,3178.0
CUS_00021,SENFINECOCUFFVR     ,GF ,罐   ,1200.0,2020-10-26 00:00:00,1.0,423.0
CUS_00587,A15BV2              ,GF ,各   ,0.0,2024-09-06 00:00:00,2.0,5510.0
CUS_00587,BW2                 ,GF ,條   ,0.0,2024-12-27 00:00:00,1.0,5775.0
CUS_00322,RSENH78000K         ,GF ,各   ,1000.0,2025-01-04 00:00:00,1.0,5792.0
CUS_00587,VBDVRW1CR           ,GF ,罐   ,0.0,2025-05-24 00:00:00,1.0,6241.0
CUS_00587,FR2GUG              ,GF ,組   ,0.0,2025-08-11 00:00:00,1.0,6452.0
CUS_00587,PNSCP280P           ,GF ,組   ,0.0,2025-09-12 00:00:00,1.0,6514.0
CUS_00370,EY                  ,GF ,次   ,500.0,2025-10-27 00:00:00,1.0,6616.0
CUS_00021,SENFINECOFURFFVR    ,GF ,罐   ,1800.0,2020-10-26 00:00:00,1.0,423.0
CUS_00021,3MCUFFVR            ,GF ,罐   ,1200.0,2020-10-26 00:00:00,1.0,423.0
CUS_00004,NB1040              ,GF ,罐   ,500.0,2020-10-27 00:00:00,4.0,425.0
CUS_00004,AYW3DFV             ,GF ,各   ,350.0,2020-10-27 00:00:00,1.0,425.0
CUS_00587,12ELENLA2XFMT       ,GF ,組   ,0.0,2020-10-28 00:00:00,1.0,428.0
CUS_00587,07EAXCXQ            ,GF ,組   ,0.0,2020-10-28 00:00:00,1.0,430.0
CUS_00076,DVR212GUVTRXF       ,GF ,組   ,2500.0,2020-10-29 00:00:00,1.0,434.0
CUS_00076,PNSSW001            ,GF ,條   ,400.0,2020-10-29 00:00:00,1.0,434.0
CUS_00719,DUWU5HF             ,GF ,組   ,3500.0,2020-10-31 00:00:00,1.0,446.0
CUS_00726,VIOS05H165R         ,GF ,組   ,6500.0,2020-10-31 00:00:00,1.0,446.0
CUS_00587,K83DEXXDFV          ,GF ,各   ,0.0,2020-10-31 00:00:00,1.0,448.0
CUS_00649,RSENT105630         ,GF ,卡   ,300.0,2020-11-02 00:00:00,1.0,450.0
CUS_00649,T15303015W          ,GF ,卡   ,450.0,2020-11-02 00:00:00,1.0,450.0
CUS_00460,ZV5Q5VTRXF          ,GF ,組   ,3400.0,2020-11-02 00:00:00,1.0,450.0
CUS_00460,TC668652XDTY        ,GF ,組   ,200.0,2020-11-02 00:00:00,1.0,450.0
CUS_00460,PNSXP058            ,GF ,組   ,400.0,2020-11-02 00:00:00,1.0,450.0
CUS_00066,09YARISXXQ          ,GF ,各   ,1500.0,2020-11-02 00:00:00,1.0,450.0
CUS_00587,39MMGS2             ,GF ,各   ,0.0,2022-08-02 00:00:00,2.0,3105.0
CUS_00587,89VUQZVQW           ,GF ,條   ,0.0,2022-08-18 00:00:00,1.0,3165.0
CUS_00322,RSENT104014242      ,GF ,組   ,400.0,2020-10-16 00:00:00,1.0,391.0
CUS_00587,T4FMT               ,GF ,組   ,0.0,2020-10-16 00:00:00,1.0,392.0
CUS_00587,CRYXX               ,GF ,罐   ,0.0,2020-10-16 00:00:00,1.0,395.0
CUS_00066,ZEROFV1UUR          ,GF ,罐   ,400.0,2023-03-11 00:00:00,1.0,3953.0
CUS_00066,NB1040              ,GF ,罐   ,500.0,2023-05-09 00:00:00,4.0,4135.0
CUS_00066,2782VZXW            ,GF ,各   ,2750.0,2023-05-09 00:00:00,2.0,4136.0
CUS_00587,PNSHD303            ,GF ,組   ,0.0,2023-10-26 00:00:00,1.0,4624.0
CUS_00587,W8542YG5            ,GF ,組   ,0.0,2024-04-22 00:00:00,1.0,5153.0
CUS_00066,ZWUV                ,GF ,各   ,100.0,2024-07-31 00:00:00,1.0,5433.0
CUS_00587,POSEN16H            ,GF ,組   ,0.0,2024-10-08 00:00:00,1.0,5558.0
CUS_00587,TYPERH4CR           ,GF ,組   ,0.0,2025-03-22 00:00:00,1.0,5957.0
CUS_00587,X1V                 ,GF ,米   ,0.0,2025-06-06 00:00:00,10.0,6282.0
CUS_00587,1W                  ,GF ,組   ,0.0,2025-07-01 00:00:00,1.0,6351.0
CUS_00587,T20GV2Q             ,GF ,各   ,0.0,2025-07-21 00:00:00,2.0,6406.0
CUS_00322,EWXLEDXU            ,GF ,組   ,2000.0,2020-10-16 00:00:00,1.0,395.0
CUS_00587,SENFINECOFURFFVR    ,GF ,罐   ,0.0,2020-10-16 00:00:00,1.0,397.0
CUS_00076,SIENTAFMT           ,GF ,組   ,500.0,2020-10-21 00:00:00,1.0,406.0
CUS_00370,OM1882Y             ,GF ,組   ,800.0,2020-10-22 00:00:00,1.0,410.0
CUS_00370,RSENZVQZMOMO        ,GF ,支   ,4200.0,2020-10-22 00:00:00,1.0,410.0
CUS_00587,ZEZVQ               ,GF ,支   ,0.0,2020-10-22 00:00:00,1.0,411.0
CUS_00587,JM921URC            ,GF ,各   ,0.0,2020-10-22 00:00:00,1.0,412.0
CUS_00383,2TXWSDXU            ,GF ,組   ,2000.0,2020-10-23 00:00:00,1.0,413.0
CUS_00383,3M2CM               ,GF ,捲   ,200.0,2020-10-23 00:00:00,1.0,413.0
CUS_00587,ZEROVRMG20          ,GF ,支   ,0.0,2026-04-03 00:00:00,1.0,7019.0
CUS_00587,ZEROVRMG18          ,GF ,支   ,0.0,2026-04-09 00:00:00,1.0,7032.0
CUS_00383,RSEN0F2D            ,GF ,各   ,200.0,2020-10-23 00:00:00,1.0,413.0
CUS_00682,RSENT105SMD         ,GF ,卡   ,250.0,2020-10-23 00:00:00,1.0,413.0
CUS_00463,AV5F2               ,GF ,組   ,500.0,2020-10-24 00:00:00,1.0,416.0
CUS_00463,1VNY                ,GF ,各   ,250.0,2020-10-24 00:00:00,1.0,416.0
CUS_00463,AFL283578           ,GF ,組   ,500.0,2020-10-24 00:00:00,1.0,416.0
CUS_00463,AFL5050FH           ,GF ,條   ,550.0,2020-10-24 00:00:00,6.0,416.0
CUS_00463,EY                  ,GF ,次   ,1500.0,2020-10-24 00:00:00,1.0,416.0
CUS_00463,10WISHTA1E2         ,GF ,組   ,750.0,2020-10-24 00:00:00,1.0,416.0
CUS_00021,ESCAPE22YPCUCR      ,GF ,各   ,650.0,2020-10-26 00:00:00,4.0,423.0
CUS_00572,T15303015W          ,GF ,卡   ,400.0,2020-11-02 00:00:00,1.0,456.0
CUS_00587,PNSSCUPUZ1          ,GF ,組   ,0.0,2021-05-05 00:00:00,1.0,1292.0
CUS_00587,7003J25R            ,GF ,組   ,0.0,2021-08-03 00:00:00,1.0,1680.0
CUS_00587,VR1RUV              ,GF ,各   ,0.0,2021-09-17 00:00:00,1.0,1862.0
CUS_00587,TYPERH4T1E          ,GF ,組   ,0.0,2021-12-02 00:00:00,1.0,2163.0
CUS_00285,HK902DUX1           ,GF ,組   ,1200.0,2020-10-16 00:00:00,1.0,2389.0
CUS_00621,HK800JGX1           ,GF ,組   ,1000.0,2022-01-14 00:00:00,1.0,2389.0
CUS_00587,IN362835GS2         ,GF ,卡   ,0.0,2022-09-22 00:00:00,2.0,3287.0
CUS_00587,X1E                 ,GF ,各   ,0.0,2022-10-27 00:00:00,1.0,3419.0
CUS_00615,UX0GVR              ,GF ,罐   ,500.0,2020-11-11 00:00:00,1.0,496.0
CUS_00587,FRPNS8MXR2F         ,GF ,組   ,0.0,2020-11-11 00:00:00,1.0,502.0
CUS_00370,A15BV2              ,GF ,各   ,650.0,2020-11-12 00:00:00,2.0,505.0
CUS_00370,VZVW                ,GF ,組   ,800.0,2020-11-12 00:00:00,1.0,505.0
CUS_00587,RSENUG24HMG         ,GF ,支   ,0.0,2024-10-29 00:00:00,1.0,5595.0
CUS_00587,2VCQ2Q              ,GF ,各   ,0.0,2026-01-03 00:00:00,2.0,6801.0
CUS_00587,J00350CMG           ,GF ,支   ,0.0,2026-01-17 00:00:00,1.0,6837.0
CUS_00370,GS2LM8005           ,GF ,組   ,450.0,2020-11-12 00:00:00,2.0,505.0
CUS_00587,VIOSDFV             ,GF ,組   ,0.0,2020-11-13 00:00:00,1.0,514.0
CUS_00694,929TX               ,GF ,罐   ,100.0,2020-11-13 00:00:00,1.0,518.0
CUS_00694,ID8H52UU            ,GF ,組   ,5000.0,2020-11-13 00:00:00,1.0,518.0
CUS_00694,V1                  ,GF ,組   ,1000.0,2020-11-13 00:00:00,1.0,518.0
CUS_00694,AV5VC               ,GF ,組   ,500.0,2020-11-13 00:00:00,1.0,518.0
CUS_00624,CARDIOCA700.1A      ,GF ,組   ,10500.0,2020-11-14 00:00:00,1.0,519.0
CUS_00624,AH62CCZVQ           ,GF ,條   ,650.0,2020-11-14 00:00:00,1.0,519.0
CUS_00624,Z2FX1               ,GF ,組   ,850.0,2020-11-14 00:00:00,1.0,519.0
CUS_00694,CLA45CVZFE          ,GF ,組   ,11200.0,2020-11-13 00:00:00,1.0,521.0
CUS_00587,NOIDNRMG26          ,GF ,支   ,0.0,2026-03-19 00:00:00,1.0,7003.0
CUS_00694,CLA250CZFE2E        ,GF ,次   ,1000.0,2020-11-13 00:00:00,1.0,521.0
CUS_00132,EAXC2E              ,GF ,組   ,1000.0,2020-11-13 00:00:00,1.0,521.0
CUS_00692,S24VTRXF            ,GF ,組   ,4000.0,2020-11-14 00:00:00,1.0,521.0
CUS_00692,1MT5D               ,GF ,組   ,2000.0,2020-11-14 00:00:00,1.0,521.0
CUS_00692,V189005             ,GF ,組   ,3500.0,2020-11-14 00:00:00,1.0,521.0
CUS_00692,V05822CMR           ,GF ,罐   ,350.0,2020-11-14 00:00:00,1.0,521.0
CUS_00587,AVVW                ,GF ,組   ,0.0,2020-11-13 00:00:00,1.0,540.0
CUS_00132,XW2J                ,GF ,次   ,600.0,2021-01-06 00:00:00,1.0,757.0
CUS_00342,TURBOH11            ,GF ,組   ,2500.0,2021-01-27 00:00:00,1.0,877.0
CUS_00587,VBD1UFRR            ,GF ,罐   ,0.0,2021-02-06 00:00:00,1.0,940.0
CUS_00587,GS2LM8005           ,GF ,組   ,0.0,2021-09-14 00:00:00,1.0,1846.0
CUS_00694,ABROTA1CQX          ,GF ,罐   ,350.0,2022-01-28 00:00:00,1.0,2462.0
CUS_00076,LD9VTRXF            ,GF ,組   ,5000.0,2022-03-21 00:00:00,1.0,2672.0
CUS_00365,RSENUE14H           ,GF ,支   ,200.0,2023-02-03 00:00:00,1.0,3794.0
CUS_00587,ACDELCO2QFRR        ,GF ,罐   ,0.0,2020-11-03 00:00:00,1.0,457.0
CUS_00084,2TXWJX              ,GF ,組   ,700.0,2020-11-03 00:00:00,1.0,459.0
CUS_00587,RSENHID5RF          ,GF ,各   ,0.0,2023-11-17 00:00:00,1.0,4701.0
CUS_00587,ID6HW5              ,GF ,組   ,0.0,2023-12-20 00:00:00,1.0,4789.0
CUS_00615,EY                  ,GF ,次   ,200.0,2024-05-06 00:00:00,1.0,5183.0
CUS_00587,ZXQH4CR2Q           ,GF ,各   ,0.0,2024-05-07 00:00:00,1.0,5184.0
CUS_00587,POSEN20H            ,GF ,組   ,0.0,2024-12-06 00:00:00,1.0,5706.0
CUS_00587,90122Q              ,GF ,各   ,0.0,2025-07-11 00:00:00,1.0,6385.0
CUS_00587,RSENT104014242      ,GF ,組   ,0.0,2025-10-20 00:00:00,1.0,6586.0
CUS_00587,G255630GV2Q         ,GF ,組   ,0.0,2025-10-25 00:00:00,1.0,6614.0
CUS_00587,S28WGDE             ,GF ,組   ,0.0,2026-01-12 00:00:00,2.0,6820.0
CUS_00189,2TVUJE              ,GF ,組   ,1500.0,2020-11-05 00:00:00,1.0,470.0
CUS_00587,XERUR               ,GF ,罐   ,0.0,2020-11-05 00:00:00,1.0,473.0
CUS_00587,ERQ402Q             ,GF ,各   ,0.0,2020-11-07 00:00:00,1.0,477.0
CUS_00694,VBD2XAF             ,GF ,組   ,80.0,2020-11-06 00:00:00,1.0,477.0
CUS_00694,VBDAMMGR            ,GF ,罐   ,150.0,2020-11-06 00:00:00,1.0,477.0
CUS_00694,VBDUMN              ,GF ,罐   ,500.0,2020-11-06 00:00:00,1.0,477.0
CUS_00694,VBDVTR              ,GF ,罐   ,150.0,2020-11-06 00:00:00,1.0,477.0
CUS_00694,3D5U1               ,GF ,組   ,250.0,2020-11-06 00:00:00,1.0,477.0
CUS_00640,ZERO14VRMG          ,GF ,支   ,880.0,2020-11-09 00:00:00,1.0,487.0
CUS_00640,ZEROVRMG26          ,GF ,支   ,1130.0,2020-11-09 00:00:00,1.0,487.0
CUS_00694,ZEROAMN+RFC         ,GF ,罐   ,950.0,2026-04-08 00:00:00,1.0,7029.0
CUS_00640,RSENT105SMD         ,GF ,卡   ,350.0,2020-11-09 00:00:00,1.0,487.0
CUS_00640,J00346              ,GF ,支   ,400.0,2020-11-09 00:00:00,1.0,487.0
CUS_00640,TYPER9005T1E        ,GF ,組   ,1000.0,2020-11-09 00:00:00,1.0,487.0
CUS_00694,CR20252T            ,GF ,各   ,100.0,2020-11-06 00:00:00,1.0,489.0
CUS_00587,NOQ03VG             ,GF ,罐   ,0.0,2020-11-10 00:00:00,1.0,494.0
CUS_00615,BGGGE               ,GF ,各   ,1200.0,2020-11-11 00:00:00,1.0,496.0
CUS_00615,R2GTW1              ,GF ,各   ,300.0,2020-11-11 00:00:00,1.0,496.0
CUS_00682,H16059H5R           ,GF ,組   ,5000.0,2020-11-18 00:00:00,1.0,532.0
CUS_00694,VBDC1XWU            ,GF ,罐   ,300.0,2021-02-18 00:00:00,1.0,993.0
CUS_00587,GV.E2Q              ,GF ,各   ,0.0,2021-03-13 00:00:00,2.0,1075.0
CUS_00630,V81VTRXF            ,GF ,組   ,2500.0,2021-08-21 00:00:00,1.0,1769.0
CUS_00587,PNSTPC004           ,GF ,組   ,0.0,2021-10-04 00:00:00,1.0,1908.0
CUS_00587,YH680               ,GF ,組   ,0.0,2021-12-04 00:00:00,1.0,2167.0
CUS_00587,VBDC1XWU            ,GF ,罐   ,0.0,2022-01-14 00:00:00,1.0,2366.0
CUS_00587,PNSHD05             ,GF ,組   ,0.0,2022-03-04 00:00:00,1.0,2619.0
CUS_00587,VBD2XAF             ,GF ,組   ,0.0,2022-07-08 00:00:00,1.0,3027.0
CUS_00587,RX1VG1              ,GF ,條   ,0.0,2022-09-21 00:00:00,1.0,3276.0
CUS_00587,Z15RTGUVTRXF        ,GF ,組   ,0.0,2020-11-18 00:00:00,1.0,535.0
CUS_00587,ABTA091CVZQ         ,GF ,組   ,0.0,2020-11-20 00:00:00,1.0,547.0
CUS_00136,02EAXXFXJ           ,GF ,各   ,800.0,2020-11-21 00:00:00,1.0,547.0
CUS_00136,TYPERH7CR2Q         ,GF ,組   ,1000.0,2020-11-21 00:00:00,1.0,547.0
CUS_00136,RSENT105630         ,GF ,卡   ,400.0,2020-11-21 00:00:00,1.0,547.0
CUS_00136,EY                  ,GF ,次   ,1000.0,2020-11-21 00:00:00,1.0,547.0
CUS_00587,TURBOH7LED          ,GF ,組   ,0.0,2023-11-16 00:00:00,1.0,4686.0
CUS_00694,3D1F1               ,GF ,支   ,250.0,2024-02-01 00:00:00,1.0,4924.0
CUS_00587,G204GVR             ,GF ,罐   ,0.0,2025-09-08 00:00:00,1.0,6496.0
CUS_00136,TYPERH3CR2Q         ,GF ,組   ,1000.0,2020-11-21 00:00:00,1.0,547.0
CUS_00587,G15T1E2Q            ,GF ,卡   ,0.0,2020-11-20 00:00:00,1.0,550.0
CUS_00136,KNOSR               ,GF ,片   ,600.0,2020-11-21 00:00:00,1.0,551.0
CUS_00587,ZV5Q1VTRXF          ,GF ,組   ,0.0,2020-11-20 00:00:00,1.0,553.0
CUS_00692,09IS250TA1E2        ,GF ,組   ,800.0,2020-11-14 00:00:00,1.0,554.0
CUS_00682,7003J25R            ,GF ,組   ,1600.0,2020-11-25 00:00:00,1.0,571.0
CUS_00694,USBW                ,GF ,條   ,500.0,2020-11-25 00:00:00,1.0,571.0
CUS_00689,LC3.1USB2U1         ,GF ,組   ,450.0,2020-11-26 00:00:00,1.0,573.0
CUS_00689,302DTV              ,GF ,組   ,450.0,2020-11-26 00:00:00,1.0,573.0
CUS_00021,302DTV              ,GF ,組   ,450.0,2020-11-26 00:00:00,1.0,573.0
CUS_00021,LC3.1USB2U1         ,GF ,組   ,450.0,2020-11-26 00:00:00,1.0,573.0
CUS_00076,9080GAR             ,GF ,張   ,100.0,2020-11-26 00:00:00,2.0,575.0
CUS_00076,EY                  ,GF ,次   ,350.0,2020-11-26 00:00:00,1.0,575.0
CUS_00076,ZERORFFVR           ,GF ,罐   ,850.0,2020-11-26 00:00:00,1.0,575.0
CUS_00587,AB335VTF            ,GF ,組   ,0.0,2020-11-26 00:00:00,1.0,577.0
CUS_00587,07RWC2D             ,GF ,各   ,0.0,2020-11-27 00:00:00,2.0,578.0
CUS_00458,NB1040              ,GF ,罐   ,500.0,2020-11-27 00:00:00,5.0,580.0
CUS_00458,ALTISDFV            ,GF ,各   ,350.0,2020-11-27 00:00:00,1.0,580.0
CUS_00694,MP35CG              ,GF ,組   ,1000.0,2020-11-25 00:00:00,1.0,583.0
CUS_00618,7003J25R            ,GF ,組   ,1500.0,2022-07-13 00:00:00,1.0,3042.0
CUS_00587,R1GEX               ,GF ,罐   ,0.0,2022-12-22 00:00:00,1.0,3635.0
CUS_00458,XFXJALTIS           ,GF ,各   ,450.0,2020-11-27 00:00:00,1.0,580.0
CUS_00458,WISHUV              ,GF ,各   ,250.0,2020-11-27 00:00:00,1.0,580.0
CUS_00587,ABTA090DAJU         ,GF ,組   ,0.0,2020-11-28 00:00:00,1.0,585.0
CUS_00202,RSEND28000K         ,GF ,各   ,1500.0,2020-11-30 00:00:00,1.0,593.0
CUS_00202,RSEND48000K         ,GF ,各   ,1500.0,2020-11-30 00:00:00,1.0,593.0
CUS_00202,AL5003TY-CU         ,GF ,組   ,350.0,2020-11-30 00:00:00,1.0,593.0
CUS_00202,NOIDNRMG24          ,GF ,支   ,400.0,2020-11-30 00:00:00,1.0,593.0
CUS_00587,AH62CCZVQ           ,GF ,條   ,0.0,2023-12-11 00:00:00,1.0,4774.0
CUS_00076,W2XEUA              ,GF ,各   ,450.0,2024-07-26 00:00:00,1.0,5414.0
CUS_00587,ABROTA1CQX          ,GF ,罐   ,0.0,2025-05-27 00:00:00,1.0,6249.0
CUS_00587,GREUW               ,GF ,組   ,0.0,2025-06-26 00:00:00,1.0,6340.0
CUS_00587,VBD1WFRR            ,GF ,罐   ,0.0,2025-12-05 00:00:00,1.0,6729.0
CUS_00587,H3OSRAM2Q           ,GF ,各   ,0.0,2026-01-22 00:00:00,2.0,6850.0
CUS_00587,CARMATGTU2          ,GF ,罐   ,0.0,2026-02-07 00:00:00,1.0,6892.0
CUS_00202,NOIDNRMG18          ,GF ,支   ,300.0,2020-11-30 00:00:00,1.0,593.0
CUS_00202,AFL283578           ,GF ,組   ,500.0,2020-11-30 00:00:00,1.0,593.0
CUS_00202,RSENHID5RF          ,GF ,各   ,300.0,2020-11-30 00:00:00,1.0,593.0
CUS_00587,JVVG                ,GF ,組   ,0.0,2020-11-28 00:00:00,1.0,597.0
CUS_00347,CS3008XU5R          ,GF ,組   ,3000.0,2020-12-01 00:00:00,1.0,600.0
CUS_00347,EX0085JC            ,GF ,組   ,500.0,2020-12-01 00:00:00,1.0,600.0
CUS_00587,06FCOUS5MMG         ,GF ,組   ,0.0,2020-12-01 00:00:00,1.0,601.0
CUS_00587,TURBOH1LED          ,GF ,組   ,0.0,2020-12-02 00:00:00,1.0,603.0
CUS_00587,ABROXFFRR           ,GF ,罐   ,0.0,2020-12-03 00:00:00,1.0,605.0
CUS_00310,NB1040              ,GF ,罐   ,500.0,2020-12-03 00:00:00,4.0,612.0
CUS_00310,ALTISDFV            ,GF ,各   ,350.0,2020-12-03 00:00:00,1.0,612.0
CUS_00310,T10552              ,GF ,各   ,50.0,2020-12-03 00:00:00,2.0,612.0
CUS_00682,106USB6.1A          ,GF ,組   ,380.0,2020-12-03 00:00:00,1.0,612.0
CUS_00682,10WISHFMT           ,GF ,組   ,450.0,2020-12-03 00:00:00,1.0,612.0
CUS_00171,G1RCVN              ,GF ,各   ,450.0,2020-12-04 00:00:00,4.0,614.0
CUS_00171,XG2CVF              ,GF ,組   ,2750.0,2020-12-04 00:00:00,2.0,614.0
CUS_00171,XGEUVF              ,GF ,組   ,1050.0,2020-12-04 00:00:00,1.0,614.0
CUS_00682,10WISHTA1E2         ,GF ,組   ,650.0,2020-12-17 00:00:00,1.0,702.0
CUS_00694,A12XDIYGW           ,GF ,組   ,800.0,2021-01-19 00:00:00,1.0,827.0
CUS_00084,V81VTRXF            ,GF ,組   ,3500.0,2021-02-18 00:00:00,1.0,993.0
CUS_00587,LK1VTRXF            ,GF ,組   ,0.0,2021-10-19 00:00:00,1.0,1984.0
CUS_00587,PMSJW220R2UG        ,GF ,組   ,0.0,2021-12-13 00:00:00,1.0,2216.0
CUS_00587,ABTA0392E2R         ,GF ,組   ,0.0,2022-03-15 00:00:00,1.0,2658.0
CUS_00587,V2008CGR            ,GF ,各   ,0.0,2022-09-28 00:00:00,1.0,3307.0
CUS_00171,XGFAWQ              ,GF ,組   ,2350.0,2020-12-04 00:00:00,1.0,614.0
CUS_00219,V81VTRXF            ,GF ,組   ,3800.0,2020-12-05 00:00:00,1.0,615.0
CUS_00656,7003J25R            ,GF ,組   ,1500.0,2020-12-05 00:00:00,1.0,617.0
CUS_00656,EX0085JC            ,GF ,組   ,350.0,2020-12-05 00:00:00,1.0,617.0
CUS_00351,2TVUJE              ,GF ,組   ,2500.0,2020-12-07 00:00:00,1.0,619.0
CUS_00351,NOIDNRMG24          ,GF ,支   ,400.0,2020-12-07 00:00:00,1.0,619.0
CUS_00351,NOIDNRMG14          ,GF ,支   ,250.0,2020-12-07 00:00:00,1.0,619.0
CUS_00587,H724V2Q             ,GF ,各   ,0.0,2024-11-09 00:00:00,2.0,5631.0
CUS_00587,08ALTISTA1E2        ,GF ,組   ,0.0,2026-01-16 00:00:00,1.0,6832.0
CUS_00587,15ZINGER            ,GF ,組   ,0.0,2026-02-12 00:00:00,1.0,6914.0
CUS_00587,R2F                 ,GF ,組   ,0.0,2026-02-24 00:00:00,1.0,6949.0
CUS_00351,ZJTUA               ,GF ,罐   ,300.0,2020-12-07 00:00:00,1.0,619.0
CUS_00121,7003J25R            ,GF ,組   ,2300.0,2020-12-09 00:00:00,1.0,626.0
CUS_00121,RSENZVQ             ,GF ,支   ,2000.0,2020-12-09 00:00:00,1.0,626.0
CUS_00121,M1VLY               ,GF ,組   ,1000.0,2020-12-09 00:00:00,1.0,626.0
CUS_00121,HK902DUX1           ,GF ,組   ,1400.0,2020-12-09 00:00:00,1.0,627.0
CUS_00121,BB906               ,GF ,張   ,100.0,2020-12-09 00:00:00,1.0,627.0
CUS_00347,V81GUVTRXFF         ,GF ,組   ,2300.0,2020-12-09 00:00:00,1.0,627.0
CUS_00145,LK1VTRXF            ,GF ,組   ,2000.0,2020-12-09 00:00:00,1.0,628.0
CUS_00145,NOIDNRMG16          ,GF ,支   ,250.0,2020-12-09 00:00:00,1.0,628.0
CUS_00145,NOIDNRMG24          ,GF ,支   ,350.0,2020-12-09 00:00:00,1.0,628.0
CUS_00598,AET20GV             ,GF ,各   ,140.0,2020-12-09 00:00:00,1.0,630.0
CUS_00533,EX0085JC            ,GF ,組   ,400.0,2020-12-10 00:00:00,1.0,633.0
CUS_00587,KSTAR342MG          ,GF ,支   ,0.0,2020-12-12 00:00:00,1.0,638.0
CUS_00587,ABQ0029XW           ,GF ,各   ,2000.0,2020-12-12 00:00:00,4.0,639.0
CUS_00610,A9UU2               ,GF ,各   ,999.0,2020-12-12 00:00:00,2.0,639.0
CUS_00610,A10BV2              ,GF ,各   ,999.0,2020-12-12 00:00:00,2.0,639.0
CUS_00682,1086.1ATY           ,GF ,組   ,380.0,2020-12-12 00:00:00,1.0,639.0
CUS_00587,07ALTISNQFMT        ,GF ,組   ,0.0,2020-12-12 00:00:00,1.0,642.0
CUS_00587,2TXWGJG             ,GF ,組   ,0.0,2020-12-12 00:00:00,1.0,646.0
CUS_00587,1997RVNAA2          ,GF ,組   ,0.0,2020-12-16 00:00:00,1.0,647.0
CUS_00587,2TXWJX              ,GF ,組   ,0.0,2021-08-16 00:00:00,1.0,1739.0
CUS_00587,CHY889N             ,GF ,組   ,0.0,2022-06-15 00:00:00,1.0,2976.0
CUS_00171,SENFINECOFURFFVR    ,GF ,罐   ,1800.0,2022-08-02 00:00:00,1.0,3104.0
CUS_00171,EY                  ,GF ,次   ,400.0,2022-08-24 00:00:00,1.0,3207.0
CUS_00587,QTVG                ,GF ,各   ,0.0,2020-12-15 00:00:00,1.0,649.0
CUS_00602,ZEROFV1UUR          ,GF ,罐   ,400.0,2020-12-16 00:00:00,2.0,654.0
CUS_00602,05AY23F1EWZJ        ,GF ,組   ,850.0,2020-12-16 00:00:00,1.0,654.0
CUS_00602,05AY23GV            ,GF ,組   ,6500.0,2020-12-16 00:00:00,1.0,654.0
CUS_00602,05AYW3F1E           ,GF ,組   ,2500.0,2020-12-16 00:00:00,1.0,654.0
CUS_00587,CITYTA1E2           ,GF ,組   ,0.0,2020-12-18 00:00:00,1.0,660.0
CUS_00588,2UW                 ,GF ,組   ,150.0,2020-12-18 00:00:00,1.0,663.0
CUS_00587,500APRTV            ,GF ,組   ,0.0,2023-08-16 00:00:00,1.0,4415.0
CUS_00587,RSEND24300K         ,GF ,各   ,0.0,2024-04-15 00:00:00,1.0,5144.0
CUS_00587,U7MG                ,GF ,組   ,0.0,2025-01-16 00:00:00,1.0,5846.0
CUS_00587,PNSP1GJG2XA         ,GF ,各   ,0.0,2025-11-22 00:00:00,1.0,6683.0
CUS_00587,ZW                  ,GF ,次   ,0.0,2026-01-06 00:00:00,1.0,6811.0
CUS_00659,V2V1JFMT            ,GF ,組   ,850.0,2020-12-18 00:00:00,2.0,666.0
CUS_00587,H1T1E2Q             ,GF ,組   ,0.0,2020-12-21 00:00:00,1.0,680.0
CUS_00587,G100A2              ,GF ,組   ,0.0,2020-12-22 00:00:00,1.0,681.0
CUS_00554,PCBCT2B             ,GF ,組   ,700.0,2020-12-22 00:00:00,1.0,682.0
CUS_00587,19VR1FMGBQ          ,GF ,組   ,0.0,2020-12-22 00:00:00,1.0,683.0
CUS_00462,LD9GPS              ,GF ,組   ,1000.0,2020-12-22 00:00:00,1.0,684.0
CUS_00462,LD9VTRXF            ,GF ,組   ,6800.0,2020-12-22 00:00:00,1.0,684.0
CUS_00587,ABT168HWA5W         ,GF ,組   ,0.0,2020-12-22 00:00:00,1.0,686.0
CUS_00587,W7160F2E2D          ,GF ,組   ,0.0,2020-12-22 00:00:00,1.0,689.0
CUS_00587,RSENCCQ2W           ,GF ,支   ,0.0,2020-12-22 00:00:00,1.0,691.0
CUS_00237,CS3008XU5R          ,GF ,組   ,3300.0,2020-12-24 00:00:00,1.0,693.0
CUS_00010,0390XW              ,GF ,各   ,2500.0,2020-12-24 00:00:00,2.0,693.0
CUS_00682,06EAXTA1E2          ,GF ,組   ,450.0,2020-12-17 00:00:00,2.0,702.0
CUS_00602,05AYW3XW            ,GF ,各   ,2750.0,2020-12-16 00:00:00,2.0,738.0
CUS_00587,20182XD5MW2         ,GF ,組   ,0.0,2021-01-08 00:00:00,1.0,769.0
CUS_00587,RSENH118000K        ,GF ,各   ,0.0,2021-02-03 00:00:00,1.0,924.0
CUS_00587,KSTAR348CMG         ,GF ,支   ,0.0,2021-02-09 00:00:00,1.0,968.0
CUS_00576,NOID24GS2           ,GF ,組   ,500.0,2021-01-02 00:00:00,1.0,733.0
CUS_00576,RSENT20352RA2V      ,GF ,組   ,750.0,2021-01-02 00:00:00,1.0,734.0
CUS_00338,TURBOH11            ,GF ,組   ,2500.0,2021-01-04 00:00:00,1.0,739.0
CUS_00338,RSENT105630         ,GF ,卡   ,300.0,2021-01-04 00:00:00,1.0,739.0
CUS_00338,RSENT105R22U        ,GF ,卡   ,300.0,2021-01-04 00:00:00,1.0,739.0
CUS_00694,TN20T12U            ,GF ,組   ,9000.0,2021-01-05 00:00:00,1.0,750.0
CUS_00695,AFL283578           ,GF ,組   ,200.0,2021-01-05 00:00:00,1.0,753.0
CUS_00694,CLA250055R          ,GF ,組   ,35000.0,2021-01-05 00:00:00,1.0,754.0
CUS_00665,TBD1251NVJV         ,GF ,次   ,33000.0,2021-01-05 00:00:00,1.0,754.0
CUS_00587,H7OSARM222Q         ,GF ,各   ,0.0,2023-04-14 00:00:00,1.0,4060.0
CUS_00587,NOID36GS2           ,GF ,組   ,0.0,2023-12-05 00:00:00,1.0,4751.0
CUS_00587,PNSTPC007           ,GF ,組   ,0.0,2024-08-19 00:00:00,1.0,5475.0
CUS_00587,20162T              ,GF ,各   ,0.0,2024-10-09 00:00:00,2.0,5563.0
CUS_00587,06EAXTA1E2          ,GF ,組   ,0.0,2024-12-03 00:00:00,1.0,5681.0
CUS_00587,10WISHTA1E2         ,GF ,組   ,0.0,2025-10-04 00:00:00,1.0,6557.0
CUS_00587,PS252F25U           ,GF ,組   ,0.0,2025-11-27 00:00:00,1.0,6694.0
CUS_00587,CXAZVQAWC           ,GF ,各   ,0.0,2026-01-06 00:00:00,1.0,6810.0
CUS_00587,F501TAZQW           ,GF ,捲   ,0.0,2026-01-08 00:00:00,1.0,6817.0
CUS_00587,NOIDNRMG20          ,GF ,組   ,0.0,2026-01-29 00:00:00,1.0,6869.0
CUS_00587,WVXRV               ,GF ,條   ,0.0,2021-01-06 00:00:00,1.0,762.0
CUS_00569,HK800JGX1           ,GF ,組   ,600.0,2021-01-07 00:00:00,1.0,762.0
CUS_00587,2XDC2S1RC           ,GF ,各   ,0.0,2021-01-07 00:00:00,1.0,763.0
CUS_00587,CBGCGR              ,GF ,各   ,0.0,2021-01-07 00:00:00,1.0,767.0
CUS_00587,1802GRR             ,GF ,組   ,0.0,2021-01-08 00:00:00,1.0,772.0
CUS_00714,7003J25R            ,GF ,組   ,2800.0,2021-01-07 00:00:00,1.0,773.0
CUS_00714,2XDC2S1RC           ,GF ,各   ,450.0,2021-01-07 00:00:00,1.0,773.0
CUS_00714,GXGWV               ,GF ,組   ,350.0,2021-01-07 00:00:00,1.0,773.0
CUS_00714,EY                  ,GF ,次   ,250.0,2021-01-07 00:00:00,1.0,773.0
CUS_00714,WVXRV               ,GF ,條   ,450.0,2021-01-07 00:00:00,1.0,773.0
CUS_00665,UFRV                ,GF ,次   ,2000.0,2021-01-05 00:00:00,1.0,773.0
CUS_00731,TYPERH11CR2Q        ,GF ,組   ,1000.0,2021-01-08 00:00:00,1.0,774.0
CUS_00731,AFL283578           ,GF ,組   ,300.0,2021-01-08 00:00:00,2.0,774.0
CUS_00731,RSENT104014242      ,GF ,組   ,450.0,2021-01-08 00:00:00,1.0,774.0
CUS_00731,2UW                 ,GF ,組   ,200.0,2021-01-08 00:00:00,1.0,774.0
CUS_00731,KMWTV               ,GF ,各   ,200.0,2021-01-08 00:00:00,1.0,774.0
CUS_00731,16U6NQFMT           ,GF ,組   ,1300.0,2021-01-08 00:00:00,1.0,774.0
CUS_00731,LD9VTRXF            ,GF ,組   ,7000.0,2021-01-08 00:00:00,1.0,774.0
CUS_00576,EY                  ,GF ,次   ,300.0,2021-04-28 00:00:00,1.0,1254.0
CUS_00587,UADMGR              ,GF ,罐   ,0.0,2021-07-17 00:00:00,1.0,1610.0
CUS_00587,GXGWV               ,GF ,組   ,0.0,2022-10-21 00:00:00,1.0,3386.0
CUS_00731,EY                  ,GF ,次   ,1000.0,2022-11-05 00:00:00,1.0,3459.0
CUS_00074,DVR212GUVTRXF       ,GF ,組   ,2500.0,2020-10-29 00:00:00,1.0,710.0
CUS_00074,PNS003              ,GF ,條   ,400.0,2020-10-29 00:00:00,1.0,710.0
CUS_00587,RSENH73000K2Q       ,GF ,各   ,0.0,2020-12-26 00:00:00,2.0,714.0
CUS_00450,ID5*7X1             ,GF ,組   ,4000.0,2020-12-28 00:00:00,1.0,714.0
CUS_00450,SL221WV             ,GF ,組   ,800.0,2020-12-28 00:00:00,1.0,714.0
CUS_00450,PS255R2W            ,GF ,組   ,200.0,2020-12-28 00:00:00,2.0,714.0
CUS_00175,SAXO1040            ,GF ,罐   ,350.0,2020-12-29 00:00:00,5.0,714.0
CUS_00175,MISSIONCVT          ,GF ,罐   ,600.0,2020-12-29 00:00:00,4.0,714.0
CUS_00175,SAMGR               ,GF ,罐   ,100.0,2020-12-29 00:00:00,1.0,714.0
CUS_00587,FA002               ,GF ,組   ,0.0,2023-04-20 00:00:00,1.0,4069.0
CUS_00587,RSENUE14H           ,GF ,支   ,0.0,2023-05-30 00:00:00,1.0,4206.0
CUS_00587,PNSXP058            ,GF ,組   ,0.0,2025-05-30 00:00:00,1.0,6268.0
CUS_00587,J00357              ,GF ,支   ,0.0,2025-06-13 00:00:00,1.0,6316.0
CUS_00587,3MR1CM              ,GF ,卷   ,0.0,2025-09-27 00:00:00,1.0,6549.0
CUS_00175,ABROUFFVR           ,GF ,罐   ,350.0,2020-12-29 00:00:00,1.0,714.0
CUS_00175,CARGTUV             ,GF ,罐   ,150.0,2020-12-29 00:00:00,1.0,714.0
CUS_00175,RSENGVR             ,GF ,罐   ,500.0,2020-12-29 00:00:00,1.0,714.0
CUS_00175,NXUR                ,GF ,各   ,150.0,2020-12-29 00:00:00,1.0,714.0
CUS_00647,CROSSQPS01T2R       ,GF ,各   ,3800.0,2020-12-27 00:00:00,1.0,714.0
CUS_00015,ID6HZUX1            ,GF ,組   ,6000.0,2020-12-29 00:00:00,1.0,714.0
CUS_00015,SP702               ,GF ,罐   ,150.0,2020-12-29 00:00:00,1.0,714.0
CUS_00015,SMD60LED            ,GF ,各   ,700.0,2020-12-29 00:00:00,1.0,714.0
CUS_00086,7609QFE             ,GF ,組   ,1300.0,2020-12-29 00:00:00,1.0,718.0
CUS_00662,ZV5X8D              ,GF ,組   ,5500.0,2020-12-26 00:00:00,1.0,718.0
CUS_00032,1276THDF            ,GF ,次   ,30000.0,2020-12-30 00:00:00,1.0,719.0
CUS_00032,RSEN02F             ,GF ,各   ,1200.0,2020-12-30 00:00:00,1.0,719.0
CUS_00587,EXTA1E2             ,GF ,各   ,0.0,2020-12-31 00:00:00,1.0,720.0
CUS_00587,AGRXEWCR5           ,GF ,各   ,0.0,2021-01-02 00:00:00,1.0,732.0
CUS_00576,RSENT104014242      ,GF ,組   ,450.0,2021-01-02 00:00:00,1.0,733.0
CUS_00576,RSENT105630         ,GF ,卡   ,400.0,2021-01-02 00:00:00,2.0,733.0
CUS_00694,9080GAR             ,GF ,張   ,100.0,2021-10-21 00:00:00,2.0,1993.0
CUS_00010,NB1040              ,GF ,罐   ,500.0,2020-12-24 00:00:00,4.0,693.0
CUS_00010,ZWUV                ,GF ,各   ,100.0,2020-12-24 00:00:00,1.0,693.0
CUS_00010,SWIFEDFV            ,GF ,各   ,300.0,2020-12-24 00:00:00,1.0,693.0
CUS_00010,SWIFEXFXJ           ,GF ,各   ,450.0,2020-12-24 00:00:00,1.0,693.0
CUS_00010,ZEROFV1UUR          ,GF ,罐   ,400.0,2020-12-24 00:00:00,1.0,693.0
CUS_00010,SWIFERUV            ,GF ,各   ,100.0,2020-12-24 00:00:00,1.0,693.0
CUS_00010,OBLRUR              ,GF ,罐   ,550.0,2020-12-24 00:00:00,1.0,693.0
CUS_00010,CARMATERUR          ,GF ,罐   ,550.0,2020-12-24 00:00:00,1.0,693.0
CUS_00197,OBLRUR              ,GF ,罐   ,500.0,2020-12-24 00:00:00,1.0,693.0
CUS_00694,B6002DX.ABH1        ,GF ,各   ,550.0,2020-12-25 00:00:00,1.0,693.0
CUS_00086,ALTISDFV            ,GF ,各   ,450.0,2023-05-30 00:00:00,1.0,4206.0
CUS_00086,ZWUV                ,GF ,各   ,100.0,2024-04-22 00:00:00,1.0,5155.0
CUS_00086,NB1040              ,GF ,罐   ,550.0,2024-04-22 00:00:00,4.0,5155.0
CUS_00086,ABROUFFVR           ,GF ,罐   ,550.0,2024-04-22 00:00:00,1.0,5155.0
CUS_00086,ABROQGUR            ,GF ,罐   ,450.0,2024-04-22 00:00:00,1.0,5155.0
CUS_00587,PNSS069U11GRR       ,GF ,組   ,0.0,2025-02-19 00:00:00,1.0,5909.0
CUS_00682,2TXWSDXU            ,GF ,組   ,750.0,2025-08-07 00:00:00,1.0,6434.0
CUS_00587,16322T              ,GF ,各   ,0.0,2026-01-10 00:00:00,1.0,6818.0
CUS_00587,RSENGVR             ,GF ,罐   ,0.0,2026-02-05 00:00:00,1.0,6888.0
CUS_00682,RSEN61              ,GF ,條   ,550.0,2020-12-25 00:00:00,1.0,697.0
CUS_00682,RSEN56ZVQW          ,GF ,條   ,550.0,2020-12-25 00:00:00,1.0,697.0
CUS_00587,14CITYNQFMT         ,GF ,組   ,0.0,2020-12-25 00:00:00,1.0,699.0
CUS_00450,SONYA1105R          ,GF ,組   ,3500.0,2020-12-25 00:00:00,1.0,699.0
CUS_00450,EX0085JC            ,GF ,組   ,500.0,2020-12-25 00:00:00,1.0,699.0
CUS_00450,PS-2016VTVXJ        ,GF ,組   ,300.0,2020-12-25 00:00:00,1.0,699.0
CUS_00450,7003J25R            ,GF ,組   ,2800.0,2020-12-25 00:00:00,1.0,699.0
CUS_00450,LD9VTRXF            ,GF ,組   ,7500.0,2020-12-25 00:00:00,1.0,699.0
CUS_00450,2UFY4.8A            ,GF ,組   ,150.0,2020-12-25 00:00:00,1.0,700.0
CUS_00450,TYPERH4CR           ,GF ,組   ,900.0,2020-12-25 00:00:00,1.0,700.0
CUS_00587,ZW5MHUVEYY          ,GF ,各   ,0.0,2020-12-26 00:00:00,1.0,701.0
CUS_00450,PNSSUN007           ,GF ,組   ,300.0,2020-12-25 00:00:00,1.0,702.0
CUS_00354,G2VY                ,GF ,組   ,400.0,2020-12-26 00:00:00,1.0,702.0
CUS_00354,A6ZVBV2             ,GF ,各   ,950.0,2020-12-26 00:00:00,2.0,702.0
CUS_00682,2TVUGJG             ,GF ,組   ,750.0,2020-12-28 00:00:00,2.0,702.0
CUS_00576,TYPERH4CR           ,GF ,組   ,1000.0,2021-01-02 00:00:00,1.0,733.0
CUS_00587,PNSS25              ,GF ,組   ,0.0,2021-07-16 00:00:00,1.0,1603.0
CUS_00197,ABROQGUR            ,GF ,罐   ,400.0,2021-11-27 00:00:00,1.0,2142.0
CUS_00694,VBDXEX              ,GF ,罐   ,100.0,2022-07-22 00:00:00,5.0,3066.0
CUS_00731,PNSAHY295           ,GF ,組   ,500.0,2021-01-08 00:00:00,1.0,774.0
CUS_00587,PNSENA13            ,GF ,組   ,0.0,2021-01-08 00:00:00,1.0,779.0
CUS_00365,POSEN22H            ,GF ,組   ,300.0,2021-01-09 00:00:00,1.0,781.0
CUS_00365,SENFINECOFURFFVR    ,GF ,罐   ,1800.0,2021-01-09 00:00:00,1.0,781.0
CUS_00194,GARMIN530VTRXF      ,GF ,組   ,4000.0,2021-01-09 00:00:00,1.0,781.0
CUS_00693,3DCVZTW2            ,GF ,各   ,700.0,2021-01-09 00:00:00,1.0,782.0
CUS_00693,3DWMZGHJL           ,GF ,各   ,700.0,2021-01-09 00:00:00,1.0,782.0
CUS_00663,RSEN02F             ,GF ,各   ,1000.0,2021-01-11 00:00:00,1.0,787.0
CUS_00663,RSENHIDRAF          ,GF ,各   ,500.0,2021-01-11 00:00:00,1.0,787.0
CUS_00197,SAXO1040            ,GF ,罐   ,350.0,2023-05-19 00:00:00,4.0,4165.0
CUS_00197,ZWUV                ,GF ,各   ,100.0,2023-05-19 00:00:00,1.0,4165.0
CUS_00197,MISSIONCVT          ,GF ,罐   ,600.0,2023-05-19 00:00:00,4.0,4165.0
CUS_00587,FXTUAZ              ,GF ,組   ,0.0,2024-06-06 00:00:00,1.0,5269.0
CUS_00587,ACP300XR            ,GF ,各   ,0.0,2024-11-09 00:00:00,1.0,5630.0
CUS_00587,ZV5G539HNF          ,GF ,組   ,0.0,2025-01-15 00:00:00,1.0,5839.0
CUS_00365,XGRUV               ,GF ,各   ,150.0,2025-08-23 00:00:00,1.0,6479.0
CUS_00694,16322T              ,GF ,各   ,250.0,2025-12-25 00:00:00,4.0,6780.0
CUS_00143,WUSWU5TF            ,GF ,組   ,2575.0,2021-01-11 00:00:00,1.0,787.0
CUS_00076,180GNQUW            ,GF ,組   ,4200.0,2021-01-11 00:00:00,1.0,787.0
CUS_00587,ZXDDFV              ,GF ,各   ,0.0,2021-01-12 00:00:00,1.0,795.0
CUS_00587,S9WCFMT             ,GF ,組   ,0.0,2021-01-12 00:00:00,1.0,796.0
CUS_00020,V81VTRXF            ,GF ,組   ,4000.0,2021-01-13 00:00:00,1.0,797.0
CUS_00424,12FVRU5XR           ,GF ,罐   ,450.0,2021-01-13 00:00:00,1.0,797.0
CUS_00424,ABROQGUR            ,GF ,罐   ,400.0,2021-01-13 00:00:00,1.0,797.0
CUS_00424,EY                  ,GF ,次   ,300.0,2021-01-13 00:00:00,1.0,797.0
CUS_00424,MISSIONYQU          ,GF ,罐   ,600.0,2021-01-13 00:00:00,4.0,797.0
CUS_00424,RSCUV               ,GF ,各   ,100.0,2021-01-13 00:00:00,1.0,797.0
CUS_00424,NB1040              ,GF ,罐   ,500.0,2021-07-24 00:00:00,4.0,1639.0
CUS_00424,AYW3DFV             ,GF ,各   ,350.0,2021-07-24 00:00:00,1.0,1639.0
CUS_00587,RTZGT5              ,GF ,組   ,0.0,2021-11-19 00:00:00,1.0,2108.0
CUS_00365,RSENGVR             ,GF ,罐   ,150.0,2022-05-11 00:00:00,1.0,2853.0
CUS_00549,RSENH116000K        ,GF ,各   ,300.0,2022-09-20 00:00:00,2.0,3268.0
CUS_00158,SAXOQUYFRR          ,GF ,罐   ,350.0,2021-01-13 00:00:00,1.0,797.0
CUS_00587,01-08ALTISNQFMT     ,GF ,組   ,0.0,2021-01-13 00:00:00,1.0,799.0
CUS_00706,ABRO5XX             ,GF ,罐   ,300.0,2021-01-14 00:00:00,1.0,804.0
CUS_00706,VBD2XAF             ,GF ,組   ,100.0,2021-01-14 00:00:00,1.0,804.0
CUS_00678,R25FQUW             ,GF ,組   ,3000.0,2021-01-14 00:00:00,1.0,804.0
CUS_00550,VBDVATX             ,GF ,罐   ,150.0,2021-01-14 00:00:00,1.0,805.0
CUS_00550,LD7GVVTRXF          ,GF ,組   ,5200.0,2021-01-14 00:00:00,1.0,805.0
CUS_00337,GARMINDRIVE52       ,GF ,組   ,4000.0,2021-01-15 00:00:00,1.0,807.0
CUS_00337,HDR2UVTRXF          ,GF ,組   ,2800.0,2021-01-15 00:00:00,1.0,807.0
CUS_00337,YH6629              ,GF ,組   ,350.0,2021-01-15 00:00:00,1.0,807.0
CUS_00337,PNSF6037TY          ,GF ,組   ,200.0,2021-01-15 00:00:00,1.0,807.0
CUS_00706,VUDFV               ,GF ,各   ,350.0,2024-01-18 00:00:00,1.0,4874.0
CUS_00587,PNSSFIN0010F2D      ,GF ,組   ,0.0,2024-12-18 00:00:00,1.0,5749.0
CUS_00587,90062Q              ,GF ,各   ,0.0,2025-01-14 00:00:00,1.0,5827.0
CUS_00587,TYPERH11CR2Q        ,GF ,組   ,0.0,2025-05-29 00:00:00,1.0,6267.0
CUS_00365,NB1040              ,GF ,罐   ,550.0,2025-08-23 00:00:00,2.0,6479.0
CUS_00365,ELANTRDFV           ,GF ,各   ,550.0,2025-08-23 00:00:00,1.0,6479.0
CUS_00587,RSENT105630         ,GF ,卡   ,0.0,2025-12-09 00:00:00,1.0,6740.0
CUS_00587,ABROGV5X            ,GF ,罐   ,0.0,2025-12-24 00:00:00,1.0,6779.0
CUS_00587,VTRXF2T             ,GF ,各   ,0.0,2021-01-16 00:00:00,1.0,816.0
CUS_00587,1RQD                ,GF ,組   ,0.0,2021-01-16 00:00:00,0.5,817.0
CUS_00587,12VATA1E2           ,GF ,組   ,0.0,2021-01-16 00:00:00,1.0,820.0
CUS_00685,7003J25R            ,GF ,組   ,2800.0,2021-01-16 00:00:00,1.0,821.0
CUS_00685,PNSS23TY            ,GF ,組   ,300.0,2021-01-16 00:00:00,1.0,821.0
CUS_00685,2MT                 ,GF ,各   ,20.0,2021-01-16 00:00:00,10.0,821.0
CUS_00682,01ALTISTA1E2        ,GF ,組   ,450.0,2021-01-18 00:00:00,1.0,821.0
CUS_00682,CHEERS1540RU        ,GF ,罐   ,0.0,2021-01-18 00:00:00,3.0,822.0
CUS_00682,RSCUV               ,GF ,各   ,0.0,2021-01-18 00:00:00,1.0,823.0
CUS_00682,3D1F1               ,GF ,支   ,0.0,2021-01-18 00:00:00,1.0,824.0
CUS_00624,YH680               ,GF ,組   ,3700.0,2021-01-17 00:00:00,1.0,913.0
CUS_00555,APPUD5D             ,GF ,組   ,1500.0,2021-04-07 00:00:00,1.0,1178.0
CUS_00158,NB1040              ,GF ,罐   ,500.0,2021-07-15 00:00:00,4.0,1595.0
CUS_00587,TG032FR             ,GF ,各   ,0.0,2026-04-03 00:00:00,1.0,7021.0
CUS_00587,ABTE035             ,GF ,組   ,1300.0,2023-02-01 00:00:00,1.0,3738.0
CUS_00682,GN757               ,GF ,張   ,0.0,2021-01-18 00:00:00,1.0,825.0
CUS_00682,XVDFV               ,GF ,各   ,0.0,2021-01-18 00:00:00,1.0,826.0
CUS_00682,3MCUFFVR            ,GF ,罐   ,0.0,2021-01-18 00:00:00,1.0,827.0
CUS_00066,EY                  ,GF ,次   ,1000.0,2021-01-19 00:00:00,1.0,827.0
CUS_00066,STPRU5XR            ,GF ,罐   ,450.0,2021-01-19 00:00:00,1.0,827.0
CUS_00066,XW1E                ,GF ,次   ,200.0,2021-01-19 00:00:00,1.0,827.0
CUS_00587,POSE251F25U         ,GF ,組   ,0.0,2021-01-20 00:00:00,1.0,828.0
CUS_00533,S24VTRXF            ,GF ,組   ,3400.0,2021-01-22 00:00:00,1.0,847.0
CUS_00674,RSENT105630         ,GF ,卡   ,400.0,2021-01-23 00:00:00,1.0,851.0
CUS_00674,CY908GGTW           ,GF ,五   ,100.0,2021-01-23 00:00:00,2.0,851.0
CUS_00674,PNSS24TY            ,GF ,組   ,350.0,2021-01-23 00:00:00,1.0,851.0
CUS_00674,LD9VTRXFUTV         ,GF ,組   ,500.0,2021-01-23 00:00:00,1.0,853.0
CUS_00587,TAA091              ,GF ,組   ,0.0,2023-11-06 00:00:00,1.0,4646.0
CUS_00682,AFL283578           ,GF ,組   ,200.0,2024-12-24 00:00:00,1.0,5763.0
CUS_00587,ABROZVQU            ,GF ,罐   ,0.0,2025-04-28 00:00:00,1.0,6121.0
CUS_00587,ERQ80D232Q          ,GF ,各   ,0.0,2025-05-10 00:00:00,1.0,6177.0
CUS_00587,VBDG2A              ,GF ,各   ,0.0,2025-09-15 00:00:00,1.0,6523.0
CUS_00587,52R                 ,GF ,各   ,0.0,2025-10-02 00:00:00,1.0,6555.0
CUS_00587,AVVCV4.5M           ,GF ,條   ,0.0,2025-12-12 00:00:00,1.0,6753.0
CUS_00706,ZWUV                ,GF ,各   ,150.0,2026-01-27 00:00:00,1.0,6857.0
CUS_00587,NOIDNRMG22          ,GF ,支   ,0.0,2026-01-31 00:00:00,1.0,6875.0
CUS_00674,AVVCV4.5M           ,GF ,條   ,400.0,2021-01-23 00:00:00,1.0,853.0
CUS_00674,ATW                 ,GF ,組   ,100.0,2021-01-23 00:00:00,1.0,853.0
CUS_00674,HNFVW               ,GF ,條   ,500.0,2021-01-23 00:00:00,1.0,853.0
CUS_00674,106USB6.1A          ,GF ,組   ,550.0,2021-01-23 00:00:00,1.0,853.0
CUS_00674,PNSHDF20            ,GF ,組   ,350.0,2021-01-23 00:00:00,1.0,853.0
CUS_00239,RSEND24300K         ,GF ,各   ,1500.0,2021-01-23 00:00:00,1.0,853.0
CUS_00239,V18LED9006          ,GF ,組   ,3000.0,2021-01-23 00:00:00,1.0,853.0
CUS_00239,RSENHID5RF          ,GF ,各   ,300.0,2021-01-23 00:00:00,1.0,853.0
CUS_00239,RSEN02F             ,GF ,各   ,1500.0,2021-01-23 00:00:00,1.0,853.0
CUS_00239,SAXO5W50            ,GF ,罐   ,600.0,2021-01-23 00:00:00,5.0,853.0
CUS_00587,RH47WCRQFE          ,GF ,組   ,0.0,2021-01-23 00:00:00,1.0,854.0
CUS_00011,GARMIN530VTRXF      ,GF ,組   ,3999.0,2021-01-25 00:00:00,1.0,854.0
CUS_00011,PNSHDF20            ,GF ,組   ,450.0,2021-01-25 00:00:00,1.0,854.0
CUS_00011,V33GRR              ,GF ,組   ,300.0,2021-01-25 00:00:00,1.0,854.0
CUS_00587,HY885UTF            ,GF ,組   ,0.0,2021-01-23 00:00:00,1.0,861.0
CUS_00694,DH26TGGW            ,GF ,組   ,800.0,2021-06-14 00:00:00,1.0,1460.0
CUS_00587,AFL5050FH           ,GF ,條   ,0.0,2023-02-03 00:00:00,2.0,3799.0
CUS_00011,MIOC570VTRXF        ,GF ,組   ,3500.0,2021-01-25 00:00:00,1.0,854.0
CUS_00598,RSENT105630         ,GF ,卡   ,300.0,2021-01-25 00:00:00,1.0,860.0
CUS_00682,2021EAX2.5FMT       ,GF ,組   ,1500.0,2021-01-25 00:00:00,1.0,861.0
CUS_00587,9080GAR             ,GF ,張   ,0.0,2021-01-26 00:00:00,1.0,865.0
CUS_00031,2TXWSDXU            ,GF ,組   ,2000.0,2021-01-27 00:00:00,1.0,877.0
CUS_00588,K81JVT2F            ,GF ,組   ,700.0,2021-01-27 00:00:00,1.0,877.0
CUS_00588,NCUZAF              ,GF ,組   ,400.0,2021-01-26 00:00:00,1.0,877.0
CUS_00354,98RSCGEF            ,GF ,組   ,1200.0,2021-01-28 00:00:00,1.0,878.0
CUS_00354,EY                  ,GF ,次   ,300.0,2021-01-28 00:00:00,1.0,878.0
CUS_00354,2VCQ2Q              ,GF ,各   ,100.0,2021-01-28 00:00:00,2.0,878.0
CUS_00354,2VY                 ,GF ,個   ,100.0,2021-01-28 00:00:00,1.0,878.0
CUS_00021,MISSIONCVT          ,GF ,罐   ,600.0,2021-01-29 00:00:00,3.0,880.0
CUS_00587,DEW32               ,GF ,各   ,0.0,2023-03-22 00:00:00,1.0,3989.0
CUS_00587,FCOUSUV             ,GF ,各   ,0.0,2023-04-28 00:00:00,1.0,4094.0
CUS_00066,XFXJALTIS           ,GF ,各   ,450.0,2024-07-31 00:00:00,1.0,5433.0
CUS_00656,2TX2NU              ,GF ,組   ,1250.0,2025-01-15 00:00:00,1.0,5843.0
CUS_00587,KY330FE             ,GF ,組   ,0.0,2025-04-08 00:00:00,1.0,6018.0
CUS_00694,3MR1CM              ,GF ,卷   ,150.0,2025-12-25 00:00:00,2.0,6780.0
CUS_00587,2VY                 ,GF ,個   ,0.0,2026-01-30 00:00:00,1.0,6873.0
CUS_00021,OBROFUR             ,GF ,罐   ,350.0,2021-01-29 00:00:00,1.0,880.0
CUS_00021,OBLRUR              ,GF ,罐   ,600.0,2021-01-29 00:00:00,1.0,880.0
CUS_00265,WISHUV              ,GF ,各   ,100.0,2021-01-29 00:00:00,1.0,887.0
CUS_00587,PNSHDF16            ,GF ,組   ,0.0,2021-01-29 00:00:00,1.0,890.0
CUS_00265,ZEROAMN+RFC         ,GF ,罐   ,450.0,2021-01-29 00:00:00,1.0,897.0
CUS_00265,NB1040              ,GF ,罐   ,200.0,2021-01-29 00:00:00,4.0,897.0
CUS_00587,ZXDFMT              ,GF ,組   ,0.0,2021-01-30 00:00:00,1.0,898.0
CUS_00587,VBDTF1              ,GF ,條   ,0.0,2021-07-03 00:00:00,1.0,1531.0
CUS_00587,SF12501VNY          ,GF ,組   ,0.0,2021-10-19 00:00:00,1.0,1983.0
CUS_00021,NB1040              ,GF ,罐   ,500.0,2022-01-23 00:00:00,5.0,2428.0
CUS_00021,FCOUSUV             ,GF ,各   ,250.0,2022-01-23 00:00:00,1.0,2428.0
CUS_00021,16322T              ,GF ,各   ,150.0,2022-01-23 00:00:00,2.0,2428.0
CUS_00021,ESCAPE2.3DFV        ,GF ,各   ,350.0,2022-01-23 00:00:00,1.0,2428.0
CUS_00587,CHY1688             ,GF ,組   ,0.0,2022-10-22 00:00:00,1.0,3391.0
CUS_00587,ERQ56220            ,GF ,各   ,0.0,2022-10-12 00:00:00,1.0,3445.0
CUS_00587,PNSE015             ,GF ,組   ,0.0,2022-12-30 00:00:00,1.0,3662.0
CUS_00587,05AY2FMT            ,GF ,組   ,0.0,2021-02-01 00:00:00,1.0,907.0
CUS_00694,992W                ,GF ,組   ,750.0,2021-02-02 00:00:00,1.0,912.0
CUS_00694,3MW5                ,GF ,組   ,750.0,2021-02-02 00:00:00,1.0,912.0
CUS_00694,XWW5                ,GF ,組   ,650.0,2021-02-02 00:00:00,1.0,912.0
CUS_00694,KY762BV2            ,GF ,組   ,1050.0,2021-02-02 00:00:00,1.0,913.0
CUS_00624,YH1682XEN           ,GF ,組   ,3700.0,2021-01-17 00:00:00,1.0,913.0
CUS_00614,7003J25R            ,GF ,組   ,2800.0,2021-02-03 00:00:00,1.0,917.0
CUS_00614,2V2Q                ,GF ,各   ,100.0,2021-02-03 00:00:00,1.0,917.0
CUS_00614,V81VTRXF            ,GF ,組   ,4000.0,2021-02-03 00:00:00,1.0,917.0
CUS_00682,JK40USBDT           ,GF ,組   ,300.0,2021-02-03 00:00:00,1.0,921.0
CUS_00653,12WISHNQFMT         ,GF ,組   ,1000.0,2021-02-03 00:00:00,1.0,926.0
CUS_00587,AV5F2               ,GF ,組   ,0.0,2023-09-30 00:00:00,1.0,4551.0
CUS_00587,1VNY                ,GF ,各   ,0.0,2024-11-11 00:00:00,1.0,5633.0
CUS_00587,5H2XR5Q             ,GF ,各   ,0.0,2024-11-11 00:00:00,1.0,5636.0
CUS_00587,STPRU5XR            ,GF ,罐   ,0.0,2025-02-14 00:00:00,1.0,5900.0
CUS_00587,ZU                  ,GF ,次   ,0.0,2025-02-24 00:00:00,1.0,5913.0
CUS_00587,T202V2Q             ,GF ,各   ,0.0,2025-06-19 00:00:00,2.0,6328.0
CUS_00618,EX0085JC            ,GF ,組   ,400.0,2025-12-02 00:00:00,1.0,6711.0
CUS_00587,FAGEUW1.4           ,GF ,捲   ,0.0,2025-12-23 00:00:00,1.0,6771.0
CUS_00283,V81VTRXF            ,GF ,組   ,4000.0,2021-02-04 00:00:00,1.0,926.0
CUS_00283,593GUSBY            ,GF ,組   ,400.0,2021-02-04 00:00:00,1.0,926.0
CUS_00427,RSENT105630         ,GF ,卡   ,400.0,2021-02-05 00:00:00,1.0,927.0
CUS_00587,318R1F              ,GF ,組   ,0.0,2021-02-05 00:00:00,1.0,930.0
CUS_00587,YZ618R1F            ,GF ,組   ,0.0,2021-02-05 00:00:00,1.0,932.0
CUS_00587,PNS5H2XR            ,GF ,組   ,0.0,2021-02-06 00:00:00,1.0,936.0
CUS_00230,SAXO1040            ,GF ,罐   ,350.0,2021-02-06 00:00:00,4.0,942.0
CUS_00230,ALTISDFV            ,GF ,各   ,350.0,2021-02-06 00:00:00,1.0,942.0
CUS_00587,PNSPM001            ,GF ,組   ,0.0,2021-05-03 00:00:00,1.0,1284.0
CUS_00682,01XGFMT             ,GF ,組   ,1000.0,2022-04-20 00:00:00,1.0,2858.0
CUS_00694,GN757               ,GF ,張   ,300.0,2022-08-05 00:00:00,1.0,3118.0
CUS_00230,V18LED9006          ,GF ,組   ,3000.0,2021-02-06 00:00:00,1.0,942.0
CUS_00230,ZWUV                ,GF ,各   ,100.0,2021-02-06 00:00:00,1.0,942.0
CUS_00682,TR51027CX1G         ,GF ,組   ,700.0,2021-02-06 00:00:00,1.0,953.0
CUS_00587,H1135W22Q           ,GF ,各   ,0.0,2026-03-23 00:00:00,2.0,7006.0
CUS_00682,S283WGG5V           ,GF ,組   ,200.0,2021-02-06 00:00:00,1.0,953.0
CUS_00682,2MV                 ,GF ,米   ,100.0,2021-02-06 00:00:00,1.0,953.0
CUS_00587,ZEROHUR             ,GF ,罐   ,0.0,2021-02-07 00:00:00,1.0,956.0
CUS_00630,V81GUVTRXFC         ,GF ,組   ,500.0,2021-02-05 00:00:00,1.0,956.0
CUS_00630,V81GUVTRXFF         ,GF ,組   ,2000.0,2021-02-05 00:00:00,1.0,956.0
CUS_00283,V81GUVTRXFF         ,GF ,組   ,3000.0,2021-02-04 00:00:00,1.0,956.0
CUS_00614,V81GUVTRXFC         ,GF ,組   ,1000.0,2021-02-03 00:00:00,1.0,956.0
CUS_00614,V81GUVTRXFF         ,GF ,組   ,3000.0,2021-02-03 00:00:00,1.0,956.0
CUS_00233,VMT1+C              ,GF ,組   ,2500.0,2021-02-06 00:00:00,1.0,956.0
CUS_00102,ZV5Q5VTRXF          ,GF ,組   ,3400.0,2021-02-08 00:00:00,1.0,956.0
CUS_00598,RSENH42TY           ,GF ,組   ,300.0,2024-03-27 00:00:00,1.0,5094.0
CUS_00587,5HSWGQE             ,GF ,組   ,0.0,2024-04-11 00:00:00,1.0,5130.0
CUS_00283,V81GUVTRXFC         ,GF ,組   ,2500.0,2024-08-05 00:00:00,1.0,5444.0
CUS_00587,YH370FES2XEN        ,GF ,組   ,0.0,2024-10-04 00:00:00,1.0,5554.0
CUS_00694,A12XGW1CM           ,GF ,捲   ,650.0,2024-11-19 00:00:00,1.0,5661.0
CUS_00587,T20Y                ,GF ,各   ,0.0,2025-01-14 00:00:00,1.0,5829.0
CUS_00587,REYX2AX             ,GF ,罐   ,0.0,2025-03-22 00:00:00,1.0,5958.0
CUS_00587,5HMVGXCA            ,GF ,各   ,0.0,2025-04-29 00:00:00,1.0,6123.0
CUS_00587,SP5083FY            ,GF ,組   ,0.0,2025-05-05 00:00:00,1.0,6148.0
CUS_00694,3M2CM               ,GF ,捲   ,250.0,2025-12-25 00:00:00,2.0,6780.0
CUS_00333,ZINGER2C2Y          ,GF ,各   ,1350.0,2021-02-08 00:00:00,1.0,956.0
CUS_00333,ZINGERXXQ           ,GF ,組   ,1800.0,2021-02-08 00:00:00,1.0,956.0
CUS_00333,CVNRWFV             ,GF ,次   ,1500.0,2021-02-08 00:00:00,1.0,956.0
CUS_00333,3MCUFFVR            ,GF ,罐   ,500.0,2021-02-08 00:00:00,1.0,956.0
CUS_00333,ERQ55D23L2Q         ,GF ,各   ,2700.0,2021-02-08 00:00:00,1.0,956.0
CUS_00333,CVNH5EY             ,GF ,次   ,1000.0,2021-02-08 00:00:00,1.0,956.0
CUS_00333,K-STAR356MG         ,GF ,組   ,400.0,2021-02-08 00:00:00,1.0,956.0
CUS_00434,DAYL60BV2           ,GF ,組   ,2000.0,2021-02-09 00:00:00,1.0,961.0
CUS_00587,TAA089              ,GF ,組   ,0.0,2021-02-09 00:00:00,1.0,970.0
CUS_00333,LZFR6AICVN          ,GF ,各   ,500.0,2021-02-08 00:00:00,4.0,1000.0
CUS_00076,V81GUVTRXFF         ,GF ,組   ,2000.0,2021-01-26 00:00:00,2.0,1008.0
CUS_00587,GJGXWCA             ,GF ,組   ,0.0,2021-05-29 00:00:00,1.0,1408.0
CUS_00333,NOIDNRMG14          ,GF ,支   ,250.0,2022-01-18 00:00:00,1.0,2389.0
CUS_00333,NOIDNRMG26          ,GF ,支   ,400.0,2022-01-18 00:00:00,1.0,2389.0
CUS_00319,WISH055R            ,GF ,組   ,12500.0,2021-02-09 00:00:00,1.0,970.0
CUS_00656,2TXWSDXU            ,GF ,組   ,750.0,2026-04-01 00:00:00,1.0,7016.0
CUS_00132,BB900               ,GF ,張   ,100.0,2021-02-09 00:00:00,1.0,970.0
CUS_00694,TAE001              ,GF ,組   ,1500.0,2021-02-10 00:00:00,1.0,971.0
CUS_00694,KH826UTVGW          ,GF ,組   ,350.0,2021-02-10 00:00:00,1.0,971.0
CUS_00694,CW08XWFVG           ,GF ,組   ,450.0,2021-02-10 00:00:00,1.0,971.0
CUS_00694,3DZGY2              ,GF ,組   ,2150.0,2021-02-10 00:00:00,1.0,971.0
CUS_00587,PNSSUN07            ,GF ,組   ,0.0,2021-02-09 00:00:00,1.0,972.0
CUS_00104,V81GUVTRXFF         ,GF ,組   ,1999.0,2021-02-10 00:00:00,1.0,985.0
CUS_00118,V81VTRXF            ,GF ,組   ,3750.0,2021-02-17 00:00:00,1.0,989.0
CUS_00118,CREQX               ,GF ,罐   ,100.0,2021-02-17 00:00:00,1.0,989.0
CUS_00055,CARDIOCA700.1A      ,GF ,組   ,10000.0,2021-02-18 00:00:00,1.0,993.0
CUS_00587,22EW2               ,GF ,片   ,0.0,2023-06-09 00:00:00,1.0,4224.0
CUS_00587,CWTZVBCR            ,GF ,罐   ,0.0,2023-06-10 00:00:00,1.0,4228.0
CUS_00587,6HSDGQE             ,GF ,組   ,0.0,2024-01-13 00:00:00,1.0,4866.0
CUS_00587,6H2XCA              ,GF ,各   ,0.0,2024-01-13 00:00:00,1.0,4867.0
CUS_00587,2UFY4.8A            ,GF ,組   ,0.0,2024-06-17 00:00:00,1.0,5317.0
CUS_00694,VBDEFFVE            ,GF ,各   ,500.0,2024-08-20 00:00:00,1.0,5475.0
CUS_00132,NB1040              ,GF ,罐   ,600.0,2024-09-25 00:00:00,4.0,5544.0
CUS_00132,MISSIONCVT          ,GF ,罐   ,600.0,2024-09-25 00:00:00,4.0,5544.0
CUS_00076,V81GUVTRXFC         ,GF ,組   ,1000.0,2025-01-17 00:00:00,1.0,5851.0
CUS_00587,C.XXWB              ,GF ,罐   ,0.0,2025-03-29 00:00:00,1.0,5970.0
CUS_00055,WISH-2              ,GF ,組   ,500.0,2021-02-18 00:00:00,1.0,993.0
CUS_00587,RSEND26000K         ,GF ,各   ,0.0,2021-02-19 00:00:00,1.0,994.0
CUS_00587,V18H11LED           ,GF ,組   ,0.0,2021-02-19 00:00:00,1.0,996.0
CUS_00587,RT2Q7A              ,GF ,各   ,0.0,2021-02-19 00:00:00,1.0,997.0
CUS_00074,01ALTIS5MW2         ,GF ,組   ,600.0,2021-02-24 00:00:00,1.0,1011.0
CUS_00587,PNSENA1322          ,GF ,各   ,0.0,2021-02-24 00:00:00,1.0,1014.0
CUS_00694,RSENBEMG24H         ,GF ,支   ,400.0,2021-02-24 00:00:00,1.0,1014.0
CUS_00694,XA                  ,GF ,kg  ,1000.0,2021-02-24 00:00:00,1.0,1014.0
CUS_00694,RSENBEMG16          ,GF ,支   ,250.0,2021-02-24 00:00:00,1.0,1014.0
CUS_00694,PE53GV1W            ,GF ,組   ,350.0,2021-06-09 00:00:00,1.0,1443.0
CUS_00682,A094                ,GF ,條   ,400.0,2021-09-30 00:00:00,1.0,1897.0
CUS_00694,LD9GPS              ,GF ,組   ,2000.0,2021-12-21 00:00:00,1.0,2247.0
CUS_00694,LD9VTRXF            ,GF ,組   ,7500.0,2021-12-21 00:00:00,1.0,2247.0
CUS_00587,SAMGR               ,GF ,罐   ,0.0,2021-03-23 00:00:00,1.0,1120.0
CUS_00587,HY889               ,GF ,組   ,0.0,2021-03-24 00:00:00,1.0,1127.0
CUS_00587,J00342              ,GF ,支   ,0.0,2026-04-09 00:00:00,1.0,7031.0
CUS_00666,GARMIN55GD2C        ,GF ,組   ,7999.0,2021-03-23 00:00:00,1.0,1127.0
CUS_00021,ESCAPEXXQ           ,GF ,組   ,2200.0,2021-03-24 00:00:00,1.0,1127.0
CUS_00021,CARMATGTU2          ,GF ,罐   ,1000.0,2021-03-24 00:00:00,1.0,1127.0
CUS_00587,CEUTF               ,GF ,各   ,0.0,2021-03-24 00:00:00,2.0,1129.0
CUS_00587,B516XU1             ,GF ,組   ,0.0,2021-03-26 00:00:00,1.0,1131.0
CUS_00587,2LZVQ               ,GF ,組   ,0.0,2021-03-27 00:00:00,1.0,1133.0
CUS_00197,SENFINECORU5X       ,GF ,罐   ,650.0,2021-03-27 00:00:00,1.0,1134.0
CUS_00587,WU1M                ,GF ,各   ,0.0,2021-03-29 00:00:00,1.0,1142.0
CUS_00587,AS2FR               ,GF ,組   ,0.0,2021-03-30 00:00:00,1.0,1145.0
CUS_00587,QX60CGRQL           ,GF ,組   ,0.0,2021-03-30 00:00:00,1.0,1147.0
CUS_00694,BCF1616XWT5         ,GF ,次   ,4000.0,2021-03-31 00:00:00,1.0,1149.0
CUS_00132,ZWUV                ,GF ,各   ,100.0,2023-12-25 00:00:00,1.0,4809.0
CUS_00587,2802FR              ,GF ,組   ,0.0,2025-01-15 00:00:00,1.0,5835.0
CUS_00587,V33GRR              ,GF ,組   ,0.0,2025-04-11 00:00:00,1.0,6039.0
CUS_00694,BCF1616EFDF         ,GF ,組   ,12000.0,2025-04-22 00:00:00,1.0,6086.0
CUS_00587,PNSFB001            ,GF ,組   ,0.0,2025-06-28 00:00:00,1.0,6346.0
CUS_00587,XFXJALTIS           ,GF ,各   ,0.0,2025-08-19 00:00:00,1.0,6474.0
CUS_00694,NO771WVG            ,GF ,各   ,225.0,2025-10-09 00:00:00,1.0,6566.0
CUS_00587,PS255R2W            ,GF ,組   ,0.0,2025-12-05 00:00:00,1.0,6730.0
CUS_00587,GRGS2               ,GF ,各   ,0.0,2026-01-23 00:00:00,1.0,6851.0
CUS_00694,MS850WJ5HF          ,GF ,組   ,4500.0,2021-03-31 00:00:00,1.0,1149.0
CUS_00694,2J                  ,GF ,次   ,1000.0,2021-03-31 00:00:00,1.0,1149.0
CUS_00352,UD0N                ,GF ,組   ,500.0,2021-04-01 00:00:00,1.0,1150.0
CUS_00587,BP5ESCVN            ,GF ,組   ,0.0,2021-04-01 00:00:00,1.0,1152.0
CUS_00326,CARDIOCA700.1A      ,GF ,組   ,10800.0,2021-04-01 00:00:00,1.0,1156.0
CUS_00587,S5RM7FMT            ,GF ,組   ,0.0,2021-04-07 00:00:00,1.0,1169.0
CUS_00587,SF0036              ,GF ,組   ,0.0,2021-05-04 00:00:00,2.0,1289.0
CUS_00587,FCGYXN              ,GF ,組   ,0.0,2022-01-15 00:00:00,1.0,2376.0
CUS_00197,ZEROFV1UUR          ,GF ,罐   ,400.0,2022-07-30 00:00:00,1.0,3102.0
CUS_00587,JK69FYQD            ,GF ,組   ,0.0,2022-11-25 00:00:00,1.0,3529.0
CUS_00587,ABTD027             ,GF ,組   ,1000.0,2023-02-01 00:00:00,1.0,3738.0
CUS_00618,PNSS12              ,GF ,組   ,250.0,2021-03-08 00:00:00,1.0,1049.0
CUS_00618,302DTV              ,GF ,組   ,200.0,2021-03-08 00:00:00,1.0,1049.0
CUS_00181,302DTV              ,GF ,組   ,200.0,2021-03-08 00:00:00,1.0,1049.0
CUS_00181,PNSS12              ,GF ,組   ,250.0,2021-03-08 00:00:00,1.0,1049.0
CUS_00587,HY662               ,GF ,組   ,0.0,2026-03-17 00:00:00,2.0,6992.0
CUS_00618,CARDIU69525R        ,GF ,組   ,5000.0,2021-03-08 00:00:00,1.0,1050.0
CUS_00587,UU262               ,GF ,組   ,0.0,2021-03-09 00:00:00,1.0,1051.0
CUS_00181,ZV5G539HNF          ,GF ,組   ,2500.0,2021-03-09 00:00:00,1.0,1051.0
CUS_00181,AL5003TY-CU         ,GF ,組   ,350.0,2021-03-09 00:00:00,1.0,1051.0
CUS_00694,593GUSBY            ,GF ,組   ,400.0,2021-03-10 00:00:00,1.0,1053.0
CUS_00694,XEV                 ,GF ,組   ,1050.0,2021-03-10 00:00:00,1.0,1053.0
CUS_00006,RSEND24300K         ,GF ,各   ,1500.0,2021-03-10 00:00:00,2.0,1058.0
CUS_00587,PNSE013             ,GF ,組   ,0.0,2021-03-10 00:00:00,1.0,1060.0
CUS_00006,2TVUSD              ,GF ,組   ,2500.0,2021-03-10 00:00:00,1.0,1068.0
CUS_00074,2TXWJX              ,GF ,組   ,700.0,2023-03-04 00:00:00,1.0,3930.0
CUS_00587,PNSPKM03            ,GF ,組   ,0.0,2023-05-03 00:00:00,1.0,4108.0
CUS_00076,A094                ,GF ,條   ,400.0,2023-08-21 00:00:00,1.0,4432.0
CUS_00587,BB900               ,GF ,張   ,0.0,2023-11-18 00:00:00,1.0,4704.0
CUS_00587,RSENT105SMD         ,GF ,卡   ,0.0,2023-12-15 00:00:00,1.0,4782.0
CUS_00587,TAA086              ,GF ,組   ,0.0,2024-06-18 00:00:00,1.0,5324.0
CUS_00587,E5NRR               ,GF ,組   ,0.0,2024-08-24 00:00:00,1.0,5488.0
CUS_00587,SF0035AD            ,GF ,組   ,0.0,2025-07-02 00:00:00,1.0,6358.0
CUS_00587,07EAXFMT            ,GF ,組   ,0.0,2021-03-13 00:00:00,1.0,1071.0
CUS_00587,06AY23CXE           ,GF ,各   ,0.0,2021-03-13 00:00:00,2.0,1072.0
CUS_00587,06AYW3C2Y           ,GF ,各   ,0.0,2021-03-13 00:00:00,1.0,1073.0
CUS_00313,LD9VTRXF            ,GF ,組   ,7000.0,2021-03-13 00:00:00,1.0,1073.0
CUS_00382,2TXWGJG             ,GF ,組   ,1800.0,2021-03-15 00:00:00,1.0,1080.0
CUS_00382,G2DE                ,GF ,各   ,200.0,2021-03-15 00:00:00,1.0,1080.0
CUS_00382,BB1361              ,GF ,張   ,100.0,2021-03-15 00:00:00,1.0,1080.0
CUS_00694,LA823               ,GF ,組   ,350.0,2021-03-16 00:00:00,2.0,1084.0
CUS_00630,RSEN02F             ,GF ,各   ,1500.0,2021-04-08 00:00:00,1.0,1174.0
CUS_00587,593GUSBY            ,GF ,組   ,0.0,2021-08-03 00:00:00,1.0,1678.0
CUS_00587,1000APRTV           ,GF ,組   ,0.0,2022-01-30 00:00:00,1.0,2486.0
CUS_00556,RSENH78000K         ,GF ,各   ,1100.0,2022-03-12 00:00:00,1.0,2652.0
CUS_00091,AVVCV4.5M           ,GF ,條   ,500.0,2022-11-25 00:00:00,1.0,3521.0
CUS_00587,XP572ZRV            ,GF ,組   ,0.0,2021-03-15 00:00:00,1.0,1092.0
CUS_00587,MR004               ,GF ,組   ,0.0,2021-03-16 00:00:00,1.0,1093.0
CUS_00587,1GGLCTA1E2          ,GF ,組   ,0.0,2021-03-17 00:00:00,1.0,1104.0
CUS_00587,SF014               ,GF ,組   ,0.0,2026-03-02 00:00:00,1.0,6961.0
CUS_00587,SAXO5W50            ,GF ,罐   ,0.0,2026-04-03 00:00:00,2.0,7020.0
CUS_00694,LEDXG2W1.5M         ,GF ,組   ,2000.0,2026-04-06 00:00:00,1.0,7027.0
CUS_00074,ZNTOURAN1E2         ,GF ,組   ,650.0,2021-03-19 00:00:00,1.0,1109.0
CUS_00021,ERQ55D23L2Q         ,GF ,各   ,2800.0,2021-03-20 00:00:00,1.0,1109.0
CUS_00239,M324LED2            ,GF ,組   ,1500.0,2021-03-20 00:00:00,1.0,1109.0
CUS_00239,RSENT105630         ,GF ,卡   ,400.0,2021-03-20 00:00:00,1.0,1109.0
CUS_00239,SF0028A1D           ,GF ,組   ,100.0,2021-03-20 00:00:00,1.0,1109.0
CUS_00239,LEXUSQ2WQ           ,GF ,組   ,2000.0,2021-03-20 00:00:00,1.0,1109.0
CUS_00149,MP35CG              ,GF ,組   ,1000.0,2021-03-22 00:00:00,1.0,1110.0
CUS_00149,AFL283578           ,GF ,組   ,300.0,2021-03-22 00:00:00,2.0,1110.0
CUS_00149,EY                  ,GF ,次   ,200.0,2021-03-22 00:00:00,1.0,1110.0
CUS_00149,PNSE012             ,GF ,組   ,200.0,2021-03-22 00:00:00,1.0,1110.0
CUS_00576,LK1VTRXF            ,GF ,組   ,2500.0,2021-03-22 00:00:00,1.0,1115.0
CUS_00576,593GUSBY            ,GF ,組   ,400.0,2021-03-22 00:00:00,1.0,1115.0
CUS_00694,AFL5050FH           ,GF ,條   ,550.0,2024-04-06 00:00:00,2.0,5110.0
CUS_00587,ABTA0401R+GR        ,GF ,組   ,0.0,2024-04-09 00:00:00,1.0,5122.0
CUS_00587,LY903               ,GF ,組   ,0.0,2024-10-19 00:00:00,1.0,5578.0
CUS_00587,8H2G24V             ,GF ,組   ,0.0,2025-04-18 00:00:00,1.0,6094.0
CUS_00587,PNSS23TY            ,GF ,組   ,0.0,2025-09-16 00:00:00,1.0,6528.0
CUS_00587,9006OSRAM           ,GF ,各   ,0.0,2025-11-11 00:00:00,1.0,6653.0
CUS_00576,AH64ZVQW            ,GF ,條   ,550.0,2021-03-22 00:00:00,1.0,1115.0
CUS_00576,PNSS24TY            ,GF ,組   ,350.0,2021-03-22 00:00:00,1.0,1115.0
CUS_00576,2TXWSDXU            ,GF ,組   ,2500.0,2021-03-22 00:00:00,1.0,1115.0
CUS_00576,NOIDNRMG16          ,GF ,支   ,250.0,2021-03-22 00:00:00,1.0,1115.0
CUS_00576,NOIDNRMG24          ,GF ,支   ,400.0,2021-03-22 00:00:00,1.0,1115.0
CUS_00576,NOIDNRMG18          ,GF ,支   ,300.0,2021-03-22 00:00:00,1.0,1115.0
CUS_00576,NOIDNRMG20          ,GF ,組   ,300.0,2021-03-22 00:00:00,1.0,1115.0
CUS_00666,LD9GPS              ,GF ,組   ,1500.0,2021-03-23 00:00:00,1.0,1116.0
CUS_00666,LD9VTRXF            ,GF ,組   ,6500.0,2021-03-23 00:00:00,1.0,1116.0
CUS_00666,GARMINDRIVE52       ,GF ,組   ,3999.0,2021-03-23 00:00:00,1.0,1116.0
CUS_00587,LY6025MR            ,GF ,組   ,0.0,2021-06-02 00:00:00,1.0,1424.0
CUS_00533,V81VTRXF            ,GF ,組   ,4500.0,2021-09-09 00:00:00,1.0,1829.0
CUS_00555,7003J25R            ,GF ,組   ,2000.0,2021-12-30 00:00:00,1.0,2306.0
CUS_00587,LHR201              ,GF ,組   ,0.0,2022-03-04 00:00:00,1.0,2614.0
CUS_00694,POSEN16H            ,GF ,組   ,400.0,2021-02-24 00:00:00,1.0,1014.0
CUS_00694,TAA086              ,GF ,組   ,250.0,2021-02-24 00:00:00,1.0,1014.0
CUS_00533,2TXWSDXU            ,GF ,組   ,750.0,2026-03-06 00:00:00,1.0,6969.0
CUS_00587,VXTWAF5             ,GF ,組   ,0.0,2026-04-01 00:00:00,1.0,7017.0
CUS_00694,GMFWV               ,GF ,組   ,1500.0,2021-02-24 00:00:00,1.0,1014.0
CUS_00155,SAXO1040            ,GF ,罐   ,350.0,2021-02-27 00:00:00,5.0,1018.0
CUS_00155,ZXDDFV              ,GF ,各   ,300.0,2021-02-27 00:00:00,1.0,1018.0
CUS_00155,CARGTUV             ,GF ,罐   ,150.0,2021-02-27 00:00:00,1.0,1018.0
CUS_00155,XGRUV               ,GF ,各   ,100.0,2021-02-27 00:00:00,1.0,1018.0
CUS_00587,RFD                 ,GF ,各   ,0.0,2021-02-27 00:00:00,1.0,1020.0
CUS_00394,RSENT105SMD         ,GF ,卡   ,350.0,2021-03-01 00:00:00,1.0,1026.0
CUS_00394,RSENGR31MM          ,GF ,卡   ,350.0,2021-03-01 00:00:00,1.0,1026.0
CUS_00064,HY662               ,GF ,組   ,1100.0,2021-03-01 00:00:00,2.0,1026.0
CUS_00064,AL5003TY-CU         ,GF ,組   ,300.0,2021-03-01 00:00:00,1.0,1026.0
CUS_00064,LHR201              ,GF ,組   ,800.0,2021-03-01 00:00:00,1.0,1026.0
CUS_00064,ZV5F53HNF           ,GF ,組   ,6200.0,2021-03-01 00:00:00,1.0,1026.0
CUS_00587,2ALED2W             ,GF ,組   ,0.0,2021-03-04 00:00:00,1.0,1031.0
CUS_00587,MCJVY2              ,GF ,組   ,0.0,2023-04-08 00:00:00,1.0,4034.0
CUS_00587,NOID6SND            ,GF ,組   ,0.0,2024-10-03 00:00:00,1.0,5551.0
CUS_00587,RSENUE26MG          ,GF ,支   ,0.0,2024-11-15 00:00:00,1.0,5654.0
CUS_00561,SAXOQUYFRR          ,GF ,罐   ,400.0,2025-02-15 00:00:00,1.0,5902.0
CUS_00587,RSENUEMG20H         ,GF ,各   ,0.0,2025-12-30 00:00:00,1.0,6789.0
CUS_00587,VBDVATX-2           ,GF ,罐   ,0.0,2026-01-29 00:00:00,1.0,6867.0
CUS_00703,ZV5G539HNF          ,GF ,組   ,2500.0,2021-03-05 00:00:00,1.0,1037.0
CUS_00587,VTG                 ,GF ,支   ,0.0,2021-03-05 00:00:00,1.0,1038.0
CUS_00315,TYPERH7CR2Q         ,GF ,組   ,800.0,2021-03-05 00:00:00,1.0,1041.0
CUS_00556,ERQ574H28           ,GF ,組   ,4500.0,2021-03-05 00:00:00,1.0,1041.0
CUS_00181,10HJV5R             ,GF ,組   ,14000.0,2021-03-08 00:00:00,1.0,1046.0
CUS_00181,LD9VTRXF            ,GF ,組   ,7500.0,2021-03-08 00:00:00,1.0,1046.0
CUS_00618,H16059H5R           ,GF ,組   ,5000.0,2021-03-08 00:00:00,1.0,1046.0
CUS_00666,ZV5G539HNF          ,GF ,組   ,2500.0,2021-03-23 00:00:00,1.0,1116.0
CUS_00587,WISH2E              ,GF ,組   ,0.0,2022-01-18 00:00:00,1.0,2393.0
CUS_00587,TYPERH1CR2Q         ,GF ,組   ,0.0,2022-04-14 00:00:00,1.0,2760.0
CUS_00587,XY2                 ,GF ,各   ,0.0,2022-04-19 00:00:00,1.0,2771.0
CUS_00561,XVUV                ,GF ,各   ,200.0,2022-12-22 00:00:00,1.0,3636.0
CUS_00587,05FCOUSTA1E2        ,GF ,組   ,0.0,2021-06-11 00:00:00,1.0,1453.0
CUS_00137,ABRO5XX             ,GF ,罐   ,250.0,2021-06-12 00:00:00,1.0,1454.0
CUS_00691,ERQ80D232Q          ,GF ,各   ,3000.0,2021-06-12 00:00:00,1.0,1457.0
CUS_00691,FY2T2R              ,GF ,組   ,2500.0,2021-06-12 00:00:00,1.0,1457.0
CUS_00561,MISSIONCVT          ,GF ,罐   ,600.0,2026-04-11 00:00:00,4.0,7039.0
CUS_00691,SF1014              ,GF ,卡   ,200.0,2021-06-12 00:00:00,1.0,1457.0
CUS_00587,ARE2XR              ,GF ,組   ,0.0,2021-06-12 00:00:00,1.0,1458.0
CUS_00587,9H2XA               ,GF ,各   ,0.0,2021-06-12 00:00:00,1.0,1459.0
CUS_00723,HNFVW               ,GF ,條   ,500.0,2021-06-15 00:00:00,1.0,1461.0
CUS_00723,PS253F25U           ,GF ,組   ,250.0,2021-06-15 00:00:00,1.0,1461.0
CUS_00723,TAA086              ,GF ,組   ,250.0,2021-06-15 00:00:00,1.0,1461.0
CUS_00723,SA6105UX            ,GF ,組   ,950.0,2021-06-15 00:00:00,1.0,1462.0
CUS_00723,DIY4BTX             ,GF ,組   ,1500.0,2021-06-15 00:00:00,1.0,1470.0
CUS_00630,2Q22F               ,GF ,各   ,300.0,2021-06-17 00:00:00,1.0,1470.0
CUS_00587,08CRVTA1E2          ,GF ,組   ,0.0,2021-06-18 00:00:00,1.0,1473.0
CUS_00730,APPUD5D             ,GF ,組   ,2000.0,2021-06-19 00:00:00,1.0,1474.0
CUS_00730,WF0306TW            ,GF ,組   ,200.0,2021-06-19 00:00:00,1.0,1474.0
CUS_00587,X15U                ,GF ,各   ,0.0,2023-10-05 00:00:00,1.0,4561.0
CUS_00587,NOID24GS2           ,GF ,組   ,0.0,2024-09-02 00:00:00,1.0,5502.0
CUS_00587,5SR                 ,GF ,各   ,0.0,2024-12-03 00:00:00,1.0,5677.0
CUS_00561,NB1040              ,GF ,罐   ,550.0,2025-02-15 00:00:00,5.0,5902.0
CUS_00587,GN757               ,GF ,張   ,0.0,2025-05-20 00:00:00,1.0,6224.0
CUS_00587,PNSS24TY            ,GF ,組   ,0.0,2025-08-18 00:00:00,1.0,6462.0
CUS_00587,RT7A2Q              ,GF ,各   ,0.0,2025-10-21 00:00:00,1.0,6589.0
CUS_00730,WF0096NTD           ,GF ,組   ,200.0,2021-06-19 00:00:00,1.0,1474.0
CUS_00730,TURBOH7LED          ,GF ,組   ,2000.0,2021-06-19 00:00:00,1.0,1474.0
CUS_00644,YH680               ,GF ,組   ,3000.0,2021-06-20 00:00:00,1.0,1475.0
CUS_00255,7003J25R            ,GF ,組   ,2800.0,2021-06-21 00:00:00,1.0,1483.0
CUS_00255,SONYA1105R          ,GF ,組   ,3500.0,2021-06-21 00:00:00,1.0,1484.0
CUS_00730,C804USBTY           ,GF ,組   ,700.0,2021-06-19 00:00:00,1.0,1486.0
CUS_00134,SANTAFECGR          ,GF ,組   ,950.0,2021-06-22 00:00:00,1.0,1486.0
CUS_00587,S5RM7TA1E2          ,GF ,組   ,0.0,2021-06-08 00:00:00,1.0,1488.0
CUS_00587,RSENBEMG16          ,GF ,支   ,0.0,2022-08-16 00:00:00,1.0,3159.0
CUS_00587,RSENBEMG24H         ,GF ,支   ,0.0,2022-08-16 00:00:00,1.0,3160.0
CUS_00427,TURBO900622         ,GF ,組   ,2500.0,2022-11-29 00:00:00,1.0,3543.0
CUS_00498,05AY23SE1           ,GF ,各   ,1000.0,2022-11-29 00:00:00,2.0,3544.0
CUS_00365,WF55D23L2Q          ,GF ,各   ,2600.0,2022-11-30 00:00:00,1.0,3544.0
CUS_00648,PNSSFIN0010F2D      ,GF ,組   ,150.0,2022-11-30 00:00:00,1.0,3544.0
CUS_00133,CARDIO8C32TIDA      ,GF ,組   ,13500.0,2021-09-30 00:00:00,1.0,1902.0
CUS_00133,V81GUVTRXFF         ,GF ,組   ,2700.0,2021-09-30 00:00:00,1.0,1902.0
CUS_00587,G2DE                ,GF ,各   ,0.0,2026-03-27 00:00:00,1.0,7012.0
CUS_00133,AL5003TY-CU         ,GF ,組   ,300.0,2021-09-30 00:00:00,1.0,1902.0
CUS_00086,LD9VTRXF            ,GF ,組   ,8500.0,2021-10-02 00:00:00,1.0,1903.0
CUS_00694,RSENT104014242      ,GF ,組   ,700.0,2021-10-01 00:00:00,1.0,1905.0
CUS_00694,RSENT105630         ,GF ,卡   ,600.0,2021-10-01 00:00:00,1.0,1905.0
CUS_00694,IN39LED             ,GF ,組   ,800.0,2021-10-01 00:00:00,1.0,1905.0
CUS_00086,DAY2F               ,GF ,各   ,750.0,2021-10-02 00:00:00,2.0,1905.0
CUS_00086,RSEND46000K         ,GF ,各   ,1500.0,2021-10-02 00:00:00,2.0,1905.0
CUS_00086,RSEND48000K         ,GF ,各   ,1800.0,2021-10-02 00:00:00,2.0,1906.0
CUS_00086,RSENHID5RF          ,GF ,各   ,500.0,2021-10-04 00:00:00,1.0,1908.0
CUS_00598,TYPER90062Q         ,GF ,組   ,500.0,2021-10-04 00:00:00,1.0,1908.0
CUS_00630,TYPER90062Q         ,GF ,組   ,500.0,2021-10-05 00:00:00,1.0,1908.0
CUS_00587,1E2A                ,GF ,各   ,0.0,2021-10-04 00:00:00,2.0,1910.0
CUS_00587,AL22751R            ,GF ,各   ,0.0,2021-10-04 00:00:00,2.0,1914.0
CUS_00082,BW260CM             ,GF ,條   ,300.0,2021-10-06 00:00:00,0.5,1922.0
CUS_00587,Z260VG              ,GF ,組   ,0.0,2023-06-21 00:00:00,1.0,4247.0
CUS_00587,H324V1002Q          ,GF ,各   ,0.0,2023-09-21 00:00:00,6.0,4527.0
CUS_00587,NO771WVG            ,GF ,各   ,0.0,2024-02-19 00:00:00,1.0,4987.0
CUS_00587,SP5089Q5XN          ,GF ,組   ,0.0,2025-07-29 00:00:00,1.0,6420.0
CUS_00587,C55AWFTR            ,GF ,組   ,0.0,2025-08-16 00:00:00,1.0,6461.0
CUS_00082,AFL283578           ,GF ,組   ,250.0,2021-10-06 00:00:00,1.0,1922.0
CUS_00630,RSENHID90066000K2Q  ,GF ,各   ,500.0,2021-10-05 00:00:00,1.0,1922.0
CUS_00694,DX0036              ,GF ,組   ,2680.0,2021-10-12 00:00:00,1.0,1957.0
CUS_00587,RSENBEMG22          ,GF ,支   ,0.0,2021-10-12 00:00:00,1.0,1960.0
CUS_00694,F00523              ,GF ,張   ,40.0,2021-10-21 00:00:00,1.0,1993.0
CUS_00693,PNSSUN006           ,GF ,組   ,700.0,2021-10-29 00:00:00,1.0,2025.0
CUS_00693,PNSSUN006-70        ,GF ,組   ,700.0,2021-10-29 00:00:00,1.0,2025.0
CUS_00587,RSENBEMG            ,GF ,支   ,0.0,2021-11-05 00:00:00,1.0,2041.0
CUS_00587,4AWCYW              ,GF ,各   ,0.0,2021-12-01 00:00:00,4.0,2161.0
CUS_00327,SAXO1040            ,GF ,罐   ,350.0,2022-01-19 00:00:00,4.0,2393.0
CUS_00587,HJX028XR            ,GF ,組   ,0.0,2022-10-08 00:00:00,1.0,3332.0
CUS_00587,YD2CGRR             ,GF ,組   ,0.0,2022-12-01 00:00:00,1.0,3545.0
CUS_00587,1086.1ATY           ,GF ,組   ,0.0,2021-04-08 00:00:00,1.0,1178.0
CUS_00587,GN008UVWV           ,GF ,各   ,0.0,2021-04-10 00:00:00,1.0,1185.0
CUS_00587,RSEND48000K         ,GF ,各   ,0.0,2021-04-10 00:00:00,1.0,1187.0
CUS_00694,2UFY4.8A            ,GF ,組   ,600.0,2021-04-12 00:00:00,1.0,1189.0
CUS_00587,T202VCQ             ,GF ,各   ,100.0,2026-04-13 00:00:00,1.0,7042.0
CUS_00587,S5RTA1E2            ,GF ,組   ,0.0,2021-04-12 00:00:00,1.0,1195.0
CUS_00565,ABTE069             ,GF ,組   ,1500.0,2021-04-08 00:00:00,1.0,1196.0
CUS_00565,TAA086              ,GF ,組   ,250.0,2021-04-08 00:00:00,1.0,1196.0
CUS_00565,1086.1ATY           ,GF ,組   ,250.0,2021-04-08 00:00:00,1.0,1196.0
CUS_00565,S5RM7FMT            ,GF ,組   ,1500.0,2021-04-08 00:00:00,1.0,1196.0
CUS_00333,GS2T                ,GF ,組   ,600.0,2021-04-13 00:00:00,2.0,1197.0
CUS_00587,SIENTAZG            ,GF ,組   ,0.0,2021-04-13 00:00:00,1.0,1200.0
CUS_00587,RSEN20ZVQW          ,GF ,條   ,0.0,2021-04-14 00:00:00,1.0,1207.0
CUS_00587,DIY4BTX             ,GF ,組   ,0.0,2021-04-15 00:00:00,1.0,1209.0
CUS_00117,LD7GVVTRXF          ,GF ,組   ,5700.0,2021-04-15 00:00:00,1.0,1210.0
CUS_00587,GN777R5QD           ,GF ,組   ,0.0,2023-03-01 00:00:00,1.0,3919.0
CUS_00587,OBT2FHWWVGF         ,GF ,組   ,0.0,2023-03-03 00:00:00,1.0,3930.0
CUS_00197,XFXJALTIS           ,GF ,各   ,450.0,2023-05-19 00:00:00,1.0,4165.0
CUS_00587,PNSTK5012LED2       ,GF ,組   ,0.0,2023-11-24 00:00:00,1.0,4736.0
CUS_00587,DC021MVWU1          ,GF ,各   ,0.0,2023-12-20 00:00:00,1.0,4795.0
CUS_00587,TYPER90062Q         ,GF ,組   ,0.0,2023-12-26 00:00:00,1.0,4812.0
CUS_00587,8#2MV               ,GF ,米   ,0.0,2024-01-27 00:00:00,6.0,4900.0
CUS_00086,XFXJALTIS           ,GF ,各   ,550.0,2024-04-22 00:00:00,1.0,5155.0
CUS_00587,RSENGR6SMD          ,GF ,組   ,0.0,2024-06-17 00:00:00,1.0,5318.0
CUS_00587,J2WV18CM            ,GF ,支   ,0.0,2025-04-23 00:00:00,1.0,6100.0
CUS_00117,WF0306TW            ,GF ,組   ,300.0,2021-04-15 00:00:00,1.0,1210.0
CUS_00670,1E2A                ,GF ,各   ,100.0,2021-04-15 00:00:00,2.0,1210.0
CUS_00670,CARDIOCA700.1A      ,GF ,組   ,9800.0,2021-04-15 00:00:00,1.0,1210.0
CUS_00587,5EVTRXFQ5           ,GF ,組   ,0.0,2021-04-15 00:00:00,1.0,1213.0
CUS_00587,ABT450FAR           ,GF ,組   ,0.0,2021-04-15 00:00:00,1.0,1214.0
CUS_00598,V81VTRXF            ,GF ,組   ,2700.0,2021-08-13 00:00:00,1.0,1726.0
CUS_00587,HY815XEW5           ,GF ,組   ,0.0,2021-10-28 00:00:00,1.0,2015.0
CUS_00587,ZEROVRMG21H         ,GF ,支   ,0.0,2022-01-28 00:00:00,1.0,2472.0
CUS_00091,ZWU12               ,GF ,組   ,1000.0,2022-10-05 00:00:00,1.0,3326.0
CUS_00587,RSEN0F2D            ,GF ,各   ,0.0,2022-12-12 00:00:00,1.0,3593.0
CUS_00587,ABTE069             ,GF ,組   ,1300.0,2023-02-01 00:00:00,1.0,3738.0
CUS_00125,RSENT104RQ          ,GF ,卡   ,200.0,2021-04-17 00:00:00,1.0,1218.0
CUS_00125,HT32VMT             ,GF ,組   ,2000.0,2021-04-17 00:00:00,1.0,1218.0
CUS_00125,RSENT105SMD         ,GF ,卡   ,300.0,2021-04-17 00:00:00,1.0,1218.0
CUS_00587,153071E2            ,GF ,組   ,0.0,2021-04-20 00:00:00,1.0,1228.0
CUS_00682,PF154QGW            ,GF ,組   ,120.0,2026-03-17 00:00:00,3.0,6993.0
CUS_00694,KY1055LED5A2        ,GF ,各   ,650.0,2021-04-21 00:00:00,1.0,1231.0
CUS_00587,WMVXCRT2R           ,GF ,組   ,0.0,2021-04-21 00:00:00,1.0,1233.0
CUS_00476,ESCORTGV            ,GF ,組   ,8800.0,2021-04-23 00:00:00,1.0,1238.0
CUS_00476,ESCORTXFXJ          ,GF ,組   ,800.0,2021-04-23 00:00:00,1.0,1238.0
CUS_00476,ABTA106             ,GF ,組   ,700.0,2021-04-23 00:00:00,1.0,1238.0
CUS_00476,3D1F1               ,GF ,支   ,200.0,2021-04-23 00:00:00,1.0,1238.0
CUS_00476,32G                 ,GF ,各   ,500.0,2021-04-23 00:00:00,1.0,1238.0
CUS_00587,H8222Q              ,GF ,各   ,0.0,2021-04-23 00:00:00,1.0,1239.0
CUS_00576,SUFER2              ,GF ,組   ,550.0,2021-04-28 00:00:00,1.0,1254.0
CUS_00576,SURF22              ,GF ,各   ,1550.0,2021-04-28 00:00:00,1.0,1254.0
CUS_00576,T10552              ,GF ,各   ,50.0,2021-04-28 00:00:00,2.0,1254.0
CUS_00066,YARISF21X           ,GF ,組   ,3000.0,2021-04-28 00:00:00,1.0,1255.0
CUS_00066,YARISF2EB5          ,GF ,組   ,4000.0,2021-04-28 00:00:00,1.0,1255.0
CUS_00587,HP10005XEUVTR       ,GF ,組   ,0.0,2021-04-24 00:00:00,1.0,1268.0
CUS_00587,RVH15U              ,GF ,組   ,0.0,2024-07-05 00:00:00,1.0,5374.0
CUS_00587,PNSHDF23            ,GF ,組   ,0.0,2024-08-24 00:00:00,1.0,5487.0
CUS_00682,AVVCV4.5M           ,GF ,條   ,200.0,2024-10-12 00:00:00,3.0,5565.0
CUS_00587,XE2MGR500           ,GF ,罐   ,0.0,2025-04-07 00:00:00,1.0,6012.0
CUS_00587,PNSHDS01RTGRR       ,GF ,各   ,0.0,2025-05-24 00:00:00,1.0,6234.0
CUS_00587,RSENMGR             ,GF ,罐   ,0.0,2025-05-27 00:00:00,1.0,6254.0
CUS_00624,LD9CRW              ,GF ,組   ,1800.0,2021-04-27 00:00:00,1.0,1269.0
CUS_00704,GOLTPLUSFMTNQ       ,GF ,組   ,1000.0,2021-04-29 00:00:00,1.0,1271.0
CUS_00045,2TXWSDXU            ,GF ,組   ,2000.0,2021-04-29 00:00:00,1.0,1271.0
CUS_00045,PNSS24TY            ,GF ,組   ,300.0,2021-04-29 00:00:00,1.0,1271.0
CUS_00097,ZV5G539HNF          ,GF ,組   ,3000.0,2021-04-29 00:00:00,1.0,1273.0
CUS_00587,BW260CM             ,GF ,條   ,0.0,2021-09-15 00:00:00,0.5,1847.0
CUS_00682,1VNY                ,GF ,各   ,200.0,2022-06-08 00:00:00,1.0,2944.0
CUS_00682,4#2MW               ,GF ,各   ,35.0,2022-06-08 00:00:00,20.0,2944.0
CUS_00587,HY889Q2CW           ,GF ,組   ,0.0,2022-07-06 00:00:00,1.0,3022.0
CUS_00587,5ECDV               ,GF ,組   ,0.0,2022-08-31 00:00:00,1.0,3212.0
CUS_00097,V81VTRXF            ,GF ,組   ,4000.0,2021-04-29 00:00:00,1.0,1273.0
CUS_00704,05WISHTX            ,GF ,組   ,3450.0,2021-04-30 00:00:00,1.0,1276.0
CUS_00704,PNSHXT205F          ,GF ,組   ,650.0,2021-04-30 00:00:00,1.0,1276.0
CUS_00587,30A1VN              ,GF ,各   ,0.0,2021-04-30 00:00:00,7.0,1277.0
CUS_00704,C55AWFTR            ,GF ,組   ,300.0,2021-04-30 00:00:00,1.0,1277.0
CUS_00587,RSENH113000K2Q      ,GF ,各   ,0.0,2021-05-01 00:00:00,2.0,1278.0
CUS_00587,AYW3DFV             ,GF ,各   ,0.0,2021-05-01 00:00:00,1.0,1282.0
CUS_00192,2VCQ2Q              ,GF ,各   ,100.0,2021-05-03 00:00:00,1.0,1284.0
CUS_00192,CARDIOCA700.1A      ,GF ,組   ,11500.0,2021-05-03 00:00:00,1.0,1284.0
CUS_00587,SF0037              ,GF ,組   ,0.0,2021-05-04 00:00:00,2.0,1287.0
CUS_00694,BCF1616EB5LF        ,GF ,組   ,3000.0,2021-05-05 00:00:00,1.0,1290.0
CUS_00587,A10BV2              ,GF ,各   ,0.0,2021-05-05 00:00:00,2.0,1293.0
CUS_00587,2ZVVUV              ,GF ,各   ,0.0,2021-05-06 00:00:00,1.0,1298.0
CUS_00587,JA25T2GVTF          ,GF ,組   ,0.0,2021-05-06 00:00:00,1.0,1299.0
CUS_00630,APPUD5D             ,GF ,組   ,1500.0,2021-05-10 00:00:00,1.0,1309.0
CUS_00587,ESCAPETA1E2         ,GF ,組   ,0.0,2021-05-10 00:00:00,1.0,1317.0
CUS_00587,RSEND44300K         ,GF ,各   ,0.0,2021-05-10 00:00:00,1.0,1322.0
CUS_00260,V81GUVTRXFF         ,GF ,組   ,2000.0,2021-05-10 00:00:00,1.0,1323.0
CUS_00587,TC1208FY2T2R        ,GF ,組   ,0.0,2023-09-30 00:00:00,1.0,4556.0
CUS_00587,GEJMVG              ,GF ,各   ,0.0,2023-10-16 00:00:00,1.0,4589.0
CUS_00587,PNSSUN08            ,GF ,組   ,0.0,2023-10-16 00:00:00,1.0,4590.0
CUS_00587,PNSS15              ,GF ,組   ,0.0,2024-04-27 00:00:00,1.0,5166.0
CUS_00587,V29GRR              ,GF ,組   ,0.0,2024-06-06 00:00:00,1.0,5274.0
CUS_00587,23A2T               ,GF ,各   ,0.0,2025-04-08 00:00:00,1.0,6022.0
CUS_00587,5E2Q                ,GF ,組   ,1200.0,2025-08-21 00:00:00,1.0,6476.0
CUS_00587,S16TG1VNY           ,GF ,組   ,0.0,2021-05-08 00:00:00,1.0,1324.0
CUS_00587,HJG4D20WJ2          ,GF ,各   ,0.0,2021-05-11 00:00:00,2.0,1325.0
CUS_00452,510Z2F              ,GF ,組   ,2500.0,2021-05-12 00:00:00,1.0,1334.0
CUS_00452,GHA195              ,GF ,組   ,800.0,2021-05-12 00:00:00,1.0,1334.0
CUS_00420,14VR1XFXJ           ,GF ,組   ,650.0,2021-05-12 00:00:00,1.0,1336.0
CUS_00420,XA                  ,GF ,kg  ,950.0,2021-05-12 00:00:00,1.0,1336.0
CUS_00420,EY                  ,GF ,次   ,750.0,2021-05-12 00:00:00,1.0,1336.0
CUS_00420,ABROFTDW            ,GF ,罐   ,750.0,2021-05-12 00:00:00,1.0,1336.0
CUS_00021,ESCAPEGRRF          ,GF ,組   ,3000.0,2021-05-13 00:00:00,1.0,1341.0
CUS_00587,GN131ZEW5           ,GF ,張   ,0.0,2022-11-03 00:00:00,1.0,3449.0
CUS_00587,RW3FQUW             ,GF ,組   ,0.0,2021-05-13 00:00:00,1.0,1346.0
CUS_00587,YH1382A2            ,GF ,組   ,0.0,2021-05-15 00:00:00,1.0,1354.0
CUS_00197,RWFVR               ,GF ,罐   ,1000.0,2021-05-15 00:00:00,1.0,1354.0
CUS_00197,ALTISXXQ            ,GF ,組   ,1500.0,2021-05-15 00:00:00,1.0,1354.0
CUS_00197,CARMATERUR          ,GF ,罐   ,650.0,2021-05-15 00:00:00,1.0,1354.0
CUS_00197,K16TR11CVN          ,GF ,各   ,250.0,2021-05-15 00:00:00,4.0,1354.0
CUS_00587,ABRORU5XR           ,GF ,罐   ,0.0,2026-03-13 00:00:00,1.0,6983.0
CUS_00587,S5RU5XFXJ           ,GF ,組   ,0.0,2021-05-15 00:00:00,1.0,1356.0
CUS_00587,VIOSCVW2            ,GF ,組   ,0.0,2021-05-15 00:00:00,1.0,1358.0
CUS_00587,ABTE023V22M         ,GF ,組   ,0.0,2021-05-15 00:00:00,1.0,1359.0
CUS_00694,2TVUJE              ,GF ,組   ,3000.0,2021-05-18 00:00:00,1.0,1360.0
CUS_00587,3DEVTH5U            ,GF ,各   ,200.0,2021-05-19 00:00:00,3.0,1369.0
CUS_00533,NOID6SND            ,GF ,組   ,200.0,2021-05-19 00:00:00,2.0,1369.0
CUS_00076,XXQUW               ,GF ,組   ,2000.0,2021-05-21 00:00:00,1.0,1381.0
CUS_00533,QRV4QFMT            ,GF ,組   ,1000.0,2021-05-21 00:00:00,1.0,1381.0
CUS_00587,4*4J2               ,GF ,各   ,0.0,2021-05-21 00:00:00,2.0,1384.0
CUS_00132,SENFINECOFURFFVR    ,GF ,罐   ,1800.0,2021-05-21 00:00:00,1.0,1386.0
CUS_00698,5E2Q                ,GF ,組   ,800.0,2021-05-24 00:00:00,1.0,1387.0
CUS_00698,BC608               ,GF ,組   ,1200.0,2021-05-24 00:00:00,1.0,1387.0
CUS_00587,SENFINCEOXFZVFRR    ,GF ,罐   ,0.0,2023-04-14 00:00:00,1.0,4059.0
CUS_00587,RSEN2W              ,GF ,組   ,0.0,2023-08-24 00:00:00,1.0,4446.0
CUS_00587,SENFINECOCUFFVR     ,GF ,罐   ,0.0,2023-12-20 00:00:00,1.0,4790.0
CUS_00076,2TXWSDXU            ,GF ,組   ,0.0,2024-05-21 00:00:00,1.0,5221.0
CUS_00587,2TVUSD              ,GF ,組   ,0.0,2025-05-09 00:00:00,1.0,6174.0
CUS_00587,DAY2F               ,GF ,各   ,0.0,2025-07-29 00:00:00,1.0,6419.0
CUS_00587,16G                 ,GF ,組   ,0.0,2025-10-25 00:00:00,1.0,6613.0
CUS_00453,LD9CRW              ,GF ,組   ,6500.0,2021-05-24 00:00:00,1.0,1387.0
CUS_00453,KMWTV               ,GF ,各   ,500.0,2021-05-24 00:00:00,1.0,1387.0
CUS_00453,DAY2F               ,GF ,各   ,800.0,2021-05-24 00:00:00,1.0,1387.0
CUS_00587,DIY1R               ,GF ,各   ,0.0,2021-05-25 00:00:00,1.0,1391.0
CUS_00587,Q2WW                ,GF ,各   ,0.0,2021-05-25 00:00:00,1.0,1392.0
CUS_00587,PL55A5W             ,GF ,組   ,0.0,2021-06-22 00:00:00,1.0,1490.0
CUS_00384,SAXO1040            ,GF ,罐   ,500.0,2021-06-22 00:00:00,5.0,1490.0
CUS_00587,PNSHXT303           ,GF ,組   ,0.0,2021-07-27 00:00:00,1.0,1656.0
CUS_00076,V81VTRXF            ,GF ,組   ,2500.0,2021-10-15 00:00:00,2.0,1973.0
CUS_00556,CANBUS02F           ,GF ,各   ,3000.0,2021-11-08 00:00:00,1.0,2043.0
CUS_00587,APPUD5D             ,GF ,組   ,0.0,2022-01-05 00:00:00,1.0,2331.0
CUS_00212,RSEND48000K         ,GF ,各   ,1000.0,2022-08-19 00:00:00,1.0,3168.0
CUS_00587,TJ632A5W            ,GF ,組   ,0.0,2023-01-14 00:00:00,1.0,3714.0
CUS_00171,SAXOQUYFRR          ,GF ,罐   ,400.0,2021-05-25 00:00:00,1.0,1392.0
CUS_00171,SENFINECOQUYSU      ,GF ,罐   ,650.0,2021-05-25 00:00:00,1.0,1392.0
CUS_00705,V18H11LED           ,GF ,組   ,1500.0,2021-05-27 00:00:00,1.0,1392.0
CUS_00587,PNSSC002            ,GF ,組   ,0.0,2026-03-09 00:00:00,1.0,6970.0
CUS_00705,V18LED9006          ,GF ,組   ,1500.0,2021-05-27 00:00:00,1.0,1392.0
CUS_00598,GHA024              ,GF ,組   ,200.0,2021-05-27 00:00:00,1.0,1392.0
CUS_00076,VUGQ2W              ,GF ,組   ,700.0,2021-05-28 00:00:00,1.0,1392.0
CUS_00682,2TVUSD              ,GF ,組   ,1000.0,2021-05-11 00:00:00,1.0,1392.0
CUS_00682,APPUD5D             ,GF ,組   ,750.0,2021-05-13 00:00:00,1.0,1392.0
CUS_00076,C55AWFTR            ,GF ,組   ,300.0,2021-04-30 00:00:00,1.0,1392.0
CUS_00076,05WISHTX            ,GF ,組   ,3450.0,2021-04-30 00:00:00,1.0,1392.0
CUS_00677,LD7GVVTRXF          ,GF ,組   ,4000.0,2021-05-29 00:00:00,1.0,1394.0
CUS_00677,593GUSBY            ,GF ,組   ,300.0,2021-05-29 00:00:00,1.0,1394.0
CUS_00086,XB374RW1            ,GF ,組   ,500.0,2021-05-31 00:00:00,1.0,1408.0
CUS_00086,WUSWU5TF            ,GF ,組   ,2500.0,2021-05-31 00:00:00,1.0,1408.0
CUS_00086,ALTISCVN            ,GF ,各   ,650.0,2021-05-31 00:00:00,4.0,1408.0
CUS_00086,SENFINECOCUFFVR     ,GF ,罐   ,1800.0,2021-05-31 00:00:00,1.0,1408.0
CUS_00086,GUNKFUR             ,GF ,組   ,400.0,2021-05-31 00:00:00,1.0,1408.0
CUS_00587,2000EXX1.81E2       ,GF ,組   ,0.0,2021-05-31 00:00:00,1.0,1409.0
CUS_00076,PNSHXT205F          ,GF ,組   ,550.0,2023-05-22 00:00:00,1.0,4169.0
CUS_00587,RSENGR31MM          ,GF ,卡   ,0.0,2023-07-13 00:00:00,2.0,4295.0
CUS_00171,NB1040              ,GF ,罐   ,500.0,2023-08-08 00:00:00,4.0,4383.0
CUS_00587,VUGQ2W              ,GF ,組   ,0.0,2025-04-15 00:00:00,1.0,6060.0
CUS_00587,RSEN55ZVQW          ,GF ,條   ,0.0,2025-10-24 00:00:00,1.0,6611.0
CUS_00453,W2XEUA              ,GF ,各   ,550.0,2021-05-24 00:00:00,1.0,1410.0
CUS_00453,2000EXX1.81E2       ,GF ,組   ,600.0,2021-05-24 00:00:00,1.0,1410.0
CUS_00453,VBDVATX             ,GF ,罐   ,200.0,2021-05-24 00:00:00,1.0,1414.0
CUS_00074,EVEW2               ,GF ,組   ,450.0,2021-05-31 00:00:00,1.0,1414.0
CUS_00705,DAYQQWW             ,GF ,組   ,900.0,2021-06-01 00:00:00,1.0,1414.0
CUS_00086,XW1E                ,GF ,次   ,200.0,2021-05-31 00:00:00,1.0,1416.0
CUS_00587,SA6105UX            ,GF ,組   ,0.0,2021-10-06 00:00:00,1.0,1928.0
CUS_00327,VR1RUV              ,GF ,各   ,100.0,2022-01-19 00:00:00,1.0,2393.0
CUS_00587,CZ263XRW            ,GF ,各   ,0.0,2022-04-08 00:00:00,1.0,2727.0
CUS_00171,XGRUV               ,GF ,各   ,100.0,2022-08-02 00:00:00,1.0,3104.0
CUS_00587,YH6629              ,GF ,組   ,0.0,2023-02-17 00:00:00,1.0,3854.0
CUS_00694,ABROQA1UFRR         ,GF ,組   ,300.0,2021-08-02 00:00:00,1.0,1677.0
CUS_00718,XXF21X              ,GF ,組   ,2700.0,2021-08-03 00:00:00,1.0,1677.0
CUS_00231,G2VY                ,GF ,組   ,500.0,2021-08-03 00:00:00,1.0,1677.0
CUS_00587,VWXN                ,GF ,各   ,0.0,2021-08-04 00:00:00,1.0,1683.0
CUS_00231,A10BV2              ,GF ,各   ,1000.0,2021-08-03 00:00:00,2.0,1683.0
CUS_00431,LD9CRW              ,GF ,組   ,1000.0,2021-08-05 00:00:00,1.0,1686.0
CUS_00431,VTRXFV              ,GF ,組   ,500.0,2021-08-05 00:00:00,1.0,1686.0
CUS_00431,EY                  ,GF ,次   ,500.0,2021-08-05 00:00:00,1.0,1686.0
CUS_00587,INNOVAQUW           ,GF ,組   ,0.0,2021-08-06 00:00:00,1.0,1694.0
CUS_00410,WUSWU5TF            ,GF ,組   ,2800.0,2021-08-06 00:00:00,1.0,1694.0
CUS_00636,RSENBEMG26H         ,GF ,支   ,450.0,2021-08-07 00:00:00,1.0,1694.0
CUS_00636,TR51027CX1G         ,GF ,組   ,1300.0,2021-08-07 00:00:00,1.0,1694.0
CUS_00636,RSENBEMG24H         ,GF ,支   ,400.0,2021-08-07 00:00:00,1.0,1694.0
CUS_00587,99AMMG              ,GF ,罐   ,0.0,2021-08-07 00:00:00,1.0,1699.0
CUS_00587,PNSSUNF001XL        ,GF ,組   ,0.0,2021-08-09 00:00:00,1.0,1708.0
CUS_00587,09011LEDXR2         ,GF ,組   ,0.0,2021-08-09 00:00:00,1.0,1709.0
CUS_00450,EVEW2               ,GF ,組   ,500.0,2021-08-10 00:00:00,1.0,1710.0
CUS_00450,MVHS125             ,GF ,組   ,2400.0,2021-08-10 00:00:00,1.0,1710.0
CUS_00171,XGDFV               ,GF ,各   ,350.0,2023-08-08 00:00:00,1.0,4383.0
CUS_00086,SENFINECOFURFFVR    ,GF ,罐   ,1800.0,2024-04-22 00:00:00,1.0,5155.0
CUS_00086,12FVRU5XR           ,GF ,罐   ,550.0,2024-04-22 00:00:00,1.0,5155.0
CUS_00587,S27TY213AS1VN       ,GF ,組   ,0.0,2024-06-07 00:00:00,1.0,5277.0
CUS_00587,8YCA                ,GF ,各   ,0.0,2025-01-21 00:00:00,1.0,5853.0
CUS_00587,GVCQ2Q              ,GF ,各   ,0.0,2025-10-15 00:00:00,2.0,6577.0
CUS_00587,RET5                ,GF ,各   ,0.0,2025-12-22 00:00:00,1.0,6768.0
CUS_00450,MP35CG              ,GF ,組   ,900.0,2021-08-10 00:00:00,1.0,1710.0
CUS_00648,RSEND48000K         ,GF ,各   ,1000.0,2021-08-10 00:00:00,2.0,1710.0
CUS_00587,5EM                 ,GF ,組   ,650.0,2021-08-10 00:00:00,1.0,1712.0
CUS_00587,R1F618              ,GF ,組   ,0.0,2021-08-10 00:00:00,1.0,1713.0
CUS_00271,BOSCHX1             ,GF ,組   ,800.0,2021-08-10 00:00:00,1.0,1713.0
CUS_00694,FLS5116G1           ,GF ,組   ,650.0,2021-08-16 00:00:00,2.0,1734.0
CUS_00587,ABTE021CB           ,GF ,組   ,0.0,2022-08-31 00:00:00,1.0,3213.0
CUS_00561,AXZ73285GQ2         ,GF ,條   ,2250.0,2021-06-01 00:00:00,1.0,1415.0
CUS_00561,AXZ5GE2X            ,GF ,各   ,2300.0,2021-06-01 00:00:00,1.0,1415.0
CUS_00561,AXZ73285G25X        ,GF ,組   ,3200.0,2021-06-01 00:00:00,1.0,1415.0
CUS_00561,AXZ7328QC5Q2        ,GF ,條   ,950.0,2021-06-01 00:00:00,1.0,1415.0
CUS_00561,AXZ7328QC25X        ,GF ,各   ,1300.0,2021-06-01 00:00:00,1.0,1415.0
CUS_00561,AXZ7328CVN          ,GF ,各   ,250.0,2021-06-01 00:00:00,4.0,1415.0
CUS_00561,AXZ7328EY           ,GF ,各   ,2500.0,2021-06-01 00:00:00,1.0,1415.0
CUS_00561,AXZ7328Z2RQ2        ,GF ,組   ,850.0,2021-06-01 00:00:00,1.0,1416.0
CUS_00561,AXZ7328JQ2          ,GF ,條   ,850.0,2021-06-01 00:00:00,1.0,1416.0
CUS_00587,JA18VTF             ,GF ,組   ,0.0,2021-06-02 00:00:00,1.0,1418.0
CUS_00694,PNSFC01ZAA5         ,GF ,各   ,50.0,2021-06-03 00:00:00,4.0,1418.0
CUS_00533,GN007J2WV           ,GF ,隻   ,300.0,2021-06-03 00:00:00,1.0,1420.0
CUS_00137,1Y2T2R6-12V         ,GF ,組   ,1700.0,2021-05-13 00:00:00,1.0,1430.0
CUS_00587,2VT1E               ,GF ,各   ,0.0,2021-06-05 00:00:00,4.0,1431.0
CUS_00730,7003J25R            ,GF ,組   ,2800.0,2021-06-07 00:00:00,1.0,1438.0
CUS_00730,AVVCV4.5M           ,GF ,條   ,250.0,2021-06-07 00:00:00,1.0,1438.0
CUS_00730,C55AWFTR            ,GF ,組   ,300.0,2021-06-07 00:00:00,1.0,1438.0
CUS_00730,EX0085JC            ,GF ,組   ,500.0,2021-06-07 00:00:00,1.0,1438.0
CUS_00730,PS301GS2            ,GF ,各   ,250.0,2021-06-07 00:00:00,1.0,1438.0
CUS_00231,EY                  ,GF ,次   ,500.0,2023-03-28 00:00:00,1.0,4005.0
CUS_00587,APPWWVGF            ,GF ,組   ,0.0,2023-08-24 00:00:00,1.0,4447.0
CUS_00587,PNSSCUP04           ,GF ,組   ,0.0,2023-11-22 00:00:00,1.0,4715.0
CUS_00682,1E2A                ,GF ,各   ,120.0,2024-06-15 00:00:00,2.0,5315.0
CUS_00587,ABTE021             ,GF ,組   ,0.0,2024-09-03 00:00:00,1.0,5503.0
CUS_00587,ZEROVRMG22G         ,GF ,支   ,0.0,2026-01-29 00:00:00,1.0,6866.0
CUS_00694,UJGY                ,GF ,各   ,100.0,2026-02-10 00:00:00,36.0,6896.0
CUS_00587,ERQ602Q             ,GF ,各   ,2300.0,2026-02-21 00:00:00,1.0,6940.0
CUS_00598,36MMGS2             ,GF ,各   ,40.0,2021-06-08 00:00:00,2.0,1443.0
CUS_00730,1E2A                ,GF ,各   ,150.0,2021-06-09 00:00:00,2.0,1445.0
CUS_00730,EY                  ,GF ,次   ,650.0,2021-06-09 00:00:00,1.0,1445.0
CUS_00730,1VNY                ,GF ,各   ,250.0,2021-06-09 00:00:00,1.0,1445.0
CUS_00374,5Y5VTRXF            ,GF ,組   ,3000.0,2021-06-10 00:00:00,1.0,1447.0
CUS_00561,AXZ7328XFQ2         ,GF ,條   ,800.0,2021-06-01 00:00:00,1.0,1450.0
CUS_00712,9231-HEXGDFXXF      ,GF ,組   ,7000.0,2021-06-11 00:00:00,1.0,1450.0
CUS_00384,PL55A5W             ,GF ,組   ,200.0,2021-06-22 00:00:00,1.0,1490.0
CUS_00587,CY052               ,GF ,組   ,0.0,2021-09-04 00:00:00,1.0,1804.0
CUS_00587,MISSIONCVT          ,GF ,罐   ,0.0,2021-11-20 00:00:00,3.0,2113.0
CUS_00618,WFJA                ,GF ,米   ,500.0,2021-06-23 00:00:00,2.0,1490.0
CUS_00389,HY889               ,GF ,組   ,400.0,2021-06-23 00:00:00,1.0,1493.0
CUS_00389,RSENH73000K2Q       ,GF ,各   ,500.0,2021-06-23 00:00:00,2.0,1493.0
CUS_00389,RSEN02F             ,GF ,各   ,1000.0,2021-06-23 00:00:00,2.0,1493.0
CUS_00149,OB59G1              ,GF ,組   ,700.0,2021-06-25 00:00:00,1.0,1495.0
CUS_00149,EVEW2               ,GF ,組   ,600.0,2021-06-25 00:00:00,1.0,1495.0
CUS_00149,DAYL60XU2           ,GF ,組   ,1500.0,2021-06-25 00:00:00,1.0,1495.0
CUS_00694,K00374              ,GF ,張   ,200.0,2026-04-08 00:00:00,2.0,7029.0
CUS_00587,180C5U              ,GF ,各   ,0.0,2021-06-26 00:00:00,1.0,1503.0
CUS_00266,ERQ602Q             ,GF ,各   ,2500.0,2021-06-26 00:00:00,1.0,1505.0
CUS_00694,T313HCRCAX          ,GF ,罐   ,600.0,2021-06-28 00:00:00,1.0,1510.0
CUS_00587,AV5VC               ,GF ,組   ,550.0,2021-06-28 00:00:00,1.0,1512.0
CUS_00682,05EAXNQFMT          ,GF ,組   ,1000.0,2021-06-28 00:00:00,1.0,1512.0
CUS_00266,LD9VTRXF            ,GF ,組   ,7000.0,2021-06-26 00:00:00,1.0,1512.0
CUS_00266,LD9GPS              ,GF ,組   ,2000.0,2021-06-26 00:00:00,1.0,1512.0
CUS_00587,MAVTA1E2            ,GF ,組   ,0.0,2021-06-29 00:00:00,1.0,1517.0
CUS_00682,UV2M11N             ,GF ,組   ,200.0,2021-06-30 00:00:00,1.0,1519.0
CUS_00638,APPWWVGF            ,GF ,組   ,2500.0,2021-06-30 00:00:00,1.0,1519.0
CUS_00730,HK902DUX1           ,GF ,組   ,1200.0,2021-07-01 00:00:00,1.0,1525.0
CUS_00704,VUFMT               ,GF ,組   ,350.0,2021-07-02 00:00:00,1.0,1527.0
CUS_00587,TYPERH11T1E         ,GF ,組   ,0.0,2024-01-18 00:00:00,1.0,4877.0
CUS_00694,ABTE040             ,GF ,組   ,1500.0,2024-02-15 00:00:00,1.0,4974.0
CUS_00587,GN152EF             ,GF ,組   ,0.0,2024-09-03 00:00:00,1.0,5504.0
CUS_00587,OBLRUR              ,GF ,罐   ,0.0,2025-05-02 00:00:00,1.0,6139.0
CUS_00587,04WISHTA1E2         ,GF ,組   ,0.0,2025-05-06 00:00:00,1.0,6161.0
CUS_00587,ABTA106             ,GF ,組   ,0.0,2025-06-11 00:00:00,1.0,6308.0
CUS_00587,8H2G12V             ,GF ,組   ,0.0,2025-09-08 00:00:00,1.0,6503.0
CUS_00587,02EAXTA1E2          ,GF ,組   ,0.0,2021-09-16 00:00:00,1.0,1855.0
CUS_00588,R2W                 ,GF ,組   ,300.0,2021-10-07 00:00:00,1.0,1929.0
CUS_00694,R00044              ,GF ,捲   ,440.0,2022-03-25 00:00:00,1.0,2683.0
CUS_00389,D2RJV               ,GF ,組   ,1800.0,2022-06-17 00:00:00,1.0,2986.0
CUS_00587,KR10ZVQW2L          ,GF ,條   ,0.0,2022-07-11 00:00:00,1.0,3035.0
CUS_00615,SAXO1040            ,GF ,罐   ,350.0,2021-07-02 00:00:00,4.0,1527.0
CUS_00615,BGDFV               ,GF ,組   ,1500.0,2021-07-02 00:00:00,1.0,1527.0
CUS_00615,ZWUV                ,GF ,各   ,100.0,2021-07-02 00:00:00,1.0,1527.0
CUS_00615,ABROGV5X            ,GF ,罐   ,800.0,2021-07-02 00:00:00,1.0,1527.0
CUS_00615,ABROUFFVR           ,GF ,罐   ,500.0,2021-07-02 00:00:00,1.0,1527.0
CUS_00615,VBDGVR              ,GF ,罐   ,650.0,2021-07-02 00:00:00,1.0,1527.0
CUS_00615,2V2Q                ,GF ,各   ,100.0,2021-07-02 00:00:00,1.0,1527.0
CUS_00615,4RR2F               ,GF ,各   ,150.0,2021-07-02 00:00:00,1.0,1527.0
CUS_00615,PYRAMIDGVFVR        ,GF ,罐   ,700.0,2021-07-02 00:00:00,1.0,1527.0
CUS_00615,JRR2F               ,GF ,各   ,300.0,2021-07-02 00:00:00,1.0,1527.0
CUS_00615,PNSUV84GR2          ,GF ,組   ,500.0,2021-07-02 00:00:00,1.0,1527.0
CUS_00587,GVE0.9              ,GF ,各   ,0.0,2026-04-03 00:00:00,1.0,7025.0
CUS_00730,GV2Q                ,GF ,各   ,100.0,2021-07-01 00:00:00,1.0,1529.0
CUS_00058,T10552              ,GF ,各   ,25.0,2021-07-02 00:00:00,2.0,1529.0
CUS_00058,X15U                ,GF ,各   ,100.0,2021-07-02 00:00:00,1.0,1529.0
CUS_00058,EY                  ,GF ,次   ,500.0,2021-07-02 00:00:00,1.0,1529.0
CUS_00587,11SWIFETA1E2        ,GF ,組   ,0.0,2021-07-03 00:00:00,1.0,1534.0
CUS_00009,AY25C2D             ,GF ,各   ,3000.0,2021-07-05 00:00:00,1.0,1548.0
CUS_00694,CYTQ                ,GF ,各   ,500.0,2021-07-06 00:00:00,2.0,1548.0
CUS_00587,WISH5MT5            ,GF ,組   ,0.0,2021-07-07 00:00:00,1.0,1555.0
CUS_00618,98UEQUW             ,GF ,組   ,2500.0,2021-07-08 00:00:00,1.0,1557.0
CUS_00694,K00295              ,GF ,張   ,100.0,2023-03-09 00:00:00,2.0,3944.0
CUS_00587,AS1VNY              ,GF ,組   ,0.0,2024-03-19 00:00:00,2.0,5072.0
CUS_00615,BGFTDFV             ,GF ,各   ,400.0,2024-04-08 00:00:00,1.0,5123.0
CUS_00587,RSENT104RQ          ,GF ,卡   ,0.0,2024-10-04 00:00:00,1.0,5555.0
CUS_00587,R2FVW               ,GF ,條   ,0.0,2025-02-25 00:00:00,1.0,5917.0
CUS_00587,24VGV2Q             ,GF ,組   ,0.0,2025-07-04 00:00:00,10.0,6362.0
CUS_00587,R2W                 ,GF ,組   ,0.0,2025-08-14 00:00:00,1.0,6456.0
CUS_00587,VTRXFV              ,GF ,組   ,300.0,2025-11-05 00:00:00,1.0,6650.0
CUS_00587,ABRO2QR             ,GF ,罐   ,0.0,2026-01-19 00:00:00,1.0,6843.0
CUS_00587,PS301GS2            ,GF ,各   ,0.0,2026-02-14 00:00:00,1.0,6924.0
CUS_00271,EY                  ,GF ,次   ,500.0,2021-08-10 00:00:00,1.0,1713.0
CUS_00587,GA2SFX1             ,GF ,組   ,0.0,2021-11-16 00:00:00,2.0,2092.0
CUS_00734,V18LEDH7            ,GF ,組   ,2500.0,2022-01-19 00:00:00,1.0,2393.0
CUS_00587,T313HCRCAX          ,GF ,罐   ,0.0,2022-07-29 00:00:00,1.0,3093.0
CUS_00587,MP3NA5CU            ,GF ,各   ,0.0,2022-08-22 00:00:00,1.0,3187.0
CUS_00587,PNSLXS001           ,GF ,組   ,0.0,2021-07-09 00:00:00,1.0,1565.0
CUS_00587,08RAV4FMT           ,GF ,組   ,0.0,2021-07-09 00:00:00,1.0,1566.0
CUS_00587,20KUGATA1E2         ,GF ,組   ,0.0,2021-07-10 00:00:00,1.0,1568.0
CUS_00554,2TVUJE              ,GF ,組   ,1000.0,2021-07-10 00:00:00,1.0,1568.0
CUS_00587,PNSDS001            ,GF ,組   ,0.0,2021-07-12 00:00:00,2.0,1574.0
CUS_00488,LD72UVTRXF          ,GF ,組   ,3500.0,2021-07-14 00:00:00,1.0,1589.0
CUS_00587,UD0N                ,GF ,組   ,0.0,2021-07-15 00:00:00,1.0,1595.0
CUS_00158,ABROUFFVR           ,GF ,罐   ,350.0,2021-07-15 00:00:00,1.0,1595.0
CUS_00158,UX0GVR              ,GF ,罐   ,300.0,2021-07-15 00:00:00,1.0,1595.0
CUS_00158,ABRORU5XR           ,GF ,罐   ,650.0,2021-07-15 00:00:00,1.0,1595.0
CUS_00158,ABROQGUR            ,GF ,罐   ,450.0,2021-07-15 00:00:00,1.0,1595.0
CUS_00158,RWFVR               ,GF ,罐   ,1500.0,2021-07-15 00:00:00,1.0,1595.0
CUS_00158,VR1RUV              ,GF ,各   ,100.0,2021-07-15 00:00:00,1.0,1595.0
CUS_00158,VAXDFV              ,GF ,組   ,250.0,2021-07-15 00:00:00,1.0,1595.0
CUS_00158,CR20252T            ,GF ,各   ,100.0,2021-07-15 00:00:00,1.0,1595.0
CUS_00587,06EAXMG1            ,GF ,組   ,0.0,2021-07-15 00:00:00,2.0,1596.0
CUS_00694,PNSDBC0251R         ,GF ,組   ,550.0,2021-07-24 00:00:00,1.0,1639.0
CUS_00694,M00244              ,GF ,張   ,150.0,2021-07-26 00:00:00,1.0,1642.0
CUS_00587,SIENTA1.8FMT        ,GF ,組   ,0.0,2021-07-29 00:00:00,1.0,1669.0
CUS_00587,PCBCT2              ,GF ,組   ,0.0,2021-09-24 00:00:00,1.0,1875.0
CUS_00630,15EAX4+32DVD5R      ,GF ,組   ,10000.0,2021-10-07 00:00:00,1.0,1929.0
CUS_00587,10AY23TA1E2         ,GF ,組   ,0.0,2023-10-14 00:00:00,1.0,4585.0
CUS_00587,XWEYY               ,GF ,組   ,0.0,2024-03-02 00:00:00,1.0,5020.0
CUS_00058,ZEROFV1UUR          ,GF ,罐   ,400.0,2024-06-12 00:00:00,1.0,5294.0
CUS_00587,3D5U1               ,GF ,組   ,0.0,2025-06-10 00:00:00,1.0,6297.0
CUS_00587,H162Q               ,GF ,各   ,0.0,2025-06-13 00:00:00,1.0,6315.0
CUS_00058,NB1040              ,GF ,罐   ,550.0,2025-07-01 00:00:00,4.0,6349.0
CUS_00058,02EAXDFV            ,GF ,各   ,450.0,2025-07-01 00:00:00,1.0,6349.0
CUS_00058,ZWUV                ,GF ,各   ,150.0,2025-07-01 00:00:00,1.0,6349.0
CUS_00587,NRW2                ,GF ,各   ,0.0,2025-08-11 00:00:00,2.0,6451.0
CUS_00694,K00428              ,GF ,張   ,150.0,2025-08-21 00:00:00,1.0,6478.0
CUS_00587,S80004BZQW          ,GF ,組   ,0.0,2021-10-07 00:00:00,1.0,1930.0
CUS_00587,PNSHDF17            ,GF ,組   ,0.0,2022-04-22 00:00:00,1.0,2785.0
CUS_00587,PNS2WBGS2           ,GF ,組   ,0.0,2022-10-17 00:00:00,1.0,3367.0
CUS_00158,05TEANAD-           ,GF ,組   ,3000.0,2022-11-25 00:00:00,1.0,3530.0
CUS_00158,05TEANACVN          ,GF ,各   ,600.0,2022-11-25 00:00:00,4.0,3530.0
CUS_00587,GS2T                ,GF ,組   ,0.0,2023-02-11 00:00:00,1.0,3837.0
CUS_00587,SF00112QE2D         ,GF ,組   ,0.0,2023-02-21 00:00:00,1.0,3878.0
CUS_00587,BOSCH95D23L         ,GF ,各   ,0.0,2021-07-17 00:00:00,1.0,1605.0
CUS_00247,BOSCH95D23L         ,GF ,各   ,3500.0,2021-07-17 00:00:00,1.0,1605.0
CUS_00346,LD7GVVTRXF          ,GF ,組   ,5300.0,2021-07-17 00:00:00,1.0,1605.0
CUS_00346,KMWTV               ,GF ,各   ,200.0,2021-07-17 00:00:00,1.0,1605.0
CUS_00587,TURBO900622         ,GF ,組   ,0.0,2021-07-17 00:00:00,1.0,1607.0
CUS_00617,V1                  ,GF ,組   ,800.0,2021-07-19 00:00:00,1.0,1616.0
CUS_00231,RSEN02F             ,GF ,各   ,1000.0,2021-07-22 00:00:00,2.0,1628.0
CUS_00231,RSENBEMG14          ,GF ,支   ,300.0,2021-07-22 00:00:00,1.0,1628.0
CUS_00231,RSENBEMG26H         ,GF ,支   ,500.0,2021-07-22 00:00:00,1.0,1628.0
CUS_00587,UADFTAADZCQW        ,GF ,組   ,0.0,2026-03-03 00:00:00,1.0,6953.0
CUS_00231,VBDVATX             ,GF ,罐   ,200.0,2021-07-22 00:00:00,1.0,1628.0
CUS_00231,RSENT105630         ,GF ,卡   ,400.0,2021-07-22 00:00:00,2.0,1630.0
CUS_00199,RWFVR               ,GF ,罐   ,1800.0,2021-07-23 00:00:00,1.0,1631.0
CUS_00199,SENFINECORU5X       ,GF ,罐   ,550.0,2021-07-23 00:00:00,1.0,1631.0
CUS_00199,RSENBEMG26H         ,GF ,支   ,500.0,2021-07-23 00:00:00,1.0,1633.0
CUS_00199,RSENBEMG20          ,GF ,支   ,300.0,2021-07-23 00:00:00,1.0,1633.0
CUS_00271,R2FVW               ,GF ,條   ,100.0,2021-08-10 00:00:00,1.0,1713.0
CUS_00587,BHW878BGHY          ,GF ,組   ,0.0,2023-12-07 00:00:00,1.0,4762.0
CUS_00587,LD72UVTRXF          ,GF ,組   ,3500.0,2023-12-29 00:00:00,1.0,4828.0
CUS_00199,82VADFV             ,GF ,各   ,450.0,2024-03-01 00:00:00,1.0,5015.0
CUS_00587,5E5R                ,GF ,組   ,0.0,2024-07-11 00:00:00,1.0,5384.0
CUS_00199,ABROQGUR            ,GF ,罐   ,400.0,2024-10-29 00:00:00,1.0,5599.0
CUS_00587,LY601               ,GF ,組   ,0.0,2025-01-22 00:00:00,1.0,5858.0
CUS_00587,VBDQEFRR            ,GF ,罐   ,0.0,2025-03-29 00:00:00,1.0,5968.0
CUS_00630,A094                ,GF ,條   ,500.0,2025-04-02 00:00:00,1.0,5989.0
CUS_00587,XE2MGG250CC         ,GF ,罐   ,0.0,2025-04-08 00:00:00,1.0,6021.0
CUS_00587,V37GRR              ,GF ,組   ,0.0,2025-10-04 00:00:00,1.0,6561.0
CUS_00199,82VAXFXJ            ,GF ,組   ,650.0,2025-12-18 00:00:00,1.0,6764.0
CUS_00587,G2VY                ,GF ,組   ,0.0,2026-02-24 00:00:00,1.0,6947.0
CUS_00271,R2F                 ,GF ,組   ,100.0,2021-08-10 00:00:00,1.0,1713.0
CUS_00271,G2VY                ,GF ,組   ,500.0,2021-08-10 00:00:00,1.0,1713.0
CUS_00471,RW3FQUW             ,GF ,組   ,3000.0,2021-10-08 00:00:00,1.0,1933.0
CUS_00587,PNSHDF19            ,GF ,組   ,0.0,2022-01-29 00:00:00,1.0,2484.0
CUS_00587,S53-1TG1VNY         ,GF ,組   ,0.0,2022-07-18 00:00:00,1.0,3057.0
CUS_00587,SF0041              ,GF ,卡   ,0.0,2022-09-15 00:00:00,2.0,3261.0
CUS_00587,TAE001              ,GF ,組   ,0.0,2022-10-08 00:00:00,1.0,3337.0
CUS_00031,XGRUV               ,GF ,各   ,100.0,2021-07-24 00:00:00,1.0,1639.0
CUS_00031,ERQ55D23L2Q         ,GF ,各   ,3000.0,2021-07-24 00:00:00,1.0,1639.0
CUS_00424,XGRUV               ,GF ,各   ,100.0,2021-07-24 00:00:00,1.0,1639.0
CUS_00694,PNSF405             ,GF ,組   ,350.0,2021-07-26 00:00:00,1.0,1639.0
CUS_00587,ABTB047F22M         ,GF ,組   ,0.0,2021-07-24 00:00:00,1.0,1642.0
CUS_00086,ABT060              ,GF ,組   ,2000.0,2021-07-26 00:00:00,1.0,1642.0
CUS_00333,OBROFUR             ,GF ,罐   ,400.0,2021-07-26 00:00:00,1.0,1643.0
CUS_00333,RSENGVR             ,GF ,罐   ,150.0,2021-07-26 00:00:00,1.0,1643.0
CUS_00587,INNONANQFMT         ,GF ,組   ,0.0,2021-07-28 00:00:00,1.0,1659.0
CUS_00587,XXFMT               ,GF ,各   ,0.0,2021-07-28 00:00:00,1.0,1660.0
CUS_00587,08RAV45MW2          ,GF ,組   ,0.0,2021-07-29 00:00:00,1.0,1667.0
CUS_00461,SIENTA1.8FMT        ,GF ,組   ,900.0,2021-07-30 00:00:00,1.0,1669.0
CUS_00558,V2IX35QGA2          ,GF ,各   ,2000.0,2021-07-30 00:00:00,1.0,1670.0
CUS_00657,V81VTRXF            ,GF ,組   ,2500.0,2021-07-31 00:00:00,2.0,1670.0
CUS_00561,5E2Q                ,GF ,組   ,1500.0,2021-07-31 00:00:00,1.0,1673.0
CUS_00587,GPSWV               ,GF ,條   ,0.0,2021-07-31 00:00:00,1.0,1674.0
CUS_00231,RSEN90063000K2Q     ,GF ,各   ,1000.0,2023-12-16 00:00:00,1.0,4787.0
CUS_00587,FIFIVG              ,GF ,罐   ,0.0,2024-02-19 00:00:00,1.0,4986.0
CUS_00587,ABROYQUV            ,GF ,罐   ,0.0,2024-06-17 00:00:00,1.0,5321.0
CUS_00199,MISSIONCVT          ,GF ,罐   ,600.0,2024-10-29 00:00:00,4.0,5599.0
CUS_00587,HY923W5             ,GF ,各   ,0.0,2025-01-17 00:00:00,1.0,5850.0
CUS_00031,FORTISDFV           ,GF ,各   ,450.0,2025-06-28 00:00:00,1.0,6346.0
CUS_00031,ABROZVQU            ,GF ,罐   ,250.0,2025-06-28 00:00:00,1.0,6346.0
CUS_00587,RSENC1XWU           ,GF ,罐   ,0.0,2025-09-29 00:00:00,1.0,6550.0
CUS_00333,XGRUV               ,GF ,各   ,200.0,2025-10-16 00:00:00,1.0,6573.0
CUS_00199,NB1040              ,GF ,罐   ,550.0,2025-12-18 00:00:00,4.0,6764.0
CUS_00199,82VAUV              ,GF ,各   ,200.0,2025-12-18 00:00:00,1.0,6764.0
CUS_00199,ABROUFFVR           ,GF ,罐   ,450.0,2025-12-18 00:00:00,1.0,6764.0
CUS_00587,DP009Z22TWW         ,GF ,組   ,0.0,2026-01-30 00:00:00,1.0,6872.0
CUS_00587,GHA3442DTY          ,GF ,組   ,0.0,2021-08-02 00:00:00,1.0,1675.0
CUS_00587,LEDRG2              ,GF ,組   ,0.0,2021-08-02 00:00:00,1.0,1677.0
CUS_00694,CWTZVBCR            ,GF ,罐   ,250.0,2021-08-02 00:00:00,1.0,1677.0
CUS_00271,A7MVEY2             ,GF ,各   ,1000.0,2021-08-10 00:00:00,2.0,1713.0
CUS_00471,2TVUJE              ,GF ,組   ,2000.0,2021-10-08 00:00:00,1.0,1933.0
CUS_00471,NCUZAF              ,GF ,組   ,1500.0,2021-10-08 00:00:00,1.0,1933.0
CUS_00031,SAXO5W50            ,GF ,罐   ,600.0,2022-07-23 00:00:00,5.0,3067.0
CUS_00587,ABTE059             ,GF ,組   ,0.0,2022-09-26 00:00:00,1.0,3305.0
CUS_00587,ARCUY2              ,GF ,組   ,0.0,2021-08-10 00:00:00,1.0,1717.0
CUS_00189,NB1040              ,GF ,罐   ,500.0,2021-08-11 00:00:00,5.0,1720.0
CUS_00189,ZWUV                ,GF ,各   ,100.0,2021-08-11 00:00:00,1.0,1720.0
CUS_00189,A095                ,GF ,條   ,500.0,2021-08-11 00:00:00,1.0,1720.0
CUS_00189,GV2Q                ,GF ,各   ,100.0,2021-08-11 00:00:00,3.0,1720.0
CUS_00189,GV2Y                ,GF ,各   ,300.0,2021-08-11 00:00:00,1.0,1720.0
CUS_00189,055MVTRXF           ,GF ,組   ,7000.0,2021-08-11 00:00:00,1.0,1720.0
CUS_00189,2DR                 ,GF ,各   ,350.0,2021-08-11 00:00:00,1.0,1726.0
CUS_00189,16G                 ,GF ,組   ,450.0,2021-08-11 00:00:00,1.0,1726.0
CUS_00078,ALTIS1UW            ,GF ,組   ,2800.0,2021-08-12 00:00:00,1.0,1726.0
CUS_00078,01ALTISTA1E2        ,GF ,組   ,600.0,2021-08-12 00:00:00,1.0,1726.0
CUS_00078,V3910BGWFZ2         ,GF ,各   ,300.0,2021-08-12 00:00:00,1.0,1726.0
CUS_00647,CORSSNQFMT          ,GF ,組   ,1500.0,2021-08-12 00:00:00,1.0,1726.0
CUS_00598,PNSS27              ,GF ,組   ,400.0,2021-08-13 00:00:00,1.0,1726.0
CUS_00598,99AMMG              ,GF ,罐   ,400.0,2021-08-13 00:00:00,1.0,1726.0
CUS_00598,PNSS17              ,GF ,組   ,400.0,2021-08-13 00:00:00,1.0,1726.0
CUS_00428,K00133              ,GF ,張   ,100.0,2021-08-16 00:00:00,1.0,1734.0
CUS_00428,PNSSUN05            ,GF ,組   ,100.0,2021-08-16 00:00:00,1.0,1734.0
CUS_00428,KX212EF             ,GF ,組   ,250.0,2021-08-16 00:00:00,1.0,1734.0
CUS_00333,NB1040              ,GF ,罐   ,500.0,2023-09-27 00:00:00,5.0,4536.0
CUS_00587,VBDZJTUQ            ,GF ,罐   ,0.0,2024-04-09 00:00:00,1.0,5124.0
CUS_00587,2UW                 ,GF ,組   ,0.0,2024-11-16 00:00:00,1.0,5656.0
CUS_00587,RSENT53SMD          ,GF ,卡   ,0.0,2025-04-14 00:00:00,3.0,6052.0
CUS_00031,ZEROFV1UUR          ,GF ,罐   ,400.0,2025-06-28 00:00:00,1.0,6346.0
CUS_00587,TVJ1                ,GF ,條   ,0.0,2025-07-02 00:00:00,1.0,6359.0
CUS_00333,ZINGERDFV           ,GF ,各   ,400.0,2025-10-16 00:00:00,1.0,6573.0
CUS_00587,PNSE016             ,GF ,組   ,0.0,2025-11-12 00:00:00,1.0,6659.0
CUS_00587,H1255W              ,GF ,各   ,0.0,2026-01-28 00:00:00,1.0,6865.0
CUS_00428,VBDVATX             ,GF ,罐   ,200.0,2021-08-16 00:00:00,1.0,1734.0
CUS_00428,PNSDBC0251R         ,GF ,組   ,500.0,2021-08-16 00:00:00,1.0,1734.0
CUS_00587,GHA024              ,GF ,組   ,0.0,2021-08-16 00:00:00,1.0,1736.0
CUS_00587,FORTISFMT           ,GF ,組   ,0.0,2021-08-18 00:00:00,1.0,1749.0
CUS_00028,1GW2111C5R          ,GF ,組   ,16000.0,2022-01-19 00:00:00,1.0,2397.0
CUS_00587,AL529USBTY          ,GF ,組   ,0.0,2022-05-06 00:00:00,1.0,2837.0
CUS_00587,PNSP002             ,GF ,組   ,0.0,2022-06-22 00:00:00,1.0,2999.0
CUS_00050,LK1VTRXF            ,GF ,組   ,2000.0,2021-08-20 00:00:00,1.0,1767.0
CUS_00021,CARMATERUR          ,GF ,罐   ,650.0,2021-08-21 00:00:00,1.0,1769.0
CUS_00021,PNST530             ,GF ,組   ,350.0,2021-08-21 00:00:00,1.0,1769.0
CUS_00021,ABROQGUR            ,GF ,罐   ,400.0,2021-08-21 00:00:00,1.0,1769.0
CUS_00084,VBDVATX             ,GF ,罐   ,140.0,2021-08-21 00:00:00,1.0,1769.0
CUS_00084,TYPERH4CR           ,GF ,組   ,500.0,2021-08-21 00:00:00,1.0,1769.0
CUS_00587,PNSDS002WVJUZW      ,GF ,組   ,0.0,2021-08-21 00:00:00,2.0,1770.0
CUS_00587,H00677              ,GF ,張   ,0.0,2021-08-21 00:00:00,1.0,1771.0
CUS_00587,12ELANTRATA1E2      ,GF ,組   ,0.0,2021-08-21 00:00:00,1.0,1776.0
CUS_00074,RSENT104RQ          ,GF ,卡   ,200.0,2021-08-23 00:00:00,1.0,1776.0
CUS_00723,ES122VG             ,GF ,組   ,250.0,2021-08-23 00:00:00,1.0,1776.0
CUS_00723,SF4005WAVQ          ,GF ,組   ,100.0,2021-08-23 00:00:00,1.0,1776.0
CUS_00723,HY662               ,GF ,組   ,1100.0,2021-08-23 00:00:00,2.0,1776.0
CUS_00723,EY                  ,GF ,次   ,250.0,2021-08-23 00:00:00,1.0,1776.0
CUS_00587,QXA-TA1E2           ,GF ,組   ,0.0,2021-08-23 00:00:00,1.0,1779.0
CUS_00648,3MGAR8*33           ,GF ,捲   ,550.0,2021-08-25 00:00:00,1.0,1779.0
CUS_00555,AFL283578           ,GF ,組   ,200.0,2021-08-26 00:00:00,2.0,1782.0
CUS_00587,RSENT20352RA2V      ,GF ,組   ,0.0,2024-03-08 00:00:00,1.0,5035.0
CUS_00587,NO2112GRR           ,GF ,組   ,0.0,2024-05-14 00:00:00,1.0,5205.0
CUS_00587,HJX030GSR           ,GF ,組   ,0.0,2024-07-11 00:00:00,1.0,5385.0
CUS_00587,SF4005WAVQ          ,GF ,組   ,0.0,2024-08-06 00:00:00,1.0,5449.0
CUS_00587,PNSSUN11            ,GF ,組   ,0.0,2024-11-08 00:00:00,1.0,5625.0
CUS_00074,RSENT105630         ,GF ,卡   ,300.0,2025-07-14 00:00:00,1.0,6386.0
CUS_00587,BD0907GQW1          ,GF ,組   ,0.0,2025-07-17 00:00:00,1.0,6401.0
CUS_00587,GARMINVQR           ,GF ,各   ,0.0,2025-11-18 00:00:00,1.0,6670.0
CUS_00587,H422VY              ,GF ,組   ,0.0,2025-12-04 00:00:00,1.0,6722.0
CUS_00587,500RTCW             ,GF ,組   ,0.0,2026-02-21 00:00:00,1.0,6941.0
CUS_00704,AFL283578           ,GF ,組   ,250.0,2021-08-26 00:00:00,1.0,1782.0
CUS_00694,ABTA089             ,GF ,組   ,750.0,2021-08-26 00:00:00,2.0,1782.0
CUS_00671,8CV3+325R           ,GF ,組   ,13000.0,2021-08-26 00:00:00,1.0,1782.0
CUS_00671,V81VTRXF            ,GF ,組   ,4000.0,2021-08-26 00:00:00,1.0,1782.0
CUS_00587,1A2E                ,GF ,組   ,0.0,2021-12-04 00:00:00,2.0,2170.0
CUS_00587,INNONACVN           ,GF ,各   ,0.0,2022-05-09 00:00:00,1.0,2843.0
CUS_00694,DAYL60XU2           ,GF ,組   ,2000.0,2022-07-13 00:00:00,1.0,3044.0
CUS_00671,F501TAZQW           ,GF ,捲   ,500.0,2021-08-26 00:00:00,1.0,1782.0
CUS_00671,13ALTISTA1E2        ,GF ,組   ,800.0,2021-08-26 00:00:00,1.0,1782.0
CUS_00671,ABTA106             ,GF ,組   ,700.0,2021-08-26 00:00:00,1.0,1782.0
CUS_00671,593GUSBY            ,GF ,組   ,400.0,2021-08-26 00:00:00,1.0,1782.0
CUS_00587,AEGV2Q3157          ,GF ,各   ,0.0,2021-08-28 00:00:00,0.5,1788.0
CUS_00587,ROGUETA1E2          ,GF ,組   ,0.0,2021-09-01 00:00:00,1.0,1789.0
CUS_00587,S27C-1TG1VNY        ,GF ,組   ,0.0,2021-09-01 00:00:00,1.0,1793.0
CUS_00558,NB1040              ,GF ,罐   ,500.0,2021-09-03 00:00:00,5.0,1799.0
CUS_00558,AYW3DFV             ,GF ,各   ,450.0,2021-09-03 00:00:00,1.0,1799.0
CUS_00558,FCOUSUV             ,GF ,各   ,100.0,2021-09-03 00:00:00,1.0,1799.0
CUS_00558,ZEROAMN+RFC         ,GF ,罐   ,850.0,2021-09-03 00:00:00,1.0,1799.0
CUS_00587,VBDQEYB1UR          ,GF ,罐   ,0.0,2026-04-10 00:00:00,1.0,7038.0
CUS_00558,2TVUJE              ,GF ,組   ,2500.0,2021-09-03 00:00:00,1.0,1799.0
CUS_00558,VTRXF2T             ,GF ,各   ,800.0,2021-09-03 00:00:00,1.0,1799.0
CUS_00608,APPUD5D             ,GF ,組   ,1400.0,2021-09-04 00:00:00,1.0,1802.0
CUS_00587,IDRH6.5K            ,GF ,組   ,0.0,2021-09-04 00:00:00,1.0,1805.0
CUS_00587,AIDO24HMG           ,GF ,支   ,0.0,2021-09-06 00:00:00,1.0,1819.0
CUS_00587,TYPER9012T1E2Q      ,GF ,組   ,0.0,2021-09-06 00:00:00,1.0,1820.0
CUS_00587,LY970GSR            ,GF ,各   ,0.0,2021-09-07 00:00:00,1.0,1825.0
CUS_00694,F2W5                ,GF ,張   ,2500.0,2023-11-17 00:00:00,1.0,4690.0
CUS_00694,1G5MYQU             ,GF ,罐   ,1100.0,2024-04-06 00:00:00,6.0,5110.0
CUS_00587,J2WV2               ,GF ,組   ,0.0,2024-11-16 00:00:00,1.0,5655.0
CUS_00694,1G5MRU              ,GF ,罐   ,750.0,2024-12-10 00:00:00,1.0,5694.0
CUS_00587,H00338              ,GF ,張   ,0.0,2025-03-19 00:00:00,1.0,5952.0
CUS_00694,ZERORFFVR           ,GF ,罐   ,950.0,2025-04-03 00:00:00,1.0,5992.0
CUS_00558,NXUR                ,GF ,各   ,200.0,2025-04-29 00:00:00,1.0,6119.0
CUS_00587,XA                  ,GF ,kg  ,0.0,2025-07-04 00:00:00,1.0,6363.0
CUS_00694,H00861              ,GF ,張   ,60.0,2026-02-11 00:00:00,3.0,6903.0
CUS_00587,SF0044              ,GF ,組   ,0.0,2021-09-08 00:00:00,1.0,1828.0
CUS_00432,2UW                 ,GF ,組   ,150.0,2021-09-08 00:00:00,2.0,1828.0
CUS_00432,ZEROVRMG22G         ,GF ,支   ,1100.0,2021-09-08 00:00:00,1.0,1828.0
CUS_00432,ZEROVRMG24          ,GF ,支   ,1100.0,2021-09-08 00:00:00,1.0,1828.0
CUS_00432,PS255R2W            ,GF ,組   ,300.0,2021-09-08 00:00:00,2.0,1828.0
CUS_00432,PNSSUN05            ,GF ,組   ,100.0,2021-09-08 00:00:00,1.0,1828.0
CUS_00432,PNSHXT303           ,GF ,組   ,530.0,2021-09-08 00:00:00,1.0,1828.0
CUS_00587,K00372              ,GF ,各   ,0.0,2021-09-13 00:00:00,1.0,1845.0
CUS_00558,16322T              ,GF ,各   ,150.0,2021-10-12 00:00:00,1.0,1960.0
CUS_00086,AFL283578           ,GF ,組   ,500.0,2022-01-15 00:00:00,4.0,2381.0
CUS_00694,H00352              ,GF ,張   ,60.0,2022-07-15 00:00:00,1.0,3047.0
CUS_00054,E00465              ,GF ,張   ,6000.0,2021-09-08 00:00:00,1.0,1829.0
CUS_00054,EY                  ,GF ,次   ,500.0,2021-09-08 00:00:00,1.0,1829.0
CUS_00054,02EAXDFV            ,GF ,各   ,350.0,2021-09-08 00:00:00,1.0,1829.0
CUS_00056,V81VTRXF            ,GF ,組   ,4000.0,2021-09-09 00:00:00,1.0,1830.0
CUS_00056,GHA3442DTY          ,GF ,組   ,262.0,2021-09-09 00:00:00,1.0,1830.0
CUS_00587,E00897              ,GF ,張   ,0.0,2021-09-10 00:00:00,1.0,1832.0
CUS_00587,F00341B             ,GF ,張   ,0.0,2021-09-10 00:00:00,1.0,1833.0
CUS_00694,CLA2500UV           ,GF ,各   ,750.0,2026-04-08 00:00:00,1.0,7029.0
CUS_00694,CLA250DFV           ,GF ,各   ,1250.0,2026-04-08 00:00:00,1.0,7029.0
CUS_00587,F203BFHZG           ,GF ,組   ,0.0,2021-09-10 00:00:00,1.0,1834.0
CUS_00587,BC608               ,GF ,組   ,0.0,2021-09-10 00:00:00,1.0,1835.0
CUS_00021,SMD60LED            ,GF ,各   ,1000.0,2021-09-10 00:00:00,0.5,1835.0
CUS_00054,02EAXF2AW           ,GF ,組   ,6000.0,2021-09-08 00:00:00,1.0,1835.0
CUS_00606,LD9VTRXF            ,GF ,組   ,6800.0,2021-09-11 00:00:00,1.0,1841.0
CUS_00606,AL5003TY-CU         ,GF ,組   ,200.0,2021-09-11 00:00:00,1.0,1841.0
CUS_00723,CJ5T2800MUJV        ,GF ,次   ,2000.0,2021-09-13 00:00:00,1.0,1841.0
CUS_00587,T5T                 ,GF ,組   ,0.0,2021-09-16 00:00:00,1.0,1850.0
CUS_00587,WF0096NTD           ,GF ,組   ,0.0,2021-09-16 00:00:00,1.0,1854.0
CUS_00496,ID300K5252U         ,GF ,組   ,6000.0,2021-09-17 00:00:00,1.0,1858.0
CUS_00496,AV5F2               ,GF ,組   ,500.0,2021-09-17 00:00:00,1.0,1858.0
CUS_00496,EY                  ,GF ,次   ,1000.0,2021-09-17 00:00:00,1.0,1858.0
CUS_00587,K00172              ,GF ,張   ,0.0,2023-11-03 00:00:00,1.0,4644.0
CUS_00587,BB1361              ,GF ,張   ,0.0,2023-11-09 00:00:00,1.0,4663.0
CUS_00587,PNS07HD69           ,GF ,組   ,0.0,2024-07-04 00:00:00,1.0,5368.0
CUS_00587,5EVTRXF             ,GF ,組   ,0.0,2024-09-13 00:00:00,1.0,5520.0
CUS_00365,RWFVR               ,GF ,罐   ,1000.0,2025-01-11 00:00:00,1.0,5822.0
CUS_00587,FAGEUW              ,GF ,組   ,0.0,2025-10-31 00:00:00,1.0,6634.0
CUS_00496,V1                  ,GF ,組   ,1000.0,2021-09-17 00:00:00,1.0,1858.0
CUS_00424,TURBOH11            ,GF ,組   ,2000.0,2021-09-18 00:00:00,1.0,1863.0
CUS_00424,AFL283578           ,GF ,組   ,500.0,2021-09-18 00:00:00,2.0,1863.0
CUS_00424,T10506FHUD2         ,GF ,組   ,600.0,2021-09-18 00:00:00,1.0,1863.0
CUS_00424,VBDVATX             ,GF ,罐   ,200.0,2021-09-18 00:00:00,1.0,1863.0
CUS_00416,AFL283578           ,GF ,組   ,400.0,2021-09-20 00:00:00,2.0,1865.0
CUS_00416,LD9VTRXF            ,GF ,組   ,7200.0,2021-09-20 00:00:00,1.0,1865.0
CUS_00693,ZV5Q5VTRXF          ,GF ,組   ,3000.0,2021-10-08 00:00:00,1.0,1933.0
CUS_00587,WISHUV              ,GF ,各   ,0.0,2022-12-20 00:00:00,1.0,3628.0
CUS_00549,RSEN02F             ,GF ,各   ,700.0,2023-01-09 00:00:00,1.0,3677.0
CUS_00416,GHA3442DTY          ,GF ,組   ,300.0,2021-09-20 00:00:00,1.0,1865.0
CUS_00587,CARDIOCA700.1A      ,GF ,組   ,0.0,2021-09-22 00:00:00,1.0,1867.0
CUS_00587,PNSHG305            ,GF ,組   ,0.0,2021-09-22 00:00:00,1.0,1870.0
CUS_00587,V2A5WC              ,GF ,各   ,0.0,2021-09-22 00:00:00,1.0,1871.0
CUS_00637,RSENH113000K2Q      ,GF ,各   ,800.0,2021-09-23 00:00:00,2.0,1872.0
CUS_00637,RSEN02F             ,GF ,各   ,1000.0,2021-09-23 00:00:00,1.0,1872.0
CUS_00587,KYOROKU530RU        ,GF ,罐   ,0.0,2021-09-23 00:00:00,1.0,1874.0
CUS_00159,05TEANAUF2Q         ,GF ,組   ,4000.0,2021-09-24 00:00:00,1.0,1875.0
CUS_00159,EY                  ,GF ,次   ,500.0,2021-09-24 00:00:00,1.0,1875.0
CUS_00159,ERQ55D23L2Q         ,GF ,各   ,2800.0,2021-09-24 00:00:00,1.0,1875.0
CUS_00159,XA                  ,GF ,kg  ,2000.0,2021-09-24 00:00:00,1.0,1875.0
CUS_00159,05TEANAZ2R          ,GF ,組   ,10000.0,2021-09-24 00:00:00,1.0,1875.0
CUS_00074,S28WGDE             ,GF ,組   ,100.0,2021-09-27 00:00:00,1.0,1879.0
CUS_00471,LD9GPS              ,GF ,組   ,2000.0,2021-09-28 00:00:00,1.0,1883.0
CUS_00471,KMWTV               ,GF ,各   ,500.0,2021-09-28 00:00:00,1.0,1883.0
CUS_00471,LD9VTRXF            ,GF ,組   ,7500.0,2021-09-28 00:00:00,1.0,1883.0
CUS_00471,EY                  ,GF ,次   ,800.0,2021-09-28 00:00:00,1.0,1883.0
CUS_00471,PS255R2W            ,GF ,組   ,200.0,2021-09-28 00:00:00,1.0,1883.0
CUS_00587,DRG15FCTFA          ,GF ,組   ,0.0,2021-09-28 00:00:00,1.0,1885.0
CUS_00587,ABT369FY            ,GF ,組   ,0.0,2021-09-28 00:00:00,1.0,1886.0
CUS_00086,XA                  ,GF ,kg  ,800.0,2023-05-30 00:00:00,1.0,4206.0
CUS_00076,ZV5G539HNF          ,GF ,組   ,2800.0,2024-01-19 00:00:00,1.0,4878.0
CUS_00365,NXUR                ,GF ,各   ,100.0,2025-01-11 00:00:00,1.0,5822.0
CUS_00587,2XAW6HQE            ,GF ,各   ,0.0,2025-04-04 00:00:00,1.0,6001.0
CUS_00365,ELANTRXFXJ          ,GF ,各   ,550.0,2025-08-23 00:00:00,1.0,6479.0
CUS_00587,YH368FDS2XEN        ,GF ,組   ,0.0,2025-09-09 00:00:00,1.0,6506.0
CUS_00082,BW2                 ,GF ,條   ,150.0,2021-09-29 00:00:00,1.0,1888.0
CUS_00471,LD9VTRXFUTV         ,GF ,組   ,1000.0,2021-09-28 00:00:00,1.0,1888.0
CUS_00587,VIOS5MTX            ,GF ,組   ,0.0,2021-09-22 00:00:00,1.0,1889.0
          ,VAUV                ,GF ,各   ,0.0,2021-09-29 00:00:00,1.0,1890.0
          ,NB1040              ,GF ,罐   ,0.0,2021-09-29 00:00:00,4.0,1891.0
          ,LEXUS5MW2           ,GF ,組   ,0.0,2021-09-29 00:00:00,1.0,1892.0
          ,HJX028XR            ,GF ,組   ,0.0,2021-09-29 00:00:00,1.0,1893.0
CUS_00587,SF1269              ,GF ,各   ,0.0,2022-01-10 00:00:00,1.0,2344.0
CUS_00587,1MVXTT5XL           ,GF ,組   ,0.0,2022-09-08 00:00:00,1.0,3241.0
CUS_00086,SENFINCEOXFZVFRR    ,GF ,罐   ,1000.0,2022-12-01 00:00:00,1.0,3545.0
CUS_00587,GHA308              ,GF ,組   ,0.0,2022-12-03 00:00:00,1.0,3555.0
CUS_00587,5CMZQW              ,GF ,卷   ,0.0,2021-10-09 00:00:00,1.0,1947.0
CUS_00587,7CMZQW              ,GF ,卷   ,0.0,2021-10-09 00:00:00,1.0,1951.0
CUS_00548,ERQ602Q             ,GF ,各   ,2500.0,2021-10-11 00:00:00,1.0,1956.0
CUS_00548,2UY24.8A            ,GF ,組   ,800.0,2021-10-11 00:00:00,1.0,1956.0
CUS_00548,EY                  ,GF ,次   ,200.0,2021-10-11 00:00:00,1.0,1956.0
CUS_00694,BCF16161RDF         ,GF ,次   ,20000.0,2021-10-12 00:00:00,1.0,1957.0
CUS_00682,RSEND44300K         ,GF ,各   ,1000.0,2021-10-12 00:00:00,1.0,1960.0
CUS_00558,A740VTRXF           ,GF ,組   ,5000.0,2021-10-12 00:00:00,1.0,1960.0
CUS_00558,20322T              ,GF ,各   ,150.0,2021-10-12 00:00:00,1.0,1960.0
CUS_00659,HY662               ,GF ,組   ,1000.0,2021-10-12 00:00:00,1.0,1960.0
CUS_00630,JKS58ZVDE           ,GF ,組   ,100.0,2021-10-12 00:00:00,1.0,1960.0
CUS_00689,SENFINECOGV5XR      ,GF ,罐   ,450.0,2021-10-13 00:00:00,1.0,1962.0
CUS_00689,GVE1.12             ,GF ,各   ,350.0,2021-10-13 00:00:00,1.0,1962.0
CUS_00587,ALTISERR            ,GF ,組   ,0.0,2021-10-13 00:00:00,1.0,1963.0
CUS_00587,H00799              ,GF ,張   ,0.0,2021-10-13 00:00:00,1.0,1968.0
CUS_00587,2TFR2               ,GF ,組   ,0.0,2021-10-13 00:00:00,1.0,1969.0
CUS_00171,05XGJ1G             ,GF ,組   ,1500.0,2019-12-16 00:00:00,1.0,1969.0
CUS_00171,05XGZGV             ,GF ,組   ,850.0,2019-12-16 00:00:00,1.0,1969.0
CUS_00171,RSENGVR             ,GF ,罐   ,250.0,2019-12-16 00:00:00,1.0,1969.0
CUS_00587,PNSF410BK12         ,GF ,組   ,0.0,2023-07-13 00:00:00,1.0,4297.0
CUS_00171,ERQ55D23L2Q         ,GF ,各   ,2800.0,2023-08-08 00:00:00,1.0,4391.0
CUS_00630,VUGQ2W              ,GF ,組   ,800.0,2024-07-23 00:00:00,1.0,5406.0
CUS_00587,CB1107UCE           ,GF ,各   ,0.0,2024-09-25 00:00:00,1.0,5544.0
CUS_00587,T09GRR              ,GF ,組   ,0.0,2025-03-08 00:00:00,1.0,5936.0
CUS_00086,16322T              ,GF ,各   ,150.0,2026-01-07 00:00:00,4.0,6812.0
CUS_00704,V81VTRXF            ,GF ,組   ,2500.0,2021-10-14 00:00:00,1.0,1971.0
CUS_00682,UUZV10D             ,GF ,組   ,900.0,2021-10-16 00:00:00,1.0,1974.0
CUS_00587,DIYEUW              ,GF ,組   ,0.0,2021-10-16 00:00:00,1.0,1977.0
CUS_00626,B6002DX.ABH1        ,GF ,各   ,500.0,2021-10-18 00:00:00,1.0,1981.0
CUS_00626,CARGTUV             ,GF ,罐   ,200.0,2021-10-18 00:00:00,1.0,1981.0
CUS_00626,V18H11LED           ,GF ,組   ,3200.0,2021-10-18 00:00:00,1.0,1981.0
CUS_00626,N1QWZ1TR            ,GF ,罐   ,300.0,2021-10-18 00:00:00,1.0,1981.0
CUS_00630,KMWTV               ,GF ,各   ,80.0,2021-12-21 00:00:00,1.0,2250.0
CUS_00587,POSEN22H            ,GF ,組   ,0.0,2021-12-22 00:00:00,1.0,2257.0
CUS_00028,1GW211A1D           ,GF ,組   ,1500.0,2022-01-19 00:00:00,1.0,2397.0
CUS_00587,PNSSW001            ,GF ,條   ,0.0,2023-02-21 00:00:00,1.0,3875.0
CUS_00587,PNSDBC0251R         ,GF ,組   ,0.0,2021-10-19 00:00:00,1.0,1986.0
CUS_00076,RMQUW               ,GF ,組   ,2350.0,2021-10-20 00:00:00,1.0,1986.0
CUS_00076,180FMT              ,GF ,組   ,400.0,2021-10-20 00:00:00,1.0,1986.0
CUS_00076,RX1VG1              ,GF ,條   ,450.0,2021-10-20 00:00:00,1.0,1986.0
CUS_00587,MTVGJ2TXW           ,GF ,組   ,1800.0,2021-10-21 00:00:00,1.0,1993.0
CUS_00587,2TXWMTNU            ,GF ,組   ,1500.0,2021-10-21 00:00:00,1.0,1993.0
CUS_00587,J00349CMG           ,GF ,支   ,0.0,2021-10-22 00:00:00,1.0,1994.0
CUS_00384,NB1040              ,GF ,罐   ,500.0,2021-10-24 00:00:00,4.0,1998.0
CUS_00384,VBDQEYB1UR          ,GF ,罐   ,300.0,2021-10-24 00:00:00,1.0,1998.0
CUS_00384,XRW                 ,GF ,各   ,399.0,2021-10-24 00:00:00,1.0,1998.0
CUS_00606,ZEROVRMG16          ,GF ,支   ,800.0,2021-10-23 00:00:00,1.0,2000.0
CUS_00606,ZEROVRMG26          ,GF ,支   ,1000.0,2021-10-23 00:00:00,1.0,2000.0
CUS_00588,GV5XJ               ,GF ,片   ,400.0,2021-10-25 00:00:00,1.0,2000.0
CUS_00682,MTVGJ2TXW           ,GF ,組   ,1800.0,2021-10-21 00:00:00,1.0,2000.0
CUS_00572,2TVUJE              ,GF ,組   ,1000.0,2021-10-26 00:00:00,1.0,2001.0
CUS_00119,V81GUVTRXFF         ,GF ,組   ,2500.0,2021-10-26 00:00:00,1.0,2004.0
CUS_00119,WF0306TW            ,GF ,組   ,300.0,2021-10-26 00:00:00,1.0,2004.0
CUS_00587,SF0043              ,GF ,組   ,0.0,2021-10-27 00:00:00,1.0,2009.0
CUS_00132,WF55D23L2Q          ,GF ,各   ,2400.0,2021-10-27 00:00:00,1.0,2011.0
CUS_00587,LD4VTRXF            ,GF ,組   ,0.0,2023-09-26 00:00:00,1.0,4535.0
CUS_00587,2GE                 ,GF ,組   ,0.0,2024-05-08 00:00:00,1.0,5187.0
CUS_00682,2TXWMTNU            ,GF ,組   ,1850.0,2024-07-02 00:00:00,1.0,5362.0
CUS_00076,S27CTYZ1VNY         ,GF ,組   ,150.0,2026-01-28 00:00:00,1.0,6859.0
CUS_00587,TAD013              ,GF ,組   ,0.0,2026-02-04 00:00:00,1.0,6886.0
CUS_00587,2013CRVFMTC         ,GF ,組   ,0.0,2021-10-27 00:00:00,1.0,2012.0
CUS_00329,V81VTRXF            ,GF ,組   ,4000.0,2021-10-27 00:00:00,1.0,2013.0
CUS_00121,ID12H52U            ,GF ,組   ,6000.0,2021-10-29 00:00:00,1.0,2025.0
CUS_00121,52UDTY              ,GF ,組   ,500.0,2021-10-29 00:00:00,1.0,2025.0
CUS_00121,EY                  ,GF ,次   ,1750.0,2021-10-29 00:00:00,1.0,2036.0
CUS_00572,V81VTRXF            ,GF ,組   ,2500.0,2022-10-14 00:00:00,1.0,3361.0
CUS_00121,AVV1.0              ,GF ,條   ,250.0,2021-10-29 00:00:00,1.0,2025.0
CUS_00121,AVVCV4.5M           ,GF ,條   ,250.0,2021-10-29 00:00:00,1.0,2025.0
CUS_00121,HK800JGX1           ,GF ,組   ,800.0,2021-10-29 00:00:00,1.0,2025.0
CUS_00121,1VNY                ,GF ,各   ,250.0,2021-10-29 00:00:00,1.0,2025.0
CUS_00121,32G                 ,GF ,各   ,500.0,2021-10-29 00:00:00,1.0,2025.0
CUS_00121,GWA                 ,GF ,各   ,100.0,2021-10-29 00:00:00,2.0,2025.0
CUS_00086,LEDXG2W             ,GF ,組   ,1500.0,2021-10-29 00:00:00,1.0,2026.0
CUS_00086,ERQ602Q             ,GF ,各   ,2500.0,2021-10-29 00:00:00,1.0,2026.0
CUS_00086,CARMATGTU2          ,GF ,罐   ,1000.0,2021-10-29 00:00:00,1.0,2026.0
CUS_00086,3032YXAFXXW         ,GF ,條   ,3800.0,2021-10-29 00:00:00,3.0,2026.0
CUS_00549,KY359FE             ,GF ,各   ,175.0,2021-10-30 00:00:00,2.0,2027.0
CUS_00533,PNSF6037TY          ,GF ,組   ,250.0,2021-10-30 00:00:00,1.0,2028.0
CUS_00587,SF0016              ,GF ,卡   ,0.0,2026-03-05 00:00:00,1.0,6967.0
CUS_00587,13ALTIS5MW2         ,GF ,組   ,0.0,2021-10-30 00:00:00,1.0,2029.0
CUS_00587,2015RAV45MTX        ,GF ,組   ,0.0,2021-10-30 00:00:00,1.0,2032.0
CUS_00587,B6002DX.ABH1        ,GF ,各   ,0.0,2021-11-03 00:00:00,1.0,2034.0
CUS_00121,G255630GV2Q         ,GF ,組   ,500.0,2021-10-29 00:00:00,1.0,2036.0
CUS_00555,V81VTRXF            ,GF ,組   ,2500.0,2021-11-03 00:00:00,1.0,2036.0
CUS_00555,OBT2FHWWVGF         ,GF ,組   ,2200.0,2021-11-03 00:00:00,1.0,2036.0
CUS_00379,RSENGR16R           ,GF ,組   ,350.0,2021-11-03 00:00:00,3.0,2036.0
CUS_00379,RSENHID5RF          ,GF ,各   ,500.0,2021-11-03 00:00:00,1.0,2036.0
CUS_00587,TCMVG1              ,GF ,條   ,0.0,2021-11-04 00:00:00,1.0,2039.0
CUS_00587,HY3155J2            ,GF ,組   ,0.0,2023-11-15 00:00:00,1.0,4685.0
CUS_00587,3138CU2             ,GF ,組   ,0.0,2023-11-22 00:00:00,1.0,4720.0
CUS_00074,2TXWSDXU            ,GF ,組   ,750.0,2025-03-26 00:00:00,1.0,5960.0
CUS_00587,307DTV              ,GF ,組   ,450.0,2025-04-02 00:00:00,1.0,5991.0
CUS_00587,ABTE011DTF          ,GF ,組   ,0.0,2025-04-28 00:00:00,1.0,6118.0
CUS_00694,K00133              ,GF ,張   ,90.0,2025-10-09 00:00:00,1.0,6565.0
CUS_00587,ZEROVRMG16          ,GF ,支   ,0.0,2026-02-14 00:00:00,1.0,6932.0
CUS_00555,PNSHUDL2            ,GF ,組   ,1650.0,2021-11-04 00:00:00,1.0,2040.0
CUS_00067,SAXOQUYFRR          ,GF ,罐   ,350.0,2021-11-05 00:00:00,1.0,2040.0
CUS_00585,G255630GV2Q         ,GF ,組   ,550.0,2021-11-05 00:00:00,2.0,2040.0
CUS_00587,LHR983T2VXR         ,GF ,組   ,0.0,2022-09-13 00:00:00,1.0,3255.0
CUS_00379,RSEN02F             ,GF ,各   ,1000.0,2022-10-18 00:00:00,1.0,3377.0
CUS_00587,H00844              ,GF ,張   ,0.0,2022-11-11 00:00:00,1.0,3479.0
CUS_00086,KYOROKU530RU        ,GF ,罐   ,600.0,2022-12-01 00:00:00,4.0,3548.0
CUS_00067,12FVRU5XR           ,GF ,罐   ,500.0,2023-01-13 00:00:00,1.0,3692.0
CUS_00579,RSEN02F             ,GF ,各   ,750.0,2021-11-05 00:00:00,2.0,2040.0
CUS_00579,TYPERH3CR2Q         ,GF ,組   ,1000.0,2021-11-05 00:00:00,1.0,2040.0
CUS_00579,LEDV2Q72WCN         ,GF ,組   ,1700.0,2021-11-05 00:00:00,1.0,2040.0
CUS_00579,RSENH18000K         ,GF ,各   ,500.0,2021-11-05 00:00:00,2.0,2040.0
CUS_00595,F501TAZQW           ,GF ,捲   ,400.0,2021-11-08 00:00:00,1.0,2043.0
CUS_00595,JL101FVYT           ,GF ,組   ,1500.0,2021-11-08 00:00:00,1.0,2043.0
CUS_00579,V18LEDH122          ,GF ,組   ,1700.0,2021-11-05 00:00:00,1.0,2043.0
CUS_00334,RSENH113000K2Q      ,GF ,各   ,500.0,2021-11-10 00:00:00,2.0,2043.0
CUS_00334,RSEN02F             ,GF ,各   ,1000.0,2021-11-10 00:00:00,2.0,2043.0
CUS_00334,RSENHIDRAF          ,GF ,各   ,750.0,2021-11-10 00:00:00,2.0,2043.0
CUS_00587,ABTE061VTF          ,GF ,組   ,0.0,2021-11-10 00:00:00,1.0,2049.0
CUS_00694,3M12*15             ,GF ,組   ,200.0,2026-04-08 00:00:00,1.0,7029.0
CUS_00558,V81GUVTRXFF         ,GF ,組   ,3000.0,2021-11-10 00:00:00,1.0,2053.0
CUS_00558,RSENBEMG20          ,GF ,支   ,300.0,2021-11-10 00:00:00,1.0,2053.0
CUS_00558,RSENBEMG            ,GF ,支   ,300.0,2021-11-10 00:00:00,1.0,2053.0
CUS_00334,L2Q7FTW2            ,GF ,組   ,2400.0,2021-11-10 00:00:00,1.0,2054.0
CUS_00334,L2Q7TA1E2           ,GF ,組   ,800.0,2021-11-10 00:00:00,1.0,2054.0
CUS_00558,ZXDCEXRN            ,GF ,組   ,1500.0,2021-11-10 00:00:00,1.0,2055.0
CUS_00558,RSENBEMG16          ,GF ,支   ,200.0,2021-11-10 00:00:00,1.0,2055.0
CUS_00086,SAXOQUYFRR          ,GF ,罐   ,400.0,2023-05-30 00:00:00,1.0,4206.0
CUS_00365,MISSIONCVT          ,GF ,罐   ,600.0,2023-09-23 00:00:00,4.0,4533.0
CUS_00587,20252T              ,GF ,各   ,0.0,2023-10-06 00:00:00,1.0,4564.0
CUS_00067,VR1RUV              ,GF ,各   ,100.0,2024-02-02 00:00:00,1.0,4931.0
CUS_00067,TIDADFV             ,GF ,各   ,350.0,2024-02-02 00:00:00,1.0,4931.0
CUS_00067,TIDARUV             ,GF ,各   ,100.0,2024-02-02 00:00:00,1.0,4931.0
CUS_00067,SAXO1040            ,GF ,罐   ,400.0,2024-02-02 00:00:00,4.0,4931.0
CUS_00067,XA                  ,GF ,kg  ,800.0,2024-03-27 00:00:00,1.0,5092.0
CUS_00587,KR104LZVQW          ,GF ,條   ,0.0,2024-05-02 00:00:00,1.0,5180.0
CUS_00558,SAXOQUYFRR          ,GF ,罐   ,360.0,2025-04-29 00:00:00,1.0,6119.0
CUS_00558,NOIDNRMG16          ,GF ,支   ,200.0,2021-11-10 00:00:00,1.0,2072.0
CUS_00558,2TVUSD              ,GF ,組   ,2500.0,2021-11-12 00:00:00,1.0,2072.0
CUS_00558,RSEN4.352           ,GF ,組   ,2000.0,2021-11-12 00:00:00,1.0,2072.0
CUS_00558,KMWTV               ,GF ,各   ,250.0,2021-11-12 00:00:00,1.0,2072.0
CUS_00558,ABT563FYQD          ,GF ,組   ,200.0,2021-11-12 00:00:00,1.0,2072.0
CUS_00558,2UY24.8A            ,GF ,組   ,650.0,2021-11-12 00:00:00,1.0,2072.0
CUS_00558,XE2MGG250CC         ,GF ,罐   ,250.0,2021-11-12 00:00:00,1.0,2072.0
CUS_00558,ZXDCXRN1R           ,GF ,組   ,2000.0,2021-11-12 00:00:00,1.0,2072.0
CUS_00028,DR0AZVQWL           ,GF ,各   ,650.0,2022-01-19 00:00:00,1.0,2395.0
CUS_00587,62G2YXX             ,GF ,組   ,0.0,2022-10-12 00:00:00,1.0,3355.0
CUS_00558,QGW                 ,GF ,組   ,450.0,2021-11-12 00:00:00,1.0,2072.0
CUS_00008,YH370FES2XEN        ,GF ,組   ,2750.0,2021-11-13 00:00:00,1.0,2074.0
CUS_00008,PNSS182USB          ,GF ,組   ,450.0,2021-11-13 00:00:00,1.0,2074.0
CUS_00334,RSEN55ZVQW          ,GF ,條   ,600.0,2021-11-10 00:00:00,1.0,2074.0
CUS_00587,OPS01VXR            ,GF ,組   ,0.0,2021-11-13 00:00:00,1.0,2079.0
CUS_00008,SAXO1040            ,GF ,罐   ,350.0,2021-11-14 00:00:00,4.0,2085.0
CUS_00008,ZWUV                ,GF ,各   ,100.0,2021-11-14 00:00:00,1.0,2085.0
CUS_00008,VUDFV               ,GF ,各   ,250.0,2021-11-14 00:00:00,1.0,2085.0
CUS_00008,MISSIONCVT          ,GF ,罐   ,600.0,2021-11-14 00:00:00,4.0,2085.0
CUS_00008,12FVRU5XR           ,GF ,罐   ,450.0,2021-11-14 00:00:00,1.0,2085.0
CUS_00178,QWZG                ,GF ,組   ,750.0,2021-11-15 00:00:00,1.0,2087.0
CUS_00178,5EVTRXF             ,GF ,組   ,750.0,2021-11-15 00:00:00,1.0,2087.0
CUS_00178,20322T              ,GF ,各   ,100.0,2021-11-15 00:00:00,1.0,2087.0
CUS_00694,WFJA                ,GF ,米   ,700.0,2021-11-15 00:00:00,0.5,2088.0
CUS_00704,GN533Q2WW           ,GF ,組   ,100.0,2021-11-16 00:00:00,1.0,2089.0
CUS_00587,N1QWZ1TR            ,GF ,罐   ,0.0,2021-11-16 00:00:00,1.0,2096.0
CUS_00589,HK906               ,GF ,組   ,900.0,2021-11-17 00:00:00,1.0,2097.0
CUS_00587,VAX                 ,GF ,組   ,0.0,2023-02-28 00:00:00,6.0,3908.0
CUS_00587,R588DFW5            ,GF ,組   ,0.0,2023-03-07 00:00:00,1.0,3942.0
CUS_00558,NOIDNRMG18          ,GF ,支   ,350.0,2023-06-06 00:00:00,1.0,4229.0
CUS_00587,TAD029              ,GF ,條   ,0.0,2023-08-08 00:00:00,1.0,4382.0
CUS_00587,T105630MU           ,GF ,組   ,0.0,2024-02-21 00:00:00,1.0,4992.0
CUS_00558,EY                  ,GF ,次   ,200.0,2024-03-23 00:00:00,1.0,5083.0
CUS_00558,NOIDNRMG20          ,GF ,組   ,315.0,2025-04-29 00:00:00,2.0,6119.0
CUS_00587,DR0AZVQWM           ,GF ,各   ,0.0,2025-05-15 00:00:00,1.0,6211.0
CUS_00587,NOIDNRMG18          ,GF ,支   ,0.0,2026-02-13 00:00:00,1.0,6917.0
CUS_00648,TURBOH7LED          ,GF ,組   ,2200.0,2021-11-17 00:00:00,1.0,2097.0
CUS_00587,E5NRRV              ,GF ,組   ,0.0,2021-11-17 00:00:00,1.0,2098.0
CUS_00587,OB617               ,GF ,組   ,0.0,2021-11-19 00:00:00,1.0,2104.0
CUS_00587,2014ALTISCGR        ,GF ,組   ,0.0,2021-11-18 00:00:00,1.0,2106.0
CUS_00587,GMFWV               ,GF ,組   ,0.0,2021-11-19 00:00:00,1.0,2109.0
CUS_00389,F00341              ,GF ,張   ,40.0,2021-11-20 00:00:00,2.0,2113.0
CUS_00389,F00788              ,GF ,張   ,40.0,2021-11-20 00:00:00,2.0,2113.0
CUS_00648,V18LEDH7            ,GF ,組   ,2200.0,2021-11-23 00:00:00,1.0,2117.0
CUS_00587,T363QEBU            ,GF ,罐   ,0.0,2022-07-29 00:00:00,1.0,3095.0
CUS_00587,RSCUV               ,GF ,各   ,0.0,2022-09-05 00:00:00,1.0,3232.0
CUS_00587,RTT5M               ,GF ,組   ,0.0,2022-10-25 00:00:00,1.0,3406.0
CUS_00642,EY                  ,GF ,次   ,800.0,2022-04-16 00:00:00,1.0,2765.0
CUS_00555,CORSS05103+32       ,GF ,組   ,13500.0,2022-04-16 00:00:00,1.0,2765.0
CUS_00084,06EAXTA1E2          ,GF ,組   ,450.0,2022-04-18 00:00:00,1.0,2767.0
CUS_00694,VBDQEFRR            ,GF ,罐   ,250.0,2022-04-18 00:00:00,1.0,2767.0
CUS_00064,EX0085JC            ,GF ,組   ,600.0,2022-04-18 00:00:00,1.0,2769.0
CUS_00064,7003J25R            ,GF ,組   ,3600.0,2022-04-18 00:00:00,1.0,2769.0
CUS_00064,LY9862HC            ,GF ,組   ,500.0,2022-04-18 00:00:00,1.0,2769.0
CUS_00074,CHY889N             ,GF ,組   ,500.0,2022-04-18 00:00:00,1.0,2769.0
CUS_00012,TAB00112HGUVTRXF    ,GF ,組   ,9900.0,2022-04-14 00:00:00,1.0,2772.0
CUS_00070,RSEND46000K         ,GF ,各   ,1500.0,2022-04-20 00:00:00,1.0,2777.0
CUS_00702,TAD022WUWJGJVGF     ,GF ,組   ,450.0,2022-04-20 00:00:00,13.0,2777.0
CUS_00615,FUVE33MM            ,GF ,各   ,500.0,2022-04-21 00:00:00,1.0,2784.0
CUS_00587,15WISHTX            ,GF ,組   ,0.0,2022-04-21 00:00:00,1.0,2788.0
CUS_00074,RSEN56ZVQW          ,GF ,條   ,500.0,2022-04-21 00:00:00,1.0,2790.0
CUS_00009,TYPERH7CR2Q         ,GF ,組   ,800.0,2022-04-22 00:00:00,1.0,2790.0
CUS_00132,SAXO1040            ,GF ,罐   ,400.0,2023-12-25 00:00:00,4.0,4809.0
CUS_00587,RSEND46000K         ,GF ,各   ,0.0,2024-05-10 00:00:00,1.0,5194.0
CUS_00132,12FVRU5XR           ,GF ,罐   ,550.0,2024-09-25 00:00:00,1.0,5544.0
CUS_00587,24VRG2LED           ,GF ,各   ,0.0,2024-11-08 00:00:00,1.0,5614.0
CUS_00694,LEDXG2W             ,GF ,組   ,2000.0,2025-04-03 00:00:00,1.0,5992.0
CUS_00587,PS251F25U           ,GF ,組   ,0.0,2025-10-16 00:00:00,1.0,6574.0
CUS_00587,J00346              ,GF ,支   ,0.0,2026-02-14 00:00:00,1.0,6929.0
CUS_00231,ID6.5KZUX1          ,GF ,組   ,5000.0,2022-04-26 00:00:00,1.0,2799.0
CUS_00231,6H2EF               ,GF ,組   ,500.0,2022-04-26 00:00:00,1.0,2799.0
CUS_00231,GN5V                ,GF ,罐   ,350.0,2022-04-26 00:00:00,1.0,2799.0
CUS_00554,TK56005R            ,GF ,組   ,2000.0,2022-04-28 00:00:00,1.0,2805.0
CUS_00554,TK56002MV           ,GF ,條   ,300.0,2022-04-28 00:00:00,1.0,2805.0
CUS_00555,055MVTRXF           ,GF ,組   ,6000.0,2022-08-18 00:00:00,1.0,3166.0
CUS_00587,PF154QGW            ,GF ,組   ,0.0,2022-10-08 00:00:00,1.0,3333.0
CUS_00389,GN777QD             ,GF ,組   ,400.0,2021-11-20 00:00:00,2.0,2113.0
CUS_00389,K00295              ,GF ,張   ,200.0,2021-11-20 00:00:00,1.0,2113.0
CUS_00389,F2W5                ,GF ,張   ,1200.0,2021-11-20 00:00:00,1.0,2113.0
CUS_00389,RSENT104014242      ,GF ,組   ,500.0,2021-11-20 00:00:00,1.0,2113.0
CUS_00389,TET20               ,GF ,組   ,2000.0,2021-11-20 00:00:00,1.0,2113.0
CUS_00533,99R1GX              ,GF ,罐   ,350.0,2021-11-22 00:00:00,1.0,2116.0
CUS_00533,REYX2AX             ,GF ,罐   ,350.0,2021-11-22 00:00:00,1.0,2116.0
CUS_00705,TURBOH11            ,GF ,組   ,1500.0,2021-05-27 00:00:00,1.0,2117.0
CUS_00705,TURBOH1LED          ,GF ,組   ,1500.0,2021-05-27 00:00:00,1.0,2117.0
CUS_00587,5011GUSB            ,GF ,組   ,0.0,2021-11-24 00:00:00,1.0,2122.0
CUS_00630,EVEW2               ,GF ,組   ,500.0,2021-11-24 00:00:00,1.0,2125.0
CUS_00587,08A2-MG             ,GF ,組   ,0.0,2021-11-24 00:00:00,1.0,2130.0
CUS_00587,S27CTYZ1VNY         ,GF ,組   ,0.0,2026-03-12 00:00:00,1.0,6981.0
CUS_00694,D00392              ,GF ,張   ,25.0,2026-03-17 00:00:00,3.0,6987.0
CUS_00694,E01020              ,GF ,張   ,30.0,2026-03-17 00:00:00,4.0,6987.0
CUS_00630,VTRXFV              ,GF ,組   ,500.0,2021-11-25 00:00:00,1.0,2136.0
CUS_00120,RSENH76000K         ,GF ,各   ,500.0,2021-11-26 00:00:00,2.0,2136.0
CUS_00120,RSEN02F             ,GF ,各   ,1000.0,2021-11-26 00:00:00,2.0,2136.0
CUS_00120,EY                  ,GF ,次   ,1000.0,2021-11-26 00:00:00,1.0,2136.0
CUS_00587,ABTXWG              ,GF ,支   ,0.0,2021-11-27 00:00:00,1.0,2140.0
CUS_00197,ERQ602Q             ,GF ,各   ,2300.0,2021-11-27 00:00:00,1.0,2142.0
CUS_00197,T10552              ,GF ,各   ,25.0,2021-11-27 00:00:00,2.0,2142.0
CUS_00587,ABROUFFVR           ,GF ,罐   ,450.0,2023-03-11 00:00:00,1.0,3953.0
CUS_00587,2XAX                ,GF ,各   ,0.0,2023-03-30 00:00:00,1.0,4017.0
CUS_00197,12FVRU5XR           ,GF ,罐   ,550.0,2023-05-19 00:00:00,1.0,4165.0
CUS_00694,FTZEW5              ,GF ,張   ,350.0,2023-07-31 00:00:00,3.0,4348.0
CUS_00694,FTZQWZEQ            ,GF ,組   ,350.0,2023-07-31 00:00:00,6.0,4348.0
CUS_00587,UADWVJZVQW          ,GF ,組   ,0.0,2024-04-09 00:00:00,1.0,5121.0
CUS_00587,IEB001X1EUH         ,GF ,組   ,0.0,2024-06-19 00:00:00,1.0,5330.0
CUS_00587,V1                  ,GF ,組   ,1000.0,2024-08-30 00:00:00,1.0,5496.0
CUS_00587,ERJGNTWISTN         ,GF ,組   ,0.0,2021-11-27 00:00:00,1.0,2143.0
CUS_00556,2VCQ2Q              ,GF ,各   ,100.0,2021-12-01 00:00:00,4.0,2153.0
CUS_00587,08ALTISXN           ,GF ,組   ,0.0,2021-12-01 00:00:00,1.0,2157.0
CUS_00556,2TXWSDXU            ,GF ,組   ,2000.0,2021-12-01 00:00:00,1.0,2157.0
CUS_00556,2TX23UDB            ,GF ,組   ,2000.0,2021-12-01 00:00:00,1.0,2158.0
CUS_00694,JS03315             ,GF ,組   ,500.0,2021-12-02 00:00:00,1.0,2158.0
CUS_00587,UR                  ,GF ,組   ,0.0,2021-11-13 00:00:00,1.0,2162.0
CUS_00587,2009LTISXN          ,GF ,組   ,0.0,2021-12-03 00:00:00,1.0,2164.0
CUS_00694,VA011               ,GF ,組   ,500.0,2021-12-07 00:00:00,1.0,2177.0
CUS_00630,S27CTYZ1VNY         ,GF ,組   ,150.0,2021-12-21 00:00:00,1.0,2250.0
CUS_00028,2UW                 ,GF ,組   ,150.0,2022-01-19 00:00:00,1.0,2395.0
CUS_00077,GMFWV               ,GF ,組   ,600.0,2021-12-04 00:00:00,1.0,2172.0
CUS_00478,V18LEDH7            ,GF ,組   ,3500.0,2021-12-04 00:00:00,1.0,2174.0
CUS_00478,09EAX22L            ,GF ,組   ,5000.0,2021-12-04 00:00:00,1.0,2174.0
CUS_00478,09EAX22R            ,GF ,各   ,5000.0,2021-12-04 00:00:00,1.0,2174.0
CUS_00478,TYPER9005           ,GF ,組   ,1000.0,2021-12-04 00:00:00,1.0,2174.0
CUS_00478,H722WHTY            ,GF ,組   ,300.0,2021-12-04 00:00:00,1.0,2174.0
CUS_00478,06EAXTA1E2          ,GF ,組   ,600.0,2021-12-04 00:00:00,1.0,2174.0
CUS_00478,RSEN61              ,GF ,條   ,650.0,2021-12-04 00:00:00,1.0,2174.0
CUS_00587,1995JXGZ1           ,GF ,組   ,0.0,2021-12-06 00:00:00,1.0,2175.0
CUS_00587,RSEN57ZVQW          ,GF ,組   ,0.0,2026-03-21 00:00:00,1.0,7004.0
CUS_00693,OBT2FHWWVGF         ,GF ,組   ,2500.0,2021-12-06 00:00:00,1.0,2177.0
CUS_00582,SAXO1040            ,GF ,罐   ,350.0,2021-12-06 00:00:00,4.0,2177.0
CUS_00582,ZWUV                ,GF ,各   ,100.0,2021-12-06 00:00:00,1.0,2177.0
CUS_00582,NOIDNRMG14          ,GF ,支   ,250.0,2021-12-06 00:00:00,1.0,2177.0
CUS_00582,NOIDNRMG16          ,GF ,支   ,300.0,2021-12-06 00:00:00,1.0,2177.0
CUS_00582,NOIDNRMG24          ,GF ,支   ,350.0,2021-12-06 00:00:00,1.0,2177.0
CUS_00024,MIO848              ,GF ,組   ,5400.0,2021-12-06 00:00:00,1.0,2177.0
CUS_00582,SAXOQUYFRR          ,GF ,罐   ,350.0,2021-12-06 00:00:00,1.0,2177.0
CUS_00582,VBDC1MGR2000ML      ,GF ,罐   ,300.0,2021-12-06 00:00:00,1.0,2177.0
CUS_00587,NA5CU               ,GF ,各   ,0.0,2021-12-07 00:00:00,1.0,2180.0
CUS_00587,05WISHTA1E2         ,GF ,組   ,0.0,2021-12-07 00:00:00,1.0,2183.0
CUS_00587,PNSPB01             ,GF ,各   ,0.0,2021-12-08 00:00:00,1.0,2194.0
CUS_00587,NO167VG             ,GF ,各   ,0.0,2023-05-06 00:00:00,1.0,4127.0
CUS_00656,ID5*7X1             ,GF ,組   ,2000.0,2023-07-11 00:00:00,1.0,4285.0
CUS_00587,RSEN1GR             ,GF ,組   ,0.0,2024-07-30 00:00:00,1.0,5432.0
CUS_00682,2TX23UDB            ,GF ,組   ,1050.0,2025-01-08 00:00:00,1.0,5811.0
CUS_00592,RSENMGR             ,GF ,罐   ,150.0,2021-12-10 00:00:00,1.0,2198.0
CUS_00592,CARMATGTU2          ,GF ,罐   ,1000.0,2021-12-10 00:00:00,1.0,2198.0
CUS_00028,KMWTV               ,GF ,各   ,250.0,2022-01-19 00:00:00,1.0,2395.0
CUS_00588,ZV5Q5VTRXF          ,GF ,組   ,2500.0,2022-03-07 00:00:00,1.0,2635.0
CUS_00693,APPWWVGF            ,GF ,組   ,3500.0,2022-03-24 00:00:00,1.0,2682.0
CUS_00694,20252T              ,GF ,各   ,200.0,2022-12-12 00:00:00,1.0,3594.0
CUS_00592,KYOROKU530RU        ,GF ,罐   ,600.0,2021-12-10 00:00:00,4.0,2198.0
CUS_00592,MISSIONCVT          ,GF ,罐   ,600.0,2021-12-10 00:00:00,5.0,2199.0
CUS_00694,1GWCLAW117F2DE      ,GF ,組   ,4500.0,2021-12-13 00:00:00,1.0,2213.0
CUS_00367,V81VTRXF            ,GF ,組   ,4000.0,2021-12-14 00:00:00,1.0,2216.0
CUS_00587,KY911AW             ,GF ,各   ,0.0,2021-12-14 00:00:00,1.0,2223.0
CUS_00598,A094                ,GF ,條   ,400.0,2021-12-15 00:00:00,1.0,2224.0
CUS_00587,BR168FVWU1          ,GF ,組   ,0.0,2021-12-16 00:00:00,1.0,2232.0
CUS_00587,GHA195              ,GF ,組   ,0.0,2021-12-16 00:00:00,1.0,2234.0
CUS_00259,510Z2F              ,GF ,組   ,2500.0,2021-12-16 00:00:00,1.0,2235.0
CUS_00259,G255630GV2Q         ,GF ,組   ,550.0,2021-12-16 00:00:00,1.0,2235.0
CUS_00259,2TVUJE              ,GF ,組   ,2200.0,2021-12-16 00:00:00,1.0,2235.0
CUS_00549,RSENHID5RF          ,GF ,各   ,250.0,2021-12-16 00:00:00,1.0,2236.0
CUS_00137,P16V8AT2R           ,GF ,組   ,1700.0,2021-12-17 00:00:00,1.0,2242.0
CUS_00587,30A1VNY             ,GF ,各   ,0.0,2026-03-18 00:00:00,1.0,6996.0
CUS_00587,AVV1.0              ,GF ,條   ,0.0,2021-12-17 00:00:00,1.0,2243.0
CUS_00141,03VAXXN             ,GF ,組   ,1500.0,2021-12-20 00:00:00,1.0,2247.0
CUS_00141,UJGYXCR             ,GF ,各   ,70.0,2021-12-20 00:00:00,4.0,2247.0
CUS_00733,ESCAPECE5DN         ,GF ,組   ,1200.0,2021-12-20 00:00:00,1.0,2247.0
CUS_00478,V18H11LED           ,GF ,組   ,3500.0,2021-12-20 00:00:00,1.0,2247.0
CUS_00478,VBDVATX             ,GF ,罐   ,200.0,2021-12-20 00:00:00,1.0,2247.0
CUS_00478,6BCA                ,GF ,包   ,100.0,2021-12-20 00:00:00,0.5,2247.0
CUS_00592,XGRUV               ,GF ,各   ,100.0,2024-02-06 00:00:00,1.0,4942.0
CUS_00592,SENFINECOFURFFVR    ,GF ,罐   ,1800.0,2024-02-06 00:00:00,1.0,4942.0
CUS_00592,ZEROVRMG16          ,GF ,支   ,800.0,2024-02-06 00:00:00,1.0,4942.0
CUS_00592,ZEROVRMG24          ,GF ,支   ,1000.0,2024-02-06 00:00:00,1.0,4942.0
CUS_00592,FORTISDFV           ,GF ,各   ,400.0,2024-02-06 00:00:00,1.0,4942.0
CUS_00587,GN190ZEW5           ,GF ,張   ,0.0,2024-12-24 00:00:00,1.0,5760.0
CUS_00587,1MT5E               ,GF ,組   ,0.0,2025-08-11 00:00:00,1.0,6449.0
CUS_00587,VBDXEX              ,GF ,罐   ,0.0,2025-12-05 00:00:00,1.0,6731.0
CUS_00074,DP009Z22TWW         ,GF ,組   ,400.0,2026-01-07 00:00:00,1.0,6812.0
CUS_00587,LEDV2Q72WCN         ,GF ,組   ,0.0,2021-12-21 00:00:00,1.0,2251.0
CUS_00367,2TBB                ,GF ,各   ,300.0,2022-01-06 00:00:00,1.0,2334.0
CUS_00554,TK5600CTZVTEF       ,GF ,各   ,850.0,2022-04-28 00:00:00,2.0,2805.0
CUS_00231,POSEN16H            ,GF ,組   ,300.0,2022-04-26 00:00:00,0.5,2805.0
CUS_00694,E00648              ,GF ,張   ,80.0,2022-07-22 00:00:00,1.0,3066.0
CUS_00587,TAA095              ,GF ,組   ,0.0,2022-10-20 00:00:00,1.0,3381.0
CUS_00587,MP35C1NS13          ,GF ,組   ,1000.0,2023-02-11 00:00:00,1.0,3830.0
CUS_00572,ZV5Q5VTRXF          ,GF ,組   ,2600.0,2021-12-21 00:00:00,1.0,2250.0
CUS_00533,NHGX                ,GF ,罐   ,150.0,2021-12-22 00:00:00,1.0,2252.0
CUS_00074,G2VY                ,GF ,組   ,400.0,2021-12-23 00:00:00,1.0,2257.0
CUS_00074,TYPERH11CR2Q        ,GF ,組   ,600.0,2021-12-23 00:00:00,1.0,2257.0
CUS_00049,LD4VTRXF            ,GF ,組   ,2000.0,2021-12-22 00:00:00,1.0,2257.0
CUS_00049,PNSS24TY            ,GF ,組   ,350.0,2021-12-22 00:00:00,1.0,2257.0
CUS_00694,VBDG2A              ,GF ,各   ,300.0,2021-12-24 00:00:00,1.0,2260.0
CUS_00718,5EVTRXF             ,GF ,組   ,500.0,2021-12-24 00:00:00,1.0,2260.0
CUS_00630,LD7CRW              ,GF ,組   ,1000.0,2021-12-25 00:00:00,1.0,2267.0
CUS_00376,SENFINECORU5X       ,GF ,罐   ,550.0,2021-12-25 00:00:00,1.0,2268.0
CUS_00084,CARAY2T2Y           ,GF ,組   ,450.0,2021-12-27 00:00:00,1.0,2273.0
CUS_00079,SAXO5W50            ,GF ,罐   ,600.0,2021-12-27 00:00:00,4.0,2273.0
CUS_00079,XGDFV               ,GF ,各   ,300.0,2021-12-27 00:00:00,1.0,2273.0
CUS_00079,NXUR                ,GF ,各   ,100.0,2021-12-27 00:00:00,1.0,2273.0
CUS_00079,VBDQEFRR            ,GF ,罐   ,200.0,2021-12-27 00:00:00,1.0,2273.0
CUS_00079,VBDH5YVRG           ,GF ,組   ,300.0,2021-12-27 00:00:00,1.0,2273.0
CUS_00079,RSEN02F             ,GF ,各   ,1000.0,2021-12-27 00:00:00,2.0,2273.0
CUS_00079,TC6683NDTY          ,GF ,組   ,450.0,2021-12-27 00:00:00,1.0,2273.0
CUS_00079,MISSIONYQU          ,GF ,罐   ,600.0,2021-12-27 00:00:00,5.0,2273.0
CUS_00587,UJGYXCR             ,GF ,各   ,0.0,2023-08-04 00:00:00,2.0,4368.0
CUS_00587,RSENGR2128MM        ,GF ,卡   ,0.0,2023-11-24 00:00:00,2.0,4728.0
CUS_00587,36MMGS2             ,GF ,各   ,0.0,2024-06-06 00:00:00,2.0,5264.0
CUS_00533,RSEND46000K         ,GF ,各   ,1000.0,2024-12-03 00:00:00,1.0,5680.0
CUS_00587,NGKBKR5E11          ,GF ,各   ,0.0,2025-05-20 00:00:00,4.0,6223.0
CUS_00694,E00948              ,GF ,張   ,27.0,2025-10-09 00:00:00,1.0,6565.0
CUS_00694,1GCLAW117DFV        ,GF ,各   ,1250.0,2025-12-01 00:00:00,1.0,6709.0
CUS_00587,60A1VN              ,GF ,各   ,0.0,2025-12-10 00:00:00,2.0,6745.0
CUS_00079,GHA308              ,GF ,組   ,200.0,2021-12-27 00:00:00,1.0,2273.0
CUS_00079,5EVTRXF             ,GF ,組   ,2500.0,2021-12-27 00:00:00,1.0,2273.0
CUS_00079,RSENH13000K2Q       ,GF ,各   ,500.0,2021-12-27 00:00:00,2.0,2273.0
CUS_00079,ABROYQUV            ,GF ,罐   ,400.0,2021-12-27 00:00:00,1.0,2273.0
CUS_00587,KY8210J2            ,GF ,組   ,0.0,2021-12-27 00:00:00,1.0,2277.0
CUS_00711,4RR2F               ,GF ,各   ,150.0,2021-12-27 00:00:00,1.0,2278.0
CUS_00711,EY                  ,GF ,次   ,500.0,2021-12-27 00:00:00,1.0,2278.0
CUS_00079,ZERORFFVR           ,GF ,罐   ,750.0,2021-12-27 00:00:00,1.0,2278.0
CUS_00587,ZEROVRMG28          ,GF ,支   ,0.0,2021-12-29 00:00:00,1.0,2286.0
CUS_00074,RSENH112TY          ,GF ,組   ,200.0,2022-01-13 00:00:00,0.5,2365.0
CUS_00376,VAUV                ,GF ,各   ,100.0,2022-03-30 00:00:00,1.0,2695.0
CUS_00376,NB1040              ,GF ,罐   ,500.0,2023-01-20 00:00:00,3.0,3761.0
CUS_00711,KY8210J2            ,GF ,組   ,650.0,2021-12-27 00:00:00,1.0,2278.0
CUS_00711,FAGEUW1.4           ,GF ,捲   ,550.0,2021-12-27 00:00:00,1.0,2278.0
CUS_00711,NOIDNRMG20          ,GF ,組   ,300.0,2021-12-27 00:00:00,1.0,2278.0
CUS_00711,NOIDNRMG22          ,GF ,支   ,350.0,2021-12-27 00:00:00,1.0,2278.0
CUS_00079,05XGMGA2            ,GF ,各   ,1500.0,2021-12-27 00:00:00,1.0,2278.0
CUS_00079,MISSIONCVT          ,GF ,罐   ,600.0,2021-12-27 00:00:00,5.0,2278.0
CUS_00711,NOIDNRMG14          ,GF ,支   ,250.0,2021-12-27 00:00:00,1.0,2278.0
CUS_00079,RSENH18000K         ,GF ,各   ,500.0,2021-12-27 00:00:00,2.0,2278.0
CUS_00694,E00897              ,GF ,張   ,30.0,2026-03-17 00:00:00,2.0,6987.0
CUS_00587,UADVTR              ,GF ,罐   ,0.0,2026-03-18 00:00:00,1.0,6994.0
CUS_00079,KYOROKU530RU        ,GF ,罐   ,600.0,2021-12-27 00:00:00,4.0,2278.0
CUS_00236,A094                ,GF ,條   ,400.0,2021-12-28 00:00:00,1.0,2285.0
CUS_00236,RSEN56ZVQW          ,GF ,條   ,600.0,2021-12-28 00:00:00,1.0,2285.0
CUS_00706,ZEROFV1UUR          ,GF ,罐   ,400.0,2021-12-29 00:00:00,1.0,2299.0
CUS_00587,F00440              ,GF ,張   ,0.0,2021-12-30 00:00:00,1.0,2304.0
CUS_00173,V81GUVTRXFF         ,GF ,組   ,4000.0,2021-12-30 00:00:00,1.0,2304.0
CUS_00173,W51EFFVR            ,GF ,罐   ,300.0,2021-12-30 00:00:00,1.0,2304.0
CUS_00076,08LIVINATA1E2       ,GF ,組   ,650.0,2021-12-30 00:00:00,1.0,2304.0
CUS_00587,ZXQH12Q             ,GF ,各   ,0.0,2021-12-30 00:00:00,1.0,2306.0
CUS_00587,2011RX4505MW2       ,GF ,組   ,0.0,2021-12-31 00:00:00,1.0,2308.0
CUS_00075,VTRXF2T             ,GF ,各   ,900.0,2022-01-03 00:00:00,1.0,2316.0
CUS_00075,7003J25R            ,GF ,組   ,3000.0,2022-01-03 00:00:00,1.0,2316.0
CUS_00587,ES122VG             ,GF ,組   ,0.0,2025-09-18 00:00:00,1.0,6532.0
CUS_00587,HNFVW               ,GF ,條   ,0.0,2025-10-22 00:00:00,1.0,6596.0
CUS_00236,AFL283578           ,GF ,組   ,500.0,2025-11-03 00:00:00,1.0,6644.0
CUS_00694,K00371              ,GF ,張   ,100.0,2025-12-25 00:00:00,2.0,6780.0
CUS_00587,4#2MW               ,GF ,各   ,0.0,2022-01-03 00:00:00,2.0,2318.0
CUS_00075,PNSTPC007           ,GF ,組   ,350.0,2022-01-03 00:00:00,1.0,2319.0
CUS_00587,LED22W              ,GF ,各   ,0.0,2022-01-04 00:00:00,2.0,2325.0
CUS_00489,SONYA1105R          ,GF ,組   ,2800.0,2022-01-04 00:00:00,1.0,2325.0
CUS_00489,NOID6SND            ,GF ,組   ,200.0,2022-01-04 00:00:00,1.0,2325.0
CUS_00557,KY359FE             ,GF ,各   ,175.0,2021-10-29 00:00:00,2.0,2327.0
CUS_00630,ZEROVRMG16          ,GF ,支   ,610.0,2022-01-21 00:00:00,1.0,2416.0
CUS_00630,ZEROVRMG26          ,GF ,支   ,790.0,2022-01-21 00:00:00,1.0,2416.0
CUS_00587,HF007TA1Y           ,GF ,組   ,0.0,2022-03-14 00:00:00,1.0,2656.0
CUS_00231,POSEN20H            ,GF ,組   ,300.0,2022-04-26 00:00:00,0.5,2805.0
CUS_00694,H00868              ,GF ,張   ,60.0,2022-07-11 00:00:00,1.0,3038.0
CUS_00587,KY165LED2Q          ,GF ,卡   ,0.0,2022-10-29 00:00:00,1.0,3425.0
CUS_00587,ID4HX1              ,GF ,組   ,0.0,2023-01-16 00:00:00,1.0,3720.0
CUS_00036,02EAXF2AW           ,GF ,組   ,5000.0,2022-01-05 00:00:00,1.0,2327.0
CUS_00587,3013.105V           ,GF ,組   ,0.0,2022-01-07 00:00:00,1.0,2339.0
CUS_00587,PNSSW003            ,GF ,條   ,0.0,2022-01-08 00:00:00,1.0,2341.0
CUS_00694,ZEW51.0             ,GF ,卷   ,250.0,2022-01-08 00:00:00,1.0,2343.0
CUS_00323,ID4HX1              ,GF ,組   ,3500.0,2022-01-08 00:00:00,1.0,2343.0
CUS_00323,ID4HZUX1            ,GF ,組   ,3200.0,2022-01-08 00:00:00,1.0,2343.0
CUS_00323,V81VTRXF            ,GF ,組   ,4800.0,2022-01-08 00:00:00,1.0,2343.0
CUS_00625,SENFINECOFURFFVR    ,GF ,罐   ,1800.0,2022-01-10 00:00:00,1.0,2344.0
CUS_00625,12FVRU5XR           ,GF ,罐   ,450.0,2022-01-10 00:00:00,1.0,2344.0
CUS_00625,ABROYQUV            ,GF ,罐   ,400.0,2022-01-10 00:00:00,1.0,2344.0
CUS_00587,T5286U112           ,GF ,卡   ,0.0,2022-01-10 00:00:00,1.0,2348.0
CUS_00086,ID12H52U            ,GF ,組   ,6000.0,2022-01-11 00:00:00,1.0,2363.0
CUS_00086,V1                  ,GF ,組   ,1000.0,2022-01-11 00:00:00,1.0,2363.0
CUS_00086,ID6.5KZUX1          ,GF ,組   ,5000.0,2022-01-11 00:00:00,1.0,2363.0
CUS_00501,RSEN36MMCANBUS      ,GF ,卡   ,500.0,2022-01-11 00:00:00,2.0,2363.0
CUS_00086,ID300K5252U         ,GF ,組   ,6000.0,2022-01-11 00:00:00,1.0,2363.0
CUS_00086,AV5F2               ,GF ,組   ,500.0,2022-01-11 00:00:00,1.0,2363.0
CUS_00086,ALTISRFA2QYT        ,GF ,組   ,3000.0,2022-01-11 00:00:00,1.0,2363.0
CUS_00086,DLSX16*9            ,GF ,組   ,6500.0,2022-01-11 00:00:00,1.0,2363.0
CUS_00086,6H2EF               ,GF ,組   ,500.0,2022-01-11 00:00:00,1.0,2363.0
CUS_00248,OBT2FHWWVGF         ,GF ,組   ,2800.0,2022-01-12 00:00:00,1.0,2363.0
CUS_00694,KMWTV               ,GF ,各   ,600.0,2023-06-16 00:00:00,1.0,4240.0
CUS_00587,DH1801FXHWA5W       ,GF ,各   ,0.0,2024-08-10 00:00:00,1.0,5456.0
CUS_00248,NOIDNRMG14          ,GF ,支   ,200.0,2022-01-12 00:00:00,1.0,2363.0
CUS_00248,NOIDNRMG24          ,GF ,支   ,400.0,2022-01-12 00:00:00,1.0,2363.0
CUS_00248,WF0096NTD           ,GF ,組   ,300.0,2022-01-12 00:00:00,1.0,2363.0
CUS_00248,ZV5Q5VTRXF          ,GF ,組   ,3100.0,2022-01-12 00:00:00,1.0,2363.0
CUS_00339,VR1RUV              ,GF ,各   ,100.0,2022-01-12 00:00:00,1.0,2365.0
CUS_00339,RX15W40RU           ,GF ,罐   ,600.0,2022-01-12 00:00:00,4.0,2365.0
CUS_00587,J00356ZINGCMG       ,GF ,支   ,0.0,2022-02-11 00:00:00,1.0,2527.0
CUS_00694,J00386              ,GF ,張   ,100.0,2022-08-08 00:00:00,1.0,3122.0
CUS_00339,ABROQGUR            ,GF ,罐   ,400.0,2022-01-12 00:00:00,1.0,2365.0
CUS_00339,12FVRU5XR           ,GF ,罐   ,550.0,2022-01-12 00:00:00,1.0,2365.0
CUS_00339,T20GV2Q             ,GF ,各   ,100.0,2022-01-12 00:00:00,2.0,2365.0
CUS_00339,S3DFV               ,GF ,各   ,550.0,2022-01-12 00:00:00,1.0,2365.0
CUS_00339,KYOROKU530RU        ,GF ,罐   ,600.0,2022-01-12 00:00:00,4.0,2365.0
CUS_00587,7616HWJE            ,GF ,組   ,0.0,2022-01-14 00:00:00,1.0,2367.0
CUS_00096,V81VTRXF            ,GF ,組   ,4000.0,2022-01-14 00:00:00,1.0,2369.0
CUS_00074,180FMT              ,GF ,組   ,300.0,2022-01-15 00:00:00,1.0,2375.0
CUS_00197,V37TDGUVTRXF        ,GF ,組   ,2700.0,2022-01-15 00:00:00,1.0,2376.0
CUS_00086,AFL4PL-VC-C         ,GF ,組   ,550.0,2022-01-15 00:00:00,4.0,2381.0
CUS_00628,ERQ55D23L2Q         ,GF ,各   ,2700.0,2022-01-17 00:00:00,1.0,2384.0
CUS_00333,XVDFV               ,GF ,各   ,350.0,2022-01-18 00:00:00,1.0,2389.0
CUS_00333,SAXOQUYFRR          ,GF ,罐   ,400.0,2022-01-18 00:00:00,1.0,2389.0
CUS_00333,J00356ZINGCMG       ,GF ,支   ,400.0,2022-01-18 00:00:00,1.0,2389.0
CUS_00155,MISSIONYQU          ,GF ,罐   ,300.0,2021-02-27 00:00:00,3.0,2389.0
CUS_00158,MISSIONCVT          ,GF ,罐   ,600.0,2021-07-15 00:00:00,5.0,2389.0
CUS_00587,08VIOSCXQFMT        ,GF ,組   ,0.0,2022-01-19 00:00:00,1.0,2396.0
CUS_00453,LD9VTRXF            ,GF ,組   ,6500.0,2021-05-24 00:00:00,1.0,4090.0
CUS_00333,MISSIONCVT          ,GF ,罐   ,600.0,2023-09-27 00:00:00,5.0,4536.0
CUS_00587,VIOSFMT             ,GF ,組   ,0.0,2023-10-24 00:00:00,1.0,4619.0
CUS_00587,SAXOQUYFRR          ,GF ,罐   ,0.0,2024-04-22 00:00:00,1.0,5151.0
CUS_00086,EY                  ,GF ,次   ,150.0,2024-06-03 00:00:00,1.0,5256.0
CUS_00587,3M1UFTR             ,GF ,各   ,0.0,2024-08-03 00:00:00,1.0,5438.0
CUS_00333,NXUR                ,GF ,各   ,200.0,2024-12-18 00:00:00,1.0,5745.0
CUS_00587,WFJA                ,GF ,米   ,0.0,2025-03-27 00:00:00,0.5,5964.0
CUS_00587,08VIOSTA1E2         ,GF ,組   ,0.0,2025-04-28 00:00:00,1.0,6114.0
CUS_00058,MISSIONCVT          ,GF ,罐   ,600.0,2025-07-01 00:00:00,4.0,6349.0
CUS_00694,S27CTYZ1VNY         ,GF ,組   ,1000.0,2025-12-25 00:00:00,1.0,6780.0
CUS_00028,20162T              ,GF ,各   ,100.0,2022-01-19 00:00:00,2.0,2397.0
CUS_00587,J00348              ,GF ,支   ,0.0,2022-01-20 00:00:00,1.0,2401.0
CUS_00502,18SINTA3+32         ,GF ,組   ,13500.0,2022-01-21 00:00:00,1.0,2416.0
CUS_00502,2TVUAHDJE           ,GF ,組   ,2500.0,2022-01-21 00:00:00,1.0,2416.0
CUS_00086,AFL5050FH           ,GF ,條   ,550.0,2022-05-24 00:00:00,4.0,2907.0
CUS_00086,SAXO5W50            ,GF ,罐   ,600.0,2022-12-01 00:00:00,4.0,3545.0
CUS_00086,LASTS2DVG           ,GF ,各   ,50.0,2022-12-01 00:00:00,2.0,3545.0
CUS_00587,VA011               ,GF ,組   ,0.0,2023-01-20 00:00:00,1.0,3755.0
CUS_00651,NOIDNRMG20          ,GF ,組   ,350.0,2022-01-21 00:00:00,1.0,2416.0
CUS_00651,NOIDNRMG16          ,GF ,支   ,250.0,2022-01-21 00:00:00,1.0,2416.0
CUS_00651,ZEROVRMG20          ,GF ,支   ,850.0,2022-01-21 00:00:00,1.0,2416.0
CUS_00651,ZEROVRMG26          ,GF ,支   ,1000.0,2022-01-21 00:00:00,1.0,2416.0
CUS_00651,ZEROVRMG24          ,GF ,支   ,1000.0,2022-01-21 00:00:00,1.0,2416.0
CUS_00651,RSENUE14H           ,GF ,支   ,200.0,2022-01-21 00:00:00,1.0,2416.0
CUS_00651,J00350CMG           ,GF ,支   ,400.0,2022-01-21 00:00:00,2.0,2416.0
CUS_00604,NOIDNRMG16          ,GF ,支   ,250.0,2022-01-21 00:00:00,1.0,2416.0
CUS_00604,RSENUE14H           ,GF ,支   ,200.0,2022-01-21 00:00:00,1.0,2416.0
CUS_00604,ZEROVRMG20          ,GF ,支   ,855.0,2022-01-21 00:00:00,1.0,2416.0
CUS_00604,ZEROVRMG24          ,GF ,支   ,1000.0,2022-01-21 00:00:00,1.0,2416.0
CUS_00604,ZEROVRMG26          ,GF ,支   ,1000.0,2022-01-21 00:00:00,1.0,2416.0
CUS_00604,NOIDNRMG20          ,GF ,組   ,300.0,2022-01-21 00:00:00,1.0,2416.0
CUS_00604,J00350CMG           ,GF ,支   ,350.0,2022-01-21 00:00:00,2.0,2416.0
CUS_00604,PNSHGK01U1ED        ,GF ,組   ,150.0,2022-01-21 00:00:00,1.0,2416.0
CUS_00687,RSENS25352VR        ,GF ,組   ,600.0,2022-01-22 00:00:00,1.0,2421.0
CUS_00687,POSEN20H            ,GF ,組   ,300.0,2022-01-22 00:00:00,0.5,2421.0
CUS_00687,POSEN18H            ,GF ,組   ,300.0,2022-01-22 00:00:00,0.5,2421.0
CUS_00031,WUSWU5TF            ,GF ,組   ,2800.0,2022-01-22 00:00:00,1.0,2422.0
CUS_00533,J2WV18CM            ,GF ,支   ,385.0,2022-01-22 00:00:00,1.0,2422.0
CUS_00630,2021ALTISYRQ2N      ,GF ,組   ,2800.0,2022-01-22 00:00:00,1.0,2422.0
CUS_00197,ALTISDFV            ,GF ,各   ,400.0,2023-05-19 00:00:00,1.0,4165.0
CUS_00086,MISSIONCVT          ,GF ,罐   ,600.0,2023-05-30 00:00:00,4.0,4206.0
CUS_00694,FTA11CW             ,GF ,組   ,350.0,2023-07-31 00:00:00,3.0,4348.0
CUS_00694,FT1CWJE             ,GF ,組   ,450.0,2023-12-27 00:00:00,1.0,4817.0
CUS_00587,DH35MG2EF           ,GF ,組   ,0.0,2024-08-03 00:00:00,1.0,5440.0
CUS_00587,HK800JGX1           ,GF ,組   ,0.0,2024-09-13 00:00:00,1.0,5519.0
CUS_00706,MISSIONYQU          ,GF ,罐   ,350.0,2026-01-27 00:00:00,4.0,6857.0
CUS_00587,SF0038              ,GF ,組   ,0.0,2022-01-22 00:00:00,1.0,2428.0
CUS_00021,SAXOQUYFRR          ,GF ,罐   ,350.0,2022-01-23 00:00:00,1.0,2428.0
CUS_00021,H00338              ,GF ,張   ,100.0,2022-01-23 00:00:00,1.0,2428.0
CUS_00021,T10552              ,GF ,各   ,100.0,2022-01-23 00:00:00,2.0,2428.0
CUS_00021,12FVRU5XR           ,GF ,罐   ,650.0,2022-01-23 00:00:00,1.0,2428.0
          ,ZEROVRMG28          ,GF ,支   ,0.0,2022-01-24 00:00:00,1.0,2430.0
          ,ZEROVRMG16          ,GF ,支   ,0.0,2022-01-24 00:00:00,1.0,2431.0
          ,ECC9922TBCR         ,GF ,罐   ,0.0,2022-01-24 00:00:00,1.0,2432.0
          ,PNSPM001            ,GF ,組   ,0.0,2022-01-24 00:00:00,1.0,2433.0
          ,3D1F1               ,GF ,支   ,0.0,2022-01-24 00:00:00,1.0,2434.0
CUS_00587,FCOUSM3             ,GF ,組   ,0.0,2022-04-30 00:00:00,1.0,2808.0
CUS_00355,NXUR                ,GF ,各   ,200.0,2022-12-16 00:00:00,1.0,3615.0
          ,T09GRR              ,GF ,組   ,0.0,2022-01-24 00:00:00,2.0,2435.0
          ,NOIDNRMG14          ,GF ,支   ,0.0,2022-01-24 00:00:00,1.0,2436.0
CUS_00401,SAXO1040            ,GF ,罐   ,350.0,2022-01-24 00:00:00,4.0,2436.0
CUS_00401,ZWUV                ,GF ,各   ,100.0,2022-01-24 00:00:00,1.0,2436.0
CUS_00401,2QG                 ,GF ,罐   ,35.0,2022-01-24 00:00:00,1.0,2436.0
CUS_00401,XFXJALTIS           ,GF ,各   ,400.0,2022-01-24 00:00:00,1.0,2436.0
CUS_00401,J00350CMG           ,GF ,支   ,365.0,2022-01-24 00:00:00,1.0,2436.0
CUS_00693,PS-2016VTVXJ        ,GF ,組   ,400.0,2022-01-24 00:00:00,1.0,2436.0
          ,AFL283578           ,GF ,組   ,0.0,2022-01-24 00:00:00,1.0,2437.0
          ,IN312835GS2         ,GF ,組   ,0.0,2022-01-24 00:00:00,1.0,2439.0
CUS_00723,SENFINECOFURFFVR    ,GF ,罐   ,1800.0,2022-01-24 00:00:00,1.0,2439.0
CUS_00723,SAXO5W50            ,GF ,罐   ,600.0,2022-01-24 00:00:00,3.0,2439.0
CUS_00021,ESCAPE2.3XW         ,GF ,各   ,3250.0,2022-01-23 00:00:00,2.0,2439.0
          ,RT7A2Q              ,GF ,各   ,0.0,2022-01-24 00:00:00,1.0,2441.0
          ,VBDVATX             ,GF ,罐   ,0.0,2022-01-24 00:00:00,1.0,2442.0
CUS_00367,PNSS24TY            ,GF ,組   ,350.0,2022-01-25 00:00:00,1.0,2442.0
CUS_00367,EY                  ,GF ,次   ,650.0,2022-01-25 00:00:00,1.0,2442.0
CUS_00367,22EW2               ,GF ,片   ,200.0,2022-01-25 00:00:00,1.0,2442.0
CUS_00367,E00465              ,GF ,張   ,30.0,2022-01-25 00:00:00,1.0,2442.0
CUS_00361,ZV5G539HNF          ,GF ,組   ,2500.0,2022-01-25 00:00:00,1.0,2444.0
CUS_00704,GN008UVWV           ,GF ,各   ,250.0,2022-01-26 00:00:00,1.0,2446.0
CUS_00355,SAXO1040            ,GF ,罐   ,400.0,2023-12-18 00:00:00,5.0,4788.0
CUS_00587,PNSHDF26            ,GF ,組   ,0.0,2023-12-22 00:00:00,1.0,4805.0
          ,EY                  ,GF ,次   ,0.0,2024-12-17 00:00:00,1.0,5744.0
CUS_00704,A18VJGVTRXF         ,GF ,組   ,6000.0,2022-01-26 00:00:00,1.0,2449.0
CUS_00587,J00353CMG           ,GF ,支   ,0.0,2022-01-27 00:00:00,1.0,2459.0
CUS_00031,FORTIS1C4+645R      ,GF ,組   ,16000.0,2022-01-28 00:00:00,1.0,2463.0
CUS_00587,21VR11804QFM        ,GF ,組   ,0.0,2022-01-28 00:00:00,1.0,2464.0
CUS_00031,FORTISTA1E2         ,GF ,組   ,600.0,2022-01-28 00:00:00,1.0,2465.0
CUS_00076,IDRH6T              ,GF ,組   ,3000.0,2022-01-28 00:00:00,1.0,2465.0
CUS_00076,ID6HW5              ,GF ,組   ,1200.0,2022-01-28 00:00:00,1.0,2465.0
CUS_00587,H00352              ,GF ,張   ,0.0,2022-01-29 00:00:00,1.0,2474.0
CUS_00076,V15XCRVTRXF         ,GF ,組   ,2500.0,2022-03-28 00:00:00,1.0,2688.0
CUS_00587,DR0AZVQW2L          ,GF ,條   ,0.0,2022-11-07 00:00:00,1.0,3466.0
CUS_00587,3MR2CM*33           ,GF ,捲   ,0.0,2022-12-08 00:00:00,1.0,3583.0
CUS_00389,UJGY                ,GF ,各   ,80.0,2022-01-29 00:00:00,2.0,2478.0
CUS_00389,UJGYXCR             ,GF ,各   ,80.0,2022-01-29 00:00:00,3.0,2478.0
CUS_00389,H00352              ,GF ,張   ,100.0,2022-01-29 00:00:00,1.0,2478.0
CUS_00389,H00342              ,GF ,張   ,60.0,2022-01-29 00:00:00,1.0,2478.0
CUS_00133,BMWX3NQFMT          ,GF ,組   ,2500.0,2022-01-29 00:00:00,1.0,2482.0
CUS_00133,J00357              ,GF ,支   ,400.0,2022-01-29 00:00:00,1.0,2482.0
CUS_00622,AFL5050FH           ,GF ,條   ,550.0,2022-01-30 00:00:00,2.0,2489.0
CUS_00622,AFL283578           ,GF ,組   ,450.0,2022-01-30 00:00:00,2.0,2489.0
CUS_00622,2UFY4.8A            ,GF ,組   ,600.0,2022-01-30 00:00:00,1.0,2489.0
CUS_00622,VBDG2A              ,GF ,各   ,300.0,2022-01-30 00:00:00,1.0,2489.0
CUS_00622,RSENGR2128MM        ,GF ,卡   ,350.0,2022-01-30 00:00:00,1.0,2489.0
CUS_00622,RSENT105630         ,GF ,卡   ,400.0,2022-01-30 00:00:00,1.0,2489.0
CUS_00622,ABRO1WR             ,GF ,罐   ,350.0,2022-01-30 00:00:00,1.0,2489.0
CUS_00682,TUBRO9012LED22      ,GF ,組   ,1700.0,2022-01-30 00:00:00,1.0,2489.0
CUS_00622,PNSSW003            ,GF ,條   ,650.0,2022-01-30 00:00:00,1.0,2491.0
CUS_00622,AFLS150JV2          ,GF ,組   ,1650.0,2022-01-30 00:00:00,1.0,2491.0
CUS_00187,WISHUV              ,GF ,各   ,200.0,2022-01-31 00:00:00,1.0,2492.0
CUS_00187,ALTISDFV            ,GF ,各   ,350.0,2022-01-31 00:00:00,1.0,2492.0
CUS_00682,APPWWVGF            ,GF ,組   ,2800.0,2023-12-23 00:00:00,1.0,4804.0
CUS_00622,DAYL60XU2           ,GF ,組   ,2000.0,2024-08-27 00:00:00,1.0,5491.0
CUS_00622,PNSS312018          ,GF ,組   ,1500.0,2024-08-27 00:00:00,1.0,5491.0
CUS_00622,VBDXEX              ,GF ,罐   ,100.0,2024-08-27 00:00:00,6.0,5492.0
CUS_00682,V1                  ,GF ,組   ,800.0,2024-12-20 00:00:00,1.0,5749.0
CUS_00694,LEO695              ,GF ,卷   ,80.0,2026-02-11 00:00:00,1.0,6903.0
CUS_00187,NB1040              ,GF ,罐   ,480.0,2022-01-31 00:00:00,5.0,2492.0
CUS_00187,XFXJALTIS           ,GF ,各   ,350.0,2022-01-31 00:00:00,1.0,2492.0
CUS_00587,ALTISDFV            ,GF ,各   ,0.0,2022-02-04 00:00:00,1.0,2500.0
CUS_00254,ALTISRUVE           ,GF ,組   ,1800.0,2022-02-07 00:00:00,1.0,2505.0
CUS_00389,DAYL60BV2           ,GF ,組   ,1000.0,2022-03-04 00:00:00,1.0,2626.0
CUS_00587,H00342              ,GF ,張   ,0.0,2022-03-21 00:00:00,1.0,2674.0
CUS_00728,VUGQ2W              ,GF ,組   ,1000.0,2022-05-03 00:00:00,1.0,2812.0
CUS_00587,LA823               ,GF ,組   ,0.0,2022-12-27 00:00:00,2.0,3647.0
CUS_00254,ALTISDFV            ,GF ,各   ,400.0,2022-12-30 00:00:00,1.0,3660.0
CUS_00254,QWZG                ,GF ,組   ,850.0,2022-02-07 00:00:00,1.0,2505.0
CUS_00232,SAXO1040            ,GF ,罐   ,350.0,2022-02-08 00:00:00,4.0,2505.0
CUS_00232,ALTISDFV            ,GF ,各   ,350.0,2022-02-08 00:00:00,1.0,2505.0
CUS_00232,XFXJALTIS           ,GF ,各   ,450.0,2022-02-08 00:00:00,1.0,2505.0
CUS_00232,S27TY213AS1VN       ,GF ,組   ,800.0,2022-02-08 00:00:00,1.0,2505.0
CUS_00232,ZWUV                ,GF ,各   ,200.0,2022-02-08 00:00:00,1.0,2505.0
CUS_00587,510UD5D             ,GF ,組   ,0.0,2022-01-05 00:00:00,1.0,2510.0
CUS_00131,510UD5D             ,GF ,組   ,1500.0,2022-01-05 00:00:00,1.0,2510.0
CUS_00587,NGKBKR5E            ,GF ,各   ,0.0,2022-02-09 00:00:00,1.0,2512.0
CUS_00191,10ALTISA1D          ,GF ,組   ,800.0,2022-02-09 00:00:00,1.0,2515.0
CUS_00191,CARDIOCA700.1A      ,GF ,組   ,10750.0,2022-02-09 00:00:00,1.0,2515.0
CUS_00191,2DR                 ,GF ,各   ,250.0,2022-02-09 00:00:00,1.0,2515.0
CUS_00587,H422WHY             ,GF ,組   ,0.0,2022-02-09 00:00:00,0.5,2517.0
CUS_00198,OBT2FHWWVGF         ,GF ,組   ,2600.0,2022-02-10 00:00:00,1.0,2517.0
CUS_00198,J00341CMG           ,GF ,支   ,400.0,2022-02-10 00:00:00,1.0,2517.0
CUS_00587,PNSHG01             ,GF ,組   ,0.0,2022-02-11 00:00:00,1.0,2531.0
CUS_00630,ZEROVRMG28          ,GF ,支   ,840.0,2022-02-14 00:00:00,2.0,2537.0
CUS_00630,ZJTUA               ,GF ,罐   ,300.0,2022-02-14 00:00:00,1.0,2537.0
CUS_00587,PNSS33              ,GF ,組   ,0.0,2022-02-15 00:00:00,1.0,2539.0
CUS_00587,LY501FY             ,GF ,組   ,0.0,2023-05-16 00:00:00,1.0,4150.0
CUS_00587,PNSS17              ,GF ,組   ,0.0,2023-09-27 00:00:00,1.0,4544.0
CUS_00587,RSENH18000K         ,GF ,各   ,0.0,2023-10-05 00:00:00,1.0,4560.0
CUS_00587,TBE50021UF          ,GF ,組   ,0.0,2025-01-03 00:00:00,1.0,5789.0
CUS_00254,NB1040              ,GF ,罐   ,550.0,2025-02-07 00:00:00,4.0,5887.0
CUS_00254,MISSIONCVT          ,GF ,罐   ,600.0,2025-02-07 00:00:00,4.0,5887.0
CUS_00254,WISHUV              ,GF ,各   ,200.0,2025-02-07 00:00:00,1.0,5887.0
CUS_00587,J00341CMG           ,GF ,支   ,0.0,2025-12-02 00:00:00,1.0,6718.0
CUS_00263,ZEROVRMG26          ,GF ,支   ,1000.0,2022-02-15 00:00:00,1.0,2540.0
CUS_00263,ZERO14VRMG          ,GF ,支   ,700.0,2022-02-15 00:00:00,1.0,2540.0
CUS_00263,TYPER90062Q         ,GF ,組   ,800.0,2022-02-15 00:00:00,1.0,2540.0
CUS_00263,2TVUJE              ,GF ,組   ,2000.0,2022-02-15 00:00:00,1.0,2540.0
CUS_00587,AUXV                ,GF ,組   ,0.0,2022-02-16 00:00:00,1.0,2541.0
CUS_00587,07LIVINA5MW2        ,GF ,組   ,0.0,2022-02-16 00:00:00,1.0,2548.0
CUS_00549,RSEND28000K         ,GF ,各   ,1000.0,2022-02-16 00:00:00,2.0,2549.0
CUS_00331,ZV5G539HNF          ,GF ,組   ,3000.0,2022-02-21 00:00:00,1.0,2551.0
CUS_00331,V15GIVTRXFF         ,GF ,組   ,3000.0,2022-02-21 00:00:00,1.0,2551.0
CUS_00331,PNS003              ,GF ,條   ,300.0,2022-02-21 00:00:00,1.0,2551.0
CUS_00615,LE7512Z2RR2F        ,GF ,各   ,3000.0,2022-05-03 00:00:00,1.0,2814.0
CUS_00131,ZV5D                ,GF ,組   ,1500.0,2022-12-28 00:00:00,1.0,3654.0
CUS_00273,82VAQUW             ,GF ,組   ,5500.0,2022-02-21 00:00:00,1.0,2552.0
CUS_00273,VBDVATX             ,GF ,罐   ,200.0,2022-02-21 00:00:00,1.0,2552.0
CUS_00273,RSENH73000K2Q       ,GF ,各   ,1000.0,2022-02-21 00:00:00,2.0,2552.0
CUS_00273,EY                  ,GF ,次   ,300.0,2022-02-21 00:00:00,1.0,2555.0
CUS_00587,2XDFMT              ,GF ,組   ,0.0,2022-02-22 00:00:00,1.0,2576.0
CUS_00451,82VADFV2.0          ,GF ,各   ,450.0,2022-02-23 00:00:00,1.0,2576.0
CUS_00451,UX0GVR              ,GF ,罐   ,200.0,2022-02-23 00:00:00,1.0,2576.0
CUS_00451,GVE0.9              ,GF ,各   ,300.0,2022-02-23 00:00:00,1.0,2576.0
CUS_00451,VBDVATX             ,GF ,罐   ,200.0,2022-02-23 00:00:00,1.0,2576.0
CUS_00451,CARGTUV             ,GF ,罐   ,150.0,2022-02-23 00:00:00,1.0,2576.0
CUS_00451,SAXO5W50            ,GF ,罐   ,600.0,2022-02-23 00:00:00,5.0,2576.0
CUS_00451,RSENHID55WUADG      ,GF ,各   ,2000.0,2022-02-23 00:00:00,2.0,2576.0
CUS_00451,RSENT104014242      ,GF ,組   ,450.0,2022-02-23 00:00:00,1.0,2576.0
CUS_00451,SENFINECOGV5XR      ,GF ,罐   ,450.0,2022-02-23 00:00:00,1.0,2576.0
CUS_00587,WF0305XD            ,GF ,組   ,0.0,2022-02-24 00:00:00,1.0,2583.0
CUS_00587,GLA180CMG           ,GF ,支   ,0.0,2022-02-24 00:00:00,1.0,2585.0
CUS_00033,LD4VTRXF            ,GF ,組   ,2500.0,2022-02-25 00:00:00,1.0,2585.0
CUS_00503,ZV5F53HNF           ,GF ,組   ,6200.0,2022-02-26 00:00:00,1.0,2589.0
CUS_00587,GN119WFQW2L         ,GF ,條   ,0.0,2023-03-03 00:00:00,1.0,3925.0
CUS_00587,PNSE011             ,GF ,組   ,0.0,2023-05-02 00:00:00,1.0,4106.0
CUS_00587,PD1136GMFWV         ,GF ,組   ,0.0,2024-01-25 00:00:00,1.0,4894.0
CUS_00656,2TX23UDB            ,GF ,組   ,1000.0,2024-02-22 00:00:00,1.0,4995.0
CUS_00587,MISSIONYQU          ,GF ,罐   ,0.0,2024-10-09 00:00:00,1.0,5560.0
CUS_00587,PNSMY780            ,GF ,捲   ,0.0,2025-05-10 00:00:00,1.0,6178.0
CUS_00503,RSEND46000K         ,GF ,各   ,1500.0,2022-02-26 00:00:00,2.0,2589.0
CUS_00503,RSENHID5RF          ,GF ,各   ,300.0,2022-02-26 00:00:00,1.0,2589.0
CUS_00503,NOIDNRMG24          ,GF ,支   ,400.0,2022-02-26 00:00:00,1.0,2589.0
CUS_00503,NOIDNRMG18          ,GF ,支   ,300.0,2022-02-26 00:00:00,1.0,2589.0
CUS_00503,AFL283578           ,GF ,組   ,500.0,2022-02-26 00:00:00,1.0,2589.0
CUS_00503,AL5003TY-CU         ,GF ,組   ,300.0,2022-02-26 00:00:00,1.0,2589.0
CUS_00503,TAA053              ,GF ,各   ,350.0,2022-02-26 00:00:00,2.0,2589.0
CUS_00587,JXU1                ,GF ,各   ,0.0,2022-03-01 00:00:00,1.0,2601.0
CUS_00587,H722WHTY            ,GF ,組   ,0.0,2022-06-08 00:00:00,0.5,2946.0
CUS_00557,14HXE               ,GF ,組   ,500.0,2022-09-06 00:00:00,1.0,3232.0
CUS_00587,TJ6185J2            ,GF ,組   ,0.0,2023-01-17 00:00:00,1.0,3725.0
CUS_00503,PNSSCUP03           ,GF ,組   ,300.0,2022-02-26 00:00:00,1.0,2589.0
CUS_00503,GN5V                ,GF ,罐   ,350.0,2022-02-26 00:00:00,2.0,2589.0
CUS_00503,NO95RCVG            ,GF ,各   ,300.0,2022-02-26 00:00:00,1.0,2589.0
CUS_00503,PNSAHY295           ,GF ,組   ,500.0,2022-02-26 00:00:00,1.0,2589.0
CUS_00642,V15XCRVTRXF         ,GF ,組   ,5500.0,2022-02-26 00:00:00,1.0,2591.0
CUS_00587,J-NABX              ,GF ,罐   ,0.0,2022-02-26 00:00:00,1.0,2595.0
CUS_00587,V15GIVTRXFF         ,GF ,組   ,0.0,2022-02-28 00:00:00,1.0,2603.0
CUS_00587,180XFXJ             ,GF ,各   ,0.0,2022-03-01 00:00:00,1.0,2604.0
CUS_00587,SP5504QFE           ,GF ,各   ,0.0,2022-03-02 00:00:00,1.0,2605.0
CUS_00682,TC6683NDTY          ,GF ,組   ,250.0,2022-03-03 00:00:00,1.0,2605.0
CUS_00682,13KUGATA1E2         ,GF ,組   ,650.0,2022-03-03 00:00:00,1.0,2605.0
CUS_00682,1VNYTG              ,GF ,組   ,55.0,2022-03-03 00:00:00,1.0,2605.0
CUS_00587,SR116GMWV           ,GF ,組   ,0.0,2022-03-03 00:00:00,1.0,2608.0
CUS_00587,E00465              ,GF ,張   ,0.0,2022-03-03 00:00:00,1.0,2611.0
CUS_00587,FS81TFE             ,GF ,組   ,0.0,2022-03-04 00:00:00,1.0,2612.0
CUS_00587,ZXQH4T1E            ,GF ,組   ,0.0,2022-03-03 00:00:00,2.0,2613.0
CUS_00587,XB311W2             ,GF ,組   ,0.0,2022-03-04 00:00:00,1.0,2615.0
CUS_00389,G2VY                ,GF ,組   ,450.0,2022-03-04 00:00:00,1.0,2626.0
CUS_00389,RSENH112TY          ,GF ,組   ,300.0,2022-03-04 00:00:00,1.0,2626.0
CUS_00389,EY                  ,GF ,次   ,500.0,2023-07-15 00:00:00,1.0,4305.0
CUS_00503,PNSFB001            ,GF ,組   ,1200.0,2023-08-01 00:00:00,1.0,4352.0
CUS_00587,TYPERH1T1E          ,GF ,組   ,0.0,2024-01-18 00:00:00,2.0,4876.0
CUS_00587,DAYL60BV2           ,GF ,組   ,0.0,2024-10-12 00:00:00,1.0,5566.0
CUS_00587,POSEN18H            ,GF ,組   ,0.0,2024-12-05 00:00:00,1.0,5690.0
CUS_00587,R2CGR               ,GF ,組   ,0.0,2026-01-16 00:00:00,1.0,6831.0
CUS_00487,V18LED9006          ,GF ,組   ,3000.0,2022-03-05 00:00:00,1.0,2629.0
CUS_00487,SF00112QE2D         ,GF ,組   ,100.0,2022-03-05 00:00:00,1.0,2629.0
CUS_00561,ABROUFFVR           ,GF ,罐   ,350.0,2022-03-05 00:00:00,1.0,2632.0
CUS_00316,NB1040              ,GF ,罐   ,500.0,2022-03-07 00:00:00,5.0,2635.0
CUS_00316,XGRUV               ,GF ,各   ,100.0,2022-03-07 00:00:00,1.0,2635.0
CUS_00389,ZV5HNFX1JV          ,GF ,次   ,1000.0,2022-05-03 00:00:00,1.0,2814.0
CUS_00587,H00688              ,GF ,張   ,0.0,2022-11-16 00:00:00,1.0,3496.0
CUS_00587,VBDTVGAVTGW         ,GF ,組   ,0.0,2023-01-18 00:00:00,1.0,3743.0
CUS_00587,ABTE075             ,GF ,組   ,1000.0,2023-02-01 00:00:00,1.0,3814.0
CUS_00316,HY662               ,GF ,組   ,990.0,2022-03-07 00:00:00,1.0,2635.0
CUS_00316,ZJTUA               ,GF ,罐   ,300.0,2022-03-07 00:00:00,1.0,2635.0
CUS_00316,SPAGEGERDFV         ,GF ,各   ,400.0,2022-03-07 00:00:00,1.0,2635.0
CUS_00533,CITYFMT             ,GF ,組   ,400.0,2022-03-07 00:00:00,1.0,2635.0
CUS_00533,2013GOLFFMGXQ       ,GF ,組   ,1500.0,2022-03-07 00:00:00,1.0,2635.0
CUS_00656,ID4HX1              ,GF ,組   ,1500.0,2022-03-07 00:00:00,1.0,2635.0
CUS_00588,LD7GVVTRXF          ,GF ,組   ,3500.0,2022-03-07 00:00:00,1.0,2635.0
CUS_00691,ALTISDFV            ,GF ,各   ,450.0,2022-03-09 00:00:00,1.0,2642.0
CUS_00691,ABROUFFVR           ,GF ,罐   ,450.0,2022-03-09 00:00:00,1.0,2642.0
CUS_00691,AH62CCZVQ           ,GF ,條   ,650.0,2022-03-09 00:00:00,1.0,2642.0
CUS_00691,04WISHXXQ           ,GF ,組   ,2300.0,2022-03-09 00:00:00,1.0,2642.0
CUS_00587,X1VY                ,GF ,組   ,0.0,2026-03-04 00:00:00,1.0,6960.0
CUS_00587,H00800              ,GF ,張   ,0.0,2022-03-09 00:00:00,1.0,2644.0
CUS_00588,RSEN56ZVQW          ,GF ,條   ,550.0,2022-03-10 00:00:00,1.0,2644.0
CUS_00587,SPAGEGEARFMT        ,GF ,組   ,0.0,2022-03-11 00:00:00,1.0,2649.0
CUS_00031,09FORTISYFABSVCV    ,GF ,組   ,3000.0,2022-03-10 00:00:00,1.0,2650.0
CUS_00159,KYOROKU530RU        ,GF ,罐   ,600.0,2022-03-12 00:00:00,4.0,2652.0
CUS_00159,VR1RUV              ,GF ,各   ,100.0,2022-03-12 00:00:00,1.0,2652.0
CUS_00587,NOIDNRMG28          ,GF ,支   ,0.0,2024-12-16 00:00:00,1.0,5738.0
CUS_00691,WISHUV              ,GF ,各   ,250.0,2025-04-29 00:00:00,1.0,6119.0
CUS_00691,12FVRU5XR           ,GF ,罐   ,495.0,2025-04-29 00:00:00,1.0,6119.0
CUS_00691,SAXO1040            ,GF ,罐   ,405.0,2025-04-29 00:00:00,1.0,6119.0
CUS_00587,3MCUFFVR            ,GF ,罐   ,0.0,2025-07-29 00:00:00,2.0,6421.0
CUS_00587,F00250              ,GF ,張   ,0.0,2025-08-12 00:00:00,1.0,6454.0
CUS_00074,S27CTYZ1VNY         ,GF ,組   ,150.0,2025-10-09 00:00:00,1.0,6565.0
CUS_00587,VBDSAA1X            ,GF ,罐   ,0.0,2026-02-12 00:00:00,1.0,6908.0
CUS_00159,ZEROFV1UUR          ,GF ,罐   ,400.0,2022-03-12 00:00:00,1.0,2652.0
CUS_00159,12FVRU5XR           ,GF ,罐   ,600.0,2022-03-12 00:00:00,1.0,2652.0
CUS_00159,VR1DFV              ,GF ,各   ,250.0,2022-03-12 00:00:00,1.0,2652.0
CUS_00561,VWXN                ,GF ,各   ,150.0,2022-03-12 00:00:00,1.0,2652.0
CUS_00086,SP702               ,GF ,罐   ,200.0,2022-03-14 00:00:00,1.0,2652.0
CUS_00086,ZWU12               ,GF ,組   ,400.0,2022-03-14 00:00:00,2.0,2652.0
CUS_00086,08ALTISTAVQ         ,GF ,條   ,1500.0,2022-03-14 00:00:00,1.0,2652.0
CUS_00086,ZEROAMN+RFC         ,GF ,罐   ,950.0,2022-03-14 00:00:00,1.0,2652.0
CUS_00086,09011LEDXR2         ,GF ,組   ,2500.0,2022-04-14 00:00:00,1.0,2757.0
CUS_00369,KYOROKU530RU        ,GF ,罐   ,600.0,2022-03-14 00:00:00,4.0,2652.0
CUS_00369,FCOUSUV             ,GF ,各   ,200.0,2022-03-14 00:00:00,1.0,2652.0
CUS_00369,ZEROFV1UUR          ,GF ,罐   ,400.0,2022-03-14 00:00:00,1.0,2652.0
CUS_00587,VWA53               ,GF ,組   ,0.0,2022-03-15 00:00:00,1.0,2659.0
CUS_00086,RSENT104014242      ,GF ,組   ,450.0,2022-03-15 00:00:00,1.0,2659.0
CUS_00598,1MY2F               ,GF ,組   ,200.0,2022-03-15 00:00:00,1.0,2659.0
CUS_00598,NR1MY2              ,GF ,各   ,200.0,2022-03-15 00:00:00,1.0,2659.0
CUS_00587,ZXDGT22             ,GF ,各   ,0.0,2022-03-16 00:00:00,1.0,2662.0
CUS_00086,08ALTISVUXN         ,GF ,各   ,550.0,2022-03-15 00:00:00,1.0,2664.0
CUS_00630,V15XCRVTRXF         ,GF ,組   ,2500.0,2022-03-18 00:00:00,1.0,2667.0
CUS_00694,1VNV                ,GF ,各   ,100.0,2022-03-19 00:00:00,1.0,2669.0
CUS_00587,C5590WABX           ,GF ,罐   ,0.0,2026-03-17 00:00:00,1.0,6988.0
CUS_00561,ZINGERDFV           ,GF ,各   ,450.0,2026-04-11 00:00:00,1.0,7039.0
CUS_00613,ID4HX1              ,GF ,組   ,2500.0,2022-03-19 00:00:00,1.0,2669.0
CUS_00613,2XDFMT              ,GF ,組   ,600.0,2022-03-19 00:00:00,1.0,2669.0
CUS_00613,7003J25R            ,GF ,組   ,2800.0,2022-03-19 00:00:00,1.0,2669.0
CUS_00648,Y2EUW2              ,GF ,組   ,1600.0,2022-03-21 00:00:00,1.0,2670.0
CUS_00678,2TX2NU              ,GF ,組   ,3000.0,2022-03-22 00:00:00,1.0,2677.0
CUS_00678,2TVUJE              ,GF ,組   ,2500.0,2022-03-22 00:00:00,1.0,2677.0
CUS_00028,V15GIVTRXFF         ,GF ,組   ,3000.0,2022-01-30 00:00:00,1.0,2677.0
CUS_00067,2818-PN195-60-15XW  ,GF ,各   ,2500.0,2022-03-23 00:00:00,4.0,2677.0
CUS_00704,VIOSFMT             ,GF ,組   ,600.0,2023-06-13 00:00:00,1.0,4237.0
CUS_00587,X5NY2               ,GF ,各   ,0.0,2023-09-09 00:00:00,1.0,4498.0
CUS_00086,SENFINCEODFFRR      ,GF ,罐   ,1200.0,2024-04-22 00:00:00,1.0,5155.0
CUS_00587,20322T              ,GF ,各   ,100.0,2025-09-06 00:00:00,3.0,6491.0
CUS_00587,E5NRRC              ,GF ,組   ,0.0,2025-12-17 00:00:00,1.0,6763.0
CUS_00087,LD4VTRXF            ,GF ,組   ,3000.0,2022-05-04 00:00:00,1.0,2814.0
CUS_00066,NOIDNRMG24          ,GF ,支   ,400.0,2022-11-01 00:00:00,1.0,3437.0
CUS_00066,NOIDNRMG14          ,GF ,支   ,300.0,2022-11-01 00:00:00,1.0,3437.0
CUS_00615,POSEN16H            ,GF ,組   ,300.0,2022-03-23 00:00:00,1.0,2678.0
CUS_00208,V1                  ,GF ,組   ,1000.0,2022-03-23 00:00:00,1.0,2678.0
CUS_00208,AV5VC               ,GF ,組   ,500.0,2022-03-23 00:00:00,1.0,2678.0
CUS_00208,EY                  ,GF ,次   ,3500.0,2022-03-23 00:00:00,1.0,2678.0
CUS_00028,2TVUJE              ,GF ,組   ,2200.0,2022-03-22 00:00:00,1.0,2682.0
CUS_00694,E00465              ,GF ,張   ,30.0,2022-03-25 00:00:00,2.0,2683.0
CUS_00197,RSEND24300K         ,GF ,各   ,1500.0,2022-03-26 00:00:00,1.0,2684.0
CUS_00587,01CRVXXQ            ,GF ,組   ,0.0,2022-03-26 00:00:00,1.0,2686.0
CUS_00076,AL5003TY-CU         ,GF ,組   ,300.0,2022-03-28 00:00:00,1.0,2688.0
CUS_00328,GARMINDRIVE52       ,GF ,組   ,4000.0,2022-03-29 00:00:00,1.0,2693.0
CUS_00328,ZV5G539HNF          ,GF ,組   ,3000.0,2022-03-29 00:00:00,1.0,2693.0
CUS_00328,PNSS212UF           ,GF ,組   ,400.0,2022-03-29 00:00:00,1.0,2693.0
CUS_00328,32G                 ,GF ,各   ,500.0,2022-03-29 00:00:00,1.0,2693.0
CUS_00342,ZWUV                ,GF ,各   ,100.0,2022-03-31 00:00:00,1.0,2695.0
CUS_00342,ABROUFFVR           ,GF ,罐   ,350.0,2022-03-31 00:00:00,1.0,2695.0
CUS_00342,NB1040              ,GF ,罐   ,500.0,2022-03-31 00:00:00,5.0,2695.0
CUS_00179,SENFINECOCUFFVR     ,GF ,罐   ,1800.0,2022-03-31 00:00:00,1.0,2696.0
CUS_00179,T2EY                ,GF ,次   ,500.0,2022-03-31 00:00:00,1.0,2696.0
CUS_00694,SAXOC35W30FHU       ,GF ,罐   ,750.0,2026-04-08 00:00:00,6.0,7029.0
CUS_00561,SAXO1040            ,GF ,罐   ,450.0,2026-04-11 00:00:00,5.0,7039.0
CUS_00675,10ALTIS8C4+64       ,GF ,組   ,17000.0,2022-04-01 00:00:00,1.0,2705.0
CUS_00675,10ALTISA1D          ,GF ,組   ,650.0,2022-04-01 00:00:00,2.0,2705.0
CUS_00587,Z8RTVTRXF           ,GF ,組   ,0.0,2023-04-20 00:00:00,1.0,4070.0
CUS_00587,PNSHDF31            ,GF ,組   ,0.0,2023-06-13 00:00:00,1.0,4231.0
CUS_00381,ZV5G539HNF          ,GF ,組   ,3500.0,2023-06-14 00:00:00,1.0,4235.0
CUS_00558,ZXDLFJ1G            ,GF ,各   ,1000.0,2023-06-14 00:00:00,1.0,4235.0
CUS_00615,LE-75125V5T         ,GF ,組   ,800.0,2023-08-12 00:00:00,1.0,4402.0
CUS_00615,LE-7512GX5T         ,GF ,組   ,1300.0,2023-08-12 00:00:00,1.0,4402.0
CUS_00615,LE-7512XCFEY        ,GF ,次   ,4000.0,2023-08-12 00:00:00,1.0,4402.0
CUS_00615,LE-7512XCFU         ,GF ,次   ,1400.0,2023-08-12 00:00:00,1.0,4402.0
CUS_00615,LE-7512XCFQY        ,GF ,組   ,4000.0,2023-08-12 00:00:00,1.0,4404.0
CUS_00587,RT5A2Q              ,GF ,各   ,0.0,2023-09-14 00:00:00,1.0,4509.0
CUS_00587,VIOS5MW2            ,GF ,組   ,0.0,2024-06-21 00:00:00,1.0,5333.0
CUS_00587,DR0AZVQWL           ,GF ,各   ,0.0,2024-12-13 00:00:00,1.0,5718.0
CUS_00587,RSENT1018RMU        ,GF ,卡   ,0.0,2025-05-20 00:00:00,1.0,6221.0
CUS_00079,ZJTUA               ,GF ,罐   ,300.0,2022-04-02 00:00:00,1.0,2705.0
CUS_00079,510UD5D             ,GF ,組   ,1500.0,2022-04-02 00:00:00,1.0,2705.0
CUS_00079,2P5986XW            ,GF ,各   ,2650.0,2022-04-02 00:00:00,4.0,2705.0
CUS_00079,02XGXFXJ            ,GF ,各   ,600.0,2022-04-02 00:00:00,1.0,2705.0
CUS_00079,X2UR                ,GF ,罐   ,700.0,2022-04-02 00:00:00,1.0,2705.0
CUS_00675,08ALTIS5G1R         ,GF ,各   ,650.0,2022-04-01 00:00:00,1.0,2705.0
CUS_00675,08ALTIS5UTZDG1L     ,GF ,各   ,650.0,2022-04-01 00:00:00,1.0,2705.0
CUS_00079,FORTISXFXJ          ,GF ,各   ,600.0,2022-04-02 00:00:00,1.0,2705.0
CUS_00079,AFL283578           ,GF ,組   ,500.0,2022-04-02 00:00:00,2.0,2705.0
CUS_00079,RSENT105630         ,GF ,卡   ,450.0,2022-04-02 00:00:00,1.0,2705.0
CUS_00079,RSENT104014242      ,GF ,組   ,450.0,2022-04-02 00:00:00,1.0,2705.0
CUS_00682,NGKBKR5E            ,GF ,各   ,100.0,2022-04-02 00:00:00,4.0,2705.0
CUS_00682,LE-7512EY           ,GF ,次   ,1500.0,2022-04-02 00:00:00,1.0,2705.0
CUS_00682,BGD-                ,GF ,各   ,800.0,2022-04-02 00:00:00,1.0,2705.0
CUS_00615,BGD-                ,GF ,各   ,1500.0,2022-04-02 00:00:00,1.0,2705.0
CUS_00615,LE-7512CVN          ,GF ,各   ,250.0,2022-04-02 00:00:00,4.0,2705.0
CUS_00587,RTV2500CC           ,GF ,組   ,0.0,2022-04-04 00:00:00,1.0,2710.0
CUS_00165,CARDIOCA700.1A      ,GF ,組   ,12000.0,2022-04-07 00:00:00,1.0,2720.0
CUS_00165,2TVUAHDJE           ,GF ,組   ,2000.0,2022-04-07 00:00:00,1.0,2720.0
CUS_00451,12VAGE              ,GF ,各   ,800.0,2022-04-06 00:00:00,1.0,2720.0
CUS_00451,12VAGERHZ           ,GF ,次   ,500.0,2022-04-06 00:00:00,1.0,2720.0
CUS_00451,12VAXWN             ,GF ,組   ,3500.0,2022-04-06 00:00:00,1.0,2720.0
CUS_00451,12VAXWNEY           ,GF ,次   ,950.0,2022-04-06 00:00:00,1.0,2720.0
CUS_00587,PNSHDF              ,GF ,組   ,0.0,2022-04-09 00:00:00,1.0,2735.0
CUS_00587,CHY3282FR           ,GF ,組   ,0.0,2022-04-11 00:00:00,1.0,2743.0
CUS_00587,CHAA434             ,GF ,組   ,0.0,2022-04-11 00:00:00,1.0,2747.0
CUS_00254,APPWWVGF            ,GF ,組   ,3500.0,2021-05-24 00:00:00,1.0,2750.0
CUS_00615,2TBB                ,GF ,各   ,500.0,2022-04-13 00:00:00,1.0,2750.0
CUS_00615,BGC2D               ,GF ,各   ,1000.0,2022-04-13 00:00:00,1.0,2750.0
CUS_00615,LE-7512EY           ,GF ,次   ,2000.0,2023-08-12 00:00:00,1.0,4402.0
CUS_00558,ZXD1WRJ1G           ,GF ,組   ,1000.0,2023-08-14 00:00:00,1.0,4410.0
CUS_00615,ERQ602Q             ,GF ,各   ,2800.0,2024-01-24 00:00:00,1.0,4895.0
CUS_00615,3MCUFFVR            ,GF ,罐   ,150.0,2024-04-08 00:00:00,1.0,5123.0
CUS_00587,1VNYTG              ,GF ,組   ,0.0,2024-06-17 00:00:00,2.0,5323.0
CUS_00587,H1OSRAN2Q           ,GF ,各   ,0.0,2024-06-25 00:00:00,1.0,5341.0
CUS_00587,REVXTT5             ,GF ,組   ,0.0,2026-02-16 00:00:00,1.0,6938.0
CUS_00254,13ALTISD-           ,GF ,各   ,3000.0,2022-04-13 00:00:00,4.0,2750.0
CUS_00012,LD4VTRXF            ,GF ,組   ,2400.0,2022-04-14 00:00:00,1.0,2757.0
CUS_00086,2UW                 ,GF ,組   ,500.0,2022-04-14 00:00:00,1.0,2757.0
CUS_00086,PNSS24TY            ,GF ,組   ,400.0,2022-04-14 00:00:00,1.0,2757.0
CUS_00587,PNSSCUPG01          ,GF ,組   ,0.0,2022-04-14 00:00:00,1.0,2761.0
CUS_00587,01XGFMG             ,GF ,組   ,0.0,2022-04-14 00:00:00,1.0,2763.0
CUS_00693,VTRXFV              ,GF ,組   ,500.0,2022-04-15 00:00:00,1.0,2763.0
CUS_00587,SJ911R2W            ,GF ,組   ,0.0,2022-04-15 00:00:00,1.0,2764.0
CUS_00587,RSEN22CMXER         ,GF ,罐   ,0.0,2022-09-03 00:00:00,1.0,3227.0
CUS_00587,WUSWU5TF            ,GF ,組   ,2500.0,2023-02-01 00:00:00,1.0,3814.0
CUS_00087,2TVUJE              ,GF ,組   ,2500.0,2022-05-04 00:00:00,1.0,2814.0
CUS_00087,112PDQC3.0          ,GF ,組   ,400.0,2022-05-04 00:00:00,1.0,2814.0
CUS_00087,VBDQEE5CX           ,GF ,罐   ,350.0,2022-05-04 00:00:00,1.0,2814.0
CUS_00087,16322T              ,GF ,各   ,150.0,2022-05-04 00:00:00,1.0,2814.0
CUS_00598,HY662               ,GF ,組   ,800.0,2022-05-04 00:00:00,2.0,2814.0
CUS_00436,BSDA25H             ,GF ,組   ,10000.0,2022-05-05 00:00:00,1.0,2818.0
CUS_00367,ZXDGT22             ,GF ,各   ,100.0,2022-05-05 00:00:00,2.0,2818.0
CUS_00587,VBDEFFVE            ,GF ,各   ,0.0,2022-05-06 00:00:00,1.0,2828.0
CUS_00223,ALTISDFV            ,GF ,各   ,350.0,2022-05-07 00:00:00,1.0,2834.0
CUS_00223,XFXJALTIS           ,GF ,各   ,450.0,2022-05-07 00:00:00,1.0,2834.0
CUS_00223,01ALTISFMT          ,GF ,組   ,600.0,2022-05-07 00:00:00,1.0,2834.0
CUS_00199,ERQ602Q             ,GF ,各   ,2500.0,2022-05-07 00:00:00,1.0,2834.0
CUS_00316,NGKBKR5E11          ,GF ,各   ,200.0,2022-05-09 00:00:00,4.0,2840.0
CUS_00316,8H2G12V             ,GF ,組   ,550.0,2022-05-09 00:00:00,1.0,2840.0
CUS_00587,13FCOUSTA1E2        ,GF ,組   ,0.0,2022-05-10 00:00:00,1.0,2851.0
CUS_00365,VWXN                ,GF ,各   ,200.0,2022-05-11 00:00:00,1.0,2853.0
CUS_00587,PNSS12              ,GF ,組   ,0.0,2022-05-11 00:00:00,1.0,2854.0
CUS_00587,FA005               ,GF ,各   ,0.0,2022-05-11 00:00:00,1.0,2855.0
CUS_00587,HK916               ,GF ,組   ,0.0,2022-05-12 00:00:00,1.0,2858.0
CUS_00133,ZEROVRMG24          ,GF ,支   ,1100.0,2022-05-13 00:00:00,1.0,2858.0
CUS_00133,ZEROVRMG20          ,GF ,支   ,950.0,2022-05-13 00:00:00,1.0,2858.0
CUS_00133,0052DSGRR           ,GF ,組   ,450.0,2022-05-13 00:00:00,1.0,2858.0
CUS_00587,3DWMZGHJL           ,GF ,各   ,0.0,2024-06-01 00:00:00,1.0,5254.0
CUS_00587,SF0050              ,GF ,組   ,0.0,2024-06-26 00:00:00,1.0,5348.0
CUS_00587,T101E               ,GF ,卡   ,0.0,2025-08-18 00:00:00,1.0,6463.0
CUS_00587,2QG                 ,GF ,罐   ,0.0,2026-01-28 00:00:00,1.0,6862.0
CUS_00085,OBLRUR              ,GF ,罐   ,550.0,2022-05-13 00:00:00,1.0,2858.0
CUS_00085,OBROFUR             ,GF ,罐   ,350.0,2022-05-13 00:00:00,1.0,2858.0
CUS_00218,RSEND48000K         ,GF ,各   ,1000.0,2022-09-06 00:00:00,1.0,3235.0
CUS_00587,INNONATA1E2         ,GF ,組   ,0.0,2022-09-14 00:00:00,1.0,3257.0
CUS_00587,RSENS25352VR        ,GF ,組   ,0.0,2022-10-19 00:00:00,1.0,3379.0
CUS_00223,SAXO1040            ,GF ,罐   ,400.0,2022-12-14 00:00:00,4.0,3599.0
CUS_00223,ZWUV                ,GF ,各   ,100.0,2022-12-14 00:00:00,1.0,3599.0
CUS_00365,ABROUFFVR           ,GF ,罐   ,400.0,2023-02-03 00:00:00,1.0,3794.0
CUS_00085,ALTISGGE            ,GF ,組   ,1800.0,2022-05-13 00:00:00,1.0,2858.0
CUS_00367,V37GRR              ,GF ,組   ,350.0,2022-05-13 00:00:00,1.0,2858.0
CUS_00587,HK915X1             ,GF ,組   ,0.0,2022-05-12 00:00:00,1.0,2859.0
CUS_00478,09EAXCGR            ,GF ,組   ,3000.0,2022-05-13 00:00:00,1.0,2859.0
CUS_00478,09EAXCGRR           ,GF ,組   ,3000.0,2022-05-13 00:00:00,1.0,2859.0
CUS_00478,09EAXCGRDF          ,GF ,組   ,500.0,2022-05-13 00:00:00,2.0,2859.0
CUS_00478,LY601               ,GF ,組   ,100.0,2022-05-13 00:00:00,1.0,2860.0
CUS_00076,ID4HX1              ,GF ,組   ,1200.0,2022-05-14 00:00:00,1.0,2868.0
CUS_00587,MPVTA1E2            ,GF ,組   ,0.0,2022-05-16 00:00:00,1.0,2873.0
CUS_00733,2TX23UDB            ,GF ,組   ,3000.0,2022-05-17 00:00:00,1.0,2879.0
CUS_00086,RSEND44300K         ,GF ,各   ,1800.0,2022-05-18 00:00:00,2.0,2883.0
CUS_00292,V15XCRVTRXF         ,GF ,組   ,4500.0,2022-05-19 00:00:00,1.0,2886.0
CUS_00292,OBT2FHWWVGF         ,GF ,組   ,3000.0,2022-05-19 00:00:00,1.0,2886.0
CUS_00292,WUSWU5TF            ,GF ,組   ,3000.0,2022-05-19 00:00:00,1.0,2886.0
CUS_00292,AH64ZVQW            ,GF ,條   ,750.0,2022-05-19 00:00:00,1.0,2886.0
CUS_00292,XFXJALTIS           ,GF ,各   ,450.0,2022-05-19 00:00:00,1.0,2886.0
CUS_00292,SR346WFJ2DUSB       ,GF ,組   ,750.0,2022-05-19 00:00:00,1.0,2886.0
CUS_00292,ABT-390             ,GF ,組   ,2250.0,2022-05-19 00:00:00,1.0,2886.0
CUS_00292,SENFINCEOXFZVFRR    ,GF ,罐   ,1000.0,2022-05-19 00:00:00,1.0,2886.0
CUS_00086,T10552              ,GF ,各   ,50.0,2023-05-30 00:00:00,2.0,4206.0
CUS_00587,2UY24.8A            ,GF ,組   ,0.0,2023-08-04 00:00:00,1.0,4363.0
CUS_00587,FY2T2R              ,GF ,組   ,2500.0,2023-11-16 00:00:00,1.0,4688.0
CUS_00587,XGRUV               ,GF ,各   ,0.0,2024-06-20 00:00:00,1.0,5331.0
CUS_00085,ALTISDFV            ,GF ,各   ,350.0,2024-06-28 00:00:00,1.0,5354.0
CUS_00085,XFXJALTIS           ,GF ,各   ,500.0,2024-06-28 00:00:00,1.0,5354.0
CUS_00085,MISSIONCVT          ,GF ,罐   ,600.0,2024-06-28 00:00:00,4.0,5354.0
CUS_00085,SAXO1040            ,GF ,罐   ,450.0,2025-04-19 00:00:00,4.0,6075.0
CUS_00085,ZWUV                ,GF ,各   ,100.0,2025-04-19 00:00:00,1.0,6075.0
CUS_00254,ZERO14VRMG          ,GF ,支   ,700.0,2022-05-20 00:00:00,1.0,2886.0
CUS_00254,ZEROVRMG24          ,GF ,支   ,1000.0,2022-05-20 00:00:00,1.0,2886.0
CUS_00254,UX0GVR              ,GF ,罐   ,200.0,2022-05-20 00:00:00,1.0,2886.0
CUS_00254,VBDC1MGR2000ML      ,GF ,罐   ,300.0,2022-05-20 00:00:00,1.0,2886.0
CUS_00615,BGEY                ,GF ,次   ,2000.0,2022-05-21 00:00:00,1.0,2892.0
CUS_00615,BGV2V               ,GF ,組   ,1350.0,2022-05-21 00:00:00,1.0,2892.0
CUS_00615,BGZ2Q               ,GF ,各   ,950.0,2022-05-21 00:00:00,1.0,2892.0
CUS_00587,0052DSGRR           ,GF ,組   ,0.0,2022-05-23 00:00:00,1.0,2897.0
CUS_00139,GARMINDRIVE52       ,GF ,組   ,4000.0,2022-05-23 00:00:00,1.0,2898.0
CUS_00587,LY336G1R            ,GF ,組   ,0.0,2022-09-26 00:00:00,1.0,3299.0
CUS_00587,ID1.52B             ,GF ,各   ,0.0,2022-05-23 00:00:00,1.0,2904.0
CUS_00086,RSEN02F             ,GF ,各   ,1000.0,2022-05-24 00:00:00,2.0,2907.0
CUS_00086,RSENH33000K2Q       ,GF ,各   ,750.0,2022-05-24 00:00:00,2.0,2907.0
CUS_00086,RSENH113000K2Q      ,GF ,各   ,750.0,2022-05-24 00:00:00,2.0,2907.0
CUS_00086,08ALTISZEQ          ,GF ,組   ,3500.0,2022-05-24 00:00:00,1.0,2907.0
CUS_00086,ALTISXXQ            ,GF ,組   ,2000.0,2022-05-25 00:00:00,1.0,2907.0
CUS_00086,RX15W40RU           ,GF ,罐   ,550.0,2022-05-25 00:00:00,4.0,2907.0
CUS_00577,Z8RTVTRXF           ,GF ,組   ,2999.0,2022-05-25 00:00:00,1.0,2909.0
CUS_00500,V18H11LED           ,GF ,組   ,3000.0,2022-05-27 00:00:00,1.0,2916.0
CUS_00500,RSENS25352VR        ,GF ,組   ,650.0,2022-05-27 00:00:00,1.0,2916.0
CUS_00500,IN39LED             ,GF ,組   ,450.0,2022-05-27 00:00:00,2.0,2916.0
CUS_00500,G255630GV2Q         ,GF ,組   ,550.0,2022-05-27 00:00:00,1.0,2916.0
CUS_00500,IN362835GS2         ,GF ,卡   ,450.0,2022-05-27 00:00:00,2.0,2916.0
CUS_00500,TURBOH3LED          ,GF ,組   ,2500.0,2022-05-27 00:00:00,1.0,2916.0
CUS_00480,UX0GVR              ,GF ,罐   ,200.0,2022-05-27 00:00:00,1.0,2916.0
CUS_00480,H00338              ,GF ,張   ,60.0,2022-05-27 00:00:00,1.0,2916.0
CUS_00480,SF12501VNY          ,GF ,組   ,100.0,2022-05-27 00:00:00,1.0,2916.0
CUS_00480,H4LED181E           ,GF ,各   ,450.0,2022-05-27 00:00:00,1.0,2916.0
CUS_00500,G185630             ,GF ,卡   ,550.0,2022-05-27 00:00:00,3.0,2923.0
CUS_00587,19ALTISGS2Q         ,GF ,各   ,0.0,2022-05-30 00:00:00,1.0,2925.0
CUS_00587,GN5400FCW           ,GF ,組   ,0.0,2023-11-24 00:00:00,1.0,4724.0
CUS_00587,3M12*15             ,GF ,組   ,0.0,2024-02-08 00:00:00,1.0,4956.0
CUS_00587,P16X5XN             ,GF ,卡   ,0.0,2025-06-17 00:00:00,1.0,6323.0
CUS_00587,POSENSD2246*20      ,GF ,捲   ,0.0,2025-09-15 00:00:00,1.0,6522.0
CUS_00587,GXYGUX              ,GF ,罐   ,0.0,2025-10-17 00:00:00,1.0,6581.0
CUS_00550,19ALTISGS2Q         ,GF ,各   ,2800.0,2022-05-30 00:00:00,1.0,2925.0
CUS_00086,07-12ALTISMTJUF     ,GF ,各   ,4000.0,2022-05-27 00:00:00,1.0,2925.0
CUS_00587,SUFEFMT             ,GF ,組   ,0.0,2022-05-30 00:00:00,1.0,2927.0
CUS_00615,BGF2A2              ,GF ,組   ,7000.0,2022-05-31 00:00:00,1.0,2929.0
CUS_00389,05FOCUSC22X1        ,GF ,組   ,1100.0,2022-05-31 00:00:00,1.0,2931.0
CUS_00389,2VCQ2Q              ,GF ,各   ,100.0,2022-05-31 00:00:00,1.0,2931.0
CUS_00598,01ALTISTA1E2        ,GF ,組   ,450.0,2022-05-31 00:00:00,1.0,2933.0
CUS_00231,1VNY                ,GF ,各   ,250.0,2022-06-01 00:00:00,1.0,2934.0
CUS_00231,V1                  ,GF ,組   ,1000.0,2022-06-01 00:00:00,1.0,2934.0
CUS_00084,RSEN56ZVQW          ,GF ,條   ,500.0,2022-06-02 00:00:00,1.0,2934.0
CUS_00478,SENFINECOFURFFVR    ,GF ,罐   ,1700.0,2022-11-08 00:00:00,1.0,3469.0
CUS_00086,3032YXZ2R           ,GF ,組   ,8800.0,2022-12-01 00:00:00,1.0,3545.0
CUS_00566,21XXCGR             ,GF ,組   ,1200.0,2022-06-02 00:00:00,1.0,2934.0
CUS_00598,V15XCRVTRXF         ,GF ,組   ,2500.0,2022-06-04 00:00:00,1.0,2934.0
CUS_00598,X1VY                ,GF ,組   ,300.0,2022-06-04 00:00:00,1.0,2934.0
CUS_00587,ZINGERCGR           ,GF ,組   ,0.0,2022-06-06 00:00:00,1.0,2938.0
CUS_00555,GOLFUVJD            ,GF ,各   ,1000.0,2022-06-11 00:00:00,1.0,2960.0
CUS_00555,FORTIS1C4+645R      ,GF ,組   ,14500.0,2022-06-11 00:00:00,1.0,2960.0
CUS_00555,ZNGOLF83+325R       ,GF ,組   ,14500.0,2022-06-11 00:00:00,1.0,2960.0
CUS_00370,SF4005WAVQ          ,GF ,組   ,50.0,2022-06-13 00:00:00,1.0,2964.0
CUS_00370,LEDGEF              ,GF ,組   ,400.0,2022-06-13 00:00:00,1.0,2964.0
CUS_00587,K00281              ,GF ,張   ,0.0,2026-03-27 00:00:00,1.0,7010.0
CUS_00713,RSEN02F             ,GF ,各   ,800.0,2022-06-14 00:00:00,1.0,2968.0
CUS_00133,BMWX64QFMT          ,GF ,組   ,2500.0,2022-06-14 00:00:00,1.0,2968.0
CUS_00587,VBDAR3B1            ,GF ,組   ,0.0,2022-06-15 00:00:00,1.0,2970.0
CUS_00372,RVF84+645R          ,GF ,組   ,14000.0,2022-06-16 00:00:00,1.0,2981.0
CUS_00372,2TVUAHDJE           ,GF ,組   ,2500.0,2022-06-16 00:00:00,1.0,2981.0
CUS_00682,01ALTISFMT          ,GF ,組   ,350.0,2022-06-16 00:00:00,1.0,2981.0
CUS_00460,04ALTISC2D          ,GF ,各   ,2500.0,2022-06-17 00:00:00,1.0,2982.0
CUS_00091,WISHRUVE            ,GF ,各   ,2000.0,2022-06-22 00:00:00,1.0,2995.0
CUS_00091,10WISHC2E           ,GF ,支   ,1100.0,2022-06-22 00:00:00,2.0,2995.0
CUS_00076,PNSJW220R2UG        ,GF ,各   ,150.0,2023-04-12 00:00:00,2.0,4045.0
CUS_00587,VBDTFVTFJSW         ,GF ,組   ,0.0,2023-05-24 00:00:00,1.0,4175.0
CUS_00091,WUSWU5TF            ,GF ,組   ,2000.0,2024-07-24 00:00:00,1.0,5410.0
CUS_00091,MISSIONCVT          ,GF ,罐   ,650.0,2024-07-24 00:00:00,5.0,5410.0
CUS_00091,WISHUV              ,GF ,各   ,200.0,2025-06-13 00:00:00,1.0,6317.0
CUS_00587,VG1TU               ,GF ,瓶   ,0.0,2025-10-21 00:00:00,1.0,6590.0
CUS_00091,10WISHCXXQ          ,GF ,組   ,2200.0,2022-06-22 00:00:00,1.0,2995.0
CUS_00091,NOIDNRMG14          ,GF ,支   ,250.0,2022-06-22 00:00:00,1.0,2995.0
CUS_00091,NOIDNRMG26          ,GF ,支   ,550.0,2022-06-22 00:00:00,1.0,2995.0
CUS_00091,J00350CMG           ,GF ,支   ,550.0,2022-06-22 00:00:00,1.0,2995.0
CUS_00091,ERQ602Q             ,GF ,各   ,2500.0,2022-06-22 00:00:00,1.0,2995.0
CUS_00587,BB906               ,GF ,張   ,0.0,2022-07-12 00:00:00,1.0,3042.0
CUS_00587,KH826UTVGW          ,GF ,組   ,0.0,2022-09-22 00:00:00,1.0,3286.0
CUS_00091,SENFINECOCUFFVR     ,GF ,罐   ,1800.0,2022-06-22 00:00:00,1.0,2995.0
CUS_00091,TAA091              ,GF ,組   ,1500.0,2022-06-22 00:00:00,1.0,2995.0
CUS_00502,TURBOH11            ,GF ,組   ,2500.0,2022-06-22 00:00:00,1.0,2999.0
CUS_00502,HT32BVT1C           ,GF ,罐   ,2400.0,2022-06-22 00:00:00,1.0,2999.0
CUS_00502,1VNYTG              ,GF ,組   ,100.0,2022-06-22 00:00:00,1.0,2999.0
CUS_00091,SAXOQUYFRR          ,GF ,罐   ,450.0,2022-06-22 00:00:00,1.0,2999.0
CUS_00091,VBDC1MGR2000ML      ,GF ,罐   ,300.0,2022-06-22 00:00:00,1.0,2999.0
CUS_00091,10WISHXFH5EY        ,GF ,次   ,1500.0,2022-06-22 00:00:00,1.0,3002.0
CUS_00091,10WISHXQ            ,GF ,組   ,5500.0,2022-06-22 00:00:00,1.0,3002.0
CUS_00091,10WUSHD12HZ         ,GF ,組   ,3500.0,2022-06-22 00:00:00,1.0,3002.0
CUS_00091,OBT2FHWWVGF         ,GF ,組   ,3000.0,2022-06-22 00:00:00,1.0,3002.0
CUS_00587,12HMG               ,GF ,支   ,0.0,2022-06-23 00:00:00,1.0,3007.0
CUS_00091,10WISHTA1E2         ,GF ,組   ,800.0,2022-06-22 00:00:00,1.0,3007.0
CUS_00620,LD9VTRXF            ,GF ,組   ,3000.0,2022-06-24 00:00:00,1.0,3007.0
CUS_00533,D4OSRAM4300K        ,GF ,各   ,1800.0,2022-06-24 00:00:00,2.0,3007.0
CUS_00587,4TFR2               ,GF ,各   ,0.0,2023-03-13 00:00:00,1.0,3964.0
CUS_00587,PNSHXT205F          ,GF ,組   ,0.0,2023-05-29 00:00:00,1.0,4196.0
CUS_00091,ABROUFFVR           ,GF ,罐   ,450.0,2023-06-19 00:00:00,1.0,4242.0
CUS_00587,6H2G                ,GF ,組   ,0.0,2024-06-15 00:00:00,1.0,5312.0
CUS_00091,XFXJALTIS           ,GF ,各   ,550.0,2024-09-09 00:00:00,1.0,5510.0
CUS_00587,RSENUGMG22H         ,GF ,支   ,0.0,2024-11-09 00:00:00,1.0,5628.0
CUS_00587,KH911A2             ,GF ,組   ,0.0,2025-05-06 00:00:00,2.0,6163.0
CUS_00091,10WISHXA            ,GF ,次   ,1500.0,2025-05-22 00:00:00,1.0,6229.0
CUS_00091,10WISHXFFV          ,GF ,次   ,2000.0,2025-05-22 00:00:00,1.0,6229.0
CUS_00091,10WISHGTQ           ,GF ,組   ,3000.0,2025-05-22 00:00:00,2.0,6229.0
CUS_00091,SAXO5W50            ,GF ,罐   ,600.0,2025-06-13 00:00:00,5.0,6317.0
CUS_00091,08ALTISDFV          ,GF ,各   ,450.0,2025-06-13 00:00:00,1.0,6317.0
CUS_00091,12FVRU5XR           ,GF ,罐   ,650.0,2025-06-13 00:00:00,1.0,6317.0
CUS_00091,10WISHVBN           ,GF ,組   ,2600.0,2025-09-04 00:00:00,1.0,6489.0
CUS_00587,PNSDSB001           ,GF ,組   ,0.0,2022-07-04 00:00:00,1.0,3013.0
CUS_00665,09WISH5MTX          ,GF ,組   ,4000.0,2022-07-05 00:00:00,1.0,3013.0
CUS_00587,HY656YU             ,GF ,各   ,0.0,2022-07-05 00:00:00,1.0,3014.0
CUS_00558,ABROQGUR            ,GF ,罐   ,400.0,2022-07-05 00:00:00,1.0,3014.0
CUS_00587,AFL4PL-VC-C         ,GF ,組   ,0.0,2022-07-06 00:00:00,2.0,3019.0
CUS_00682,INNONATA1E2         ,GF ,組   ,600.0,2022-07-06 00:00:00,1.0,3019.0
CUS_00682,INNONAFMT2Q         ,GF ,組   ,450.0,2022-07-06 00:00:00,1.0,3019.0
CUS_00587,1MY2F               ,GF ,組   ,0.0,2022-10-26 00:00:00,1.0,3411.0
CUS_00514,VTRXFV              ,GF ,組   ,500.0,2022-07-07 00:00:00,2.0,3021.0
CUS_00514,V1                  ,GF ,組   ,1000.0,2022-07-07 00:00:00,1.0,3021.0
CUS_00514,AV5VC               ,GF ,組   ,500.0,2022-07-07 00:00:00,1.0,3021.0
CUS_00514,MP35C1NS13          ,GF ,組   ,1000.0,2022-07-07 00:00:00,1.0,3021.0
CUS_00514,A094                ,GF ,條   ,400.0,2022-07-07 00:00:00,1.0,3021.0
CUS_00514,EY                  ,GF ,次   ,1000.0,2022-07-07 00:00:00,1.0,3021.0
CUS_00514,VYRXFVQ             ,GF ,各   ,500.0,2022-07-07 00:00:00,1.0,3021.0
CUS_00587,BMW7VXTA1E2         ,GF ,組   ,0.0,2022-07-08 00:00:00,1.0,3025.0
CUS_00199,DP009Z22TWW         ,GF ,組   ,750.0,2022-07-08 00:00:00,1.0,3025.0
CUS_00514,ZV5G539HNF          ,GF ,組   ,2800.0,2022-07-11 00:00:00,1.0,3035.0
CUS_00514,593GUSBY            ,GF ,組   ,400.0,2022-07-11 00:00:00,1.0,3035.0
CUS_00514,HY898               ,GF ,組   ,150.0,2022-07-11 00:00:00,1.0,3035.0
CUS_00514,VBDVATX-2           ,GF ,罐   ,200.0,2022-07-11 00:00:00,1.0,3035.0
CUS_00514,F203BFHZG           ,GF ,組   ,300.0,2022-07-11 00:00:00,1.0,3035.0
CUS_00514,HY889Q2CW           ,GF ,組   ,150.0,2022-07-11 00:00:00,1.0,3035.0
CUS_00587,55ZCW               ,GF ,張   ,0.0,2022-07-11 00:00:00,1.0,3036.0
CUS_00694,H00342              ,GF ,張   ,60.0,2022-07-11 00:00:00,2.0,3038.0
CUS_00288,SAXO1040            ,GF ,罐   ,350.0,2022-07-12 00:00:00,4.0,3040.0
CUS_00199,SAXOQUYFRR          ,GF ,罐   ,400.0,2023-04-29 00:00:00,1.0,4104.0
CUS_00587,C007USBTY           ,GF ,組   ,0.0,2023-07-20 00:00:00,1.0,4331.0
CUS_00694,FTXDZEW5            ,GF ,各   ,350.0,2023-07-31 00:00:00,3.0,4348.0
CUS_00558,XGRUV               ,GF ,各   ,100.0,2024-03-23 00:00:00,1.0,5083.0
CUS_00587,1MY2C               ,GF ,組   ,500.0,2024-04-12 00:00:00,1.0,5137.0
CUS_00587,NXUR                ,GF ,各   ,0.0,2024-12-11 00:00:00,2.0,5711.0
CUS_00558,SAXO1040            ,GF ,罐   ,450.0,2025-04-29 00:00:00,5.0,6119.0
CUS_00558,ZXDDFV              ,GF ,各   ,450.0,2025-04-29 00:00:00,1.0,6121.0
CUS_00199,82VADFV2.0          ,GF ,各   ,450.0,2025-12-18 00:00:00,1.0,6764.0
CUS_00199,12FVRU5XR           ,GF ,罐   ,550.0,2025-12-18 00:00:00,1.0,6764.0
CUS_00288,TIDADFV             ,GF ,各   ,350.0,2022-07-12 00:00:00,1.0,3040.0
CUS_00288,TIDARUV             ,GF ,各   ,100.0,2022-07-12 00:00:00,1.0,3040.0
CUS_00288,SENFINCEOXFZVFRR    ,GF ,罐   ,1000.0,2022-07-12 00:00:00,1.0,3040.0
CUS_00288,XA                  ,GF ,kg  ,800.0,2022-07-12 00:00:00,1.0,3040.0
CUS_00288,3D5U1               ,GF ,組   ,300.0,2022-07-12 00:00:00,1.0,3040.0
CUS_00288,POSEN20H            ,GF ,組   ,400.0,2022-07-12 00:00:00,0.5,3040.0
CUS_00288,POSEN16H            ,GF ,組   ,400.0,2022-07-12 00:00:00,0.5,3040.0
CUS_00618,2TVUJE              ,GF ,組   ,1000.0,2022-07-13 00:00:00,1.0,3042.0
CUS_00682,05WISHNQFMT         ,GF ,組   ,1200.0,2022-07-14 00:00:00,1.0,3044.0
CUS_00076,V37TDGUVTRXF        ,GF ,組   ,3000.0,2022-11-17 00:00:00,1.0,3498.0
CUS_00587,3D3132ZGY2          ,GF ,組   ,0.0,2023-02-04 00:00:00,1.0,3802.0
CUS_00561,PS252F25U           ,GF ,組   ,200.0,2022-07-14 00:00:00,1.0,3047.0
CUS_00733,2TXW5R              ,GF ,各   ,1400.0,2022-07-14 00:00:00,1.0,3047.0
CUS_00694,F00453              ,GF ,張   ,40.0,2022-07-15 00:00:00,2.0,3047.0
CUS_00733,3DVXT5U1            ,GF ,各   ,400.0,2022-07-14 00:00:00,1.0,3047.0
CUS_00733,VBD22TBCR           ,GF ,罐   ,200.0,2022-07-14 00:00:00,1.0,3047.0
CUS_00655,LD4VTRXF            ,GF ,組   ,2500.0,2022-07-15 00:00:00,1.0,3047.0
CUS_00731,RSENH113000K2Q      ,GF ,各   ,500.0,2022-07-18 00:00:00,2.0,3052.0
CUS_00731,J2WV18CM            ,GF ,支   ,450.0,2022-07-18 00:00:00,1.0,3052.0
CUS_00731,ZJTUA               ,GF ,罐   ,300.0,2022-07-18 00:00:00,1.0,3052.0
CUS_00180,LD7GVVTRXF          ,GF ,組   ,5000.0,2022-07-18 00:00:00,1.0,3052.0
CUS_00180,LD9GPS              ,GF ,組   ,1300.0,2022-07-18 00:00:00,1.0,3052.0
CUS_00180,07COLTPLUSTA1E2     ,GF ,組   ,800.0,2022-07-18 00:00:00,1.0,3053.0
CUS_00180,HY662               ,GF ,組   ,1100.0,2022-07-18 00:00:00,2.0,3053.0
CUS_00180,V81VTRXFGPS         ,GF ,各   ,1200.0,2022-07-18 00:00:00,1.0,3053.0
CUS_00694,PNSSUN006           ,GF ,組   ,650.0,2022-07-19 00:00:00,1.0,3062.0
CUS_00681,CARDIU69525R        ,GF ,組   ,7000.0,2022-07-19 00:00:00,1.0,3062.0
CUS_00681,J2WV2               ,GF ,組   ,500.0,2022-07-19 00:00:00,1.0,3062.0
CUS_00681,GN007J2WV           ,GF ,隻   ,500.0,2022-07-19 00:00:00,1.0,3062.0
CUS_00694,GHA313VRW           ,GF ,組   ,500.0,2022-07-22 00:00:00,1.0,3066.0
CUS_00731,RSEN02F             ,GF ,各   ,1000.0,2022-07-18 00:00:00,2.0,4347.0
CUS_00587,H00339              ,GF ,張   ,0.0,2024-02-15 00:00:00,1.0,4977.0
CUS_00694,K00172              ,GF ,張   ,100.0,2024-12-27 00:00:00,2.0,5769.0
CUS_00587,S27-54TY214AS1VN    ,GF ,各   ,0.0,2025-05-15 00:00:00,1.0,6203.0
CUS_00694,K00173              ,GF ,張   ,150.0,2025-08-21 00:00:00,1.0,6478.0
CUS_00561,XA                  ,GF ,kg  ,800.0,2025-08-25 00:00:00,1.0,6482.0
CUS_00694,S27-54TY214AS1VN    ,GF ,各   ,500.0,2022-07-22 00:00:00,1.0,3066.0
CUS_00031,ZERORFFVR           ,GF ,罐   ,650.0,2022-07-23 00:00:00,1.0,3067.0
CUS_00031,ABROUFFVR           ,GF ,罐   ,400.0,2022-07-23 00:00:00,1.0,3067.0
CUS_00031,KYOROKU530RU        ,GF ,罐   ,600.0,2022-07-23 00:00:00,5.0,3068.0
CUS_00587,ZINGERT2R           ,GF ,組   ,0.0,2022-07-23 00:00:00,1.0,3069.0
CUS_00694,H00377              ,GF ,張   ,60.0,2022-08-02 00:00:00,1.0,3106.0
CUS_00598,V37TDGUVTRXF        ,GF ,組   ,3000.0,2022-09-07 00:00:00,1.0,3235.0
CUS_00630,DAYQQWW             ,GF ,組   ,700.0,2022-12-11 00:00:00,1.0,3585.0
CUS_00533,RSEND24300K         ,GF ,各   ,1200.0,2023-02-17 00:00:00,1.0,3853.0
CUS_00135,ZV5F53HNF           ,GF ,組   ,6300.0,2022-07-22 00:00:00,1.0,3071.0
CUS_00690,SAXO1040            ,GF ,罐   ,350.0,2022-07-25 00:00:00,4.0,3071.0
CUS_00694,H00347              ,GF ,張   ,60.0,2022-07-25 00:00:00,2.0,3071.0
CUS_00694,PNSSW001            ,GF ,條   ,500.0,2022-07-25 00:00:00,1.0,3071.0
CUS_00587,LEDVUGQ2            ,GF ,組   ,0.0,2022-07-27 00:00:00,2.0,3083.0
CUS_00436,WF55D23L2Q          ,GF ,各   ,2500.0,2022-07-27 00:00:00,1.0,3083.0
CUS_00533,KMWTV               ,GF ,各   ,100.0,2022-07-27 00:00:00,1.0,3083.0
CUS_00533,W51EFFVR            ,GF ,罐   ,300.0,2022-07-28 00:00:00,1.0,3084.0
CUS_00533,RSENC1XWU           ,GF ,罐   ,200.0,2022-07-28 00:00:00,1.0,3084.0
CUS_00180,LD9CRW              ,GF ,組   ,1800.0,2022-07-29 00:00:00,1.0,3092.0
CUS_00086,ABT-390             ,GF ,組   ,1500.0,2022-07-29 00:00:00,1.0,3095.0
CUS_00180,EY                  ,GF ,次   ,500.0,2026-03-10 00:00:00,1.0,6974.0
CUS_00086,UX0GVR              ,GF ,罐   ,200.0,2022-07-29 00:00:00,1.0,3095.0
CUS_00086,ABTE069             ,GF ,組   ,1500.0,2022-07-29 00:00:00,1.0,3095.0
CUS_00086,DR0AZVQWM           ,GF ,各   ,650.0,2022-07-29 00:00:00,1.0,3095.0
CUS_00086,ABTA0401R+GR        ,GF ,組   ,500.0,2022-07-29 00:00:00,1.0,3095.0
CUS_00630,QWZG                ,GF ,組   ,650.0,2022-07-29 00:00:00,1.0,3097.0
CUS_00587,DH1801VWA5C         ,GF ,各   ,0.0,2023-07-18 00:00:00,1.0,4309.0
CUS_00587,GHA313VRW           ,GF ,組   ,0.0,2023-12-07 00:00:00,1.0,4760.0
CUS_00533,ZV5G539HNF          ,GF ,組   ,3000.0,2024-01-13 00:00:00,1.0,4868.0
CUS_00587,PNSSUN001           ,GF ,組   ,0.0,2024-07-27 00:00:00,1.0,5416.0
CUS_00587,PNSSCUP03           ,GF ,組   ,0.0,2025-01-02 00:00:00,1.0,5780.0
CUS_00031,NXUR                ,GF ,各   ,100.0,2025-06-28 00:00:00,1.0,6346.0
CUS_00587,DAY2NR              ,GF ,ek4 ,0.0,2025-07-15 00:00:00,1.0,6393.0
CUS_00618,CAR5205R            ,GF ,組   ,1500.0,2025-12-02 00:00:00,1.0,6711.0
CUS_00587,RSEN66ZVQW          ,GF ,條   ,0.0,2025-12-22 00:00:00,1.0,6769.0
CUS_00159,TEANA2.0XQ          ,GF ,次   ,3000.0,2022-07-29 00:00:00,1.0,3098.0
CUS_00587,ERQ574H28           ,GF ,組   ,0.0,2022-07-30 00:00:00,1.0,3100.0
CUS_00130,ERQ574H28           ,GF ,組   ,3500.0,2022-07-30 00:00:00,1.0,3100.0
CUS_00587,GLA180MG            ,GF ,組   ,0.0,2022-07-30 00:00:00,1.0,3101.0
CUS_00197,ABROUF1EUR          ,GF ,罐   ,350.0,2022-07-30 00:00:00,1.0,3102.0
CUS_00197,MISSIONYQU          ,GF ,罐   ,600.0,2022-07-30 00:00:00,4.0,3102.0
CUS_00197,ZEROVRMG16          ,GF ,支   ,600.0,2022-07-30 00:00:00,1.0,3102.0
CUS_00197,ZEROVRMG26          ,GF ,支   ,900.0,2022-07-30 00:00:00,1.0,3102.0
CUS_00587,LEDGEF              ,GF ,組   ,0.0,2022-10-26 00:00:00,2.0,3408.0
CUS_00587,R589CUXNDFH         ,GF ,組   ,0.0,2023-01-18 00:00:00,1.0,3734.0
CUS_00457,DAY2C               ,GF ,組   ,900.0,2022-08-02 00:00:00,1.0,3104.0
CUS_00457,2TXWSDXU            ,GF ,組   ,2500.0,2022-08-02 00:00:00,1.0,3104.0
CUS_00086,2UY24.8A            ,GF ,組   ,650.0,2022-08-02 00:00:00,1.0,3104.0
CUS_00086,2UFY4.8A            ,GF ,組   ,650.0,2022-08-02 00:00:00,1.0,3104.0
CUS_00171,SAXO1040            ,GF ,罐   ,500.0,2022-08-02 00:00:00,4.0,3104.0
CUS_00171,MISSIONCVT          ,GF ,罐   ,600.0,2022-08-02 00:00:00,5.0,3104.0
CUS_00171,ZERORFFVR           ,GF ,罐   ,1800.0,2022-08-02 00:00:00,1.0,3104.0
CUS_00171,SENFINCEODFFRR      ,GF ,罐   ,1200.0,2022-08-02 00:00:00,1.0,3104.0
CUS_00171,VBDVATX-2           ,GF ,罐   ,200.0,2022-08-02 00:00:00,1.0,3104.0
CUS_00171,ZEROAMN+RFC         ,GF ,罐   ,1050.0,2022-08-02 00:00:00,1.0,3104.0
CUS_00587,41MMGS2             ,GF ,各   ,0.0,2022-08-02 00:00:00,1.0,3106.0
CUS_00694,J00384              ,GF ,張   ,80.0,2026-03-07 00:00:00,1.0,6968.0
CUS_00171,RSENBEMG            ,GF ,支   ,350.0,2022-08-02 00:00:00,1.0,3106.0
CUS_00171,02XGXFXJ            ,GF ,各   ,450.0,2022-08-02 00:00:00,1.0,3106.0
CUS_00694,K00281              ,GF ,張   ,100.0,2022-08-02 00:00:00,2.0,3106.0
CUS_00004,H1135W22Q           ,GF ,各   ,0.0,2022-08-03 00:00:00,1.0,3112.0
CUS_00004,2V2Q                ,GF ,各   ,0.0,2022-08-03 00:00:00,1.0,3113.0
CUS_00004,2VY                 ,GF ,個   ,0.0,2022-08-03 00:00:00,1.0,3114.0
CUS_00457,DAY2F               ,GF ,各   ,1200.0,2022-08-02 00:00:00,1.0,3114.0
CUS_00004,ABTE021             ,GF ,組   ,0.0,2022-08-03 00:00:00,1.0,3115.0
CUS_00004,YH368FDS2XEN        ,GF ,組   ,0.0,2022-08-03 00:00:00,1.0,3116.0
CUS_00587,OB59G1              ,GF ,組   ,0.0,2023-07-06 00:00:00,1.0,4275.0
CUS_00171,ABROUFFVR           ,GF ,罐   ,400.0,2023-08-08 00:00:00,1.0,4383.0
CUS_00587,RTV38QZ             ,GF ,組   ,0.0,2024-01-03 00:00:00,1.0,4836.0
CUS_00587,PNSSB22             ,GF ,組   ,0.0,2024-10-15 00:00:00,3.0,5571.0
CUS_00694,K00372              ,GF ,各   ,100.0,2025-01-02 00:00:00,2.0,5780.0
CUS_00694,J00336              ,GF ,張   ,150.0,2025-08-21 00:00:00,1.0,6478.0
CUS_00231,05WISHCGRR          ,GF ,組   ,2350.0,2022-08-03 00:00:00,1.0,3116.0
CUS_00231,LEDV2Q72WCN         ,GF ,組   ,2500.0,2022-08-03 00:00:00,1.0,3116.0
CUS_00069,WUSWU5TF            ,GF ,組   ,3000.0,2022-08-04 00:00:00,1.0,3116.0
CUS_00032,04WISHTA1E2         ,GF ,組   ,800.0,2022-08-04 00:00:00,1.0,3117.0
CUS_00032,VBDVATX-2           ,GF ,罐   ,200.0,2022-08-04 00:00:00,1.0,3117.0
CUS_00032,XA                  ,GF ,kg  ,800.0,2022-08-04 00:00:00,1.0,3117.0
CUS_00694,DAW510*50           ,GF ,張   ,100.0,2022-08-05 00:00:00,1.0,3118.0
CUS_00587,AH64ZVQW            ,GF ,條   ,0.0,2022-08-04 00:00:00,1.0,3120.0
CUS_00438,V81VTRXF            ,GF ,組   ,5700.0,2022-08-05 00:00:00,1.0,3120.0
CUS_00438,PS255R2W            ,GF ,組   ,300.0,2022-08-05 00:00:00,1.0,3120.0
CUS_00694,J00385              ,GF ,張   ,80.0,2022-08-08 00:00:00,1.0,3122.0
CUS_00086,3032YXZ2RQ2         ,GF ,條   ,2200.0,2022-12-01 00:00:00,1.0,3545.0
CUS_00694,M00111B             ,GF ,張   ,150.0,2022-08-08 00:00:00,1.0,3122.0
CUS_00587,VBD60*165VJVT1      ,GF ,條   ,350.0,2022-08-09 00:00:00,2.0,3128.0
CUS_00549,RSENH76000K         ,GF ,各   ,300.0,2022-08-10 00:00:00,1.0,3128.0
CUS_00733,RW22DE              ,GF ,組   ,1850.0,2022-08-10 00:00:00,1.0,3128.0
CUS_00733,PNSHDF21            ,GF ,組   ,300.0,2022-08-10 00:00:00,1.0,3128.0
CUS_00587,JK39                ,GF ,組   ,0.0,2022-08-10 00:00:00,1.0,3133.0
CUS_00733,OBLRUR              ,GF ,罐   ,650.0,2022-08-10 00:00:00,1.0,3139.0
CUS_00587,K00428              ,GF ,張   ,0.0,2022-08-11 00:00:00,1.0,3143.0
CUS_00587,XUN                 ,GF ,組   ,0.0,2022-08-15 00:00:00,1.0,3150.0
CUS_00720,MIO848              ,GF ,組   ,5000.0,2022-08-15 00:00:00,1.0,3153.0
CUS_00587,YH3702XENVY         ,GF ,組   ,0.0,2022-08-16 00:00:00,1.0,3158.0
CUS_00091,3313-T9Z2RQ2        ,GF ,組   ,3500.0,2022-08-16 00:00:00,1.0,3160.0
CUS_00169,TAD013              ,GF ,組   ,1200.0,2022-08-16 00:00:00,1.0,3160.0
CUS_00076,DWGJ2WV2V           ,GF ,組   ,700.0,2022-08-17 00:00:00,1.0,3160.0
CUS_00218,RSEND23000K         ,GF ,各   ,1000.0,2022-08-17 00:00:00,1.0,3160.0
CUS_00694,H00330              ,GF ,張   ,50.0,2023-02-28 00:00:00,2.0,3908.0
CUS_00694,H00864              ,GF ,張   ,80.0,2023-03-09 00:00:00,1.0,3944.0
CUS_00733,NB1040              ,GF ,罐   ,500.0,2023-10-27 00:00:00,1.0,4624.0
CUS_00733,ABROHUR             ,GF ,罐   ,350.0,2024-06-13 00:00:00,1.0,5300.0
CUS_00032,XFXJALTIS           ,GF ,各   ,500.0,2025-01-21 00:00:00,1.0,5855.0
CUS_00694,VJ5UTZ              ,GF ,次   ,2500.0,2025-08-21 00:00:00,1.0,6478.0
CUS_00587,H15222Q             ,GF ,各   ,0.0,2025-11-29 00:00:00,1.0,6698.0
CUS_00587,TXWEYY              ,GF ,組   ,0.0,2026-02-04 00:00:00,1.0,6887.0
CUS_00587,J00345              ,GF ,支   ,0.0,2026-02-14 00:00:00,1.0,6928.0
CUS_00555,7085YX055R          ,GF ,組   ,13500.0,2022-08-18 00:00:00,1.0,3163.0
CUS_00587,UXZ6.2TQUW          ,GF ,組   ,0.0,2022-08-18 00:00:00,1.0,3164.0
CUS_00598,NHGX                ,GF ,罐   ,110.0,2022-08-19 00:00:00,1.0,3168.0
CUS_00598,VBDXEX              ,GF ,罐   ,90.0,2022-08-19 00:00:00,1.0,3168.0
CUS_00587,M00128BL            ,GF ,張   ,0.0,2022-08-22 00:00:00,1.0,3186.0
CUS_00587,VWDVV1              ,GF ,組   ,0.0,2022-08-23 00:00:00,1.0,3196.0
CUS_00003,EY                  ,GF ,次   ,1200.0,2022-08-24 00:00:00,1.0,3196.0
CUS_00003,3D1F1               ,GF ,支   ,200.0,2022-08-24 00:00:00,1.0,3196.0
CUS_00212,GVXJ                ,GF ,組   ,400.0,2022-08-19 00:00:00,1.0,3196.0
CUS_00587,CEO104NDTY          ,GF ,組   ,0.0,2022-10-03 00:00:00,1.0,3318.0
CUS_00587,TAD030              ,GF ,條   ,0.0,2023-02-04 00:00:00,1.0,3797.0
CUS_00212,EY                  ,GF ,次   ,600.0,2022-08-19 00:00:00,1.0,3196.0
CUS_00470,DAYL60BV2           ,GF ,組   ,2000.0,2022-08-24 00:00:00,1.0,3197.0
CUS_00470,1VNY                ,GF ,各   ,100.0,2022-08-24 00:00:00,1.0,3197.0
CUS_00470,S27C-1TG1VNY        ,GF ,組   ,100.0,2022-08-24 00:00:00,1.0,3197.0
CUS_00470,G2DE                ,GF ,各   ,100.0,2022-08-24 00:00:00,1.0,3198.0
CUS_00470,AS1VNY              ,GF ,組   ,100.0,2022-08-24 00:00:00,1.0,3198.0
CUS_00257,P70GUVTRXF          ,GF ,組   ,6800.0,2022-08-26 00:00:00,1.0,3202.0
CUS_00257,TAA068              ,GF ,組   ,200.0,2022-08-26 00:00:00,1.0,3203.0
CUS_00171,7231HEXW            ,GF ,條   ,2800.0,2022-08-24 00:00:00,4.0,3207.0
CUS_00171,A094                ,GF ,條   ,500.0,2022-08-24 00:00:00,1.0,3207.0
CUS_00587,BC608100W           ,GF ,組   ,0.0,2022-08-30 00:00:00,1.0,3210.0
CUS_00370,GARMIN55GD2C        ,GF ,組   ,7490.0,2022-08-30 00:00:00,1.0,3210.0
CUS_00370,2UY24.8A            ,GF ,組   ,750.0,2022-08-30 00:00:00,1.0,3210.0
CUS_00370,N2G2YX1             ,GF ,組   ,2000.0,2022-08-30 00:00:00,1.0,3210.0
CUS_00370,SR346WFJ2DUSB       ,GF ,組   ,750.0,2022-08-30 00:00:00,1.0,3211.0
CUS_00151,32G                 ,GF ,各   ,450.0,2022-08-31 00:00:00,1.0,3211.0
CUS_00151,W15ZX5R             ,GF ,組   ,7800.0,2022-08-31 00:00:00,1.0,3211.0
CUS_00151,RSENBEMG14          ,GF ,支   ,200.0,2022-08-31 00:00:00,1.0,3211.0
CUS_00151,RSENBEMG22          ,GF ,支   ,400.0,2022-08-31 00:00:00,1.0,3211.0
CUS_00587,FN001NXJE           ,GF ,組   ,0.0,2023-08-19 00:00:00,1.0,4427.0
CUS_00733,ZEROFV1UUR          ,GF ,罐   ,400.0,2023-10-16 00:00:00,1.0,4589.0
CUS_00587,C55GTQFRR           ,GF ,罐   ,0.0,2024-06-15 00:00:00,1.0,5314.0
CUS_00587,K00295              ,GF ,張   ,0.0,2025-11-01 00:00:00,1.0,6644.0
CUS_00587,24V2V2Q             ,GF ,各   ,0.0,2025-11-04 00:00:00,10.0,6646.0
CUS_00151,VIOSTA1E2           ,GF ,組   ,600.0,2022-08-31 00:00:00,1.0,3211.0
CUS_00151,VBDVATX-2           ,GF ,罐   ,200.0,2022-08-31 00:00:00,1.0,3211.0
CUS_00151,CARDIOCA700.1A      ,GF ,組   ,12000.0,2022-08-31 00:00:00,1.0,3211.0
CUS_00151,V37GRR              ,GF ,組   ,300.0,2022-08-31 00:00:00,1.0,3211.0
CUS_00554,V37TDGUVTRXF        ,GF ,組   ,3000.0,2022-08-31 00:00:00,2.0,3211.0
CUS_00151,7652FR              ,GF ,組   ,1150.0,2022-08-31 00:00:00,1.0,3211.0
CUS_00334,AFL4PL-VC-C         ,GF ,組   ,2500.0,2022-08-31 00:00:00,1.0,3212.0
CUS_00334,AFL5050FH           ,GF ,條   ,600.0,2022-08-31 00:00:00,2.0,3212.0
CUS_00334,PNSHDF31            ,GF ,組   ,300.0,2022-08-31 00:00:00,1.0,3212.0
CUS_00334,LEDXG2W             ,GF ,組   ,1500.0,2022-08-31 00:00:00,1.0,3212.0
CUS_00334,S283WGG5V           ,GF ,組   ,100.0,2022-08-31 00:00:00,1.0,3212.0
CUS_00334,H00688              ,GF ,張   ,50.0,2022-08-31 00:00:00,2.0,3212.0
CUS_00151,2UY24.8A            ,GF ,組   ,650.0,2023-01-13 00:00:00,1.0,3698.0
CUS_00587,DH1705ZAY2          ,GF ,各   ,0.0,2022-09-02 00:00:00,1.0,3220.0
CUS_00587,V37GUVTRXFF         ,GF ,各   ,0.0,2022-09-03 00:00:00,1.0,3224.0
CUS_00572,V37TDGUVTRXF        ,GF ,組   ,3000.0,2022-09-07 00:00:00,1.0,3235.0
CUS_00683,SD2505TMU1GD        ,GF ,組   ,150.0,2022-09-07 00:00:00,1.0,3235.0
CUS_00683,V33GRR              ,GF ,組   ,300.0,2022-09-07 00:00:00,1.0,3235.0
CUS_00683,ZEROFV1UUR          ,GF ,罐   ,400.0,2022-09-07 00:00:00,1.0,3235.0
CUS_00683,PNS003              ,GF ,條   ,550.0,2022-09-07 00:00:00,1.0,3235.0
CUS_00683,NO167VG             ,GF ,各   ,150.0,2022-09-07 00:00:00,1.0,3235.0
CUS_00694,F00315B             ,GF ,張   ,40.0,2026-03-17 00:00:00,3.0,6987.0
CUS_00683,HJX028XR            ,GF ,組   ,450.0,2022-09-07 00:00:00,1.0,3235.0
CUS_00683,12EAXTA1E2          ,GF ,組   ,800.0,2022-09-07 00:00:00,1.0,3235.0
CUS_00683,PNSE016             ,GF ,組   ,250.0,2022-09-07 00:00:00,1.0,3235.0
CUS_00587,J00372B             ,GF ,張   ,0.0,2022-09-08 00:00:00,1.0,3238.0
CUS_00587,08ALTISDFV          ,GF ,各   ,0.0,2022-09-09 00:00:00,2.0,3247.0
CUS_00493,FAGEUW1.4           ,GF ,捲   ,550.0,2022-09-10 00:00:00,2.0,3248.0
CUS_00493,VBDVATX-2           ,GF ,罐   ,200.0,2022-09-10 00:00:00,1.0,3248.0
CUS_00493,TVJ1                ,GF ,條   ,50.0,2022-09-10 00:00:00,1.0,3248.0
CUS_00493,DAYL60BV2           ,GF ,組   ,2450.0,2022-09-10 00:00:00,1.0,3248.0
CUS_00334,DAYL60BV2           ,GF ,組   ,2500.0,2022-09-10 00:00:00,1.0,3248.0
CUS_00094,V37TDGUVTRXF        ,GF ,組   ,5000.0,2022-09-14 00:00:00,1.0,3256.0
CUS_00094,NXSAVRAN            ,GF ,組   ,1000.0,2022-09-14 00:00:00,1.0,3256.0
CUS_00587,1MT5XXL             ,GF ,組   ,0.0,2023-04-14 00:00:00,1.0,4054.0
CUS_00587,PS2015U15J2         ,GF ,組   ,0.0,2024-09-14 00:00:00,1.0,5524.0
CUS_00587,PNSHDF21            ,GF ,組   ,0.0,2025-12-03 00:00:00,1.0,6720.0
CUS_00094,CAR5205R            ,GF ,組   ,3000.0,2022-09-14 00:00:00,1.0,3256.0
CUS_00495,90062Q              ,GF ,各   ,300.0,2022-09-14 00:00:00,2.0,3259.0
CUS_00495,ABT563FYQD          ,GF ,組   ,200.0,2022-09-14 00:00:00,1.0,3259.0
CUS_00495,LN01Q5XN4B          ,GF ,組   ,300.0,2022-09-14 00:00:00,1.0,3259.0
CUS_00495,3MR1CM              ,GF ,卷   ,100.0,2022-09-14 00:00:00,1.0,3259.0
CUS_00495,TAA091              ,GF ,組   ,700.0,2022-09-14 00:00:00,1.0,3259.0
CUS_00495,GT0831RW1           ,GF ,組   ,600.0,2022-09-14 00:00:00,1.0,3259.0
CUS_00094,LD7GVVTRXF          ,GF ,組   ,4500.0,2022-09-14 00:00:00,1.0,3259.0
CUS_00415,2TVUAHDJE           ,GF ,組   ,2500.0,2022-09-15 00:00:00,1.0,3259.0
CUS_00415,2TXWSDXU            ,GF ,組   ,2500.0,2022-09-15 00:00:00,1.0,3259.0
CUS_00415,A094                ,GF ,條   ,500.0,2022-09-15 00:00:00,1.0,3259.0
CUS_00415,3D1F1               ,GF ,支   ,200.0,2022-09-15 00:00:00,1.0,3259.0
CUS_00352,GARMIN530VTRXF      ,GF ,組   ,3500.0,2022-10-06 00:00:00,1.0,3327.0
CUS_00376,XA                  ,GF ,kg  ,500.0,2022-09-15 00:00:00,1.0,3261.0
CUS_00304,14TIDAEZR           ,GF ,組   ,3000.0,2022-09-16 00:00:00,1.0,3263.0
CUS_00304,EY                  ,GF ,次   ,1600.0,2022-09-16 00:00:00,1.0,3263.0
CUS_00333,ZINGERCGRE          ,GF ,各   ,850.0,2022-09-16 00:00:00,1.0,3263.0
CUS_00333,16G                 ,GF ,組   ,300.0,2022-09-16 00:00:00,1.0,3265.0
CUS_00587,A881J2WV            ,GF ,各   ,0.0,2022-09-17 00:00:00,1.0,3267.0
CUS_00683,12EAXTA1E2DZ        ,GF ,組   ,1000.0,2022-09-07 00:00:00,1.0,3268.0
CUS_00356,ASQ-8068            ,GF ,條   ,2300.0,2022-09-21 00:00:00,1.0,3276.0
CUS_00356,VTTRFORTISXXQ       ,GF ,組   ,2200.0,2022-09-21 00:00:00,1.0,3276.0
CUS_00356,FORTISDFV           ,GF ,各   ,450.0,2021-12-10 00:00:00,1.0,3279.0
CUS_00356,XGRUV               ,GF ,各   ,100.0,2021-12-10 00:00:00,1.0,3279.0
CUS_00356,ZEROVRMG16          ,GF ,支   ,750.0,2021-12-10 00:00:00,1.0,3279.0
CUS_00356,ZEROVRMG24          ,GF ,支   ,1000.0,2021-12-10 00:00:00,1.0,3279.0
CUS_00356,RSENMGR             ,GF ,罐   ,150.0,2021-12-10 00:00:00,1.0,3279.0
CUS_00356,SENFINECOFURFFVR    ,GF ,罐   ,1650.0,2021-12-10 00:00:00,1.0,3279.0
CUS_00356,CARMATGTU2          ,GF ,罐   ,1000.0,2021-12-10 00:00:00,1.0,3279.0
CUS_00356,MISSIONCVT          ,GF ,罐   ,600.0,2021-12-10 00:00:00,5.0,3279.0
CUS_00587,ZV5F53HNF           ,GF ,組   ,0.0,2023-03-14 00:00:00,1.0,3971.0
CUS_00495,EY                  ,GF ,次   ,500.0,2023-06-28 00:00:00,1.0,4264.0
CUS_00333,ZEROFV1UUR          ,GF ,罐   ,400.0,2023-09-27 00:00:00,1.0,4536.0
CUS_00356,RX15W40RU           ,GF ,罐   ,600.0,2021-12-10 00:00:00,4.0,4942.0
CUS_00074,VUGQ2W              ,GF ,組   ,700.0,2024-02-17 00:00:00,1.0,4983.0
CUS_00587,R689NUCU            ,GF ,各   ,0.0,2025-06-14 00:00:00,1.0,6320.0
CUS_00600,10ALTISA1D          ,GF ,組   ,1000.0,2022-09-22 00:00:00,1.0,3283.0
CUS_00600,H16059H5R           ,GF ,組   ,6000.0,2022-09-22 00:00:00,1.0,3283.0
CUS_00654,FS580+GUVTRXF       ,GF ,組   ,8000.0,2022-09-23 00:00:00,2.0,3288.0
CUS_00654,ACC2XV              ,GF ,組   ,800.0,2022-09-23 00:00:00,1.0,3288.0
CUS_00179,COLTPOLS2+32055R    ,GF ,組   ,11000.0,2022-09-24 00:00:00,1.0,3292.0
CUS_00179,16G                 ,GF ,組   ,350.0,2022-09-24 00:00:00,1.0,3292.0
CUS_00179,2DR                 ,GF ,各   ,350.0,2022-09-24 00:00:00,1.0,3292.0
CUS_00587,13YD2FMT            ,GF ,組   ,0.0,2022-09-26 00:00:00,1.0,3300.0
CUS_00105,FS580+GUVTRXF       ,GF ,組   ,8000.0,2022-09-23 00:00:00,2.0,3302.0
CUS_00105,ACC2XV              ,GF ,組   ,800.0,2022-09-23 00:00:00,2.0,3302.0
CUS_00084,F501TAZQW           ,GF ,捲   ,400.0,2022-09-26 00:00:00,2.0,3302.0
CUS_00490,10AY23TA1E2         ,GF ,組   ,600.0,2022-09-27 00:00:00,1.0,3305.0
CUS_00490,3D5U1               ,GF ,組   ,300.0,2022-09-27 00:00:00,1.0,3305.0
CUS_00490,WUSWU5TF            ,GF ,組   ,3000.0,2022-09-27 00:00:00,1.0,3305.0
CUS_00490,OBT2FHWWVGF         ,GF ,組   ,3000.0,2022-09-27 00:00:00,1.0,3305.0
CUS_00587,LK1VTRXFJV          ,GF ,次   ,0.0,2022-09-28 00:00:00,1.0,3306.0
CUS_00587,VXTERR              ,GF ,片   ,0.0,2022-09-28 00:00:00,1.0,3308.0
CUS_00587,VLZVQ               ,GF ,支   ,0.0,2022-09-29 00:00:00,1.0,3309.0
CUS_00314,J00350CMG           ,GF ,支   ,400.0,2022-10-03 00:00:00,1.0,3320.0
CUS_00314,ZERO14VRMG          ,GF ,支   ,600.0,2022-10-03 00:00:00,1.0,3320.0
CUS_00314,ZEROVRMG26          ,GF ,支   ,1000.0,2022-10-03 00:00:00,1.0,3320.0
CUS_00314,13TIDATA1E2         ,GF ,組   ,600.0,2022-10-03 00:00:00,1.0,3320.0
CUS_00587,ZV5HNFX1JV          ,GF ,次   ,0.0,2022-10-04 00:00:00,1.0,3325.0
CUS_00683,ZV5Q3VTRXF          ,GF ,組   ,4500.0,2022-10-05 00:00:00,1.0,3326.0
CUS_00683,PNSSFIN0010F2D      ,GF ,組   ,200.0,2022-10-05 00:00:00,1.0,3326.0
CUS_00683,TVJ1                ,GF ,條   ,50.0,2022-10-05 00:00:00,1.0,3326.0
CUS_00683,F501TAZQW           ,GF ,捲   ,500.0,2022-10-05 00:00:00,1.0,3326.0
CUS_00683,DL1208X1            ,GF ,組   ,1300.0,2022-10-05 00:00:00,1.0,3326.0
CUS_00683,ABTE075             ,GF ,組   ,1200.0,2022-10-05 00:00:00,1.0,3326.0
CUS_00091,TNT275D2R           ,GF ,組   ,7000.0,2022-10-05 00:00:00,1.0,3326.0
CUS_00683,18EAXCGRY2EUCGR     ,GF ,組   ,3000.0,2022-10-05 00:00:00,1.0,3326.0
CUS_00587,RSENT105R22U        ,GF ,卡   ,0.0,2024-05-11 00:00:00,1.0,5198.0
CUS_00587,RSENA1FTU11A5W      ,GF ,組   ,0.0,2025-02-04 00:00:00,1.0,5877.0
CUS_00587,VBDQEE5CX           ,GF ,罐   ,0.0,2025-03-29 00:00:00,1.0,5972.0
CUS_00587,MIO65R              ,GF ,各   ,0.0,2025-04-18 00:00:00,1.0,6074.0
CUS_00587,NO16375TGGD         ,GF ,組   ,0.0,2025-10-29 00:00:00,1.0,6623.0
CUS_00091,ID6.5HW5X1          ,GF ,組   ,3500.0,2022-10-05 00:00:00,2.0,3326.0
CUS_00558,ZEROVRMG16          ,GF ,支   ,800.0,2022-10-08 00:00:00,1.0,3335.0
CUS_00558,ZEROVRMG24          ,GF ,支   ,1000.0,2022-10-08 00:00:00,1.0,3335.0
CUS_00558,LC3.1USB2U1         ,GF ,組   ,400.0,2022-10-08 00:00:00,1.0,3335.0
CUS_00558,J00353CMG           ,GF ,支   ,400.0,2022-10-08 00:00:00,1.0,3335.0
CUS_00587,110512V1UF          ,GF ,組   ,0.0,2022-10-08 00:00:00,1.0,3339.0
CUS_00350,RSEN4.352           ,GF ,組   ,2500.0,2022-10-11 00:00:00,1.0,3348.0
CUS_00350,2TVUJE              ,GF ,組   ,2500.0,2022-10-11 00:00:00,1.0,3348.0
CUS_00587,1MVXTT5             ,GF ,組   ,0.0,2022-10-12 00:00:00,1.0,3349.0
CUS_00587,PNSE012             ,GF ,組   ,0.0,2022-10-11 00:00:00,1.0,3350.0
CUS_00683,KMWTV               ,GF ,各   ,500.0,2022-11-22 00:00:00,1.0,3516.0
CUS_00350,2UW                 ,GF ,組   ,500.0,2022-10-11 00:00:00,1.0,3348.0
CUS_00350,GN152EF             ,GF ,組   ,150.0,2022-10-11 00:00:00,1.0,3348.0
CUS_00350,15ZINGER            ,GF ,組   ,500.0,2022-10-11 00:00:00,1.0,3348.0
CUS_00618,16G                 ,GF ,組   ,300.0,2022-10-12 00:00:00,2.0,3353.0
CUS_00630,CARDIOCA700.1A      ,GF ,組   ,11500.0,2022-10-14 00:00:00,1.0,3361.0
CUS_00009,VBDAMMGR            ,GF ,罐   ,300.0,2022-10-14 00:00:00,1.0,3361.0
CUS_00009,VBDC1MGR2000ML      ,GF ,罐   ,300.0,2022-10-14 00:00:00,1.0,3361.0
CUS_00572,V15XCRVTRXF         ,GF ,組   ,3000.0,2022-10-14 00:00:00,1.0,3361.0
CUS_00587,QXA-22CG4L          ,GF ,組   ,0.0,2022-10-17 00:00:00,1.0,3365.0
CUS_00587,QXA-CGRDFL          ,GF ,次   ,0.0,2022-10-17 00:00:00,1.0,3366.0
CUS_00587,PS2572DSFT5UX       ,GF ,組   ,0.0,2022-10-17 00:00:00,1.0,3372.0
CUS_00587,FORTIS5MW2          ,GF ,組   ,0.0,2022-10-18 00:00:00,1.0,3377.0
CUS_00379,90052Q              ,GF ,各   ,500.0,2022-10-18 00:00:00,1.0,3377.0
CUS_00379,RSENUG24HMG         ,GF ,支   ,300.0,2022-10-18 00:00:00,1.0,3377.0
CUS_00379,POSEN18H            ,GF ,組   ,400.0,2022-10-18 00:00:00,0.5,3377.0
CUS_00379,A094                ,GF ,條   ,500.0,2022-10-18 00:00:00,1.0,3377.0
CUS_00379,J00342              ,GF ,支   ,500.0,2022-10-18 00:00:00,1.0,3377.0
CUS_00587,2QFW                ,GF ,各   ,0.0,2024-05-17 00:00:00,2.0,5211.0
CUS_00009,ZEROVRMG16          ,GF ,支   ,800.0,2024-05-18 00:00:00,1.0,5219.0
CUS_00009,ZEROVRMG26          ,GF ,支   ,1000.0,2024-05-18 00:00:00,1.0,5219.0
CUS_00009,ZJTUA               ,GF ,罐   ,300.0,2024-05-18 00:00:00,1.0,5219.0
CUS_00587,PC6233RVWUR         ,GF ,組   ,0.0,2025-09-08 00:00:00,1.0,6502.0
CUS_00587,PD1066500W1UF       ,GF ,組   ,0.0,2025-11-11 00:00:00,1.0,6654.0
CUS_00587,VBDCCTXF            ,GF ,支   ,0.0,2025-12-01 00:00:00,1.0,6709.0
CUS_00587,VBDXWG              ,GF ,各   ,0.0,2026-02-11 00:00:00,1.0,6901.0
CUS_00231,1MY2C               ,GF ,組   ,550.0,2022-10-19 00:00:00,1.0,3378.0
CUS_00587,04UEFMT             ,GF ,組   ,0.0,2022-10-20 00:00:00,1.0,3383.0
CUS_00587,04UETA1E2           ,GF ,組   ,0.0,2022-10-20 00:00:00,1.0,3384.0
CUS_00587,SL221WV             ,GF ,組   ,0.0,2022-10-21 00:00:00,1.0,3385.0
CUS_00533,RSENHID5RF          ,GF ,各   ,500.0,2022-10-26 00:00:00,1.0,3407.0
CUS_00580,ERJGNIDN            ,GF ,組   ,6500.0,2022-10-27 00:00:00,1.0,3415.0
CUS_00706,PNSCT001CTTWTX      ,GF ,組   ,400.0,2022-10-27 00:00:00,1.0,3416.0
CUS_00587,08ALTIS5MW2         ,GF ,組   ,0.0,2023-01-18 00:00:00,1.0,3729.0
CUS_00533,RSEND44300K         ,GF ,各   ,1200.0,2023-02-17 00:00:00,1.0,3853.0
CUS_00587,07LIVINAFMT         ,GF ,組   ,0.0,2022-10-27 00:00:00,1.0,3421.0
CUS_00514,OBLRUR              ,GF ,罐   ,500.0,2022-10-28 00:00:00,1.0,3421.0
CUS_00514,PNSSCUP04           ,GF ,組   ,500.0,2022-10-28 00:00:00,1.0,3421.0
CUS_00514,XB572ZR2V           ,GF ,組   ,1200.0,2022-10-28 00:00:00,1.0,3421.0
CUS_00514,R1S2X               ,GF ,組   ,1200.0,2022-10-28 00:00:00,1.0,3421.0
CUS_00587,0803LEDGS2          ,GF ,組   ,0.0,2022-10-28 00:00:00,1.0,3423.0
CUS_00720,ZEROVRMG28          ,GF ,支   ,1100.0,2022-10-31 00:00:00,2.0,3435.0
CUS_00587,PNSSC001            ,GF ,組   ,0.0,2022-11-01 00:00:00,1.0,3437.0
CUS_00733,96R2FMT             ,GF ,組   ,700.0,2022-11-01 00:00:00,1.0,3437.0
CUS_00066,MISSIONCVT          ,GF ,罐   ,600.0,2022-11-01 00:00:00,4.0,3437.0
CUS_00066,J00350CMG           ,GF ,支   ,450.0,2022-11-01 00:00:00,1.0,3437.0
CUS_00066,ZJTUA               ,GF ,罐   ,200.0,2022-11-01 00:00:00,1.0,3437.0
CUS_00066,PNSHDF26            ,GF ,組   ,350.0,2022-11-01 00:00:00,1.0,3437.0
CUS_00066,DRG15FCTFC          ,GF ,組   ,1400.0,2022-11-01 00:00:00,1.0,3437.0
CUS_00066,SAXOQUYFRR          ,GF ,罐   ,450.0,2022-11-01 00:00:00,1.0,3437.0
CUS_00587,FN002TUVEYY         ,GF ,組   ,0.0,2022-11-01 00:00:00,1.0,3439.0
CUS_00469,TYPER90062Q         ,GF ,組   ,1000.0,2022-11-02 00:00:00,1.0,3440.0
CUS_00404,V1                  ,GF ,組   ,1000.0,2022-11-02 00:00:00,1.0,3440.0
CUS_00066,12FVRU5XR           ,GF ,罐   ,550.0,2023-03-11 00:00:00,1.0,3953.0
CUS_00733,POSEN18H            ,GF ,組   ,500.0,2023-10-27 00:00:00,0.5,4624.0
CUS_00733,POSEN20H            ,GF ,組   ,600.0,2023-10-27 00:00:00,0.5,4624.0
CUS_00587,RTV6000AP           ,GF ,組   ,0.0,2024-04-22 00:00:00,1.0,5157.0
CUS_00587,TYPERH7T1E          ,GF ,組   ,0.0,2024-08-24 00:00:00,1.0,5489.0
CUS_00533,RSEN02F             ,GF ,各   ,1000.0,2024-12-03 00:00:00,1.0,5680.0
CUS_00587,JK40S27             ,GF ,組   ,0.0,2025-01-21 00:00:00,1.0,5856.0
CUS_00587,10WISH5MW2          ,GF ,組   ,0.0,2025-05-02 00:00:00,1.0,6138.0
CUS_00587,R5VG                ,GF ,組   ,0.0,2025-06-11 00:00:00,1.0,6305.0
CUS_00404,EY                  ,GF ,次   ,1000.0,2022-11-02 00:00:00,1.0,3440.0
CUS_00404,AV5F2               ,GF ,組   ,500.0,2022-11-02 00:00:00,1.0,3440.0
CUS_00404,IDRH6K              ,GF ,組   ,4000.0,2022-11-02 00:00:00,1.0,3440.0
CUS_00404,ID12H52U            ,GF ,組   ,6500.0,2022-11-02 00:00:00,1.0,3440.0
CUS_00469,RSEN90062TY         ,GF ,組   ,500.0,2022-11-02 00:00:00,1.0,3440.0
CUS_00587,RSENX1              ,GF ,組   ,0.0,2022-10-12 00:00:00,1.0,3444.0
CUS_00706,VUFMT               ,GF ,組   ,600.0,2022-11-03 00:00:00,1.0,3447.0
CUS_00404,A88EUX1             ,GF ,組   ,3000.0,2022-11-02 00:00:00,1.0,3447.0
CUS_00587,3151-61Y2           ,GF ,各   ,0.0,2022-11-03 00:00:00,2.0,3448.0
CUS_00588,VTRXFV              ,GF ,組   ,300.0,2022-11-04 00:00:00,1.0,3453.0
CUS_00630,BLD6389VIOS1C4+64   ,GF ,組   ,15000.0,2022-11-04 00:00:00,1.0,3455.0
CUS_00630,2TVUAHDVTA          ,GF ,組   ,2000.0,2022-11-04 00:00:00,1.0,3455.0
CUS_00630,ZERO14VRMG          ,GF ,支   ,600.0,2022-11-04 00:00:00,1.0,3455.0
CUS_00630,ZEROVRMG24          ,GF ,支   ,900.0,2022-11-04 00:00:00,1.0,3455.0
CUS_00587,VA7879CMG11H        ,GF ,支   ,0.0,2022-11-04 00:00:00,1.0,3456.0
CUS_00587,H00786              ,GF ,張   ,0.0,2022-11-04 00:00:00,1.0,3458.0
CUS_00731,ID300K5252U         ,GF ,組   ,6500.0,2022-11-05 00:00:00,1.0,3459.0
CUS_00731,V1                  ,GF ,組   ,1000.0,2022-11-05 00:00:00,1.0,3459.0
CUS_00731,AV5F2               ,GF ,組   ,500.0,2022-11-05 00:00:00,1.0,3459.0
CUS_00733,32G                 ,GF ,各   ,500.0,2022-11-08 00:00:00,1.0,3468.0
CUS_00478,ZEROFV1UUR          ,GF ,罐   ,400.0,2022-11-08 00:00:00,2.0,3469.0
CUS_00478,SENFINECOCUFFVR     ,GF ,罐   ,1000.0,2022-11-08 00:00:00,1.0,3469.0
CUS_00478,02EAXDFV            ,GF ,各   ,500.0,2022-11-08 00:00:00,1.0,3469.0
CUS_00731,ID1.52B             ,GF ,各   ,3000.0,2022-11-05 00:00:00,1.0,3469.0
CUS_00731,3DWMZGHJL           ,GF ,各   ,500.0,2022-11-05 00:00:00,1.0,3469.0
CUS_00731,52UDTY              ,GF ,組   ,1200.0,2022-11-05 00:00:00,1.0,3469.0
CUS_00587,5QXV2CU             ,GF ,各   ,0.0,2022-11-09 00:00:00,2.0,3470.0
CUS_00555,5REV                ,GF ,次   ,800.0,2022-11-09 00:00:00,1.0,3471.0
CUS_00731,T202VCQ             ,GF ,各   ,200.0,2022-11-05 00:00:00,1.0,3471.0
CUS_00587,AY25FMT             ,GF ,組   ,0.0,2023-04-25 00:00:00,1.0,4089.0
CUS_00694,FTCGRZEQ            ,GF ,組   ,250.0,2023-07-31 00:00:00,3.0,4348.0
CUS_00587,2N5U                ,GF ,組   ,0.0,2024-05-23 00:00:00,1.0,5229.0
CUS_00587,DR0AZVQW3.5L        ,GF ,條   ,0.0,2025-03-03 00:00:00,1.0,5922.0
CUS_00587,CWTGXCMR            ,GF ,罐   ,0.0,2025-05-22 00:00:00,1.0,6231.0
CUS_00587,15FOCUS5MMG         ,GF ,組   ,0.0,2025-07-08 00:00:00,1.0,6367.0
CUS_00704,KY8210XYJ2          ,GF ,組   ,560.0,2022-11-10 00:00:00,1.0,3472.0
CUS_00600,ERQ602Q             ,GF ,各   ,1750.0,2022-11-10 00:00:00,2.0,3473.0
CUS_00058,2387-DWEAXGTYT      ,GF ,組   ,3000.0,2022-11-10 00:00:00,1.0,3474.0
CUS_00058,VBDQEE5CX           ,GF ,罐   ,500.0,2022-11-10 00:00:00,1.0,3474.0
CUS_00587,06TIDACEDE          ,GF ,組   ,0.0,2022-11-10 00:00:00,1.0,3475.0
CUS_00587,H00679              ,GF ,張   ,0.0,2022-11-11 00:00:00,1.0,3480.0
CUS_00513,2022OUTLANDERNTUW   ,GF ,組   ,7000.0,2022-11-12 00:00:00,1.0,3486.0
CUS_00513,AH62CCZVQ           ,GF ,條   ,700.0,2022-11-12 00:00:00,1.0,3486.0
CUS_00587,SMD60LED            ,GF ,各   ,0.0,2022-11-12 00:00:00,2.0,3488.0
CUS_00587,X2VTRXF             ,GF ,組   ,0.0,2022-11-14 00:00:00,1.0,3489.0
CUS_00490,10AY23DFV           ,GF ,各   ,450.0,2022-11-16 00:00:00,1.0,3491.0
CUS_00490,SAXO1040            ,GF ,罐   ,400.0,2022-11-16 00:00:00,4.0,3492.0
CUS_00490,10AY23FXXQ          ,GF ,組   ,2500.0,2022-11-16 00:00:00,1.0,3491.0
CUS_00490,T202V2Q             ,GF ,各   ,200.0,2022-11-16 00:00:00,1.0,3491.0
CUS_00490,H11OSARM2Q          ,GF ,各   ,400.0,2022-11-16 00:00:00,1.0,3491.0
CUS_00490,FCOUSUV             ,GF ,各   ,250.0,2022-11-16 00:00:00,1.0,3491.0
CUS_00511,2TVUJE              ,GF ,組   ,2500.0,2022-11-16 00:00:00,1.0,3492.0
CUS_00587,K00371              ,GF ,張   ,0.0,2022-11-16 00:00:00,1.0,3493.0
CUS_00587,H00330              ,GF ,張   ,0.0,2022-11-16 00:00:00,1.0,3494.0
CUS_00587,2XRXQ               ,GF ,各   ,0.0,2022-11-17 00:00:00,1.0,3499.0
CUS_00311,14CRV8C4+64055R     ,GF ,組   ,15500.0,2022-11-17 00:00:00,1.0,3502.0
CUS_00311,055MVTRXF           ,GF ,組   ,7500.0,2022-11-17 00:00:00,1.0,3502.0
CUS_00311,05CAMW.6            ,GF ,各   ,1500.0,2022-11-17 00:00:00,1.0,3502.0
CUS_00587,H00861              ,GF ,張   ,0.0,2022-11-18 00:00:00,1.0,3509.0
CUS_00158,SENFINECOFURFFVR    ,GF ,罐   ,1800.0,2022-11-18 00:00:00,1.0,3509.0
CUS_00472,ZERORURAMN          ,GF ,罐   ,850.0,2022-11-18 00:00:00,1.0,3509.0
CUS_00472,ELANTRDFV           ,GF ,各   ,450.0,2022-11-18 00:00:00,1.0,3509.0
CUS_00587,H00372              ,GF ,張   ,0.0,2025-02-18 00:00:00,1.0,5905.0
CUS_00587,K00374              ,GF ,張   ,0.0,2025-03-10 00:00:00,1.0,5938.0
CUS_00472,NXUR                ,GF ,各   ,150.0,2025-06-02 00:00:00,1.0,6271.0
CUS_00472,SAXOQUYFRR          ,GF ,罐   ,400.0,2025-06-02 00:00:00,1.0,6271.0
CUS_00587,K00173              ,GF ,張   ,0.0,2025-06-11 00:00:00,1.0,6303.0
CUS_00587,E00729              ,GF ,張   ,0.0,2025-08-18 00:00:00,1.0,6468.0
CUS_00472,NB1040              ,GF ,罐   ,600.0,2026-01-02 00:00:00,5.0,6796.0
CUS_00472,16322T              ,GF ,各   ,150.0,2026-01-02 00:00:00,4.0,6796.0
CUS_00587,SF0029              ,GF ,組   ,0.0,2026-01-28 00:00:00,2.0,6861.0
CUS_00587,LVFE                ,GF ,支   ,0.0,2022-11-22 00:00:00,4.0,3516.0
CUS_00683,W15ZX5R             ,GF ,組   ,8500.0,2022-11-22 00:00:00,1.0,3516.0
CUS_00683,307DTV              ,GF ,組   ,400.0,2022-11-22 00:00:00,1.0,3516.0
CUS_00498,AH59ZVQW            ,GF ,條   ,750.0,2022-11-24 00:00:00,1.0,3518.0
CUS_00498,AFL283578           ,GF ,組   ,700.0,2022-11-24 00:00:00,1.0,3518.0
CUS_00498,NOIDNRMG16          ,GF ,支   ,250.0,2022-11-24 00:00:00,1.0,3518.0
CUS_00498,NOIDNRMG24          ,GF ,支   ,400.0,2022-11-24 00:00:00,1.0,3518.0
CUS_00498,05AY23GV            ,GF ,組   ,1000.0,2022-11-24 00:00:00,1.0,3518.0
CUS_00498,05AY2FMT            ,GF ,組   ,700.0,2022-11-24 00:00:00,1.0,3518.0
CUS_00498,C55AWFTR            ,GF ,組   ,300.0,2022-11-24 00:00:00,1.0,3518.0
CUS_00498,VBDQEYB1UR          ,GF ,罐   ,300.0,2022-11-24 00:00:00,1.0,3518.0
CUS_00587,LC3.1USB2U1         ,GF ,組   ,0.0,2022-12-07 00:00:00,1.0,3576.0
CUS_00587,ABT4015JC           ,GF ,組   ,0.0,2022-11-25 00:00:00,1.0,3528.0
CUS_00587,TAE007VTF           ,GF ,組   ,0.0,2022-10-08 00:00:00,1.0,3530.0
CUS_00158,3MCUFFVR            ,GF ,罐   ,2000.0,2022-11-25 00:00:00,1.0,3530.0
CUS_00193,Z1GUVTRXF           ,GF ,組   ,6500.0,2022-11-26 00:00:00,1.0,3535.0
CUS_00193,KMWTV               ,GF ,各   ,300.0,2022-11-26 00:00:00,1.0,3535.0
CUS_00193,A094                ,GF ,條   ,500.0,2022-11-26 00:00:00,1.0,3535.0
CUS_00193,V37TDGUVTRXF        ,GF ,組   ,4500.0,2022-11-26 00:00:00,1.0,3536.0
CUS_00498,05AYW3F1E           ,GF ,組   ,1000.0,2022-11-26 00:00:00,1.0,3536.0
CUS_00498,T20GV2Q             ,GF ,各   ,100.0,2022-11-26 00:00:00,1.0,3536.0
CUS_00498,10AY23TA1E2         ,GF ,組   ,800.0,2022-11-26 00:00:00,1.0,3536.0
CUS_00498,LY903               ,GF ,組   ,40.0,2022-11-26 00:00:00,1.0,3536.0
CUS_00587,01XGTA1E2           ,GF ,組   ,0.0,2022-11-26 00:00:00,1.0,3539.0
CUS_00193,HY655               ,GF ,組   ,1100.0,2022-11-26 00:00:00,1.0,3539.0
CUS_00193,06EAXTA1E2          ,GF ,組   ,600.0,2022-11-26 00:00:00,1.0,3539.0
CUS_00193,WF55D23L2Q          ,GF ,各   ,2500.0,2022-11-26 00:00:00,1.0,3539.0
CUS_00193,EVEW2               ,GF ,組   ,500.0,2022-11-26 00:00:00,1.0,3539.0
CUS_00193,VBDVATX-2           ,GF ,罐   ,100.0,2022-11-26 00:00:00,1.0,3539.0
CUS_00193,F00456              ,GF ,張   ,40.0,2022-11-26 00:00:00,1.0,3539.0
CUS_00587,2013RAV4FMT         ,GF ,組   ,0.0,2022-11-28 00:00:00,1.0,3540.0
CUS_00558,ZXDCVN              ,GF ,各   ,450.0,2023-09-08 00:00:00,4.0,4492.0
CUS_00587,ABT563FYQD          ,GF ,組   ,0.0,2023-09-09 00:00:00,1.0,4496.0
CUS_00587,VUFMT               ,GF ,組   ,0.0,2024-10-17 00:00:00,1.0,5575.0
CUS_00091,EY                  ,GF ,次   ,600.0,2025-09-04 00:00:00,1.0,6489.0
CUS_00587,RT2Q7B              ,GF ,各   ,0.0,2025-12-02 00:00:00,1.0,6711.0
CUS_00425,BCG-2057CXXQ        ,GF ,組   ,3000.0,2022-11-28 00:00:00,1.0,3542.0
CUS_00425,BCG-2057FXXQ        ,GF ,組   ,1500.0,2022-11-28 00:00:00,1.0,3542.0
CUS_00587,02EAXCVN            ,GF ,組   ,0.0,2022-12-03 00:00:00,1.0,3553.0
CUS_00587,IN39LED             ,GF ,組   ,0.0,2022-12-05 00:00:00,2.0,3559.0
CUS_00206,2012WISH2+32055R    ,GF ,組   ,11500.0,2022-12-05 00:00:00,1.0,3559.0
CUS_00587,FTZEW5              ,GF ,張   ,0.0,2022-12-05 00:00:00,2.0,3564.0
CUS_00086,PNSHDF19            ,GF ,組   ,400.0,2022-12-06 00:00:00,1.0,3564.0
CUS_00086,307DTV              ,GF ,組   ,400.0,2022-12-06 00:00:00,1.0,3564.0
CUS_00587,COLTPLUSFMT         ,GF ,組   ,0.0,2022-12-06 00:00:00,1.0,3565.0
CUS_00498,WF55D23L2Q          ,GF ,各   ,2500.0,2022-12-06 00:00:00,1.0,3566.0
CUS_00498,VBDVATX-2           ,GF ,罐   ,200.0,2022-12-06 00:00:00,1.0,3566.0
CUS_00587,OBROFUR             ,GF ,罐   ,0.0,2022-12-22 00:00:00,1.0,3636.0
CUS_00587,GARMIN2MV           ,GF ,條   ,0.0,2023-01-29 00:00:00,1.0,3765.0
CUS_00498,ZXR                 ,GF ,罐   ,150.0,2022-12-06 00:00:00,1.0,3566.0
CUS_00495,ID6.5KZUX1          ,GF ,組   ,5500.0,2022-12-06 00:00:00,1.0,3566.0
CUS_00495,6H2EF               ,GF ,組   ,500.0,2022-12-06 00:00:00,1.0,3566.0
CUS_00587,2001BMWE46ERR       ,GF ,組   ,0.0,2022-12-06 00:00:00,1.0,3567.0
CUS_00495,3DWMZGHJL           ,GF ,各   ,800.0,2022-12-06 00:00:00,1.0,3567.0
CUS_00495,BNE-7087EB5         ,GF ,片   ,1500.0,2022-12-06 00:00:00,1.0,3567.0
CUS_00214,RSEN02F             ,GF ,各   ,3000.0,2022-12-07 00:00:00,1.0,3575.0
CUS_00214,RSENHID5RF          ,GF ,各   ,500.0,2022-12-07 00:00:00,1.0,3575.0
CUS_00214,NOIDNRMG24          ,GF ,支   ,400.0,2022-12-07 00:00:00,1.0,3575.0
CUS_00214,RSEND24300K         ,GF ,各   ,1500.0,2022-12-07 00:00:00,1.0,3575.0
CUS_00214,NOIDNRMG18          ,GF ,支   ,300.0,2022-12-07 00:00:00,1.0,3575.0
CUS_00442,MISSIONCVT          ,GF ,罐   ,600.0,2022-12-08 00:00:00,4.0,3578.0
CUS_00442,02EAXCVN            ,GF ,組   ,450.0,2022-12-08 00:00:00,1.0,3578.0
CUS_00442,NOIDNRMG18          ,GF ,支   ,300.0,2022-12-08 00:00:00,1.0,3578.0
CUS_00442,NOIDNRMG26          ,GF ,支   ,350.0,2022-12-08 00:00:00,1.0,3578.0
CUS_00442,SAXOQUYFRR          ,GF ,罐   ,150.0,2022-12-08 00:00:00,1.0,3578.0
CUS_00442,02EAXDFV            ,GF ,各   ,400.0,2022-12-08 00:00:00,1.0,3578.0
CUS_00718,VBDSAA1X            ,GF ,罐   ,500.0,2022-12-08 00:00:00,1.0,3582.0
CUS_00718,RSEN2W              ,GF ,組   ,300.0,2022-12-08 00:00:00,1.0,3582.0
CUS_00442,SAXO1040            ,GF ,罐   ,450.0,2024-12-27 00:00:00,4.0,5769.0
CUS_00442,ZWUV                ,GF ,各   ,100.0,2024-12-27 00:00:00,1.0,5769.0
CUS_00675,2TVUJE              ,GF ,組   ,3000.0,2022-12-09 00:00:00,1.0,3585.0
CUS_00555,X2VTRXF             ,GF ,組   ,2500.0,2022-12-11 00:00:00,1.0,3585.0
CUS_00321,15EAX4+32DVD5R      ,GF ,組   ,15500.0,2022-12-10 00:00:00,1.0,3592.0
CUS_00321,055MVTRXF           ,GF ,組   ,6500.0,2022-12-10 00:00:00,1.0,3592.0
CUS_00076,Z1GUVTRXF           ,GF ,組   ,5000.0,2022-12-12 00:00:00,1.0,3594.0
CUS_00090,IN312835GS2         ,GF ,組   ,400.0,2022-12-14 00:00:00,1.0,3598.0
CUS_00090,RSEN56ZVQW          ,GF ,條   ,600.0,2022-12-14 00:00:00,1.0,3598.0
CUS_00090,RSENS2569ZGG2V5RCQ  ,GF ,組   ,1000.0,2022-12-14 00:00:00,1.0,3599.0
CUS_00090,RSENS25692V5R1      ,GF ,組   ,1000.0,2022-12-14 00:00:00,1.0,3599.0
CUS_00682,KY228MUX1           ,GF ,組   ,800.0,2022-12-14 00:00:00,1.0,3599.0
CUS_00076,P1010HVTRXF         ,GF ,組   ,6000.0,2023-02-16 00:00:00,1.0,3844.0
CUS_00650,ABTE021             ,GF ,組   ,2000.0,2022-12-14 00:00:00,1.0,3599.0
CUS_00074,GARMIN530VTRXF      ,GF ,組   ,3500.0,2022-12-14 00:00:00,1.0,3604.0
CUS_00037,2TVUSD              ,GF ,組   ,3000.0,2022-12-14 00:00:00,1.0,3605.0
CUS_00037,IX35TA1E2           ,GF ,組   ,800.0,2022-12-14 00:00:00,1.0,3605.0
CUS_00587,VTRXFV2DE           ,GF ,條   ,0.0,2022-12-15 00:00:00,1.0,3609.0
CUS_00587,95VR1TA1E2          ,GF ,組   ,0.0,2022-12-15 00:00:00,1.0,3610.0
CUS_00184,WF602Q              ,GF ,各   ,2100.0,2022-12-15 00:00:00,1.0,3610.0
CUS_00355,16162T              ,GF ,各   ,100.0,2022-12-16 00:00:00,1.0,3615.0
CUS_00587,2018KICKSNQFMT      ,GF ,組   ,0.0,2022-12-19 00:00:00,1.0,3626.0
CUS_00722,ZV5F53HNF           ,GF ,組   ,6500.0,2022-12-09 00:00:00,1.0,3632.0
CUS_00587,O00149              ,GF ,組   ,0.0,2022-12-21 00:00:00,1.0,3633.0
CUS_00561,02XGXFXJ            ,GF ,各   ,450.0,2022-12-22 00:00:00,1.0,3636.0
CUS_00587,2V2Q                ,GF ,各   ,0.0,2026-04-06 00:00:00,1.0,7027.0
CUS_00587,CAR5205R            ,GF ,組   ,0.0,2022-12-22 00:00:00,1.0,3640.0
CUS_00196,ES122VG             ,GF ,組   ,250.0,2022-12-23 00:00:00,1.0,3641.0
CUS_00196,TC6683CXDTY         ,GF ,組   ,300.0,2022-12-23 00:00:00,1.0,3641.0
CUS_00196,AH59ZVQW            ,GF ,條   ,750.0,2022-12-23 00:00:00,1.0,3641.0
CUS_00587,H7EA2T2TY           ,GF ,組   ,0.0,2023-12-08 00:00:00,1.0,4765.0
CUS_00355,ZINGERDFV           ,GF ,各   ,400.0,2023-12-18 00:00:00,1.0,4788.0
CUS_00587,H00789              ,GF ,張   ,0.0,2023-12-27 00:00:00,1.0,4819.0
CUS_00561,ZEROFV1UUR          ,GF ,罐   ,350.0,2024-02-02 00:00:00,1.0,4931.0
CUS_00587,TAA053              ,GF ,各   ,0.0,2024-09-12 00:00:00,2.0,5517.0
CUS_00587,GYQ2W               ,GF ,各   ,0.0,2025-01-13 00:00:00,1.0,5825.0
CUS_00587,PNSS182USB          ,GF ,組   ,0.0,2025-08-08 00:00:00,1.0,6439.0
CUS_00587,SENFINECOGV5XR      ,GF ,罐   ,0.0,2026-01-19 00:00:00,1.0,6840.0
CUS_00196,T20GV2Q             ,GF ,各   ,200.0,2022-12-23 00:00:00,1.0,3641.0
CUS_00196,MIOC316VTRXF        ,GF ,組   ,3000.0,2022-12-23 00:00:00,1.0,3642.0
CUS_00196,TC6683NDTY          ,GF ,組   ,300.0,2022-12-23 00:00:00,1.0,3642.0
CUS_00196,M1YFS1G             ,GF ,組   ,1000.0,2022-12-23 00:00:00,1.0,3643.0
CUS_00244,RSEN02FCANBUS       ,GF ,各   ,2000.0,2022-12-26 00:00:00,2.0,3646.0
CUS_00244,RSENH76000K         ,GF ,各   ,1000.0,2022-12-26 00:00:00,1.0,3646.0
CUS_00035,055MVTRXF           ,GF ,組   ,6000.0,2022-12-26 00:00:00,1.0,3646.0
CUS_00035,TIDA8C4+64          ,GF ,組   ,13400.0,2022-12-26 00:00:00,1.0,3646.0
CUS_00284,2TVUJE              ,GF ,組   ,2500.0,2022-12-26 00:00:00,1.0,3646.0
CUS_00140,X2VTRXF             ,GF ,組   ,2600.0,2022-12-27 00:00:00,1.0,3652.0
CUS_00272,2013FCOUS055R       ,GF ,組   ,18500.0,2023-01-12 00:00:00,1.0,3691.0
CUS_00272,2TXWSDXU            ,GF ,組   ,3000.0,2022-12-24 00:00:00,1.0,3691.0
CUS_00272,2TVUSD              ,GF ,組   ,3000.0,2022-12-24 00:00:00,1.0,3691.0
CUS_00272,2013FCOUSMG         ,GF ,組   ,1000.0,2022-12-24 00:00:00,1.0,3691.0
CUS_00704,05WISHNQFMT         ,GF ,組   ,1100.0,2022-12-28 00:00:00,1.0,3654.0
CUS_00722,055R                ,GF ,次   ,800.0,2022-12-28 00:00:00,1.0,3654.0
CUS_00587,RRVFMT              ,GF ,組   ,0.0,2022-12-28 00:00:00,1.0,3656.0
CUS_00694,CLA250RFABSYT       ,GF ,組   ,7500.0,2022-12-29 00:00:00,1.0,3660.0
CUS_00254,ABROQGUR            ,GF ,罐   ,400.0,2022-12-30 00:00:00,1.0,3660.0
CUS_00254,WUSWU5TF            ,GF ,組   ,3000.0,2022-12-30 00:00:00,1.0,3660.0
CUS_00587,TIERRAMG1           ,GF ,支   ,0.0,2022-12-30 00:00:00,1.0,3661.0
CUS_00196,TYPERH4CR           ,GF ,組   ,1000.0,2022-12-31 00:00:00,1.0,3665.0
CUS_00196,V3910BGWFZ2         ,GF ,各   ,300.0,2022-12-31 00:00:00,1.0,3665.0
CUS_00561,12FVRU5XR           ,GF ,罐   ,400.0,2026-04-11 00:00:00,1.0,7039.0
CUS_00196,V33GRR              ,GF ,組   ,300.0,2022-12-31 00:00:00,1.0,3665.0
CUS_00238,ABTE040             ,GF ,組   ,1200.0,2022-12-31 00:00:00,1.0,3665.0
CUS_00238,MP35C1NS13          ,GF ,組   ,1200.0,2022-12-31 00:00:00,1.0,3665.0
CUS_00238,V37GRR              ,GF ,組   ,350.0,2022-12-31 00:00:00,1.0,3665.0
CUS_00238,HY-555GGNTW         ,GF ,組   ,1250.0,2022-12-31 00:00:00,1.0,3665.0
CUS_00022,2TVUJE              ,GF ,組   ,3000.0,2022-12-31 00:00:00,1.0,3665.0
CUS_00022,16G                 ,GF ,組   ,300.0,2022-12-31 00:00:00,1.0,3665.0
CUS_00587,F00456              ,GF ,張   ,0.0,2023-01-03 00:00:00,1.0,3666.0
CUS_00231,OBT2FHWWVGF         ,GF ,組   ,3000.0,2022-12-06 00:00:00,1.0,3667.0
CUS_00022,ZINGER054+64        ,GF ,組   ,15000.0,2023-01-04 00:00:00,1.0,3670.0
CUS_00254,08ALTISDFV          ,GF ,各   ,400.0,2025-02-07 00:00:00,1.0,5887.0
CUS_00254,12FVRU5XR           ,GF ,罐   ,550.0,2025-02-07 00:00:00,1.0,5887.0
CUS_00694,CLA250YQU           ,GF ,次   ,20000.0,2025-12-25 00:00:00,1.0,6780.0
CUS_00022,USBUVGTF            ,GF ,組   ,500.0,2023-01-04 00:00:00,1.0,3670.0
CUS_00733,F1W84+64055R        ,GF ,組   ,16500.0,2023-01-05 00:00:00,1.0,3670.0
CUS_00733,YH370FES2XEN        ,GF ,組   ,4000.0,2023-01-05 00:00:00,1.0,3670.0
CUS_00618,GOLTPLUST2R         ,GF ,組   ,4500.0,2023-01-05 00:00:00,1.0,3670.0
CUS_00733,2TVUAHDVTA          ,GF ,組   ,2400.0,2023-01-05 00:00:00,1.0,3670.0
CUS_00733,G2DE                ,GF ,各   ,100.0,2023-01-05 00:00:00,1.0,3670.0
CUS_00587,ERQ8526L2Q          ,GF ,各   ,0.0,2023-01-04 00:00:00,1.0,3672.0
CUS_00073,G2VY                ,GF ,組   ,500.0,2023-01-06 00:00:00,1.0,3674.0
CUS_00073,1VNYTG              ,GF ,組   ,100.0,2023-01-06 00:00:00,1.0,3674.0
CUS_00073,DEW32               ,GF ,各   ,400.0,2023-01-06 00:00:00,1.0,3674.0
CUS_00073,BOSCHX1             ,GF ,組   ,1000.0,2023-01-06 00:00:00,1.0,3674.0
CUS_00077,LD7VTRXF            ,GF ,組   ,2500.0,2023-01-07 00:00:00,1.0,3677.0
CUS_00054,02EAX20565R15       ,GF ,各   ,2600.0,2023-01-07 00:00:00,2.0,3677.0
CUS_00007,RSENX1              ,GF ,組   ,1000.0,2023-01-09 00:00:00,1.0,3677.0
CUS_00007,X1V1                ,GF ,組   ,1000.0,2023-01-09 00:00:00,1.0,3677.0
CUS_00007,HK800JGX1           ,GF ,組   ,1000.0,2023-01-09 00:00:00,1.0,3677.0
CUS_00549,RSEN02FCANBUS       ,GF ,各   ,700.0,2023-01-09 00:00:00,1.0,3677.0
CUS_00007,X1VY                ,GF ,組   ,1000.0,2023-01-09 00:00:00,1.0,3679.0
CUS_00073,X1VY                ,GF ,組   ,500.0,2023-01-06 00:00:00,1.0,3679.0
CUS_00022,ZINGER5MZG          ,GF ,組   ,1700.0,2023-01-04 00:00:00,1.0,3679.0
CUS_00022,ZINGERTA1E2         ,GF ,組   ,600.0,2023-01-04 00:00:00,1.0,3679.0
CUS_00587,L00051B             ,GF ,張   ,0.0,2023-01-11 00:00:00,1.0,3682.0
CUS_00587,K008125             ,GF ,張   ,150.0,2023-01-11 00:00:00,2.0,3688.0
CUS_00508,TYPERH11CR2Q        ,GF ,組   ,1200.0,2023-01-10 00:00:00,1.0,3688.0
CUS_00508,12VAMG              ,GF ,組   ,800.0,2023-01-10 00:00:00,1.0,3688.0
CUS_00254,ALTIS2055R16        ,GF ,各   ,3000.0,2023-01-12 00:00:00,4.0,3691.0
CUS_00067,T10552              ,GF ,各   ,50.0,2023-01-13 00:00:00,1.0,3692.0
CUS_00151,EY                  ,GF ,次   ,200.0,2023-01-13 00:00:00,1.0,3694.0
CUS_00151,2UFY4.8A            ,GF ,組   ,650.0,2023-01-13 00:00:00,1.0,3694.0
CUS_00151,99AMMG              ,GF ,罐   ,360.0,2023-01-13 00:00:00,1.0,3694.0
CUS_00151,SY56402UW           ,GF ,各   ,310.0,2023-01-13 00:00:00,1.0,3694.0
CUS_00151,3D1F1               ,GF ,支   ,180.0,2023-01-13 00:00:00,1.0,3700.0
CUS_00587,PNSCT003FTTWTX      ,GF ,組   ,0.0,2023-01-13 00:00:00,1.0,3702.0
CUS_00587,U00075              ,GF ,組   ,0.0,2023-01-13 00:00:00,1.0,3705.0
CUS_00587,LASTS2DVG           ,GF ,各   ,0.0,2025-11-21 00:00:00,2.0,6680.0
CUS_00587,ACP301              ,GF ,各   ,0.0,2026-01-26 00:00:00,1.0,6857.0
CUS_00587,HINO17TW2           ,GF ,組   ,0.0,2023-01-14 00:00:00,1.0,3710.0
CUS_00587,VINAQ2W             ,GF ,各   ,0.0,2023-01-14 00:00:00,1.0,3719.0
CUS_00733,ID5*7X1             ,GF ,組   ,3500.0,2023-01-15 00:00:00,1.0,3719.0
CUS_00733,TET20               ,GF ,組   ,1000.0,2023-01-15 00:00:00,1.0,3719.0
CUS_00733,YH680               ,GF ,組   ,4000.0,2023-01-05 00:00:00,1.0,3720.0
CUS_00694,VC351ENVTF          ,GF ,組   ,1000.0,2023-01-16 00:00:00,1.0,3720.0
CUS_00076,DIYEUW              ,GF ,組   ,250.0,2023-01-17 00:00:00,1.0,3722.0
CUS_00587,MIOC316VTRXF        ,GF ,組   ,2800.0,2023-02-01 00:00:00,1.0,3814.0
CUS_00587,5Y5T02GUVTRXF       ,GF ,組   ,5000.0,2023-02-01 00:00:00,1.0,3814.0
CUS_00076,TAXZUW              ,GF ,組   ,250.0,2023-01-17 00:00:00,1.0,3727.0
CUS_00704,1WW                 ,GF ,各   ,80.0,2023-01-17 00:00:00,2.0,3728.0
CUS_00074,SENFINCEOXFZVFRR    ,GF ,罐   ,800.0,2023-01-17 00:00:00,1.0,3728.0
CUS_00587,05ZCXC90TA1E2       ,GF ,組   ,0.0,2023-01-17 00:00:00,1.0,3730.0
CUS_00587,05ZCXC905MW2CCV     ,GF ,組   ,0.0,2023-01-17 00:00:00,1.0,3731.0
CUS_00587,PNSDBC03            ,GF ,組   ,0.0,2023-01-17 00:00:00,1.0,3732.0
CUS_00694,YL100ZZX2           ,GF ,組   ,20000.0,2023-01-18 00:00:00,1.0,3732.0
CUS_00086,LD9CRW              ,GF ,組   ,1500.0,2023-01-18 00:00:00,1.0,3734.0
CUS_00587,TAD022WUWJGJVGF     ,GF ,組   ,0.0,2023-01-18 00:00:00,1.0,3738.0
CUS_00231,ZERO14VRMG          ,GF ,支   ,600.0,2023-01-18 00:00:00,1.0,3742.0
CUS_00231,ZEROVRMG22G         ,GF ,支   ,900.0,2023-01-18 00:00:00,1.0,3742.0
CUS_00557,500APRTV            ,GF ,組   ,300.0,2023-01-19 00:00:00,1.0,3747.0
CUS_00052,RSEN02FCANBUS       ,GF ,各   ,2000.0,2023-01-19 00:00:00,1.0,3747.0
CUS_00464,TYPERH7CR2Q         ,GF ,組   ,1000.0,2023-01-19 00:00:00,1.0,3750.0
CUS_00464,HK800JGX1           ,GF ,組   ,1200.0,2023-01-19 00:00:00,1.0,3750.0
CUS_00464,STAREX22E5T         ,GF ,各   ,800.0,2023-01-19 00:00:00,1.0,3750.0
CUS_00464,LY707YQW1           ,GF ,組   ,700.0,2023-01-19 00:00:00,1.0,3750.0
CUS_00587,ZINGERTA1E2         ,GF ,組   ,0.0,2023-01-20 00:00:00,1.0,3752.0
CUS_00587,NO217VG             ,GF ,各   ,0.0,2023-03-11 00:00:00,1.0,3951.0
CUS_00031,2TVUAHDVTA          ,GF ,組   ,600.0,2023-09-01 00:00:00,1.0,4478.0
CUS_00587,V38U1GRR            ,GF ,組   ,0.0,2024-03-02 00:00:00,1.0,5023.0
CUS_00694,K00370              ,GF ,張   ,100.0,2025-02-03 00:00:00,1.0,5871.0
CUS_00587,ABTE072VVZVTF       ,GF ,組   ,0.0,2025-05-02 00:00:00,1.0,6140.0
CUS_00587,RSEN56ZVQW          ,GF ,條   ,0.0,2025-05-27 00:00:00,1.0,6255.0
CUS_00587,PNSFB003            ,GF ,各   ,0.0,2025-06-28 00:00:00,1.0,6347.0
CUS_00587,PNSSUN14            ,GF ,組   ,0.0,2025-12-02 00:00:00,1.0,6716.0
CUS_00587,VBDVTX1000ML        ,GF ,罐   ,0.0,2026-03-02 00:00:00,1.0,6950.0
CUS_00587,3154Y2              ,GF ,各   ,0.0,2023-01-20 00:00:00,2.0,3761.0
CUS_00088,LD7GVVTRXF          ,GF ,組   ,5000.0,2023-01-20 00:00:00,1.0,3761.0
CUS_00088,MCJVY2              ,GF ,組   ,675.0,2023-01-20 00:00:00,1.0,3761.0
CUS_00557,YH368FDS2XEN        ,GF ,組   ,1850.0,2023-01-19 00:00:00,1.0,3761.0
CUS_00733,ZEROVRMG22G         ,GF ,支   ,1000.0,2023-01-21 00:00:00,1.0,3762.0
CUS_00733,ZEROVRMG20          ,GF ,支   ,900.0,2023-01-21 00:00:00,1.0,3762.0
CUS_00587,RSENGR36COB         ,GF ,組   ,0.0,2023-01-30 00:00:00,1.0,3773.0
CUS_00279,LD7GVVTRXF          ,GF ,組   ,5500.0,2023-01-31 00:00:00,1.0,3777.0
CUS_00557,15HXFE              ,GF ,組   ,600.0,2023-01-31 00:00:00,1.0,3777.0
CUS_00681,XA                  ,GF ,kg  ,1000.0,2023-02-01 00:00:00,1.0,3781.0
CUS_00587,JXFMT               ,GF ,組   ,0.0,2023-02-01 00:00:00,1.0,3782.0
CUS_00694,E01099              ,GF ,張   ,30.0,2023-02-02 00:00:00,2.0,3784.0
CUS_00686,ZWHIACEFMT          ,GF ,組   ,1000.0,2023-02-02 00:00:00,1.0,3788.0
CUS_00409,NOIDNRMG14          ,GF ,支   ,300.0,2023-02-03 00:00:00,1.0,3793.0
CUS_00409,NOIDNRMG26          ,GF ,支   ,400.0,2023-02-03 00:00:00,1.0,3793.0
CUS_00409,RSENT105630         ,GF ,卡   ,400.0,2023-02-03 00:00:00,1.0,3793.0
CUS_00032,1276-THEB5          ,GF ,組   ,10000.0,2023-02-03 00:00:00,1.0,3793.0
CUS_00365,POSEN20H            ,GF ,組   ,500.0,2023-02-03 00:00:00,0.5,3794.0
CUS_00365,XE2MGG250CC         ,GF ,罐   ,50.0,2023-02-03 00:00:00,1.0,3794.0
CUS_00408,RSEND28000K         ,GF ,各   ,1200.0,2023-02-04 00:00:00,2.0,3796.0
CUS_00176,XTRAIL5U1R          ,GF ,各   ,2500.0,2023-02-04 00:00:00,1.0,3796.0
CUS_00176,XTRAILC5U1          ,GF ,組   ,2500.0,2023-02-04 00:00:00,1.0,3796.0
CUS_00176,ELANTRXFXJ          ,GF ,各   ,200.0,2023-02-04 00:00:00,1.0,3796.0
CUS_00408,OB617               ,GF ,組   ,500.0,2023-02-04 00:00:00,1.0,3796.0
CUS_00409,DAYL60BV2           ,GF ,組   ,1000.0,2023-02-03 00:00:00,1.0,3797.0
CUS_00587,3DZGY2              ,GF ,組   ,0.0,2023-02-04 00:00:00,1.0,3806.0
CUS_00587,PNSJW220R2UG        ,GF ,各   ,0.0,2023-04-04 00:00:00,1.0,4029.0
CUS_00587,U00070              ,GF ,各   ,0.0,2023-10-06 00:00:00,1.0,4567.0
CUS_00587,2TFW                ,GF ,各   ,0.0,2023-10-20 00:00:00,2.0,4608.0
CUS_00587,H500TWGRR           ,GF ,組   ,0.0,2024-08-29 00:00:00,1.0,5495.0
CUS_00085,ZEROFV1UUR          ,GF ,罐   ,400.0,2025-04-19 00:00:00,1.0,6075.0
CUS_00587,24VBW2              ,GF ,條   ,0.0,2025-05-01 00:00:00,2.0,6133.0
CUS_00365,12FVRU5XR           ,GF ,罐   ,550.0,2025-08-23 00:00:00,1.0,6479.0
CUS_00587,QWZG                ,GF ,組   ,0.0,2025-10-27 00:00:00,1.0,6617.0
CUS_00587,IN312835GS2         ,GF ,組   ,0.0,2025-12-29 00:00:00,1.0,6787.0
CUS_00587,RSENS25692V5R1      ,GF ,組   ,0.0,2026-02-09 00:00:00,1.0,6893.0
CUS_00085,ZEROVRMG22G         ,GF ,支   ,950.0,2023-02-07 00:00:00,1.0,3809.0
CUS_00085,ZEROVRMG16          ,GF ,支   ,850.0,2023-02-07 00:00:00,1.0,3809.0
CUS_00035,INNONANQFMT         ,GF ,組   ,1500.0,2023-02-08 00:00:00,1.0,3814.0
CUS_00587,ABTE033GTJVT2F      ,GF ,組   ,1300.0,2023-02-01 00:00:00,1.0,3814.0
CUS_00587,05ZCNQFMT           ,GF ,組   ,0.0,2023-02-10 00:00:00,1.0,3815.0
CUS_00081,ZV5G539HNF          ,GF ,組   ,2800.0,2023-02-10 00:00:00,1.0,3820.0
CUS_00081,X2VTRXF             ,GF ,組   ,2800.0,2023-02-10 00:00:00,1.0,3820.0
CUS_00081,TAE026WVGGJ2FR      ,GF ,組   ,1300.0,2023-02-10 00:00:00,1.0,3820.0
CUS_00081,ABTE072VVZVTF       ,GF ,組   ,1000.0,2023-02-10 00:00:00,1.0,3820.0
CUS_00081,PNSCP280P           ,GF ,組   ,700.0,2023-02-10 00:00:00,1.0,3820.0
CUS_00081,WUSWU5TF            ,GF ,組   ,2000.0,2023-02-10 00:00:00,1.0,3820.0
CUS_00081,ABTD027             ,GF ,組   ,1000.0,2023-02-10 00:00:00,1.0,3820.0
CUS_00081,ABTE069             ,GF ,組   ,1200.0,2023-02-10 00:00:00,1.0,3820.0
CUS_00081,ABTE035             ,GF ,組   ,1200.0,2023-02-10 00:00:00,1.0,3820.0
CUS_00081,5Y5T02GUVTRXF       ,GF ,組   ,6000.0,2023-02-10 00:00:00,1.0,3820.0
CUS_00587,RAV4JGF             ,GF ,各   ,0.0,2023-02-10 00:00:00,1.0,3825.0
CUS_00587,E01020              ,GF ,張   ,0.0,2023-02-13 00:00:00,1.0,3839.0
CUS_00076,MIOR460GUVTRXF      ,GF ,組   ,3000.0,2023-02-16 00:00:00,1.0,3844.0
CUS_00518,V2008CGR            ,GF ,各   ,650.0,2023-02-16 00:00:00,1.0,3844.0
CUS_00518,N1MUX1              ,GF ,組   ,1500.0,2023-02-16 00:00:00,1.0,3844.0
CUS_00518,2TXWJX              ,GF ,組   ,3500.0,2023-02-16 00:00:00,1.0,3844.0
CUS_00518,2TXW24V             ,GF ,組   ,3500.0,2023-02-16 00:00:00,1.0,3844.0
CUS_00023,RSEN02F             ,GF ,各   ,1500.0,2023-02-16 00:00:00,1.0,3844.0
CUS_00587,DAY2C               ,GF ,組   ,0.0,2023-02-16 00:00:00,1.0,3845.0
CUS_00518,KMWTV               ,GF ,各   ,600.0,2023-02-16 00:00:00,1.0,3850.0
CUS_00518,ZV5G539HNF          ,GF ,組   ,4000.0,2023-02-16 00:00:00,1.0,3850.0
CUS_00518,245122UW            ,GF ,組   ,500.0,2023-02-16 00:00:00,1.0,3850.0
CUS_00587,SR-348TY            ,GF ,組   ,0.0,2023-03-13 00:00:00,1.0,3961.0
CUS_00587,F00708R             ,GF ,張   ,0.0,2023-05-03 00:00:00,1.0,4111.0
CUS_00587,DH1703ZCAY2         ,GF ,各   ,0.0,2024-02-24 00:00:00,1.0,5004.0
CUS_00587,VBDVATX200G         ,GF ,組   ,0.0,2024-08-10 00:00:00,1.0,5461.0
CUS_00587,ABTA010A5W          ,GF ,各   ,0.0,2025-01-02 00:00:00,1.0,5782.0
CUS_00085,12FVRU5XR           ,GF ,罐   ,550.0,2025-04-19 00:00:00,1.0,6075.0
CUS_00275,RSENT105630         ,GF ,卡   ,400.0,2025-05-02 00:00:00,1.0,6132.0
CUS_00587,F00788              ,GF ,張   ,0.0,2025-06-11 00:00:00,1.0,6301.0
CUS_00518,HINO5TTA1E2         ,GF ,組   ,850.0,2023-02-16 00:00:00,1.0,3850.0
CUS_00587,PNST1070202Q        ,GF ,組   ,0.0,2023-02-16 00:00:00,1.0,3851.0
CUS_00689,X1E                 ,GF ,各   ,700.0,2023-02-17 00:00:00,1.0,3853.0
CUS_00615,X1E                 ,GF ,各   ,700.0,2023-02-17 00:00:00,1.0,3853.0
CUS_00587,KLLEDRG2            ,GF ,組   ,0.0,2023-02-20 00:00:00,1.0,3866.0
CUS_00587,FCPUS1UW            ,GF ,組   ,0.0,2023-02-20 00:00:00,1.0,3868.0
CUS_00210,DAYL60BV2           ,GF ,組   ,1800.0,2023-02-20 00:00:00,1.0,3869.0
CUS_00630,992XDCT2.45MW2      ,GF ,組   ,750.0,2023-02-21 00:00:00,1.0,3869.0
CUS_00217,SENFINECORU5X       ,GF ,罐   ,550.0,2023-02-21 00:00:00,1.0,3869.0
CUS_00694,H00799              ,GF ,張   ,60.0,2023-02-22 00:00:00,2.0,3878.0
CUS_00694,GARMIN2MV           ,GF ,條   ,1210.0,2023-02-22 00:00:00,1.0,3878.0
CUS_00026,52UDTY              ,GF ,組   ,1500.0,2023-02-23 00:00:00,1.0,3878.0
CUS_00026,V1                  ,GF ,組   ,2000.0,2023-02-23 00:00:00,1.0,3878.0
CUS_00026,AV5F2               ,GF ,組   ,500.0,2023-02-23 00:00:00,1.0,3878.0
CUS_00026,H75RY               ,GF ,各   ,100.0,2023-02-23 00:00:00,2.0,3878.0
CUS_00026,RSENH78000K         ,GF ,各   ,650.0,2023-02-23 00:00:00,2.0,3878.0
CUS_00026,RSENH113000K2Q      ,GF ,各   ,750.0,2023-02-23 00:00:00,2.0,3878.0
CUS_00026,RSEN02F             ,GF ,各   ,1000.0,2023-02-23 00:00:00,4.0,3878.0
CUS_00026,03AY23GVC5          ,GF ,組   ,3500.0,2023-02-23 00:00:00,1.0,3878.0
CUS_00026,06AY235MW2          ,GF ,組   ,950.0,2023-02-23 00:00:00,1.0,3878.0
CUS_00026,LD7GVVTRXF          ,GF ,組   ,4000.0,2023-02-23 00:00:00,1.0,3878.0
CUS_00026,LD72UVTRXF          ,GF ,組   ,4000.0,2023-02-23 00:00:00,1.0,3878.0
CUS_00026,2UY24.8A            ,GF ,組   ,850.0,2023-02-23 00:00:00,1.0,3878.0
CUS_00026,RSENGR16R           ,GF ,組   ,500.0,2023-02-23 00:00:00,1.0,3878.0
CUS_00701,WF48D26R2Q          ,GF ,各   ,2800.0,2023-02-23 00:00:00,2.0,3886.0
CUS_00026,PNSS17              ,GF ,組   ,650.0,2023-02-23 00:00:00,1.0,3886.0
CUS_00026,ABTA069-1           ,GF ,組   ,1200.0,2023-02-23 00:00:00,1.0,3886.0
CUS_00026,ZEROVRMG22G         ,GF ,支   ,1000.0,2023-02-23 00:00:00,1.0,3886.0
CUS_00026,ZEROVRMG18          ,GF ,支   ,800.0,2023-02-23 00:00:00,1.0,3886.0
CUS_00026,S52211ASRG1VN       ,GF ,各   ,100.0,2023-02-23 00:00:00,2.0,3886.0
CUS_00587,V2003G22            ,GF ,支   ,0.0,2023-03-11 00:00:00,1.0,3954.0
CUS_00026,AFL283578           ,GF ,組   ,500.0,2023-03-13 00:00:00,1.0,3960.0
CUS_00482,RSEND44300K         ,GF ,各   ,1500.0,2024-07-04 00:00:00,1.0,5368.0
CUS_00587,16162T              ,GF ,各   ,0.0,2024-12-03 00:00:00,1.0,5674.0
CUS_00217,NB1040              ,GF ,罐   ,600.0,2025-08-05 00:00:00,5.0,6431.0
CUS_00217,MISSIONCVT          ,GF ,罐   ,600.0,2025-08-05 00:00:00,4.0,6431.0
CUS_00026,03AY23TA1E2         ,GF ,組   ,600.0,2023-02-23 00:00:00,1.0,3886.0
CUS_00026,03AY23XXQ           ,GF ,組   ,3500.0,2023-02-23 00:00:00,1.0,3886.0
CUS_00026,RSENH118000K        ,GF ,各   ,750.0,2023-02-23 00:00:00,2.0,3886.0
CUS_00305,GARMIN55GD2C        ,GF ,組   ,7700.0,2023-02-23 00:00:00,1.0,3886.0
CUS_00026,UX02XZVQU           ,GF ,罐   ,150.0,2023-02-23 00:00:00,1.0,3886.0
CUS_00026,MISSIONYQU          ,GF ,罐   ,450.0,2023-02-23 00:00:00,1.0,3886.0
CUS_00026,CARGTUV             ,GF ,罐   ,200.0,2023-02-23 00:00:00,1.0,3886.0
CUS_00587,VA051014HCMG        ,GF ,支   ,0.0,2023-02-24 00:00:00,1.0,3898.0
CUS_00587,PNSHDF24            ,GF ,組   ,0.0,2023-02-24 00:00:00,1.0,3900.0
CUS_00587,TYLEDUCE            ,GF ,組   ,0.0,2023-02-24 00:00:00,1.0,3903.0
CUS_00587,GN335VXRJY          ,GF ,組   ,0.0,2023-02-27 00:00:00,1.0,3905.0
CUS_00694,ABROQGUR            ,GF ,罐   ,350.0,2023-02-28 00:00:00,1.0,3908.0
CUS_00694,TAA096              ,GF ,條   ,150.0,2023-02-28 00:00:00,1.0,3908.0
CUS_00708,NB1040              ,GF ,罐   ,400.0,2023-03-01 00:00:00,4.0,3915.0
CUS_00708,12FVRU5XR           ,GF ,罐   ,550.0,2023-03-01 00:00:00,1.0,3915.0
CUS_00708,2V2Q                ,GF ,各   ,50.0,2023-03-01 00:00:00,2.0,3915.0
CUS_00708,VR1RUV              ,GF ,各   ,100.0,2023-03-01 00:00:00,1.0,3915.0
CUS_00607,99RVFUW             ,GF ,組   ,3000.0,2023-03-01 00:00:00,1.0,3915.0
CUS_00607,AH59ZVQW            ,GF ,條   ,700.0,2023-03-01 00:00:00,1.0,3915.0
CUS_00607,ECC9922TBCR         ,GF ,罐   ,150.0,2023-03-01 00:00:00,1.0,3915.0
CUS_00587,2013EAXXN           ,GF ,組   ,0.0,2023-03-01 00:00:00,1.0,3916.0
CUS_00686,ZWHIACETX           ,GF ,組   ,3000.0,2023-03-03 00:00:00,1.0,3924.0
CUS_00132,PNSS24TY            ,GF ,組   ,400.0,2023-03-03 00:00:00,1.0,3925.0
CUS_00132,H00847              ,GF ,張   ,60.0,2023-03-03 00:00:00,1.0,3925.0
CUS_00080,T105630MU           ,GF ,組   ,350.0,2023-03-04 00:00:00,1.0,3932.0
CUS_00080,G74435630           ,GF ,卡   ,550.0,2023-03-04 00:00:00,1.0,3932.0
CUS_00074,T20N                ,GF ,組   ,600.0,2023-03-04 00:00:00,1.0,3932.0
CUS_00299,SAXO1040            ,GF ,罐   ,400.0,2023-03-06 00:00:00,3.0,3938.0
CUS_00299,12FVRU5XR           ,GF ,罐   ,550.0,2023-03-06 00:00:00,1.0,3938.0
CUS_00299,ZEROFV1UUR          ,GF ,罐   ,400.0,2023-03-06 00:00:00,1.0,3938.0
CUS_00299,ERC2XZVQU           ,GF ,罐   ,150.0,2023-03-06 00:00:00,1.0,3938.0
CUS_00026,NB1040              ,GF ,罐   ,500.0,2023-05-04 00:00:00,4.0,4112.0
CUS_00587,ERC2XZVQU           ,GF ,罐   ,0.0,2023-08-03 00:00:00,2.0,4357.0
CUS_00587,LP081UCE            ,GF ,各   ,0.0,2024-01-10 00:00:00,1.0,4853.0
CUS_00076,BW2                 ,GF ,條   ,150.0,2025-06-27 00:00:00,1.0,6340.0
CUS_00587,J00352CMG           ,GF ,支   ,0.0,2025-09-13 00:00:00,1.0,6521.0
CUS_00299,TEANACV2E           ,GF ,支   ,950.0,2023-03-06 00:00:00,2.0,3938.0
CUS_00587,N1EFWZ1TR           ,GF ,各   ,0.0,2023-03-07 00:00:00,1.0,3940.0
CUS_00682,2011WISHCE          ,GF ,支   ,3000.0,2023-03-08 00:00:00,1.0,3943.0
CUS_00694,J00372B             ,GF ,張   ,100.0,2023-03-09 00:00:00,1.0,3944.0
CUS_00587,NO95RCVG            ,GF ,各   ,0.0,2023-03-09 00:00:00,1.0,3946.0
CUS_00587,YARISDFV            ,GF ,各   ,450.0,2023-03-11 00:00:00,1.0,3953.0
CUS_00066,UX0GVR              ,GF ,罐   ,300.0,2023-03-11 00:00:00,1.0,3953.0
CUS_00066,ABROUFFVR           ,GF ,罐   ,450.0,2023-03-11 00:00:00,1.0,3953.0
CUS_00066,XE2MGG250CC         ,GF ,罐   ,450.0,2023-03-11 00:00:00,1.0,3953.0
CUS_00066,ZEROVRMG24          ,GF ,支   ,1000.0,2023-03-11 00:00:00,1.0,3953.0
CUS_00066,ZEROVRMG18          ,GF ,支   ,800.0,2023-03-11 00:00:00,1.0,3953.0
CUS_00587,08AY23TA1E2         ,GF ,組   ,0.0,2023-03-11 00:00:00,1.0,3955.0
CUS_00026,RSEN02FCANBUS       ,GF ,各   ,1000.0,2023-03-13 00:00:00,2.0,3960.0
CUS_00026,RSEN90058000K       ,GF ,各   ,750.0,2023-03-13 00:00:00,2.0,3960.0
CUS_00026,DAYL60XU2           ,GF ,組   ,1500.0,2023-03-13 00:00:00,1.0,3960.0
CUS_00026,H422VY              ,GF ,組   ,1000.0,2023-03-13 00:00:00,1.0,3960.0
CUS_00512,ABTA116WVJFYQD      ,GF ,組   ,550.0,2023-03-13 00:00:00,1.0,3960.0
CUS_00512,RSENT105630         ,GF ,卡   ,400.0,2023-03-13 00:00:00,2.0,3960.0
CUS_00512,RFLN01Q5XN          ,GF ,組   ,300.0,2023-03-13 00:00:00,1.0,3960.0
CUS_00512,RF-LN01Q3XN         ,GF ,組   ,300.0,2023-03-13 00:00:00,1.0,3960.0
CUS_00517,ID12H52U            ,GF ,組   ,7000.0,2023-03-15 00:00:00,1.0,3976.0
CUS_00517,ID6.5KZUX1          ,GF ,組   ,5500.0,2023-03-15 00:00:00,1.0,3976.0
CUS_00517,ID6HZUX1            ,GF ,組   ,5500.0,2023-03-15 00:00:00,1.0,3976.0
CUS_00682,PNSHUDL1            ,GF ,組   ,1200.0,2023-03-15 00:00:00,1.0,3976.0
CUS_00682,13ALTISTA1E2        ,GF ,組   ,500.0,2023-03-15 00:00:00,1.0,3976.0
CUS_00691,RSENS25692V5R1      ,GF ,組   ,900.0,2023-03-15 00:00:00,1.0,3976.0
CUS_00691,RSENS2569ZGG2V5RCQ  ,GF ,組   ,900.0,2023-03-15 00:00:00,1.0,3976.0
CUS_00517,ID300K5252U         ,GF ,組   ,7000.0,2023-03-15 00:00:00,1.0,3977.0
CUS_00076,A10BV2              ,GF ,各   ,800.0,2023-03-17 00:00:00,2.0,3981.0
CUS_00331,SD2505TMU1GD        ,GF ,組   ,250.0,2023-03-16 00:00:00,2.0,3982.0
CUS_00331,A094                ,GF ,條   ,500.0,2023-03-16 00:00:00,1.0,3982.0
CUS_00331,XXTA1E2             ,GF ,組   ,600.0,2023-03-16 00:00:00,1.0,3982.0
CUS_00587,PREVIAFXTTX         ,GF ,組   ,0.0,2023-03-18 00:00:00,1.0,3984.0
CUS_00166,P1010HVTRXF         ,GF ,組   ,8500.0,2023-03-18 00:00:00,1.0,3986.0
CUS_00512,OBT2FHWWVGF         ,GF ,組   ,3000.0,2023-03-20 00:00:00,1.0,3987.0
CUS_00587,GARMINVQ2Y          ,GF ,各   ,0.0,2023-06-28 00:00:00,1.0,4262.0
CUS_00518,ABTE075             ,GF ,組   ,1200.0,2023-03-20 00:00:00,1.0,3987.0
CUS_00512,TYPERH1CR2Q         ,GF ,組   ,1000.0,2023-03-20 00:00:00,1.0,3987.0
CUS_00512,VBDVATX200G         ,GF ,組   ,200.0,2023-03-20 00:00:00,1.0,3987.0
CUS_00587,RT73A2Q             ,GF ,組   ,0.0,2023-03-21 00:00:00,1.0,3988.0
CUS_00026,04AY23GRRRL         ,GF ,組   ,3500.0,2023-03-22 00:00:00,1.0,3990.0
CUS_00026,WUSWU5TF            ,GF ,組   ,3500.0,2023-03-22 00:00:00,1.0,3990.0
CUS_00026,OBT2FHWWVGF         ,GF ,組   ,3500.0,2023-03-22 00:00:00,1.0,3990.0
CUS_00148,VCQ84+64            ,GF ,組   ,15500.0,2023-03-23 00:00:00,1.0,3990.0
CUS_00148,055MVTRXF           ,GF ,組   ,7500.0,2023-03-23 00:00:00,1.0,3990.0
CUS_00066,XFRV                ,GF ,組   ,1000.0,2023-03-23 00:00:00,1.0,3990.0
CUS_00066,XF2Q                ,GF ,各   ,1000.0,2023-03-23 00:00:00,1.0,3990.0
CUS_00066,XA                  ,GF ,kg  ,2000.0,2023-03-23 00:00:00,1.0,3996.0
CUS_00017,CARDIU69525R        ,GF ,組   ,8000.0,2023-03-27 00:00:00,1.0,4005.0
CUS_00017,ZINGERTA1E2         ,GF ,組   ,500.0,2023-03-27 00:00:00,1.0,4005.0
CUS_00231,MIOC316VTRXF        ,GF ,組   ,4000.0,2023-03-28 00:00:00,1.0,4005.0
CUS_00587,H3OSRAM5RCR2Q       ,GF ,組   ,0.0,2023-03-28 00:00:00,1.0,4008.0
CUS_00236,H3OSRAM5RCR2Q       ,GF ,組   ,1500.0,2023-03-28 00:00:00,1.0,4008.0
CUS_00236,G185630             ,GF ,卡   ,650.0,2023-03-28 00:00:00,1.0,4008.0
CUS_00236,T20Y                ,GF ,各   ,250.0,2023-03-28 00:00:00,1.0,4008.0
CUS_00236,CARGTUV             ,GF ,罐   ,200.0,2023-03-28 00:00:00,1.0,4008.0
CUS_00423,32G                 ,GF ,各   ,500.0,2023-03-29 00:00:00,2.0,4009.0
CUS_00423,307DTV              ,GF ,組   ,400.0,2023-03-29 00:00:00,1.0,4009.0
CUS_00423,ABTE040             ,GF ,組   ,1200.0,2023-03-29 00:00:00,1.0,4009.0
CUS_00423,RSEN57ZVQW          ,GF ,組   ,600.0,2023-03-29 00:00:00,1.0,4009.0
CUS_00423,EY                  ,GF ,次   ,250.0,2023-03-29 00:00:00,1.0,4009.0
CUS_00423,LD9CRW              ,GF ,組   ,2000.0,2023-03-29 00:00:00,1.0,4009.0
CUS_00423,J00350CMG           ,GF ,支   ,400.0,2023-03-29 00:00:00,1.0,4009.0
CUS_00423,NO167VG             ,GF ,各   ,150.0,2023-03-29 00:00:00,1.0,4009.0
CUS_00101,MUOC580VTRXF        ,GF ,組   ,4000.0,2023-03-30 00:00:00,1.0,4018.0
CUS_00622,TAA053              ,GF ,各   ,300.0,2023-03-30 00:00:00,1.0,4019.0
CUS_00299,RSEND26000K         ,GF ,各   ,1500.0,2023-03-31 00:00:00,1.0,4019.0
CUS_00299,EY                  ,GF ,次   ,300.0,2023-03-31 00:00:00,1.0,4019.0
CUS_00299,VBD1WFRR            ,GF ,罐   ,200.0,2023-03-31 00:00:00,1.0,4019.0
CUS_00299,V29GRR              ,GF ,組   ,300.0,2023-03-31 00:00:00,1.0,4019.0
CUS_00587,VXTX15U             ,GF ,組   ,0.0,2025-02-15 00:00:00,1.0,5902.0
CUS_00587,6H2XAW              ,GF ,組   ,0.0,2025-04-04 00:00:00,1.0,6000.0
CUS_00072,CARDIOCA700.1A      ,GF ,組   ,11500.0,2023-03-31 00:00:00,1.0,4019.0
CUS_00072,WISH-2              ,GF ,組   ,500.0,2023-03-31 00:00:00,1.0,4019.0
CUS_00072,PNSSUN11            ,GF ,組   ,400.0,2023-03-31 00:00:00,1.0,4019.0
CUS_00557,W210C2DRH           ,GF ,組   ,2800.0,2023-03-31 00:00:00,1.0,4022.0
CUS_00557,5A-9666DF           ,GF ,次   ,22400.0,2023-03-31 00:00:00,1.0,4022.0
CUS_00507,LD4VTRXF            ,GF ,組   ,3000.0,2023-03-31 00:00:00,1.0,4022.0
CUS_00507,929TX               ,GF ,罐   ,100.0,2023-03-31 00:00:00,1.0,4022.0
CUS_00622,DAW510*50           ,GF ,張   ,100.0,2023-04-01 00:00:00,2.0,4024.0
CUS_00622,C28024R2Q           ,GF ,各   ,3600.0,2023-04-01 00:00:00,1.0,4024.0
CUS_00622,GN777R5QD           ,GF ,組   ,450.0,2023-04-01 00:00:00,1.0,4024.0
CUS_00622,3DXWQD              ,GF ,各   ,650.0,2023-04-01 00:00:00,1.0,4024.0
CUS_00622,PNSDBC0251R         ,GF ,組   ,550.0,2023-04-01 00:00:00,1.0,4024.0
CUS_00622,RG212V2Q            ,GF ,組   ,800.0,2023-04-01 00:00:00,1.0,4024.0
CUS_00622,POSENSD2246*20      ,GF ,捲   ,180.0,2023-04-01 00:00:00,2.0,4024.0
CUS_00622,VVXN                ,GF ,組   ,200.0,2023-04-01 00:00:00,1.0,4024.0
CUS_00042,LD9SGUVTRXF         ,GF ,組   ,9000.0,2023-04-03 00:00:00,1.0,4025.0
CUS_00472,V2IX35CXXQ          ,GF ,組   ,2500.0,2023-04-03 00:00:00,1.0,4026.0
CUS_00472,V2IX35DFV           ,GF ,各   ,450.0,2023-04-03 00:00:00,1.0,4026.0
CUS_00472,V2IX35FXXQ          ,GF ,組   ,2500.0,2023-04-03 00:00:00,1.0,4026.0
CUS_00472,V2IX35XFXJ          ,GF ,各   ,550.0,2023-04-03 00:00:00,1.0,4026.0
CUS_00472,CARMATGTU2          ,GF ,罐   ,1000.0,2023-04-03 00:00:00,1.0,4026.0
CUS_00472,RSEN1GR             ,GF ,組   ,300.0,2023-04-03 00:00:00,1.0,4026.0
CUS_00042,EVEW2               ,GF ,組   ,600.0,2023-04-03 00:00:00,1.0,4027.0
CUS_00512,RSENH13000K2Q       ,GF ,各   ,750.0,2023-04-06 00:00:00,2.0,4030.0
CUS_00512,RSEN02F             ,GF ,各   ,1000.0,2023-04-06 00:00:00,2.0,4030.0
CUS_00512,FAGEUW              ,GF ,組   ,350.0,2023-04-06 00:00:00,1.0,4030.0
CUS_00512,ERC2XZVQU           ,GF ,罐   ,150.0,2023-04-06 00:00:00,1.0,4030.0
CUS_00512,TYPERH11CR2Q        ,GF ,組   ,1000.0,2023-03-20 00:00:00,1.0,4030.0
CUS_00731,RSENH33000K2Q       ,GF ,各   ,750.0,2023-04-04 00:00:00,2.0,4347.0
CUS_00472,XGRUV               ,GF ,各   ,100.0,2023-08-12 00:00:00,1.0,4404.0
CUS_00587,TW123GAVTW          ,GF ,組   ,0.0,2023-11-17 00:00:00,1.0,4698.0
CUS_00622,VBD1UFRR            ,GF ,罐   ,300.0,2024-03-13 00:00:00,2.0,5051.0
CUS_00622,EY                  ,GF ,次   ,600.0,2024-08-27 00:00:00,1.0,5492.0
CUS_00472,MISSIONCVT          ,GF ,罐   ,600.0,2025-06-02 00:00:00,5.0,6271.0
CUS_00472,12FVRU5XR           ,GF ,罐   ,650.0,2025-06-02 00:00:00,1.0,6271.0
CUS_00472,ZEROFV1UUR          ,GF ,罐   ,400.0,2026-01-02 00:00:00,1.0,6796.0
CUS_00472,H422                ,GF ,各   ,200.0,2023-04-03 00:00:00,1.0,4030.0
CUS_00365,2V2Q                ,GF ,各   ,100.0,2023-04-08 00:00:00,1.0,4035.0
CUS_00365,2VY                 ,GF ,個   ,100.0,2023-04-08 00:00:00,1.0,4035.0
CUS_00587,FT1CWJE             ,GF ,組   ,0.0,2023-04-08 00:00:00,1.0,4036.0
CUS_00091,YH370FES2XEN        ,GF ,組   ,3000.0,2023-04-12 00:00:00,1.0,4045.0
CUS_00203,RSENT104014242      ,GF ,組   ,500.0,2023-04-12 00:00:00,1.0,4045.0
CUS_00203,TURBOH7LED          ,GF ,組   ,3000.0,2023-04-12 00:00:00,1.0,4045.0
CUS_00203,IN39LED             ,GF ,組   ,500.0,2023-04-12 00:00:00,1.0,4045.0
CUS_00203,PNST1070202Q        ,GF ,組   ,500.0,2023-04-12 00:00:00,1.0,4045.0
CUS_00254,2010ALTISJ2E5F      ,GF ,組   ,4800.0,2023-04-13 00:00:00,1.0,4050.0
CUS_00254,2010ALTISXA         ,GF ,各   ,800.0,2023-04-13 00:00:00,1.0,4050.0
CUS_00254,2010ALTISHXFV       ,GF ,次   ,2000.0,2023-04-13 00:00:00,1.0,4050.0
CUS_00091,2010WISH1C4+64      ,GF ,組   ,15500.0,2023-04-11 00:00:00,1.0,4053.0
CUS_00091,055MVTRXF           ,GF ,組   ,6500.0,2023-04-11 00:00:00,1.0,4053.0
CUS_00091,2010WISHCGRRZ2      ,GF ,組   ,3000.0,2023-04-11 00:00:00,1.0,4053.0
CUS_00091,YH3702XENVY         ,GF ,組   ,3000.0,2023-04-11 00:00:00,1.0,4053.0
CUS_00587,YI280ZVR            ,GF ,組   ,350.0,2023-04-14 00:00:00,1.0,4055.0
CUS_00106,RG2DL120            ,GF ,各   ,650.0,2023-04-13 00:00:00,4.0,4058.0
CUS_00106,G185630             ,GF ,卡   ,800.0,2023-04-13 00:00:00,2.0,4058.0
CUS_00591,2015RAV48C4+64055R  ,GF ,組   ,15000.0,2023-04-15 00:00:00,1.0,4061.0
CUS_00587,VTRXFCGRV           ,GF ,組   ,0.0,2023-04-20 00:00:00,1.0,4068.0
CUS_00587,3D3138CU2           ,GF ,各   ,0.0,2023-04-20 00:00:00,1.0,4076.0
CUS_00587,T07GRR              ,GF ,組   ,0.0,2023-04-20 00:00:00,1.0,4080.0
CUS_00472,BHD-5719XFUNR       ,GF ,組   ,22000.0,2023-04-18 00:00:00,1.0,4083.0
CUS_00472,XA                  ,GF ,kg  ,800.0,2023-04-18 00:00:00,1.0,4083.0
CUS_00472,XFRV                ,GF ,組   ,2000.0,2023-04-18 00:00:00,1.0,4083.0
CUS_00472,XFFV                ,GF ,次   ,2000.0,2023-04-18 00:00:00,1.0,4083.0
CUS_00068,2TVUJE              ,GF ,組   ,2500.0,2023-04-22 00:00:00,1.0,4085.0
CUS_00068,Z2FX1               ,GF ,組   ,1200.0,2023-04-22 00:00:00,1.0,4085.0
CUS_00587,RSEND28000K         ,GF ,各   ,0.0,2024-02-06 00:00:00,1.0,4943.0
CUS_00587,P210GVR             ,GF ,罐   ,0.0,2024-06-26 00:00:00,1.0,5349.0
CUS_00365,EY                  ,GF ,次   ,1200.0,2024-07-01 00:00:00,1.0,5358.0
CUS_00587,PNSTL4030           ,GF ,條   ,0.0,2025-02-04 00:00:00,1.0,5878.0
CUS_00587,GV2Y                ,GF ,各   ,0.0,2025-05-10 00:00:00,1.0,6176.0
CUS_00074,OBT2FHWWVGF         ,GF ,組   ,2000.0,2025-11-18 00:00:00,1.0,6672.0
CUS_00254,EY                  ,GF ,次   ,500.0,2026-01-20 00:00:00,1.0,6843.0
CUS_00587,3MWAGAR             ,GF ,捲   ,0.0,2023-04-22 00:00:00,1.0,4088.0
CUS_00706,ERQ602Q             ,GF ,各   ,2300.0,2023-04-27 00:00:00,1.0,4090.0
CUS_00268,TYPERH16CR2Q        ,GF ,組   ,1200.0,2023-04-27 00:00:00,1.0,4092.0
CUS_00268,NOID0118SND         ,GF ,組   ,300.0,2023-04-27 00:00:00,1.0,4092.0
CUS_00268,RSEND44300K         ,GF ,各   ,1500.0,2023-04-27 00:00:00,1.0,4092.0
CUS_00268,10WISH5MW2          ,GF ,組   ,1000.0,2023-04-27 00:00:00,1.0,4092.0
CUS_00261,RSEND43000K2Q       ,GF ,各   ,1500.0,2023-05-02 00:00:00,2.0,4104.0
CUS_00199,VAUV                ,GF ,各   ,200.0,2023-04-29 00:00:00,1.0,4104.0
CUS_00199,ABROUF1EUR          ,GF ,罐   ,550.0,2023-04-29 00:00:00,1.0,4104.0
CUS_00199,FORTISXFXJ          ,GF ,各   ,600.0,2023-04-29 00:00:00,1.0,4104.0
CUS_00459,MP3XURGF            ,GF ,組   ,1300.0,2023-04-26 00:00:00,3.0,4104.0
CUS_00704,MIOR460GUVTRXF      ,GF ,組   ,4500.0,2023-05-03 00:00:00,1.0,4108.0
CUS_00587,6606XCRVXR          ,GF ,組   ,0.0,2023-05-03 00:00:00,1.0,4112.0
CUS_00026,AYW3DFV             ,GF ,各   ,450.0,2023-05-04 00:00:00,1.0,4112.0
CUS_00026,FCOUSUV             ,GF ,各   ,250.0,2023-05-04 00:00:00,1.0,4112.0
CUS_00026,MISSIONCVT          ,GF ,罐   ,600.0,2023-05-04 00:00:00,4.0,4112.0
CUS_00026,03AY2322R           ,GF ,各   ,4500.0,2023-05-04 00:00:00,1.0,4112.0
CUS_00026,03QY2322            ,GF ,各   ,4500.0,2023-05-04 00:00:00,1.0,4112.0
CUS_00026,T105630MU           ,GF ,組   ,500.0,2023-05-04 00:00:00,1.0,4112.0
CUS_00026,12FVRU5XR           ,GF ,罐   ,550.0,2023-05-04 00:00:00,1.0,4112.0
CUS_00026,SAXOQUYFRR          ,GF ,罐   ,400.0,2023-05-04 00:00:00,1.0,4112.0
CUS_00026,LEO813              ,GF ,組   ,200.0,2023-05-04 00:00:00,1.0,4112.0
CUS_00236,ID6HW5              ,GF ,組   ,3000.0,2023-05-04 00:00:00,1.0,4114.0
CUS_00236,V37GRR              ,GF ,組   ,400.0,2023-05-04 00:00:00,1.0,4114.0
CUS_00236,R5VG                ,GF ,組   ,200.0,2023-05-04 00:00:00,1.0,4114.0
CUS_00587,T10CN               ,GF ,卡   ,0.0,2023-05-06 00:00:00,1.0,4121.0
CUS_00587,RS-06FY             ,GF ,各   ,0.0,2023-05-06 00:00:00,1.0,4123.0
CUS_00587,PNSHD97             ,GF ,組   ,0.0,2023-05-06 00:00:00,1.0,4126.0
CUS_00530,LD72UVTRXF          ,GF ,組   ,3500.0,2023-05-09 00:00:00,1.0,4133.0
CUS_00026,EY                  ,GF ,次   ,1000.0,2023-05-10 00:00:00,1.0,4136.0
CUS_00587,08ALTISXFXJ         ,GF ,各   ,0.0,2023-05-26 00:00:00,1.0,4184.0
CUS_00587,V2STAEFTA1E2        ,GF ,組   ,0.0,2023-09-05 00:00:00,1.0,4487.0
CUS_00587,SD2505TMU1GD        ,GF ,組   ,0.0,2023-10-21 00:00:00,2.0,4612.0
CUS_00587,PNSSC020            ,GF ,組   ,0.0,2024-08-12 00:00:00,1.0,5462.0
CUS_00199,SENFINECOFURFFVR    ,GF ,罐   ,1800.0,2024-10-29 00:00:00,1.0,5599.0
CUS_00084,TYPERH7CR2Q         ,GF ,組   ,600.0,2024-11-11 00:00:00,1.0,5633.0
CUS_00530,08RAV4TA1E2         ,GF ,組   ,600.0,2023-05-09 00:00:00,1.0,4133.0
CUS_00195,X2VTRXF             ,GF ,組   ,3000.0,2023-05-09 00:00:00,1.0,4133.0
CUS_00195,3D1F1               ,GF ,支   ,200.0,2023-05-09 00:00:00,1.0,4133.0
CUS_00454,RSEND24300K         ,GF ,各   ,1500.0,2023-05-09 00:00:00,1.0,4135.0
CUS_00454,T10552              ,GF ,各   ,50.0,2023-05-09 00:00:00,2.0,4135.0
CUS_00066,2782-VZ             ,GF ,組   ,1900.0,2023-05-09 00:00:00,1.0,4135.0
CUS_00026,03AY2LF1GDF         ,GF ,次   ,800.0,2023-05-10 00:00:00,1.0,4136.0
CUS_00026,03AY2LFJ1G          ,GF ,組   ,2500.0,2023-05-10 00:00:00,1.0,4136.0
CUS_00026,03AY2MG1            ,GF ,組   ,2200.0,2023-05-10 00:00:00,2.0,4136.0
CUS_00026,PNSSC020            ,GF ,組   ,1850.0,2023-05-10 00:00:00,1.0,4136.0
CUS_00026,NO95RCVG            ,GF ,各   ,300.0,2023-05-10 00:00:00,1.0,4136.0
CUS_00389,ZEROVRMG26          ,GF ,支   ,1100.0,2023-05-10 00:00:00,1.0,4136.0
CUS_00389,ZEROVRMG16          ,GF ,支   ,900.0,2023-05-10 00:00:00,1.0,4136.0
CUS_00389,HY886UTW            ,GF ,組   ,400.0,2023-05-10 00:00:00,1.0,4136.0
CUS_00389,ZJTUA               ,GF ,罐   ,300.0,2023-05-10 00:00:00,1.0,4136.0
CUS_00084,04TOUCSNQFMT        ,GF ,組   ,1200.0,2023-05-11 00:00:00,1.0,4136.0
CUS_00076,AH59ZVQW            ,GF ,條   ,650.0,2023-05-12 00:00:00,1.0,4140.0
CUS_00076,EVEW2               ,GF ,組   ,500.0,2023-05-12 00:00:00,1.0,4140.0
CUS_00447,RSENH78000K         ,GF ,各   ,1000.0,2023-05-12 00:00:00,2.0,4140.0
CUS_00587,08RAV4QCE           ,GF ,組   ,0.0,2023-05-12 00:00:00,1.0,4141.0
CUS_00389,PNS2156             ,GF ,組   ,300.0,2023-05-12 00:00:00,1.0,4141.0
CUS_00389,G185630             ,GF ,卡   ,650.0,2023-05-12 00:00:00,1.0,4142.0
CUS_00013,P1010HVTRXF         ,GF ,組   ,7000.0,2023-05-13 00:00:00,1.0,4144.0
CUS_00587,H00867              ,GF ,張   ,0.0,2023-05-13 00:00:00,2.0,4145.0
CUS_00097,V81GUVTRXFC         ,GF ,組   ,1000.0,2023-05-15 00:00:00,1.0,4145.0
CUS_00587,RSENMGR1000ML       ,GF ,罐   ,0.0,2023-05-17 00:00:00,1.0,4155.0
CUS_00587,JUKETA1E2           ,GF ,組   ,0.0,2023-05-17 00:00:00,1.0,4156.0
CUS_00246,2TVUJE              ,GF ,組   ,2500.0,2023-05-18 00:00:00,1.0,4164.0
CUS_00246,2TXWVTAVU           ,GF ,組   ,2500.0,2023-05-18 00:00:00,1.0,4164.0
CUS_00197,SAXOQUYFRR          ,GF ,罐   ,400.0,2023-05-19 00:00:00,1.0,4165.0
CUS_00066,XW2J                ,GF ,次   ,600.0,2023-05-26 00:00:00,1.0,4183.0
CUS_00484,PNSSC020            ,GF ,組   ,1850.0,2023-05-30 00:00:00,1.0,4206.0
CUS_00205,RSEND44300K         ,GF ,各   ,1500.0,2024-06-11 00:00:00,1.0,5293.0
CUS_00205,RSEND24300K         ,GF ,各   ,1500.0,2023-05-12 00:00:00,1.0,5293.0
CUS_00587,50AP1VN             ,GF ,各   ,0.0,2025-05-24 00:00:00,2.0,6235.0
CUS_00694,CLA25022545R17XW    ,GF ,各   ,5500.0,2025-07-29 00:00:00,2.0,6422.0
CUS_00197,XW1E                ,GF ,次   ,300.0,2023-05-19 00:00:00,1.0,4165.0
CUS_00173,ZV5Q3VTRXF          ,GF ,組   ,4800.0,2023-05-19 00:00:00,1.0,4168.0
CUS_00147,OBT2FHWWVGF         ,GF ,組   ,2000.0,2023-05-20 00:00:00,1.0,4168.0
CUS_00720,LEDNN22H116000K     ,GF ,組   ,4000.0,2023-05-20 00:00:00,1.0,4168.0
CUS_00521,EVEW2               ,GF ,組   ,500.0,2023-05-20 00:00:00,1.0,4168.0
CUS_00521,10HJV5R             ,GF ,組   ,15000.0,2023-05-20 00:00:00,1.0,4168.0
CUS_00521,VA62FMTF            ,GF ,組   ,600.0,2023-05-20 00:00:00,1.0,4168.0
CUS_00521,ID6HW5              ,GF ,組   ,2000.0,2023-05-20 00:00:00,1.0,4168.0
CUS_00587,01ALTISNQFMT        ,GF ,組   ,0.0,2023-05-20 00:00:00,1.0,4169.0
CUS_00512,NOID36GS2           ,GF ,組   ,500.0,2023-05-23 00:00:00,1.0,4170.0
CUS_00512,EY                  ,GF ,次   ,100.0,2023-05-23 00:00:00,1.0,4170.0
CUS_00512,5MZVQW              ,GF ,組   ,500.0,2023-05-23 00:00:00,1.0,4170.0
CUS_00287,TURBOH4LED          ,GF ,組   ,3000.0,2023-05-23 00:00:00,1.0,4170.0
CUS_00587,SF0012              ,GF ,組   ,0.0,2023-05-24 00:00:00,1.0,4176.0
CUS_00572,LY328GSR            ,GF ,各   ,250.0,2023-05-25 00:00:00,1.0,4180.0
CUS_00084,VBDVRW1CR           ,GF ,罐   ,120.0,2023-05-25 00:00:00,1.0,4180.0
CUS_00587,K00138              ,GF ,張   ,0.0,2023-05-25 00:00:00,1.0,4181.0
CUS_00066,2782VZQ2YT          ,GF ,組   ,2000.0,2023-05-26 00:00:00,1.0,4183.0
CUS_00066,2782-VZUF15F        ,GF ,組   ,5500.0,2023-05-26 00:00:00,1.0,4183.0
CUS_00066,2782-VZYF15F        ,GF ,組   ,5500.0,2023-05-26 00:00:00,1.0,4183.0
CUS_00066,2782VZXYTLF         ,GF ,組   ,1200.0,2023-05-26 00:00:00,1.0,4183.0
CUS_00066,2782-VZYFXYT        ,GF ,組   ,1200.0,2023-05-26 00:00:00,1.0,4183.0
CUS_00656,X2VTRXF             ,GF ,組   ,2200.0,2023-05-26 00:00:00,1.0,4183.0
CUS_00561,RSENGVR             ,GF ,罐   ,200.0,2023-05-26 00:00:00,1.0,4184.0
CUS_00561,UX0GVR              ,GF ,罐   ,200.0,2023-05-26 00:00:00,1.0,4184.0
CUS_00466,2GE                 ,GF ,組   ,1500.0,2023-05-27 00:00:00,1.0,4187.0
CUS_00138,YH370FES2XEN        ,GF ,組   ,3000.0,2023-05-29 00:00:00,1.0,4195.0
CUS_00587,ID5*7X1             ,GF ,組   ,0.0,2023-05-29 00:00:00,1.0,4198.0
CUS_00417,PNSHXT205F          ,GF ,組   ,750.0,2023-05-29 00:00:00,1.0,4198.0
CUS_00417,NO16375TGGD         ,GF ,組   ,350.0,2023-05-29 00:00:00,1.0,4198.0
CUS_00417,ID5*7X1             ,GF ,組   ,4000.0,2023-05-29 00:00:00,1.0,4198.0
CUS_00679,VIOS84+64055R       ,GF ,組   ,15500.0,2023-06-15 00:00:00,1.0,4239.0
CUS_00587,ABROUF1EUR          ,GF ,罐   ,0.0,2025-10-23 00:00:00,1.0,6603.0
CUS_00587,MP3XURGF            ,GF ,組   ,0.0,2025-11-12 00:00:00,1.0,6658.0
CUS_00587,K00219              ,GF ,張   ,0.0,2025-12-11 00:00:00,1.0,6751.0
CUS_00587,MP3XUXW             ,GF ,組   ,0.0,2026-02-11 00:00:00,1.0,6898.0
CUS_00587,JKS58ZVDE           ,GF ,組   ,0.0,2023-05-30 00:00:00,1.0,4201.0
CUS_00694,GN131ZEW5           ,GF ,張   ,200.0,2023-05-30 00:00:00,1.0,4204.0
CUS_00615,92BG1E2L            ,GF ,組   ,800.0,2023-05-31 00:00:00,1.0,4206.0
CUS_00615,92BG1E2R            ,GF ,組   ,800.0,2023-05-31 00:00:00,1.0,4206.0
CUS_00615,92BGR2              ,GF ,組   ,750.0,2023-05-31 00:00:00,1.0,4206.0
CUS_00615,92BGR22             ,GF ,組   ,3000.0,2023-05-31 00:00:00,1.0,4206.0
CUS_00615,92BGEJR             ,GF ,各   ,850.0,2023-05-31 00:00:00,2.0,4206.0
CUS_00615,92BGF1E             ,GF ,組   ,2500.0,2023-05-31 00:00:00,1.0,4206.0
CUS_00433,OBT2FHWWVGF         ,GF ,組   ,3000.0,2023-05-31 00:00:00,1.0,4206.0
CUS_00433,WUSWU5TF            ,GF ,組   ,3000.0,2023-05-31 00:00:00,1.0,4206.0
CUS_00433,307DTV              ,GF ,組   ,400.0,2023-05-31 00:00:00,1.0,4206.0
CUS_00615,92BGZV2R2F          ,GF ,各   ,900.0,2023-05-31 00:00:00,1.0,4206.0
CUS_00355,ASM2723XW           ,GF ,各   ,4100.0,2023-05-31 00:00:00,2.0,4206.0
CUS_00431,DR0AZVQWL           ,GF ,各   ,700.0,2023-06-01 00:00:00,1.0,4206.0
CUS_00575,VAK14CJU            ,GF ,組   ,4000.0,2023-06-07 00:00:00,1.0,4219.0
CUS_00587,SOLIOR2F            ,GF ,各   ,0.0,2023-06-07 00:00:00,1.0,4220.0
CUS_00066,2782-VZUNR          ,GF ,組   ,16500.0,2023-06-07 00:00:00,1.0,4220.0
CUS_00481,2GE                 ,GF ,組   ,1500.0,2023-06-08 00:00:00,1.0,4222.0
CUS_00465,APPWWVGF            ,GF ,組   ,3500.0,2023-06-09 00:00:00,1.0,4222.0
CUS_00280,05VW                ,GF ,組   ,1000.0,2023-06-09 00:00:00,1.0,4222.0
CUS_00280,GPSWV               ,GF ,條   ,1000.0,2023-06-09 00:00:00,1.0,4222.0
CUS_00280,EY                  ,GF ,次   ,1000.0,2023-06-09 00:00:00,1.0,4222.0
CUS_00280,2TVUJE              ,GF ,組   ,2500.0,2023-06-09 00:00:00,1.0,4222.0
CUS_00331,AFL5050FH           ,GF ,條   ,1000.0,2023-06-11 00:00:00,2.0,4222.0
CUS_00558,V33GRR              ,GF ,組   ,500.0,2023-06-06 00:00:00,1.0,4229.0
CUS_00679,3D1F1               ,GF ,支   ,200.0,2023-06-15 00:00:00,1.0,4239.0
CUS_00587,RSEN20HUEMG         ,GF ,支   ,0.0,2023-06-16 00:00:00,1.0,4241.0
CUS_00587,WTG                 ,GF ,組   ,0.0,2023-06-16 00:00:00,1.0,4242.0
CUS_00331,NOID24GS2           ,GF ,組   ,450.0,2023-06-17 00:00:00,1.0,4242.0
CUS_00331,NOID36GS2           ,GF ,組   ,550.0,2023-06-17 00:00:00,1.0,4242.0
CUS_00694,ABTE082DXGAGDJUNRV2 ,GF ,組   ,15500.0,2023-06-16 00:00:00,1.0,4246.0
CUS_00558,MISSIONYQU          ,GF ,罐   ,450.0,2023-09-08 00:00:00,4.0,4492.0
CUS_00587,TC6683NDTY          ,GF ,組   ,0.0,2023-10-16 00:00:00,1.0,4593.0
CUS_00086,2V2Q                ,GF ,各   ,50.0,2024-06-03 00:00:00,1.0,5256.0
CUS_00431,G2DE                ,GF ,各   ,500.0,2024-08-29 00:00:00,1.0,5494.0
CUS_00558,12FVRU5XR           ,GF ,罐   ,410.0,2025-04-29 00:00:00,1.0,6121.0
CUS_00558,ZEROFV1UUR          ,GF ,罐   ,400.0,2022-03-23 00:00:00,1.0,4229.0
CUS_00091,GUNKFUR             ,GF ,組   ,450.0,2023-06-19 00:00:00,1.0,4242.0
CUS_00554,RSENT105SMD         ,GF ,卡   ,275.0,2023-06-19 00:00:00,2.0,4242.0
CUS_00016,LD7GVVTRXF          ,GF ,組   ,6000.0,2023-06-19 00:00:00,1.0,4242.0
CUS_00016,NO16375TGGD         ,GF ,組   ,350.0,2023-06-19 00:00:00,1.0,4242.0
CUS_00016,ZV5F53HNF           ,GF ,組   ,8000.0,2023-06-19 00:00:00,1.0,4242.0
CUS_00268,AFL283578           ,GF ,組   ,450.0,2023-06-19 00:00:00,4.0,4242.0
CUS_00076,PNSS23TY            ,GF ,組   ,250.0,2023-06-20 00:00:00,1.0,4245.0
CUS_00076,2UW                 ,GF ,組   ,100.0,2023-06-20 00:00:00,1.0,4245.0
CUS_00682,TURBO900622         ,GF ,組   ,1800.0,2023-04-02 00:00:00,1.0,4245.0
CUS_00085,VTRXFV              ,GF ,組   ,500.0,2023-06-20 00:00:00,1.0,4246.0
CUS_00085,16G                 ,GF ,組   ,450.0,2023-06-20 00:00:00,1.0,4246.0
CUS_00020,WISH8C4+64055R      ,GF ,組   ,15000.0,2023-06-24 00:00:00,1.0,4254.0
CUS_00031,SAXOC35W30FHU       ,GF ,罐   ,600.0,2023-06-24 00:00:00,5.0,4254.0
CUS_00031,16322T              ,GF ,各   ,100.0,2023-06-24 00:00:00,1.0,4254.0
CUS_00031,AFL283578           ,GF ,組   ,350.0,2023-06-24 00:00:00,2.0,4254.0
CUS_00085,08ALTIST2GW         ,GF ,組   ,1700.0,2023-06-26 00:00:00,1.0,4255.0
CUS_00085,08ALTIST2GWL        ,GF ,條   ,1700.0,2023-06-26 00:00:00,1.0,4255.0
CUS_00554,DRG15FCTFC          ,GF ,組   ,750.0,2023-06-26 00:00:00,2.0,4255.0
CUS_00107,05AY23RF15F         ,GF ,組   ,4950.0,2023-06-26 00:00:00,1.0,4255.0
CUS_00107,05AY23LC15F         ,GF ,組   ,4450.0,2023-06-26 00:00:00,1.0,4255.0
CUS_00107,05AY23RC15F         ,GF ,組   ,4450.0,2023-06-26 00:00:00,1.0,4255.0
CUS_00107,05AY23FXYT          ,GF ,支   ,1500.0,2023-06-26 00:00:00,2.0,4255.0
CUS_00107,05AY23CXYT          ,GF ,支   ,2000.0,2023-06-26 00:00:00,2.0,4255.0
CUS_00107,03AY23GVC5          ,GF ,組   ,2500.0,2023-06-26 00:00:00,1.0,4255.0
CUS_00107,VBDVATX-2           ,GF ,罐   ,200.0,2023-06-26 00:00:00,1.0,4255.0
CUS_00107,04AYW3GSR           ,GF ,組   ,1650.0,2023-06-26 00:00:00,1.0,4255.0
CUS_00107,05AYW3F15F          ,GF ,組   ,4950.0,2023-06-26 00:00:00,1.0,4255.0
CUS_00107,WF55D23L2Q          ,GF ,各   ,2500.0,2023-06-26 00:00:00,1.0,4255.0
CUS_00076,VTRXFV              ,GF ,組   ,300.0,2023-10-12 00:00:00,1.0,4582.0
CUS_00205,RSENHID5RF          ,GF ,各   ,500.0,2024-06-11 00:00:00,1.0,5293.0
CUS_00205,RSEN02F             ,GF ,各   ,1000.0,2024-06-11 00:00:00,1.0,5293.0
CUS_00031,12FVRU5XR           ,GF ,罐   ,550.0,2024-06-28 00:00:00,1.0,5354.0
CUS_00091,ALTISDFV            ,GF ,各   ,450.0,2024-09-09 00:00:00,1.0,5510.0
CUS_00587,RSENVMC             ,GF ,組   ,0.0,2025-05-15 00:00:00,1.0,6204.0
CUS_00031,FORTISXFXJ          ,GF ,各   ,500.0,2025-06-28 00:00:00,1.0,6346.0
CUS_00287,EY                  ,GF ,次   ,500.0,2023-07-25 00:00:00,1.0,4342.0
CUS_00443,Z1010H2YGVTRXF      ,GF ,組   ,7000.0,2023-07-26 00:00:00,1.0,4342.0
CUS_00443,AFL283578           ,GF ,組   ,500.0,2023-07-26 00:00:00,2.0,4342.0
CUS_00039,H7LED3N             ,GF ,組   ,2500.0,2023-07-26 00:00:00,1.0,4342.0
CUS_00443,H7LED3N             ,GF ,組   ,2500.0,2023-07-26 00:00:00,1.0,4342.0
CUS_00039,H11LED3N            ,GF ,組   ,2500.0,2023-07-26 00:00:00,1.0,4342.0
CUS_00332,JK40S27             ,GF ,組   ,100.0,2023-07-29 00:00:00,1.0,4347.0
CUS_00332,LD72UVTRXF          ,GF ,組   ,3000.0,2023-07-29 00:00:00,1.0,4347.0
CUS_00332,PNSF6037TY          ,GF ,組   ,300.0,2023-07-29 00:00:00,1.0,4347.0
CUS_00332,S52211ASRG1VN       ,GF ,各   ,200.0,2023-07-29 00:00:00,1.0,4347.0
CUS_00443,ZEROVRMG16          ,GF ,支   ,800.0,2023-07-31 00:00:00,1.0,4348.0
CUS_00443,EY                  ,GF ,次   ,200.0,2023-07-31 00:00:00,1.0,4348.0
CUS_00443,ZEROVRMG24          ,GF ,支   ,1000.0,2023-07-31 00:00:00,1.0,4348.0
CUS_00443,2021ZINGERTX        ,GF ,組   ,4300.0,2023-07-31 00:00:00,1.0,4348.0
CUS_00471,2TXW24V             ,GF ,組   ,2000.0,2021-10-08 00:00:00,1.0,4350.0
CUS_00471,ZV5F53HNF           ,GF ,組   ,7000.0,2023-08-01 00:00:00,1.0,4350.0
CUS_00471,N1MUX1              ,GF ,組   ,1500.0,2023-08-01 00:00:00,1.0,4350.0
CUS_00471,2TXWJX              ,GF ,組   ,2500.0,2023-08-01 00:00:00,1.0,4350.0
CUS_00733,SP5504QFE           ,GF ,各   ,1000.0,2023-08-01 00:00:00,1.0,4351.0
CUS_00733,SP5510              ,GF ,組   ,1000.0,2023-08-01 00:00:00,1.0,4351.0
CUS_00694,CC2AGM80A           ,GF ,各   ,9500.0,2023-08-02 00:00:00,1.0,4352.0
CUS_00503,04-07AY23J1GYT5T    ,GF ,組   ,1500.0,2023-08-01 00:00:00,1.0,4352.0
CUS_00503,04-07AY3WTE         ,GF ,組   ,750.0,2023-08-01 00:00:00,1.0,4352.0
CUS_00503,ERQ55D23L2Q         ,GF ,各   ,3000.0,2023-08-01 00:00:00,1.0,4352.0
CUS_00503,04-07AY23LFCGR25    ,GF ,組   ,4000.0,2023-08-01 00:00:00,1.0,4352.0
CUS_00503,0960-MNDF           ,GF ,次   ,1000.0,2023-08-01 00:00:00,1.0,4352.0
CUS_00503,CC0023DTY           ,GF ,組   ,450.0,2023-08-01 00:00:00,1.0,4352.0
CUS_00503,M00199              ,GF ,張   ,200.0,2023-08-01 00:00:00,1.0,4352.0
CUS_00503,03AY23GVC5          ,GF ,組   ,3300.0,2023-08-01 00:00:00,1.0,4352.0
CUS_00402,RSENH76000K         ,GF ,各   ,1000.0,2023-08-03 00:00:00,1.0,4356.0
CUS_00402,RSEN02F             ,GF ,各   ,1500.0,2023-08-03 00:00:00,1.0,4356.0
CUS_00587,S52211ASRG1VN       ,GF ,各   ,0.0,2023-08-03 00:00:00,1.0,4359.0
CUS_00731,S5RU6DFV            ,GF ,各   ,550.0,2023-08-02 00:00:00,1.0,4370.0
CUS_00731,DAYL60BV2           ,GF ,組   ,2000.0,2023-08-02 00:00:00,1.0,4370.0
CUS_00733,H355W2Q             ,GF ,各   ,650.0,2025-06-05 00:00:00,1.0,6280.0
CUS_00587,SENFINECOQUYSU      ,GF ,罐   ,0.0,2025-06-06 00:00:00,1.0,6284.0
CUS_00615,CHEERS1540RU        ,GF ,罐   ,300.0,2023-08-12 00:00:00,1.0,4404.0
CUS_00177,BSD-77GHZ           ,GF ,組   ,12000.0,2023-08-12 00:00:00,1.0,4407.0
CUS_00177,929TX               ,GF ,罐   ,100.0,2023-08-12 00:00:00,1.0,4407.0
CUS_00177,ZJTUA               ,GF ,罐   ,300.0,2023-08-12 00:00:00,2.0,4407.0
CUS_00177,SP702               ,GF ,罐   ,200.0,2023-08-12 00:00:00,1.0,4407.0
CUS_00308,AFL4PL-VC-C         ,GF ,組   ,2000.0,2023-08-14 00:00:00,1.0,4411.0
CUS_00308,15AY24QFMT          ,GF ,組   ,1800.0,2023-08-14 00:00:00,1.0,4411.0
CUS_00308,T10552              ,GF ,各   ,10.0,2023-08-14 00:00:00,2.0,4411.0
CUS_00254,GV2Q                ,GF ,各   ,100.0,2023-08-15 00:00:00,1.0,4413.0
CUS_00587,PNSSB27C            ,GF ,各   ,0.0,2023-08-16 00:00:00,2.0,4414.0
CUS_00587,PNSS28C02           ,GF ,組   ,0.0,2023-08-16 00:00:00,1.0,4416.0
CUS_00587,2013WISHNQFMT       ,GF ,組   ,0.0,2023-08-17 00:00:00,1.0,4417.0
CUS_00124,SONY12005R          ,GF ,組   ,4800.0,2023-08-18 00:00:00,1.0,4421.0
CUS_00124,WVXRV               ,GF ,條   ,399.0,2023-08-18 00:00:00,1.0,4421.0
CUS_00124,1UF1A               ,GF ,組   ,500.0,2023-08-18 00:00:00,1.0,4421.0
CUS_00124,2UW                 ,GF ,組   ,50.0,2023-08-18 00:00:00,1.0,4421.0
CUS_00124,SL221WV             ,GF ,組   ,399.0,2023-08-18 00:00:00,1.0,4421.0
CUS_00199,8391-N8XFEY         ,GF ,次   ,2000.0,2023-08-18 00:00:00,1.0,4423.0
CUS_00199,8391-N8ZG           ,GF ,組   ,3800.0,2023-08-18 00:00:00,1.0,4423.0
CUS_00199,XA                  ,GF ,kg  ,1500.0,2023-08-18 00:00:00,1.0,4423.0
CUS_00199,SENFINCEOXFZVFRR    ,GF ,罐   ,2500.0,2023-08-18 00:00:00,1.0,4423.0
CUS_00124,SL-702GXGWV         ,GF ,組   ,399.0,2023-08-18 00:00:00,1.0,4425.0
CUS_00555,RSENHID90066000K2Q  ,GF ,各   ,500.0,2023-08-22 00:00:00,2.0,4438.0
CUS_00691,D2ROSRAM4300K       ,GF ,各   ,2000.0,2023-08-25 00:00:00,1.0,4450.0
CUS_00630,HJX028XR            ,GF ,組   ,300.0,2023-08-24 00:00:00,1.0,4450.0
CUS_00630,HJX030GSR           ,GF ,組   ,300.0,2023-08-24 00:00:00,1.0,4450.0
CUS_00623,Z1010H2YGVTRXF      ,GF ,組   ,5500.0,2023-08-18 00:00:00,1.0,4457.0
CUS_00587,97RWCGR             ,GF ,各   ,0.0,2023-08-28 00:00:00,1.0,4459.0
CUS_00587,KYH152QFE           ,GF ,各   ,0.0,2023-08-22 00:00:00,1.0,4617.0
CUS_00555,RSEN02F             ,GF ,各   ,700.0,2024-08-26 00:00:00,1.0,5490.0
CUS_00656,WUSWU5TF            ,GF ,組   ,2000.0,2025-08-15 00:00:00,1.0,6456.0
CUS_00236,EY                  ,GF ,次   ,500.0,2025-10-23 00:00:00,1.0,6606.0
CUS_00236,TIERRADFV           ,GF ,各   ,350.0,2025-10-23 00:00:00,1.0,6606.0
CUS_00236,RSCUV               ,GF ,各   ,150.0,2025-10-23 00:00:00,1.0,6606.0
CUS_00587,LP6920F2D           ,GF ,各   ,0.0,2025-11-27 00:00:00,1.0,6689.0
CUS_00587,PNSSUN14-L          ,GF ,組   ,0.0,2025-12-02 00:00:00,1.0,6715.0
CUS_00402,NOID24GS2           ,GF ,組   ,450.0,2023-08-03 00:00:00,1.0,4356.0
CUS_00445,GSLN1               ,GF ,各   ,2300.0,2023-08-04 00:00:00,1.0,4361.0
CUS_00587,CC0023DTY           ,GF ,組   ,0.0,2023-08-04 00:00:00,1.0,4365.0
CUS_00084,07V2TUCSONQUW       ,GF ,組   ,3500.0,2023-08-04 00:00:00,1.0,4365.0
CUS_00555,LD7GVVTRXF          ,GF ,組   ,3500.0,2023-08-05 00:00:00,1.0,4368.0
CUS_00587,2018FCOUS5MW2       ,GF ,組   ,0.0,2023-08-05 00:00:00,1.0,4375.0
CUS_00647,COLTPLUST2R         ,GF ,組   ,5000.0,2023-08-07 00:00:00,1.0,4375.0
CUS_00647,UR                  ,GF ,組   ,1200.0,2023-08-07 00:00:00,1.0,4375.0
CUS_00132,02EAXCGRQL          ,GF ,各   ,800.0,2023-08-07 00:00:00,1.0,4375.0
CUS_00257,VTRXFV              ,GF ,組   ,500.0,2023-08-07 00:00:00,1.0,4379.0
CUS_00587,PNSTL80200          ,GF ,條   ,0.0,2023-08-08 00:00:00,1.0,4381.0
CUS_00587,5XGVTW              ,GF ,各   ,0.0,2023-08-08 00:00:00,1.0,4383.0
CUS_00171,NXUR                ,GF ,各   ,100.0,2023-08-08 00:00:00,1.0,4383.0
CUS_00171,ZEROFV1UUR          ,GF ,罐   ,400.0,2023-08-08 00:00:00,1.0,4383.0
CUS_00171,12FVRU5XR           ,GF ,罐   ,650.0,2023-08-08 00:00:00,1.0,4383.0
CUS_00171,FORTISXFXJ          ,GF ,各   ,450.0,2023-08-08 00:00:00,1.0,4383.0
CUS_00171,NOIDNRMG24          ,GF ,支   ,450.0,2023-08-08 00:00:00,1.0,4391.0
CUS_00171,NOIDNRMG18          ,GF ,支   ,300.0,2023-08-08 00:00:00,1.0,4391.0
CUS_00171,SENFINCEOXFZVFRR    ,GF ,罐   ,1100.0,2023-08-08 00:00:00,1.0,4391.0
CUS_00307,AFL283578           ,GF ,組   ,600.0,2023-08-10 00:00:00,2.0,4394.0
CUS_00519,AFL283578           ,GF ,組   ,600.0,2023-08-10 00:00:00,2.0,4394.0
CUS_00519,FS81TFE             ,GF ,組   ,150.0,2023-08-10 00:00:00,1.0,4394.0
CUS_00519,RSENT105630         ,GF ,卡   ,400.0,2023-08-10 00:00:00,1.0,4394.0
CUS_00519,J2WV2               ,GF ,組   ,300.0,2023-08-10 00:00:00,1.0,4394.0
CUS_00519,RSENT104014242      ,GF ,組   ,420.0,2023-08-10 00:00:00,2.0,4394.0
CUS_00682,X1E                 ,GF ,各   ,250.0,2023-08-10 00:00:00,1.0,4397.0
CUS_00615,LE-7512CFUZ         ,GF ,各   ,1200.0,2023-08-12 00:00:00,1.0,4402.0
CUS_00558,G204GVR             ,GF ,罐   ,550.0,2023-09-08 00:00:00,1.0,4492.0
CUS_00587,GSLN1               ,GF ,各   ,0.0,2023-12-06 00:00:00,1.0,4755.0
CUS_00355,02XGXFXJ            ,GF ,各   ,600.0,2024-11-16 00:00:00,1.0,5656.0
CUS_00587,PNSTPC006           ,GF ,組   ,0.0,2024-11-18 00:00:00,1.0,5657.0
CUS_00587,VBD22TBCR           ,GF ,罐   ,0.0,2025-04-17 00:00:00,1.0,6070.0
CUS_00472,IX35DFV             ,GF ,各   ,450.0,2026-01-02 00:00:00,1.0,6796.0
CUS_00472,IX35XFXJ            ,GF ,各   ,550.0,2026-01-02 00:00:00,1.0,6796.0
CUS_00107,XW2J                ,GF ,次   ,600.0,2023-06-26 00:00:00,1.0,4255.0
CUS_00587,15XTRAILTA1E2       ,GF ,組   ,0.0,2023-06-27 00:00:00,1.0,4257.0
CUS_00132,02EAXS1G            ,GF ,組   ,850.0,2023-06-28 00:00:00,1.0,4259.0
CUS_00132,02EAXDFXXR          ,GF ,各   ,2300.0,2023-06-28 00:00:00,1.0,4262.0
CUS_00615,ABRORU5XR           ,GF ,罐   ,500.0,2023-06-28 00:00:00,1.0,4262.0
CUS_00026,S28WGDE             ,GF ,組   ,250.0,2023-06-28 00:00:00,2.0,4262.0
CUS_00495,MIOC316VTRXF        ,GF ,組   ,4000.0,2023-06-28 00:00:00,1.0,4264.0
CUS_00058,SAXO1040            ,GF ,罐   ,500.0,2023-07-04 00:00:00,4.0,4267.0
CUS_00587,TA-D010             ,GF ,組   ,0.0,2023-07-04 00:00:00,1.0,4269.0
CUS_00214,GARMINDRIVE52       ,GF ,組   ,3999.0,2023-07-04 00:00:00,1.0,4269.0
CUS_00214,90052Q              ,GF ,各   ,500.0,2023-07-04 00:00:00,1.0,4269.0
CUS_00214,SF0025              ,GF ,卡   ,100.0,2023-07-04 00:00:00,1.0,4269.0
CUS_00615,92BGHV              ,GF ,組   ,5000.0,2023-07-05 00:00:00,1.0,4270.0
CUS_00615,94BGGGE             ,GF ,各   ,900.0,2023-07-05 00:00:00,1.0,4270.0
CUS_00615,94BGGRGY            ,GF ,各   ,50.0,2023-07-05 00:00:00,2.0,4270.0
CUS_00052,RSEN02F             ,GF ,各   ,1500.0,2023-07-06 00:00:00,1.0,4272.0
CUS_00052,RSENT105630         ,GF ,卡   ,500.0,2023-07-06 00:00:00,1.0,4272.0
CUS_00472,2XAF                ,GF ,組   ,100.0,2023-07-07 00:00:00,1.0,4276.0
CUS_00472,J-NABX              ,GF ,罐   ,700.0,2023-07-07 00:00:00,1.0,4276.0
CUS_00528,Z1010H2YGVTRXF      ,GF ,組   ,7000.0,2023-07-07 00:00:00,1.0,4276.0
CUS_00528,EY                  ,GF ,次   ,1000.0,2023-07-07 00:00:00,1.0,4276.0
CUS_00528,AV5F2               ,GF ,組   ,500.0,2023-07-07 00:00:00,1.0,4276.0
CUS_00528,2UFY4.8A            ,GF ,組   ,650.0,2023-07-07 00:00:00,1.0,4276.0
CUS_00587,SF-1244H1Y          ,GF ,各   ,0.0,2023-07-08 00:00:00,2.0,4280.0
CUS_00587,2XAF                ,GF ,組   ,0.0,2026-03-17 00:00:00,1.0,6989.0
CUS_00587,RSENT10MU6R         ,GF ,卡   ,0.0,2026-04-11 00:00:00,1.0,7040.0
CUS_00587,CC321USB31A         ,GF ,組   ,0.0,2023-07-08 00:00:00,1.0,4281.0
CUS_00587,SINENTA1.8TA1E2     ,GF ,組   ,0.0,2023-07-10 00:00:00,1.0,4285.0
CUS_00694,PNSHDF21            ,GF ,組   ,350.0,2023-07-11 00:00:00,1.0,4285.0
CUS_00076,DAYQQWW             ,GF ,組   ,750.0,2023-07-11 00:00:00,1.0,4287.0
CUS_00391,RAV4JD              ,GF ,組   ,2000.0,2023-07-12 00:00:00,1.0,4287.0
CUS_00391,H8222Q              ,GF ,各   ,350.0,2023-07-12 00:00:00,2.0,4287.0
CUS_00391,055REY              ,GF ,次   ,2000.0,2023-07-12 00:00:00,1.0,4287.0
CUS_00391,EY                  ,GF ,次   ,400.0,2023-07-18 00:00:00,1.0,4315.0
CUS_00587,SF4004CNVQ          ,GF ,組   ,0.0,2023-09-27 00:00:00,1.0,4538.0
CUS_00587,PNSSUN15XL          ,GF ,組   ,0.0,2024-05-24 00:00:00,1.0,5234.0
CUS_00058,12FVRU5XR           ,GF ,罐   ,550.0,2024-06-12 00:00:00,1.0,5294.0
CUS_00177,WUSWU5TF            ,GF ,組   ,3000.0,2023-07-13 00:00:00,1.0,4295.0
CUS_00177,KY330FE             ,GF ,組   ,250.0,2023-07-13 00:00:00,2.0,4295.0
CUS_00177,RSEN55ZVQW          ,GF ,條   ,650.0,2023-07-13 00:00:00,1.0,4295.0
CUS_00177,Z1212H2YVTRXF       ,GF ,組   ,9000.0,2023-07-13 00:00:00,1.0,4295.0
CUS_00177,SF0035AD            ,GF ,組   ,100.0,2023-07-13 00:00:00,1.0,4296.0
CUS_00177,NOID12R             ,GF ,組   ,400.0,2023-07-13 00:00:00,2.0,4296.0
CUS_00177,ZEROVRMG22G         ,GF ,支   ,900.0,2023-07-13 00:00:00,1.0,4296.0
CUS_00177,ZEROVRMG26          ,GF ,支   ,1100.0,2023-07-13 00:00:00,1.0,4296.0
CUS_00718,LD4VTRXF            ,GF ,組   ,2500.0,2023-07-15 00:00:00,1.0,4299.0
CUS_00667,HK902DUX1           ,GF ,組   ,1000.0,2023-07-15 00:00:00,1.0,4301.0
CUS_00630,TIERRATA1E2         ,GF ,組   ,450.0,2023-07-13 00:00:00,1.0,4301.0
CUS_00374,EY                  ,GF ,次   ,500.0,2023-07-15 00:00:00,1.0,4305.0
CUS_00587,1MT525              ,GF ,組   ,0.0,2023-07-18 00:00:00,1.0,4313.0
CUS_00391,T152UKUERL          ,GF ,組   ,3600.0,2023-07-18 00:00:00,1.0,4315.0
CUS_00093,H326812VX1          ,GF ,各   ,1400.0,2023-07-20 00:00:00,1.0,4331.0
CUS_00093,R2F                 ,GF ,組   ,200.0,2023-07-20 00:00:00,1.0,4331.0
CUS_00093,R2FVW               ,GF ,條   ,200.0,2023-07-20 00:00:00,1.0,4331.0
CUS_00120,CC321USB31A         ,GF ,組   ,450.0,2023-07-20 00:00:00,1.0,4331.0
CUS_00120,WF55D23L2Q          ,GF ,各   ,2700.0,2023-07-20 00:00:00,1.0,4331.0
CUS_00468,LD72UVTRXF          ,GF ,組   ,3500.0,2023-07-19 00:00:00,1.0,4331.0
CUS_00003,NB1040              ,GF ,罐   ,0.0,2023-07-21 00:00:00,3.0,4332.0
CUS_00555,EY                  ,GF ,次   ,200.0,2023-07-21 00:00:00,1.0,4332.0
CUS_00003,DR0AZVQWM           ,GF ,各   ,0.0,2023-07-21 00:00:00,1.0,4333.0
CUS_00003,G204GVR             ,GF ,罐   ,0.0,2023-07-21 00:00:00,1.0,4334.0
CUS_00694,D00501              ,GF ,張   ,25.0,2026-03-17 00:00:00,3.0,6987.0
CUS_00003,3MCUFFVR            ,GF ,罐   ,0.0,2023-07-21 00:00:00,1.0,4335.0
CUS_00003,H4100W2Q            ,GF ,各   ,0.0,2023-07-21 00:00:00,2.0,4337.0
CUS_00003,T5I112              ,GF ,各   ,0.0,2023-07-21 00:00:00,5.0,4338.0
CUS_00148,OBT2FHWWVGF         ,GF ,組   ,3000.0,2023-07-22 00:00:00,1.0,4338.0
CUS_00295,RSENH118000K        ,GF ,各   ,1000.0,2023-07-24 00:00:00,1.0,4341.0
CUS_00598,13TIDAFMT           ,GF ,組   ,500.0,2023-07-24 00:00:00,1.0,4342.0
CUS_00287,LEDV2Q72WCN         ,GF ,組   ,2000.0,2023-07-25 00:00:00,1.0,4342.0
CUS_00287,G2VY                ,GF ,組   ,400.0,2023-07-25 00:00:00,1.0,4342.0
CUS_00555,2TVUJE              ,GF ,組   ,1000.0,2024-05-31 00:00:00,1.0,5248.0
CUS_00587,RSENS2569ZGG2V5RCQ  ,GF ,組   ,0.0,2024-09-11 00:00:00,1.0,5515.0
CUS_00682,2TX2NU              ,GF ,組   ,1250.0,2025-07-21 00:00:00,1.0,6407.0
CUS_00587,YH1682XEN           ,GF ,組   ,0.0,2025-10-31 00:00:00,1.0,6628.0
CUS_00627,PD1066500W1UF       ,GF ,組   ,2299.0,2023-10-28 00:00:00,1.0,4628.0
CUS_00091,10WISHSE1UF         ,GF ,各   ,1500.0,2023-10-30 00:00:00,1.0,4628.0
CUS_00091,10WISHUFVC1L        ,GF ,各   ,1500.0,2023-10-30 00:00:00,1.0,4628.0
CUS_00091,10WISHUFVC1R        ,GF ,各   ,1500.0,2023-10-30 00:00:00,1.0,4628.0
CUS_00091,SF0012              ,GF ,組   ,100.0,2023-10-30 00:00:00,2.0,4628.0
CUS_00733,AH59ZVQW            ,GF ,條   ,700.0,2023-10-27 00:00:00,1.0,4635.0
CUS_00639,RSENT105R22U        ,GF ,卡   ,180.0,2023-11-01 00:00:00,1.0,4635.0
CUS_00639,RSENT105SMD         ,GF ,卡   ,160.0,2023-11-01 00:00:00,2.0,4635.0
CUS_00030,SAXO1040            ,GF ,罐   ,400.0,2023-11-01 00:00:00,4.0,4635.0
CUS_00030,RSCUV               ,GF ,各   ,100.0,2023-11-01 00:00:00,1.0,4635.0
CUS_00030,TIERRADFV           ,GF ,各   ,300.0,2023-11-01 00:00:00,1.0,4635.0
CUS_00030,ABROYQUV            ,GF ,罐   ,350.0,2023-11-01 00:00:00,1.0,4635.0
CUS_00030,MISSIONYQU          ,GF ,罐   ,400.0,2023-11-01 00:00:00,4.0,4635.0
CUS_00030,ERQ55D23L2Q         ,GF ,各   ,2800.0,2023-11-01 00:00:00,1.0,4635.0
CUS_00030,ABROZVQU            ,GF ,罐   ,200.0,2023-11-01 00:00:00,1.0,4635.0
CUS_00030,SAXOQUYFRR          ,GF ,罐   ,300.0,2023-11-01 00:00:00,1.0,4635.0
CUS_00030,ABROUFFVR           ,GF ,罐   ,300.0,2023-11-01 00:00:00,1.0,4635.0
CUS_00030,CARMACSARUR         ,GF ,罐   ,450.0,2023-11-01 00:00:00,1.0,4635.0
CUS_00587,DH26TGGW            ,GF ,組   ,0.0,2023-11-01 00:00:00,1.0,4636.0
CUS_00101,MIOC580VTRXF        ,GF ,組   ,4000.0,2023-03-30 00:00:00,1.0,4636.0
CUS_00076,MIOC580VTRXF        ,GF ,組   ,4000.0,2023-11-02 00:00:00,1.0,4636.0
CUS_00072,FAGEUW1.4           ,GF ,捲   ,750.0,2023-11-02 00:00:00,2.0,4636.0
CUS_00072,04WISH5MW2          ,GF ,組   ,1100.0,2023-11-02 00:00:00,1.0,4636.0
CUS_00072,16G                 ,GF ,組   ,400.0,2023-11-02 00:00:00,1.0,4636.0
CUS_00072,ABTE060             ,GF ,組   ,2000.0,2023-11-02 00:00:00,1.0,4636.0
CUS_00682,2012FORTISNQFMT     ,GF ,組   ,1200.0,2023-11-03 00:00:00,1.0,4637.0
CUS_00694,CLA250WT            ,GF ,次   ,3500.0,2023-11-03 00:00:00,1.0,4640.0
CUS_00587,F00917              ,GF ,張   ,0.0,2023-11-03 00:00:00,1.0,4641.0
CUS_00587,H00380              ,GF ,張   ,0.0,2023-11-03 00:00:00,2.0,4642.0
CUS_00587,F00712              ,GF ,張   ,0.0,2023-11-03 00:00:00,1.0,4643.0
CUS_00694,ABT-517HWA5W        ,GF ,各   ,900.0,2023-11-03 00:00:00,1.0,4644.0
CUS_00587,E00692              ,GF ,張   ,0.0,2023-11-03 00:00:00,1.0,4645.0
CUS_00587,5MZVQW              ,GF ,組   ,0.0,2023-11-07 00:00:00,1.0,4652.0
CUS_00587,PS2503XBTX          ,GF ,組   ,0.0,2023-11-07 00:00:00,1.0,4653.0
CUS_00482,2014WISHC2E         ,GF ,支   ,1000.0,2023-11-09 00:00:00,2.0,4662.0
CUS_00549,3M2CM               ,GF ,捲   ,120.0,2024-09-04 00:00:00,1.0,5506.0
CUS_00035,1MT5F               ,GF ,組   ,2000.0,2023-08-29 00:00:00,1.0,4462.0
CUS_00561,ID6HW5              ,GF ,組   ,3000.0,2023-08-31 00:00:00,1.0,4469.0
CUS_00587,2013FCOUSMG         ,GF ,組   ,0.0,2023-09-04 00:00:00,1.0,4485.0
CUS_00533,RET5                ,GF ,各   ,650.0,2023-09-05 00:00:00,1.0,4485.0
CUS_00561,ZINGEFUFEDF         ,GF ,次   ,5000.0,2023-08-31 00:00:00,1.0,4485.0
CUS_00228,RSENH78000K         ,GF ,各   ,300.0,2023-09-06 00:00:00,2.0,4487.0
CUS_00228,RSEN02F             ,GF ,各   ,700.0,2023-09-06 00:00:00,2.0,4487.0
CUS_00587,KY228MUX1           ,GF ,組   ,0.0,2023-09-07 00:00:00,1.0,4492.0
CUS_00472,ZEROVRMG16          ,GF ,支   ,800.0,2022-10-08 00:00:00,1.0,4492.0
CUS_00472,ZEROVRMG24          ,GF ,支   ,1000.0,2022-10-08 00:00:00,1.0,4492.0
CUS_00472,LC3.1USB2U1         ,GF ,組   ,400.0,2022-10-08 00:00:00,1.0,4492.0
CUS_00472,J00353CMG           ,GF ,支   ,400.0,2022-10-08 00:00:00,1.0,4492.0
CUS_00558,ZXDFU1Q             ,GF ,組   ,5500.0,2023-09-08 00:00:00,1.0,4492.0
CUS_00558,ZXDXQ               ,GF ,組   ,5800.0,2023-09-08 00:00:00,1.0,4492.0
CUS_00558,ZXDXA               ,GF ,次   ,2000.0,2023-09-08 00:00:00,1.0,4492.0
CUS_00558,ZXDGVXQEY           ,GF ,次   ,2000.0,2023-09-08 00:00:00,1.0,4492.0
CUS_00558,ZXDZVRQ2            ,GF ,條   ,850.0,2023-09-08 00:00:00,1.0,4492.0
CUS_00558,ZXDGV               ,GF ,組   ,5500.0,2023-09-08 00:00:00,1.0,4492.0
CUS_00558,ZXDZ2RQ2            ,GF ,條   ,600.0,2023-09-08 00:00:00,1.0,4492.0
CUS_00558,ZXDUNRQ2            ,GF ,條   ,600.0,2023-09-08 00:00:00,1.0,4492.0
CUS_00472,IX35XA              ,GF ,次   ,1500.0,2023-09-08 00:00:00,1.0,4492.0
CUS_00472,IX35XF2Q            ,GF ,各   ,1500.0,2023-09-08 00:00:00,1.0,4492.0
CUS_00472,IX35TXEY            ,GF ,次   ,2000.0,2023-09-08 00:00:00,1.0,4492.0
CUS_00684,97R2C2E             ,GF ,各   ,350.0,2023-09-08 00:00:00,1.0,4492.0
CUS_00684,GN119WFQW2L         ,GF ,條   ,650.0,2023-09-08 00:00:00,1.0,4492.0
CUS_00587,ZV2-CU              ,GF ,組   ,0.0,2023-09-07 00:00:00,1.0,4494.0
CUS_00587,ABTA116WVJFYQD      ,GF ,組   ,0.0,2023-09-09 00:00:00,1.0,4497.0
CUS_00077,A095                ,GF ,條   ,400.0,2023-09-12 00:00:00,1.0,4505.0
CUS_00077,PNSHDS04            ,GF ,組   ,800.0,2023-09-12 00:00:00,1.0,4505.0
CUS_00085,CARMACSARUR         ,GF ,罐   ,550.0,2023-09-12 00:00:00,1.0,4505.0
CUS_00533,2011CRV5MW2         ,GF ,組   ,850.0,2023-09-13 00:00:00,1.0,4507.0
CUS_00197,OBT2FHWWVGF         ,GF ,組   ,3000.0,2023-09-14 00:00:00,1.0,4508.0
CUS_00587,992W                ,GF ,組   ,0.0,2023-11-17 00:00:00,1.0,4695.0
CUS_00587,Z10CVU              ,GF ,組   ,0.0,2024-02-01 00:00:00,1.0,4928.0
CUS_00587,F00922              ,GF ,張   ,0.0,2024-03-14 00:00:00,1.0,5058.0
CUS_00254,TURBO900622         ,GF ,組   ,3000.0,2026-01-20 00:00:00,1.0,6843.0
CUS_00297,OBT2FHWWVGF         ,GF ,組   ,3000.0,2023-09-14 00:00:00,1.0,4509.0
CUS_00032,OBT2FHWWVGF         ,GF ,組   ,3000.0,2023-09-14 00:00:00,1.0,4509.0
CUS_00076,01-07ALTISQUWCN     ,GF ,組   ,3500.0,2023-09-14 00:00:00,1.0,4509.0
CUS_00041,CARDIU69525R        ,GF ,組   ,8000.0,2023-09-18 00:00:00,1.0,4512.0
CUS_00041,PNSHXT205F          ,GF ,組   ,750.0,2023-09-18 00:00:00,1.0,4512.0
CUS_00041,AY25A1D             ,GF ,組   ,2000.0,2023-09-18 00:00:00,1.0,4512.0
CUS_00587,DAYL60XU2           ,GF ,組   ,0.0,2023-09-19 00:00:00,1.0,4518.0
CUS_00587,10WISHFMT           ,GF ,組   ,0.0,2023-09-19 00:00:00,1.0,4523.0
CUS_00587,112PDQC3.0          ,GF ,組   ,0.0,2023-09-20 00:00:00,1.0,4524.0
CUS_00077,OBT2FHWWVGF         ,GF ,組   ,2000.0,2023-09-22 00:00:00,1.0,4529.0
CUS_00587,24VX1               ,GF ,組   ,0.0,2023-09-23 00:00:00,1.0,4533.0
CUS_00365,FORTISDFV           ,GF ,各   ,450.0,2023-09-23 00:00:00,1.0,4533.0
CUS_00365,FORTISXFXJ          ,GF ,各   ,500.0,2023-09-23 00:00:00,1.0,4533.0
CUS_00699,RSEND48000K         ,GF ,各   ,1000.0,2023-09-25 00:00:00,2.0,4533.0
CUS_00391,TYPERH7CR2Q         ,GF ,組   ,1000.0,2023-09-25 00:00:00,1.0,4534.0
CUS_00391,SF0025              ,GF ,卡   ,100.0,2023-09-25 00:00:00,2.0,4534.0
CUS_00047,5Y5X8GUVTRXF        ,GF ,組   ,6500.0,2023-09-26 00:00:00,1.0,4534.0
CUS_00047,2TVUJE              ,GF ,組   ,2000.0,2023-09-26 00:00:00,1.0,4534.0
CUS_00047,Z1212H2YVTRXF       ,GF ,組   ,9500.0,2023-09-26 00:00:00,1.0,4534.0
CUS_00333,12FVRU5XR           ,GF ,罐   ,550.0,2023-09-27 00:00:00,1.0,4536.0
CUS_00333,FORTISXFXJ          ,GF ,各   ,650.0,2023-09-27 00:00:00,1.0,4536.0
CUS_00333,G204GVR             ,GF ,罐   ,500.0,2023-09-27 00:00:00,1.0,4536.0
CUS_00333,ZEROVRMG18          ,GF ,支   ,200.0,2023-09-27 00:00:00,1.0,4536.0
CUS_00333,ZEROVRMG20          ,GF ,支   ,350.0,2023-09-27 00:00:00,1.0,4536.0
CUS_00333,EY                  ,GF ,次   ,1200.0,2023-09-27 00:00:00,1.0,4536.0
CUS_00267,ID3002UMX1          ,GF ,各   ,4500.0,2023-09-26 00:00:00,1.0,4539.0
CUS_00267,DAYL60XU2           ,GF ,組   ,2200.0,2023-09-26 00:00:00,1.0,4539.0
CUS_00333,ANF5265XFQ2         ,GF ,條   ,950.0,2023-09-27 00:00:00,1.0,4541.0
CUS_00333,ANF5265Z2RQ2        ,GF ,條   ,950.0,2023-09-27 00:00:00,1.0,4541.0
CUS_00333,ANF5265UFGV1        ,GF ,組   ,5300.0,2023-09-27 00:00:00,1.0,4541.0
CUS_00333,ANF5265U1E          ,GF ,組   ,30500.0,2023-09-27 00:00:00,1.0,4541.0
CUS_00333,ANF5265FARVW5       ,GF ,次   ,5500.0,2023-09-27 00:00:00,1.0,4541.0
CUS_00333,ANF52655GQ2         ,GF ,組   ,2550.0,2023-09-27 00:00:00,1.0,4541.0
CUS_00333,ANF52655GQ225       ,GF ,各   ,2500.0,2023-09-27 00:00:00,1.0,4541.0
CUS_00333,ANF52652XQ2         ,GF ,組   ,950.0,2023-09-27 00:00:00,1.0,4541.0
CUS_00333,ANF52655GQ22X       ,GF ,各   ,2500.0,2023-09-27 00:00:00,1.0,4541.0
CUS_00333,ANF5265QC5QW        ,GF ,組   ,1100.0,2023-09-27 00:00:00,1.0,4541.0
CUS_00333,ANF5265QC5Q22X      ,GF ,各   ,1800.0,2023-09-27 00:00:00,1.0,4541.0
CUS_00333,ANF5265G1Q          ,GF ,各   ,4500.0,2023-09-27 00:00:00,1.0,4541.0
CUS_00333,ANF5265RJF          ,GF ,各   ,2850.0,2023-09-27 00:00:00,1.0,4541.0
CUS_00333,ANF5265UFH5EY       ,GF ,次   ,6050.0,2023-09-27 00:00:00,1.0,4541.0
CUS_00333,RSENBEMG            ,GF ,支   ,200.0,2023-09-27 00:00:00,1.0,4545.0
CUS_00333,RSENBEMG20          ,GF ,支   ,350.0,2023-09-27 00:00:00,1.0,4545.0
CUS_00587,CARMXT2Y            ,GF ,組   ,0.0,2023-09-30 00:00:00,1.0,4548.0
CUS_00587,PNSFA02             ,GF ,組   ,0.0,2023-09-30 00:00:00,1.0,4554.0
CUS_00265,RSEN02F             ,GF ,各   ,1500.0,2023-10-02 00:00:00,1.0,4556.0
CUS_00098,2009RAVWZ2R         ,GF ,組   ,12500.0,2023-10-02 00:00:00,1.0,4556.0
CUS_00472,IX35S1G             ,GF ,組   ,3000.0,2023-10-03 00:00:00,1.0,4557.0
CUS_00098,ERQ55D23L2Q         ,GF ,各   ,3000.0,2023-10-02 00:00:00,1.0,4557.0
CUS_00554,DRG15FCTFE          ,GF ,組   ,600.0,2023-10-04 00:00:00,2.0,4557.0
CUS_00531,SAXO1040            ,GF ,罐   ,400.0,2023-10-05 00:00:00,5.0,4561.0
CUS_00531,ALTISDFV            ,GF ,各   ,450.0,2023-10-05 00:00:00,1.0,4561.0
CUS_00531,XFXJALTIS           ,GF ,各   ,500.0,2023-10-05 00:00:00,1.0,4561.0
CUS_00144,ERQ55D23L2Q         ,GF ,各   ,2800.0,2023-10-05 00:00:00,1.0,4561.0
CUS_00144,20162T              ,GF ,各   ,100.0,2023-10-05 00:00:00,2.0,4561.0
CUS_00587,AFLS180JV2          ,GF ,組   ,0.0,2023-10-06 00:00:00,1.0,4562.0
CUS_00622,U00070              ,GF ,各   ,450.0,2023-10-06 00:00:00,1.0,4570.0
CUS_00622,3M12*15             ,GF ,組   ,200.0,2023-10-06 00:00:00,1.0,4570.0
CUS_00297,ZEROVRMG26          ,GF ,支   ,1100.0,2023-09-14 00:00:00,1.0,4571.0
CUS_00587,ABROCRYXX           ,GF ,罐   ,0.0,2026-04-10 00:00:00,1.0,7036.0
CUS_00297,ZEROVRMG16          ,GF ,支   ,800.0,2023-09-14 00:00:00,1.0,4571.0
CUS_00297,ZJTUA               ,GF ,罐   ,300.0,2023-09-14 00:00:00,1.0,4571.0
CUS_00308,055MVTRXF           ,GF ,組   ,7000.0,2023-10-10 00:00:00,1.0,4572.0
CUS_00308,WUSWU5TF            ,GF ,組   ,3000.0,2023-10-10 00:00:00,1.0,4572.0
CUS_00308,ACP300XR            ,GF ,各   ,500.0,2023-10-10 00:00:00,1.0,4572.0
CUS_00308,AYW34+64055R        ,GF ,組   ,17500.0,2023-10-10 00:00:00,1.0,4572.0
CUS_00587,ABT-517HWA5W        ,GF ,各   ,0.0,2023-10-10 00:00:00,1.0,4575.0
CUS_00587,C55QEFRR            ,GF ,罐   ,0.0,2023-10-11 00:00:00,1.0,4581.0
CUS_00598,AFL283578           ,GF ,組   ,250.0,2023-10-12 00:00:00,1.0,4583.0
CUS_00086,ABT-D060USBVW       ,GF ,ek4 ,500.0,2023-10-05 00:00:00,1.0,4584.0
CUS_00587,F170F2TQW           ,GF ,yj3 ,0.0,2025-03-03 00:00:00,1.0,5920.0
CUS_00587,RSENT10MU10R        ,GF ,卡   ,0.0,2025-05-05 00:00:00,1.0,6157.0
CUS_00216,07AYW32+325R        ,GF ,組   ,14700.0,2023-10-14 00:00:00,1.0,4584.0
CUS_00587,TC6683CXDTY         ,GF ,組   ,0.0,2023-10-16 00:00:00,1.0,4588.0
CUS_00733,LD9CRW              ,GF ,組   ,2000.0,2023-10-16 00:00:00,1.0,4589.0
CUS_00587,TAXZUW              ,GF ,組   ,0.0,2023-10-16 00:00:00,1.0,4592.0
CUS_00562,OUTLANDERT2R        ,GF ,組   ,5500.0,2023-10-17 00:00:00,1.0,4593.0
CUS_00587,LIVINACGRQL         ,GF ,各   ,0.0,2023-10-17 00:00:00,1.0,4597.0
CUS_00399,NB1040              ,GF ,罐   ,500.0,2023-10-19 00:00:00,4.0,4601.0
CUS_00399,ZEROVRMG18          ,GF ,支   ,800.0,2023-10-19 00:00:00,1.0,4601.0
CUS_00399,ZEROVRMG22G         ,GF ,支   ,1000.0,2023-10-19 00:00:00,1.0,4601.0
CUS_00587,LEXUSIS200TA1E2     ,GF ,組   ,0.0,2023-10-19 00:00:00,1.0,4604.0
CUS_00531,RSENH116000K        ,GF ,各   ,500.0,2023-10-20 00:00:00,2.0,4604.0
CUS_00531,RSEN02F             ,GF ,各   ,1000.0,2023-10-20 00:00:00,2.0,4604.0
CUS_00504,2TVUJE              ,GF ,組   ,3000.0,2023-10-20 00:00:00,1.0,4604.0
CUS_00199,WUSWU5TF            ,GF ,組   ,3000.0,2023-10-20 00:00:00,1.0,4605.0
CUS_00680,LD4VTRXF            ,GF ,組   ,3000.0,2023-10-21 00:00:00,1.0,4606.0
CUS_00531,WISHC2G1D           ,GF ,各   ,60.0,2023-10-20 00:00:00,20.0,4608.0
CUS_00415,10ALTISA1D          ,GF ,組   ,1800.0,2023-10-21 00:00:00,1.0,4609.0
CUS_00415,EY                  ,GF ,次   ,1500.0,2023-10-21 00:00:00,1.0,4609.0
CUS_00680,5Y5VTRXF            ,GF ,組   ,3000.0,2023-10-21 00:00:00,1.0,4609.0
CUS_00587,GN400VU552          ,GF ,各   ,0.0,2023-10-21 00:00:00,3.0,4610.0
CUS_00587,YC019DA5RR          ,GF ,組   ,0.0,2023-10-21 00:00:00,1.0,4614.0
CUS_00707,GN115ZVQW2L         ,GF ,條   ,600.0,2023-10-23 00:00:00,1.0,4617.0
CUS_00362,PNS1704HD           ,GF ,組   ,500.0,2023-10-23 00:00:00,1.0,4617.0
CUS_00587,2004WISHNQFMT       ,GF ,組   ,0.0,2023-10-24 00:00:00,1.0,4618.0
CUS_00092,ZV5G539HNF          ,GF ,組   ,3500.0,2023-10-26 00:00:00,1.0,4624.0
CUS_00733,ABROZVQU            ,GF ,罐   ,200.0,2023-10-27 00:00:00,1.0,4624.0
CUS_00531,BUU-8103EB5         ,GF ,各   ,3000.0,2023-10-27 00:00:00,1.0,4624.0
CUS_00733,NOIDNRMG20          ,GF ,組   ,300.0,2023-10-27 00:00:00,1.0,4624.0
CUS_00733,NOIDNRMG18          ,GF ,支   ,300.0,2023-10-27 00:00:00,1.0,4624.0
CUS_00615,LE7512XECGW         ,GF ,各   ,1500.0,2023-10-27 00:00:00,2.0,4624.0
CUS_00615,XW2J                ,GF ,次   ,600.0,2023-10-27 00:00:00,1.0,4624.0
CUS_00615,GV2Q                ,GF ,各   ,100.0,2023-10-27 00:00:00,1.0,4624.0
CUS_00362,5Y5X8GUVTRXF        ,GF ,組   ,7000.0,2023-10-23 00:00:00,1.0,4626.0
CUS_00587,13TIDA5MW2          ,GF ,組   ,0.0,2023-10-27 00:00:00,1.0,4627.0
CUS_00627,TBE50021UF          ,GF ,組   ,2299.0,2023-10-28 00:00:00,1.0,4628.0
CUS_00076,LD7GVVTRXF          ,GF ,組   ,3500.0,2024-05-21 00:00:00,1.0,5219.0
CUS_00617,LI568GSR            ,GF ,組   ,350.0,2023-11-09 00:00:00,1.0,4662.0
CUS_00733,FTX1QADD            ,GF ,組   ,600.0,2023-11-09 00:00:00,1.0,4663.0
CUS_00168,RVFFMT              ,GF ,組   ,600.0,2023-11-10 00:00:00,1.0,4663.0
CUS_00168,NOID36GS2           ,GF ,組   ,550.0,2023-11-10 00:00:00,1.0,4663.0
CUS_00168,AH59ZVQW            ,GF ,條   ,750.0,2023-11-10 00:00:00,1.0,4663.0
CUS_00587,PNSHDF22XXEGRR      ,GF ,組   ,0.0,2023-11-10 00:00:00,1.0,4665.0
CUS_00587,RSEN7H2G            ,GF ,組   ,0.0,2023-11-11 00:00:00,1.0,4669.0
CUS_00587,USBGTV              ,GF ,組   ,0.0,2023-11-11 00:00:00,1.0,4670.0
CUS_00557,G7743CROSSBV2       ,GF ,卡   ,600.0,2023-11-11 00:00:00,1.0,4674.0
CUS_00587,SP3601UXR           ,GF ,組   ,0.0,2023-11-11 00:00:00,1.0,4676.0
CUS_00091,10WISHNQGFMT        ,GF ,組   ,2000.0,2023-11-13 00:00:00,1.0,4676.0
CUS_00557,CARNXT2Y            ,GF ,組   ,450.0,2023-11-03 00:00:00,1.0,4676.0
CUS_00368,TUBRO9012LED22      ,GF ,組   ,2500.0,2023-11-13 00:00:00,1.0,4678.0
CUS_00303,5Y5VTRXF            ,GF ,組   ,3000.0,2023-11-14 00:00:00,1.0,4680.0
CUS_00527,LD72UVTRXF          ,GF ,組   ,3500.0,2023-11-16 00:00:00,1.0,4684.0
CUS_00527,VIOSTA1E2           ,GF ,組   ,600.0,2023-11-16 00:00:00,1.0,4684.0
CUS_00587,ZXQ1G5M2Q           ,GF ,卡   ,0.0,2023-11-16 00:00:00,1.0,4690.0
CUS_00694,BCF-16165TQ2        ,GF ,條   ,3500.0,2023-11-17 00:00:00,1.0,4690.0
CUS_00694,BCF-1616Q2EY        ,GF ,次   ,2800.0,2023-11-17 00:00:00,1.0,4690.0
CUS_00153,055MVTRXF           ,GF ,組   ,6000.0,2023-11-20 00:00:00,1.0,4701.0
CUS_00153,ERQ55D23L2Q         ,GF ,各   ,2500.0,2023-11-20 00:00:00,1.0,4701.0
CUS_00558,RWFVEY              ,GF ,次   ,3000.0,2023-11-18 00:00:00,1.0,4710.0
CUS_00472,RWFVEY              ,GF ,次   ,3000.0,2023-11-18 00:00:00,1.0,4710.0
CUS_00153,ERQ602Q             ,GF ,各   ,2300.0,2023-11-21 00:00:00,1.0,4711.0
CUS_00587,3D3136NUWFCU2       ,GF ,組   ,0.0,2023-11-22 00:00:00,1.0,4714.0
CUS_00321,D4OSRAM4300K        ,GF ,各   ,2500.0,2023-11-22 00:00:00,1.0,4716.0
CUS_00277,Z1010H2YGVTRXF      ,GF ,組   ,6500.0,2023-11-23 00:00:00,1.0,4716.0
CUS_00277,CX5TX               ,GF ,組   ,4500.0,2023-11-23 00:00:00,1.0,4758.0
CUS_00587,GARMIN532C          ,GF ,組   ,0.0,2025-05-06 00:00:00,1.0,6162.0
CUS_00330,Z1212H2YVTRXF       ,GF ,組   ,8000.0,2023-11-22 00:00:00,1.0,6267.0
CUS_00587,NR1MY2              ,GF ,各   ,0.0,2025-06-14 00:00:00,1.0,6321.0
CUS_00694,BCF-1616CVN         ,GF ,各   ,950.0,2025-07-23 00:00:00,4.0,6411.0
CUS_00694,BCF-1616CVNEY       ,GF ,次   ,3000.0,2025-07-23 00:00:00,1.0,6411.0
CUS_00587,NHGX                ,GF ,罐   ,0.0,2025-09-09 00:00:00,1.0,6507.0
CUS_00587,08LIVINATA1E2       ,GF ,組   ,0.0,2025-10-22 00:00:00,1.0,6598.0
CUS_00587,GN12036ZVQW         ,GF ,條   ,0.0,2026-01-29 00:00:00,1.0,6868.0
CUS_00587,ABRO1WR             ,GF ,罐   ,0.0,2023-11-23 00:00:00,1.0,4718.0
CUS_00527,RSENBEMG16          ,GF ,支   ,250.0,2023-11-16 00:00:00,1.0,4733.0
CUS_00527,RSENBEMG24H         ,GF ,支   ,350.0,2023-11-16 00:00:00,1.0,4733.0
CUS_00587,PNSTK3072-12        ,GF ,組   ,0.0,2023-11-24 00:00:00,1.0,4735.0
CUS_00587,YH268FDS2XEN        ,GF ,組   ,0.0,2023-11-28 00:00:00,1.0,4741.0
CUS_00688,93XGXXQF            ,GF ,組   ,1500.0,2023-11-28 00:00:00,1.0,4741.0
CUS_00688,CARMATGTU2          ,GF ,罐   ,1000.0,2023-11-28 00:00:00,1.0,4741.0
CUS_00063,2TXWVTAVU           ,GF ,組   ,2500.0,2023-11-28 00:00:00,1.0,4741.0
CUS_00063,4.3H52TV            ,GF ,組   ,2000.0,2023-11-28 00:00:00,1.0,4741.0
CUS_00132,2004EAXCXXQ         ,GF ,組   ,2500.0,2023-11-27 00:00:00,1.0,4743.0
CUS_00132,2004EAXUFT25        ,GF ,各   ,3500.0,2023-11-27 00:00:00,1.0,4743.0
CUS_00587,2008QRVTX           ,GF ,組   ,0.0,2023-11-28 00:00:00,1.0,4746.0
CUS_00587,15XTREILMGWZJ       ,GF ,各   ,0.0,2023-11-29 00:00:00,2.0,4747.0
CUS_00072,USBGTV              ,GF ,組   ,500.0,2023-11-30 00:00:00,1.0,4747.0
CUS_00072,7H2G                ,GF ,組   ,6000.0,2023-11-30 00:00:00,1.0,4747.0
CUS_00009,2TVUSD              ,GF ,組   ,3000.0,2023-12-05 00:00:00,1.0,4749.0
CUS_00418,ABTE021CB           ,GF ,組   ,2900.0,2023-12-05 00:00:00,1.0,4749.0
CUS_00530,RSENT105630         ,GF ,卡   ,400.0,2023-12-05 00:00:00,1.0,4753.0
CUS_00530,TYPERH11T1E         ,GF ,組   ,1000.0,2023-12-05 00:00:00,1.0,4753.0
CUS_00587,RSEND43000K2Q       ,GF ,各   ,0.0,2023-12-06 00:00:00,1.0,4758.0
CUS_00298,OUTUNDERY55R        ,GF ,組   ,12500.0,2023-12-06 00:00:00,1.0,4758.0
CUS_00086,APPWWVGF            ,GF ,組   ,3500.0,2023-12-07 00:00:00,1.0,4759.0
CUS_00086,S28WGDE             ,GF ,組   ,100.0,2023-12-07 00:00:00,1.0,4759.0
CUS_00086,S83PDE              ,GF ,各   ,100.0,2023-12-07 00:00:00,1.0,4759.0
CUS_00497,X2VTRXF             ,GF ,組   ,3000.0,2023-12-07 00:00:00,1.0,4761.0
CUS_00497,RSENT104014242      ,GF ,組   ,450.0,2023-12-07 00:00:00,1.0,4761.0
CUS_00497,RSEN02F             ,GF ,各   ,1000.0,2023-12-07 00:00:00,2.0,4761.0
CUS_00497,PNSE012             ,GF ,組   ,200.0,2023-12-07 00:00:00,1.0,4761.0
CUS_00497,SR347WVJT2F         ,GF ,組   ,800.0,2023-12-07 00:00:00,1.0,4761.0
CUS_00497,RSENH48000K2Q       ,GF ,各   ,500.0,2023-12-07 00:00:00,2.0,4761.0
CUS_00710,ERQ55D23L2Q         ,GF ,各   ,2800.0,2023-12-08 00:00:00,1.0,4766.0
CUS_00442,XFXJALTIS           ,GF ,各   ,550.0,2023-12-11 00:00:00,1.0,4769.0
CUS_00442,ZEROAMN+RFC         ,GF ,罐   ,800.0,2023-12-11 00:00:00,1.0,4769.0
CUS_00694,16162T              ,GF ,各   ,300.0,2025-01-23 00:00:00,1.0,5862.0
CUS_00694,AFLS150JV2          ,GF ,組   ,2000.0,2025-12-25 00:00:00,2.0,6780.0
CUS_00161,SAXO1040            ,GF ,罐   ,400.0,2023-12-29 00:00:00,4.0,4829.0
CUS_00161,AYW3DFV             ,GF ,各   ,450.0,2023-12-29 00:00:00,1.0,4829.0
CUS_00161,CARGTUV             ,GF ,罐   ,200.0,2023-12-29 00:00:00,1.0,4829.0
CUS_00161,ABROZVQU            ,GF ,罐   ,200.0,2023-12-29 00:00:00,1.0,4829.0
CUS_00161,V37GRR              ,GF ,組   ,400.0,2023-12-29 00:00:00,1.0,4829.0
CUS_00161,GN12036ZVQW         ,GF ,條   ,350.0,2023-12-29 00:00:00,1.0,4829.0
CUS_00161,MP3XUXW             ,GF ,組   ,1000.0,2023-12-29 00:00:00,1.0,4829.0
CUS_00392,2TVUAHDVTA          ,GF ,組   ,3000.0,2023-12-30 00:00:00,1.0,4829.0
CUS_00321,05GUVTRXFVW         ,GF ,條   ,1500.0,2023-12-29 00:00:00,1.0,4829.0
CUS_00392,VBDEFFVE            ,GF ,各   ,300.0,2023-12-30 00:00:00,1.0,4829.0
CUS_00472,SENFINCEODFFRR      ,GF ,罐   ,1500.0,2023-12-30 00:00:00,1.0,4834.0
CUS_00392,H422                ,GF ,各   ,100.0,2023-12-30 00:00:00,2.0,4834.0
CUS_00281,Z1010H2YGVTRXF      ,GF ,組   ,7000.0,2023-12-30 00:00:00,1.0,4834.0
CUS_00554,RSENT105630         ,GF ,卡   ,300.0,2023-12-30 00:00:00,2.0,4834.0
CUS_00281,2UFY4.8A            ,GF ,組   ,600.0,2023-12-30 00:00:00,1.0,4834.0
CUS_00442,2013EAX055R         ,GF ,組   ,15500.0,2024-01-03 00:00:00,1.0,4834.0
CUS_00076,CXAZVQAWMA          ,GF ,各   ,750.0,2024-01-05 00:00:00,1.0,4834.0
CUS_00587,2XDC2D              ,GF ,各   ,0.0,2024-01-09 00:00:00,1.0,4835.0
CUS_00587,TAA090              ,GF ,組   ,0.0,2024-01-03 00:00:00,1.0,4839.0
CUS_00293,MP3XUXW             ,GF ,組   ,1000.0,2024-01-06 00:00:00,1.0,4844.0
CUS_00293,2012TIDANQFMT       ,GF ,組   ,1500.0,2024-01-06 00:00:00,1.0,4844.0
CUS_00293,2012TIDATA1E2       ,GF ,組   ,600.0,2024-01-06 00:00:00,1.0,4844.0
CUS_00293,T09GRR              ,GF ,組   ,200.0,2024-01-06 00:00:00,1.0,4844.0
CUS_00733,ABTE040             ,GF ,組   ,1100.0,2024-01-06 00:00:00,1.0,4844.0
CUS_00587,DAW510*50           ,GF ,張   ,0.0,2026-03-23 00:00:00,1.0,7005.0
CUS_00282,RSENH113000K2Q      ,GF ,各   ,500.0,2024-01-08 00:00:00,2.0,4844.0
CUS_00282,RSEN02F             ,GF ,各   ,1000.0,2024-01-08 00:00:00,2.0,4844.0
CUS_00317,AH59ZVQW            ,GF ,條   ,850.0,2024-01-05 00:00:00,1.0,4844.0
CUS_00317,SR-348TY            ,GF ,組   ,900.0,2024-01-05 00:00:00,1.0,4844.0
CUS_00317,S5RU7GT2WQ          ,GF ,組   ,750.0,2024-01-05 00:00:00,1.0,4844.0
CUS_00317,ZEROVRMG16          ,GF ,支   ,880.0,2024-01-05 00:00:00,1.0,4844.0
CUS_00317,ZEROVRMG24          ,GF ,支   ,1120.0,2024-01-05 00:00:00,1.0,4844.0
CUS_00009,2XDC2D              ,GF ,各   ,750.0,2024-01-08 00:00:00,1.0,4844.0
CUS_00009,2TXWSDXU            ,GF ,組   ,3500.0,2024-01-08 00:00:00,1.0,4844.0
CUS_00317,S5RTA1E2            ,GF ,組   ,1000.0,2024-01-05 00:00:00,1.0,4846.0
CUS_00317,S5RM7FMT            ,GF ,組   ,2000.0,2024-01-05 00:00:00,1.0,4851.0
CUS_00733,EY                  ,GF ,次   ,100.0,2024-04-19 00:00:00,1.0,5157.0
CUS_00009,3D1F1               ,GF ,支   ,250.0,2024-01-08 00:00:00,1.0,4844.0
CUS_00009,929TX               ,GF ,罐   ,150.0,2024-01-08 00:00:00,1.0,4844.0
CUS_00645,2XDC2D              ,GF ,各   ,750.0,2024-01-08 00:00:00,1.0,4844.0
CUS_00317,LD72UVTRXF          ,GF ,組   ,3500.0,2024-01-05 00:00:00,1.0,4846.0
CUS_00721,NOIDNRMG16          ,GF ,支   ,250.0,2024-01-10 00:00:00,1.0,4851.0
CUS_00721,NOIDNRMG24          ,GF ,支   ,350.0,2024-01-10 00:00:00,1.0,4851.0
CUS_00721,JA-16VTF            ,GF ,組   ,900.0,2024-01-10 00:00:00,1.0,4851.0
CUS_00721,J00350CMG           ,GF ,支   ,400.0,2024-01-10 00:00:00,1.0,4851.0
CUS_00721,NOIDNRMG26          ,GF ,支   ,350.0,2024-01-10 00:00:00,1.0,4851.0
CUS_00317,S5RM7TA1E2          ,GF ,組   ,1000.0,2024-01-05 00:00:00,1.0,4851.0
CUS_00293,13TIDATA1E2         ,GF ,組   ,600.0,2024-01-06 00:00:00,1.0,4851.0
CUS_00370,GN400VU552          ,GF ,各   ,300.0,2024-01-10 00:00:00,2.0,4853.0
CUS_00370,IEB001X1EUH         ,GF ,組   ,600.0,2024-01-10 00:00:00,1.0,4853.0
CUS_00370,HF007TA1Y           ,GF ,組   ,300.0,2024-01-10 00:00:00,1.0,4853.0
CUS_00370,GARMINVQ2Y          ,GF ,各   ,650.0,2024-01-10 00:00:00,1.0,4853.0
CUS_00301,ERQ602Q             ,GF ,各   ,2600.0,2024-01-11 00:00:00,1.0,4855.0
CUS_00272,15FCOUSTA1E2        ,GF ,組   ,800.0,2024-01-13 00:00:00,1.0,4863.0
CUS_00587,U75MW2              ,GF ,組   ,0.0,2024-01-13 00:00:00,1.0,4864.0
CUS_00317,U75MW2              ,GF ,組   ,750.0,2024-01-05 00:00:00,1.0,4864.0
CUS_00272,ABTE091ZDJMAIGDJVJF ,GF ,組   ,1000.0,2024-01-13 00:00:00,1.0,4868.0
CUS_00272,ZEROVRMG16          ,GF ,支   ,880.0,2024-01-13 00:00:00,1.0,4868.0
CUS_00272,ZEROVRMG24          ,GF ,支   ,1130.0,2024-01-13 00:00:00,1.0,4868.0
CUS_00272,LD-9JVGSR           ,GF ,次   ,1800.0,2024-01-13 00:00:00,1.0,4868.0
CUS_00272,LD9VTRXFV           ,GF ,各   ,700.0,2024-01-13 00:00:00,1.0,4868.0
CUS_00086,ABTE091ZDJMAIGDJVJF ,GF ,組   ,1000.0,2024-01-13 00:00:00,1.0,4868.0
CUS_00086,ZEROVRMG16          ,GF ,支   ,880.0,2024-01-13 00:00:00,1.0,4868.0
CUS_00086,ZEROVRMG24          ,GF ,支   ,1120.0,2024-01-13 00:00:00,1.0,4868.0
CUS_00086,LD-9JVGSR           ,GF ,次   ,1800.0,2024-01-13 00:00:00,1.0,4868.0
CUS_00086,LD9VTRXFV           ,GF ,各   ,700.0,2024-01-13 00:00:00,1.0,4868.0
CUS_00293,TJ6185J2            ,GF ,組   ,350.0,2024-01-06 00:00:00,1.0,4868.0
CUS_00293,PNSHG03             ,GF ,組   ,150.0,2024-01-06 00:00:00,1.0,4868.0
CUS_00293,8YCA                ,GF ,各   ,50.0,2024-01-06 00:00:00,1.0,4868.0
CUS_00370,GARMINVQR           ,GF ,各   ,600.0,2024-01-10 00:00:00,1.0,4869.0
CUS_00587,ABTE091ZDJMAIGDJVJF ,GF ,組   ,0.0,2024-11-08 00:00:00,1.0,5624.0
CUS_00587,HY8910FCW           ,GF ,組   ,0.0,2024-11-12 00:00:00,1.0,5645.0
CUS_00301,NB1040              ,GF ,罐   ,550.0,2024-01-16 00:00:00,5.0,4870.0
CUS_00301,CRVUV               ,GF ,各   ,200.0,2024-01-16 00:00:00,1.0,4870.0
CUS_00301,HRADFV              ,GF ,各   ,450.0,2024-01-16 00:00:00,1.0,4870.0
CUS_00301,UX0GVR              ,GF ,罐   ,200.0,2024-01-16 00:00:00,1.0,4870.0
CUS_00344,CARDIOCA700.1A      ,GF ,組   ,11000.0,2024-01-17 00:00:00,1.0,4872.0
CUS_00344,055MVTRXF           ,GF ,組   ,6000.0,2024-01-17 00:00:00,1.0,4872.0
CUS_00706,POSEN20H            ,GF ,組   ,400.0,2024-01-18 00:00:00,0.5,4874.0
CUS_00706,RSENUEMG20H         ,GF ,各   ,200.0,2024-01-18 00:00:00,1.0,4874.0
CUS_00138,32G                 ,GF ,各   ,500.0,2024-01-18 00:00:00,2.0,4875.0
CUS_00138,NO16375TGGD         ,GF ,組   ,400.0,2024-01-18 00:00:00,1.0,4875.0
CUS_00162,NB1040              ,GF ,罐   ,500.0,2024-01-18 00:00:00,4.0,4875.0
CUS_00162,RSENGVR             ,GF ,罐   ,150.0,2024-01-18 00:00:00,1.0,4875.0
CUS_00162,VR1RUV              ,GF ,各   ,150.0,2024-01-18 00:00:00,1.0,4875.0
CUS_00162,TIDADFV             ,GF ,各   ,350.0,2024-01-18 00:00:00,1.0,4875.0
CUS_00162,ABROUFFVR           ,GF ,罐   ,350.0,2024-01-18 00:00:00,1.0,4875.0
CUS_00258,NB1040              ,GF ,罐   ,500.0,2024-01-20 00:00:00,4.0,4879.0
CUS_00258,ABROGV5X            ,GF ,罐   ,200.0,2024-01-20 00:00:00,1.0,4879.0
CUS_00258,G74435630           ,GF ,卡   ,900.0,2024-01-20 00:00:00,1.0,4879.0
CUS_00226,LD4VTRXF            ,GF ,組   ,3500.0,2024-01-23 00:00:00,1.0,4886.0
CUS_00357,Z1212H2YVTRXF       ,GF ,組   ,10000.0,2024-01-23 00:00:00,1.0,4886.0
CUS_00694,2TXWSDXU            ,GF ,組   ,3500.0,2024-01-24 00:00:00,1.0,4891.0
CUS_00694,2TVUSD              ,GF ,組   ,3500.0,2024-01-24 00:00:00,1.0,4891.0
CUS_00473,2TVUJE              ,GF ,組   ,2000.0,2024-01-24 00:00:00,1.0,4891.0
CUS_00340,CARDIOCA700.1A      ,GF ,組   ,11500.0,2024-01-25 00:00:00,1.0,4894.0
CUS_00340,055MVTRXF           ,GF ,組   ,7500.0,2024-01-25 00:00:00,1.0,4894.0
CUS_00340,NOIDNRMG16          ,GF ,支   ,250.0,2024-01-25 00:00:00,1.0,4895.0
CUS_00340,NOIDNRMG24          ,GF ,支   ,350.0,2024-01-25 00:00:00,1.0,4895.0
CUS_00340,RSENMGR             ,GF ,罐   ,200.0,2024-01-25 00:00:00,1.0,4895.0
CUS_00309,ZV5G539HNF          ,GF ,組   ,3500.0,2024-01-28 00:00:00,1.0,4898.0
CUS_00309,ERQ55D23L2Q         ,GF ,各   ,3000.0,2024-01-28 00:00:00,1.0,4898.0
CUS_00587,PNSTL60120          ,GF ,條   ,0.0,2024-01-30 00:00:00,1.0,4914.0
CUS_00254,RSENT105630         ,GF ,卡   ,400.0,2024-07-12 00:00:00,1.0,5385.0
CUS_00309,32G                 ,GF ,各   ,500.0,2024-10-01 00:00:00,1.0,5550.0
CUS_00678,2TXWSDXU            ,GF ,組   ,3000.0,2024-12-02 00:00:00,1.0,5677.0
CUS_00587,ABROQAG1XTUA        ,GF ,組   ,0.0,2025-05-29 00:00:00,1.0,6259.0
CUS_00682,LP6920F2D           ,GF ,各   ,120.0,2024-02-08 00:00:00,1.0,4970.0
CUS_00682,NO771WVG            ,GF ,各   ,200.0,2024-02-08 00:00:00,1.0,4970.0
CUS_00682,EX0085JC            ,GF ,組   ,500.0,2024-02-08 00:00:00,1.0,4970.0
CUS_00215,AY25054+645R        ,GF ,組   ,16500.0,2024-02-09 00:00:00,1.0,4971.0
CUS_00570,ABTE091ZDJMAIGDJVJF ,GF ,組   ,1000.0,2024-02-09 00:00:00,1.0,4971.0
CUS_00570,HNFVW               ,GF ,條   ,1000.0,2024-02-09 00:00:00,1.0,4971.0
CUS_00656,5Y5VTRXF            ,GF ,組   ,2500.0,2024-02-15 00:00:00,1.0,4974.0
CUS_00587,HK902DUX1           ,GF ,組   ,0.0,2024-02-15 00:00:00,1.0,4975.0
CUS_00587,H00501              ,GF ,張   ,0.0,2024-02-15 00:00:00,1.0,4978.0
CUS_00345,GARMIN532C          ,GF ,組   ,4999.0,2024-02-17 00:00:00,1.0,4982.0
CUS_00345,LD72UVTRXF          ,GF ,組   ,3500.0,2024-02-17 00:00:00,1.0,4982.0
CUS_00499,RSENT105630         ,GF ,卡   ,400.0,2024-02-17 00:00:00,1.0,4982.0
CUS_00499,IN312835GS2         ,GF ,組   ,400.0,2024-02-17 00:00:00,2.0,4982.0
CUS_00499,AFL283578           ,GF ,組   ,500.0,2024-02-17 00:00:00,1.0,4982.0
CUS_00587,SENFINCEODFFRR      ,GF ,罐   ,0.0,2024-02-17 00:00:00,1.0,4983.0
CUS_00035,ERQ602Q             ,GF ,各   ,2300.0,2024-02-19 00:00:00,1.0,4988.0
CUS_00035,WF602Q              ,GF ,各   ,2300.0,2024-02-19 00:00:00,1.0,4988.0
CUS_00709,RSENT105630         ,GF ,卡   ,350.0,2024-02-20 00:00:00,2.0,4989.0
CUS_00709,IN312835GS2         ,GF ,組   ,400.0,2024-02-20 00:00:00,1.0,4989.0
CUS_00709,GS2T                ,GF ,組   ,400.0,2024-02-20 00:00:00,1.0,4989.0
CUS_00661,MP3XUXW             ,GF ,組   ,1000.0,2024-02-20 00:00:00,1.0,4989.0
CUS_00661,5HMVGXCA            ,GF ,各   ,120.0,2024-02-20 00:00:00,2.0,4989.0
CUS_00661,6YQD                ,GF ,各   ,150.0,2024-02-20 00:00:00,1.0,4991.0
CUS_00682,2XDFMT              ,GF ,組   ,750.0,2024-02-21 00:00:00,1.0,4994.0
CUS_00499,LEDNN22H116000K     ,GF ,組   ,2500.0,2024-02-17 00:00:00,1.0,4994.0
CUS_00499,RSENT104014242      ,GF ,組   ,450.0,2026-03-19 00:00:00,1.0,7003.0
CUS_00499,H11LED3N            ,GF ,組   ,2500.0,2024-02-17 00:00:00,1.0,4994.0
CUS_00587,H4100W2Q            ,GF ,各   ,0.0,2024-02-26 00:00:00,1.0,5007.0
CUS_00076,Z10GUVTRXF20A       ,GF ,組   ,5500.0,2024-02-26 00:00:00,1.0,5010.0
CUS_00364,RSEND1S8000K        ,GF ,各   ,1500.0,2024-03-06 00:00:00,1.0,5023.0
CUS_00074,DAYQQWW             ,GF ,組   ,700.0,2024-03-09 00:00:00,1.0,5039.0
CUS_00661,6HMVGXCA            ,GF ,各   ,120.0,2024-07-16 00:00:00,3.0,5394.0
CUS_00661,ABT563FYQD          ,GF ,組   ,200.0,2024-07-16 00:00:00,1.0,5394.0
CUS_00587,H00658              ,GF ,張   ,0.0,2024-07-29 00:00:00,1.0,5422.0
CUS_00076,Z1010H2YGVTRXF      ,GF ,組   ,4000.0,2025-07-01 00:00:00,1.0,6349.0
CUS_00555,01ALTIS5MW2         ,GF ,組   ,600.0,2024-02-27 00:00:00,1.0,5011.0
CUS_00161,ZEROFV1UUR          ,GF ,罐   ,400.0,2024-02-27 00:00:00,1.0,5011.0
CUS_00199,82VACVN             ,GF ,各   ,850.0,2024-03-01 00:00:00,4.0,5015.0
CUS_00199,H8222Q              ,GF ,各   ,400.0,2024-03-01 00:00:00,1.0,5015.0
CUS_00099,MIOD20VTRXF         ,GF ,組   ,4000.0,2024-03-04 00:00:00,1.0,5021.0
CUS_00099,VTRXFCGRV           ,GF ,組   ,300.0,2024-03-04 00:00:00,1.0,5021.0
CUS_00386,Z1010H2YGVTRXF      ,GF ,組   ,7000.0,2024-03-04 00:00:00,1.0,5021.0
CUS_00386,UJGYXCR             ,GF ,各   ,70.0,2024-03-04 00:00:00,4.0,5021.0
CUS_00386,LW-P001             ,GF ,各   ,220.0,2024-03-04 00:00:00,1.0,5021.0
CUS_00682,A7MVEY2             ,GF ,各   ,700.0,2024-03-07 00:00:00,2.0,5031.0
CUS_00235,Z1010H2YGVTRXF      ,GF ,組   ,6667.0,2024-03-07 00:00:00,1.0,5032.0
CUS_00587,12AY25TA1E2         ,GF ,組   ,0.0,2024-03-08 00:00:00,1.0,5034.0
CUS_00475,LEDXG2W             ,GF ,組   ,2000.0,2024-03-08 00:00:00,1.0,5035.0
CUS_00219,RSEND23000K         ,GF ,各   ,1200.0,2024-03-09 00:00:00,1.0,5039.0
CUS_00219,RSENHID5RF          ,GF ,各   ,500.0,2024-03-09 00:00:00,1.0,5039.0
CUS_00219,EY                  ,GF ,次   ,500.0,2024-03-09 00:00:00,1.0,5039.0
CUS_00475,2GE                 ,GF ,組   ,1800.0,2024-03-08 00:00:00,1.0,5039.0
CUS_00475,S28WGDE             ,GF ,組   ,200.0,2024-03-08 00:00:00,1.0,5039.0
CUS_00170,OBLRUR              ,GF ,罐   ,650.0,2024-03-11 00:00:00,1.0,5039.0
CUS_00170,FS81TFE             ,GF ,組   ,150.0,2024-03-11 00:00:00,1.0,5039.0
CUS_00170,VVXN                ,GF ,組   ,200.0,2024-03-11 00:00:00,1.0,5039.0
CUS_00170,FORTISTA1E2         ,GF ,組   ,500.0,2024-03-11 00:00:00,1.0,5039.0
CUS_00170,EY                  ,GF ,次   ,200.0,2024-03-11 00:00:00,1.0,5039.0
CUS_00170,MP3XUXW             ,GF ,組   ,1000.0,2024-03-11 00:00:00,1.0,5039.0
CUS_00219,RSEN02F             ,GF ,各   ,1500.0,2024-03-09 00:00:00,1.0,5041.0
CUS_00612,V18H4LED22          ,GF ,組   ,2499.0,2024-03-11 00:00:00,1.0,5041.0
CUS_00587,H7OSRARN2Q          ,GF ,各   ,0.0,2026-03-04 00:00:00,1.0,6957.0
CUS_00612,DAW510*50           ,GF ,張   ,200.0,2024-03-11 00:00:00,1.0,5041.0
CUS_00612,EY                  ,GF ,次   ,201.0,2024-03-11 00:00:00,1.0,5041.0
CUS_00609,CAR5205R            ,GF ,組   ,3500.0,2024-03-11 00:00:00,1.0,5041.0
CUS_00609,EY                  ,GF ,次   ,500.0,2024-03-11 00:00:00,1.0,5041.0
CUS_00587,RSENUE16HMG         ,GF ,支   ,0.0,2024-11-15 00:00:00,1.0,5653.0
CUS_00076,KMWTV               ,GF ,各   ,150.0,2025-03-15 00:00:00,2.0,5944.0
CUS_00587,RSENT2069DGCQ       ,GF ,組   ,0.0,2025-04-28 00:00:00,1.0,6115.0
CUS_00587,SAXOC35W30FHU       ,GF ,罐   ,0.0,2025-08-13 00:00:00,1.0,6455.0
CUS_00587,JXFYE               ,GF ,組   ,0.0,2025-09-26 00:00:00,1.0,6548.0
CUS_00199,ZEROFV1UUR          ,GF ,罐   ,400.0,2025-12-18 00:00:00,1.0,6764.0
CUS_00587,RSEND14300K2Q       ,GF ,各   ,0.0,2023-12-11 00:00:00,1.0,4773.0
CUS_00298,LD72UVTRXF          ,GF ,組   ,3500.0,2023-12-15 00:00:00,1.0,4781.0
CUS_00532,BUW-7317            ,GF ,次   ,2000.0,2023-12-16 00:00:00,1.0,4787.0
CUS_00532,BUW73172Q           ,GF ,各   ,1500.0,2023-12-16 00:00:00,1.0,4787.0
CUS_00532,BUW-7317XFGBQ       ,GF ,組   ,5500.0,2023-12-16 00:00:00,1.0,4787.0
CUS_00532,BUW-7317XFH5EY      ,GF ,次   ,5500.0,2023-12-16 00:00:00,1.0,4787.0
CUS_00532,BUW-7317UFEXRN      ,GF ,組   ,2500.0,2023-12-16 00:00:00,1.0,4787.0
CUS_00532,BUW-7317XFZG        ,GF ,組   ,5800.0,2023-12-16 00:00:00,1.0,4787.0
CUS_00532,BUW-7317XFXV        ,GF ,各   ,750.0,2023-12-16 00:00:00,1.0,4787.0
CUS_00532,ZEROFV1UUR          ,GF ,罐   ,400.0,2023-12-16 00:00:00,1.0,4787.0
CUS_00532,06TIDATA1E2         ,GF ,組   ,450.0,2023-12-16 00:00:00,1.0,4787.0
CUS_00355,ZEROFV1UUR          ,GF ,罐   ,400.0,2023-12-18 00:00:00,1.0,4788.0
CUS_00355,FCOUSUV             ,GF ,各   ,200.0,2023-12-18 00:00:00,1.0,4788.0
CUS_00530,RSENH113000K2Q      ,GF ,各   ,500.0,2023-12-19 00:00:00,2.0,4789.0
CUS_00530,RSEN02F             ,GF ,各   ,1000.0,2023-12-19 00:00:00,2.0,4789.0
CUS_00190,2TXWVTAVU           ,GF ,組   ,4000.0,2023-12-23 00:00:00,1.0,4798.0
CUS_00190,OBT2FHWWVGF         ,GF ,組   ,3000.0,2023-12-23 00:00:00,1.0,4798.0
CUS_00411,LD7GVVTRXF          ,GF ,組   ,7500.0,2023-12-23 00:00:00,1.0,4804.0
CUS_00682,YARISCORSSNQFMT     ,GF ,組   ,0.0,2023-12-25 00:00:00,1.0,4807.0
CUS_00682,V37GRR              ,GF ,組   ,0.0,2023-12-25 00:00:00,1.0,4808.0
CUS_00682,GHA313VRW           ,GF ,組   ,0.0,2023-12-25 00:00:00,1.0,4809.0
CUS_00132,ABRORU5XR           ,GF ,罐   ,550.0,2023-12-25 00:00:00,1.0,4809.0
CUS_00587,YARISCORSSNQFMT     ,GF ,組   ,0.0,2023-12-26 00:00:00,1.0,4816.0
CUS_00416,LD9VTRXFV           ,GF ,各   ,700.0,2023-12-29 00:00:00,1.0,4824.0
CUS_00416,LD-9JVGSR           ,GF ,次   ,1800.0,2023-12-29 00:00:00,1.0,4824.0
CUS_00587,U7NQGFMT            ,GF ,組   ,0.0,2023-12-29 00:00:00,1.0,4829.0
CUS_00293,RSENA1FTU11A5W      ,GF ,組   ,350.0,2024-01-06 00:00:00,1.0,4868.0
CUS_00588,F501TAZQW           ,GF ,捲   ,300.0,2024-01-30 00:00:00,1.0,4916.0
CUS_00554,Z10GUVTRXF20A       ,GF ,組   ,5500.0,2024-03-11 00:00:00,1.0,5041.0
CUS_00587,YARISCORSS1E2       ,GF ,組   ,0.0,2024-08-24 00:00:00,1.0,5485.0
CUS_00076,OBT2FHWWVGF         ,GF ,組   ,2000.0,2024-11-08 00:00:00,1.0,5607.0
CUS_00587,BOSCHX1             ,GF ,組   ,0.0,2024-12-13 00:00:00,1.0,5720.0
CUS_00442,EAXDFV              ,GF ,各   ,450.0,2024-12-27 00:00:00,1.0,5769.0
CUS_00587,PW-15WU1            ,GF ,各   ,0.0,2025-09-08 00:00:00,3.0,6505.0
CUS_00333,SAXO1040            ,GF ,罐   ,400.0,2025-10-16 00:00:00,5.0,6573.0
CUS_00682,RSEN55ZVQW          ,GF ,條   ,550.0,2026-02-11 00:00:00,1.0,6898.0
CUS_00694,4.3H52TV            ,GF ,組   ,3000.0,2024-01-31 00:00:00,1.0,4921.0
CUS_00660,FY2T2R              ,GF ,組   ,2571.0,2024-02-01 00:00:00,1.0,4924.0
CUS_00561,CARMATERUR          ,GF ,罐   ,350.0,2024-02-02 00:00:00,1.0,4931.0
CUS_00067,MISSIONYQU          ,GF ,罐   ,400.0,2024-02-02 00:00:00,4.0,4931.0
CUS_00067,ZEROFV1UUR          ,GF ,罐   ,400.0,2024-02-02 00:00:00,1.0,4931.0
CUS_00673,WISH701QUW          ,GF ,組   ,600.0,2024-02-03 00:00:00,1.0,4933.0
CUS_00673,RSEN57ZVQW          ,GF ,組   ,585.0,2024-02-03 00:00:00,1.0,4933.0
CUS_00673,3M1UFTR             ,GF ,各   ,315.0,2024-02-03 00:00:00,1.0,4933.0
CUS_00587,H-326111X1          ,GF ,組   ,0.0,2024-02-03 00:00:00,1.0,4934.0
CUS_00435,2TXWGJG             ,GF ,組   ,3500.0,2024-02-04 00:00:00,1.0,4934.0
CUS_00435,929TX               ,GF ,罐   ,100.0,2024-02-04 00:00:00,1.0,4934.0
CUS_00435,3D1F1               ,GF ,支   ,215.0,2024-02-04 00:00:00,1.0,4934.0
CUS_00435,2UFY4.8A            ,GF ,組   ,685.0,2024-02-04 00:00:00,1.0,4934.0
CUS_00262,WISH8C4+64055R      ,GF ,組   ,15500.0,2024-02-04 00:00:00,1.0,4938.0
CUS_00262,2TVUAHDJE           ,GF ,組   ,3000.0,2024-02-04 00:00:00,1.0,4938.0
CUS_00091,H1135W22Q           ,GF ,各   ,300.0,2024-02-05 00:00:00,1.0,4939.0
CUS_00694,XWH5EY              ,GF ,次   ,500.0,2024-02-05 00:00:00,1.0,4939.0
CUS_00592,FORTISXFXJ          ,GF ,各   ,500.0,2024-02-06 00:00:00,1.0,4942.0
CUS_00592,NB1040              ,GF ,罐   ,550.0,2024-02-06 00:00:00,4.0,4942.0
CUS_00448,RSENH118000K        ,GF ,各   ,500.0,2024-02-07 00:00:00,2.0,4947.0
CUS_00448,RSEN02F             ,GF ,各   ,1000.0,2024-02-07 00:00:00,2.0,4947.0
CUS_00400,V18LEDH7            ,GF ,組   ,2499.0,2024-02-08 00:00:00,1.0,4951.0
CUS_00615,LE-7512Z2REY        ,GF ,次   ,1000.0,2024-02-08 00:00:00,1.0,4962.0
CUS_00615,LE-7512R2F          ,GF ,各   ,2000.0,2024-02-08 00:00:00,1.0,4962.0
CUS_00615,LE-7512Z2R          ,GF ,組   ,5000.0,2024-02-08 00:00:00,1.0,4962.0
CUS_00390,RSENHID55WUADG      ,GF ,各   ,2000.0,2024-02-08 00:00:00,2.0,4967.0
CUS_00390,AH64ZVQW            ,GF ,條   ,750.0,2024-02-08 00:00:00,1.0,4967.0
CUS_00390,2UFY4.8A            ,GF ,組   ,650.0,2024-02-08 00:00:00,1.0,4967.0
CUS_00435,2UY24.8A            ,GF ,組   ,750.0,2024-02-04 00:00:00,1.0,4967.0
CUS_00390,NO16375TGGD         ,GF ,組   ,400.0,2024-02-08 00:00:00,1.0,4967.0
CUS_00390,NOIDNRMG18          ,GF ,支   ,300.0,2024-02-08 00:00:00,1.0,4967.0
CUS_00390,NOIDNRMG22          ,GF ,支   ,350.0,2024-02-08 00:00:00,1.0,4967.0
CUS_00587,5E2C                ,GF ,組   ,0.0,2025-11-27 00:00:00,1.0,6693.0
CUS_00694,E00729              ,GF ,張   ,27.0,2025-12-29 00:00:00,1.0,6786.0
CUS_00587,GGCGRR              ,GF ,組   ,0.0,2024-03-11 00:00:00,1.0,5044.0
CUS_00340,AV5F2               ,GF ,組   ,650.0,2024-03-13 00:00:00,1.0,5051.0
CUS_00340,V1                  ,GF ,組   ,1200.0,2024-03-13 00:00:00,1.0,5051.0
CUS_00340,ID1.52B             ,GF ,各   ,2500.0,2024-03-13 00:00:00,1.0,5051.0
CUS_00622,Z1212H2YVTRXF       ,GF ,組   ,10000.0,2024-03-13 00:00:00,1.0,5051.0
CUS_00622,U00075              ,GF ,組   ,850.0,2024-03-13 00:00:00,2.0,5051.0
CUS_00340,AV5VC               ,GF ,組   ,600.0,2024-03-13 00:00:00,1.0,5051.0
CUS_00340,EY                  ,GF ,次   ,1200.0,2024-03-13 00:00:00,1.0,5051.0
CUS_00587,TAA055DQF0FTV       ,GF ,組   ,0.0,2024-03-14 00:00:00,1.0,5060.0
CUS_00587,TAA013RUUVW5        ,GF ,件   ,0.0,2024-03-14 00:00:00,1.0,5061.0
CUS_00587,TCOUSTA1E2          ,GF ,各   ,0.0,2024-03-14 00:00:00,1.0,5064.0
CUS_00597,LD7GVVTRXF          ,GF ,組   ,3500.0,2024-03-15 00:00:00,1.0,5066.0
CUS_00557,09011LEDXR2         ,GF ,組   ,1250.0,2024-03-15 00:00:00,1.0,5066.0
CUS_00034,D2LDE6000K2Q        ,GF ,組   ,3000.0,2024-03-16 00:00:00,1.0,5068.0
CUS_00091,NB1040              ,GF ,罐   ,600.0,2024-03-16 00:00:00,5.0,5068.0
CUS_00091,ZEROFV1UUR          ,GF ,罐   ,350.0,2024-03-16 00:00:00,1.0,5068.0
CUS_00296,2TXWVTAVU           ,GF ,組   ,1500.0,2024-03-19 00:00:00,1.0,5069.0
CUS_00587,ESCAPEFMT           ,GF ,組   ,0.0,2024-03-19 00:00:00,1.0,5073.0
CUS_00733,W2XEUA              ,GF ,各   ,1400.0,2024-03-19 00:00:00,1.0,5074.0
CUS_00733,SF0035AD            ,GF ,組   ,100.0,2024-03-19 00:00:00,1.0,5074.0
CUS_00074,PNSS25              ,GF ,組   ,500.0,2024-03-21 00:00:00,1.0,5075.0
CUS_00137,WF602Q              ,GF ,各   ,2100.0,2024-03-22 00:00:00,1.0,5078.0
CUS_00724,MIOC316VTRXF        ,GF ,組   ,3400.0,2024-03-23 00:00:00,1.0,5078.0
CUS_00492,RSEN90068000K2Q     ,GF ,各   ,500.0,2024-03-23 00:00:00,2.0,5078.0
CUS_00492,RSEN02F             ,GF ,各   ,750.0,2024-03-23 00:00:00,2.0,5078.0
CUS_00038,03LANCH058C3+325R   ,GF ,組   ,10500.0,2024-03-25 00:00:00,1.0,5084.0
CUS_00091,UTEY                ,GF ,次   ,300.0,2026-03-09 00:00:00,1.0,6969.0
CUS_00561,ZINGERUV            ,GF ,各   ,200.0,2026-04-11 00:00:00,1.0,7039.0
CUS_00038,03LANCHXFVE         ,GF ,各   ,2000.0,2024-03-25 00:00:00,1.0,5084.0
CUS_00067,ERQ602Q             ,GF ,各   ,2500.0,2024-03-27 00:00:00,1.0,5092.0
CUS_00535,RSENGR1539MM        ,GF ,卡   ,500.0,2024-03-27 00:00:00,2.0,5093.0
CUS_00587,YC016DAGGTW         ,GF ,組   ,0.0,2024-03-29 00:00:00,1.0,5103.0
CUS_00587,YC017DAQ2WW         ,GF ,組   ,200.0,2024-03-29 00:00:00,2.0,5106.0
CUS_00042,LD9CRW              ,GF ,組   ,2500.0,2024-03-30 00:00:00,1.0,5106.0
CUS_00479,PS301GS2            ,GF ,各   ,300.0,2024-03-30 00:00:00,1.0,5106.0
CUS_00448,ZEROVRMG24          ,GF ,支   ,1130.0,2025-01-22 00:00:00,1.0,5855.0
CUS_00587,12FVRU5XR           ,GF ,罐   ,0.0,2025-04-24 00:00:00,1.0,6107.0
CUS_00587,RSENUE12HMG         ,GF ,支   ,0.0,2025-08-07 00:00:00,1.0,6433.0
CUS_00479,ESCAPE2+32055R      ,GF ,組   ,12000.0,2024-03-30 00:00:00,1.0,5106.0
CUS_00479,055MVTRXF           ,GF ,組   ,7500.0,2024-03-30 00:00:00,1.0,5106.0
CUS_00479,TYPERH4CR           ,GF ,組   ,1000.0,2024-03-30 00:00:00,1.0,5106.0
CUS_00479,GXGWV               ,GF ,組   ,500.0,2024-03-30 00:00:00,1.0,5106.0
CUS_00479,KY165LED2Q          ,GF ,卡   ,500.0,2024-03-30 00:00:00,2.0,5106.0
CUS_00112,J00350CMG           ,GF ,支   ,400.0,2024-04-01 00:00:00,1.0,5106.0
CUS_00112,NO16375TGGD         ,GF ,組   ,400.0,2024-04-01 00:00:00,1.0,5106.0
CUS_00112,LD72UVTRXF          ,GF ,組   ,3500.0,2024-04-01 00:00:00,1.0,5106.0
CUS_00112,07LIVINAGTQ         ,GF ,組   ,550.0,2024-04-01 00:00:00,1.0,5106.0
CUS_00112,2TVUJE              ,GF ,組   ,2650.0,2024-04-01 00:00:00,1.0,5106.0
CUS_00682,15EAXNQFMT          ,GF ,組   ,1200.0,2024-04-01 00:00:00,1.0,5106.0
CUS_00587,PNSFDB324           ,GF ,組   ,0.0,2024-04-03 00:00:00,1.0,5110.0
CUS_00694,T10506FHUD2         ,GF ,組   ,650.0,2024-04-06 00:00:00,1.0,5110.0
CUS_00365,20322T              ,GF ,各   ,100.0,2024-04-06 00:00:00,1.0,5115.0
CUS_00539,RSEND14300K2Q       ,GF ,各   ,1500.0,2024-04-08 00:00:00,1.0,5115.0
CUS_00111,WUSWU5TF            ,GF ,組   ,2500.0,2024-04-08 00:00:00,1.0,5115.0
CUS_00111,VIOSTA1E2           ,GF ,組   ,500.0,2024-04-08 00:00:00,1.0,5115.0
CUS_00108,FIT2+32055R         ,GF ,組   ,12500.0,2024-04-08 00:00:00,1.0,5118.0
CUS_00108,2TVUAHDVTA          ,GF ,組   ,3000.0,2024-04-08 00:00:00,1.0,5118.0
CUS_00615,BGFUV               ,GF ,各   ,500.0,2024-04-08 00:00:00,1.0,5119.0
CUS_00615,3M1UFTR             ,GF ,各   ,150.0,2024-04-08 00:00:00,1.0,5119.0
CUS_00019,WISH4+64+CR5R       ,GF ,組   ,25000.0,2024-04-09 00:00:00,1.0,5123.0
CUS_00587,H11LED3N            ,GF ,組   ,0.0,2024-04-11 00:00:00,1.0,5134.0
CUS_00699,D1SLED22            ,GF ,組   ,3000.0,2024-04-12 00:00:00,1.0,5137.0
CUS_00365,3MR1CM              ,GF ,卷   ,500.0,2024-04-12 00:00:00,1.0,5137.0
CUS_00587,13RAV4TA1E2         ,GF ,組   ,0.0,2024-04-13 00:00:00,1.0,5139.0
CUS_00699,D4LED6000K          ,GF ,組   ,2700.0,2024-04-13 00:00:00,1.0,5139.0
CUS_00699,EY                  ,GF ,次   ,100.0,2024-04-13 00:00:00,1.0,5139.0
CUS_00699,V15LEDD46000K2Q     ,GF ,組   ,2700.0,2024-04-13 00:00:00,1.0,5139.0
CUS_00558,BGN-19025GQ2        ,GF ,條   ,2500.0,2024-04-15 00:00:00,1.0,5141.0
CUS_00558,BGN-19025GQ22X      ,GF ,個   ,2000.0,2024-04-15 00:00:00,1.0,5141.0
CUS_00558,BGN-19025GQ2252X    ,GF ,個   ,2500.0,2024-04-15 00:00:00,1.0,5141.0
CUS_00112,ZEROVRMG24          ,GF ,支   ,1000.0,2024-04-01 00:00:00,1.0,5240.0
CUS_00448,ZERO14VRMG          ,GF ,支   ,780.0,2025-01-22 00:00:00,1.0,5855.0
CUS_00587,RSENH116000K        ,GF ,各   ,0.0,2025-04-24 00:00:00,1.0,6106.0
CUS_00587,TAA096              ,GF ,條   ,0.0,2025-05-29 00:00:00,1.0,6261.0
CUS_00558,BGN-1902            ,GF ,個   ,2500.0,2024-04-15 00:00:00,1.0,5141.0
CUS_00558,BGN-1902QC5Q2       ,GF ,個   ,1500.0,2024-04-15 00:00:00,1.0,5141.0
CUS_00558,BGN-1902RU1UZ       ,GF ,個   ,1000.0,2024-04-15 00:00:00,1.0,5141.0
CUS_00558,BGN-1902Z2QYT       ,GF ,個   ,4500.0,2024-04-15 00:00:00,1.0,5141.0
CUS_00558,BGN-1902DFXXE5F     ,GF ,個   ,2500.0,2024-04-15 00:00:00,1.0,5141.0
CUS_00558,BGN-19025GEY        ,GF ,次   ,3000.0,2024-04-15 00:00:00,1.0,5141.0
CUS_00615,1998TGEUR5          ,GF ,組   ,3500.0,2024-04-16 00:00:00,1.0,5145.0
CUS_00615,1998Z2QE            ,GF ,組   ,2000.0,2024-04-16 00:00:00,1.0,5145.0
CUS_00615,1998BGZCW           ,GF ,組   ,2000.0,2024-04-16 00:00:00,1.0,5145.0
CUS_00682,GPSWV               ,GF ,條   ,1000.0,2024-04-17 00:00:00,1.0,5145.0
CUS_00682,PD1136GMFWV         ,GF ,組   ,300.0,2024-04-17 00:00:00,1.0,5145.0
CUS_00682,NXGRANDTA1E2        ,GF ,組   ,600.0,2024-04-17 00:00:00,1.0,5145.0
CUS_00533,KY-227-CUX1         ,GF ,各   ,400.0,2024-04-17 00:00:00,1.0,5146.0
CUS_00733,ERQ60J2U            ,GF ,各   ,2500.0,2024-04-22 00:00:00,1.0,5152.0
CUS_00086,08ALTISDFV          ,GF ,各   ,450.0,2024-04-22 00:00:00,1.0,5155.0
CUS_00615,LE7512QFE           ,GF ,支   ,5000.0,2024-04-22 00:00:00,1.0,5157.0
CUS_00733,F1WFRGRR            ,GF ,組   ,3500.0,2024-04-19 00:00:00,1.0,5157.0
CUS_00733,AR002QFE2-          ,GF ,組   ,1500.0,2024-04-19 00:00:00,0.3,5157.0
CUS_00733,AR003QFE2-          ,GF ,組   ,1500.0,2024-04-19 00:00:00,0.3,5157.0
CUS_00054,ERQ55D23L2Q         ,GF ,各   ,3000.0,2024-04-23 00:00:00,1.0,5157.0
CUS_00054,ABROZVQU            ,GF ,罐   ,200.0,2024-04-23 00:00:00,1.0,5157.0
CUS_00482,RSEN02F             ,GF ,各   ,2000.0,2024-04-23 00:00:00,1.0,5157.0
CUS_00482,RSEND243000K2Q      ,GF ,各   ,1500.0,2024-04-23 00:00:00,1.0,5157.0
CUS_00482,RSENT105630         ,GF ,卡   ,350.0,2024-04-23 00:00:00,1.0,5157.0
CUS_00538,EY                  ,GF ,次   ,4000.0,2024-04-25 00:00:00,1.0,5161.0
CUS_00538,2015RAV4JD          ,GF ,組   ,2000.0,2024-04-25 00:00:00,1.0,5161.0
CUS_00538,2015RAV4TA1E2       ,GF ,組   ,600.0,2024-04-25 00:00:00,1.0,5162.0
CUS_00587,SF0039              ,GF ,組   ,0.0,2024-04-26 00:00:00,1.0,5163.0
CUS_00587,ABT-A130            ,GF ,組   ,0.0,2024-04-27 00:00:00,1.0,5167.0
CUS_00241,Z1010H2YGVTRXF      ,GF ,組   ,7500.0,2024-04-29 00:00:00,1.0,5168.0
CUS_00575,DAYQQWW             ,GF ,組   ,1000.0,2024-04-29 00:00:00,1.0,5168.0
CUS_00652,J00342              ,GF ,支   ,410.0,2024-05-01 00:00:00,1.0,5171.0
CUS_00587,3M2CM               ,GF ,捲   ,0.0,2024-09-27 00:00:00,1.0,5547.0
CUS_00533,RSEND48000K         ,GF ,各   ,1000.0,2024-12-03 00:00:00,1.0,6009.0
CUS_00652,ZEROVRMG18          ,GF ,支   ,800.0,2026-01-12 00:00:00,1.0,6820.0
CUS_00652,ZEROVRMG24          ,GF ,支   ,1000.0,2026-01-12 00:00:00,1.0,6820.0
CUS_00587,F150F2TQ            ,GF ,組   ,0.0,2024-05-02 00:00:00,1.0,5177.0
CUS_00615,LE-7512UT           ,GF ,次   ,4000.0,2024-05-06 00:00:00,1.0,5183.0
CUS_00444,TN20T12U            ,GF ,組   ,6000.0,2024-05-07 00:00:00,1.0,5183.0
CUS_00444,V1                  ,GF ,組   ,1000.0,2024-05-07 00:00:00,1.0,5183.0
CUS_00444,ID6.5KZUX1          ,GF ,組   ,6000.0,2024-05-07 00:00:00,1.0,5183.0
CUS_00161,NB1040              ,GF ,罐   ,550.0,2024-05-07 00:00:00,4.0,5183.0
CUS_00161,H7OSRARN2Q          ,GF ,各   ,400.0,2024-05-07 00:00:00,1.0,5183.0
CUS_00161,V33GRR              ,GF ,組   ,300.0,2024-05-07 00:00:00,1.0,5183.0
CUS_00161,T10552              ,GF ,各   ,50.0,2024-05-07 00:00:00,1.0,5183.0
CUS_00444,EY                  ,GF ,次   ,1500.0,2024-05-07 00:00:00,1.0,5184.0
CUS_00444,2UFY4.8A            ,GF ,組   ,600.0,2024-05-07 00:00:00,1.0,5184.0
CUS_00587,J00384              ,GF ,張   ,0.0,2024-05-09 00:00:00,1.0,5188.0
CUS_00587,O00203              ,GF ,張   ,0.0,2024-05-09 00:00:00,1.0,5189.0
CUS_00029,RSEND44300K         ,GF ,各   ,1500.0,2024-05-11 00:00:00,1.0,5193.0
CUS_00335,NB1040              ,GF ,罐   ,550.0,2024-05-11 00:00:00,6.0,5194.0
CUS_00335,ZV5G539HNF          ,GF ,組   ,3500.0,2024-05-11 00:00:00,1.0,5194.0
CUS_00587,ABTE08195WXCRDTPD   ,GF ,組   ,0.0,2024-05-13 00:00:00,1.0,5200.0
CUS_00587,K81JVT2F            ,GF ,組   ,0.0,2024-05-14 00:00:00,1.0,5203.0
CUS_00530,ERQ80D23LUCR2T      ,GF ,各   ,3200.0,2024-05-14 00:00:00,1.0,5205.0
CUS_00009,VTRXFV              ,GF ,組   ,500.0,2024-05-15 00:00:00,1.0,5205.0
CUS_00009,32G                 ,GF ,各   ,450.0,2024-05-15 00:00:00,1.0,5205.0
CUS_00122,LD7GVVTRXF          ,GF ,組   ,4500.0,2024-05-17 00:00:00,1.0,5208.0
CUS_00733,XA                  ,GF ,kg  ,800.0,2024-05-17 00:00:00,1.0,5208.0
CUS_00733,SENFINCEOXFZVFRR    ,GF ,罐   ,800.0,2024-05-17 00:00:00,1.0,5208.0
CUS_00733,SENFINCEODFFRR      ,GF ,罐   ,500.0,2024-05-17 00:00:00,1.0,5208.0
CUS_00122,EY                  ,GF ,次   ,800.0,2024-05-17 00:00:00,1.0,5208.0
CUS_00587,LWT001              ,GF ,各   ,0.0,2024-05-17 00:00:00,1.0,5209.0
CUS_00587,ABTA077             ,GF ,組   ,0.0,2024-05-17 00:00:00,1.0,5213.0
CUS_00258,EVEW2               ,GF ,組   ,600.0,2024-05-18 00:00:00,1.0,5219.0
CUS_00258,RSEN02F             ,GF ,各   ,1000.0,2024-05-23 00:00:00,1.0,5230.0
CUS_00587,ERQ60J2U            ,GF ,各   ,0.0,2024-06-19 00:00:00,1.0,5326.0
CUS_00530,RSENH116000K        ,GF ,各   ,1000.0,2024-05-14 00:00:00,1.0,5453.0
CUS_00282,RSENH116000K        ,GF ,各   ,800.0,2024-12-17 00:00:00,1.0,5752.0
CUS_00444,6H2EF               ,GF ,組   ,500.0,2025-05-03 00:00:00,1.0,6147.0
CUS_00587,VBDQEYB1UU          ,GF ,組   ,0.0,2025-10-17 00:00:00,2.0,6579.0
CUS_00472,IX35RUV             ,GF ,組   ,150.0,2026-01-02 00:00:00,1.0,6796.0
CUS_00258,EY                  ,GF ,次   ,100.0,2024-05-18 00:00:00,1.0,5219.0
CUS_00112,H4OSRAM2Q           ,GF ,各   ,476.0,2024-05-20 00:00:00,1.0,5219.0
CUS_00682,2TX2U               ,GF ,各   ,0.0,2024-05-21 00:00:00,1.0,5222.0
CUS_00116,Z1010H2YGVTRXF      ,GF ,組   ,7500.0,2024-05-22 00:00:00,1.0,5225.0
CUS_00047,PNSS36              ,GF ,組   ,550.0,2024-05-23 00:00:00,1.0,5227.0
CUS_00047,FA002               ,GF ,組   ,200.0,2024-05-23 00:00:00,1.0,5227.0
CUS_00116,ZEROVRMG18          ,GF ,支   ,800.0,2024-05-22 00:00:00,1.0,5227.0
CUS_00116,ZEROVRMG22G         ,GF ,支   ,1000.0,2024-05-22 00:00:00,1.0,5227.0
CUS_00047,307DTV              ,GF ,組   ,450.0,2024-05-23 00:00:00,1.0,5227.0
CUS_00116,5287-EQ4+64055R     ,GF ,組   ,15000.0,2024-05-22 00:00:00,1.0,5228.0
CUS_00587,QD                  ,GF ,組   ,0.0,2024-05-23 00:00:00,1.0,5230.0
CUS_00526,307DTV              ,GF ,組   ,450.0,2024-05-23 00:00:00,1.0,5230.0
CUS_00526,PNSHXT205F          ,GF ,組   ,750.0,2024-05-23 00:00:00,2.0,5230.0
CUS_00526,PNSHXT303           ,GF ,組   ,550.0,2024-05-23 00:00:00,1.0,5230.0
CUS_00526,ABTE040             ,GF ,組   ,1200.0,2024-05-23 00:00:00,1.0,5230.0
CUS_00526,ABTA077             ,GF ,組   ,500.0,2024-05-23 00:00:00,1.0,5230.0
CUS_00258,RSENHID5RF          ,GF ,各   ,500.0,2024-05-23 00:00:00,1.0,5230.0
CUS_00694,302DTV              ,GF ,組   ,300.0,2024-05-24 00:00:00,1.0,5231.0
CUS_00694,PNSE014             ,GF ,組   ,350.0,2024-05-24 00:00:00,1.0,5231.0
CUS_00694,ABT-E094            ,GF ,組   ,350.0,2024-05-24 00:00:00,1.0,5231.0
CUS_00587,08ALTISCGR2R        ,GF ,各   ,0.0,2024-05-24 00:00:00,1.0,5238.0
CUS_00499,OB59G1              ,GF ,組   ,1000.0,2024-05-27 00:00:00,1.0,5240.0
CUS_00499,K00295              ,GF ,張   ,200.0,2024-05-27 00:00:00,1.0,5240.0
CUS_00499,BNF-6175055R        ,GF ,組   ,14200.0,2024-05-27 00:00:00,1.0,5240.0
CUS_00499,M00199              ,GF ,張   ,200.0,2024-05-27 00:00:00,1.0,5240.0
CUS_00499,EY                  ,GF ,次   ,500.0,2024-05-27 00:00:00,1.0,5240.0
CUS_00472,BHD-5719XA          ,GF ,次   ,2000.0,2024-05-28 00:00:00,1.0,5240.0
CUS_00472,BHD-5719XFFR        ,GF ,次   ,2500.0,2024-05-28 00:00:00,1.0,5240.0
CUS_00472,BHD-5719XFNBQ       ,GF ,組   ,7500.0,2024-05-28 00:00:00,1.0,5240.0
CUS_00204,2TVUJE              ,GF ,組   ,2500.0,2024-05-28 00:00:00,1.0,5240.0
CUS_00204,EY                  ,GF ,次   ,300.0,2024-05-28 00:00:00,1.0,5240.0
CUS_00587,ABT-A129            ,GF ,組   ,0.0,2024-05-28 00:00:00,1.0,5242.0
CUS_00587,ABT-A079EUT2GRR     ,GF ,個   ,0.0,2024-05-28 00:00:00,1.0,5244.0
CUS_00472,BHD-5719Q5Z         ,GF ,組   ,2800.0,2024-05-28 00:00:00,1.0,5245.0
CUS_00587,YYC02USBTY          ,GF ,各   ,0.0,2024-07-28 00:00:00,1.0,5419.0
CUS_00587,G14.5BA9S           ,GF ,各   ,0.0,2025-12-17 00:00:00,1.0,6764.0
CUS_00587,ABT-A164GN1GR5RVY   ,GF ,個   ,0.0,2024-05-28 00:00:00,1.0,5245.0
CUS_00472,EY                  ,GF ,次   ,2800.0,2024-05-28 00:00:00,1.0,5245.0
CUS_00086,T202VCQ             ,GF ,各   ,100.0,2024-06-03 00:00:00,1.0,5256.0
CUS_00587,ESCAPE4QFMT         ,GF ,組   ,0.0,2024-06-04 00:00:00,1.0,5261.0
CUS_00668,CAR5205R            ,GF ,組   ,3500.0,2024-06-04 00:00:00,1.0,5261.0
CUS_00733,T202VCQ             ,GF ,各   ,100.0,2024-06-05 00:00:00,2.0,5261.0
CUS_00182,RSENHID55WUADG      ,GF ,各   ,2000.0,2024-06-05 00:00:00,1.0,5261.0
CUS_00182,G18.52Q             ,GF ,各   ,100.0,2024-06-05 00:00:00,1.0,5264.0
CUS_00182,RSENHID5RF          ,GF ,各   ,400.0,2024-06-05 00:00:00,1.0,5264.0
CUS_00053,5Y5VTRXF            ,GF ,組   ,2500.0,2024-06-06 00:00:00,1.0,5264.0
CUS_00053,NOIDNRMG20          ,GF ,組   ,300.0,2024-06-06 00:00:00,1.0,5264.0
CUS_00682,HK902DUX1           ,GF ,組   ,700.0,2024-06-06 00:00:00,1.0,5272.0
CUS_00682,G2DE                ,GF ,各   ,150.0,2024-06-06 00:00:00,1.0,5272.0
CUS_00381,AWL-57724+645R      ,GF ,組   ,15500.0,2024-06-07 00:00:00,1.0,5275.0
CUS_00381,EY                  ,GF ,次   ,500.0,2024-06-07 00:00:00,1.0,5286.0
CUS_00058,EAXDFV              ,GF ,各   ,450.0,2024-06-12 00:00:00,1.0,5294.0
CUS_00563,SENFINCEOXFZVFRR    ,GF ,罐   ,700.0,2024-06-13 00:00:00,1.0,5294.0
CUS_00694,3MGAR8*33           ,GF ,捲   ,850.0,2024-06-13 00:00:00,1.0,5294.0
CUS_00495,RSEN02F             ,GF ,各   ,1000.0,2024-06-13 00:00:00,1.0,5294.0
CUS_00495,RSEN90063000K2Q     ,GF ,各   ,1000.0,2024-06-13 00:00:00,1.0,5294.0
CUS_00587,YARIS062225         ,GF ,組   ,0.0,2024-06-13 00:00:00,1.0,5295.0
CUS_00587,ABROHUR             ,GF ,罐   ,0.0,2024-06-13 00:00:00,1.0,5297.0
CUS_00733,H-326111X1          ,GF ,組   ,600.0,2024-06-13 00:00:00,1.0,5300.0
CUS_00587,AR003QFE2-          ,GF ,組   ,900.0,2024-06-13 00:00:00,0.7,5304.0
CUS_00084,KH-8281WERY         ,GF ,組   ,250.0,2024-06-14 00:00:00,1.0,5305.0
CUS_00054,SENFINECORU5X       ,GF ,罐   ,600.0,2024-06-14 00:00:00,1.0,5306.0
CUS_00054,ZEROFV1UUR          ,GF ,罐   ,400.0,2024-06-14 00:00:00,1.0,5306.0
CUS_00054,RSEND243000K2Q      ,GF ,各   ,1500.0,2024-06-14 00:00:00,1.0,5306.0
CUS_00076,2280-MR             ,GF ,組   ,5800.0,2024-06-15 00:00:00,1.0,5315.0
CUS_00076,2280-MRG1Q          ,GF ,組   ,4000.0,2024-06-15 00:00:00,1.0,5315.0
CUS_00076,2280-MRVGE          ,GF ,支   ,1500.0,2024-06-15 00:00:00,1.0,5315.0
CUS_00076,2280-MRGVR2         ,GF ,罐   ,1000.0,2024-06-15 00:00:00,1.0,5315.0
CUS_00076,2280-MRZ2R          ,GF ,組   ,9700.0,2024-06-15 00:00:00,1.0,5315.0
CUS_00182,RSEND46000K         ,GF ,各   ,1500.0,2024-11-07 00:00:00,1.0,5623.0
CUS_00587,F180F2TQ            ,GF ,組   ,0.0,2025-03-03 00:00:00,2.0,5919.0
CUS_00059,HK902DUX1           ,GF ,組   ,1300.0,2026-02-14 00:00:00,1.0,6922.0
CUS_00561,ZINGERCVC2          ,GF ,支   ,900.0,2024-06-17 00:00:00,1.0,5315.0
CUS_00561,ZINGERCYCE          ,GF ,支   ,900.0,2024-06-17 00:00:00,1.0,5315.0
CUS_00161,6802-QKGTU1U        ,GF ,組   ,1800.0,2024-06-17 00:00:00,1.0,5323.0
CUS_00161,6802-QJRFA1U        ,GF ,次   ,1800.0,2024-06-17 00:00:00,1.0,5323.0
CUS_00161,6802-QKQUYVW1U      ,GF ,次   ,1800.0,2024-06-17 00:00:00,1.0,5323.0
CUS_00161,6802-QKXFQ2         ,GF ,條   ,2650.0,2024-06-17 00:00:00,1.0,5323.0
CUS_00161,6802-QKYCQ2         ,GF ,組   ,2550.0,2024-06-17 00:00:00,1.0,5323.0
CUS_00733,96R2CGRE            ,GF ,組   ,1000.0,2024-06-19 00:00:00,1.0,5326.0
CUS_00587,CHRTA1E2            ,GF ,組   ,0.0,2024-06-19 00:00:00,1.0,5327.0
CUS_00587,ESCAPEFRQCE         ,GF ,支   ,0.0,2024-06-19 00:00:00,1.0,5328.0
CUS_00694,CLA250ABSE5F        ,GF ,組   ,9500.0,2024-06-20 00:00:00,1.0,5329.0
CUS_00587,1WW                 ,GF ,各   ,0.0,2024-06-21 00:00:00,1.0,5332.0
CUS_00006,ROGUE055R           ,GF ,組   ,15500.0,2024-06-21 00:00:00,1.0,5333.0
CUS_00587,PNSSD1027           ,GF ,組   ,0.0,2024-06-24 00:00:00,1.0,5337.0
CUS_00549,UU262               ,GF ,組   ,600.0,2024-06-26 00:00:00,1.0,5350.0
CUS_00085,FORTISDFV           ,GF ,各   ,350.0,2024-06-28 00:00:00,1.0,5354.0
CUS_00085,FORTISXFXJ          ,GF ,各   ,550.0,2024-06-28 00:00:00,1.0,5354.0
CUS_00031,FORTISCVN           ,GF ,各   ,750.0,2024-06-28 00:00:00,4.0,5354.0
CUS_00031,SENFINECOFURFFVR    ,GF ,罐   ,1800.0,2024-06-28 00:00:00,1.0,5354.0
CUS_00016,EY                  ,GF ,次   ,300.0,2024-06-28 00:00:00,1.0,5354.0
CUS_00054,2280-MR             ,GF ,組   ,5800.0,2024-06-15 00:00:00,1.0,5356.0
CUS_00054,2280-MRG1Q          ,GF ,組   ,4000.0,2024-06-15 00:00:00,1.0,5356.0
CUS_00054,2280-MRGVR2         ,GF ,罐   ,1000.0,2024-06-15 00:00:00,1.0,5356.0
CUS_00054,2280-MRVGE          ,GF ,支   ,1500.0,2024-06-15 00:00:00,1.0,5356.0
CUS_00054,2280-MRZ2R          ,GF ,組   ,9700.0,2024-06-15 00:00:00,1.0,5356.0
CUS_00365,CARMATGTU2          ,GF ,罐   ,300.0,2024-07-01 00:00:00,1.0,5358.0
CUS_00269,AFK-2537EZREY       ,GF ,次   ,800.0,2024-07-01 00:00:00,1.0,5358.0
CUS_00269,AFK-2537EZR         ,GF ,組   ,6500.0,2024-07-01 00:00:00,1.0,5358.0
CUS_00365,12ELANTRAGTUE5      ,GF ,組   ,4500.0,2024-07-01 00:00:00,1.0,5358.0
CUS_00094,VXTWAF5             ,GF ,組   ,300.0,2024-07-02 00:00:00,1.0,5362.0
CUS_00733,96R2CGRQ            ,GF ,各   ,1000.0,2024-11-12 00:00:00,1.0,5645.0
CUS_00587,1VN2Q               ,GF ,片   ,0.0,2025-06-18 00:00:00,1.0,6325.0
CUS_00031,NB1040              ,GF ,罐   ,600.0,2025-06-28 00:00:00,5.0,6346.0
CUS_00587,CVNERY4P            ,GF ,組   ,0.0,2025-09-08 00:00:00,2.0,6504.0
CUS_00587,TUVERY              ,GF ,組   ,0.0,2025-10-21 00:00:00,1.0,6591.0
CUS_00587,RSENUE18HMG         ,GF ,支   ,0.0,2026-02-14 00:00:00,2.0,6935.0
CUS_00094,VXTX15U             ,GF ,組   ,150.0,2024-07-02 00:00:00,1.0,5362.0
CUS_00094,1VNV                ,GF ,各   ,10.0,2024-07-02 00:00:00,2.0,5362.0
CUS_00471,CS376USB5R          ,GF ,組   ,6500.0,2024-07-02 00:00:00,1.0,5362.0
CUS_00682,2TXWGJVNU           ,GF ,組   ,1850.0,2024-07-02 00:00:00,1.0,5362.0
CUS_00587,I00003R             ,GF ,各   ,0.0,2024-07-02 00:00:00,2.0,5363.0
CUS_00587,UXZMG1              ,GF ,支   ,0.0,2024-07-05 00:00:00,1.0,5369.0
CUS_00587,PNSF202             ,GF ,組   ,0.0,2024-07-05 00:00:00,1.0,5372.0
CUS_00587,PNSSUNF002M         ,GF ,組   ,0.0,2024-07-05 00:00:00,1.0,5375.0
CUS_00076,08ALTISFMT          ,GF ,組   ,400.0,2024-07-06 00:00:00,1.0,5376.0
CUS_00587,IMAXTA1E2           ,GF ,組   ,0.0,2024-07-06 00:00:00,1.0,5378.0
CUS_00540,LD4VTRXF            ,GF ,組   ,2800.0,2024-07-06 00:00:00,1.0,5378.0
CUS_00540,YC013DAEGA5C        ,GF ,組   ,200.0,2024-07-06 00:00:00,1.0,5378.0
CUS_00540,PNSHDF17            ,GF ,組   ,400.0,2024-07-06 00:00:00,1.0,5378.0
CUS_00540,X2VTRXF             ,GF ,組   ,2800.0,2024-07-06 00:00:00,1.0,5378.0
CUS_00540,S27CTYZ1VNY         ,GF ,組   ,200.0,2024-07-06 00:00:00,1.0,5378.0
CUS_00181,XA                  ,GF ,kg  ,800.0,2024-07-08 00:00:00,1.0,5380.0
CUS_00181,08ALTISXFXJ         ,GF ,各   ,500.0,2024-07-08 00:00:00,1.0,5380.0
CUS_00421,LD72UVTRXF          ,GF ,組   ,3000.0,2024-07-09 00:00:00,1.0,5380.0
CUS_00421,ZEROVRMG16          ,GF ,支   ,700.0,2024-07-09 00:00:00,1.0,5380.0
CUS_00421,ZEROVRMG26          ,GF ,支   ,1000.0,2024-07-09 00:00:00,1.0,5380.0
CUS_00533,2TX2NU              ,GF ,組   ,1250.0,2024-07-10 00:00:00,1.0,5382.0
CUS_00213,NB1040              ,GF ,罐   ,550.0,2024-07-10 00:00:00,4.0,5382.0
CUS_00213,ZWUV                ,GF ,各   ,100.0,2024-07-10 00:00:00,1.0,5382.0
CUS_00213,VIOSDFV             ,GF ,組   ,200.0,2024-07-10 00:00:00,1.0,5382.0
CUS_00213,XFXJALTIS           ,GF ,各   ,500.0,2024-07-10 00:00:00,1.0,5382.0
CUS_00213,ABROUF1EUR          ,GF ,罐   ,500.0,2024-07-10 00:00:00,1.0,5382.0
CUS_00213,05VIOSCGRQR         ,GF ,片   ,700.0,2024-07-10 00:00:00,1.0,5382.0
CUS_00558,ZXDCGRR             ,GF ,組   ,2200.0,2024-07-11 00:00:00,1.0,5385.0
CUS_00733,TX002BGXGWV         ,GF ,組   ,1000.0,2024-07-12 00:00:00,1.0,5385.0
CUS_00733,PNSSUN16-L          ,GF ,各   ,500.0,2024-07-12 00:00:00,1.0,5385.0
CUS_00733,PNSSUN14-L          ,GF ,組   ,500.0,2024-07-12 00:00:00,1.0,5385.0
CUS_00587,K00131              ,GF ,張   ,0.0,2024-07-11 00:00:00,1.0,5386.0
CUS_00676,TYPERH7CR2Q         ,GF ,組   ,1000.0,2025-03-31 00:00:00,1.0,5973.0
CUS_00587,MIO6VTRXFR          ,GF ,各   ,0.0,2025-04-18 00:00:00,1.0,6091.0
CUS_00587,PNSSUN16-L          ,GF ,各   ,0.0,2025-07-02 00:00:00,1.0,6355.0
CUS_00254,16322T              ,GF ,各   ,100.0,2025-08-20 00:00:00,4.0,6474.0
CUS_00091,PNSCP280P           ,GF ,組   ,750.0,2024-07-13 00:00:00,1.0,5387.0
CUS_00152,3D1F1               ,GF ,支   ,200.0,2024-07-15 00:00:00,1.0,5391.0
CUS_00152,2TXWSDXU            ,GF ,組   ,1500.0,2024-07-15 00:00:00,1.0,5391.0
CUS_00123,Z1010H2YGVTRXF      ,GF ,組   ,7000.0,2024-07-15 00:00:00,1.0,5391.0
CUS_00123,OBT2FHWWVGF         ,GF ,組   ,3000.0,2024-07-15 00:00:00,1.0,5391.0
CUS_00119,OBT2FHWWVGF         ,GF ,組   ,3000.0,2024-07-15 00:00:00,1.0,5391.0
CUS_00522,NB1040              ,GF ,罐   ,600.0,2024-07-13 00:00:00,4.0,5391.0
CUS_00522,PRIUS1.5TA1E2       ,GF ,組   ,600.0,2024-07-13 00:00:00,1.0,5391.0
CUS_00522,PRUISDFV            ,GF ,各   ,650.0,2024-07-13 00:00:00,1.0,5391.0
CUS_00522,PRUISXFV            ,GF ,各   ,650.0,2024-07-13 00:00:00,1.0,5391.0
CUS_00522,ZEROVRMG26          ,GF ,支   ,1000.0,2024-07-13 00:00:00,1.0,5391.0
CUS_00522,ZERO14VRMG          ,GF ,支   ,700.0,2024-07-13 00:00:00,1.0,5391.0
CUS_00522,ZEROFV1UUR          ,GF ,罐   ,400.0,2024-07-13 00:00:00,1.0,5391.0
CUS_00522,12FVRU5XR           ,GF ,罐   ,550.0,2024-07-13 00:00:00,1.0,5391.0
CUS_00522,ZWUV                ,GF ,各   ,250.0,2024-07-13 00:00:00,1.0,5391.0
CUS_00119,AFL283578           ,GF ,組   ,500.0,2024-07-15 00:00:00,1.0,5391.0
CUS_00044,R2F                 ,GF ,組   ,200.0,2024-07-16 00:00:00,1.0,5391.0
CUS_00044,TYPERH11CR2Q        ,GF ,組   ,1200.0,2024-07-16 00:00:00,1.0,5391.0
CUS_00661,6HSDGQE             ,GF ,組   ,120.0,2024-07-16 00:00:00,2.0,5394.0
CUS_00661,2XAX                ,GF ,各   ,200.0,2024-07-16 00:00:00,3.0,5394.0
CUS_00057,EY                  ,GF ,次   ,1500.0,2024-07-17 00:00:00,1.0,5394.0
CUS_00057,01ALTISTA1E2        ,GF ,組   ,600.0,2024-07-17 00:00:00,1.0,5394.0
CUS_00587,PNSCDZX01           ,GF ,組   ,0.0,2024-07-17 00:00:00,1.0,5395.0
CUS_00224,WF55D23L2Q          ,GF ,各   ,2700.0,2024-07-18 00:00:00,1.0,5398.0
CUS_00224,TYPERH4CR           ,GF ,組   ,1000.0,2024-07-18 00:00:00,1.0,5398.0
CUS_00224,500RTCW             ,GF ,組   ,500.0,2024-07-18 00:00:00,1.0,5398.0
CUS_00733,TA-E015             ,GF ,組   ,600.0,2024-07-18 00:00:00,1.0,5398.0
CUS_00224,YH368FDS2XEN        ,GF ,組   ,2300.0,2024-07-18 00:00:00,1.0,5399.0
CUS_00224,500APRTV            ,GF ,組   ,500.0,2024-07-18 00:00:00,1.0,5399.0
CUS_00518,DC021MVWU1          ,GF ,各   ,700.0,2024-07-22 00:00:00,1.0,5399.0
CUS_00587,XARATA1E2           ,GF ,組   ,0.0,2024-07-22 00:00:00,1.0,5400.0
CUS_00587,D00392              ,GF ,張   ,0.0,2024-07-18 00:00:00,1.0,5402.0
CUS_00057,03ALTISERR          ,GF ,組   ,600.0,2024-07-30 00:00:00,0.5,5433.0
CUS_00044,EY                  ,GF ,次   ,1300.0,2025-10-09 00:00:00,1.0,6565.0
CUS_00587,F00251              ,GF ,張   ,0.0,2025-11-01 00:00:00,1.0,6643.0
CUS_00119,Z1010H2YGVTRXF      ,GF ,組   ,3999.0,2025-12-10 00:00:00,1.0,6750.0
CUS_00119,G2DE                ,GF ,各   ,200.0,2024-07-22 00:00:00,1.0,5405.0
CUS_00119,06AY235MW2          ,GF ,組   ,600.0,2024-07-22 00:00:00,1.0,5405.0
CUS_00561,NOIDNRMG14          ,GF ,支   ,200.0,2024-07-22 00:00:00,1.0,5406.0
CUS_00561,NOIDNRMG24          ,GF ,支   ,400.0,2024-07-22 00:00:00,1.0,5406.0
CUS_00373,PNSHG305            ,GF ,組   ,200.0,2024-07-23 00:00:00,1.0,5406.0
CUS_00373,TVJ1                ,GF ,條   ,70.0,2024-07-23 00:00:00,1.0,5406.0
CUS_00373,RSEN02F             ,GF ,各   ,1000.0,2024-07-23 00:00:00,2.0,5406.0
CUS_00373,VBDVTX1000ML        ,GF ,罐   ,300.0,2024-07-23 00:00:00,1.0,5406.0
CUS_00373,08ALTIS5MW2         ,GF ,組   ,800.0,2024-07-23 00:00:00,1.0,5406.0
CUS_00373,T-137               ,GF ,罐   ,430.0,2024-07-23 00:00:00,1.0,5406.0
CUS_00587,F00919              ,GF ,張   ,0.0,2024-07-23 00:00:00,1.0,5408.0
CUS_00587,F00920              ,GF ,張   ,0.0,2024-07-23 00:00:00,1.0,5409.0
CUS_00568,MIOD20VTRXF         ,GF ,組   ,4000.0,2024-07-23 00:00:00,1.0,5410.0
CUS_00103,Z1010H2YGVTRXF      ,GF ,組   ,7500.0,2024-07-25 00:00:00,1.0,5413.0
CUS_00590,NO16375TGGD         ,GF ,組   ,0.0,2024-07-25 00:00:00,1.0,5414.0
CUS_00076,LD7VTRXF            ,GF ,組   ,2500.0,2024-07-26 00:00:00,1.0,5414.0
CUS_00587,04WISHCGRQR         ,GF ,片   ,0.0,2024-07-26 00:00:00,1.0,5415.0
CUS_00587,AUXXCTV             ,GF ,組   ,0.0,2024-07-27 00:00:00,1.0,5418.0
CUS_00430,RAV48128            ,GF ,組   ,21500.0,2024-07-28 00:00:00,1.0,5420.0
CUS_00733,WUSWU5TF            ,GF ,組   ,3000.0,2024-07-29 00:00:00,1.0,5422.0
CUS_00733,KH826UTVGW          ,GF ,組   ,500.0,2024-07-29 00:00:00,1.0,5422.0
CUS_00682,A8ZV27W92CE         ,GF ,各   ,750.0,2024-07-29 00:00:00,2.0,5422.0
CUS_00587,03ALTISERR          ,GF ,組   ,0.0,2024-07-30 00:00:00,0.5,5433.0
CUS_00057,ZERO14VRMG          ,GF ,支   ,700.0,2024-07-30 00:00:00,1.0,5433.0
CUS_00057,ZEROVRMG24          ,GF ,支   ,1000.0,2024-07-30 00:00:00,1.0,5433.0
CUS_00057,ZJTUA               ,GF ,罐   ,300.0,2024-07-30 00:00:00,1.0,5433.0
CUS_00057,RSEN1GR             ,GF ,組   ,200.0,2024-07-30 00:00:00,1.0,5433.0
CUS_00558,WF55D23L2Q          ,GF ,各   ,3000.0,2024-07-31 00:00:00,1.0,5433.0
CUS_00047,WISH8+128055R       ,GF ,組   ,20000.0,2024-07-31 00:00:00,1.0,5433.0
CUS_00066,CHEERS1540RU        ,GF ,罐   ,350.0,2024-07-31 00:00:00,4.0,5433.0
CUS_00066,YARISDFV            ,GF ,各   ,450.0,2024-07-31 00:00:00,1.0,5433.0
CUS_00396,2017FCOUSRABSE5F    ,GF ,組   ,3000.0,2024-07-26 00:00:00,1.0,5461.0
CUS_00587,LEO695              ,GF ,卷   ,0.0,2024-10-29 00:00:00,1.0,5598.0
CUS_00587,E01099              ,GF ,張   ,30.0,2025-06-11 00:00:00,2.0,6299.0
CUS_00587,ERQ80D23LUCR2T      ,GF ,各   ,0.0,2025-08-15 00:00:00,1.0,6457.0
CUS_00587,C551GR              ,GF ,罐   ,0.0,2025-09-12 00:00:00,1.0,6511.0
CUS_00443,V18LEDH7            ,GF ,組   ,2500.0,2024-08-14 00:00:00,1.0,5463.0
CUS_00587,ABT-D007            ,GF ,組   ,0.0,2024-08-15 00:00:00,1.0,5465.0
CUS_00587,1MT5AB              ,GF ,組   ,0.0,2024-08-15 00:00:00,1.0,5466.0
CUS_00587,SF1244-1H1GUTY      ,GF ,組   ,0.0,2024-08-15 00:00:00,1.0,5468.0
CUS_00396,FCOUS5MRU           ,GF ,罐   ,680.0,2024-08-14 00:00:00,5.0,5469.0
CUS_00396,ZEROAMN+RFC         ,GF ,罐   ,600.0,2024-08-14 00:00:00,1.0,5469.0
CUS_00587,01ALTISFMT          ,GF ,組   ,0.0,2024-08-16 00:00:00,1.0,5470.0
CUS_00430,Z1010H2YGVTRXF      ,GF ,組   ,7500.0,2024-08-16 00:00:00,1.0,5472.0
CUS_00044,ERQ60UCR2Q          ,GF ,各   ,3000.0,2024-08-17 00:00:00,1.0,5474.0
CUS_00243,2TVUJE              ,GF ,組   ,1400.0,2024-08-19 00:00:00,1.0,5475.0
CUS_00243,GWA                 ,GF ,各   ,100.0,2024-08-19 00:00:00,1.0,5475.0
CUS_00309,HY8910FCW           ,GF ,組   ,350.0,2024-08-20 00:00:00,1.0,5475.0
CUS_00309,NO2112GRR           ,GF ,組   ,450.0,2024-08-20 00:00:00,1.0,5475.0
CUS_00309,5011GUSB            ,GF ,組   ,650.0,2024-08-20 00:00:00,1.0,5475.0
CUS_00309,HNFVW               ,GF ,條   ,650.0,2024-08-20 00:00:00,1.0,5475.0
CUS_00495,ERQ60UCR2Q          ,GF ,各   ,3300.0,2024-08-21 00:00:00,1.0,5475.0
CUS_00495,RSEN90066000K2Q     ,GF ,各   ,1200.0,2024-08-21 00:00:00,2.0,5475.0
CUS_00533,2TVUJE              ,GF ,組   ,1400.0,2024-08-21 00:00:00,1.0,5477.0
CUS_00533,GWA                 ,GF ,各   ,100.0,2024-08-21 00:00:00,1.0,5477.0
CUS_00325,RSEND28000K         ,GF ,各   ,1000.0,2024-08-21 00:00:00,1.0,5477.0
CUS_00325,EY                  ,GF ,次   ,500.0,2024-08-21 00:00:00,1.0,5477.0
CUS_00132,02EAX2XUE           ,GF ,組   ,1800.0,2024-08-21 00:00:00,1.0,5477.0
CUS_00132,ABROZVQU            ,GF ,罐   ,200.0,2024-08-21 00:00:00,1.0,5477.0
CUS_00283,055MVTRXF           ,GF ,組   ,7500.0,2024-08-22 00:00:00,1.0,5477.0
CUS_00587,HRVXQGFMT           ,GF ,組   ,0.0,2024-08-23 00:00:00,1.0,5480.0
CUS_00013,VBDVATX-2           ,GF ,罐   ,200.0,2024-08-26 00:00:00,1.0,5490.0
CUS_00013,SF0044              ,GF ,組   ,100.0,2024-08-26 00:00:00,1.0,5490.0
CUS_00013,01ALTISUD5D         ,GF ,各   ,1800.0,2024-08-26 00:00:00,1.0,5490.0
CUS_00013,G204GVR             ,GF ,罐   ,800.0,2024-08-26 00:00:00,1.0,5490.0
CUS_00240,Z1212H2YVTRXF       ,GF ,組   ,10000.0,2024-08-27 00:00:00,1.0,5490.0
CUS_00587,PNSTPC003           ,GF ,組   ,0.0,2024-08-27 00:00:00,1.0,5491.0
CUS_00622,PNSTK3072-12        ,GF ,組   ,450.0,2024-08-27 00:00:00,2.0,5491.0
CUS_00587,W796CV5JR           ,GF ,各   ,550.0,2025-05-12 00:00:00,1.0,6187.0
CUS_00396,FCOUSDFV            ,GF ,各   ,600.0,2025-11-13 00:00:00,1.0,6662.0
CUS_00396,FCOUS5MXFXJ         ,GF ,各   ,850.0,2025-11-13 00:00:00,1.0,6662.0
CUS_00396,FCOUSUV             ,GF ,各   ,550.0,2025-11-13 00:00:00,1.0,6662.0
CUS_00622,PNSSCUP03           ,GF ,組   ,350.0,2024-08-27 00:00:00,1.0,5491.0
CUS_00622,G2DE                ,GF ,各   ,500.0,2024-08-27 00:00:00,2.0,5491.0
CUS_00622,PNSS312019          ,GF ,組   ,1500.0,2024-08-27 00:00:00,1.0,5491.0
CUS_00622,ABT-A130            ,GF ,組   ,250.0,2024-08-27 00:00:00,1.0,5492.0
CUS_00622,S28WGDE             ,GF ,組   ,300.0,2024-08-27 00:00:00,2.0,5493.0
CUS_00656,S28WGDE             ,GF ,組   ,100.0,2024-08-28 00:00:00,1.0,5493.0
CUS_00084,PNSHDF31            ,GF ,組   ,300.0,2024-08-29 00:00:00,1.0,5494.0
CUS_00013,S27CTYZ1VNY         ,GF ,組   ,500.0,2024-08-30 00:00:00,1.0,5495.0
CUS_00013,3D1F1               ,GF ,支   ,200.0,2024-08-30 00:00:00,1.0,5495.0
CUS_00593,2TVUJE              ,GF ,組   ,2000.0,2024-08-30 00:00:00,1.0,5495.0
CUS_00363,5Y5VTRXF            ,GF ,組   ,3000.0,2024-08-31 00:00:00,1.0,5496.0
CUS_00363,NO16375TGGD         ,GF ,組   ,350.0,2024-08-31 00:00:00,1.0,5496.0
CUS_00363,MP3XUXW             ,GF ,組   ,1200.0,2024-08-31 00:00:00,1.0,5496.0
CUS_00363,NOIDNRMG20          ,GF ,組   ,350.0,2024-08-31 00:00:00,1.0,5496.0
CUS_00363,NOIDNRMG24          ,GF ,支   ,400.0,2024-08-31 00:00:00,1.0,5496.0
CUS_00013,XB572ZR2V           ,GF ,組   ,900.0,2024-08-30 00:00:00,1.0,5496.0
CUS_00694,E01108              ,GF ,張   ,80.0,2024-09-02 00:00:00,1.0,5499.0
CUS_00020,0760-TPGV5R         ,GF ,各   ,500.0,2024-08-31 00:00:00,1.0,5499.0
CUS_00020,0760-TPGVE          ,GF ,各   ,450.0,2024-08-31 00:00:00,1.0,5499.0
CUS_00020,0760-TPGVWNE        ,GF ,各   ,950.0,2024-08-31 00:00:00,1.0,5499.0
CUS_00020,0760-TPZ2R          ,GF ,組   ,6500.0,2024-08-31 00:00:00,1.0,5499.0
CUS_00020,G204GVR             ,GF ,罐   ,800.0,2024-08-31 00:00:00,1.0,5499.0
CUS_00020,0760-TPYFT25        ,GF ,組   ,6500.0,2024-08-31 00:00:00,1.0,5499.0
CUS_00020,0760-TPGV           ,GF ,組   ,5800.0,2024-08-31 00:00:00,1.0,5499.0
CUS_00019,0760-TPGV5R         ,GF ,各   ,500.0,2024-08-31 00:00:00,1.0,5499.0
CUS_00019,0760-TPGVE          ,GF ,各   ,450.0,2024-08-31 00:00:00,1.0,5499.0
CUS_00019,0760-TPGVWNE        ,GF ,各   ,950.0,2024-08-31 00:00:00,1.0,5499.0
CUS_00019,G204GVR             ,GF ,罐   ,800.0,2024-08-31 00:00:00,1.0,5499.0
CUS_00019,0762-TPEY           ,GF ,次   ,3000.0,2024-08-31 00:00:00,1.0,5499.0
CUS_00019,0760-TPYFT25        ,GF ,組   ,4500.0,2024-08-31 00:00:00,1.0,5499.0
CUS_00019,0760-TPGV           ,GF ,組   ,4800.0,2024-08-31 00:00:00,1.0,5499.0
CUS_00019,0760-TPZ2R          ,GF ,組   ,6500.0,2024-08-31 00:00:00,1.0,5499.0
CUS_00433,16322T              ,GF ,各   ,100.0,2024-09-03 00:00:00,4.0,5502.0
CUS_00694,OB59G1              ,GF ,組   ,650.0,2024-09-06 00:00:00,2.0,5510.0
CUS_00013,EY                  ,GF ,次   ,300.0,2025-06-06 00:00:00,1.0,6289.0
CUS_00520,TYPERH7CR2Q         ,GF ,組   ,1200.0,2025-10-17 00:00:00,1.0,6578.0
CUS_00433,3D1F1               ,GF ,支   ,250.0,2024-09-03 00:00:00,1.0,5502.0
CUS_00044,OBT2FHWWVGF         ,GF ,組   ,2800.0,2024-09-03 00:00:00,1.0,5504.0
CUS_00181,TC1208FY2T2R        ,GF ,組   ,3000.0,2024-09-05 00:00:00,1.0,5508.0
CUS_00181,2QG                 ,GF ,罐   ,100.0,2024-09-05 00:00:00,1.0,5508.0
CUS_00181,2QT2                ,GF ,次   ,400.0,2024-09-05 00:00:00,1.0,5508.0
CUS_00395,Z1010H2YGVTRXF      ,GF ,組   ,8500.0,2024-09-09 00:00:00,1.0,5510.0
CUS_00395,S27CTYZ1VNY         ,GF ,組   ,500.0,2024-09-09 00:00:00,1.0,5510.0
CUS_00091,ABROQGUR            ,GF ,罐   ,450.0,2024-09-09 00:00:00,1.0,5510.0
CUS_00091,3313-TPUCA1D        ,GF ,次   ,6500.0,2024-09-09 00:00:00,1.0,5510.0
CUS_00682,DRG15CTFB           ,GF ,組   ,900.0,2024-09-11 00:00:00,1.0,5516.0
CUS_00183,XUG3UVTRXF          ,GF ,組   ,10000.0,2024-09-12 00:00:00,1.0,5516.0
CUS_00217,ABROUFFVR           ,GF ,罐   ,650.0,2024-09-13 00:00:00,1.0,5517.0
CUS_00217,ABROUF1EUR          ,GF ,罐   ,550.0,2024-09-13 00:00:00,1.0,5517.0
CUS_00217,OBROFUR             ,GF ,罐   ,450.0,2024-09-13 00:00:00,1.0,5517.0
CUS_00217,05FCOUSDFV          ,GF ,各   ,650.0,2024-09-13 00:00:00,1.0,5517.0
CUS_00217,05FCOUSUV           ,GF ,各   ,300.0,2024-09-13 00:00:00,1.0,5517.0
CUS_00217,EY                  ,GF ,次   ,500.0,2024-09-13 00:00:00,1.0,5517.0
CUS_00217,05FCOUSCVA1         ,GF ,組   ,1500.0,2024-09-13 00:00:00,1.0,5517.0
CUS_00733,GPSWV               ,GF ,條   ,2000.0,2024-09-18 00:00:00,1.0,5528.0
CUS_00587,3VXTA1E2            ,GF ,組   ,0.0,2024-09-18 00:00:00,1.0,5529.0
CUS_00183,HY662               ,GF ,組   ,1000.0,2024-09-19 00:00:00,1.0,5530.0
CUS_00221,SENFINECOFURFFVR    ,GF ,罐   ,1800.0,2024-09-20 00:00:00,1.0,5538.0
CUS_00221,ABROYQUV            ,GF ,罐   ,400.0,2024-09-20 00:00:00,1.0,5538.0
CUS_00221,20252T              ,GF ,各   ,100.0,2024-09-20 00:00:00,1.0,5538.0
CUS_00221,SAXO1040            ,GF ,罐   ,450.0,2024-09-20 00:00:00,1.0,5538.0
CUS_00221,ABROUF1EUR          ,GF ,罐   ,550.0,2024-09-20 00:00:00,1.0,5538.0
CUS_00221,CHEERS1540RU        ,GF ,罐   ,450.0,2024-09-20 00:00:00,1.0,5538.0
CUS_00555,RSENH78000K         ,GF ,各   ,500.0,2024-09-20 00:00:00,1.0,5538.0
CUS_00587,VIOSUCSG1           ,GF ,次   ,0.0,2024-09-20 00:00:00,1.0,5539.0
CUS_00157,VIOSUCSG1           ,GF ,次   ,2500.0,2024-09-20 00:00:00,1.0,5539.0
CUS_00221,ZEROFV1UUR          ,GF ,罐   ,400.0,2024-11-15 00:00:00,1.0,5651.0
CUS_00135,H1255W              ,GF ,各   ,150.0,2025-02-05 00:00:00,1.0,5880.0
CUS_00091,3313-TPF1E          ,GF ,組   ,4000.0,2025-03-24 00:00:00,1.0,5960.0
CUS_00091,3313-TPF1EDF        ,GF ,次   ,4500.0,2025-03-24 00:00:00,1.0,5960.0
CUS_00555,RSENH76000K         ,GF ,各   ,500.0,2026-01-29 00:00:00,1.0,6865.0
CUS_00537,Z1010H2YGVTRXF      ,GF ,組   ,7000.0,2024-09-24 00:00:00,1.0,5539.0
CUS_00537,TURBO900622         ,GF ,組   ,2500.0,2024-09-24 00:00:00,1.0,5539.0
CUS_00537,20322T              ,GF ,各   ,100.0,2024-09-24 00:00:00,1.0,5539.0
CUS_00537,PNSS30              ,GF ,組   ,500.0,2024-09-24 00:00:00,1.0,5539.0
CUS_00046,ZV5K5DGUVTRXF       ,GF ,組   ,8400.0,2024-09-25 00:00:00,1.0,5542.0
CUS_00046,K00219              ,GF ,張   ,100.0,2024-09-25 00:00:00,1.0,5542.0
CUS_00183,08ALTISCUW          ,GF ,組   ,2800.0,2024-09-19 00:00:00,1.0,5542.0
CUS_00046,ZEROVRMG22G         ,GF ,支   ,850.0,2024-09-25 00:00:00,2.0,5544.0
CUS_00046,ZJTUA               ,GF ,罐   ,300.0,2024-09-25 00:00:00,1.0,5544.0
CUS_00419,Z1010H2YGVTRXF      ,GF ,組   ,6500.0,2024-09-26 00:00:00,1.0,5544.0
CUS_00419,ABT-517HWA5W        ,GF ,各   ,1000.0,2024-09-26 00:00:00,1.0,5544.0
CUS_00419,08LIVINATA1E2       ,GF ,組   ,800.0,2024-09-26 00:00:00,1.0,5544.0
CUS_00641,Z1010H2YGVTRXF      ,GF ,組   ,7500.0,2024-09-27 00:00:00,1.0,5547.0
CUS_00641,EY                  ,GF ,次   ,500.0,2024-09-27 00:00:00,1.0,5547.0
CUS_00587,ABTD002             ,GF ,組   ,0.0,2024-09-30 00:00:00,1.0,5549.0
CUS_00309,2TVUJE              ,GF ,組   ,2500.0,2024-10-01 00:00:00,1.0,5550.0
CUS_00091,5E2Q                ,GF ,組   ,1000.0,2024-10-01 00:00:00,1.0,5550.0
CUS_00631,ERQ602Q             ,GF ,各   ,2300.0,2024-01-01 00:00:00,1.0,5550.0
CUS_00631,6069-RG             ,GF ,組   ,6500.0,2024-10-01 00:00:00,1.0,5550.0
CUS_00074,PNSS212UF           ,GF ,組   ,450.0,2024-10-01 00:00:00,1.0,5550.0
CUS_00429,Z1010H2YGVTRXF      ,GF ,組   ,7500.0,2024-10-02 00:00:00,1.0,5550.0
CUS_00570,HNFJV               ,GF ,次   ,1000.0,2024-10-01 00:00:00,1.0,5550.0
CUS_00429,RSEN56ZVQW          ,GF ,條   ,500.0,2024-10-02 00:00:00,1.0,5550.0
CUS_00126,TYPERH7CR2Q         ,GF ,組   ,1200.0,2024-10-03 00:00:00,1.0,5552.0
CUS_00126,LN01Q5XN4B          ,GF ,組   ,300.0,2024-10-03 00:00:00,1.0,5552.0
CUS_00276,TYPERH4CR           ,GF ,組   ,1200.0,2024-10-03 00:00:00,1.0,5552.0
CUS_00587,PNSP05              ,GF ,各   ,0.0,2026-03-18 00:00:00,1.0,6995.0
CUS_00276,ZERO14VRMG          ,GF ,支   ,700.0,2024-10-03 00:00:00,1.0,5552.0
CUS_00276,ZEROVRMG24          ,GF ,支   ,1000.0,2024-10-03 00:00:00,1.0,5552.0
CUS_00276,VBDVATX-2           ,GF ,罐   ,200.0,2024-10-03 00:00:00,1.0,5552.0
CUS_00110,SAXO1040            ,GF ,罐   ,450.0,2024-10-04 00:00:00,5.0,5554.0
CUS_00110,XGDFV               ,GF ,各   ,450.0,2024-10-04 00:00:00,1.0,5554.0
CUS_00110,XGRUV               ,GF ,各   ,100.0,2024-10-04 00:00:00,1.0,5554.0
CUS_00110,NO16375TGGD         ,GF ,組   ,400.0,2024-10-04 00:00:00,1.0,5554.0
CUS_00110,VTRXFV2DE           ,GF ,條   ,700.0,2024-10-04 00:00:00,1.0,5554.0
CUS_00587,ERQ60UCR2Q          ,GF ,各   ,0.0,2025-10-04 00:00:00,1.0,6558.0
CUS_00587,ABTD003GTVTF        ,GF ,組   ,0.0,2025-12-19 00:00:00,1.0,6765.0
CUS_00066,ABROUF1EUR          ,GF ,罐   ,500.0,2024-07-31 00:00:00,1.0,5433.0
CUS_00682,A6ZVBV2             ,GF ,各   ,750.0,2024-07-29 00:00:00,2.0,5433.0
CUS_00094,LD-7FJV             ,GF ,次   ,800.0,2024-07-31 00:00:00,1.0,5436.0
CUS_00471,VTRXFV              ,GF ,組   ,500.0,2024-08-02 00:00:00,1.0,5436.0
CUS_00587,PNSHDF32            ,GF ,組   ,0.0,2024-08-03 00:00:00,1.0,5439.0
CUS_00587,14CRV4QFMT          ,GF ,組   ,0.0,2024-08-03 00:00:00,1.0,5441.0
CUS_00587,14CRVTA1E2          ,GF ,駔   ,0.0,2024-08-03 00:00:00,1.0,5442.0
CUS_00283,13A2-8+32+CAN       ,GF ,組   ,14500.0,2024-08-05 00:00:00,1.0,5444.0
CUS_00283,13A2-NQFMT          ,GF ,組   ,1800.0,2024-08-05 00:00:00,1.0,5444.0
CUS_00352,FORTISTA1E2         ,GF ,組   ,500.0,2024-08-06 00:00:00,1.0,5446.0
CUS_00555,GN12036ZVQW         ,GF ,條   ,300.0,2024-08-06 00:00:00,1.0,5446.0
CUS_00588,EXXTA1E2            ,GF ,組   ,800.0,2024-08-07 00:00:00,1.0,5449.0
CUS_00161,ERQ80D23LUCR2T      ,GF ,各   ,3400.0,2024-08-08 00:00:00,1.0,5449.0
CUS_00161,ABTE091ZDJMAIGDJVJF ,GF ,組   ,1000.0,2024-08-08 00:00:00,1.0,5449.0
CUS_00161,RSENGVR             ,GF ,罐   ,100.0,2024-08-08 00:00:00,1.0,5449.0
CUS_00728,2TVUJE              ,GF ,組   ,1500.0,2024-08-08 00:00:00,1.0,5450.0
CUS_00682,LEDV2Q72WCN         ,GF ,組   ,1500.0,2024-08-09 00:00:00,1.0,5453.0
CUS_00587,NO337XRW            ,GF ,各   ,0.0,2024-08-10 00:00:00,1.0,5457.0
CUS_00002,Z1010H2YGVTRXF      ,GF ,組   ,7000.0,2024-08-10 00:00:00,1.0,5459.0
CUS_00062,Z1010H2YGVTRXF      ,GF ,組   ,7000.0,2024-08-10 00:00:00,1.0,5459.0
CUS_00002,SAXO1040            ,GF ,罐   ,450.0,2024-08-10 00:00:00,4.0,5459.0
CUS_00002,ERQ60UCR2Q          ,GF ,各   ,3000.0,2024-08-10 00:00:00,1.0,5459.0
CUS_00002,2ZSIRIONDFV         ,GF ,各   ,450.0,2024-08-10 00:00:00,1.0,5461.0
CUS_00396,2017FCOUSYE5F       ,GF ,組   ,3000.0,2024-08-10 00:00:00,1.0,5461.0
CUS_00002,SAXOQUYFRR          ,GF ,罐   ,450.0,2024-08-10 00:00:00,1.0,5461.0
CUS_00204,VTRXFV              ,GF ,組   ,300.0,2024-08-13 00:00:00,1.0,5463.0
CUS_00204,NO16375TGGD         ,GF ,組   ,500.0,2024-08-13 00:00:00,1.0,5463.0
CUS_00204,1VNV                ,GF ,各   ,200.0,2024-08-13 00:00:00,1.0,5463.0
CUS_00091,SF0043              ,GF ,組   ,100.0,2024-08-14 00:00:00,1.0,5463.0
CUS_00443,V18H4LED22          ,GF ,組   ,2500.0,2024-08-14 00:00:00,1.0,5463.0
CUS_00443,HK902DUX1           ,GF ,組   ,1500.0,2024-08-14 00:00:00,1.0,5463.0
CUS_00443,RSENT104014242      ,GF ,組   ,450.0,2024-08-14 00:00:00,1.0,5463.0
CUS_00443,RSENT105630         ,GF ,卡   ,400.0,2024-08-14 00:00:00,1.0,5463.0
CUS_00443,NOID36GS2           ,GF ,組   ,550.0,2024-08-14 00:00:00,1.0,5463.0
CUS_00091,RSEN02F             ,GF ,各   ,1500.0,2025-06-13 00:00:00,1.0,6317.0
CUS_00110,PNSHDF              ,GF ,組   ,900.0,2024-10-04 00:00:00,1.0,5554.0
CUS_00110,JXFYE               ,GF ,組   ,100.0,2024-10-04 00:00:00,1.0,5554.0
CUS_00678,2TXWJX              ,GF ,組   ,3000.0,2024-10-04 00:00:00,1.0,5554.0
CUS_00110,FORTISDFV           ,GF ,各   ,450.0,2024-10-04 00:00:00,1.0,5554.0
CUS_00270,JGWA5               ,GF ,組   ,3500.0,2024-10-07 00:00:00,1.0,5557.0
CUS_00270,GXYGUX              ,GF ,罐   ,600.0,2024-10-07 00:00:00,1.0,5557.0
CUS_00270,2XAF                ,GF ,組   ,100.0,2024-10-07 00:00:00,1.0,5557.0
CUS_00291,055MVTRXF           ,GF ,組   ,7500.0,2024-10-07 00:00:00,1.0,5557.0
CUS_00291,XASX4054+645R       ,GF ,組   ,15500.0,2024-10-07 00:00:00,1.0,5557.0
CUS_00318,MIOD20VTRXF         ,GF ,組   ,4000.0,2024-10-09 00:00:00,1.0,5559.0
CUS_00318,5E5R                ,GF ,組   ,2000.0,2024-10-09 00:00:00,1.0,5560.0
CUS_00146,2TVUJE              ,GF ,組   ,2500.0,2024-10-09 00:00:00,1.0,5560.0
CUS_00146,GWA                 ,GF ,各   ,100.0,2024-10-09 00:00:00,1.0,5560.0
CUS_00146,AVV1.0              ,GF ,條   ,400.0,2024-10-09 00:00:00,1.0,5560.0
CUS_00587,XASX4TA1E2          ,GF ,組   ,0.0,2024-10-11 00:00:00,1.0,5564.0
CUS_00110,VBDVATX-2           ,GF ,罐   ,200.0,2024-10-14 00:00:00,1.0,5568.0
CUS_00110,AFL5050FH           ,GF ,條   ,550.0,2024-10-14 00:00:00,2.0,5570.0
CUS_00110,EY                  ,GF ,次   ,500.0,2024-10-14 00:00:00,1.0,5570.0
CUS_00694,ABROQAG1XTUA        ,GF ,組   ,300.0,2024-10-17 00:00:00,1.0,5573.0
CUS_00360,MIOD20VTRXF         ,GF ,組   ,5000.0,2024-10-19 00:00:00,1.0,5577.0
CUS_00360,S27CTYZ1VNY         ,GF ,組   ,500.0,2024-10-19 00:00:00,1.0,5577.0
CUS_00733,GPSWVEY             ,GF ,次   ,2000.0,2024-10-21 00:00:00,1.0,5577.0
CUS_00682,DRG15FCTFC          ,GF ,組   ,700.0,2024-10-21 00:00:00,1.0,5578.0
CUS_00378,LD72UVTRXF          ,GF ,組   ,3500.0,2024-10-22 00:00:00,1.0,5578.0
CUS_00422,22EY                ,GF ,次   ,300.0,2024-10-22 00:00:00,1.0,5578.0
CUS_00115,ERQ80D23LUCR2T      ,GF ,各   ,3500.0,2024-10-28 00:00:00,1.0,5590.0
CUS_00694,CLA250XFXJ          ,GF ,各   ,1450.0,2026-04-08 00:00:00,1.0,7029.0
CUS_00587,F2W5                ,GF ,張   ,0.0,2024-10-29 00:00:00,1.0,5597.0
CUS_00309,GN5V                ,GF ,罐   ,350.0,2024-10-29 00:00:00,1.0,5598.0
CUS_00309,NO167VG             ,GF ,各   ,150.0,2024-10-29 00:00:00,2.0,5598.0
CUS_00309,VTRXFV              ,GF ,組   ,500.0,2024-10-29 00:00:00,1.0,5598.0
CUS_00587,82VADFV             ,GF ,各   ,4.0,2024-10-29 00:00:00,1.0,5599.0
CUS_00587,82VADFV2.0          ,GF ,各   ,450.0,2024-10-29 00:00:00,1.0,5599.0
CUS_00199,NOIDNRMG20          ,GF ,組   ,450.0,2024-10-29 00:00:00,1.0,5599.0
CUS_00199,NOIDNRMG26          ,GF ,支   ,550.0,2024-10-29 00:00:00,1.0,5599.0
CUS_00115,ERQ560L252Q         ,GF ,各   ,3500.0,2024-10-28 00:00:00,1.0,5600.0
CUS_00587,ABT-D005            ,GF ,組   ,0.0,2025-01-02 00:00:00,1.0,5781.0
CUS_00594,OULLANDERW2         ,GF ,組   ,1200.0,2024-11-19 00:00:00,1.0,5659.0
CUS_00648,ABT563FYQD          ,GF ,組   ,300.0,2024-11-19 00:00:00,1.0,5661.0
CUS_00541,PNSSC002            ,GF ,組   ,300.0,2024-11-21 00:00:00,1.0,5662.0
CUS_00541,Z1010H2YGVTRXF      ,GF ,組   ,7000.0,2024-11-21 00:00:00,1.0,5662.0
CUS_00541,345LNDU2T2Q         ,GF ,各   ,3700.0,2024-11-21 00:00:00,1.0,5662.0
CUS_00643,Z1010H2YGVTRXF      ,GF ,組   ,7500.0,2024-11-22 00:00:00,1.0,5665.0
CUS_00472,CARGTUV             ,GF ,罐   ,250.0,2024-12-02 00:00:00,1.0,5669.0
CUS_00472,ABROZVQU            ,GF ,罐   ,300.0,2024-12-02 00:00:00,1.0,5669.0
CUS_00587,U6FMT               ,GF ,組   ,0.0,2024-12-03 00:00:00,1.0,5673.0
CUS_00367,2TXWJX              ,GF ,組   ,1500.0,2024-12-02 00:00:00,1.0,5677.0
CUS_00694,BCF161617XF         ,GF ,各   ,6500.0,2024-11-27 00:00:00,4.0,5677.0
CUS_00533,RSENHID55WUADG      ,GF ,各   ,1500.0,2024-12-03 00:00:00,1.0,5678.0
CUS_00587,13VIOSCFMT          ,GF ,組   ,0.0,2024-12-05 00:00:00,1.0,5685.0
CUS_00587,AF003ZWQ2W          ,GF ,各   ,0.0,2024-12-05 00:00:00,1.0,5694.0
CUS_00587,GOLFUVUVE           ,GF ,組   ,0.0,2024-12-06 00:00:00,1.0,5695.0
CUS_00509,RFLN01Q5XN          ,GF ,組   ,300.0,2024-12-11 00:00:00,1.0,5706.0
CUS_00509,ZEROVRMG22G         ,GF ,支   ,950.0,2024-12-11 00:00:00,2.0,5706.0
CUS_00682,13TIDA4QFMT         ,GF ,組   ,1200.0,2024-12-09 00:00:00,1.0,5709.0
CUS_00571,GN116DAJZVQW2L      ,GF ,條   ,500.0,2024-12-11 00:00:00,1.0,5709.0
CUS_00571,Z10CTUTV            ,GF ,條   ,1000.0,2024-12-11 00:00:00,1.0,5709.0
CUS_00571,HK800JGX1           ,GF ,組   ,700.0,2024-12-11 00:00:00,1.0,5709.0
CUS_00571,Z1010H2YGVTRXF      ,GF ,組   ,7200.0,2024-12-11 00:00:00,1.0,5709.0
CUS_00571,99R2CAW2            ,GF ,各   ,1100.0,2024-12-11 00:00:00,1.0,5709.0
CUS_00538,510Z2F              ,GF ,組   ,3800.0,2024-12-12 00:00:00,1.0,5716.0
CUS_00538,CARW2               ,GF ,組   ,1000.0,2024-12-12 00:00:00,1.0,5716.0
CUS_00587,PNSHDF29            ,GF ,組   ,0.0,2026-04-09 00:00:00,1.0,7034.0
CUS_00594,ZEROVRMG24          ,GF ,支   ,800.0,2024-12-12 00:00:00,1.0,5716.0
CUS_00598,TYPERH4CR           ,GF ,組   ,600.0,2024-12-19 00:00:00,1.0,5717.0
CUS_00586,24V2V2Q             ,GF ,各   ,20.0,2024-12-13 00:00:00,10.0,5724.0
CUS_00367,2XDR2F              ,GF ,組   ,1800.0,2024-12-13 00:00:00,1.0,5728.0
CUS_00587,13VIOSFMTXQ         ,GF ,組   ,0.0,2024-12-14 00:00:00,1.0,5729.0
          ,VBDVTX1000ML        ,GF ,罐   ,0.0,2024-12-17 00:00:00,1.0,5734.0
CUS_00594,ZEROVRMG20          ,GF ,支   ,700.0,2025-03-22 00:00:00,1.0,5954.0
CUS_00533,RSEND26000K         ,GF ,各   ,600.0,2025-05-14 00:00:00,1.0,6196.0
CUS_00587,ABROGTU             ,GF ,罐   ,0.0,2025-12-10 00:00:00,1.0,6744.0
CUS_00587,1VN30AVAT1VN        ,GF ,各   ,0.0,2024-11-02 00:00:00,1.0,5603.0
CUS_00587,12EAXFMT            ,GF ,組   ,0.0,2024-11-02 00:00:00,1.0,5607.0
CUS_00449,MIMI2Q              ,GF ,各   ,7500.0,2024-11-05 00:00:00,1.0,5607.0
CUS_00076,APPWWVGF            ,GF ,組   ,3000.0,2024-11-08 00:00:00,1.0,5607.0
CUS_00587,H4ZXQ2Q             ,GF ,組   ,0.0,2024-11-08 00:00:00,1.0,5609.0
CUS_00587,RG2LED12V           ,GF ,組   ,0.0,2024-11-08 00:00:00,1.0,5613.0
CUS_00587,RG212V2Q            ,GF ,組   ,0.0,2024-11-08 00:00:00,1.0,5615.0
CUS_00587,H4LED181E           ,GF ,各   ,0.0,2024-11-08 00:00:00,1.0,5623.0
CUS_00182,J00352CMG           ,GF ,支   ,400.0,2024-11-07 00:00:00,1.0,5623.0
CUS_00234,ERQ60UCR2Q          ,GF ,各   ,3000.0,2024-11-08 00:00:00,1.0,5623.0
CUS_00587,FOCUSR2F            ,GF ,各   ,0.0,2024-11-11 00:00:00,1.0,5632.0
CUS_00222,07LIVINA5MW2        ,GF ,組   ,900.0,2024-11-11 00:00:00,1.0,5632.0
CUS_00091,YH3702XENJV         ,GF ,次   ,1000.0,2024-11-11 00:00:00,1.0,5632.0
CUS_00183,08ALTIS5MW2         ,GF ,組   ,900.0,2024-11-11 00:00:00,1.0,5633.0
CUS_00587,TAD012              ,GF ,組   ,0.0,2024-11-12 00:00:00,1.0,5642.0
CUS_00733,ECC9922TBCR         ,GF ,罐   ,250.0,2024-11-12 00:00:00,1.0,5645.0
CUS_00716,AFL283578           ,GF ,組   ,200.0,2024-11-13 00:00:00,1.0,5647.0
CUS_00716,S28WGDE             ,GF ,組   ,100.0,2024-11-13 00:00:00,1.0,5647.0
CUS_00694,UADMGR              ,GF ,罐   ,200.0,2024-11-14 00:00:00,1.0,5647.0
CUS_00694,HG002MGR            ,GF ,罐   ,200.0,2024-11-14 00:00:00,1.0,5647.0
CUS_00184,SUFEUV              ,GF ,各   ,200.0,2024-11-13 00:00:00,1.0,5648.0
CUS_00184,7D3237Q2            ,GF ,組   ,4500.0,2024-11-13 00:00:00,1.0,5648.0
CUS_00184,SUFECUEY            ,GF ,次   ,200.0,2024-11-13 00:00:00,1.0,5648.0
CUS_00184,CHEERS1540RU        ,GF ,罐   ,450.0,2024-11-13 00:00:00,4.0,5648.0
CUS_00576,ZEROVRMG22G         ,GF ,支   ,1000.0,2024-11-14 00:00:00,1.0,5649.0
CUS_00576,ZEROVRMG18          ,GF ,支   ,800.0,2024-11-14 00:00:00,1.0,5649.0
CUS_00221,WUSWU5TF            ,GF ,組   ,3000.0,2024-11-15 00:00:00,1.0,5651.0
CUS_00229,T10552              ,GF ,各   ,50.0,2024-11-16 00:00:00,2.0,5656.0
CUS_00229,T20GV2Q             ,GF ,各   ,150.0,2024-11-16 00:00:00,2.0,5656.0
CUS_00229,82VAUV              ,GF ,各   ,200.0,2024-11-16 00:00:00,1.0,5656.0
CUS_00229,CHEERS1540RU        ,GF ,罐   ,350.0,2024-11-16 00:00:00,4.0,5656.0
CUS_00229,IDRH6.5T            ,GF ,組   ,5000.0,2023-08-08 00:00:00,1.0,5656.0
CUS_00142,YH370FES2XEN        ,GF ,組   ,3500.0,2024-11-18 00:00:00,1.0,5658.0
CUS_00142,YH1682XEN           ,GF ,組   ,3500.0,2024-11-18 00:00:00,1.0,5658.0
CUS_00587,CY909QWW            ,GF ,各   ,0.0,2025-07-01 00:00:00,1.0,6353.0
CUS_00587,703TZD5XGRR         ,GF ,組   ,0.0,2025-09-17 00:00:00,1.0,6529.0
          ,2V2Q                ,GF ,各   ,0.0,2024-12-17 00:00:00,2.0,5736.0
CUS_00019,AXZ7328EY           ,GF ,各   ,2000.0,2024-12-17 00:00:00,1.0,5738.0
CUS_00019,SENFINCEOXFZVFRR    ,GF ,罐   ,1500.0,2024-12-17 00:00:00,1.0,5738.0
CUS_00019,AH59ZVQW            ,GF ,條   ,700.0,2024-12-17 00:00:00,1.0,5738.0
CUS_00044,SAXO1040            ,GF ,罐   ,450.0,2024-12-17 00:00:00,4.0,5738.0
CUS_00044,ZWUV                ,GF ,各   ,100.0,2024-12-17 00:00:00,1.0,5738.0
CUS_00044,VIOSDFV             ,GF ,組   ,350.0,2024-12-17 00:00:00,1.0,5738.0
CUS_00044,NISSIONYQU          ,GF ,罐   ,600.0,2024-12-17 00:00:00,4.0,5738.0
CUS_00044,MISSIONCVT          ,GF ,罐   ,600.0,2024-12-17 00:00:00,4.0,5738.0
          ,H00338              ,GF ,張   ,0.0,2024-12-17 00:00:00,1.0,5739.0
CUS_00044,5Y5VTRXF            ,GF ,組   ,3350.0,2024-12-17 00:00:00,1.0,5739.0
CUS_00472,BHD-5917            ,GF ,個   ,5000.0,2024-12-17 00:00:00,1.0,5739.0
          ,RSENA1FTU11A5W      ,GF ,組   ,0.0,2024-12-17 00:00:00,1.0,5740.0
          ,GARMINDRIVE52       ,GF ,組   ,0.0,2024-12-17 00:00:00,1.0,5741.0
          ,PNSS36              ,GF ,組   ,0.0,2024-12-17 00:00:00,1.0,5742.0
          ,AFL5050FH           ,GF ,條   ,0.0,2024-12-17 00:00:00,2.0,5743.0
          ,GARMIN532C          ,GF ,組   ,0.0,2024-12-17 00:00:00,1.0,5745.0
CUS_00333,CHEERS1540RU        ,GF ,罐   ,350.0,2024-12-18 00:00:00,5.0,5745.0
CUS_00587,12BMWX55MW2         ,GF ,1   ,0.0,2024-12-18 00:00:00,1.0,5746.0
CUS_00674,12BMWX55MW2         ,GF ,1   ,2500.0,2024-12-17 00:00:00,1.0,5746.0
CUS_00674,TYPERH7CR2Q         ,GF ,組   ,1000.0,2024-12-17 00:00:00,1.0,5746.0
CUS_00706,AXZ7328EY           ,GF ,各   ,300.0,2024-12-19 00:00:00,1.0,5749.0
CUS_00594,17SU5FL             ,GF ,個   ,1500.0,2024-12-19 00:00:00,1.0,5749.0
CUS_00594,17SXCFR             ,GF ,個   ,1500.0,2024-12-19 00:00:00,1.0,5749.0
CUS_00594,17SXCRL             ,GF ,個   ,1200.0,2024-12-19 00:00:00,1.0,5749.0
CUS_00594,17SXCRR             ,GF ,個   ,1200.0,2024-12-19 00:00:00,1.0,5749.0
CUS_00571,2TBB                ,GF ,各   ,200.0,2024-12-19 00:00:00,1.0,5749.0
CUS_00700,2015CRVCAFT+CV      ,GF ,組   ,2800.0,2024-12-20 00:00:00,1.0,5749.0
CUS_00587,J00351              ,GF ,支   ,0.0,2024-12-20 00:00:00,1.0,5752.0
CUS_00281,RSENH116000K        ,GF ,各   ,800.0,2024-12-20 00:00:00,1.0,5752.0
CUS_00180,GOLTPLUSGSR         ,GF ,個   ,1300.0,2024-12-23 00:00:00,1.0,5757.0
CUS_00180,ERQ80D23LUCR2T      ,GF ,各   ,3500.0,2024-12-23 00:00:00,1.0,5757.0
CUS_00186,TYPERH11CR2Q        ,GF ,組   ,1200.0,2024-12-23 00:00:00,1.0,5757.0
CUS_00607,ERQ60UCR2Q          ,GF ,各   ,2800.0,2024-12-23 00:00:00,1.0,5760.0
CUS_00019,EY                  ,GF ,次   ,300.0,2025-07-08 00:00:00,1.0,6369.0
CUS_00587,709U11GRR           ,GF ,組   ,0.0,2026-01-16 00:00:00,1.0,6833.0
CUS_00638,WJD                 ,GF ,組   ,1000.0,2024-12-24 00:00:00,1.0,5762.0
CUS_00664,XUG3UVTRXF          ,GF ,組   ,10500.0,2024-12-24 00:00:00,1.0,5763.0
CUS_00181,EY                  ,GF ,次   ,1500.0,2024-12-25 00:00:00,1.0,5766.0
CUS_00576,ZEROVRMG20          ,GF ,支   ,1000.0,2024-11-14 00:00:00,1.0,5766.0
CUS_00694,BCF-1616V2Q         ,GF ,各   ,5900.0,2024-12-27 00:00:00,1.0,5769.0
CUS_00074,NOID6SND            ,GF ,組   ,200.0,2024-12-27 00:00:00,1.0,5769.0
CUS_00587,13R2FMT             ,GF ,組   ,0.0,2024-12-28 00:00:00,1.0,5773.0
CUS_00322,12AY25TA1E2         ,GF ,組   ,800.0,2024-12-31 00:00:00,1.0,5776.0
CUS_00694,QAJFTNFTR           ,GF ,罐   ,450.0,2025-01-02 00:00:00,1.0,5780.0
CUS_00694,F00710              ,GF ,張   ,40.0,2025-01-02 00:00:00,1.0,5780.0
CUS_00664,10WISHCW            ,GF ,各   ,2500.0,2025-01-03 00:00:00,1.0,5788.0
CUS_00019,0760-T9WISHF2EB5    ,GF ,次   ,6000.0,2025-01-03 00:00:00,1.0,5788.0
CUS_00532,2TXWSD1AW           ,GF ,組   ,1800.0,2025-01-04 00:00:00,1.0,5792.0
CUS_00532,ABROUF1EUR          ,GF ,罐   ,500.0,2025-01-04 00:00:00,1.0,5792.0
CUS_00252,RSEND28000K         ,GF ,各   ,1000.0,2025-01-04 00:00:00,1.0,5792.0
CUS_00587,C1652UVG            ,GF ,組   ,0.0,2025-01-04 00:00:00,1.0,5793.0
CUS_00587,F00539              ,GF ,張   ,0.0,2025-01-04 00:00:00,1.0,5794.0
CUS_00682,13RAV45MW2          ,GF ,組   ,550.0,2025-01-03 00:00:00,1.0,5796.0
CUS_00547,EY                  ,GF ,次   ,2000.0,2025-01-06 00:00:00,1.0,5802.0
CUS_00547,RSEN55ZVQW          ,GF ,條   ,600.0,2025-01-06 00:00:00,1.0,5802.0
CUS_00547,BEV-83298C+128055R  ,GF ,組   ,18000.0,2025-01-06 00:00:00,1.0,5802.0
CUS_00587,XB-306ZEW5          ,GF ,各   ,0.0,2025-01-06 00:00:00,1.0,5805.0
CUS_00013,01ALTISTA5DYF       ,GF ,各   ,4500.0,2025-01-06 00:00:00,1.0,5805.0
CUS_00587,15HXFE              ,GF ,組   ,0.0,2025-01-07 00:00:00,1.0,5806.0
CUS_00547,HK915X1             ,GF ,組   ,1200.0,2025-01-08 00:00:00,1.0,5808.0
CUS_00019,0760-T9CREY         ,GF ,次   ,1000.0,2025-01-09 00:00:00,1.0,5812.0
CUS_00019,0760-T9WISH0513H5R  ,GF ,組   ,30000.0,2025-01-09 00:00:00,1.0,5812.0
CUS_00019,V18H11LED22         ,GF ,組   ,4000.0,2025-01-09 00:00:00,1.0,5813.0
CUS_00587,I00004R             ,GF ,各   ,0.0,2025-02-10 00:00:00,1.0,5888.0
CUS_00252,RSEND26000K         ,GF ,各   ,1000.0,2025-05-02 00:00:00,1.0,6135.0
CUS_00252,RSENHID5RF          ,GF ,各   ,500.0,2025-05-02 00:00:00,1.0,6135.0
CUS_00587,AXZ7328EY           ,GF ,各   ,0.0,2025-06-09 00:00:00,1.0,6294.0
CUS_00587,ABTE047             ,GF ,組   ,0.0,2025-10-04 00:00:00,1.0,6559.0
CUS_00694,RSENEFFVR           ,GF ,罐   ,400.0,2026-02-10 00:00:00,1.0,6896.0
CUS_00587,2FWBE               ,GF ,各   ,0.0,2026-02-12 00:00:00,1.0,6912.0
CUS_00598,SF00112QE2D         ,GF ,組   ,80.0,2025-01-09 00:00:00,1.0,5813.0
CUS_00546,GARMIN532C          ,GF ,組   ,4990.0,2025-01-09 00:00:00,1.0,5813.0
CUS_00618,ID4HX1              ,GF ,組   ,1500.0,2025-01-13 00:00:00,1.0,5822.0
CUS_00032,FAGEUW1.4           ,GF ,捲   ,1000.0,2025-01-14 00:00:00,2.0,5827.0
CUS_00594,ZEROVRMG22G         ,GF ,支   ,750.0,2025-01-14 00:00:00,2.0,5827.0
CUS_00227,V1                  ,GF ,組   ,1200.0,2025-01-14 00:00:00,1.0,5830.0
CUS_00227,EY                  ,GF ,次   ,1000.0,2025-01-14 00:00:00,1.0,5830.0
CUS_00227,AV5F2               ,GF ,組   ,800.0,2025-01-14 00:00:00,1.0,5830.0
CUS_00245,GARMIN532C          ,GF ,組   ,4990.0,2025-01-16 00:00:00,1.0,5843.0
CUS_00019,Z1010H2YGVTRXF      ,GF ,組   ,7500.0,2025-01-17 00:00:00,1.0,5848.0
CUS_00587,T-137               ,GF ,罐   ,0.0,2025-01-17 00:00:00,1.0,5851.0
CUS_00407,TURBOH11            ,GF ,組   ,2500.0,2025-01-18 00:00:00,1.0,5851.0
CUS_00406,BAL-7633EB5         ,GF ,組   ,6000.0,2025-01-21 00:00:00,1.0,5852.0
CUS_00032,WISH2E              ,GF ,組   ,1450.0,2025-01-21 00:00:00,2.0,5855.0
CUS_00032,SENFINCEODFFRR      ,GF ,罐   ,500.0,2025-01-21 00:00:00,1.0,5855.0
CUS_00032,08ALTISXFXJ         ,GF ,各   ,500.0,2025-01-21 00:00:00,1.0,5855.0
CUS_00032,DR0AZVQWM           ,GF ,各   ,600.0,2025-01-21 00:00:00,1.0,5855.0
CUS_00609,PG10671UF           ,GF ,各   ,2800.0,2025-01-21 00:00:00,1.0,5855.0
CUS_00609,PD12012MRW          ,GF ,各   ,200.0,2025-01-21 00:00:00,1.0,5855.0
CUS_00448,RSENT1018RMU        ,GF ,卡   ,450.0,2025-01-22 00:00:00,1.0,5855.0
CUS_00448,DAYL60BV2           ,GF ,組   ,2500.0,2025-01-22 00:00:00,1.0,5855.0
CUS_00448,T10-3030            ,GF ,組   ,500.0,2025-01-22 00:00:00,1.0,5855.0
CUS_00448,2TXWSDXU            ,GF ,組   ,3000.0,2025-01-22 00:00:00,1.0,5855.0
CUS_00448,J00346              ,GF ,支   ,400.0,2025-01-22 00:00:00,1.0,5855.0
CUS_00110,ZEROAMN+RFC         ,GF ,罐   ,400.0,2025-01-22 00:00:00,1.0,5858.0
CUS_00110,VBDXEX              ,GF ,罐   ,120.0,2025-01-22 00:00:00,1.0,5858.0
CUS_00110,ZEROFV1UUR          ,GF ,罐   ,400.0,2025-01-22 00:00:00,1.0,5858.0
CUS_00694,F01051              ,GF ,張   ,40.0,2026-03-07 00:00:00,4.0,6968.0
CUS_00265,WUSWU5TF            ,GF ,組   ,3000.0,2025-01-23 00:00:00,1.0,5859.0
CUS_00694,GARMIN762C          ,GF ,組   ,9500.0,2025-01-23 00:00:00,1.0,5860.0
CUS_00587,PE53GV1W            ,GF ,組   ,0.0,2025-01-23 00:00:00,1.0,5862.0
CUS_00694,ZEROVRMG26          ,GF ,支   ,1100.0,2025-01-23 00:00:00,1.0,5862.0
CUS_00694,ZEROVRMG20          ,GF ,支   ,960.0,2025-01-23 00:00:00,1.0,5862.0
CUS_00365,TYPERH7CR2Q         ,GF ,組   ,1200.0,2025-01-24 00:00:00,1.0,5862.0
CUS_00030,ERQ60UCR2Q          ,GF ,各   ,2800.0,2025-01-25 00:00:00,1.0,5863.0
CUS_00587,GN290GVR            ,GF ,罐   ,0.0,2025-06-06 00:00:00,1.0,6285.0
CUS_00587,WF55D23L2Q          ,GF ,各   ,0.0,2025-09-16 00:00:00,1.0,6531.0
CUS_00555,RSEN90066000K2Q     ,GF ,各   ,500.0,2025-02-03 00:00:00,1.0,5871.0
CUS_00733,TG032FR             ,GF ,各   ,650.0,2025-02-04 00:00:00,1.0,5880.0
CUS_00236,ID6*9W5X1           ,GF ,組   ,5800.0,2025-02-04 00:00:00,1.0,5880.0
CUS_00236,IN362835GS2         ,GF ,卡   ,450.0,2025-02-04 00:00:00,2.0,5880.0
CUS_00236,RSENT104RQ          ,GF ,卡   ,200.0,2025-02-04 00:00:00,1.0,5880.0
CUS_00587,DH5205EZWV          ,GF ,組   ,0.0,2025-02-05 00:00:00,1.0,5883.0
CUS_00312,RSEND14300K2Q       ,GF ,各   ,1500.0,2025-02-06 00:00:00,2.0,5887.0
CUS_00254,08ALTISXFXJ         ,GF ,各   ,450.0,2025-02-07 00:00:00,1.0,5887.0
CUS_00254,CARGTUV             ,GF ,罐   ,200.0,2025-02-07 00:00:00,1.0,5887.0
CUS_00254,SAXOQUYFRR          ,GF ,罐   ,400.0,2025-02-07 00:00:00,1.0,5887.0
CUS_00185,ERQ602Q             ,GF ,各   ,2500.0,2025-02-08 00:00:00,1.0,5887.0
CUS_00001,XFXJALTIS           ,GF ,各   ,450.0,2025-02-08 00:00:00,1.0,5887.0
CUS_00001,ERC2XZVQU           ,GF ,罐   ,300.0,2025-02-08 00:00:00,1.0,5887.0
CUS_00001,CHEERS1540RU        ,GF ,罐   ,350.0,2025-02-08 00:00:00,5.0,5887.0
CUS_00001,08ALTISDFV          ,GF ,各   ,450.0,2025-02-08 00:00:00,1.0,5887.0
CUS_00001,01-08ALTISDFV       ,GF ,各   ,450.0,2025-02-08 00:00:00,1.0,5887.0
CUS_00048,SAXO1040            ,GF ,罐   ,450.0,2025-02-10 00:00:00,5.0,5887.0
CUS_00048,ABROUF1EUR          ,GF ,罐   ,550.0,2025-02-10 00:00:00,1.0,5887.0
CUS_00048,ZINGERDFV           ,GF ,各   ,450.0,2025-02-10 00:00:00,1.0,5887.0
CUS_00699,HK906               ,GF ,組   ,800.0,2025-02-11 00:00:00,1.0,5889.0
CUS_00019,0760-T9UCA1R        ,GF ,次   ,3500.0,2025-02-11 00:00:00,1.0,5889.0
CUS_00019,0760-T9UCADF        ,GF ,次   ,4500.0,2025-02-11 00:00:00,1.0,5889.0
CUS_00019,0760-T9UCAEWDF      ,GF ,次   ,4000.0,2025-02-11 00:00:00,1.0,5889.0
CUS_00019,0760-T9UCAEW1R      ,GF ,次   ,4500.0,2025-02-11 00:00:00,1.0,5889.0
CUS_00019,10WISHXF15H15       ,GF ,各   ,7500.0,2025-02-11 00:00:00,1.0,5890.0
CUS_00587,PNSH6LED18W         ,GF ,各   ,0.0,2025-02-12 00:00:00,1.0,5897.0
CUS_00506,TYPERH16CR2Q        ,GF ,組   ,1200.0,2025-02-14 00:00:00,1.0,5900.0
CUS_00506,TYPERH11CR2Q        ,GF ,組   ,1200.0,2025-02-14 00:00:00,1.0,5900.0
CUS_00561,01XGXFXJ            ,GF ,組   ,450.0,2025-02-15 00:00:00,1.0,5902.0
CUS_00733,DC021MVWU1          ,GF ,各   ,850.0,2025-02-04 00:00:00,1.0,5904.0
CUS_00587,K00133              ,GF ,張   ,0.0,2025-02-18 00:00:00,1.0,5906.0
CUS_00587,H00781              ,GF ,張   ,0.0,2025-02-18 00:00:00,1.0,5907.0
CUS_00019,ZEROVRMG26          ,GF ,支   ,1000.0,2025-12-12 00:00:00,1.0,6751.0
CUS_00019,ZERO14VRMG          ,GF ,支   ,700.0,2025-12-12 00:00:00,1.0,6751.0
CUS_00455,SAXO1040            ,GF ,罐   ,400.0,2025-02-19 00:00:00,5.0,5909.0
CUS_00455,08ALTISDFV          ,GF ,各   ,450.0,2025-02-19 00:00:00,1.0,5909.0
CUS_00455,10WISH5MW2          ,GF ,組   ,1100.0,2025-02-19 00:00:00,1.0,5909.0
CUS_00455,PNSHDF29            ,GF ,組   ,400.0,2025-02-19 00:00:00,1.0,5909.0
CUS_00455,RSEN66ZVQW          ,GF ,條   ,750.0,2025-02-19 00:00:00,1.0,5909.0
CUS_00455,08ALTISXFXJ         ,GF ,各   ,450.0,2025-02-19 00:00:00,1.0,5909.0
CUS_00455,WISHUV              ,GF ,各   ,250.0,2025-02-19 00:00:00,1.0,5909.0
CUS_00455,VBDXEX              ,GF ,罐   ,120.0,2025-02-19 00:00:00,3.0,5909.0
CUS_00536,PNSHDF31            ,GF ,組   ,400.0,2025-02-19 00:00:00,1.0,5909.0
CUS_00536,DR0AZVQWL           ,GF ,各   ,750.0,2025-02-19 00:00:00,1.0,5909.0
CUS_00536,PNSTK5012LED2       ,GF ,組   ,550.0,2025-02-19 00:00:00,2.0,5909.0
CUS_00536,G2DE                ,GF ,各   ,200.0,2025-02-19 00:00:00,1.0,5909.0
CUS_00536,HY898               ,GF ,組   ,200.0,2025-02-19 00:00:00,2.0,5909.0
CUS_00536,S28WGDE             ,GF ,組   ,200.0,2025-02-19 00:00:00,1.0,5909.0
CUS_00536,NOID24GS2           ,GF ,組   ,450.0,2025-02-19 00:00:00,2.0,5909.0
CUS_00360,ZEROVRMG18          ,GF ,支   ,800.0,2025-02-20 00:00:00,1.0,5909.0
CUS_00360,ZEROVRMG24          ,GF ,支   ,1000.0,2025-02-20 00:00:00,1.0,5909.0
CUS_00360,16G                 ,GF ,組   ,450.0,2025-02-20 00:00:00,1.0,5909.0
CUS_00360,32G                 ,GF ,各   ,450.0,2025-02-20 00:00:00,1.0,5909.0
CUS_00074,RSENHID5RF          ,GF ,各   ,700.0,2025-02-19 00:00:00,1.0,5909.0
CUS_00536,EY                  ,GF ,次   ,1000.0,2025-02-24 00:00:00,1.0,5913.0
CUS_00574,2QG                 ,GF ,罐   ,35.0,2025-02-24 00:00:00,10.0,5913.0
CUS_00536,2TXWJX              ,GF ,組   ,4000.0,2025-02-24 00:00:00,1.0,5913.0
CUS_00536,V2QWV1JTURW2        ,GF ,組   ,850.0,2025-02-19 00:00:00,1.0,5913.0
CUS_00587,TYPER900655W1E2Q    ,GF ,組   ,0.0,2025-03-03 00:00:00,1.0,5921.0
CUS_00587,LY328GSR            ,GF ,各   ,0.0,2025-03-04 00:00:00,1.0,5926.0
CUS_00587,J00354CMGIX35       ,GF ,支   ,0.0,2025-03-04 00:00:00,1.0,5927.0
CUS_00694,2DR                 ,GF ,各   ,500.0,2025-03-05 00:00:00,1.0,5927.0
CUS_00587,NOIDNRMG16          ,GF ,支   ,0.0,2026-03-19 00:00:00,1.0,7002.0
CUS_00694,64GRUD              ,GF ,各   ,650.0,2025-03-05 00:00:00,1.0,5927.0
CUS_00694,512G                ,GF ,ek4 ,1000.0,2025-03-05 00:00:00,1.0,5927.0
CUS_00587,5Y5VTRXF            ,GF ,組   ,0.0,2025-03-05 00:00:00,1.0,5928.0
CUS_00587,PNSS30              ,GF ,組   ,0.0,2025-03-05 00:00:00,1.0,5930.0
CUS_00587,CGRVTRXFR           ,GF ,各   ,0.0,2025-03-06 00:00:00,1.0,5931.0
CUS_00019,10WISHRUV           ,GF ,各   ,200.0,2025-03-07 00:00:00,1.0,5933.0
CUS_00019,NB1040              ,GF ,罐   ,600.0,2025-08-20 00:00:00,5.0,6474.0
CUS_00019,ABROUFFVR           ,GF ,罐   ,300.0,2025-03-07 00:00:00,1.0,5933.0
CUS_00019,SENFINECOFURFFVR    ,GF ,罐   ,1800.0,2025-03-07 00:00:00,1.0,5933.0
CUS_00019,SENFINECOCUFFVR     ,GF ,罐   ,1800.0,2025-03-07 00:00:00,1.0,5933.0
CUS_00019,10WISHRUVE          ,GF ,各   ,3000.0,2025-03-07 00:00:00,1.0,5933.0
CUS_00019,MISSIONCVT          ,GF ,罐   ,600.0,2025-03-07 00:00:00,5.0,5933.0
CUS_00592,ERQ80D23LUCR2T      ,GF ,各   ,3500.0,2024-12-15 00:00:00,1.0,5939.0
CUS_00592,SAXOQUYFRR          ,GF ,罐   ,500.0,2024-12-15 00:00:00,1.0,5939.0
CUS_00592,WF55D23L2Q          ,GF ,各   ,3500.0,2024-12-15 00:00:00,1.0,5939.0
CUS_00199,8391-N8UER          ,GF ,次   ,1650.0,2025-03-11 00:00:00,1.0,5940.0
CUS_00199,8391-N8UNFR2F       ,GF ,各   ,2850.0,2025-03-11 00:00:00,1.0,5940.0
CUS_00199,8391-N8XA           ,GF ,次   ,1450.0,2025-03-11 00:00:00,1.0,5940.0
CUS_00199,8391-N8XAHXEY       ,GF ,次   ,1000.0,2025-03-11 00:00:00,1.0,5940.0
CUS_00199,8391-N8XAFV         ,GF ,次   ,1650.0,2025-03-11 00:00:00,1.0,5940.0
CUS_00694,USBGTV              ,GF ,組   ,500.0,2025-03-13 00:00:00,2.0,5941.0
CUS_00515,G74435630           ,GF ,卡   ,750.0,2025-03-13 00:00:00,1.0,5941.0
CUS_00515,RSENT2069DGCQ       ,GF ,組   ,1000.0,2025-03-13 00:00:00,1.0,5941.0
CUS_00019,OBT2FHWWVGF         ,GF ,組   ,3000.0,2025-03-14 00:00:00,1.0,5941.0
CUS_00019,NOID0118SND         ,GF ,組   ,600.0,2025-03-14 00:00:00,1.0,5941.0
CUS_00019,RSENT1018RMU        ,GF ,卡   ,600.0,2025-03-14 00:00:00,1.0,5941.0
CUS_00587,U21                 ,GF ,支   ,0.0,2025-03-15 00:00:00,1.0,5944.0
CUS_00440,TOWNZG              ,GF ,各   ,1350.0,2025-03-21 00:00:00,1.0,5954.0
CUS_00440,U00075              ,GF ,組   ,800.0,2025-03-21 00:00:00,1.0,5959.0
CUS_00091,3313-T9             ,GF ,次   ,2000.0,2025-03-24 00:00:00,1.0,5960.0
CUS_00091,3313-T9F            ,GF ,個   ,1500.0,2025-03-24 00:00:00,1.0,5960.0
CUS_00091,J00345              ,GF ,支   ,550.0,2025-03-24 00:00:00,1.0,5960.0
CUS_00091,3313-T9XW           ,GF ,個   ,3350.0,2025-03-24 00:00:00,4.0,5960.0
CUS_00587,GN756               ,GF ,個   ,0.0,2025-03-26 00:00:00,1.0,5962.0
CUS_00320,JGWA5               ,GF ,組   ,3000.0,2025-03-29 00:00:00,1.0,5966.0
CUS_00694,5SR                 ,GF ,各   ,250.0,2026-03-17 00:00:00,2.0,6987.0
CUS_00594,ZEROVRMG26          ,GF ,支   ,900.0,2025-05-13 00:00:00,1.0,6196.0
CUS_00638,GV5XJ               ,GF ,片   ,550.0,2025-07-25 00:00:00,2.0,6418.0
CUS_00019,08ALTISDFV          ,GF ,各   ,450.0,2025-08-20 00:00:00,1.0,6474.0
CUS_00019,08ALTISXFXJ         ,GF ,各   ,550.0,2025-08-20 00:00:00,1.0,6474.0
CUS_00019,SAXOQUYFRR          ,GF ,罐   ,450.0,2025-08-20 00:00:00,1.0,6474.0
CUS_00019,12FVRU5XR           ,GF ,罐   ,550.0,2025-08-20 00:00:00,1.0,6474.0
CUS_00694,USB095              ,GF ,條   ,720.0,2025-11-17 00:00:00,2.0,6668.0
CUS_00587,GN-293MGG           ,GF ,罐   ,0.0,2026-02-14 00:00:00,1.0,6933.0
CUS_00320,FIESTA5MMG          ,GF ,組   ,950.0,2025-03-29 00:00:00,1.0,5966.0
CUS_00405,X2VTRXF             ,GF ,組   ,2999.0,2025-03-31 00:00:00,1.0,5973.0
CUS_00405,PNSS30              ,GF ,組   ,450.0,2025-03-31 00:00:00,1.0,5973.0
CUS_00587,2016WISHT2R         ,GF ,組   ,0.0,2025-03-31 00:00:00,1.0,5986.0
CUS_00587,2016WISHUR          ,GF ,組   ,0.0,2025-03-31 00:00:00,1.0,5987.0
CUS_00529,09WISHFMT           ,GF ,組   ,500.0,2025-04-02 00:00:00,1.0,5992.0
CUS_00529,V18H11LED22         ,GF ,組   ,3500.0,2025-04-02 00:00:00,1.0,5992.0
CUS_00529,RSENH113000K2Q      ,GF ,各   ,750.0,2025-04-02 00:00:00,2.0,5992.0
CUS_00529,RSEN02F             ,GF ,各   ,1000.0,2025-04-02 00:00:00,2.0,5992.0
CUS_00529,1VNY                ,GF ,各   ,500.0,2025-04-02 00:00:00,1.0,5992.0
CUS_00556,BPT-3788XW          ,GF ,各   ,3350.0,2025-04-02 00:00:00,4.0,5992.0
CUS_00529,V189005LED22        ,GF ,組   ,3500.0,2025-04-03 00:00:00,1.0,5992.0
CUS_00529,RSENT105630         ,GF ,卡   ,400.0,2025-04-03 00:00:00,1.0,5992.0
CUS_00587,10AY23FMT           ,GF ,組   ,0.0,2025-04-03 00:00:00,1.0,5993.0
CUS_00587,05GUVTRXFVW         ,GF ,條   ,0.0,2025-04-07 00:00:00,1.0,6015.0
CUS_00656,OBT2FHWWVGF         ,GF ,組   ,2000.0,2025-04-08 00:00:00,1.0,6017.0
CUS_00306,ZV5G539HNF          ,GF ,組   ,3500.0,2025-04-08 00:00:00,1.0,6017.0
CUS_00306,LD72UVTRXF          ,GF ,組   ,3500.0,2025-04-08 00:00:00,1.0,6017.0
CUS_00132,02EAXXXQ            ,GF ,各   ,2500.0,2025-04-08 00:00:00,1.0,6017.0
CUS_00587,VTRXFVQ             ,GF ,組   ,0.0,2025-04-08 00:00:00,1.0,6026.0
CUS_00723,DUCA2HW2            ,GF ,組   ,2800.0,2025-02-08 00:00:00,1.0,6045.0
CUS_00694,LEO720GR            ,GF ,卷   ,100.0,2025-04-14 00:00:00,1.0,6045.0
CUS_00587,TX002BGXGWV         ,GF ,組   ,0.0,2025-04-14 00:00:00,1.0,6050.0
CUS_00587,90052Q              ,GF ,各   ,0.0,2025-04-15 00:00:00,1.0,6053.0
CUS_00587,RSENT10CQ2Q         ,GF ,卡   ,0.0,2025-04-15 00:00:00,0.5,6055.0
CUS_00538,LY9862HC            ,GF ,組   ,750.0,2025-04-16 00:00:00,1.0,6060.0
CUS_00538,DIY4BTX             ,GF ,組   ,1300.0,2025-04-16 00:00:00,1.0,6060.0
CUS_00126,ERQ56220            ,GF ,各   ,3700.0,2025-04-17 00:00:00,1.0,6066.0
CUS_00126,AXZ7328EY           ,GF ,各   ,300.0,2025-04-17 00:00:00,1.0,6066.0
CUS_00163,2010LRXUSRX450      ,GF ,組   ,2700.0,2025-04-16 00:00:00,1.0,6066.0
CUS_00694,LEO695Y             ,GF ,卷   ,80.0,2025-04-22 00:00:00,1.0,6086.0
CUS_00587,JOHNSENTUUR         ,GF ,罐   ,0.0,2025-07-08 00:00:00,1.0,6366.0
CUS_00587,PNS-TAIR002         ,GF ,組   ,0.0,2025-11-11 00:00:00,1.0,6655.0
CUS_00587,RSENGR1536MM        ,GF ,卡   ,0.0,2026-01-28 00:00:00,2.0,6863.0
CUS_00587,O00135              ,GF ,組   ,0.0,2026-02-11 00:00:00,1.0,6903.0
CUS_00380,2MT                 ,GF ,各   ,200.0,2025-05-02 00:00:00,2.0,6135.0
CUS_00587,6H2EF               ,GF ,組   ,0.0,2025-05-03 00:00:00,2.0,6146.0
CUS_00444,ID6HZUX1            ,GF ,組   ,5500.0,2025-05-03 00:00:00,1.0,6147.0
CUS_00275,RSEND48000K         ,GF ,各   ,1100.0,2025-05-03 00:00:00,2.0,6147.0
CUS_00587,LD9VTRXFV           ,GF ,各   ,0.0,2025-05-05 00:00:00,1.0,6159.0
CUS_00091,ERQ60UCR2Q          ,GF ,各   ,3500.0,2025-05-08 00:00:00,1.0,6166.0
CUS_00587,LEO007R             ,GF ,卷   ,0.0,2025-05-08 00:00:00,1.0,6167.0
CUS_00587,GARMIN762C          ,GF ,組   ,0.0,2025-05-06 00:00:00,1.0,6169.0
CUS_00516,ZV5G539HNF          ,GF ,組   ,4000.0,2025-05-08 00:00:00,1.0,6170.0
CUS_00135,RSENH16000K2Q       ,GF ,組   ,600.0,2025-05-09 00:00:00,1.0,6170.0
CUS_00587,TYPER9005           ,GF ,組   ,0.0,2025-05-12 00:00:00,1.0,6181.0
CUS_00253,JX5E9006CR2Q        ,GF ,組   ,1000.0,2025-05-12 00:00:00,1.0,6182.0
CUS_00656,V1                  ,GF ,組   ,850.0,2025-05-13 00:00:00,1.0,6196.0
CUS_00656,AV5VC               ,GF ,組   ,450.0,2025-05-13 00:00:00,1.0,6196.0
CUS_00594,ZEROVRMG18          ,GF ,支   ,700.0,2025-05-13 00:00:00,1.0,6196.0
CUS_00588,GN119WFQW2L         ,GF ,條   ,450.0,2025-05-14 00:00:00,1.0,6196.0
CUS_00084,T1GUVTRXF           ,GF ,組   ,3000.0,2025-05-14 00:00:00,1.0,6196.0
CUS_00587,KY3301FE            ,GF ,組   ,0.0,2025-05-15 00:00:00,1.0,6213.0
CUS_00587,J0341B              ,GF ,卡   ,0.0,2025-05-20 00:00:00,1.0,6222.0
CUS_00544,CORSS5W2            ,GF ,組   ,850.0,2025-05-20 00:00:00,1.0,6226.0
CUS_00544,YARISCORSS1E2       ,GF ,組   ,800.0,2025-05-20 00:00:00,1.0,6226.0
CUS_00544,64GRUD              ,GF ,各   ,600.0,2025-05-20 00:00:00,1.0,6226.0
CUS_00544,RSEN57ZVQW          ,GF ,組   ,650.0,2025-05-20 00:00:00,1.0,6226.0
CUS_00544,HY662               ,GF ,組   ,1100.0,2025-05-20 00:00:00,1.0,6226.0
CUS_00135,BG1UW               ,GF ,組   ,4000.0,2025-05-22 00:00:00,1.0,6227.0
CUS_00135,H1135W22Q           ,GF ,各   ,150.0,2025-05-22 00:00:00,1.0,6227.0
CUS_00091,10WISHZ2R           ,GF ,個   ,9500.0,2025-05-22 00:00:00,1.0,6229.0
CUS_00091,10WISHZ2REY         ,GF ,次   ,1500.0,2025-05-22 00:00:00,1.0,6229.0
CUS_00587,T10552              ,GF ,各   ,0.0,2026-04-03 00:00:00,2.0,7023.0
CUS_00091,10WISHUNR2TZ        ,GF ,個   ,4500.0,2025-05-22 00:00:00,1.0,6229.0
CUS_00091,10WISHUNR2TZT5EY    ,GF ,次   ,1500.0,2025-05-22 00:00:00,1.0,6229.0
CUS_00091,10WISH2QT5EY        ,GF ,次   ,1000.0,2025-05-22 00:00:00,1.0,6229.0
CUS_00252,RSEN02F             ,GF ,各   ,1500.0,2025-06-04 00:00:00,1.0,6280.0
CUS_00076,AFL283578           ,GF ,組   ,200.0,2025-07-08 00:00:00,4.0,6370.0
CUS_00587,XWDAVYFW            ,GF ,各   ,0.0,2025-12-06 00:00:00,1.0,6735.0
CUS_00587,RSENEFFVR           ,GF ,罐   ,0.0,2026-02-04 00:00:00,1.0,6884.0
CUS_00163,MP3XUXW             ,GF ,組   ,1200.0,2025-04-16 00:00:00,1.0,6066.0
CUS_00126,GS-562202Q          ,GF ,各   ,3700.0,2025-04-17 00:00:00,1.0,6066.0
CUS_00085,01-08ALTISDFV       ,GF ,各   ,350.0,2025-04-19 00:00:00,1.0,6075.0
CUS_00085,08ALTISXFXJ         ,GF ,各   ,500.0,2025-04-19 00:00:00,1.0,6075.0
CUS_00587,LW0972              ,GF ,yj3 ,0.0,2025-04-19 00:00:00,1.0,6078.0
CUS_00587,S27-52Z211AS1VN     ,GF ,卡   ,0.0,2025-04-21 00:00:00,1.0,6086.0
CUS_00682,12ELANTRATA1E2      ,GF ,組   ,650.0,2025-04-21 00:00:00,1.0,6086.0
CUS_00682,DAW510*50           ,GF ,張   ,150.0,2025-04-21 00:00:00,1.0,6086.0
CUS_00694,LEO694Y             ,GF ,卷   ,60.0,2025-04-22 00:00:00,2.0,6086.0
CUS_00076,IEB001X1EUH         ,GF ,組   ,350.0,2025-04-22 00:00:00,1.0,6090.0
CUS_00076,T5GEBA              ,GF ,張   ,350.0,2025-04-22 00:00:00,1.0,6090.0
CUS_00587,RS-08WV             ,GF ,組   ,0.0,2025-04-18 00:00:00,1.0,6092.0
CUS_00377,XW2FRNO193841       ,GF ,組   ,1300.0,2025-04-23 00:00:00,1.0,6101.0
CUS_00587,99UXZMG1ZQGW        ,GF ,支   ,0.0,2025-04-25 00:00:00,1.0,6109.0
CUS_00019,Q8H11LED3N2Q        ,GF ,組   ,4000.0,2025-04-26 00:00:00,1.0,6111.0
CUS_00691,NB1040              ,GF ,罐   ,600.0,2025-04-29 00:00:00,5.0,6119.0
CUS_00691,VBDGVR              ,GF ,罐   ,250.0,2025-04-29 00:00:00,1.0,6119.0
CUS_00691,MISSIONCVT          ,GF ,罐   ,600.0,2025-04-29 00:00:00,5.0,6119.0
CUS_00691,01-08ALTISDFV       ,GF ,各   ,450.0,2025-04-29 00:00:00,1.0,6119.0
CUS_00558,RSENGVR             ,GF ,罐   ,300.0,2025-04-29 00:00:00,1.0,6119.0
CUS_00733,4RR2F               ,GF ,各   ,100.0,2025-04-29 00:00:00,1.0,6119.0
CUS_00733,1VNV                ,GF ,各   ,50.0,2025-04-29 00:00:00,1.0,6119.0
CUS_00046,PNS-TAIR002         ,GF ,組   ,1000.0,2025-04-29 00:00:00,1.0,6119.0
CUS_00046,ABT-D007            ,GF ,組   ,400.0,2025-04-29 00:00:00,1.0,6119.0
CUS_00303,2TXWSDXU            ,GF ,組   ,2850.0,2025-04-29 00:00:00,2.0,6121.0
CUS_00691,SENFINECORU5X       ,GF ,罐   ,405.0,2025-04-29 00:00:00,1.0,6121.0
CUS_00163,ZEROVRMG22G         ,GF ,支   ,900.0,2026-03-21 00:00:00,1.0,7004.0
CUS_00163,ZEROVRMG26          ,GF ,支   ,1000.0,2026-03-21 00:00:00,1.0,7004.0
CUS_00587,32G                 ,GF ,各   ,0.0,2026-04-10 00:00:00,1.0,7035.0
CUS_00587,5C2                 ,GF ,片   ,0.0,2025-04-30 00:00:00,1.0,6130.0
CUS_00275,HK915X1             ,GF ,組   ,1200.0,2025-05-02 00:00:00,1.0,6132.0
CUS_00334,18BMWX25MW2         ,GF ,個   ,2500.0,2025-05-02 00:00:00,1.0,6132.0
CUS_00380,ERQ602Q             ,GF ,各   ,2500.0,2025-05-02 00:00:00,1.0,6135.0
CUS_00091,10WISHXXQ           ,GF ,個   ,2500.0,2025-05-22 00:00:00,1.0,6229.0
CUS_00587,VBDUMN              ,GF ,罐   ,0.0,2025-05-27 00:00:00,1.0,6256.0
CUS_00694,AXZ7328EY           ,GF ,各   ,1000.0,2025-06-02 00:00:00,1.0,6271.0
CUS_00587,AS1VN               ,GF ,各   ,0.0,2025-11-20 00:00:00,8.0,6679.0
CUS_00574,NHGX                ,GF ,罐   ,150.0,2025-05-22 00:00:00,1.0,6229.0
CUS_00573,NHGX                ,GF ,罐   ,150.0,2025-05-22 00:00:00,1.0,6229.0
CUS_00587,KYKMGR              ,GF ,罐   ,0.0,2025-05-22 00:00:00,1.0,6232.0
CUS_00014,SAXO1040            ,GF ,罐   ,450.0,2025-05-24 00:00:00,4.0,6243.0
CUS_00014,VR1RUV              ,GF ,各   ,150.0,2025-05-24 00:00:00,1.0,6243.0
CUS_00014,CARMATGTU2          ,GF ,罐   ,1000.0,2025-05-26 00:00:00,1.0,6244.0
CUS_00014,TEANAXXQ            ,GF ,組   ,2000.0,2025-05-26 00:00:00,1.0,6244.0
CUS_00561,PNSHXT303           ,GF ,組   ,450.0,2025-05-26 00:00:00,1.0,6251.0
CUS_00587,XEV                 ,GF ,組   ,0.0,2025-05-27 00:00:00,1.0,6252.0
CUS_00268,RSENT105630         ,GF ,卡   ,350.0,2025-05-31 00:00:00,1.0,6271.0
CUS_00472,NISSIONYQU          ,GF ,罐   ,600.0,2025-06-02 00:00:00,5.0,6271.0
CUS_00472,IX35TA1E2           ,GF ,組   ,800.0,2025-06-02 00:00:00,1.0,6271.0
CUS_00472,LASTS2DVG           ,GF ,各   ,50.0,2025-06-02 00:00:00,1.0,6271.0
CUS_00199,16322T              ,GF ,各   ,150.0,2025-06-02 00:00:00,4.0,6274.0
CUS_00199,2055516BSNH100      ,GF ,個   ,3350.0,2025-06-02 00:00:00,4.0,6274.0
CUS_00268,D4LED6000K          ,GF ,組   ,1500.0,2025-05-31 00:00:00,1.0,6274.0
CUS_00268,RSEND46000K         ,GF ,各   ,1500.0,2025-05-31 00:00:00,1.0,6274.0
CUS_00587,XTRAILS51UW         ,GF ,組   ,0.0,2025-06-04 00:00:00,1.0,6277.0
CUS_00551,XTRAILS51UW         ,GF ,組   ,7500.0,2025-06-05 00:00:00,1.0,6280.0
CUS_00532,G2DE                ,GF ,各   ,1000.0,2025-06-05 00:00:00,1.0,6280.0
CUS_00532,EY                  ,GF ,次   ,300.0,2025-06-05 00:00:00,1.0,6280.0
CUS_00370,PNSSUN15XL          ,GF ,組   ,1000.0,2025-06-05 00:00:00,1.0,6280.0
CUS_00370,PNSSUN11            ,GF ,組   ,350.0,2025-06-05 00:00:00,1.0,6280.0
CUS_00370,PNSSUN07            ,GF ,組   ,350.0,2025-06-05 00:00:00,1.0,6280.0
CUS_00598,2TXWSDXU            ,GF ,組   ,750.0,2025-06-05 00:00:00,1.0,6280.0
CUS_00733,3D1F1               ,GF ,支   ,250.0,2025-06-05 00:00:00,1.0,6281.0
CUS_00160,PNSS23TY            ,GF ,組   ,300.0,2025-06-06 00:00:00,1.0,6285.0
CUS_00160,TAE0062FR           ,GF ,組   ,2000.0,2025-06-06 00:00:00,1.0,6285.0
CUS_00160,RSENT104014242      ,GF ,組   ,500.0,2025-06-06 00:00:00,1.0,6285.0
CUS_00100,TURBOH3LED          ,GF ,組   ,3000.0,2025-06-10 00:00:00,1.0,6294.0
CUS_00100,RSENT1018RMU        ,GF ,卡   ,450.0,2025-06-10 00:00:00,1.0,6294.0
CUS_00632,HK915X1             ,GF ,組   ,1500.0,2025-06-11 00:00:00,1.0,6294.0
CUS_00632,5MC                 ,GF ,組   ,100.0,2025-06-11 00:00:00,1.0,6294.0
CUS_00632,PNSSUN05            ,GF ,組   ,100.0,2025-06-11 00:00:00,1.0,6295.0
CUS_00587,5MC                 ,GF ,組   ,0.0,2025-10-16 00:00:00,1.0,6575.0
CUS_00694,PNS-CS150FAC        ,GF ,組   ,2000.0,2025-12-25 00:00:00,2.0,6780.0
CUS_00393,Z10GUVTRXF20A       ,GF ,組   ,6800.0,2025-06-11 00:00:00,1.0,6296.0
CUS_00100,TURBOH7LED          ,GF ,組   ,3000.0,2025-06-10 00:00:00,1.0,6297.0
CUS_00006,RSEND243000K2Q      ,GF ,各   ,1500.0,2025-06-11 00:00:00,2.0,6297.0
CUS_00587,T5I112              ,GF ,各   ,0.0,2025-06-12 00:00:00,1.0,6311.0
CUS_00091,08ALTISXFXJ         ,GF ,各   ,550.0,2025-06-13 00:00:00,1.0,6317.0
CUS_00091,G206GVR             ,GF ,罐   ,2500.0,2025-06-13 00:00:00,1.0,6317.0
CUS_00091,SENFINCEOXFZVFRR    ,GF ,罐   ,2500.0,2025-06-13 00:00:00,1.0,6317.0
CUS_00091,CARMATGTU2          ,GF ,罐   ,2150.0,2025-06-13 00:00:00,1.0,6317.0
CUS_00162,WF602Q              ,GF ,各   ,2200.0,2025-06-14 00:00:00,1.0,6321.0
CUS_00441,ABT-D2330WR2F22M    ,GF ,組   ,4000.0,2025-06-17 00:00:00,1.0,6322.0
CUS_00441,K00172              ,GF ,張   ,100.0,2025-06-17 00:00:00,1.0,6322.0
CUS_00441,EY                  ,GF ,次   ,100.0,2025-06-17 00:00:00,1.0,6322.0
CUS_00529,HK915X1             ,GF ,組   ,1500.0,2025-06-19 00:00:00,1.0,6327.0
CUS_00733,OBROFUR             ,GF ,罐   ,450.0,2025-06-19 00:00:00,1.0,6331.0
CUS_00656,AFL283578           ,GF ,組   ,250.0,2025-06-20 00:00:00,1.0,6331.0
CUS_00298,GPSWV               ,GF ,條   ,1800.0,2025-06-24 00:00:00,1.0,6331.0
CUS_00044,YARISCXXQ           ,GF ,組   ,2800.0,2025-06-24 00:00:00,1.0,6331.0
CUS_00044,YARISGTUEC          ,GF ,次   ,2000.0,2025-06-24 00:00:00,1.0,6331.0
CUS_00044,AFL283578           ,GF ,組   ,700.0,2025-06-24 00:00:00,1.0,6331.0
CUS_00630,01ALTISQUW          ,GF ,組   ,3700.0,2025-06-25 00:00:00,1.0,6333.0
CUS_00112,TC1208FY2T2R        ,GF ,組   ,2800.0,2025-06-25 00:00:00,1.0,6333.0
CUS_00112,NOIDNRMG18          ,GF ,支   ,300.0,2025-06-25 00:00:00,1.0,6333.0
CUS_00112,NOIDNRMG20          ,GF ,組   ,300.0,2025-06-25 00:00:00,1.0,6333.0
CUS_00587,FC-1166J2           ,GF ,組   ,0.0,2025-06-25 00:00:00,1.0,6337.0
CUS_00587,GN-338EUW           ,GF ,組   ,0.0,2025-06-26 00:00:00,1.0,6343.0
CUS_00031,SENFINCEOXFZVFRR    ,GF ,罐   ,1500.0,2025-06-28 00:00:00,1.0,6346.0
CUS_00031,1W                  ,GF ,組   ,150.0,2025-06-28 00:00:00,1.0,6346.0
CUS_00031,3D1F1               ,GF ,支   ,250.0,2025-06-28 00:00:00,1.0,6346.0
CUS_00031,ERQ80D23LUCR2T      ,GF ,各   ,3000.0,2025-06-28 00:00:00,1.0,6346.0
CUS_00031,ABROUF1EUR          ,GF ,罐   ,400.0,2025-06-28 00:00:00,1.0,6346.0
CUS_00160,ZV5G539HNF          ,GF ,組   ,4000.0,2025-06-28 00:00:00,1.0,6346.0
CUS_00483,ZWHILUXTA1E2        ,GF ,組   ,800.0,2025-06-30 00:00:00,1.0,6349.0
CUS_00483,M00243              ,GF ,張   ,150.0,2025-06-30 00:00:00,1.0,6349.0
CUS_00076,ELANTRAJU           ,GF ,組   ,3300.0,2025-06-13 00:00:00,1.0,6359.0
CUS_00587,F00315B             ,GF ,張   ,0.0,2025-08-18 00:00:00,1.0,6467.0
CUS_00091,SENFINECOFURFFVR    ,GF ,罐   ,1800.0,2025-09-04 00:00:00,1.0,6489.0
CUS_00483,K00295              ,GF ,張   ,100.0,2025-06-30 00:00:00,1.0,6349.0
CUS_00483,K00372              ,GF ,各   ,100.0,2025-06-30 00:00:00,1.0,6349.0
CUS_00483,NOIDNRMG22          ,GF ,支   ,350.0,2025-06-30 00:00:00,1.0,6349.0
CUS_00483,NOIDNRMG16          ,GF ,支   ,250.0,2025-06-30 00:00:00,1.0,6349.0
CUS_00483,PNS-CS150FAC        ,GF ,組   ,1500.0,2025-06-30 00:00:00,1.0,6349.0
CUS_00483,GN5400FCW           ,GF ,組   ,300.0,2025-06-30 00:00:00,1.0,6349.0
CUS_00483,PNS-CS150FW         ,GF ,組   ,1500.0,2025-06-30 00:00:00,1.0,6349.0
CUS_00058,02EAXXFXJ           ,GF ,各   ,450.0,2025-07-01 00:00:00,1.0,6349.0
CUS_00058,ABROUF1EUR          ,GF ,罐   ,550.0,2025-07-01 00:00:00,1.0,6349.0
CUS_00058,ABROQGUR            ,GF ,罐   ,400.0,2025-07-01 00:00:00,1.0,6349.0
CUS_00058,UX0GVR              ,GF ,罐   ,200.0,2025-07-01 00:00:00,1.0,6349.0
CUS_00587,QAJFTNFTR           ,GF ,罐   ,0.0,2025-07-02 00:00:00,1.0,6357.0
CUS_00477,SAXO1040            ,GF ,罐   ,450.0,2025-07-04 00:00:00,4.0,6359.0
CUS_00477,08ALTISXFXJ         ,GF ,各   ,450.0,2025-07-04 00:00:00,1.0,6359.0
CUS_00477,SP3098IDFRTMXRW     ,GF ,各   ,300.0,2025-07-04 00:00:00,1.0,6359.0
CUS_00587,327Q30W             ,GF ,組   ,0.0,2025-07-04 00:00:00,1.0,6364.0
CUS_00411,RSEN57ZVQW          ,GF ,組   ,650.0,2025-07-08 00:00:00,1.0,6369.0
CUS_00411,UZ2ES5JR            ,GF ,組   ,200.0,2025-07-08 00:00:00,1.0,6369.0
CUS_00411,VBDG2A              ,GF ,各   ,300.0,2025-07-08 00:00:00,1.0,6369.0
CUS_00411,ABTA077             ,GF ,組   ,550.0,2025-07-08 00:00:00,1.0,6369.0
CUS_00411,EY                  ,GF ,次   ,600.0,2025-07-08 00:00:00,1.0,6369.0
CUS_00411,USBW                ,GF ,條   ,100.0,2025-07-08 00:00:00,1.0,6369.0
CUS_00019,H1135W22Q           ,GF ,各   ,350.0,2025-07-08 00:00:00,2.0,6369.0
CUS_00587,SP-7741YQW1         ,GF ,組   ,0.0,2025-07-09 00:00:00,1.0,6373.0
CUS_00446,TYPERH7CR2Q         ,GF ,組   ,1000.0,2025-07-09 00:00:00,1.0,6376.0
CUS_00587,NC1                 ,GF ,組   ,0.0,2025-07-10 00:00:00,1.0,6380.0
CUS_00598,Z1010H2YGVTRXF      ,GF ,組   ,4000.0,2025-07-12 00:00:00,1.0,6385.0
CUS_00074,RSEN02F             ,GF ,各   ,700.0,2025-07-14 00:00:00,1.0,6386.0
CUS_00074,RSENH76000K         ,GF ,各   ,300.0,2025-07-14 00:00:00,1.0,6386.0
CUS_00547,3D1F1               ,GF ,支   ,250.0,2025-07-15 00:00:00,1.0,6392.0
CUS_00547,PNSSUN14-L          ,GF ,組   ,350.0,2025-07-15 00:00:00,1.0,6392.0
CUS_00547,X1VY                ,GF ,組   ,500.0,2025-07-15 00:00:00,1.0,6392.0
CUS_00587,1MXCNZY2            ,GF ,各   ,0.0,2025-07-15 00:00:00,2.0,6394.0
CUS_00209,CARMATGTU2          ,GF ,罐   ,500.0,2025-07-21 00:00:00,1.0,6407.0
CUS_00656,ID6.5HW5X1          ,GF ,組   ,2000.0,2025-09-11 00:00:00,1.0,6509.0
CUS_00209,EY                  ,GF ,次   ,1000.0,2025-07-21 00:00:00,1.0,6407.0
CUS_00209,UX02XZVQU           ,GF ,罐   ,350.0,2025-07-21 00:00:00,1.0,6407.0
CUS_00051,SAXO1040            ,GF ,罐   ,450.0,2025-07-21 00:00:00,5.0,6408.0
CUS_00051,SENFINECOGV5XR      ,GF ,罐   ,450.0,2025-07-21 00:00:00,1.0,6408.0
CUS_00051,UX0GVR              ,GF ,罐   ,350.0,2025-07-21 00:00:00,1.0,6408.0
CUS_00051,H355W2Q             ,GF ,各   ,300.0,2025-07-21 00:00:00,1.0,6408.0
CUS_00051,RSEN02F             ,GF ,各   ,1000.0,2025-07-21 00:00:00,2.0,6408.0
CUS_00051,RSEN90066000K2Q     ,GF ,各   ,500.0,2025-07-21 00:00:00,2.0,6408.0
CUS_00051,6BCA                ,GF ,包   ,150.0,2025-07-21 00:00:00,0.5,6408.0
CUS_00051,VBDVATX-2           ,GF ,罐   ,200.0,2025-07-21 00:00:00,1.0,6408.0
CUS_00051,3MR1CM              ,GF ,卷   ,100.0,2025-07-21 00:00:00,1.0,6408.0
CUS_00051,DIY4BTX             ,GF ,組   ,1000.0,2025-07-21 00:00:00,1.0,6408.0
CUS_00051,929TX               ,GF ,罐   ,150.0,2025-07-21 00:00:00,1.0,6408.0
CUS_00051,SAXOQUYFRR          ,GF ,罐   ,300.0,2025-07-21 00:00:00,1.0,6408.0
CUS_00051,2MT                 ,GF ,各   ,100.0,2025-07-21 00:00:00,1.0,6408.0
CUS_00051,SP702               ,GF ,罐   ,200.0,2025-07-21 00:00:00,1.0,6408.0
CUS_00051,EY                  ,GF ,次   ,125.0,2025-07-21 00:00:00,1.0,6408.0
CUS_00694,BCF-16162CVF        ,GF ,各   ,3500.0,2025-07-23 00:00:00,4.0,6411.0
CUS_00533,RSEND243000K2Q      ,GF ,各   ,600.0,2025-07-23 00:00:00,1.0,6411.0
CUS_00552,MIOD22GPSVTRXF      ,GF ,組   ,4000.0,2025-07-23 00:00:00,1.0,6411.0
CUS_00552,V33GRR              ,GF ,組   ,300.0,2025-07-23 00:00:00,1.0,6411.0
CUS_00326,PNS07HD69           ,GF ,組   ,300.0,2025-07-23 00:00:00,1.0,6411.0
CUS_00587,CROSSTA1E2          ,GF ,組   ,0.0,2025-07-23 00:00:00,1.0,6413.0
CUS_00040,RSENH76000K         ,GF ,各   ,1000.0,2025-07-24 00:00:00,1.0,6413.0
CUS_00180,ZV5G539HNF          ,GF ,組   ,3300.0,2025-07-26 00:00:00,1.0,6418.0
CUS_00335,ANW-0195TUYT        ,GF ,組   ,12500.0,2025-07-25 00:00:00,1.0,6418.0
CUS_00335,5EXW                ,GF ,個   ,1000.0,2025-07-25 00:00:00,1.0,6418.0
CUS_00694,CLA250RUT           ,GF ,組   ,1300.0,2025-07-29 00:00:00,1.0,6419.0
CUS_00587,3D1F1               ,GF ,支   ,0.0,2026-04-01 00:00:00,1.0,7018.0
CUS_00335,ANW-01955EXW        ,GF ,各   ,1000.0,2025-07-25 00:00:00,1.0,6419.0
CUS_00509,ZJTUA               ,GF ,罐   ,300.0,2025-07-29 00:00:00,1.0,6419.0
CUS_00509,6BCA                ,GF ,包   ,150.0,2025-07-29 00:00:00,0.5,6419.0
CUS_00594,COROLLACROSSXC      ,GF ,組   ,2500.0,2025-07-29 00:00:00,1.0,6420.0
CUS_00587,AGXY2               ,GF ,組   ,0.0,2025-08-04 00:00:00,1.0,6430.0
CUS_00046,PNSSC020            ,GF ,組   ,1700.0,2025-08-06 00:00:00,1.0,6431.0
CUS_00587,G18.52Q             ,GF ,各   ,0.0,2026-01-02 00:00:00,2.0,6795.0
CUS_00633,ZNT62-QUW           ,GF ,各   ,2000.0,2025-07-29 00:00:00,1.0,6421.0
CUS_00388,TYPERH1CR2Q         ,GF ,組   ,1000.0,2025-07-31 00:00:00,1.0,6422.0
CUS_00388,VBDVATX-2           ,GF ,罐   ,200.0,2025-07-31 00:00:00,1.0,6422.0
CUS_00388,SPAGEGEARFMT        ,GF ,組   ,850.0,2025-07-31 00:00:00,1.0,6422.0
CUS_00388,ID202T152U          ,GF ,組   ,6000.0,2025-07-31 00:00:00,1.0,6422.0
CUS_00201,GN7440T20           ,GF ,組   ,1000.0,2025-07-31 00:00:00,1.0,6422.0
CUS_00201,J00346              ,GF ,支   ,450.0,2025-07-31 00:00:00,1.0,6422.0
CUS_00201,RSENT1018RMU        ,GF ,卡   ,450.0,2025-07-31 00:00:00,1.0,6422.0
CUS_00201,H11LED3N            ,GF ,組   ,3000.0,2025-07-31 00:00:00,1.0,6422.0
CUS_00587,BMWVVXTA1E2         ,GF ,組   ,0.0,2025-08-01 00:00:00,1.0,6423.0
CUS_00682,JC005GMFWV          ,GF ,組   ,500.0,2025-08-01 00:00:00,1.0,6424.0
CUS_00587,NO2062FR            ,GF ,組   ,0.0,2025-08-02 00:00:00,1.0,6425.0
CUS_00065,GS125D31L2Q         ,GF ,各   ,4300.0,2025-08-02 00:00:00,1.0,6428.0
CUS_00182,RSEN02F             ,GF ,各   ,1500.0,2025-08-04 00:00:00,2.0,6430.0
CUS_00182,RSEND24300K         ,GF ,各   ,2000.0,2025-08-04 00:00:00,1.0,6430.0
CUS_00182,CHEERS1540RU        ,GF ,罐   ,350.0,2025-08-04 00:00:00,1.0,6430.0
CUS_00587,12MAUCHFMT          ,GF ,組   ,0.0,2025-08-02 00:00:00,1.0,6431.0
CUS_00217,FCOUSDFV            ,GF ,各   ,650.0,2025-08-05 00:00:00,1.0,6431.0
CUS_00217,FCOUSUV             ,GF ,各   ,300.0,2025-08-05 00:00:00,1.0,6431.0
CUS_00217,ZV5G539HNF          ,GF ,組   ,3500.0,2025-08-05 00:00:00,1.0,6431.0
CUS_00691,ERQ80D23LUCR2T      ,GF ,各   ,3500.0,2025-08-05 00:00:00,1.0,6431.0
CUS_00217,ABRORU5XR           ,GF ,罐   ,300.0,2025-08-05 00:00:00,1.0,6431.0
CUS_00217,S27CTYZ1VNY         ,GF ,組   ,100.0,2025-08-05 00:00:00,1.0,6431.0
CUS_00217,S27C-1TG1VNY        ,GF ,組   ,150.0,2025-08-05 00:00:00,1.0,6431.0
CUS_00046,3MWAGAR             ,GF ,捲   ,200.0,2025-08-06 00:00:00,1.0,6431.0
CUS_00182,RSEND26000K         ,GF ,各   ,2000.0,2025-08-04 00:00:00,1.0,6431.0
CUS_00114,5ED2R               ,GF ,組   ,3000.0,2025-08-07 00:00:00,1.0,6434.0
CUS_00114,EWXLEDXU            ,GF ,組   ,1000.0,2025-08-07 00:00:00,1.0,6434.0
CUS_00694,EY                  ,GF ,次   ,1650.0,2026-04-08 00:00:00,1.0,7029.0
CUS_00587,LY-1172HWMR         ,GF ,組   ,0.0,2025-08-07 00:00:00,2.0,6435.0
CUS_00587,X685DH5R            ,GF ,組   ,0.0,2025-08-07 00:00:00,1.0,6436.0
CUS_00114,AVVCV4.5M           ,GF ,條   ,1000.0,2025-08-07 00:00:00,1.0,6438.0
CUS_00114,EY                  ,GF ,次   ,1000.0,2025-08-07 00:00:00,1.0,6438.0
CUS_00587,TC6691XDTY          ,GF ,組   ,0.0,2025-08-08 00:00:00,1.0,6441.0
CUS_00587,LDO1115GUSB         ,GF ,組   ,0.0,2025-08-08 00:00:00,1.0,6442.0
CUS_00246,5Y5VTRXF            ,GF ,組   ,2000.0,2025-08-01 00:00:00,1.0,6463.0
CUS_00587,RSENGR16R           ,GF ,組   ,0.0,2026-02-24 00:00:00,1.0,6946.0
CUS_00587,PNS-ATY01VVR        ,GF ,組   ,0.0,2025-08-08 00:00:00,1.0,6444.0
CUS_00587,RSENS25692ZDG2VVRCQ ,GF ,組   ,0.0,2025-08-09 00:00:00,1.0,6447.0
CUS_00426,T1GUVTRXF           ,GF ,組   ,2800.0,2025-08-09 00:00:00,1.0,6447.0
CUS_00426,T1GUVTRXFF          ,GF ,組   ,2800.0,2025-08-09 00:00:00,1.0,6447.0
CUS_00587,ABTA037WFC25        ,GF ,各   ,0.0,2025-08-11 00:00:00,1.0,6450.0
CUS_00256,VAXMG1              ,GF ,支   ,1500.0,2025-08-11 00:00:00,2.0,6452.0
CUS_00630,19ALTIS5MW2         ,GF ,組   ,650.0,2025-08-13 00:00:00,1.0,6454.0
CUS_00199,12VACGRU            ,GF ,組   ,5500.0,2025-08-13 00:00:00,1.0,6454.0
CUS_00199,8391-M8EB5          ,GF ,片   ,4500.0,2025-08-13 00:00:00,1.0,6454.0
CUS_00324,ZEROVRMG20          ,GF ,支   ,950.0,2025-08-13 00:00:00,2.0,6454.0
CUS_00289,SAXOC35W30FHU       ,GF ,罐   ,650.0,2025-08-14 00:00:00,5.0,6455.0
CUS_00289,FCOUSUV             ,GF ,各   ,200.0,2025-08-14 00:00:00,1.0,6455.0
CUS_00256,ZEROVRMG20          ,GF ,支   ,850.0,2025-08-14 00:00:00,1.0,6455.0
CUS_00256,ZEROVRMG22G         ,GF ,支   ,850.0,2025-08-14 00:00:00,1.0,6455.0
CUS_00256,ZJTUA               ,GF ,罐   ,270.0,2025-08-14 00:00:00,1.0,6455.0
CUS_00256,GN290GVR            ,GF ,罐   ,150.0,2025-08-14 00:00:00,1.0,6455.0
CUS_00587,NP-747XCRV22M       ,GF ,組   ,0.0,2025-08-15 00:00:00,1.0,6458.0
CUS_00587,LEDQ52              ,GF ,組   ,0.0,2025-08-16 00:00:00,1.0,6460.0
CUS_00167,ID6.5KZUX1          ,GF ,組   ,6000.0,2025-08-19 00:00:00,1.0,6463.0
CUS_00587,F00522              ,GF ,個   ,40.0,2025-08-18 00:00:00,2.0,6471.0
CUS_00262,Z1010H2YGVTRXF      ,GF ,組   ,8000.0,2025-08-19 00:00:00,1.0,6474.0
CUS_00262,OBT2FHWWVGF         ,GF ,組   ,3000.0,2025-08-19 00:00:00,1.0,6474.0
CUS_00254,UTEY                ,GF ,次   ,500.0,2025-08-20 00:00:00,1.0,6474.0
CUS_00529,UTEY                ,GF ,次   ,500.0,2025-08-20 00:00:00,1.0,6474.0
CUS_00529,T10552              ,GF ,各   ,50.0,2025-08-20 00:00:00,2.0,6474.0
CUS_00019,WISHUV              ,GF ,各   ,200.0,2025-08-20 00:00:00,1.0,6474.0
CUS_00019,2J                  ,GF ,次   ,1200.0,2025-08-20 00:00:00,1.0,6474.0
CUS_00019,0760-T9XW2J         ,GF ,次   ,1200.0,2025-08-20 00:00:00,1.0,6474.0
CUS_00019,PNS-ATY01VVR        ,GF ,組   ,550.0,2025-08-20 00:00:00,1.0,6474.0
CUS_00270,VBDUMN              ,GF ,罐   ,599.0,2025-08-21 00:00:00,1.0,6475.0
CUS_00027,Z1010H2YGVTRXF      ,GF ,組   ,8000.0,2025-08-21 00:00:00,1.0,6475.0
CUS_00510,MIO6VTRXFR          ,GF ,各   ,600.0,2025-08-22 00:00:00,1.0,6478.0
CUS_00510,MIOD35              ,GF ,組   ,8000.0,2025-08-22 00:00:00,1.0,6478.0
CUS_00694,M00247              ,GF ,張   ,150.0,2025-08-21 00:00:00,1.0,6478.0
CUS_00587,J00336              ,GF ,張   ,0.0,2026-02-11 00:00:00,1.0,6899.0
CUS_00365,SAXOC35W30FHU       ,GF ,罐   ,550.0,2025-08-23 00:00:00,2.0,6479.0
CUS_00365,BOSCHX1             ,GF ,組   ,1000.0,2025-08-23 00:00:00,1.0,6479.0
CUS_00012,SF12501VNY          ,GF ,組   ,200.0,2025-08-25 00:00:00,1.0,6482.0
CUS_00012,4RR2F               ,GF ,各   ,100.0,2025-08-25 00:00:00,1.0,6482.0
CUS_00012,EY                  ,GF ,次   ,200.0,2025-08-25 00:00:00,1.0,6482.0
CUS_00704,DAYQQWW             ,GF ,組   ,700.0,2025-08-25 00:00:00,1.0,6482.0
CUS_00561,EY                  ,GF ,次   ,200.0,2025-08-25 00:00:00,1.0,6482.0
CUS_00561,AZE-7328EZR         ,GF ,組   ,3500.0,2025-08-27 00:00:00,1.0,6482.0
CUS_00561,AZE-7328XA          ,GF ,次   ,1200.0,2025-08-27 00:00:00,1.0,6482.0
CUS_00561,X2UR                ,GF ,罐   ,600.0,2025-08-27 00:00:00,1.0,6482.0
CUS_00561,AZE-7328XFHX        ,GF ,次   ,1500.0,2025-08-27 00:00:00,1.0,6482.0
CUS_00561,AZE-7328XFFV        ,GF ,次   ,2500.0,2025-08-27 00:00:00,1.0,6482.0
CUS_00561,XFFV                ,GF ,次   ,2500.0,2025-08-27 00:00:00,1.0,6482.0
CUS_00250,ZEROVRMG16          ,GF ,支   ,800.0,2025-09-01 00:00:00,1.0,6485.0
CUS_00250,ZEROVRMG26          ,GF ,支   ,1000.0,2025-09-01 00:00:00,1.0,6485.0
CUS_00250,ABT-A079EUT2GRR     ,GF ,個   ,1000.0,2025-09-01 00:00:00,1.0,6485.0
CUS_00250,ABTA159JMXFDGRR     ,GF ,ek4 ,200.0,2025-09-01 00:00:00,1.0,6485.0
CUS_00108,2TXWSDXU            ,GF ,組   ,3000.0,2025-09-03 00:00:00,1.0,6486.0
CUS_00091,RSENH112TY          ,GF ,組   ,300.0,2025-09-04 00:00:00,1.0,6489.0
CUS_00091,T5EY                ,GF ,次   ,500.0,2025-09-04 00:00:00,1.0,6489.0
CUS_00091,R2F                 ,GF ,組   ,1200.0,2025-09-04 00:00:00,1.0,6489.0
CUS_00091,ZGR2F               ,GF ,組   ,1200.0,2025-09-04 00:00:00,1.0,6489.0
CUS_00091,W2XEUA              ,GF ,各   ,700.0,2025-09-04 00:00:00,1.0,6489.0
CUS_00545,TYPER90062Q         ,GF ,組   ,1000.0,2025-09-08 00:00:00,1.0,6494.0
CUS_00545,EY                  ,GF ,次   ,200.0,2025-09-08 00:00:00,1.0,6494.0
CUS_00545,4RR2F               ,GF ,各   ,150.0,2025-09-08 00:00:00,1.0,6494.0
CUS_00545,S52211ASRG1VN       ,GF ,各   ,150.0,2025-09-08 00:00:00,1.0,6494.0
CUS_00505,ERQ80D23LUCR2T      ,GF ,各   ,3500.0,2025-09-09 00:00:00,1.0,6505.0
CUS_00694,UJGYXCR             ,GF ,各   ,70.0,2026-04-08 00:00:00,5.0,7029.0
CUS_00656,ID6HW5              ,GF ,組   ,2000.0,2025-09-11 00:00:00,1.0,6509.0
CUS_00414,2GE                 ,GF ,組   ,1500.0,2025-09-11 00:00:00,1.0,6509.0
CUS_00587,PNSSUN15L           ,GF ,組   ,0.0,2025-09-12 00:00:00,1.0,6512.0
CUS_00587,SP5510              ,GF ,組   ,0.0,2025-09-12 00:00:00,1.0,6515.0
CUS_00656,JK40USBDT           ,GF ,組   ,400.0,2025-09-11 00:00:00,1.0,6517.0
CUS_00587,YI269AW             ,GF ,組   ,0.0,2025-09-15 00:00:00,1.0,6525.0
CUS_00587,H422                ,GF ,各   ,0.0,2026-01-26 00:00:00,1.0,6854.0
CUS_00018,EY                  ,GF ,次   ,2000.0,2025-09-15 00:00:00,1.0,6526.0
CUS_00533,RSENT10MU6R         ,GF ,卡   ,300.0,2025-09-16 00:00:00,1.0,6527.0
CUS_00533,Q8H11LED3N2Q        ,GF ,組   ,2000.0,2025-09-16 00:00:00,1.0,6527.0
CUS_00482,ID202T152U          ,GF ,組   ,7000.0,2025-09-16 00:00:00,1.0,6528.0
CUS_00732,2VY                 ,GF ,個   ,40.0,2025-09-18 00:00:00,30.0,6531.0
CUS_00732,G18.52Q             ,GF ,各   ,20.0,2025-09-18 00:00:00,30.0,6531.0
CUS_00303,XA                  ,GF ,kg  ,1200.0,2025-09-18 00:00:00,1.0,6531.0
CUS_00694,SENFINCEOXFZVFRR    ,GF ,罐   ,1500.0,2025-09-19 00:00:00,1.0,6533.0
CUS_00207,NOIDNRMG16          ,GF ,支   ,250.0,2025-09-22 00:00:00,1.0,6542.0
CUS_00207,NOIDNRMG24          ,GF ,支   ,400.0,2025-09-22 00:00:00,1.0,6542.0
CUS_00555,2TVUAHDJE           ,GF ,組   ,1000.0,2025-09-25 00:00:00,1.0,6545.0
CUS_00725,JGWA5               ,GF ,組   ,2500.0,2025-09-25 00:00:00,1.0,6545.0
CUS_00725,32G                 ,GF ,各   ,450.0,2025-09-25 00:00:00,1.0,6545.0
CUS_00555,2TVUAHDVTA          ,GF ,組   ,1000.0,2025-09-25 00:00:00,1.0,6545.0
CUS_00099,VTRXFV              ,GF ,組   ,500.0,2025-09-27 00:00:00,1.0,6548.0
CUS_00258,NO16375TGGD         ,GF ,組   ,300.0,2025-09-29 00:00:00,1.0,6551.0
CUS_00258,C13.12UTY           ,GF ,組   ,250.0,2025-09-29 00:00:00,1.0,6552.0
CUS_00733,PNSSUNF002M         ,GF ,組   ,650.0,2025-09-20 00:00:00,1.0,6552.0
CUS_00534,Q8H11LED3N2Q        ,GF ,組   ,2499.0,2025-09-30 00:00:00,1.0,6552.0
CUS_00025,RSEN02F             ,GF ,各   ,800.0,2025-10-04 00:00:00,1.0,6556.0
CUS_00274,NOIDNRMG16          ,GF ,支   ,250.0,2025-10-04 00:00:00,1.0,6561.0
CUS_00274,NOIDNRMG24          ,GF ,支   ,450.0,2025-10-04 00:00:00,1.0,6561.0
CUS_00274,JOHNSE2XZVQU        ,GF ,罐   ,250.0,2025-10-04 00:00:00,1.0,6561.0
CUS_00274,RSENGVR             ,GF ,罐   ,200.0,2025-10-04 00:00:00,1.0,6561.0
CUS_00274,CHEERS1540RU        ,GF ,罐   ,350.0,2025-10-04 00:00:00,4.0,6561.0
CUS_00274,T10552              ,GF ,各   ,50.0,2025-10-04 00:00:00,1.0,6561.0
CUS_00274,RSEND24300K         ,GF ,各   ,1500.0,2025-10-04 00:00:00,1.0,6561.0
CUS_00225,ZEROVRMG22G         ,GF ,支   ,950.0,2025-10-08 00:00:00,1.0,6565.0
CUS_00587,1VNV                ,GF ,各   ,0.0,2026-03-12 00:00:00,2.0,6980.0
CUS_00694,NO77CVWVG           ,GF ,罐   ,225.0,2025-10-09 00:00:00,1.0,6565.0
CUS_00242,PNS-TAIR002         ,GF ,組   ,1299.0,2025-10-10 00:00:00,1.0,6566.0
CUS_00587,2014EAXFMT          ,GF ,組   ,0.0,2025-10-10 00:00:00,1.0,6567.0
CUS_00485,HK915X1             ,GF ,組   ,1300.0,2025-10-14 00:00:00,1.0,6572.0
CUS_00333,T10552              ,GF ,各   ,20.0,2025-10-16 00:00:00,5.0,6573.0
CUS_00156,EY                  ,GF ,次   ,200.0,2025-11-11 00:00:00,1.0,6652.0
CUS_00587,JOHNSE2XZVQU        ,GF ,罐   ,0.0,2026-02-11 00:00:00,1.0,6911.0
CUS_00587,NRCNCW2             ,GF ,片   ,0.0,2026-02-12 00:00:00,2.0,6913.0
CUS_00333,RSENUE26MG          ,GF ,支   ,550.0,2025-10-16 00:00:00,1.0,6573.0
CUS_00611,5Y5T02GUVTRXF       ,GF ,組   ,2800.0,2025-10-17 00:00:00,1.0,6578.0
CUS_00611,T1GUVTRXF           ,GF ,組   ,2800.0,2025-10-17 00:00:00,1.0,6578.0
CUS_00474,NB1040              ,GF ,罐   ,600.0,2025-10-18 00:00:00,4.0,6584.0
CUS_00474,HRADFV              ,GF ,各   ,400.0,2025-10-18 00:00:00,1.0,6584.0
CUS_00326,ERQ80D23LUCR2T      ,GF ,各   ,3200.0,2025-10-20 00:00:00,1.0,6586.0
CUS_00326,ABROUF1EUR          ,GF ,罐   ,495.0,2025-10-20 00:00:00,1.0,6586.0
CUS_00326,ZEROFV1UUR          ,GF ,罐   ,360.0,2025-10-20 00:00:00,1.0,6586.0
CUS_00089,16G                 ,GF ,組   ,400.0,2025-10-20 00:00:00,1.0,6586.0
CUS_00089,EY                  ,GF ,次   ,300.0,2025-10-20 00:00:00,1.0,6586.0
CUS_00486,NB1040              ,GF ,罐   ,600.0,2025-10-21 00:00:00,4.0,6589.0
CUS_00486,90122Q              ,GF ,各   ,400.0,2025-10-21 00:00:00,1.0,6589.0
CUS_00089,06EAX2+32105R       ,GF ,組   ,9000.0,2025-10-21 00:00:00,1.0,6590.0
CUS_00089,2TVUAHDJE           ,GF ,組   ,2000.0,2025-10-21 00:00:00,1.0,6590.0
CUS_00587,DR0AZVQW            ,GF ,條   ,0.0,2025-10-21 00:00:00,1.0,6594.0
CUS_00393,ZERO14VRMG          ,GF ,支   ,800.0,2025-10-22 00:00:00,1.0,6594.0
CUS_00393,ZEROVRMG26          ,GF ,支   ,1000.0,2025-10-22 00:00:00,1.0,6594.0
CUS_00393,ZJTUA               ,GF ,罐   ,300.0,2025-10-22 00:00:00,1.0,6594.0
CUS_00393,13ALTISTA1E2        ,GF ,組   ,500.0,2025-10-22 00:00:00,1.0,6594.0
CUS_00587,1VNAY               ,GF ,各   ,0.0,2025-10-23 00:00:00,1.0,6599.0
CUS_00306,Z1010H2YGVTRXF      ,GF ,組   ,6500.0,2025-10-23 00:00:00,1.0,6606.0
CUS_00236,ZWUV                ,GF ,各   ,150.0,2025-10-23 00:00:00,1.0,6606.0
CUS_00236,ABROUF1EUR          ,GF ,罐   ,500.0,2025-10-23 00:00:00,1.0,6606.0
CUS_00236,3M12*15             ,GF ,組   ,200.0,2025-10-23 00:00:00,1.0,6606.0
CUS_00286,VBDUMN              ,GF ,罐   ,599.0,2025-10-27 00:00:00,1.0,6616.0
CUS_00286,VBDVTX1000ML        ,GF ,罐   ,200.0,2025-10-27 00:00:00,1.0,6616.0
CUS_00682,EY                  ,GF ,次   ,1000.0,2025-10-27 00:00:00,1.0,6619.0
CUS_00587,HG-019              ,GF ,罐   ,0.0,2026-04-10 00:00:00,1.0,7039.0
CUS_00249,08ALTISQGWYT        ,GF ,組   ,1700.0,2025-10-29 00:00:00,1.0,6624.0
CUS_00249,ZERO14VRMG          ,GF ,支   ,700.0,2025-10-29 00:00:00,1.0,6624.0
CUS_00249,ZEROVRMG26          ,GF ,支   ,1000.0,2025-10-29 00:00:00,1.0,6624.0
CUS_00249,08ALTISTA1E2        ,GF ,組   ,500.0,2025-10-29 00:00:00,1.0,6624.0
CUS_00415,VTRXFV              ,GF ,組   ,600.0,2025-10-28 00:00:00,1.0,6624.0
CUS_00587,ZEROVRMG26          ,GF ,支   ,0.0,2026-02-14 00:00:00,1.0,6934.0
CUS_00126,1VNV                ,GF ,各   ,100.0,2025-10-29 00:00:00,2.0,6624.0
CUS_00126,GV2Q                ,GF ,各   ,100.0,2025-10-29 00:00:00,2.0,6624.0
CUS_00126,H722                ,GF ,各   ,150.0,2025-10-29 00:00:00,2.0,6624.0
CUS_00126,EY                  ,GF ,次   ,500.0,2025-10-29 00:00:00,1.0,6624.0
CUS_00132,V1                  ,GF ,組   ,1000.0,2025-10-31 00:00:00,1.0,6627.0
CUS_00132,AV5F2               ,GF ,組   ,500.0,2025-10-31 00:00:00,1.0,6627.0
CUS_00200,YH1682XEN           ,GF ,組   ,3800.0,2025-10-31 00:00:00,1.0,6628.0
CUS_00132,HNFVW               ,GF ,條   ,500.0,2025-10-31 00:00:00,1.0,6628.0
CUS_00132,EY                  ,GF ,次   ,2000.0,2025-10-31 00:00:00,1.0,6628.0
CUS_00132,SP702               ,GF ,罐   ,300.0,2025-11-03 00:00:00,1.0,6644.0
CUS_00097,RSEN02F             ,GF ,各   ,1200.0,2025-11-04 00:00:00,1.0,6646.0
CUS_00097,RSEN90063000K2Q     ,GF ,各   ,1000.0,2025-11-04 00:00:00,1.0,6646.0
CUS_00032,3MR1CM              ,GF ,卷   ,100.0,2025-11-04 00:00:00,1.0,6646.0
CUS_00032,EY                  ,GF ,次   ,300.0,2025-11-04 00:00:00,1.0,6646.0
CUS_00032,RSENH113000K2Q      ,GF ,各   ,1000.0,2025-11-04 00:00:00,1.0,6646.0
CUS_00032,XE2MGG250CC         ,GF ,罐   ,100.0,2025-11-04 00:00:00,1.0,6646.0
CUS_00616,X2VTRXF             ,GF ,組   ,2200.0,2025-11-04 00:00:00,1.0,6647.0
CUS_00682,XB572ZR2V           ,GF ,組   ,650.0,2025-11-05 00:00:00,1.0,6651.0
CUS_00156,H7OSRARN2Q          ,GF ,各   ,400.0,2025-11-11 00:00:00,1.0,6652.0
CUS_00156,RSENH72HY           ,GF ,組   ,300.0,2025-11-11 00:00:00,1.0,6652.0
CUS_00358,PNSTAIR001          ,GF ,組   ,999.0,2025-11-12 00:00:00,1.0,6656.0
CUS_00358,2QG                 ,GF ,罐   ,35.0,2025-11-12 00:00:00,6.0,6656.0
CUS_00694,1GW117FWQ           ,GF ,組   ,5500.0,2025-11-12 00:00:00,2.0,6662.0
CUS_00694,1GW117FXXQ          ,GF ,組   ,2700.0,2025-11-12 00:00:00,2.0,6662.0
CUS_00694,1GW117FE5V          ,GF ,各   ,1800.0,2025-11-12 00:00:00,2.0,6662.0
CUS_00694,S28WGDE             ,GF ,組   ,500.0,2025-11-12 00:00:00,1.0,6662.0
CUS_00694,JS033152            ,GF ,組   ,1000.0,2025-11-12 00:00:00,1.0,6662.0
CUS_00587,ABT-E711TT          ,GF ,各   ,0.0,2026-03-26 00:00:00,1.0,7008.0
CUS_00132,C55GXCMR            ,GF ,罐   ,270.0,2026-04-04 00:00:00,1.0,7025.0
CUS_00587,EY                  ,GF ,次   ,0.0,2026-04-07 00:00:00,1.0,7030.0
CUS_00682,4AWCYW              ,GF ,各   ,40.0,2025-11-13 00:00:00,20.0,6662.0
CUS_00682,832YW               ,GF ,各   ,30.0,2025-11-13 00:00:00,20.0,6662.0
CUS_00396,NB1040              ,GF ,罐   ,680.0,2025-11-13 00:00:00,5.0,6662.0
CUS_00396,ZEROFV1UUR          ,GF ,罐   ,600.0,2025-11-13 00:00:00,1.0,6662.0
CUS_00020,NB1040              ,GF ,罐   ,600.0,2025-11-14 00:00:00,5.0,6667.0
CUS_00020,WISHUV              ,GF ,各   ,200.0,2025-11-14 00:00:00,1.0,6667.0
CUS_00020,08ALTISDFV          ,GF ,各   ,450.0,2025-11-14 00:00:00,1.0,6667.0
CUS_00694,UTEY                ,GF ,次   ,2500.0,2026-02-10 00:00:00,1.0,6896.0
CUS_00020,SENFINECOCUFFVR     ,GF ,罐   ,1800.0,2025-11-14 00:00:00,1.0,6667.0
CUS_00020,ABROUF1EUR          ,GF ,罐   ,550.0,2025-11-14 00:00:00,1.0,6667.0
CUS_00020,ZEROFV1UUR          ,GF ,罐   ,450.0,2025-11-14 00:00:00,1.0,6667.0
CUS_00020,SENFINCEOXFZVFRR    ,GF ,罐   ,1800.0,2025-11-14 00:00:00,1.0,6667.0
CUS_00020,XFXJALTIS           ,GF ,各   ,450.0,2025-11-14 00:00:00,1.0,6667.0
CUS_00020,08ALTISXFXJ         ,GF ,各   ,550.0,2025-11-14 00:00:00,1.0,6667.0
CUS_00071,2TVUAHDVTA          ,GF ,組   ,2000.0,2025-11-15 00:00:00,1.0,6667.0
CUS_00071,CARDIOCA700.1A      ,GF ,組   ,8990.0,2025-11-15 00:00:00,1.0,6667.0
CUS_00071,EY                  ,GF ,次   ,500.0,2025-11-15 00:00:00,1.0,6667.0
CUS_00071,08WISHA1E           ,GF ,各   ,800.0,2025-11-15 00:00:00,1.0,6667.0
CUS_00520,S28WGDE             ,GF ,組   ,150.0,2025-11-17 00:00:00,1.0,6668.0
CUS_00520,PNSTK5012LED2       ,GF ,組   ,550.0,2025-11-17 00:00:00,1.0,6668.0
CUS_00520,PNSTK3012LEDDT5M    ,GF ,組   ,350.0,2025-11-17 00:00:00,1.0,6668.0
CUS_00520,EY                  ,GF ,次   ,950.0,2025-11-17 00:00:00,1.0,6668.0
CUS_00634,RSENT1018RMU        ,GF ,卡   ,450.0,2025-11-17 00:00:00,1.0,6669.0
CUS_00634,NOID24GS2           ,GF ,組   ,500.0,2025-11-17 00:00:00,1.0,6669.0
CUS_00634,G18.52Q             ,GF ,各   ,100.0,2025-11-17 00:00:00,1.0,6669.0
CUS_00634,EY                  ,GF ,次   ,400.0,2025-11-17 00:00:00,1.0,6669.0
CUS_00634,RSENH112TY          ,GF ,組   ,400.0,2025-11-17 00:00:00,1.0,6669.0
CUS_00634,TYPERH11CR2Q        ,GF ,組   ,1000.0,2025-11-17 00:00:00,1.0,6669.0
CUS_00587,PNSHDF43            ,GF ,組   ,0.0,2025-11-19 00:00:00,1.0,6673.0
CUS_00396,AYJ-7187YQU         ,GF ,次   ,8500.0,2025-11-19 00:00:00,1.0,6675.0
CUS_00682,12EAXFM4Q           ,GF ,組   ,1200.0,2025-11-19 00:00:00,1.0,6677.0
CUS_00133,5338-M3EB5          ,GF ,組   ,7000.0,2025-11-19 00:00:00,1.0,6677.0
CUS_00133,NOIDNRMG16          ,GF ,支   ,300.0,2025-11-19 00:00:00,1.0,6677.0
CUS_00133,NOIDNRMG24          ,GF ,支   ,300.0,2025-11-19 00:00:00,1.0,6677.0
CUS_00133,J00353CMG           ,GF ,支   ,400.0,2025-11-19 00:00:00,1.0,6677.0
CUS_00133,TIERRATA1E2         ,GF ,組   ,600.0,2025-11-19 00:00:00,1.0,6677.0
CUS_00133,V38U1GRR            ,GF ,組   ,400.0,2025-11-19 00:00:00,1.0,6677.0
CUS_00587,12EAXFM4Q           ,GF ,組   ,0.0,2025-11-20 00:00:00,1.0,6678.0
CUS_00605,RSENUE18HMG         ,GF ,支   ,300.0,2025-11-20 00:00:00,1.0,6678.0
CUS_00605,RSENUEMG20H         ,GF ,各   ,300.0,2025-11-20 00:00:00,1.0,6678.0
CUS_00251,LHR983T2VXR         ,GF ,組   ,2700.0,2025-11-24 00:00:00,1.0,6683.0
CUS_00251,MIOD22GPSVTRXF      ,GF ,組   ,4000.0,2025-11-24 00:00:00,1.0,6683.0
CUS_00251,NO16375TGGD         ,GF ,組   ,200.0,2025-11-24 00:00:00,1.0,6683.0
CUS_00076,Z10CVU              ,GF ,組   ,1500.0,2026-02-07 00:00:00,1.0,6891.0
CUS_00251,ZINGERT2R           ,GF ,組   ,4800.0,2025-11-24 00:00:00,1.0,6683.0
CUS_00251,UR                  ,GF ,組   ,1500.0,2025-11-24 00:00:00,1.0,6683.0
CUS_00587,GN-102EF            ,GF ,組   ,0.0,2025-11-26 00:00:00,1.0,6688.0
CUS_00639,PD1136GMFWV         ,GF ,組   ,350.0,2025-11-27 00:00:00,1.0,6690.0
CUS_00587,L1383.1AT2V         ,GF ,組   ,0.0,2025-11-27 00:00:00,1.0,6692.0
CUS_00598,13HXE               ,GF ,組   ,550.0,2025-11-27 00:00:00,1.0,6692.0
CUS_00587,H152Q               ,GF ,各   ,0.0,2025-11-29 00:00:00,1.0,6700.0
CUS_00587,VIOSTA1E2           ,GF ,組   ,0.0,2025-12-01 00:00:00,1.0,6706.0
CUS_00587,PNS-P07-01          ,GF ,條   ,0.0,2025-12-01 00:00:00,1.0,6708.0
CUS_00694,SAXO5W50            ,GF ,罐   ,750.0,2025-12-01 00:00:00,6.0,6709.0
CUS_00694,1GW117CE5V          ,GF ,組   ,3000.0,2025-12-01 00:00:00,1.0,6709.0
CUS_00694,1GW117CXXQ          ,GF ,組   ,5000.0,2025-12-01 00:00:00,1.0,6709.0
CUS_00694,1GW117C2Q           ,GF ,組   ,8000.0,2025-12-01 00:00:00,1.0,6709.0
CUS_00694,1G117CXXQ05EY       ,GF ,次   ,6000.0,2025-12-01 00:00:00,1.0,6709.0
CUS_00412,2TVUAHDVTA          ,GF ,組   ,2000.0,2025-12-01 00:00:00,1.0,6709.0
CUS_00587,P225J5C220*13       ,GF ,組   ,0.0,2025-12-02 00:00:00,1.0,6712.0
CUS_00587,J00344CMG           ,GF ,支   ,0.0,2025-12-02 00:00:00,1.0,6719.0
CUS_00035,64GRUD              ,GF ,各   ,500.0,2025-12-03 00:00:00,1.0,6721.0
CUS_00035,EY                  ,GF ,次   ,1000.0,2025-12-03 00:00:00,1.0,6721.0
CUS_00520,20PORTER            ,GF ,組   ,850.0,2025-12-05 00:00:00,1.0,6726.0
CUS_00598,F501TAZQW           ,GF ,捲   ,350.0,2025-12-08 00:00:00,1.0,6735.0
CUS_00456,V18N9012LED22       ,GF ,組   ,3000.0,2025-12-06 00:00:00,1.0,6735.0
CUS_00696,2ZTERIOSQUW         ,GF ,組   ,3500.0,2025-12-09 00:00:00,1.0,6737.0
CUS_00696,EVEW2               ,GF ,組   ,700.0,2025-12-09 00:00:00,1.0,6737.0
CUS_00587,Z1010H2YGVTRXF      ,GF ,組   ,0.0,2025-12-10 00:00:00,1.0,6747.0
CUS_00587,DL1208X1            ,GF ,組   ,0.0,2025-12-10 00:00:00,1.0,6748.0
CUS_00019,J00346              ,GF ,支   ,400.0,2025-12-12 00:00:00,1.0,6751.0
CUS_00587,8H2XAW              ,GF ,組   ,0.0,2026-04-10 00:00:00,1.0,7037.0
CUS_00694,ABTE069             ,GF ,組   ,1350.0,2025-12-12 00:00:00,1.0,6753.0
CUS_00587,H3CVY               ,GF ,組   ,0.0,2025-12-13 00:00:00,1.0,6761.0
CUS_00109,ESCAPE2.3DFV        ,GF ,各   ,400.0,2025-12-15 00:00:00,1.0,6761.0
CUS_00109,FCOUSUV             ,GF ,各   ,250.0,2025-12-15 00:00:00,1.0,6761.0
CUS_00109,EY                  ,GF ,次   ,500.0,2025-12-15 00:00:00,1.0,6761.0
CUS_00587,ABTE084             ,GF ,各   ,0.0,2026-01-10 00:00:00,1.0,6819.0
CUS_00587,ZJTUA               ,GF ,罐   ,300.0,2026-02-13 00:00:00,2.0,6921.0
CUS_00150,SAXO1040            ,GF ,罐   ,450.0,2025-12-15 00:00:00,4.0,6761.0
CUS_00150,ZWUV                ,GF ,各   ,150.0,2025-12-15 00:00:00,1.0,6761.0
CUS_00150,YARISDFV            ,GF ,各   ,350.0,2025-12-15 00:00:00,1.0,6761.0
CUS_00150,ZERO14VRMG          ,GF ,支   ,700.0,2025-12-15 00:00:00,1.0,6761.0
CUS_00150,ZEROVRMG24          ,GF ,支   ,1000.0,2025-12-15 00:00:00,1.0,6761.0
CUS_00150,06YARISCXXQ         ,GF ,組   ,1800.0,2025-12-15 00:00:00,1.0,6761.0
CUS_00150,06YARISFXXQ         ,GF ,組   ,1500.0,2025-12-15 00:00:00,1.0,6761.0
CUS_00150,CARMATGTU2          ,GF ,罐   ,1000.0,2025-12-15 00:00:00,1.0,6761.0
CUS_00587,GS125D31L2Q         ,GF ,各   ,0.0,2025-12-16 00:00:00,1.0,6762.0
CUS_00442,VTRXFV              ,GF ,組   ,600.0,2025-12-16 00:00:00,1.0,6762.0
CUS_00442,KMWTV               ,GF ,各   ,350.0,2025-12-16 00:00:00,1.0,6762.0
CUS_00150,06YARISCGTZ1        ,GF ,組   ,3000.0,2025-12-17 00:00:00,1.0,6762.0
CUS_00150,06YARISCYGTZ1       ,GF ,組   ,3000.0,2025-12-17 00:00:00,1.0,6762.0
CUS_00150,EY                  ,GF ,次   ,1000.0,2025-12-17 00:00:00,1.0,6762.0
CUS_00150,XW0FFYFAA           ,GF ,組   ,300.0,2025-12-17 00:00:00,1.0,6764.0
CUS_00634,TYPERH11T1E         ,GF ,組   ,1000.0,2025-12-18 00:00:00,1.0,6764.0
CUS_00634,F150F2TQ            ,GF ,組   ,200.0,2025-12-18 00:00:00,1.0,6764.0
CUS_00634,TYPER9005T1E        ,GF ,組   ,1000.0,2025-12-18 00:00:00,1.0,6764.0
CUS_00634,ZEROVRMG26          ,GF ,支   ,1130.0,2025-12-18 00:00:00,1.0,6764.0
CUS_00634,ZERO14VRMG          ,GF ,支   ,780.0,2025-12-18 00:00:00,1.0,6764.0
CUS_00634,T101E               ,GF ,卡   ,190.0,2025-12-18 00:00:00,1.0,6764.0
CUS_00199,12VAXXQ             ,GF ,組   ,2000.0,2025-12-18 00:00:00,1.0,6764.0
CUS_00199,XE2MGR500           ,GF ,罐   ,100.0,2025-12-18 00:00:00,1.0,6764.0
CUS_00669,WUSWU5TF            ,GF ,組   ,3000.0,2025-12-19 00:00:00,1.0,6764.0
CUS_00366,Z1010H2YGVTRXF      ,GF ,組   ,7000.0,2025-12-19 00:00:00,1.0,6764.0
CUS_00366,GN-091-W0F2         ,GF ,組   ,200.0,2025-12-19 00:00:00,1.0,6764.0
CUS_00366,S27CTYZ1VNY         ,GF ,組   ,300.0,2025-12-19 00:00:00,1.0,6764.0
CUS_00366,15XTRAILTA1E2       ,GF ,組   ,700.0,2025-12-19 00:00:00,1.0,6764.0
CUS_00587,ZEROVRMG24          ,GF ,支   ,0.0,2026-04-09 00:00:00,1.0,7033.0
CUS_00398,19ALTIS8C05R        ,GF ,組   ,9500.0,2025-12-22 00:00:00,1.0,6766.0
CUS_00587,PNSHDS04            ,GF ,組   ,0.0,2025-12-23 00:00:00,1.0,6772.0
CUS_00587,PNSHDS04-C          ,GF ,組   ,0.0,2025-12-23 00:00:00,1.0,6773.0
CUS_00587,7905D               ,GF ,組   ,0.0,2025-12-23 00:00:00,1.0,6775.0
CUS_00635,Z1010H2YGVTRXF      ,GF ,組   ,5500.0,2025-12-25 00:00:00,1.0,6779.0
CUS_00694,NV5RW               ,GF ,各   ,1000.0,2025-12-25 00:00:00,1.0,6780.0
CUS_00071,SIENTAJ1G           ,GF ,組   ,650.0,2025-12-25 00:00:00,1.0,6782.0
CUS_00071,J00346              ,GF ,支   ,400.0,2025-12-25 00:00:00,1.0,6782.0
CUS_00587,PNSP06              ,GF ,各   ,0.0,2025-12-25 00:00:00,1.0,6783.0
CUS_00129,ZV5G539HNF          ,GF ,組   ,3150.0,2025-12-27 00:00:00,1.0,6786.0
CUS_00669,ERQ60UCR2Q          ,GF ,各   ,2800.0,2025-12-31 00:00:00,1.0,6790.0
CUS_00669,1000APRTV           ,GF ,組   ,650.0,2025-12-31 00:00:00,1.0,6790.0
CUS_00669,ABROGTU             ,GF ,罐   ,200.0,2025-12-31 00:00:00,1.0,6790.0
CUS_00396,FCOUS2Q             ,GF ,各   ,8000.0,2025-12-31 00:00:00,1.0,6792.0
CUS_00472,ABRORU5XR           ,GF ,罐   ,650.0,2026-01-02 00:00:00,1.0,6796.0
CUS_00472,20322T              ,GF ,各   ,200.0,2026-01-02 00:00:00,1.0,6796.0
CUS_00587,04EAXFMT2Q          ,GF ,組   ,0.0,2026-01-03 00:00:00,1.0,6797.0
CUS_00587,09M7C2E             ,GF ,支   ,0.0,2026-01-03 00:00:00,2.0,6799.0
CUS_00587,VBDRWCX             ,GF ,罐   ,0.0,2026-01-05 00:00:00,1.0,6806.0
CUS_00499,DAYL60BV2           ,GF ,組   ,2300.0,2026-01-06 00:00:00,1.0,6809.0
CUS_00300,LD92YGVTRXF         ,GF ,各   ,3500.0,2026-01-05 00:00:00,1.0,6812.0
CUS_00300,LD72UVTRXF          ,GF ,組   ,3500.0,2026-01-05 00:00:00,1.0,6812.0
CUS_00300,GARMINVQ2Y          ,GF ,各   ,800.0,2026-01-05 00:00:00,1.0,6812.0
CUS_00086,GYQ2W               ,GF ,各   ,1500.0,2026-01-07 00:00:00,1.0,6812.0
CUS_00086,HK915X1             ,GF ,組   ,1500.0,2026-01-07 00:00:00,1.0,6812.0
CUS_00086,R48JE               ,GF ,支   ,1500.0,2026-01-07 00:00:00,1.0,6812.0
CUS_00086,08ALTISUC2S1        ,GF ,各   ,800.0,2026-01-07 00:00:00,1.0,6812.0
CUS_00019,0769-T9F1EDF        ,GF ,次   ,8000.0,2026-01-08 00:00:00,1.0,6813.0
CUS_00587,RSEN90062TY         ,GF ,組   ,0.0,2026-01-08 00:00:00,1.0,6816.0
CUS_00349,Z1010H2YGVTRXF      ,GF ,組   ,7000.0,2026-01-10 00:00:00,1.0,6819.0
CUS_00587,ZW2Y                ,GF ,各   ,0.0,2026-01-13 00:00:00,1.0,6821.0
CUS_00587,H16OSRAM2Q          ,GF ,組   ,0.0,2026-01-13 00:00:00,1.0,6824.0
CUS_00587,F01062              ,GF ,張   ,0.0,2026-01-14 00:00:00,1.0,6826.0
CUS_00587,M00199              ,GF ,張   ,0.0,2026-01-14 00:00:00,1.0,6827.0
CUS_00543,C5590WABX           ,GF ,罐   ,350.0,2026-01-15 00:00:00,1.0,6830.0
CUS_00543,PNSTL60120          ,GF ,條   ,250.0,2026-01-15 00:00:00,1.0,6830.0
CUS_00543,PNSS33              ,GF ,組   ,599.0,2026-01-15 00:00:00,1.0,6830.0
CUS_00543,NO2112GRR           ,GF ,組   ,550.0,2026-01-15 00:00:00,1.0,6830.0
CUS_00413,08GOLF10055R        ,GF ,組   ,13500.0,2026-01-16 00:00:00,1.0,6834.0
CUS_00365,GE881J22Q           ,GF ,各   ,400.0,2026-01-17 00:00:00,1.0,6837.0
CUS_00113,TURBOH1LED          ,GF ,組   ,2500.0,2026-01-20 00:00:00,1.0,6846.0
CUS_00113,AFL-S120-FC         ,GF ,組   ,1500.0,2026-01-20 00:00:00,1.0,6846.0
CUS_00492,CROSS4QFMT          ,GF ,組   ,1500.0,2026-01-24 00:00:00,1.0,6853.0
CUS_00587,PEAKGVR             ,GF ,罐   ,0.0,2026-02-14 00:00:00,1.0,6927.0
CUS_00492,PNSTPC004           ,GF ,組   ,225.0,2026-01-24 00:00:00,1.0,6853.0
CUS_00706,EY                  ,GF ,次   ,300.0,2026-01-27 00:00:00,1.0,6857.0
CUS_00706,VUXXQ               ,GF ,組   ,1500.0,2026-01-27 00:00:00,1.0,6857.0
CUS_00664,H1135W22Q           ,GF ,各   ,250.0,2026-01-27 00:00:00,1.0,6857.0
CUS_00587,ABT-A179            ,GF ,組   ,0.0,2026-01-28 00:00:00,1.0,6864.0
CUS_00113,PNS-CS150FAC        ,GF ,組   ,1500.0,2026-01-20 00:00:00,1.0,6865.0
CUS_00733,SA6105UX            ,GF ,組   ,650.0,2026-01-30 00:00:00,1.0,6871.0
CUS_00061,RSEN02F             ,GF ,各   ,1000.0,2026-01-31 00:00:00,2.0,6876.0
CUS_00061,NOIDNRMG20          ,GF ,組   ,350.0,2026-01-31 00:00:00,1.0,6876.0
CUS_00061,NOIDNRMG24          ,GF ,支   ,400.0,2026-01-31 00:00:00,1.0,6876.0
CUS_00375,AVA7H055R           ,GF ,組   ,12000.0,2026-02-02 00:00:00,1.0,6876.0
CUS_00371,055MVTRXF           ,GF ,組   ,6000.0,2026-02-02 00:00:00,1.0,6876.0
CUS_00371,SIENTA054+645R      ,GF ,組   ,12000.0,2026-02-02 00:00:00,1.0,6876.0
CUS_00630,ACP301              ,GF ,各   ,200.0,2026-02-03 00:00:00,1.0,6880.0
CUS_00587,PNSHDF42            ,GF ,組   ,0.0,2026-02-03 00:00:00,1.0,6882.0
CUS_00095,EY                  ,GF ,次   ,300.0,2026-02-04 00:00:00,1.0,6883.0
CUS_00617,JGWA5               ,GF ,組   ,2500.0,2026-02-04 00:00:00,1.0,6883.0
CUS_00594,2020RAV4FMTNQ       ,GF ,組   ,2500.0,2026-02-05 00:00:00,1.0,6888.0
CUS_00594,97EAXFMT            ,GF ,組   ,650.0,2026-02-05 00:00:00,1.0,6889.0
CUS_00587,ABTA038EW5          ,GF ,各   ,0.0,2026-02-06 00:00:00,2.0,6890.0
CUS_00587,5Y5T1CVU15A         ,GF ,組   ,0.0,2026-02-06 00:00:00,1.0,6891.0
CUS_00553,Z1212H2YVTRXF       ,GF ,組   ,12000.0,2026-02-06 00:00:00,1.0,6891.0
CUS_00577,G185630             ,GF ,卡   ,650.0,2026-02-06 00:00:00,1.0,6891.0
CUS_00220,NB1040              ,GF ,罐   ,600.0,2026-02-07 00:00:00,4.0,6891.0
CUS_00220,ZWUV                ,GF ,各   ,200.0,2026-02-07 00:00:00,1.0,6891.0
CUS_00220,08ALTISDFV          ,GF ,各   ,350.0,2026-02-07 00:00:00,1.0,6891.0
CUS_00220,08ALTISXFXJ         ,GF ,各   ,450.0,2026-02-07 00:00:00,1.0,6891.0
CUS_00220,SENFINECOFURFFVR    ,GF ,罐   ,1800.0,2026-02-07 00:00:00,1.0,6891.0
CUS_00220,JOHNSENSNTRRU       ,GF ,罐   ,550.0,2026-02-07 00:00:00,1.0,6891.0
CUS_00220,ABROUF1EUR          ,GF ,罐   ,400.0,2026-02-07 00:00:00,1.0,6891.0
CUS_00704,2TVUAHDJE           ,GF ,組   ,1000.0,2026-02-07 00:00:00,1.0,6892.0
CUS_00704,2TVUJE              ,GF ,組   ,1000.0,2026-02-07 00:00:00,1.0,6892.0
CUS_00294,07CRV4+645R         ,GF ,組   ,10000.0,2026-02-07 00:00:00,1.0,6892.0
CUS_00694,PNSS36              ,GF ,組   ,500.0,2026-02-10 00:00:00,1.0,6896.0
CUS_00587,302DTV              ,GF ,組   ,0.0,2026-02-11 00:00:00,1.0,6897.0
CUS_00211,SAXO1040            ,GF ,罐   ,450.0,2026-02-11 00:00:00,4.0,6898.0
CUS_00211,2V2Q                ,GF ,各   ,50.0,2026-02-11 00:00:00,1.0,6898.0
CUS_00211,R2F                 ,GF ,組   ,100.0,2026-02-11 00:00:00,1.0,6898.0
CUS_00211,VTRXFV              ,GF ,組   ,250.0,2026-02-11 00:00:00,1.0,6898.0
CUS_00587,YH9357              ,GF ,卡   ,0.0,2026-02-11 00:00:00,1.0,6900.0
CUS_00587,RSEN61              ,GF ,條   ,0.0,2026-02-12 00:00:00,1.0,6915.0
CUS_00587,DH5219EZWV          ,GF ,組   ,0.0,2026-02-13 00:00:00,1.0,6920.0
CUS_00587,7609QFE             ,GF ,組   ,0.0,2026-02-13 00:00:00,1.0,6922.0
CUS_00059,20502XR             ,GF ,組   ,1400.0,2026-02-14 00:00:00,1.0,6922.0
CUS_00290,5Y5T1CVU15A         ,GF ,組   ,4000.0,2026-02-15 00:00:00,1.0,6937.0
CUS_00385,Z1010H2YGVTRXF      ,GF ,組   ,6000.0,2026-02-15 00:00:00,1.0,6937.0
CUS_00385,ZEROVRMG16          ,GF ,支   ,800.0,2026-02-15 00:00:00,1.0,6937.0
CUS_00385,ZEROVRMG26          ,GF ,支   ,1000.0,2026-02-15 00:00:00,1.0,6937.0
CUS_00587,KH-8281WERY         ,GF ,組   ,0.0,2026-02-16 00:00:00,1.0,6939.0
CUS_00019,10WISHTA1E2         ,GF ,組   ,800.0,2026-02-21 00:00:00,1.0,6939.0
CUS_00694,Z1212H2YVTRXF       ,GF ,組   ,13000.0,2026-02-24 00:00:00,1.0,6945.0
CUS_00694,YH1682XEN           ,GF ,組   ,3800.0,2026-02-24 00:00:00,1.0,6945.0
CUS_00694,RY-GT2225           ,GF ,組   ,2500.0,2026-02-24 00:00:00,1.0,6945.0
CUS_00694,REDGD1005           ,GF ,組   ,6000.0,2026-02-24 00:00:00,1.0,6945.0
CUS_00694,COWD2T              ,GF ,組   ,6000.0,2026-02-24 00:00:00,1.0,6945.0
CUS_00694,CO2M-B              ,GF ,條   ,100.0,2026-02-24 00:00:00,1.0,6945.0
CUS_00694,RDTV3               ,GF ,支   ,100.0,2026-02-24 00:00:00,4.0,6945.0
CUS_00083,Z10CTUTV            ,GF ,條   ,952.0,2026-02-24 00:00:00,1.0,6945.0
CUS_00083,Z1010H2YGVTRXF      ,GF ,組   ,4000.0,2026-02-24 00:00:00,1.0,6945.0
CUS_00403,NOID36GS2           ,GF ,組   ,600.0,2026-03-02 00:00:00,1.0,6950.0
CUS_00403,PNSTPC004           ,GF ,組   ,300.0,2026-03-02 00:00:00,1.0,6950.0
CUS_00403,EY                  ,GF ,次   ,100.0,2026-03-02 00:00:00,1.0,6950.0
CUS_00542,YARISCROSS055R4+64  ,GF ,組   ,12000.0,2026-03-02 00:00:00,1.0,6951.0
CUS_00587,NOIDNRMG24          ,GF ,支   ,0.0,2026-03-28 00:00:00,1.0,7014.0
CUS_00587,8891-AEUX1          ,GF ,組   ,0.0,2026-03-04 00:00:00,1.0,6959.0
CUS_00587,510Z2F              ,GF ,組   ,0.0,2026-03-02 00:00:00,1.0,6962.0
CUS_00587,CVWVJC1             ,GF ,組   ,0.0,2026-03-03 00:00:00,1.0,6963.0
CUS_00524,510Z2F              ,GF ,組   ,3500.0,2026-03-02 00:00:00,1.0,6966.0
CUS_00388,MP3XUXW             ,GF ,組   ,999.0,2026-03-05 00:00:00,1.0,6966.0
CUS_00388,EY                  ,GF ,次   ,200.0,2026-03-05 00:00:00,1.0,6966.0
CUS_00439,SOLIOCGTV           ,GF ,條   ,1500.0,2026-03-06 00:00:00,2.0,6967.0
CUS_00439,SOLIOCXXQ           ,GF ,組   ,1500.0,2026-03-06 00:00:00,1.0,6967.0
CUS_00439,BEQ-7162XXQ05EY     ,GF ,次   ,2000.0,2026-03-06 00:00:00,1.0,6967.0
CUS_00656,BSD-77GHZ           ,GF ,組   ,6500.0,2026-03-06 00:00:00,1.0,6967.0
CUS_00587,15FCOUSTA1E2        ,GF ,組   ,0.0,2026-03-07 00:00:00,1.0,6969.0
CUS_00587,PNSCS002RUAU1E2     ,GF ,各   ,0.0,2026-03-09 00:00:00,1.0,6971.0
CUS_00729,ZERO14VRMG          ,GF ,支   ,700.0,2026-03-09 00:00:00,1.0,6971.0
CUS_00729,ZEROVRMG24          ,GF ,支   ,1000.0,2026-03-09 00:00:00,1.0,6971.0
CUS_00729,H11OSARM2Q          ,GF ,各   ,400.0,2026-03-09 00:00:00,1.0,6971.0
CUS_00410,LIVINARC2D          ,GF ,各   ,1500.0,2026-03-10 00:00:00,1.0,6971.0
CUS_00410,GV2Q                ,GF ,各   ,100.0,2026-03-10 00:00:00,1.0,6971.0
CUS_00128,WF602Q              ,GF ,各   ,2200.0,2026-03-10 00:00:00,1.0,6971.0
CUS_00128,NOIDNRMG16          ,GF ,支   ,250.0,2026-03-10 00:00:00,1.0,6971.0
CUS_00128,NOIDNRMG24          ,GF ,支   ,450.0,2026-03-10 00:00:00,1.0,6971.0
CUS_00180,DH26TGGW            ,GF ,組   ,350.0,2026-03-10 00:00:00,2.0,6974.0
CUS_00587,A12XGW1CM           ,GF ,捲   ,0.0,2026-03-11 00:00:00,1.0,6976.0
CUS_00587,RVXGY2              ,GF ,各   ,0.0,2026-03-11 00:00:00,2.0,6977.0
CUS_00587,RSENT104R10         ,GF ,卡   ,0.0,2026-03-12 00:00:00,1.0,6978.0
CUS_00587,PNSS36              ,GF ,組   ,0.0,2026-03-12 00:00:00,1.0,6979.0
CUS_00467,RSEND48000K         ,GF ,各   ,1500.0,2026-03-13 00:00:00,2.0,6981.0
CUS_00467,RSENT1018RMU        ,GF ,卡   ,500.0,2026-03-13 00:00:00,1.0,6981.0
CUS_00520,TYPERH3CR2Q         ,GF ,組   ,1200.0,2026-03-14 00:00:00,1.0,6984.0
CUS_00164,EY                  ,GF ,次   ,2000.0,2026-03-14 00:00:00,1.0,6984.0
CUS_00297,Z1010H2YGVTRXF      ,GF ,組   ,6000.0,2026-03-14 00:00:00,1.0,6986.0
CUS_00494,EY                  ,GF ,次   ,6000.0,2026-03-16 00:00:00,1.0,6986.0
CUS_00494,Z1010H2YGVTRXF      ,GF ,組   ,7000.0,2026-03-16 00:00:00,1.0,6987.0
CUS_00494,FORTIS05+CR         ,GF ,組   ,24000.0,2026-03-16 00:00:00,1.0,6987.0
CUS_00694,F00533              ,GF ,張   ,40.0,2026-03-17 00:00:00,3.0,6987.0
CUS_00694,F00428              ,GF ,張   ,40.0,2026-03-17 00:00:00,2.0,6987.0
CUS_00694,C00436              ,GF ,張   ,20.0,2026-03-17 00:00:00,3.0,6987.0
CUS_00694,E00678              ,GF ,張   ,30.0,2026-03-17 00:00:00,2.0,6987.0
CUS_00694,E00472              ,GF ,張   ,30.0,2026-03-17 00:00:00,3.0,6987.0
CUS_00587,PNSHDF20            ,GF ,組   ,0.0,2026-03-19 00:00:00,1.0,6997.0
CUS_00587,12CRV5MMG           ,GF ,組   ,0.0,2026-03-18 00:00:00,1.0,6998.0
CUS_00587,12EAXTA1E2          ,GF ,組   ,0.0,2026-03-19 00:00:00,1.0,6999.0
CUS_00163,PNSS33              ,GF ,組   ,500.0,2026-03-21 00:00:00,1.0,7004.0
CUS_00163,PNSATY01VG1T1       ,GF ,各   ,200.0,2026-03-21 00:00:00,1.0,7004.0
CUS_00618,NOID15GS2           ,GF ,卡   ,250.0,2026-03-24 00:00:00,1.0,7007.0
CUS_00060,JGWA5               ,GF ,組   ,3499.0,2026-03-26 00:00:00,1.0,7007.0
CUS_00587,K00394              ,GF ,朝   ,0.0,2026-03-27 00:00:00,1.0,7009.0
CUS_00587,EWXLEDXU            ,GF ,組   ,0.0,2026-03-27 00:00:00,1.0,7011.0
CUS_00587,EWXJ2               ,GF ,各   ,0.0,2026-03-27 00:00:00,1.0,7013.0
CUS_00672,XUG3UVTRXF          ,GF ,組   ,10500.0,2026-03-28 00:00:00,1.0,7013.0
CUS_00413,RSEND46000K         ,GF ,各   ,1200.0,2026-03-30 00:00:00,2.0,7016.0
CUS_00005,Z1010H2YGVTRXF      ,GF ,組   ,7500.0,2026-03-30 00:00:00,1.0,7016.0
CUS_00005,180TA1E2DZ          ,GF ,組   ,1000.0,2026-03-30 00:00:00,1.0,7016.0
CUS_00638,EUX1                ,GF ,組   ,500.0,2026-04-01 00:00:00,1.0,7016.0
CUS_00587,XW2FRNO193841       ,GF ,組   ,0.0,2026-04-03 00:00:00,1.0,7022.0
CUS_00587,V52                 ,GF ,各   ,0.0,2026-04-03 00:00:00,2.0,7024.0
CUS_00587,H424V222Q           ,GF ,組   ,0.0,2026-04-07 00:00:00,2.0,7029.0
CUS_00560,WF55D23L2Q          ,GF ,各   ,2300.0,2026-04-09 00:00:00,1.0,7029.0
CUS_00694,CLARF2E             ,GF ,組   ,8500.0,2026-04-08 00:00:00,1.0,7029.0
CUS_00682,08ALTISTA1E2        ,GF ,組   ,600.0,2026-04-10 00:00:00,1.0,7033.0
CUS_00043,09ALTIS1UW          ,GF ,組   ,4500.0,2026-04-10 00:00:00,1.0,7035.0
CUS_00043,CARDIO84+645R       ,GF ,組   ,12000.0,2026-04-10 00:00:00,1.0,7035.0
CUS_00043,2TXWVTAVU           ,GF ,組   ,2500.0,2026-04-10 00:00:00,1.0,7037.0
CUS_00561,ZINGERXXQ           ,GF ,組   ,1650.0,2026-04-11 00:00:00,1.0,7039.0
CUS_00561,GVE0.9              ,GF ,各   ,300.0,2026-04-11 00:00:00,1.0,7039.0
CUS_00561,PEAKGVR             ,GF ,罐   ,300.0,2026-04-11 00:00:00,1.0,7039.0
CUS_00561,WF55D23L2Q          ,GF ,各   ,2700.0,2026-04-11 00:00:00,1.0,7039.0
CUS_00561,ABROQGUR            ,GF ,罐   ,350.0,2026-04-11 00:00:00,1.0,7039.0
CUS_00587,C55GXCMR            ,GF ,罐   ,0.0,2026-04-11 00:00:00,1.0,7041.0
