facno,prdno,stockno,unit,price,pdate,prqty,indexs
FAC_00043,PNSS25              ,A  ,組   ,170.0,2020-07-31 00:00:00,3.0,0.0
FAC_00043,PNSHG03             ,A  ,組   ,20.0,2020-07-31 00:00:00,3.0,0.0
FAC_00043,504                 ,A  ,組   ,150.0,2020-07-31 00:00:00,2.0,0.0
FAC_00043,PNSSUN001           ,A  ,組   ,160.0,2020-07-31 00:00:00,1.0,0.0
FAC_00043,PNSSUN007           ,A  ,組   ,90.0,2020-07-31 00:00:00,2.0,0.0
FAC_00043,PNS07HD69           ,A  ,組   ,100.0,2020-07-31 00:00:00,2.0,0.0
FAC_00036,WF602Q              ,A  ,各   ,1500.0,2020-07-31 00:00:00,2.0,0.0
FAC_00061,19RAV4QCE           ,A  ,組   ,2600.0,2020-07-31 00:00:00,1.0,0.0
FAC_00066,YI280ZVR            ,GF ,組   ,160.0,2020-07-31 00:00:00,2.0,0.0
FAC_00026,EXXQUW20            ,GF ,組   ,2600.0,2020-08-04 00:00:00,1.0,0.0
FAC_00003,ERJGNTWISTN         ,GF ,組   ,2375.0,2020-08-05 00:00:00,2.0,0.0
FAC_00061,CLA250FQCE          ,GF ,組   ,3500.0,2020-08-06 00:00:00,1.0,0.0
FAC_00064,FA005               ,GF ,各   ,90.0,2020-08-06 00:00:00,2.0,0.0
FAC_00014,VTRXF2MV            ,GF ,組   ,150.0,2020-06-26 00:00:00,6.0,0.0
FAC_00018,V81VTRXF            ,A  ,組   ,1091.0,2020-07-31 00:00:00,17.0,0.0
FAC_00064,CHY1688             ,GF ,組   ,450.0,2020-03-04 00:00:00,2.0,0.0
FAC_00014,LD7CRW              ,GF ,組   ,1000.0,2021-02-26 00:00:00,1.0,0.0
FAC_00014,LD9VTRXF            ,GF ,組   ,3000.0,2021-12-26 00:00:00,2.0,0.0
FAC_00066,ZV5Q5VTRXF          ,GF ,組   ,1400.0,2021-12-26 00:00:00,2.0,0.0
FAC_00064,ABRO2QR             ,GF ,罐   ,75.0,2022-01-07 00:00:00,3.0,0.0
FAC_00064,HK800JGX1           ,GF ,組   ,190.0,2022-01-18 00:00:00,3.0,0.0
FAC_00066,NOID0118SND         ,GF ,組   ,150.0,2022-06-27 00:00:00,3.0,0.0
FAC_00023,MTVGJ2TXW           ,GF ,組   ,1050.0,2020-07-17 00:00:00,2.0,0.0
FAC_00023,2TXWMTNU            ,GF ,組   ,1050.0,2020-07-17 00:00:00,1.0,0.0
FAC_00066,UX0GVR              ,GF ,罐   ,80.0,2023-03-27 00:00:00,24.0,0.0
FAC_00006,MISSIONYQU          ,GF ,罐   ,95.8,2023-11-03 00:00:00,24.0,0.0
FAC_00066,2TVUSD              ,GF ,組   ,450.0,2024-02-01 00:00:00,2.0,0.0
FAC_00014,LD72UVTRXF          ,GF ,組   ,1500.0,2024-07-31 00:00:00,2.0,0.0
FAC_00066,NOID24GS2           ,GF ,組   ,200.0,2025-05-05 00:00:00,2.0,0.0
FAC_00064,HK906               ,GF ,組   ,280.0,2025-06-19 00:00:00,2.0,0.0
FAC_00064,HK916               ,GF ,組   ,300.0,2025-06-19 00:00:00,2.0,0.0
FAC_00066,UZ2ES5JR            ,GF ,組   ,80.0,2025-07-26 00:00:00,2.0,0.0
FAC_00036,ERQ602Q             ,GF ,各   ,1900.0,2025-08-18 00:00:00,2.0,0.0
FAC_00066,2TVUJE              ,GF ,組   ,450.0,2025-12-03 00:00:00,2.0,0.0
FAC_00016,ZN5RJV              ,GF ,次   ,600.0,2020-08-10 00:00:00,1.0,0.0
FAC_00036,WF602Q              ,GF ,各   ,1600.0,2026-03-10 00:00:00,2.0,0.0
FAC_00024,J00348              ,GF ,支   ,130.0,2020-04-24 00:00:00,1.0,0.0
FAC_00043,PNSS15              ,GF ,組   ,90.0,2020-04-29 00:00:00,1.0,0.0
FAC_00043,PNSMR02             ,GF ,組   ,70.0,2020-04-29 00:00:00,2.0,0.0
FAC_00043,PNSMR01             ,GF ,組   ,60.0,2020-04-29 00:00:00,2.0,0.0
FAC_00043,MR004               ,GF ,組   ,180.0,2020-04-29 00:00:00,2.0,0.0
FAC_00043,PNSHD05             ,GF ,組   ,120.0,2020-05-05 00:00:00,2.0,0.0
FAC_00043,PNSCDZX01           ,GF ,組   ,200.0,2020-05-12 00:00:00,6.0,0.0
FAC_00043,PNSDT001            ,GF ,組   ,160.0,2020-08-19 00:00:00,4.0,0.0
FAC_00023,KMWTV               ,GF ,各   ,40.0,2021-02-02 00:00:00,6.0,0.0
FAC_00015,12VA2-              ,GF ,各   ,150.0,2021-02-09 00:00:00,1.0,0.0
FAC_00043,PNSFB001            ,GF ,組   ,520.0,2021-04-26 00:00:00,2.0,0.0
FAC_00043,PNSSW001            ,GF ,條   ,164.0,2021-04-26 00:00:00,11.0,0.0
FAC_00043,PNSPM001            ,GF ,組   ,65.0,2021-05-26 00:00:00,2.0,0.0
FAC_00025,GARMINDRIVE52       ,GF ,組   ,3450.0,2021-10-22 00:00:00,2.0,0.0
FAC_00043,PNSSUN006           ,GF ,組   ,270.0,2022-08-09 00:00:00,2.0,0.0
FAC_00024,YH370FES2XEN        ,GF ,組   ,1925.0,2022-09-02 00:00:00,2.0,0.0
FAC_00043,PNSHUDAP1           ,GF ,組   ,1100.0,2020-05-12 00:00:00,1.0,0.0
FAC_00066,H4ZXQ2Q             ,GF ,組   ,150.0,2020-05-26 00:00:00,2.0,0.0
FAC_00024,SENFINECOQUYSU      ,GF ,罐   ,120.0,2020-05-28 00:00:00,3.0,0.0
FAC_00024,GOLF5MMG            ,GF ,組   ,450.0,2020-05-28 00:00:00,2.0,0.0
FAC_00043,PNSS182USB          ,GF ,組   ,180.0,2023-08-28 00:00:00,2.0,0.0
FAC_00043,PNSSD1018           ,GF ,組   ,65.0,2024-01-22 00:00:00,2.0,0.0
FAC_00043,PNSHDF              ,GF ,組   ,140.0,2024-05-20 00:00:00,2.0,0.0
FAC_00024,ZEROVRMG28          ,GF ,支   ,450.0,2025-01-02 00:00:00,1.0,0.0
FAC_00023,2TVUSD              ,GF ,組   ,380.0,2025-01-16 00:00:00,1.0,0.0
FAC_00043,PNSSUN007           ,GF ,組   ,90.0,2025-05-16 00:00:00,2.0,0.0
FAC_00043,PNSSC002            ,GF ,組   ,160.0,2025-07-23 00:00:00,2.0,0.0
FAC_00024,J00342              ,GF ,支   ,130.0,2025-08-14 00:00:00,2.0,0.0
FAC_00024,J00357              ,GF ,支   ,130.0,2025-08-14 00:00:00,1.0,0.0
FAC_00023,WUSWU5TF            ,GF ,組   ,900.0,2026-01-05 00:00:00,2.0,0.0
FAC_00043,AFL283578           ,GF ,組   ,90.0,2026-01-29 00:00:00,5.0,0.0
FAC_00043,G185630             ,GF ,卡   ,230.0,2026-02-10 00:00:00,1.0,0.0
FAC_00024,TIGUA5MMG           ,GF ,組   ,450.0,2020-05-28 00:00:00,2.0,0.0
FAC_00060,VBDC1XWU            ,GF ,罐   ,90.0,2020-06-03 00:00:00,3.0,0.0
FAC_00024,ZERO14VRMG          ,GF ,支   ,290.0,2026-03-26 00:00:00,2.0,0.0
FAC_00024,ZEROVRMG26          ,GF ,支   ,415.0,2026-03-26 00:00:00,3.0,0.0
FAC_00060,PS254               ,GF ,卡   ,70.0,2020-06-03 00:00:00,6.0,0.0
FAC_00060,BC608               ,GF ,組   ,400.0,2020-06-03 00:00:00,2.0,0.0
FAC_00060,BC608100W           ,GF ,組   ,250.0,2020-06-03 00:00:00,1.0,0.0
FAC_00060,BC608200W           ,GF ,組   ,350.0,2020-06-03 00:00:00,1.0,0.0
FAC_00060,SF1014              ,GF ,卡   ,20.0,2020-06-03 00:00:00,2.0,0.0
FAC_00060,SF0019              ,GF ,卡   ,36.0,2020-06-03 00:00:00,2.0,0.0
FAC_00060,VBDCCTZ2A           ,GF ,組   ,55.0,2020-06-03 00:00:00,3.0,0.0
FAC_00060,TYPER9005           ,GF ,組   ,170.0,2020-06-03 00:00:00,1.0,0.0
FAC_00043,PNSHXT03            ,GF ,組   ,350.0,2020-09-01 00:00:00,2.0,0.0
FAC_00066,08A2-MG             ,GF ,組   ,230.0,2020-09-09 00:00:00,1.0,0.0
FAC_00066,YH6629              ,GF ,組   ,130.0,2021-06-02 00:00:00,2.0,0.0
FAC_00024,YH680               ,GF ,組   ,2600.0,2021-12-07 00:00:00,1.0,0.0
FAC_00060,SF035               ,GF ,卡   ,40.0,2021-12-08 00:00:00,3.0,0.0
FAC_00066,V18LED9006          ,GF ,組   ,1700.0,2022-03-07 00:00:00,1.0,0.0
FAC_00060,VBDVATX             ,GF ,罐   ,65.0,2022-03-29 00:00:00,10.0,0.0
FAC_00060,VBDAMMGR            ,GF ,罐   ,62.0,2022-03-29 00:00:00,3.0,0.0
FAC_00060,8YCA                ,GF ,各   ,30.0,2022-04-26 00:00:00,10.0,0.0
FAC_00024,SENFINECOCUFFVR     ,GF ,罐   ,80.0,2022-12-08 00:00:00,6.0,0.0
FAC_00066,H422                ,GF ,各   ,35.0,2023-01-18 00:00:00,30.0,0.0
FAC_00060,20502XR             ,GF ,組   ,780.0,2020-06-03 00:00:00,2.0,0.0
FAC_00043,PNSHUDL2            ,GF ,組   ,650.0,2020-06-23 00:00:00,1.0,0.0
FAC_00043,PNSF405             ,GF ,組   ,120.0,2020-06-23 00:00:00,2.0,0.0
FAC_00043,PNSSUN08            ,GF ,組   ,130.0,2023-04-18 00:00:00,2.0,0.0
FAC_00024,ZERORFFVR           ,GF ,罐   ,320.0,2024-01-26 00:00:00,2.0,0.0
FAC_00066,VUGQ2W              ,GF ,組   ,280.0,2024-03-13 00:00:00,1.0,0.0
FAC_00043,G74435630           ,GF ,卡   ,240.0,2024-07-18 00:00:00,2.0,0.0
FAC_00066,TURBOH4LED          ,GF ,組   ,1200.0,2025-02-26 00:00:00,1.0,0.0
FAC_00060,GXYGUX              ,GF ,罐   ,320.0,2025-03-05 00:00:00,2.0,0.0
FAC_00024,ZEROAMN+RFC         ,GF ,罐   ,320.0,2025-04-26 00:00:00,2.0,0.0
FAC_00066,TYPERH4CR           ,GF ,組   ,200.0,2025-04-26 00:00:00,1.0,0.0
FAC_00043,PNSSUN05            ,GF ,組   ,36.0,2025-05-28 00:00:00,11.0,0.0
FAC_00060,SF0046              ,GF ,卡   ,40.0,2025-08-06 00:00:00,1.0,0.0
FAC_00060,SF0025              ,GF ,卡   ,36.0,2025-08-06 00:00:00,3.0,0.0
FAC_00066,H722                ,GF ,各   ,35.0,2025-11-03 00:00:00,10.0,0.0
FAC_00045,CRVUV               ,GF ,各   ,50.0,2020-08-08 00:00:00,1.0,0.0
FAC_00066,RSENWXWF            ,GF ,組   ,60.0,2020-07-09 00:00:00,6.0,0.0
FAC_00066,YH1382A2            ,GF ,組   ,160.0,2020-07-09 00:00:00,1.0,0.0
FAC_00066,RSENVTRXFV          ,GF ,組   ,120.0,2020-07-09 00:00:00,2.0,0.0
FAC_00010,TAA095              ,GF ,組   ,240.0,2020-07-09 00:00:00,6.0,0.0
FAC_00010,A095                ,GF ,條   ,100.0,2020-07-09 00:00:00,10.0,0.0
FAC_00010,TAA090              ,GF ,組   ,260.0,2020-07-09 00:00:00,3.0,0.0
FAC_00066,TUBRO9005LED        ,GF ,組   ,1200.0,2020-07-10 00:00:00,1.0,0.0
FAC_00010,TAA089              ,GF ,組   ,260.0,2020-08-03 00:00:00,2.0,0.0
FAC_00043,PNSF404             ,GF ,組   ,220.0,2020-09-01 00:00:00,2.0,0.0
FAC_00043,T15MU               ,GF ,卡   ,150.0,2021-01-15 00:00:00,1.0,0.0
FAC_00010,A094                ,GF ,條   ,100.0,2021-01-15 00:00:00,10.0,0.0
FAC_00045,ZWUV                ,GF ,各   ,40.0,2021-07-02 00:00:00,5.0,0.0
FAC_00043,PNSSUN07            ,GF ,組   ,200.0,2021-07-13 00:00:00,2.0,0.0
FAC_00066,RSENT105R22U        ,GF ,卡   ,110.0,2022-01-26 00:00:00,5.0,0.0
FAC_00043,PNSXP058            ,GF ,組   ,150.0,2022-03-28 00:00:00,2.0,0.0
FAC_00024,SENFINECOFURFFVR    ,GF ,罐   ,400.0,2022-12-08 00:00:00,3.0,0.0
FAC_00043,PNSCS001            ,GF ,組   ,35.0,2023-01-17 00:00:00,2.0,0.0
FAC_00023,GS2LM800524         ,GF ,組   ,140.0,2020-07-10 00:00:00,1.0,0.0
FAC_00023,GS2T24V             ,GF ,組   ,140.0,2020-07-10 00:00:00,1.0,0.0
FAC_00023,GS2T8               ,GF ,組   ,140.0,2020-07-10 00:00:00,2.0,0.0
FAC_00051,WISHXFWZA1          ,GF ,各   ,500.0,2020-08-01 00:00:00,1.0,0.0
FAC_00064,KY010               ,GF ,各   ,12.0,2020-05-21 00:00:00,10.0,0.0
FAC_00064,ABROGV5X            ,GF ,罐   ,80.0,2023-10-26 00:00:00,3.0,0.0
FAC_00024,SENFINECORU5X       ,GF ,罐   ,160.0,2024-04-02 00:00:00,3.0,0.0
FAC_00043,PNS07HD69           ,GF ,組   ,100.0,2024-10-01 00:00:00,5.0,0.0
FAC_00043,PNSHG03             ,GF ,組   ,20.0,2025-03-10 00:00:00,3.0,0.0
FAC_00066,TURBOH7LED          ,GF ,組   ,1200.0,2025-06-26 00:00:00,1.0,0.0
FAC_00043,PNSS27              ,GF ,組   ,150.0,2025-08-12 00:00:00,1.0,0.0
FAC_00043,PNSSB22             ,GF ,組   ,60.0,2025-08-19 00:00:00,3.0,0.0
FAC_00066,RSENT105630         ,GF ,卡   ,120.0,2025-12-10 00:00:00,13.0,0.0
FAC_00066,DAYQQWW             ,GF ,組   ,280.0,2026-01-20 00:00:00,3.0,0.0
FAC_00066,TURBO900622         ,GF ,組   ,1200.0,2026-01-29 00:00:00,1.0,0.0
FAC_00064,NHGX                ,GF ,罐   ,85.0,2020-05-21 00:00:00,6.0,0.0
FAC_00064,CY052               ,GF ,組   ,80.0,2020-05-21 00:00:00,4.0,0.0
FAC_00060,VBD2XAF             ,GF ,組   ,50.0,2026-04-02 00:00:00,4.0,0.0
FAC_00060,SF0041              ,GF ,卡   ,40.0,2026-04-02 00:00:00,1.0,0.0
FAC_00004,NB1040              ,GF ,罐   ,200.0,2026-04-13 00:00:00,60.0,0.0
FAC_00064,99AMMG              ,GF ,罐   ,220.0,2020-05-21 00:00:00,3.0,0.0
FAC_00064,ARCUY2              ,GF ,組   ,170.0,2020-05-21 00:00:00,4.0,0.0
FAC_00064,1XHWUAZCA           ,GF ,組   ,45.0,2020-05-21 00:00:00,3.0,0.0
FAC_00064,BB900               ,GF ,張   ,33.0,2020-05-21 00:00:00,6.0,0.0
FAC_00064,BB906               ,GF ,張   ,33.0,2020-05-21 00:00:00,6.0,0.0
FAC_00064,BB1361              ,GF ,張   ,33.0,2020-05-21 00:00:00,6.0,0.0
FAC_00064,2XAW8H              ,GF ,各   ,70.0,2020-05-21 00:00:00,2.0,0.0
FAC_00040,AYW2TA1E2           ,GF ,組   ,210.0,2020-07-01 00:00:00,1.0,0.0
FAC_00040,KICKS1.818          ,GF ,組   ,210.0,2020-07-01 00:00:00,1.0,0.0
FAC_00040,HY655               ,GF ,組   ,295.0,2020-07-01 00:00:00,1.0,0.0
FAC_00064,LWT001              ,GF ,各   ,88.0,2020-06-06 00:00:00,3.0,0.0
FAC_00023,GS2LM8005           ,GF ,組   ,140.0,2020-11-04 00:00:00,3.0,0.0
FAC_00023,GS2T                ,GF ,組   ,140.0,2021-07-12 00:00:00,2.0,0.0
FAC_00064,ABROYQUV            ,GF ,罐   ,130.0,2022-01-18 00:00:00,4.0,0.0
FAC_00064,KH826UTVGW          ,GF ,組   ,150.0,2022-07-26 00:00:00,3.0,0.0
FAC_00064,ZXR                 ,GF ,罐   ,73.0,2022-10-06 00:00:00,6.0,0.0
FAC_00053,99XGTA1E2           ,GF ,組   ,300.0,2020-08-17 00:00:00,1.0,0.0
FAC_00029,SJ911R2W            ,GF ,組   ,125.0,2020-07-04 00:00:00,3.0,0.0
FAC_00029,V1051RUQ            ,GF ,組   ,140.0,2020-07-04 00:00:00,2.0,0.0
FAC_00029,LY707YQW1           ,GF ,組   ,300.0,2020-07-04 00:00:00,2.0,0.0
FAC_00029,TC668652XDTY        ,GF ,組   ,110.0,2020-07-04 00:00:00,2.0,0.0
FAC_00029,PE53GV1W            ,GF ,組   ,50.0,2020-07-04 00:00:00,6.0,0.0
FAC_00010,TAA091              ,GF ,組   ,260.0,2023-03-26 00:00:00,3.0,0.0
FAC_00029,TC6691XDTY          ,GF ,組   ,110.0,2023-08-31 00:00:00,3.0,0.0
FAC_00064,IEB001X1EUH         ,GF ,組   ,310.0,2023-10-26 00:00:00,3.0,0.0
FAC_00066,UX02XZVQU           ,GF ,罐   ,120.0,2023-11-27 00:00:00,5.0,0.0
FAC_00066,V37GRR              ,GF ,組   ,100.0,2024-07-26 00:00:00,3.0,0.0
FAC_00040,01ALTISTA1E2        ,GF ,組   ,220.0,2024-08-05 00:00:00,1.0,0.0
FAC_00010,ABTE040             ,GF ,組   ,580.0,2024-09-05 00:00:00,2.0,0.0
FAC_00040,FORTISTA1E2         ,GF ,組   ,220.0,2024-10-09 00:00:00,1.0,0.0
FAC_00064,FA002               ,GF ,組   ,60.0,2025-06-19 00:00:00,5.0,0.0
FAC_00064,MCJVY2              ,GF ,組   ,350.0,2025-06-19 00:00:00,1.0,0.0
FAC_00040,04WISHTA1E2         ,GF ,組   ,220.0,2025-08-01 00:00:00,1.0,0.0
FAC_00040,HY662               ,GF ,組   ,520.0,2025-11-28 00:00:00,4.0,0.0
FAC_00066,CD5U1               ,GF ,組   ,50.0,2020-07-26 00:00:00,2.0,0.0
FAC_00066,CREQX               ,GF ,罐   ,60.0,2020-07-26 00:00:00,6.0,0.0
FAC_00066,RSENMGR             ,GF ,罐   ,70.0,2020-07-26 00:00:00,3.0,0.0
FAC_00066,NB5W50TU            ,GF ,罐   ,280.0,2020-07-30 00:00:00,12.0,0.0
FAC_00043,PNSS12              ,GF ,組   ,100.0,2020-08-19 00:00:00,1.0,0.0
FAC_00064,BR168FVWU1          ,GF ,組   ,220.0,2020-06-22 00:00:00,1.0,0.0
FAC_00064,AGXY2               ,GF ,組   ,235.0,2020-06-22 00:00:00,6.0,0.0
FAC_00064,G14.5BA9S           ,GF ,各   ,3.0,2020-06-22 00:00:00,10.0,0.0
FAC_00064,V3910BGWFZ2         ,GF ,各   ,220.0,2020-06-22 00:00:00,3.0,0.0
FAC_00066,KR10ZVQW            ,GF ,條   ,240.0,2020-07-02 00:00:00,1.0,0.0
FAC_00066,Z2FX1               ,GF ,組   ,120.0,2020-08-27 00:00:00,3.0,0.0
FAC_00066,KR10ZVQW2L          ,GF ,條   ,180.0,2020-10-06 00:00:00,2.0,0.0
FAC_00043,PNSDS001            ,GF ,組   ,70.0,2020-12-02 00:00:00,2.0,0.0
FAC_00066,GPS9389HNF          ,GF ,組   ,3800.0,2021-05-26 00:00:00,3.0,0.0
FAC_00043,PNSSCUPUZ1          ,GF ,組   ,110.0,2021-09-22 00:00:00,2.0,0.0
FAC_00066,UUZV10D             ,GF ,組   ,450.0,2022-04-14 00:00:00,1.0,0.0
FAC_00064,2XAW6HQE            ,GF ,各   ,65.0,2023-01-04 00:00:00,2.0,0.0
FAC_00045,01XGCGRQR           ,GF ,片   ,350.0,2020-08-19 00:00:00,1.0,0.0
FAC_00053,N12                 ,GF ,組   ,1000.0,2020-08-25 00:00:00,1.0,0.0
FAC_00053,05CRVFMT            ,GF ,組   ,300.0,2020-08-25 00:00:00,1.0,0.0
FAC_00024,ZERORURAMN          ,GF ,罐   ,270.0,2020-08-26 00:00:00,3.0,0.0
FAC_00018,RV2CRW              ,GF ,組   ,600.0,2020-08-26 00:00:00,1.0,0.0
FAC_00066,VTRXFV              ,GF ,組   ,120.0,2020-08-27 00:00:00,3.0,0.0
FAC_00066,AL5003              ,GF ,組   ,150.0,2020-08-27 00:00:00,2.0,0.0
FAC_00053,15AY24QFMT          ,GF ,組   ,700.0,2023-07-27 00:00:00,1.0,0.0
FAC_00036,ERQ55D23L2Q         ,GF ,各   ,2100.0,2024-01-29 00:00:00,1.0,0.0
FAC_00064,1MT5E               ,GF ,組   ,1250.0,2024-10-10 00:00:00,1.0,0.0
FAC_00023,2TX23UDB            ,GF ,組   ,480.0,2025-01-16 00:00:00,1.0,0.0
FAC_00066,ABRO5XX             ,GF ,罐   ,110.0,2025-02-26 00:00:00,2.0,0.0
FAC_00043,PNSSUN10            ,GF ,組   ,150.0,2025-05-16 00:00:00,1.0,0.0
FAC_00064,GN5V                ,GF ,罐   ,140.0,2025-06-19 00:00:00,3.0,0.0
FAC_00064,KA1136PDAR          ,GF ,組   ,220.0,2025-06-19 00:00:00,3.0,0.0
FAC_00066,TYPERH11CR2Q        ,GF ,組   ,200.0,2025-11-22 00:00:00,2.0,0.0
FAC_00066,WF0306TW            ,GF ,組   ,160.0,2020-08-27 00:00:00,3.0,0.0
FAC_00038,IDRH6.5K            ,GF ,組   ,900.0,2020-08-27 00:00:00,2.0,0.0
FAC_00038,IDRH6.5T            ,GF ,組   ,1200.0,2020-08-27 00:00:00,2.0,0.0
FAC_00066,RSEND48000K         ,GF ,各   ,500.0,2026-04-01 00:00:00,2.0,0.0
FAC_00023,2TXWSDXU            ,GF ,組   ,380.0,2026-04-02 00:00:00,2.0,0.0
FAC_00038,IDRH6K              ,GF ,組   ,900.0,2020-08-27 00:00:00,2.0,0.0
FAC_00066,929TX               ,GF ,罐   ,40.0,2020-11-07 00:00:00,6.0,0.0
FAC_00038,ID12H52U            ,GF ,組   ,3800.0,2020-12-08 00:00:00,1.0,0.0
FAC_00066,NOID15GS2           ,GF ,卡   ,130.0,2021-01-29 00:00:00,1.0,0.0
FAC_00045,XFXJALTIS           ,GF ,各   ,150.0,2021-03-30 00:00:00,3.0,0.0
FAC_00066,HT32VMT             ,GF ,組   ,800.0,2021-04-26 00:00:00,1.0,0.0
FAC_00066,A5MVEY2             ,GF ,組   ,400.0,2021-11-26 00:00:00,2.0,0.0
FAC_00066,G2VY                ,GF ,組   ,200.0,2022-04-26 00:00:00,3.0,0.0
FAC_00038,52UDTY              ,GF ,組   ,450.0,2022-11-08 00:00:00,3.0,0.0
FAC_00066,N1MUX1              ,GF ,組   ,350.0,2023-01-11 00:00:00,1.0,0.0
FAC_00038,IDRH6T              ,GF ,組   ,1200.0,2020-08-27 00:00:00,2.0,0.0
FAC_00044,XGNRRLC             ,GF ,組   ,1600.0,2020-08-28 00:00:00,1.0,0.0
FAC_00035,XGNRRLC             ,GF ,組   ,1600.0,2020-08-28 00:00:00,1.0,0.0
FAC_00044,XGZG2Y              ,GF ,組   ,1500.0,2020-08-28 00:00:00,1.0,0.0
FAC_00043,PNS-2130            ,GF ,組   ,60.0,2020-09-01 00:00:00,2.0,0.0
FAC_00043,PNS2156             ,GF ,組   ,60.0,2020-09-01 00:00:00,2.0,0.0
FAC_00043,PNSHG305            ,GF ,組   ,60.0,2020-09-01 00:00:00,2.0,0.0
FAC_00015,ELANTRAGTDE         ,GF ,組   ,650.0,2020-09-01 00:00:00,1.0,0.0
FAC_00064,CHY3282FR           ,GF ,組   ,680.0,2020-01-31 00:00:00,2.0,0.0
FAC_00038,ID6HZUX1            ,GF ,組   ,1700.0,2023-05-01 00:00:00,3.0,0.0
FAC_00038,6H2EF               ,GF ,組   ,200.0,2023-05-01 00:00:00,5.0,0.0
FAC_00066,ZV5F53HNF           ,GF ,組   ,4300.0,2023-06-28 00:00:00,1.0,0.0
FAC_00066,3MCUFFVR            ,GF ,罐   ,65.0,2024-04-09 00:00:00,3.0,0.0
FAC_00038,AV5VC               ,GF ,組   ,180.0,2025-03-13 00:00:00,10.0,0.0
FAC_00066,1W                  ,GF ,組   ,70.0,2025-07-26 00:00:00,4.0,0.0
FAC_00066,RSEND26000K         ,GF ,各   ,250.0,2025-08-07 00:00:00,1.0,0.0
FAC_00066,RSENH78000K         ,GF ,各   ,150.0,2025-11-03 00:00:00,1.0,0.0
FAC_00066,ZV5G539HNF          ,GF ,組   ,1900.0,2025-11-03 00:00:00,2.0,0.0
FAC_00038,ID6.5KZUX1          ,GF ,組   ,1800.0,2025-10-01 00:00:00,1.0,0.0
FAC_00038,V1                  ,GF ,組   ,550.0,2025-10-01 00:00:00,3.0,0.0
FAC_00066,SP702               ,GF ,罐   ,110.0,2026-01-15 00:00:00,6.0,0.0
FAC_00064,8H2XAW              ,GF ,組   ,70.0,2020-01-31 00:00:00,6.0,0.0
FAC_00064,36MMGS2             ,GF ,各   ,9.0,2020-01-31 00:00:00,20.0,0.0
FAC_00064,6HMVGXCA            ,GF ,各   ,60.0,2020-01-31 00:00:00,6.0,0.0
FAC_00064,ABRO1UFRR           ,GF ,罐   ,100.0,2020-09-02 00:00:00,2.0,0.0
FAC_00066,RSEN56ZVQW          ,GF ,條   ,250.0,2026-03-12 00:00:00,3.0,0.0
FAC_00064,JKS58ZVDE           ,GF ,組   ,38.0,2020-09-02 00:00:00,2.0,0.0
FAC_00064,ABROQA1UFRR         ,GF ,組   ,95.0,2020-09-02 00:00:00,2.0,0.0
FAC_00064,41MMGS2             ,GF ,各   ,12.0,2020-03-04 00:00:00,6.0,0.0
FAC_00043,PNSHD303            ,GF ,組   ,100.0,2021-03-09 00:00:00,1.0,0.0
FAC_00064,KY1055LED5A2        ,GF ,各   ,270.0,2021-06-26 00:00:00,2.0,0.0
FAC_00064,FQF5                ,GF ,各   ,43.0,2021-06-26 00:00:00,10.0,0.0
FAC_00064,GN007J2WV           ,GF ,隻   ,75.0,2021-11-19 00:00:00,6.0,0.0
FAC_00034,WISH2E              ,GF ,組   ,200.0,2022-01-18 00:00:00,1.0,0.0
FAC_00043,PNSHXT303           ,GF ,組   ,210.0,2022-07-26 00:00:00,2.0,0.0
FAC_00064,ABROUFFVR           ,GF ,罐   ,95.0,2023-01-04 00:00:00,3.0,0.0
FAC_00064,G100A2              ,GF ,組   ,320.0,2020-09-11 00:00:00,1.0,0.0
FAC_00064,FI345AW             ,GF ,組   ,280.0,2020-09-11 00:00:00,1.0,0.0
FAC_00064,JK40USBDT           ,GF ,組   ,200.0,2020-09-11 00:00:00,2.0,0.0
FAC_00064,JK40W2USBDT         ,GF ,組   ,200.0,2020-09-11 00:00:00,2.0,0.0
FAC_00064,KY323RGEY2          ,GF ,組   ,100.0,2020-09-11 00:00:00,1.0,0.0
FAC_00047,CRV+4CVP55R         ,GF ,組   ,8000.0,2020-09-18 00:00:00,1.0,0.0
FAC_00057,08ALTISFMT          ,GF ,組   ,180.0,2020-09-19 00:00:00,2.0,0.0
FAC_00057,902XDFMT            ,GF ,組   ,240.0,2020-09-19 00:00:00,1.0,0.0
FAC_00057,180FMT              ,GF ,組   ,180.0,2020-09-19 00:00:00,1.0,0.0
FAC_00057,01ALTISFMT          ,GF ,組   ,180.0,2020-09-19 00:00:00,2.0,0.0
FAC_00064,6H2XAW              ,GF ,組   ,65.0,2023-10-26 00:00:00,3.0,0.0
FAC_00043,PNSHXT205F          ,GF ,組   ,350.0,2024-04-01 00:00:00,2.0,0.0
FAC_00064,NO77VTZVR           ,GF ,罐   ,75.0,2024-06-21 00:00:00,4.0,0.0
FAC_00064,5HSWGQE             ,GF ,組   ,55.0,2024-08-08 00:00:00,6.0,0.0
FAC_00064,6HSDGQE             ,GF ,組   ,65.0,2024-08-08 00:00:00,6.0,0.0
FAC_00064,1MT5D               ,GF ,組   ,1250.0,2024-10-10 00:00:00,2.0,0.0
FAC_00064,S283WGG5V           ,GF ,組   ,48.0,2025-03-06 00:00:00,10.0,0.0
FAC_00064,5SR                 ,GF ,各   ,100.0,2025-06-19 00:00:00,4.0,0.0
FAC_00064,5HMVGXCA            ,GF ,各   ,60.0,2025-06-19 00:00:00,4.0,0.0
FAC_00064,TW123GAVTW          ,GF ,組   ,90.0,2025-06-19 00:00:00,4.0,0.0
FAC_00064,HK915X1             ,GF ,組   ,250.0,2025-06-19 00:00:00,2.0,0.0
FAC_00064,HK910DDUX1          ,GF ,組   ,280.0,2025-06-19 00:00:00,2.0,0.0
FAC_00053,08ALTISTA1E2        ,GF ,組   ,300.0,2020-09-21 00:00:00,1.0,0.0
FAC_00053,EX0085JC            ,GF ,組   ,250.0,2020-09-21 00:00:00,6.0,0.0
FAC_00053,X1V                 ,GF ,米   ,12.0,2020-09-21 00:00:00,100.0,0.0
FAC_00053,TN20T12U            ,GF ,組   ,3400.0,2020-09-21 00:00:00,1.0,0.0
FAC_00053,AV5VC               ,GF ,組   ,150.0,2020-09-21 00:00:00,5.0,0.0
FAC_00053,V1                  ,GF ,組   ,400.0,2020-09-21 00:00:00,5.0,0.0
FAC_00053,6H2EF               ,GF ,組   ,100.0,2020-09-21 00:00:00,4.0,0.0
FAC_00053,ID300K5252U         ,GF ,組   ,3800.0,2020-09-21 00:00:00,1.0,0.0
FAC_00053,ID6HW5              ,GF ,組   ,600.0,2020-09-21 00:00:00,3.0,0.0
FAC_00053,AV5F2               ,GF ,組   ,250.0,2020-09-21 00:00:00,5.0,0.0
FAC_00053,AVVCV4.5M           ,GF ,條   ,100.0,2020-09-21 00:00:00,6.0,0.0
FAC_00032,CU22XR              ,GF ,組   ,210.0,2019-06-26 00:00:00,4.0,0.0
FAC_00066,V189005             ,GF ,組   ,1700.0,2020-11-26 00:00:00,1.0,0.0
FAC_00038,1VNY                ,GF ,各   ,100.0,2020-12-08 00:00:00,10.0,0.0
FAC_00066,JX2Y                ,GF ,組   ,450.0,2021-01-05 00:00:00,1.0,0.0
FAC_00038,4AWCYW              ,GF ,各   ,20.0,2021-05-14 00:00:00,20.0,0.0
FAC_00038,AVVCV4.5M           ,GF ,條   ,130.0,2022-06-01 00:00:00,6.0,0.0
FAC_00064,HK839CBX1           ,GF ,組   ,500.0,2020-06-06 00:00:00,3.0,0.0
FAC_00066,H3OSRAM2Q           ,GF ,各   ,45.0,2020-09-02 00:00:00,10.0,0.0
FAC_00018,V81GUVTRXFF         ,A  ,組   ,1000.0,2020-07-31 00:00:00,5.0,0.0
FAC_00018,V81GUVTRXFC         ,A  ,組   ,200.0,2020-07-31 00:00:00,5.0,0.0
FAC_00064,VTGDRGE             ,GF ,組   ,55.0,2020-03-04 00:00:00,2.0,0.0
FAC_00064,1XD2CAG             ,GF ,組   ,62.0,2020-03-04 00:00:00,2.0,0.0
FAC_00064,1XD2                ,GF ,組   ,50.0,2020-03-04 00:00:00,2.0,0.0
FAC_00064,CR20162T            ,GF ,各   ,22.0,2020-03-04 00:00:00,10.0,0.0
FAC_00064,CR20252T            ,GF ,各   ,22.0,2020-03-04 00:00:00,10.0,0.0
FAC_00038,ID300K5252U         ,GF ,組   ,5500.0,2023-05-03 00:00:00,1.0,0.0
FAC_00066,H11OSARM2Q          ,GF ,各   ,120.0,2024-02-06 00:00:00,10.0,0.0
FAC_00024,SENFINCEODFFRR      ,GF ,罐   ,180.0,2024-04-02 00:00:00,3.0,0.0
FAC_00024,YH368FDS2XEN        ,GF ,組   ,1500.0,2024-12-26 00:00:00,1.0,0.0
FAC_00066,RSENHID5RF          ,GF ,各   ,100.0,2025-05-15 00:00:00,4.0,0.0
FAC_00064,992W                ,GF ,組   ,280.0,2025-06-19 00:00:00,1.0,0.0
FAC_00024,SENFINCEOXFZVFRR    ,GF ,罐   ,350.0,2025-10-23 00:00:00,2.0,0.0
FAC_00066,TYPERH7CR2Q         ,GF ,組   ,200.0,2025-11-03 00:00:00,2.0,0.0
FAC_00024,SENFINECOGV5XR      ,GF ,罐   ,150.0,2026-01-29 00:00:00,3.0,0.0
FAC_00066,RSENH76000K         ,GF ,各   ,150.0,2026-02-09 00:00:00,1.0,0.0
FAC_00064,CR20322T            ,GF ,各   ,22.0,2020-03-04 00:00:00,9.0,0.0
FAC_00064,27A2T               ,GF ,各   ,32.0,2020-03-04 00:00:00,6.0,0.0
FAC_00064,1XE251CM            ,GF ,組   ,50.0,2020-03-04 00:00:00,2.0,0.0
FAC_00064,1XE28H              ,GF ,組   ,45.0,2020-03-04 00:00:00,2.0,0.0
FAC_00064,GN335VXRJY          ,GF ,組   ,150.0,2020-03-04 00:00:00,3.0,0.0
FAC_00045,13ALTISCVN          ,GF ,各   ,350.0,2020-09-07 00:00:00,4.0,0.0
FAC_00015,10AYW3CGR           ,GF ,組   ,250.0,2020-09-09 00:00:00,1.0,0.0
FAC_00066,GNFMT               ,GF ,組   ,50.0,2020-09-09 00:00:00,3.0,0.0
FAC_00066,LEDGS2VWG           ,GF ,組   ,150.0,2020-09-09 00:00:00,2.0,0.0
FAC_00066,LC3.1USB2U1         ,GF ,組   ,180.0,2020-09-09 00:00:00,4.0,0.0
FAC_00066,XQRAION             ,GF ,組   ,250.0,2020-09-09 00:00:00,1.0,0.0
FAC_00066,12CRV5MMG           ,GF ,組   ,230.0,2020-09-09 00:00:00,1.0,0.0
FAC_00066,106USB6.1A          ,GF ,組   ,220.0,2020-12-17 00:00:00,2.0,0.0
FAC_00066,TYPER9005           ,GF ,組   ,170.0,2022-03-29 00:00:00,1.0,0.0
FAC_00064,1MY2F               ,GF ,組   ,280.0,2022-07-06 00:00:00,4.0,0.0
FAC_00064,1MY2C               ,GF ,組   ,280.0,2022-07-06 00:00:00,1.0,0.0
FAC_00064,1MVXTT5             ,GF ,組   ,1450.0,2022-10-26 00:00:00,2.0,0.0
FAC_00064,1MVXTT5XL           ,GF ,組   ,1550.0,2022-10-26 00:00:00,1.0,0.0
FAC_00032,CU2TV               ,GF ,各   ,345.0,2019-06-26 00:00:00,2.0,0.0
FAC_00032,CU2VXR              ,GF ,各   ,185.0,2019-06-26 00:00:00,4.0,0.0
FAC_00032,CU2M1VX             ,GF ,各   ,345.0,2020-04-30 00:00:00,1.0,0.0
FAC_00053,WGXMODELXTA1E2      ,GF ,組   ,500.0,2020-09-26 00:00:00,1.0,0.0
FAC_00047,CS3008XU5R          ,GF ,組   ,1800.0,2020-09-28 00:00:00,2.0,0.0
FAC_00038,X1V                 ,GF ,米   ,12.0,2020-05-01 00:00:00,100.0,0.0
FAC_00038,AV5F2               ,GF ,組   ,250.0,2020-05-01 00:00:00,5.0,0.0
FAC_00061,19RAV4QCE           ,GF ,組   ,2600.0,2020-08-01 00:00:00,1.0,0.0
FAC_00066,2XGW                ,GF ,卷   ,80.0,2020-10-06 00:00:00,4.0,0.0
FAC_00066,RSEN90058000K       ,GF ,各   ,150.0,2023-04-12 00:00:00,2.0,0.0
FAC_00032,XCRVXR              ,GF ,組   ,2200.0,2023-05-26 00:00:00,1.0,0.0
FAC_00038,ID6HW5              ,GF ,組   ,700.0,2023-09-21 00:00:00,4.0,0.0
FAC_00064,23A2T               ,GF ,各   ,32.0,2024-06-21 00:00:00,2.0,0.0
FAC_00066,SAXO1040            ,GF ,罐   ,120.0,2025-06-06 00:00:00,24.0,0.0
FAC_00064,KH911A2             ,GF ,組   ,98.0,2025-06-19 00:00:00,2.0,0.0
FAC_00064,ABROQGUR            ,GF ,罐   ,110.0,2025-06-19 00:00:00,6.0,0.0
FAC_00066,GV5XJ               ,GF ,片   ,255.0,2025-07-26 00:00:00,3.0,0.0
FAC_00066,H4OSRAM2Q           ,GF ,各   ,48.0,2025-12-09 00:00:00,20.0,0.0
FAC_00045,SANTFEXFXJ          ,GF ,各   ,250.0,2020-10-15 00:00:00,1.0,0.0
FAC_00015,7231HEMGAW          ,GF ,組   ,1000.0,2020-10-15 00:00:00,1.0,0.0
FAC_00015,7231HEMGXE          ,GF ,組   ,1600.0,2020-10-15 00:00:00,1.0,0.0
FAC_00014,S24VTRXF            ,GF ,組   ,2100.0,2020-10-15 00:00:00,2.0,0.0
FAC_00057,05AY23F1EWZJ        ,GF ,組   ,350.0,2020-10-20 00:00:00,1.0,0.0
FAC_00057,05AYW3F1E           ,GF ,組   ,900.0,2020-10-20 00:00:00,1.0,0.0
FAC_00057,05AY23GV            ,GF ,組   ,1800.0,2020-10-20 00:00:00,1.0,0.0
FAC_00064,GN119WFQW2L         ,GF ,條   ,148.0,2020-10-26 00:00:00,3.0,0.0
FAC_00064,GN119WFQW3L         ,GF ,條   ,170.0,2020-10-26 00:00:00,2.0,0.0
FAC_00066,A15BV2              ,GF ,各   ,240.0,2020-10-14 00:00:00,2.0,0.0
FAC_00038,EX0085JC            ,GF ,組   ,250.0,2020-12-09 00:00:00,5.0,0.0
FAC_00038,TN20T12U            ,GF ,組   ,3400.0,2020-12-30 00:00:00,1.0,0.0
FAC_00038,7003J25R            ,GF ,組   ,600.0,2021-05-14 00:00:00,5.0,0.0
FAC_00066,A14LEDJ2            ,GF ,各   ,240.0,2021-05-26 00:00:00,2.0,0.0
FAC_00014,A740VTRXF           ,GF ,組   ,2500.0,2021-08-05 00:00:00,1.0,0.0
FAC_00066,RSENS25352VR        ,GF ,組   ,280.0,2022-06-06 00:00:00,2.0,0.0
FAC_00066,89VUQZVQW           ,GF ,條   ,320.0,2022-07-26 00:00:00,2.0,0.0
FAC_00066,RSENT53SMD          ,GF ,卡   ,100.0,2022-11-02 00:00:00,2.0,0.0
FAC_00032,3D5U1               ,GF ,組   ,113.0,2022-11-08 00:00:00,10.0,0.0
FAC_00032,3D1F1               ,GF ,支   ,110.0,2023-02-07 00:00:00,12.0,0.0
FAC_00053,12ELANTRAFMTNQ      ,GF ,組   ,700.0,2020-10-21 00:00:00,1.0,0.0
FAC_00066,14LEXUS5MMG24+16    ,GF ,組   ,280.0,2020-10-26 00:00:00,1.0,0.0
FAC_00066,15LEXUSRX5MMG       ,GF ,組   ,280.0,2020-10-26 00:00:00,1.0,0.0
FAC_00066,NOIDNRMG28          ,GF ,支   ,150.0,2020-10-26 00:00:00,10.0,0.0
FAC_00018,HDR2UVTRXF          ,GF ,組   ,1500.0,2020-06-26 00:00:00,1.0,0.0
FAC_00018,TGRGUVTRXF          ,GF ,組   ,1600.0,2020-06-26 00:00:00,1.0,0.0
FAC_00032,3DWMZGT2085         ,GF ,各   ,220.0,2020-10-27 00:00:00,2.0,0.0
FAC_00043,AFLS180JV2          ,GF ,組   ,510.0,2020-10-27 00:00:00,1.0,0.0
FAC_00057,12ELENLA2XFMT       ,GF ,組   ,1000.0,2020-10-27 00:00:00,1.0,0.0
FAC_00057,07EAXCXQ            ,GF ,組   ,300.0,2020-10-27 00:00:00,1.0,0.0
FAC_00010,G25UCSZ             ,GF ,組   ,5990.0,2020-10-28 00:00:00,1.0,0.0
FAC_00040,18KICKSTA1E2        ,GF ,組   ,210.0,2020-10-29 00:00:00,1.0,0.0
FAC_00064,FR2GUG              ,GF ,組   ,480.0,2024-04-11 00:00:00,3.0,0.0
FAC_00064,2UFY4.8A            ,GF ,組   ,290.0,2024-04-11 00:00:00,2.0,0.0
FAC_00064,VXTWAF5             ,GF ,組   ,95.0,2025-06-19 00:00:00,4.0,0.0
FAC_00040,19AY23TA1E2         ,GF ,組   ,210.0,2020-10-29 00:00:00,1.0,0.0
FAC_00040,20VR1TA1E2          ,GF ,組   ,210.0,2020-10-29 00:00:00,1.0,0.0
FAC_00045,09YARISXXQ          ,GF ,各   ,550.0,2020-11-02 00:00:00,1.0,0.0
FAC_00066,RSENZVQ             ,GF ,支   ,650.0,2020-12-17 00:00:00,1.0,0.0
FAC_00024,ZEROVRMG16          ,GF ,支   ,325.0,2026-03-26 00:00:00,2.0,0.0
FAC_00043,PNSHGK01U1ED        ,GF ,組   ,30.0,2021-09-22 00:00:00,5.0,0.0
FAC_00032,3DWMZGHJL           ,GF ,各   ,320.0,2022-04-11 00:00:00,13.0,0.0
FAC_00064,LHR983T2VXR         ,GF ,組   ,1250.0,2022-05-26 00:00:00,2.0,0.0
FAC_00032,3DVXT5U1            ,GF ,各   ,150.0,2022-11-08 00:00:00,3.0,0.0
FAC_00036,ERQ402Q             ,GF ,各   ,1750.0,2020-11-06 00:00:00,1.0,0.0
FAC_00066,ZXQH4CR2Q           ,GF ,各   ,150.0,2020-11-07 00:00:00,4.0,0.0
FAC_00066,4RR2F               ,GF ,各   ,35.0,2020-11-07 00:00:00,3.0,0.0
FAC_00066,Z15RTGUVTRXF        ,GF ,組   ,3800.0,2020-11-07 00:00:00,1.0,0.0
FAC_00061,CLA45CVZFE          ,GF ,組   ,6200.0,2020-11-10 00:00:00,1.0,0.0
FAC_00015,BGGGE               ,GF ,各   ,200.0,2020-11-11 00:00:00,1.0,0.0
FAC_00035,EAXC2E              ,GF ,組   ,800.0,2020-11-13 00:00:00,1.0,0.0
FAC_00035,EY                  ,GF ,次   ,500.0,2020-11-13 00:00:00,1.0,0.0
FAC_00047,SONY12005R          ,GF ,組   ,3300.0,2020-11-16 00:00:00,1.0,0.0
FAC_00043,3PLEDR2F            ,GF ,組   ,160.0,2020-11-17 00:00:00,1.0,0.0
FAC_00047,VIOS05H165R         ,GF ,組   ,4200.0,2020-10-31 00:00:00,1.0,0.0
FAC_00035,2782VZXW            ,GF ,各   ,2300.0,2023-05-09 00:00:00,2.0,0.0
FAC_00043,AFL5050FH           ,GF ,條   ,108.0,2023-07-04 00:00:00,1.0,0.0
FAC_00023,2TXWJX              ,GF ,組   ,380.0,2023-10-17 00:00:00,2.0,0.0
FAC_00010,ABTE021             ,GF ,組   ,1600.0,2024-01-03 00:00:00,1.0,0.0
FAC_00066,R2FVW               ,GF ,條   ,15.0,2024-07-26 00:00:00,7.0,0.0
FAC_00040,CROSSTA1E2          ,GF ,組   ,220.0,2024-10-09 00:00:00,1.0,0.0
FAC_00066,NOIDNRMG26          ,GF ,支   ,100.0,2025-04-26 00:00:00,10.0,0.0
FAC_00066,NOIDNRMG20          ,GF ,組   ,100.0,2025-06-06 00:00:00,10.0,0.0
FAC_00066,NOIDNRMG14          ,GF ,支   ,100.0,2025-11-03 00:00:00,10.0,0.0
FAC_00066,NOIDNRMG16          ,GF ,支   ,100.0,2025-11-03 00:00:00,10.0,0.0
FAC_00066,NOIDNRMG18          ,GF ,支   ,100.0,2025-11-03 00:00:00,10.0,0.0
FAC_00023,5Y5VTRXF            ,GF ,組   ,1200.0,2025-11-25 00:00:00,2.0,0.0
FAC_00040,08ALTISTA1E2        ,GF ,組   ,220.0,2025-11-28 00:00:00,1.0,0.0
FAC_00040,13ALTISTA1E2        ,GF ,組   ,220.0,2025-11-28 00:00:00,1.0,0.0
FAC_00066,NOIDNRMG22          ,GF ,支   ,100.0,2025-12-23 00:00:00,10.0,0.0
FAC_00066,NOIDNRMG24          ,GF ,支   ,100.0,2025-12-23 00:00:00,20.0,0.0
FAC_00053,09IS250TA1E2        ,GF ,組   ,300.0,2020-11-18 00:00:00,1.0,0.0
FAC_00066,ZV5Q1VTRXF          ,GF ,組   ,2550.0,2019-09-06 00:00:00,1.0,0.0
FAC_00066,ABROGV5X            ,GF ,罐   ,60.0,2019-09-06 00:00:00,3.0,0.0
FAC_00066,ZV5X8D              ,GF ,組   ,3800.0,2020-11-26 00:00:00,1.0,0.0
FAC_00047,H16059H5R           ,GF ,組   ,4200.0,2020-11-25 00:00:00,1.0,0.0
FAC_00066,AL578USB            ,GF ,組   ,80.0,2021-06-26 00:00:00,2.0,0.0
FAC_00045,ALTISDFV            ,GF ,各   ,100.0,2021-07-02 00:00:00,5.0,0.0
FAC_00066,Z8RTVTRXF           ,GF ,組   ,2100.0,2022-05-26 00:00:00,2.0,0.0
FAC_00066,R1GEX               ,GF ,罐   ,320.0,2023-01-04 00:00:00,1.0,0.0
FAC_00015,07RWC2D             ,GF ,各   ,600.0,2020-11-27 00:00:00,2.0,0.0
FAC_00045,H15222Q             ,GF ,各   ,600.0,2020-11-27 00:00:00,1.0,0.0
FAC_00061,20RAV4U2QCE         ,GF ,組   ,2600.0,2020-11-27 00:00:00,1.0,0.0
FAC_00043,PNST530             ,GF ,組   ,90.0,2020-12-02 00:00:00,2.0,0.0
FAC_00043,PNSDSB001           ,GF ,組   ,80.0,2020-12-02 00:00:00,2.0,0.0
FAC_00010,MIOC570VTRXF        ,GF ,組   ,2650.0,2020-12-02 00:00:00,1.0,0.0
FAC_00010,Z260VG              ,GF ,組   ,125.0,2020-12-02 00:00:00,2.0,0.0
FAC_00010,C1652UVG            ,GF ,組   ,125.0,2020-12-02 00:00:00,1.0,0.0
FAC_00044,XG2CVF              ,GF ,組   ,1300.0,2020-12-05 00:00:00,2.0,0.0
FAC_00044,XGFAWQ              ,GF ,組   ,1250.0,2020-12-05 00:00:00,1.0,0.0
FAC_00044,XGEUVF              ,GF ,組   ,800.0,2020-12-05 00:00:00,1.0,0.0
FAC_00053,19VR1FMGBQ          ,GF ,組   ,600.0,2020-12-07 00:00:00,1.0,0.0
FAC_00043,T105630MU           ,GF ,組   ,180.0,2023-04-07 00:00:00,2.0,0.0
FAC_00035,XW2J                ,GF ,次   ,400.0,2023-10-27 00:00:00,1.0,0.0
FAC_00066,ABROZVQU            ,GF ,罐   ,140.0,2023-11-27 00:00:00,5.0,0.0
FAC_00010,ABT563FYQD          ,GF ,組   ,90.0,2024-02-27 00:00:00,5.0,0.0
FAC_00024,J00350CMG           ,GF ,支   ,130.0,2024-04-02 00:00:00,2.0,0.0
FAC_00066,RSENH4600K          ,GF ,各   ,150.0,2024-04-09 00:00:00,1.0,0.0
FAC_00066,RSENH42TY           ,GF ,組   ,70.0,2024-04-26 00:00:00,2.0,0.0
FAC_00066,RSEN0F2D            ,GF ,各   ,70.0,2024-06-26 00:00:00,1.0,0.0
FAC_00066,RSEND44300K         ,GF ,各   ,500.0,2024-07-26 00:00:00,1.0,0.0
FAC_00066,TURBOH11            ,GF ,組   ,1200.0,2025-02-26 00:00:00,1.0,0.0
FAC_00066,CARMATGTU2          ,GF ,罐   ,130.0,2025-02-26 00:00:00,6.0,0.0
FAC_00066,GV2Q                ,GF ,各   ,5.5,2025-11-03 00:00:00,30.0,0.0
FAC_00043,G255630GV2Q         ,GF ,組   ,240.0,2025-11-19 00:00:00,1.0,0.0
FAC_00066,TYPER9005T1E        ,GF ,組   ,200.0,2025-12-23 00:00:00,1.0,0.0
FAC_00038,ID200K52U           ,GF ,組   ,3400.0,2020-12-08 00:00:00,1.0,0.0
FAC_00038,60A1VN              ,GF ,各   ,150.0,2020-12-08 00:00:00,10.0,0.0
FAC_00064,GE881J22Q           ,GF ,各   ,80.0,2020-12-09 00:00:00,4.0,0.0
FAC_00064,VC351ENVTF          ,GF ,組   ,410.0,2020-12-09 00:00:00,2.0,0.0
FAC_00064,DH250.9TGGW         ,GF ,組   ,250.0,2020-12-09 00:00:00,2.0,0.0
FAC_00024,J00346              ,GF ,支   ,130.0,2026-03-26 00:00:00,2.0,0.0
FAC_00064,SP5083FY            ,GF ,組   ,65.0,2020-12-09 00:00:00,6.0,0.0
FAC_00064,KYH152QFE           ,GF ,各   ,220.0,2020-12-09 00:00:00,5.0,0.0
FAC_00064,KYH15CR2Q           ,GF ,組   ,480.0,2020-12-09 00:00:00,1.0,0.0
FAC_00064,KYH15T1E            ,GF ,組   ,480.0,2020-12-09 00:00:00,1.0,0.0
FAC_00060,SF3007XF21          ,GF ,各   ,14.0,2020-12-10 00:00:00,5.0,0.0
FAC_00043,PNSTPC007           ,GF ,組   ,90.0,2021-01-12 00:00:00,3.0,0.0
FAC_00025,GARMIN530VTRXF      ,GF ,組   ,2650.0,2021-01-23 00:00:00,1.0,0.0
FAC_00010,TAE001              ,GF ,組   ,850.0,2021-03-03 00:00:00,1.0,0.0
FAC_00064,DH26TGGW            ,GF ,組   ,290.0,2021-03-26 00:00:00,2.0,0.0
FAC_00014,LK1VTRXF            ,GF ,組   ,1000.0,2021-03-30 00:00:00,2.0,0.0
FAC_00043,PNSDS002WVJUZW      ,GF ,組   ,70.0,2021-08-27 00:00:00,2.0,0.0
FAC_00064,WISH5MT5            ,GF ,組   ,1100.0,2021-09-29 00:00:00,1.0,0.0
FAC_00064,JK69FYQD            ,GF ,組   ,180.0,2022-03-02 00:00:00,2.0,0.0
FAC_00060,SF3008UV21          ,GF ,各   ,10.0,2020-12-10 00:00:00,5.0,0.0
FAC_00060,B6002DX.ABH1        ,GF ,各   ,300.0,2020-12-10 00:00:00,3.0,0.0
FAC_00060,MP3NA5CU            ,GF ,各   ,160.0,2020-12-10 00:00:00,4.0,0.0
FAC_00060,REYX2AX             ,GF ,罐   ,185.0,2020-12-10 00:00:00,6.0,0.0
FAC_00060,CWTZVBCR            ,GF ,罐   ,60.0,2020-12-10 00:00:00,6.0,0.0
FAC_00060,C.XXWB              ,GF ,罐   ,50.0,2020-12-10 00:00:00,4.0,0.0
FAC_00060,SF0044              ,GF ,組   ,50.0,2020-12-10 00:00:00,2.0,0.0
FAC_00060,SF0049              ,GF ,組   ,40.0,2020-12-10 00:00:00,1.0,0.0
FAC_00060,SF0038              ,GF ,組   ,40.0,2020-12-10 00:00:00,1.0,0.0
FAC_00060,SF0036              ,GF ,組   ,30.0,2020-12-10 00:00:00,1.0,0.0
FAC_00060,SF0037              ,GF ,組   ,40.0,2020-12-10 00:00:00,2.0,0.0
FAC_00060,SF0024              ,GF ,組   ,40.0,2020-12-10 00:00:00,1.0,0.0
FAC_00014,LD7VTRXF            ,GF ,組   ,1500.0,2023-05-10 00:00:00,2.0,0.0
FAC_00043,PNSHDF23            ,GF ,組   ,180.0,2024-03-19 00:00:00,2.0,0.0
FAC_00066,RSENC1XWU           ,GF ,罐   ,95.0,2025-02-26 00:00:00,3.0,0.0
FAC_00060,SF0050              ,GF ,組   ,40.0,2025-03-05 00:00:00,2.0,0.0
FAC_00066,3MGAR8*33           ,GF ,捲   ,450.0,2025-09-05 00:00:00,1.0,0.0
FAC_00035,ABQ0029XW           ,GF ,各   ,2000.0,2020-12-12 00:00:00,4.0,0.0
FAC_00053,07ALTISNQFMT        ,GF ,組   ,600.0,2020-12-12 00:00:00,1.0,0.0
FAC_00045,1997RVNAA2          ,GF ,組   ,300.0,2020-12-15 00:00:00,1.0,0.0
FAC_00035,05AYW3XW            ,GF ,各   ,2200.0,2020-12-16 00:00:00,2.0,0.0
FAC_00066,CHY889N             ,GF ,組   ,250.0,2020-12-17 00:00:00,2.0,0.0
FAC_00043,PNSE015             ,GF ,組   ,100.0,2026-03-12 00:00:00,1.0,0.0
FAC_00053,V2V1JFMT            ,GF ,組   ,350.0,2020-12-18 00:00:00,2.0,0.0
FAC_00060,V2008CGR            ,GF ,各   ,110.0,2020-12-18 00:00:00,10.0,0.0
FAC_00060,UADMGR              ,GF ,罐   ,60.0,2020-12-18 00:00:00,6.0,0.0
FAC_00060,9080GAR             ,GF ,張   ,30.0,2021-02-08 00:00:00,3.0,0.0
FAC_00031,MP35CG              ,GF ,組   ,480.0,2021-05-26 00:00:00,10.0,0.0
FAC_00066,A7MVEY2             ,GF ,各   ,400.0,2021-08-26 00:00:00,2.0,0.0
FAC_00060,SF4005WAVQ          ,GF ,組   ,15.0,2022-11-02 00:00:00,10.0,0.0
FAC_00024,J00355CMG           ,GF ,支   ,130.0,2020-12-26 00:00:00,1.0,0.0
FAC_00066,5011GUSB            ,GF ,組   ,180.0,2020-12-26 00:00:00,2.0,0.0
FAC_00066,1802GRR             ,GF ,組   ,130.0,2020-12-26 00:00:00,1.0,0.0
FAC_00066,112PDQC3.0          ,GF ,組   ,180.0,2020-12-26 00:00:00,3.0,0.0
FAC_00066,RSENCCQ2W           ,GF ,支   ,280.0,2020-12-26 00:00:00,1.0,0.0
FAC_00053,14CITYNQFMT         ,GF ,組   ,1000.0,2020-12-23 00:00:00,1.0,0.0
FAC_00023,TPMSWSWU5HF         ,GF ,組   ,1400.0,2020-10-23 00:00:00,1.0,0.0
FAC_00023,CXAZVQAWMA          ,GF ,各   ,410.0,2020-12-26 00:00:00,1.0,0.0
FAC_00035,0390XW              ,GF ,各   ,2250.0,2020-12-24 00:00:00,2.0,0.0
FAC_00045,SWIFEDFV            ,GF ,各   ,150.0,2020-12-24 00:00:00,1.0,0.0
FAC_00045,SWIFEXFXJ           ,GF ,各   ,200.0,2020-12-24 00:00:00,1.0,0.0
FAC_00027,CROSSQPS01T2R       ,GF ,各   ,3360.0,2020-12-26 00:00:00,1.0,0.0
FAC_00045,HRADFV              ,GF ,各   ,250.0,2020-12-29 00:00:00,1.0,0.0
FAC_00053,01-08ALTISNQFMT     ,GF ,組   ,600.0,2023-05-17 00:00:00,1.0,0.0
FAC_00066,A10BV2              ,GF ,各   ,450.0,2023-08-07 00:00:00,2.0,0.0
FAC_00066,RSENUE14H           ,GF ,支   ,70.0,2024-12-03 00:00:00,10.0,0.0
FAC_00066,CARGTUV             ,GF ,罐   ,90.0,2025-02-26 00:00:00,6.0,0.0
FAC_00060,VBDUMN              ,GF ,罐   ,300.0,2025-03-05 00:00:00,3.0,0.0
FAC_00060,UADVTR              ,GF ,罐   ,60.0,2025-03-05 00:00:00,3.0,0.0
FAC_00066,RSEND24300K         ,GF ,各   ,250.0,2025-11-03 00:00:00,1.0,0.0
FAC_00066,F501TAZQW           ,GF ,捲   ,140.0,2026-01-15 00:00:00,3.0,0.0
FAC_00045,HRVTUV              ,GF ,各   ,50.0,2020-12-29 00:00:00,1.0,0.0
FAC_00066,A6ZVBV2             ,GF ,各   ,400.0,2020-12-28 00:00:00,2.0,0.0
FAC_00054,1276THDF            ,GF ,次   ,20000.0,2020-12-30 00:00:00,1.0,0.0
FAC_00053,20182XD5MW2         ,GF ,組   ,350.0,2020-12-31 00:00:00,1.0,0.0
FAC_00047,CLA250055R          ,GF ,組   ,23000.0,2021-01-05 00:00:00,1.0,0.0
FAC_00066,RSEND46000K         ,GF ,各   ,500.0,2026-04-01 00:00:00,2.0,0.0
FAC_00060,VBDXEX              ,GF ,罐   ,65.0,2026-04-02 00:00:00,12.0,0.0
FAC_00060,PS252F25U           ,GF ,組   ,90.0,2026-04-02 00:00:00,6.0,0.0
FAC_00033,TBD1251NVJV         ,GF ,次   ,23000.0,2021-01-05 00:00:00,1.0,0.0
FAC_00053,14U6NQFMT           ,GF ,組   ,600.0,2021-01-05 00:00:00,1.0,0.0
FAC_00015,CBGCGR              ,GF ,各   ,350.0,2021-01-05 00:00:00,1.0,0.0
FAC_00015,2XD2-               ,GF ,各   ,50.0,2021-01-07 00:00:00,1.0,0.0
FAC_00015,2XDC2S1RC           ,GF ,各   ,250.0,2021-01-07 00:00:00,1.0,0.0
FAC_00026,180GNQUW            ,GF ,組   ,2900.0,2021-01-08 00:00:00,1.0,0.0
FAC_00066,TA2XGW              ,GF ,組   ,80.0,2021-02-06 00:00:00,2.0,0.0
FAC_00066,593GUSBY            ,GF ,組   ,140.0,2021-03-26 00:00:00,3.0,0.0
FAC_00047,SONYA1105R          ,GF ,組   ,2000.0,2022-01-07 00:00:00,1.0,0.0
FAC_00066,RSENH73000K2Q       ,GF ,各   ,200.0,2022-02-26 00:00:00,2.0,0.0
FAC_00045,NXUR                ,GF ,各   ,50.0,2022-03-23 00:00:00,2.0,0.0
FAC_00064,ABROTA1CQX          ,GF ,罐   ,130.0,2021-01-07 00:00:00,5.0,0.0
FAC_00064,AEGV2Q3157          ,GF ,各   ,55.0,2021-01-07 00:00:00,3.0,0.0
FAC_00064,XE2MGR500           ,GF ,罐   ,42.0,2021-01-07 00:00:00,6.0,0.0
FAC_00064,GN008UVWV           ,GF ,各   ,75.0,2021-01-07 00:00:00,2.0,0.0
FAC_00064,ZVQ2Q               ,GF ,組   ,890.0,2021-01-07 00:00:00,1.0,0.0
FAC_00064,ZVQSW2310           ,GF ,支   ,890.0,2021-01-07 00:00:00,1.0,0.0
FAC_00064,ZVQUEC              ,GF ,支   ,100.0,2021-01-07 00:00:00,1.0,0.0
FAC_00064,GN1382UWYT          ,GF ,組   ,43.0,2021-01-07 00:00:00,1.0,0.0
FAC_00064,S18EVXF1VNY         ,GF ,組   ,22.0,2021-01-07 00:00:00,1.0,0.0
FAC_00064,S16A2T1VNY          ,GF ,組   ,22.0,2021-01-07 00:00:00,1.0,0.0
FAC_00064,S16TG1VNY           ,GF ,組   ,22.0,2021-01-07 00:00:00,1.0,0.0
FAC_00064,H7EA2T2TY           ,GF ,組   ,100.0,2021-01-07 00:00:00,1.0,0.0
FAC_00066,RSENH118000K        ,GF ,各   ,150.0,2024-04-09 00:00:00,2.0,0.0
FAC_00064,XE2MGG250CC         ,GF ,罐   ,28.0,2024-08-08 00:00:00,3.0,0.0
FAC_00066,RSENT104014242      ,GF ,組   ,160.0,2024-08-15 00:00:00,6.0,0.0
FAC_00038,ID5*7X1             ,GF ,組   ,900.0,2025-03-13 00:00:00,3.0,0.0
FAC_00066,RSENH112TY          ,GF ,組   ,90.0,2025-09-05 00:00:00,2.0,0.0
FAC_00023,CXAZVQAWC           ,GF ,各   ,330.0,2026-01-20 00:00:00,2.0,0.0
FAC_00066,TURBOH1LED          ,GF ,組   ,1200.0,2026-01-29 00:00:00,1.0,0.0
FAC_00066,RSENH113000K2Q      ,GF ,各   ,200.0,2026-02-09 00:00:00,1.0,0.0
FAC_00064,H722WHTY            ,GF ,組   ,75.0,2021-01-07 00:00:00,1.0,0.0
FAC_00064,H422WH2RY           ,GF ,組   ,100.0,2021-01-07 00:00:00,1.0,0.0
FAC_00064,H422WHY             ,GF ,組   ,75.0,2021-01-07 00:00:00,1.0,0.0
FAC_00053,16U6NQFMT           ,GF ,組   ,600.0,2021-01-04 00:00:00,1.0,0.0
FAC_00045,ELANTRDFV           ,GF ,各   ,250.0,2021-01-09 00:00:00,2.0,0.0
FAC_00043,PNSPB01             ,GF ,各   ,128.0,2021-01-12 00:00:00,2.0,0.0
FAC_00026,R25FQUW             ,GF ,組   ,1950.0,2021-01-14 00:00:00,1.0,0.0
FAC_00043,CARAY2T2Y           ,GF ,組   ,160.0,2021-01-15 00:00:00,1.0,0.0
FAC_00043,CARMXT2Y            ,GF ,組   ,160.0,2021-01-15 00:00:00,1.0,0.0
FAC_00043,CARNXT2Y            ,GF ,組   ,160.0,2021-01-15 00:00:00,1.0,0.0
FAC_00043,CARZWT2Y            ,GF ,組   ,160.0,2021-01-15 00:00:00,1.0,0.0
FAC_00018,V81GUVTRXFF         ,GF ,組   ,1100.0,2021-02-07 00:00:00,1.0,0.0
FAC_00064,J2WV18CM            ,GF ,支   ,190.0,2022-01-28 00:00:00,2.0,0.0
FAC_00045,ZXDDFV              ,GF ,各   ,120.0,2022-03-23 00:00:00,2.0,0.0
FAC_00043,PNSP002             ,GF ,組   ,126.0,2022-07-05 00:00:00,3.0,0.0
FAC_00064,RTZGT5              ,GF ,組   ,530.0,2022-10-26 00:00:00,1.0,0.0
FAC_00043,PNSHD97             ,GF ,組   ,120.0,2021-01-15 00:00:00,2.0,0.0
FAC_00010,TAA086              ,GF ,組   ,120.0,2021-01-15 00:00:00,8.0,0.0
FAC_00036,ID1.52B             ,GF ,各   ,1200.0,2021-01-14 00:00:00,2.0,0.0
FAC_00036,CAR1012J25R         ,GF ,組   ,600.0,2021-01-14 00:00:00,5.0,0.0
FAC_00045,XVDFV               ,GF ,各   ,150.0,2021-01-18 00:00:00,1.0,0.0
FAC_00053,2021EAX2.5FMT       ,GF ,組   ,1000.0,2021-01-25 00:00:00,1.0,0.0
FAC_00040,CITYTA1E2           ,GF ,組   ,210.0,2021-01-27 00:00:00,1.0,0.0
FAC_00040,12VATA1E2           ,GF ,組   ,210.0,2021-01-27 00:00:00,1.0,0.0
FAC_00040,12EAXTA1E2          ,GF ,組   ,210.0,2021-01-27 00:00:00,1.0,0.0
FAC_00040,HY815XEW5           ,GF ,組   ,290.0,2021-01-27 00:00:00,2.0,0.0
FAC_00015,98RSCGEF            ,GF ,組   ,450.0,2021-01-28 00:00:00,1.0,0.0
FAC_00045,ESCAPE2.3DFV        ,GF ,各   ,200.0,2021-01-29 00:00:00,2.0,0.0
FAC_00064,YC019DA5RR          ,GF ,組   ,155.0,2023-10-26 00:00:00,1.0,0.0
FAC_00066,T202V2Q             ,GF ,各   ,20.0,2024-12-03 00:00:00,20.0,0.0
FAC_00064,S27TY213AS1VN       ,GF ,組   ,95.0,2025-03-06 00:00:00,2.0,0.0
FAC_00064,S53-1TG1VNY         ,GF ,組   ,50.0,2025-03-06 00:00:00,2.0,0.0
FAC_00036,ERQ80D232Q          ,GF ,各   ,2700.0,2025-05-12 00:00:00,1.0,0.0
FAC_00064,S27C-1TG1VNY        ,GF ,組   ,95.0,2025-06-19 00:00:00,15.0,0.0
FAC_00064,S27CTYZ1VNY         ,GF ,組   ,58.0,2025-06-19 00:00:00,15.0,0.0
FAC_00043,PNSS24TY            ,GF ,組   ,140.0,2025-08-12 00:00:00,2.0,0.0
FAC_00066,A12XGW1CM           ,GF ,捲   ,180.0,2021-02-06 00:00:00,2.0,0.0
FAC_00010,ABTE035             ,GF ,組   ,900.0,2021-03-03 00:00:00,1.0,0.0
FAC_00047,10HJV5R             ,GF ,組   ,10000.0,2021-03-09 00:00:00,1.0,0.0
FAC_00040,AH62CCZVQ           ,GF ,條   ,360.0,2021-07-01 00:00:00,4.0,0.0
FAC_00037,ZWU12               ,GF ,組   ,96.0,2022-01-20 00:00:00,6.0,0.0
FAC_00037,FT1CWJE             ,GF ,組   ,113.0,2022-01-20 00:00:00,3.0,0.0
FAC_00043,AFL-S120-FC         ,GF ,組   ,520.0,2022-09-02 00:00:00,1.0,0.0
FAC_00032,3DZGY2              ,GF ,組   ,1300.0,2023-02-07 00:00:00,2.0,0.0
FAC_00025,GARMIN55GD2C        ,GF ,組   ,6500.0,2023-02-21 00:00:00,1.0,0.0
FAC_00066,RSENH72HY           ,GF ,組   ,50.0,2023-02-26 00:00:00,2.0,0.0
FAC_00015,06AY23CXE           ,GF ,各   ,600.0,2021-03-13 00:00:00,2.0,0.0
FAC_00015,06AYW3C2Y           ,GF ,各   ,150.0,2021-03-13 00:00:00,1.0,0.0
FAC_00053,ZNTOURAN1E2         ,GF ,組   ,300.0,2021-03-17 00:00:00,1.0,0.0
FAC_00053,1GGLCTA1E2          ,GF ,組   ,300.0,2021-03-17 00:00:00,1.0,0.0
FAC_00010,ABTE059             ,GF ,組   ,1000.0,2021-03-18 00:00:00,1.0,0.0
FAC_00010,ABTA069-1           ,GF ,組   ,650.0,2021-03-18 00:00:00,1.0,0.0
FAC_00010,ABTD027             ,GF ,組   ,630.0,2021-03-18 00:00:00,2.0,0.0
FAC_00010,ABTA106             ,GF ,組   ,450.0,2021-03-18 00:00:00,3.0,0.0
FAC_00023,500APRTV            ,GF ,組   ,220.0,2021-03-18 00:00:00,5.0,0.0
FAC_00023,8H2G24V             ,GF ,組   ,310.0,2021-03-18 00:00:00,2.0,0.0
FAC_00023,LED6Q2              ,GF ,組   ,1100.0,2021-03-18 00:00:00,1.0,0.0
FAC_00029,TVR                 ,GF ,各   ,1.0,2021-03-19 00:00:00,100.0,0.0
FAC_00029,GHA024              ,GF ,組   ,80.0,2021-03-19 00:00:00,2.0,0.0
FAC_00066,NOID12R             ,GF ,組   ,100.0,2023-07-15 00:00:00,3.0,0.0
FAC_00006,MISSIONCVT          ,GF ,罐   ,230.0,2023-11-03 00:00:00,48.0,0.0
FAC_00062,OBROFUR             ,GF ,罐   ,150.0,2024-03-01 00:00:00,3.0,0.0
FAC_00040,15ZINGER            ,GF ,組   ,220.0,2024-03-27 00:00:00,1.0,0.0
FAC_00066,302DTV              ,GF ,組   ,140.0,2024-05-29 00:00:00,1.0,0.0
FAC_00023,K81JVT2F            ,GF ,組   ,350.0,2024-05-30 00:00:00,1.0,0.0
FAC_00036,ERQ56220            ,GF ,各   ,2600.0,2025-04-17 00:00:00,1.0,0.0
FAC_00040,06EAXTA1E2          ,GF ,組   ,220.0,2025-11-28 00:00:00,1.0,0.0
FAC_00066,FAGEUW1.4           ,GF ,捲   ,180.0,2025-12-23 00:00:00,3.0,0.0
FAC_00024,ZEROVRMG20          ,GF ,支   ,350.0,2026-01-29 00:00:00,1.0,0.0
FAC_00024,YH1682XEN           ,GF ,組   ,2500.0,2026-02-12 00:00:00,1.0,0.0
FAC_00029,GHA195              ,GF ,組   ,450.0,2021-03-19 00:00:00,2.0,0.0
FAC_00029,GHA308              ,GF ,組   ,120.0,2021-03-19 00:00:00,4.0,0.0
FAC_00029,FUVE                ,GF ,各   ,60.0,2021-03-19 00:00:00,10.0,0.0
FAC_00029,2MR120A             ,GF ,組   ,65.0,2021-03-19 00:00:00,4.0,0.0
FAC_00015,LEXUSQ2WQ           ,GF ,組   ,1000.0,2021-03-19 00:00:00,1.0,0.0
FAC_00066,BW260CM             ,GF ,條   ,80.0,2026-03-12 00:00:00,2.0,0.0
FAC_00043,PNSE014             ,GF ,組   ,100.0,2026-03-12 00:00:00,1.0,0.0
FAC_00066,LY6025MR            ,GF ,組   ,22.0,2021-03-26 00:00:00,3.0,0.0
FAC_00066,XP572ZRV            ,GF ,組   ,280.0,2021-03-26 00:00:00,2.0,0.0
FAC_00066,LY903               ,GF ,組   ,25.0,2021-07-26 00:00:00,3.0,0.0
FAC_00066,LY601               ,GF ,組   ,18.0,2021-11-26 00:00:00,6.0,0.0
FAC_00010,ABT060              ,GF ,組   ,1350.0,2021-12-07 00:00:00,1.0,0.0
FAC_00043,PNSHG01             ,GF ,組   ,25.0,2021-12-29 00:00:00,210.0,0.0
FAC_00053,12WISHNQFMT         ,GF ,組   ,600.0,2021-02-03 00:00:00,1.0,0.0
FAC_00044,LZFR6AICVN          ,GF ,各   ,350.0,2021-02-08 00:00:00,4.0,0.0
FAC_00044,CVNRWFV             ,GF ,次   ,1000.0,2021-02-08 00:00:00,1.0,0.0
FAC_00044,ZINGER2C2Y          ,GF ,各   ,850.0,2021-02-08 00:00:00,1.0,0.0
FAC_00044,CVNH5EY             ,GF ,次   ,500.0,2021-02-08 00:00:00,1.0,0.0
FAC_00045,ZINGERXXQ           ,GF ,組   ,700.0,2021-02-08 00:00:00,1.0,0.0
FAC_00060,VBD6HF2CA           ,GF ,各   ,110.0,2021-02-08 00:00:00,5.0,0.0
FAC_00060,5H2XR5Q             ,GF ,各   ,100.0,2021-02-08 00:00:00,3.0,0.0
FAC_00060,6BCA                ,GF ,包   ,30.0,2021-02-08 00:00:00,10.0,0.0
FAC_00060,3M2CM               ,GF ,捲   ,75.0,2021-02-08 00:00:00,10.0,0.0
FAC_00043,PNSS28C02           ,GF ,組   ,200.0,2021-03-09 00:00:00,1.0,0.0
FAC_00043,PNSS29C02           ,GF ,組   ,200.0,2021-03-09 00:00:00,1.0,0.0
FAC_00043,PNSH4LED18W         ,GF ,各   ,200.0,2021-03-09 00:00:00,2.0,0.0
FAC_00043,PNSH6LED18W         ,GF ,各   ,180.0,2021-03-09 00:00:00,2.0,0.0
FAC_00066,W2XEUA              ,GF ,各   ,300.0,2023-10-26 00:00:00,3.0,0.0
FAC_00066,RSENGR36COB         ,GF ,組   ,100.0,2024-04-09 00:00:00,3.0,0.0
FAC_00066,RSENGVR             ,GF ,罐   ,80.0,2024-08-08 00:00:00,6.0,0.0
FAC_00043,DAYL60BV2           ,GF ,組   ,520.0,2025-02-25 00:00:00,2.0,0.0
FAC_00010,ABTE069             ,GF ,組   ,850.0,2025-03-06 00:00:00,1.0,0.0
FAC_00066,RSENGR16R           ,GF ,組   ,80.0,2025-05-05 00:00:00,3.0,0.0
FAC_00066,RSENGR31MM          ,GF ,卡   ,100.0,2025-05-05 00:00:00,1.0,0.0
FAC_00066,NOID6SND            ,GF ,組   ,60.0,2025-05-05 00:00:00,2.0,0.0
FAC_00043,PNSE016             ,GF ,組   ,70.0,2025-12-09 00:00:00,2.0,0.0
FAC_00045,ESCAPEXXQ           ,GF ,組   ,700.0,2021-03-23 00:00:00,1.0,0.0
FAC_00043,PNSHDF19            ,GF ,組   ,160.0,2021-07-26 00:00:00,2.0,0.0
FAC_00003,VIOS5MTX            ,GF ,組   ,2030.0,2021-09-24 00:00:00,1.0,0.0
FAC_00018,V81VTRXF            ,GF ,組   ,1200.0,2021-11-03 00:00:00,7.0,0.0
FAC_00066,RSENT20352RA2V      ,GF ,組   ,280.0,2022-03-29 00:00:00,1.0,0.0
FAC_00043,PNSE012             ,GF ,組   ,70.0,2026-03-12 00:00:00,1.0,0.0
FAC_00043,PNSE011             ,GF ,組   ,70.0,2026-03-12 00:00:00,1.0,0.0
FAC_00053,01XGFMT             ,GF ,組   ,600.0,2022-04-22 00:00:00,1.0,0.0
FAC_00060,3MR1CM              ,GF ,卷   ,55.0,2022-04-26 00:00:00,6.0,0.0
FAC_00060,VBD1UFRR            ,GF ,罐   ,60.0,2022-04-26 00:00:00,3.0,0.0
FAC_00066,W15ZX5R             ,GF ,組   ,5000.0,2022-11-26 00:00:00,1.0,0.0
FAC_00014,LD9CRW              ,GF ,組   ,800.0,2023-01-17 00:00:00,1.0,0.0
FAC_00038,CAR1012J25R         ,GF ,組   ,600.0,2021-01-14 00:00:00,5.0,0.0
FAC_00064,LHR201              ,GF ,組   ,450.0,2021-03-26 00:00:00,1.0,0.0
FAC_00064,LY520CGR            ,GF ,組   ,110.0,2021-03-26 00:00:00,3.0,0.0
FAC_00064,PE53GV1W            ,GF ,組   ,30.0,2021-03-26 00:00:00,6.0,0.0
FAC_00064,KY229               ,GF ,組   ,280.0,2021-03-26 00:00:00,3.0,0.0
FAC_00064,LW0972              ,GF ,yj3 ,150.0,2021-03-26 00:00:00,2.0,0.0
FAC_00064,LHR701              ,GF ,組   ,320.0,2021-03-26 00:00:00,1.0,0.0
FAC_00064,R1N                 ,GF ,組   ,225.0,2021-03-26 00:00:00,2.0,0.0
FAC_00045,08ALTISDFV          ,GF ,各   ,100.0,2021-03-30 00:00:00,2.0,0.0
FAC_00045,08ALTISXFXJ         ,GF ,各   ,150.0,2021-03-30 00:00:00,3.0,0.0
FAC_00035,BCF1616XWT5         ,GF ,次   ,1000.0,2021-03-31 00:00:00,1.0,0.0
FAC_00035,2J                  ,GF ,次   ,400.0,2021-03-31 00:00:00,1.0,0.0
FAC_00047,CARDIU69525R        ,GF ,組   ,4000.0,2023-03-30 00:00:00,1.0,0.0
FAC_00038,ID1.52B             ,GF ,各   ,900.0,2023-05-01 00:00:00,2.0,0.0
FAC_00066,T09GRR              ,GF ,組   ,120.0,2023-07-15 00:00:00,2.0,0.0
FAC_00066,NOID36GS2           ,GF ,組   ,280.0,2023-12-08 00:00:00,2.0,0.0
FAC_00066,RSENT104RQ          ,GF ,卡   ,80.0,2024-05-29 00:00:00,2.0,0.0
FAC_00043,DAYL60XU2           ,GF ,組   ,520.0,2024-11-25 00:00:00,1.0,0.0
FAC_00054,BCF1616EFDF         ,GF ,組   ,2400.0,2025-04-16 00:00:00,1.0,0.0
FAC_00043,PNSSFIN0010F2D      ,GF ,組   ,50.0,2025-06-13 00:00:00,2.0,0.0
FAC_00064,NO771WVG            ,GF ,各   ,75.0,2025-06-19 00:00:00,3.0,0.0
FAC_00064,ECC9922TBCR         ,GF ,罐   ,80.0,2025-06-19 00:00:00,6.0,0.0
FAC_00066,V18H11LED           ,GF ,組   ,1700.0,2025-10-02 00:00:00,1.0,0.0
FAC_00036,RT7A2Q              ,GF ,各   ,650.0,2025-10-22 00:00:00,2.0,0.0
FAC_00066,TYPERH1CR2Q         ,GF ,組   ,200.0,2026-01-15 00:00:00,1.0,0.0
FAC_00023,LED3HWG2            ,GF ,組   ,300.0,2021-04-13 00:00:00,2.0,0.0
FAC_00023,LEDVUGQ2            ,GF ,組   ,500.0,2021-04-13 00:00:00,2.0,0.0
FAC_00023,LEDQ52              ,GF ,組   ,160.0,2021-04-13 00:00:00,1.0,0.0
FAC_00023,GTUH1               ,GF ,組   ,130.0,2021-04-13 00:00:00,1.0,0.0
FAC_00029,AYW3T20GVY          ,GF ,個   ,150.0,2021-04-14 00:00:00,6.0,0.0
FAC_00036,WF55D23L2Q          ,GF ,各   ,1850.0,2026-04-09 00:00:00,2.0,0.0
FAC_00053,153071E2            ,GF ,組   ,300.0,2021-04-20 00:00:00,1.0,0.0
FAC_00044,ESCAPE2.3DFV        ,GF ,各   ,400.0,2021-04-22 00:00:00,1.0,0.0
FAC_00044,ESCORTGV            ,GF ,組   ,6600.0,2021-04-22 00:00:00,1.0,0.0
FAC_00044,ESCORTXFXJ          ,GF ,組   ,400.0,2021-04-22 00:00:00,1.0,0.0
FAC_00066,HT32BVT1C           ,GF ,罐   ,800.0,2021-04-26 00:00:00,1.0,0.0
FAC_00036,ERQ574H28           ,GF ,組   ,3000.0,2022-07-30 00:00:00,1.0,0.0
FAC_00064,LA823               ,GF ,組   ,140.0,2023-01-04 00:00:00,2.0,0.0
FAC_00019,SUFER2              ,GF ,組   ,290.0,2021-04-28 00:00:00,1.0,0.0
FAC_00019,SURF22              ,GF ,各   ,950.0,2021-04-28 00:00:00,1.0,0.0
FAC_00032,WMVXCRT2R           ,GF ,組   ,2200.0,2021-04-26 00:00:00,1.0,0.0
FAC_00049,YARISF21X           ,GF ,組   ,2500.0,2021-04-28 00:00:00,1.0,0.0
FAC_00049,YARISF2EB5          ,GF ,組   ,2000.0,2021-04-28 00:00:00,1.0,0.0
FAC_00053,GOLTPLUSFMTNQ       ,GF ,組   ,600.0,2021-04-29 00:00:00,1.0,0.0
FAC_00003,05WISHTX            ,GF ,組   ,2430.0,2021-04-30 00:00:00,1.0,0.0
FAC_00052,BCF1616EB5LF        ,GF ,組   ,1000.0,2021-05-05 00:00:00,1.0,0.0
FAC_00037,OB617               ,GF ,組   ,200.0,2021-05-10 00:00:00,2.0,0.0
FAC_00026,RW3FQUW             ,GF ,組   ,1350.0,2021-05-11 00:00:00,1.0,0.0
FAC_00045,14VR1XFXJ           ,GF ,組   ,250.0,2021-05-12 00:00:00,1.0,0.0
FAC_00060,SF-1038             ,GF ,組   ,20.0,2021-05-12 00:00:00,1.0,0.0
FAC_00060,VBDCCTXF            ,GF ,支   ,40.0,2021-05-12 00:00:00,3.0,0.0
FAC_00045,ESCAPEGRRF          ,GF ,組   ,1000.0,2021-05-13 00:00:00,1.0,0.0
FAC_00066,EVEW2               ,GF ,組   ,280.0,2023-05-16 00:00:00,13.0,0.0
FAC_00023,LEDXG2W1.5M         ,GF ,組   ,240.0,2023-07-06 00:00:00,2.0,0.0
FAC_00053,S5RM7FMT            ,GF ,組   ,700.0,2024-01-10 00:00:00,1.0,0.0
FAC_00010,SIENTAZG            ,GF ,組   ,600.0,2024-05-27 00:00:00,1.0,0.0
FAC_00066,V29GRR              ,GF ,組   ,150.0,2024-06-26 00:00:00,1.0,0.0
FAC_00066,V33GRR              ,GF ,組   ,150.0,2024-12-05 00:00:00,1.0,0.0
FAC_00043,PNSHDS01RTGRR       ,GF ,各   ,180.0,2025-07-26 00:00:00,2.0,0.0
FAC_00023,LEDXG2W             ,GF ,組   ,170.0,2025-08-05 00:00:00,1.0,0.0
FAC_00024,ZEROVRMG18          ,GF ,支   ,325.0,2026-01-29 00:00:00,3.0,0.0
FAC_00038,GWA                 ,GF ,各   ,30.0,2021-05-14 00:00:00,10.0,0.0
FAC_00038,GWE                 ,GF ,各   ,30.0,2021-05-14 00:00:00,10.0,0.0
FAC_00045,S5RU5XFXJ           ,GF ,組   ,300.0,2021-05-15 00:00:00,1.0,0.0
FAC_00053,VIOSCVW2            ,GF ,組   ,400.0,2021-05-15 00:00:00,1.0,0.0
FAC_00053,QRV4QFMT            ,GF ,組   ,600.0,2021-05-21 00:00:00,1.0,0.0
FAC_00024,ZEROVRMG24          ,GF ,支   ,415.0,2026-03-26 00:00:00,3.0,0.0
FAC_00026,XXQUW               ,GF ,組   ,1080.0,2021-05-21 00:00:00,1.0,0.0
FAC_00066,A9UU2               ,GF ,各   ,450.0,2021-05-26 00:00:00,2.0,0.0
FAC_00066,204LEDZG            ,GF ,組   ,120.0,2021-05-26 00:00:00,1.0,0.0
FAC_00066,ZV5Q5VW             ,GF ,條   ,180.0,2021-05-26 00:00:00,1.0,0.0
FAC_00053,2000EXX1.81E2       ,GF ,組   ,300.0,2021-05-28 00:00:00,1.0,0.0
FAC_00037,FLS5116G1           ,GF ,組   ,300.0,2021-08-15 00:00:00,4.0,0.0
FAC_00066,F203BFHZG           ,GF ,組   ,150.0,2021-09-13 00:00:00,1.0,0.0
FAC_00038,1E2A                ,GF ,各   ,50.0,2022-01-20 00:00:00,10.0,0.0
FAC_00038,AVV1.0              ,GF ,條   ,60.0,2022-01-20 00:00:00,18.0,0.0
FAC_00045,ALTISXXQ            ,GF ,組   ,600.0,2022-05-25 00:00:00,1.0,0.0
FAC_00045,ALTISCVN            ,GF ,各   ,280.0,2021-05-31 00:00:00,4.0,0.0
FAC_00043,PNSFC01ZAA5         ,GF ,各   ,30.0,2021-06-01 00:00:00,30.0,0.0
FAC_00043,PNSDH001GGW         ,GF ,組   ,70.0,2021-06-01 00:00:00,2.0,0.0
FAC_00044,AXZ73285GQ2         ,GF ,條   ,1250.0,2021-06-01 00:00:00,1.0,0.0
FAC_00044,AXZ5GE2X            ,GF ,各   ,1800.0,2021-06-01 00:00:00,1.0,0.0
FAC_00044,AXZ73285G25X        ,GF ,組   ,2200.0,2021-06-01 00:00:00,1.0,0.0
FAC_00044,AXZ7328QC5Q2        ,GF ,條   ,450.0,2021-06-01 00:00:00,1.0,0.0
FAC_00044,AXZ7328QC25X        ,GF ,各   ,800.0,2021-06-01 00:00:00,1.0,0.0
FAC_00044,AXZ7328EY           ,GF ,各   ,1500.0,2021-06-01 00:00:00,1.0,0.0
FAC_00044,AXZ7328CVN          ,GF ,各   ,200.0,2021-06-01 00:00:00,4.0,0.0
FAC_00044,AXZ7328XFQ2         ,GF ,條   ,350.0,2021-06-01 00:00:00,1.0,0.0
FAC_00044,AXZ7328Z2RQ2        ,GF ,組   ,350.0,2021-06-01 00:00:00,1.0,0.0
FAC_00044,AXZ7328JQ2          ,GF ,條   ,350.0,2021-06-01 00:00:00,1.0,0.0
FAC_00066,TYPER52R            ,GF ,組   ,230.0,2021-06-02 00:00:00,1.0,0.0
FAC_00037,FOCUSLED2Y          ,GF ,各   ,80.0,2021-06-05 00:00:00,4.0,0.0
FAC_00060,VBDC1MGR2000ML      ,GF ,罐   ,95.0,2023-05-02 00:00:00,12.0,0.0
FAC_00037,OB59G1              ,GF ,組   ,189.0,2023-07-10 00:00:00,3.0,0.0
FAC_00062,OBLRUR              ,GF ,罐   ,300.0,2024-03-01 00:00:00,3.0,0.0
FAC_00029,TC1208FY2T2R        ,GF ,組   ,1880.0,2025-06-30 00:00:00,1.0,0.0
FAC_00044,9231-HEXGDFXXF      ,GF ,組   ,3500.0,2021-06-11 00:00:00,1.0,0.0
FAC_00043,PNSUV84GR2          ,GF ,組   ,210.0,2021-06-16 00:00:00,3.0,0.0
FAC_00024,OBT2FHWWVGF         ,GF ,組   ,1000.0,2021-06-26 00:00:00,1.0,0.0
FAC_00015,SANTAFECGR          ,GF ,組   ,600.0,2021-06-22 00:00:00,1.0,0.0
FAC_00023,LEDV2Q72W           ,GF ,組   ,750.0,2021-06-26 00:00:00,1.0,0.0
FAC_00066,RSEN55ZVQW          ,GF ,條   ,250.0,2026-03-12 00:00:00,3.0,0.0
FAC_00060,SF00112QE2D         ,GF ,組   ,25.0,2026-04-02 00:00:00,1.0,0.0
FAC_00066,AL5003TY-CU         ,GF ,組   ,150.0,2021-06-26 00:00:00,3.0,0.0
FAC_00066,WF0096NTD           ,GF ,組   ,70.0,2021-06-26 00:00:00,2.0,0.0
FAC_00066,SA6105UX            ,GF ,組   ,250.0,2021-06-26 00:00:00,3.0,0.0
FAC_00066,WFJA                ,GF ,米   ,143.3,2021-06-26 00:00:00,30.0,0.0
FAC_00066,AL529USBTY          ,GF ,組   ,150.0,2021-06-26 00:00:00,2.0,0.0
FAC_00066,RSENBEMG26H         ,GF ,支   ,100.0,2021-06-26 00:00:00,10.0,0.0
FAC_00066,TYPERH3CR2Q         ,GF ,組   ,170.0,2021-11-08 00:00:00,2.0,0.0
FAC_00039,D2RJV               ,GF ,組   ,500.0,2022-06-14 00:00:00,1.0,0.0
FAC_00066,RSENUE26MG          ,GF ,支   ,100.0,2023-01-18 00:00:00,10.0,0.0
FAC_00060,VWDVV1              ,GF ,組   ,80.0,2021-06-28 00:00:00,5.0,0.0
FAC_00060,VBDTVGAVTGW         ,GF ,組   ,100.0,2021-06-28 00:00:00,2.0,0.0
FAC_00060,UADTVR2TTW          ,GF ,組   ,130.0,2021-06-28 00:00:00,2.0,0.0
FAC_00060,VBDTVGAB1           ,GF ,包   ,80.0,2021-06-28 00:00:00,3.0,0.0
FAC_00063,E00465              ,GF ,張   ,15.0,2021-06-25 00:00:00,6.0,0.0
FAC_00063,F00917              ,GF ,張   ,20.0,2021-06-25 00:00:00,3.0,0.0
FAC_00063,F01062              ,GF ,張   ,20.0,2021-06-25 00:00:00,2.0,0.0
FAC_00063,H00781              ,GF ,張   ,30.0,2021-06-25 00:00:00,3.0,0.0
FAC_00063,H00786              ,GF ,張   ,30.0,2021-06-25 00:00:00,1.0,0.0
FAC_00063,H00789              ,GF ,張   ,30.0,2021-06-25 00:00:00,1.0,0.0
FAC_00063,I00003R             ,GF ,各   ,35.0,2021-06-25 00:00:00,3.0,0.0
FAC_00063,I00004R             ,GF ,各   ,35.0,2021-06-25 00:00:00,3.0,0.0
FAC_00063,F00250              ,GF ,張   ,20.0,2023-03-03 00:00:00,4.0,0.0
FAC_00023,LEDV2Q72WCN         ,GF ,組   ,750.0,2023-07-28 00:00:00,1.0,0.0
FAC_00024,YH268FDS2XEN        ,GF ,組   ,2000.0,2023-12-08 00:00:00,1.0,0.0
FAC_00024,APPWWVGF            ,GF ,組   ,1900.0,2024-01-04 00:00:00,1.0,0.0
FAC_00053,S5RM7TA1E2          ,GF ,組   ,300.0,2024-01-10 00:00:00,1.0,0.0
FAC_00063,F00251              ,GF ,張   ,20.0,2024-03-12 00:00:00,2.0,0.0
FAC_00023,09011LEDXR2         ,GF ,組   ,650.0,2024-03-19 00:00:00,1.0,0.0
FAC_00066,TYPERH11T1E         ,GF ,組   ,200.0,2025-01-21 00:00:00,2.0,0.0
FAC_00063,H00339              ,GF ,張   ,30.0,2025-12-02 00:00:00,2.0,0.0
FAC_00043,IN312835GS2         ,GF ,組   ,180.0,2025-12-29 00:00:00,3.0,0.0
FAC_00063,J00117              ,GF ,各   ,40.0,2021-06-25 00:00:00,3.0,0.0
FAC_00063,J00118              ,GF ,各   ,40.0,2021-06-25 00:00:00,3.0,0.0
FAC_00063,J00259B             ,GF ,張   ,40.0,2021-06-25 00:00:00,1.0,0.0
FAC_00063,J00372B             ,GF ,張   ,40.0,2021-06-25 00:00:00,1.0,0.0
FAC_00063,L00051B             ,GF ,張   ,60.0,2021-06-25 00:00:00,1.0,0.0
FAC_00063,M00250              ,GF ,張   ,80.0,2021-06-25 00:00:00,1.0,0.0
FAC_00063,O00135              ,GF ,組   ,100.0,2021-06-25 00:00:00,2.0,0.0
FAC_00063,O00149              ,GF ,組   ,100.0,2021-06-25 00:00:00,2.0,0.0
FAC_00053,05EAXNQFMT          ,GF ,組   ,600.0,2021-06-25 00:00:00,1.0,0.0
FAC_00064,GN533Q2WW           ,GF ,組   ,48.0,2021-06-26 00:00:00,2.0,0.0
FAC_00063,M00244              ,GF ,張   ,80.0,2021-07-23 00:00:00,8.0,0.0
FAC_00063,H00338              ,GF ,張   ,30.0,2021-10-06 00:00:00,3.0,0.0
FAC_00063,DX0036              ,GF ,組   ,300.0,2021-10-06 00:00:00,2.0,0.0
FAC_00060,PS255R2W            ,GF ,組   ,80.0,2021-10-26 00:00:00,10.0,0.0
FAC_00060,UADFTAADZCQW        ,GF ,組   ,95.0,2022-04-26 00:00:00,3.0,0.0
FAC_00063,R00044              ,GF ,捲   ,200.0,2022-07-29 00:00:00,2.0,0.0
FAC_00064,5MC                 ,GF ,組   ,55.0,2021-06-26 00:00:00,3.0,0.0
FAC_00064,T313HCRCAX          ,GF ,罐   ,300.0,2021-06-26 00:00:00,3.0,0.0
FAC_00064,C5590WABX           ,GF ,罐   ,188.0,2021-06-26 00:00:00,4.0,0.0
FAC_00064,C55GTQFRR           ,GF ,罐   ,80.0,2021-06-26 00:00:00,3.0,0.0
FAC_00064,SP5089Q5XN          ,GF ,組   ,105.0,2021-06-26 00:00:00,2.0,0.0
FAC_00064,NO337XRW            ,GF ,各   ,190.0,2021-06-26 00:00:00,3.0,0.0
FAC_00040,S5RTA1E2            ,GF ,組   ,210.0,2021-07-01 00:00:00,1.0,0.0
FAC_00040,MAVTA1E2            ,GF ,組   ,210.0,2021-07-01 00:00:00,1.0,0.0
FAC_00040,HY886UTW            ,GF ,組   ,145.0,2021-07-01 00:00:00,2.0,0.0
FAC_00040,HY887UTF            ,GF ,組   ,145.0,2021-07-01 00:00:00,2.0,0.0
FAC_00045,BGDFV               ,GF ,組   ,500.0,2021-07-02 00:00:00,1.0,0.0
FAC_00045,BGFTDFV             ,GF ,各   ,150.0,2021-07-02 00:00:00,1.0,0.0
FAC_00045,02EAXDFV            ,GF ,各   ,100.0,2021-07-02 00:00:00,1.0,0.0
FAC_00063,K00428              ,GF ,張   ,50.0,2023-03-03 00:00:00,3.0,0.0
FAC_00040,08RAV4TA1E2         ,GF ,組   ,220.0,2023-08-03 00:00:00,1.0,0.0
FAC_00063,K00295              ,GF ,張   ,50.0,2024-03-12 00:00:00,2.0,0.0
FAC_00040,HY8910FCW           ,GF ,組   ,120.0,2024-03-27 00:00:00,2.0,0.0
FAC_00063,LE06950             ,GF ,張   ,40.0,2025-04-11 00:00:00,2.0,0.0
FAC_00019,AY25C2D             ,GF ,各   ,2150.0,2021-07-05 00:00:00,1.0,0.0
FAC_00059,98UEQUW             ,GF ,組   ,2000.0,2021-07-08 00:00:00,1.0,0.0
FAC_00009,CV                  ,GF ,米   ,6.4,2021-07-12 00:00:00,50.0,0.0
FAC_00009,AVV                 ,GF ,各   ,50.0,2021-07-12 00:00:00,2.0,0.0
FAC_00043,PNSHDF26            ,GF ,組   ,140.0,2021-07-13 00:00:00,2.0,0.0
FAC_00063,M00243              ,GF ,張   ,80.0,2026-03-10 00:00:00,2.0,0.0
FAC_00060,VBDG2A              ,GF ,各   ,130.0,2026-04-02 00:00:00,3.0,0.0
FAC_00010,ABTE023V22M         ,GF ,組   ,2200.0,2021-07-13 00:00:00,1.0,0.0
FAC_00019,06EAXMG1            ,GF ,組   ,900.0,2021-07-14 00:00:00,2.0,0.0
FAC_00019,05TEANACVN          ,GF ,各   ,180.0,2021-07-15 00:00:00,4.0,0.0
FAC_00043,PNSSUNF001XL        ,GF ,組   ,150.0,2021-07-26 00:00:00,2.0,0.0
FAC_00010,ABTE021CB           ,GF ,組   ,2000.0,2021-08-18 00:00:00,2.0,0.0
FAC_00043,PNSSCUP04           ,GF ,組   ,220.0,2021-09-02 00:00:00,1.0,0.0
FAC_00040,20KUGATA1E2         ,GF ,組   ,220.0,2021-09-03 00:00:00,1.0,0.0
FAC_00064,C55AWFTR            ,GF ,組   ,128.0,2021-11-04 00:00:00,5.0,0.0
FAC_00023,P16V8AT2R           ,GF ,組   ,1300.0,2022-01-07 00:00:00,1.0,0.0
FAC_00040,02EAXTA1E2          ,GF ,組   ,220.0,2023-01-16 00:00:00,1.0,0.0
FAC_00043,PNSDBC0251R         ,GF ,組   ,240.0,2023-02-03 00:00:00,1.0,0.0
FAC_00019,05TEANAD-           ,GF ,組   ,1100.0,2021-07-15 00:00:00,1.0,0.0
FAC_00036,BOSCH95D23L         ,GF ,各   ,2800.0,2021-07-17 00:00:00,1.0,0.0
FAC_00043,PNSHDF17            ,GF ,組   ,180.0,2021-07-26 00:00:00,3.0,0.0
FAC_00066,H162Q               ,GF ,各   ,120.0,2021-07-26 00:00:00,10.0,0.0
FAC_00066,BW2                 ,GF ,條   ,90.0,2021-07-26 00:00:00,3.0,0.0
FAC_00029,DH35MG2EF           ,GF ,組   ,90.0,2021-07-26 00:00:00,2.0,0.0
FAC_00029,GHA3442DTY          ,GF ,組   ,50.0,2021-07-26 00:00:00,5.0,0.0
FAC_00029,H16OSRAM2Q          ,GF ,組   ,280.0,2021-07-26 00:00:00,2.0,0.0
FAC_00045,82VADFV             ,GF ,各   ,200.0,2021-07-23 00:00:00,1.0,0.0
FAC_00045,82VAXFXJ            ,GF ,組   ,200.0,2021-07-23 00:00:00,1.0,0.0
FAC_00063,F00440              ,GF ,張   ,20.0,2021-07-23 00:00:00,1.0,0.0
FAC_00063,F00453              ,GF ,張   ,20.0,2021-07-23 00:00:00,2.0,0.0
FAC_00066,HJX030GSR           ,GF ,組   ,120.0,2023-03-27 00:00:00,5.0,0.0
FAC_00043,PNSSUNF001          ,GF ,組   ,150.0,2023-04-07 00:00:00,1.0,0.0
FAC_00064,2UY24.8A            ,GF ,組   ,330.0,2023-06-28 00:00:00,2.0,0.0
FAC_00066,24VGV2Q             ,GF ,組   ,5.0,2024-02-29 00:00:00,30.0,0.0
FAC_00040,AH59ZVQW            ,GF ,條   ,340.0,2024-08-05 00:00:00,2.0,0.0
FAC_00043,PNSSCUP03           ,GF ,組   ,130.0,2024-09-09 00:00:00,2.0,0.0
FAC_00010,ABTE047             ,GF ,組   ,1690.0,2025-03-06 00:00:00,2.0,0.0
FAC_00063,E00729              ,GF ,張   ,15.0,2025-04-11 00:00:00,2.0,0.0
FAC_00063,F00456              ,GF ,張   ,20.0,2021-07-23 00:00:00,2.0,0.0
FAC_00063,F00523              ,GF ,張   ,20.0,2021-07-23 00:00:00,2.0,0.0
FAC_00063,H00342              ,GF ,張   ,30.0,2021-07-23 00:00:00,4.0,0.0
FAC_00063,H00677              ,GF ,張   ,30.0,2021-07-23 00:00:00,2.0,0.0
FAC_00063,F00341B             ,GF ,張   ,20.0,2021-10-06 00:00:00,2.0,0.0
FAC_00066,HJX028XR            ,GF ,組   ,200.0,2021-10-13 00:00:00,3.0,0.0
FAC_00066,TC6683CXDTY         ,GF ,組   ,250.0,2021-12-07 00:00:00,2.0,0.0
FAC_00063,E00648              ,GF ,張   ,15.0,2021-12-24 00:00:00,6.0,0.0
FAC_00029,BHW878BGHY          ,GF ,組   ,360.0,2022-01-27 00:00:00,1.0,0.0
FAC_00043,PNSSUN006-70        ,GF ,組   ,290.0,2022-03-28 00:00:00,2.0,0.0
FAC_00044,05TEANAD-           ,GF ,組   ,1400.0,2022-11-25 00:00:00,1.0,0.0
FAC_00063,H00800              ,GF ,張   ,30.0,2021-07-23 00:00:00,1.0,0.0
FAC_00063,H00844              ,GF ,張   ,30.0,2021-07-23 00:00:00,2.0,0.0
FAC_00063,H00867              ,GF ,張   ,30.0,2021-07-23 00:00:00,2.0,0.0
FAC_00063,H00868              ,GF ,張   ,30.0,2021-07-23 00:00:00,2.0,0.0
FAC_00063,M00111B             ,GF ,張   ,80.0,2021-07-23 00:00:00,1.0,0.0
FAC_00063,M00247              ,GF ,張   ,80.0,2021-07-23 00:00:00,2.0,0.0
FAC_00063,H00347              ,GF ,張   ,30.0,2021-07-23 00:00:00,2.0,0.0
FAC_00063,H00372              ,GF ,張   ,30.0,2021-07-23 00:00:00,2.0,0.0
FAC_00063,H00501              ,GF ,張   ,30.0,2021-07-23 00:00:00,1.0,0.0
FAC_00063,H00689              ,GF ,張   ,30.0,2021-07-23 00:00:00,3.0,0.0
FAC_00053,XXFMT               ,GF ,各   ,350.0,2021-07-27 00:00:00,1.0,0.0
FAC_00024,N1QWZ1TR            ,GF ,罐   ,150.0,2021-07-29 00:00:00,3.0,0.0
FAC_00024,W51EFFVR            ,GF ,罐   ,150.0,2021-07-29 00:00:00,3.0,0.0
FAC_00053,SIENTA1.8FMT        ,GF ,組   ,400.0,2021-07-29 00:00:00,1.0,0.0
FAC_00066,R588DFW5            ,GF ,組   ,250.0,2023-03-09 00:00:00,1.0,0.0
FAC_00063,F00788              ,GF ,張   ,20.0,2025-01-07 00:00:00,4.0,0.0
FAC_00063,E00948              ,GF ,張   ,15.0,2025-04-11 00:00:00,2.0,0.0
FAC_00063,F00539              ,GF ,張   ,20.0,2025-04-11 00:00:00,2.0,0.0
FAC_00029,DP009Z22TWW         ,GF ,組   ,200.0,2026-01-14 00:00:00,3.0,0.0
FAC_00045,V2IX35QGA2          ,GF ,各   ,700.0,2021-07-30 00:00:00,1.0,0.0
FAC_00049,XXF21X              ,GF ,組   ,2200.0,2021-08-03 00:00:00,1.0,0.0
FAC_00004,MISSIONCVT          ,GF ,罐   ,230.0,2021-08-03 00:00:00,48.0,0.0
FAC_00066,TR51027CX1G         ,GF ,組   ,350.0,2021-08-03 00:00:00,2.0,0.0
FAC_00063,H00352              ,GF ,張   ,30.0,2021-10-06 00:00:00,4.0,0.0
FAC_00063,E01020              ,GF ,張   ,15.0,2026-03-10 00:00:00,6.0,0.0
FAC_00063,D00392              ,GF ,張   ,12.0,2026-03-10 00:00:00,6.0,0.0
FAC_00063,E00897              ,GF ,張   ,15.0,2026-03-10 00:00:00,5.0,0.0
FAC_00063,E01099              ,GF ,張   ,15.0,2026-03-10 00:00:00,10.0,0.0
FAC_00066,RSEN90063000K2Q     ,GF ,各   ,200.0,2026-03-12 00:00:00,1.0,0.0
FAC_00066,X1VY                ,GF ,組   ,120.0,2026-03-12 00:00:00,5.0,0.0
FAC_00063,H00799              ,GF ,張   ,30.0,2022-01-11 00:00:00,2.0,0.0
FAC_00063,H00377              ,GF ,張   ,30.0,2022-01-11 00:00:00,1.0,0.0
FAC_00063,H00847              ,GF ,張   ,30.0,2022-07-29 00:00:00,1.0,0.0
FAC_00063,J00386              ,GF ,張   ,40.0,2022-07-29 00:00:00,2.0,0.0
FAC_00053,INNONANQFMT         ,GF ,組   ,700.0,2023-02-07 00:00:00,1.0,0.0
FAC_00006,KYOROKU530RU        ,GF ,罐   ,160.5,2021-08-04 00:00:00,48.0,0.0
FAC_00047,MVHS125             ,GF ,組   ,2000.0,2021-08-05 00:00:00,1.0,0.0
FAC_00026,INNOVAQUW           ,GF ,組   ,1980.0,2021-08-05 00:00:00,1.0,0.0
FAC_00026,ALTIS1UW            ,GF ,組   ,1800.0,2021-08-11 00:00:00,1.0,0.0
FAC_00018,VTRXF2T             ,GF ,各   ,150.0,2021-08-11 00:00:00,2.0,0.0
FAC_00053,CORSSNQFMT          ,GF ,組   ,600.0,2021-08-12 00:00:00,1.0,0.0
FAC_00037,HF007TA1Y           ,GF ,組   ,64.0,2021-08-13 00:00:00,4.0,0.0
FAC_00023,CHY7772FR           ,GF ,組   ,420.0,2021-08-16 00:00:00,1.0,0.0
FAC_00010,ABTA089             ,GF ,組   ,260.0,2021-08-18 00:00:00,3.0,0.0
FAC_00060,VBDH5YVRG           ,GF ,組   ,170.0,2021-08-18 00:00:00,3.0,0.0
FAC_00045,INNONACVN           ,GF ,各   ,350.0,2021-08-24 00:00:00,4.0,0.0
FAC_00066,RSENHIDRAF          ,GF ,各   ,150.0,2021-08-26 00:00:00,1.0,0.0
FAC_00063,H00688              ,GF ,張   ,30.0,2023-03-03 00:00:00,4.0,0.0
FAC_00063,M00128BL            ,GF ,張   ,80.0,2023-03-03 00:00:00,2.0,0.0
FAC_00043,PNSTK3072-12        ,GF ,組   ,80.0,2023-12-05 00:00:00,2.0,0.0
FAC_00060,SF029               ,GF ,組   ,40.0,2023-12-18 00:00:00,3.0,0.0
FAC_00063,K00173              ,GF ,張   ,50.0,2024-03-12 00:00:00,1.0,0.0
FAC_00063,K00372              ,GF ,各   ,50.0,2024-03-12 00:00:00,6.0,0.0
FAC_00063,K00374              ,GF ,張   ,50.0,2024-03-12 00:00:00,3.0,0.0
FAC_00063,H00861              ,GF ,張   ,30.0,2025-01-07 00:00:00,6.0,0.0
FAC_00063,K00133              ,GF ,張   ,50.0,2025-01-07 00:00:00,2.0,0.0
FAC_00063,K00172              ,GF ,張   ,50.0,2025-04-11 00:00:00,2.0,0.0
FAC_00043,PNSSUN11            ,GF ,組   ,95.0,2025-05-16 00:00:00,2.0,0.0
FAC_00066,G18.52Q             ,GF ,各   ,5.0,2025-08-04 00:00:00,10.0,0.0
FAC_00063,J00384              ,GF ,張   ,40.0,2025-12-02 00:00:00,4.0,0.0
FAC_00066,BD0907GQW1          ,GF ,組   ,80.0,2021-08-26 00:00:00,1.0,0.0
FAC_00066,B0905GQQ2W          ,GF ,組   ,80.0,2021-08-26 00:00:00,1.0,0.0
FAC_00044,CLA250DFV           ,GF ,各   ,860.0,2021-08-26 00:00:00,1.0,0.0
FAC_00044,CLA2500UV           ,GF ,各   ,550.0,2021-08-26 00:00:00,1.0,0.0
FAC_00047,8CV3+325R           ,GF ,組   ,9500.0,2021-08-26 00:00:00,1.0,0.0
FAC_00066,T10552              ,GF ,各   ,4.0,2026-03-12 00:00:00,10.0,0.0
FAC_00029,1ARV                ,GF ,包   ,200.0,2021-09-01 00:00:00,1.0,0.0
FAC_00029,J-NABX              ,GF ,罐   ,450.0,2021-09-01 00:00:00,2.0,0.0
FAC_00029,UJGYXCR             ,GF ,各   ,35.0,2021-09-01 00:00:00,15.0,0.0
FAC_00029,UEJFZN              ,GF ,各   ,120.0,2021-09-01 00:00:00,1.0,0.0
FAC_00044,1G5MYQU             ,GF ,罐   ,280.0,2021-12-13 00:00:00,6.0,0.0
FAC_00044,1G5MRU              ,GF ,罐   ,280.0,2021-12-13 00:00:00,6.0,0.0
FAC_00066,ABR                 ,GF ,組   ,35.0,2021-12-26 00:00:00,2.0,0.0
FAC_00040,ROGUETA1E2          ,GF ,組   ,220.0,2021-09-03 00:00:00,1.0,0.0
FAC_00040,19RAV4TA1E2         ,GF ,組   ,220.0,2021-09-03 00:00:00,1.0,0.0
FAC_00040,05SWIFETA1E2        ,GF ,組   ,220.0,2021-09-03 00:00:00,1.0,0.0
FAC_00040,12ELANTRATA1E2      ,GF ,組   ,220.0,2021-09-03 00:00:00,1.0,0.0
FAC_00019,02EAXDFV            ,GF ,各   ,120.0,2021-09-08 00:00:00,1.0,0.0
FAC_00065,CJ5T2800MUJV        ,GF ,次   ,900.0,2021-09-11 00:00:00,1.0,0.0
FAC_00014,A18VJGVTRXF         ,GF ,組   ,3800.0,2021-08-05 00:00:00,1.0,0.0
FAC_00043,PNSE013             ,GF ,組   ,100.0,2021-09-13 00:00:00,1.0,0.0
FAC_00045,IX35XFXJ            ,GF ,各   ,200.0,2021-09-16 00:00:00,1.0,0.0
FAC_00045,ELANTRXFXJ          ,GF ,各   ,250.0,2021-09-16 00:00:00,1.0,0.0
FAC_00044,05TEANAUF2Q         ,GF ,組   ,1350.0,2021-09-24 00:00:00,1.0,0.0
FAC_00044,05TEANAZ2R          ,GF ,組   ,6000.0,2021-09-24 00:00:00,1.0,0.0
FAC_00060,SF0035AD            ,GF ,組   ,40.0,2023-07-25 00:00:00,2.0,0.0
FAC_00043,PNSS17              ,GF ,組   ,280.0,2023-08-28 00:00:00,2.0,0.0
FAC_00066,BOSCHX1             ,GF ,組   ,330.0,2023-12-13 00:00:00,3.0,0.0
FAC_00029,1ERV                ,GF ,各   ,2.0,2023-12-22 00:00:00,200.0,0.0
FAC_00040,10AY23TA1E2         ,GF ,組   ,220.0,2024-03-27 00:00:00,1.0,0.0
FAC_00066,2GE                 ,GF ,組   ,400.0,2024-05-26 00:00:00,3.0,0.0
FAC_00023,RG212V2Q            ,GF ,組   ,750.0,2024-11-23 00:00:00,1.0,0.0
FAC_00023,RG2LED12V           ,GF ,組   ,980.0,2024-11-23 00:00:00,1.0,0.0
FAC_00043,PNSF410BK12         ,GF ,組   ,250.0,2025-05-16 00:00:00,1.0,0.0
FAC_00066,2VCQ2Q              ,GF ,各   ,10.0,2025-12-09 00:00:00,30.0,0.0
FAC_00014,LD9VTRXFUTV         ,GF ,組   ,100.0,2021-09-28 00:00:00,2.0,0.0
FAC_00043,DRG15FCTFA          ,GF ,組   ,600.0,2021-09-28 00:00:00,2.0,0.0
FAC_00043,DRG15FCTFE          ,GF ,組   ,400.0,2021-09-28 00:00:00,1.0,0.0
FAC_00043,YH368FDS2XEN        ,GF ,組   ,1550.0,2021-09-28 00:00:00,2.0,0.0
FAC_00043,YH370FES2XEN        ,GF ,組   ,1750.0,2021-09-28 00:00:00,2.0,0.0
FAC_00043,DRG15FCTFC          ,GF ,組   ,450.0,2021-09-28 00:00:00,3.0,0.0
FAC_00060,VBDSAA1X            ,GF ,罐   ,250.0,2026-04-02 00:00:00,3.0,0.0
FAC_00043,DRG15FCTFF          ,GF ,組   ,400.0,2021-09-28 00:00:00,1.0,0.0
FAC_00014,LD9GPS              ,GF ,組   ,1000.0,2021-09-28 00:00:00,2.0,0.0
FAC_00047,CARDIO8C32TIDA      ,GF ,組   ,9500.0,2021-09-28 00:00:00,1.0,0.0
FAC_00003,14ALTIS5MW2         ,GF ,組   ,300.0,2021-09-29 00:00:00,1.0,0.0
FAC_00003,CORSS5W2            ,GF ,組   ,250.0,2021-09-29 00:00:00,1.0,0.0
FAC_00019,02EAXF2AW           ,GF ,組   ,3100.0,2022-01-05 00:00:00,1.0,0.0
FAC_00038,1A2E                ,GF ,組   ,50.0,2022-01-20 00:00:00,10.0,0.0
FAC_00014,510UD5D             ,GF ,組   ,550.0,2022-06-15 00:00:00,3.0,0.0
FAC_00003,18YARIS5MW2         ,GF ,組   ,300.0,2021-09-29 00:00:00,1.0,0.0
FAC_00003,18KICKS5MW2         ,GF ,組   ,250.0,2021-09-29 00:00:00,1.0,0.0
FAC_00003,LEXUS5MW2           ,GF ,組   ,250.0,2021-09-29 00:00:00,1.0,0.0
FAC_00003,05EAX5MW2           ,GF ,組   ,300.0,2021-09-29 00:00:00,1.0,0.0
FAC_00003,MZ                  ,GF ,次   ,180.0,2021-09-29 00:00:00,1.0,0.0
FAC_00023,H326812VX1          ,GF ,各   ,400.0,2021-09-30 00:00:00,2.0,0.0
FAC_00023,DR0AZVQW3L          ,GF ,條   ,480.0,2021-09-30 00:00:00,2.0,0.0
FAC_00023,DR0AZVQW5L          ,GF ,條   ,480.0,2021-09-30 00:00:00,1.0,0.0
FAC_00023,GT81032GT2          ,GF ,組   ,180.0,2021-09-30 00:00:00,1.0,0.0
FAC_00023,GT-81032B           ,GF ,各   ,180.0,2021-09-30 00:00:00,1.0,0.0
FAC_00023,HS0400              ,GF ,組   ,150.0,2021-09-30 00:00:00,1.0,0.0
FAC_00054,BCF16161RDF         ,GF ,次   ,6000.0,2021-09-30 00:00:00,1.0,0.0
FAC_00029,UJGY                ,GF ,各   ,35.0,2021-09-30 00:00:00,16.0,0.0
FAC_00029,DH1801FXHWA5W       ,GF ,各   ,550.0,2021-09-30 00:00:00,2.0,0.0
FAC_00019,FORTISDFV           ,GF ,各   ,180.0,2024-10-04 00:00:00,2.0,0.0
FAC_00003,08ALTIS5MW2         ,GF ,組   ,300.0,2024-11-20 00:00:00,1.0,0.0
FAC_00066,T20GV2Q             ,GF ,各   ,20.0,2024-12-03 00:00:00,30.0,0.0
FAC_00019,ELANTRDFV           ,GF ,各   ,250.0,2025-01-11 00:00:00,2.0,0.0
FAC_00003,13RAV45MW2          ,GF ,組   ,300.0,2025-02-20 00:00:00,1.0,0.0
FAC_00066,RSENH116000K        ,GF ,各   ,150.0,2025-02-26 00:00:00,1.0,0.0
FAC_00064,S27-54TY214AS1VN    ,GF ,各   ,110.0,2025-03-06 00:00:00,6.0,0.0
FAC_00066,SAXOQUYFRR          ,GF ,罐   ,80.0,2025-06-06 00:00:00,6.0,0.0
FAC_00019,07RWYU5JC           ,GF ,各   ,300.0,2021-10-04 00:00:00,1.0,0.0
FAC_00026,R23.5QUW            ,GF ,組   ,1350.0,2021-10-04 00:00:00,1.0,0.0
FAC_00018,V81VTRXFGPS         ,GF ,各   ,800.0,2021-10-05 00:00:00,1.0,0.0
FAC_00047,15EAX4+32DVD5R      ,GF ,組   ,7000.0,2021-10-05 00:00:00,1.0,0.0
FAC_00063,DX40                ,GF ,張   ,300.0,2021-10-06 00:00:00,1.0,0.0
FAC_00063,DX38                ,GF ,張   ,300.0,2021-10-06 00:00:00,1.0,0.0
FAC_00063,DX41                ,GF ,張   ,300.0,2021-10-06 00:00:00,1.0,0.0
FAC_00010,TAD030              ,GF ,條   ,240.0,2021-10-07 00:00:00,2.0,0.0
FAC_00010,MIO848              ,GF ,組   ,3750.0,2021-12-07 00:00:00,1.0,0.0
FAC_00045,VAUV                ,GF ,各   ,50.0,2022-03-30 00:00:00,2.0,0.0
FAC_00023,DR0AZVQW2L          ,GF ,條   ,420.0,2022-12-01 00:00:00,2.0,0.0
FAC_00064,NO167VG             ,GF ,各   ,55.0,2021-10-12 00:00:00,8.0,0.0
FAC_00064,NO77CVWVG           ,GF ,罐   ,75.0,2021-10-12 00:00:00,4.0,0.0
FAC_00064,JK39                ,GF ,組   ,270.0,2021-10-12 00:00:00,2.0,0.0
FAC_00064,NO95RCVG            ,GF ,各   ,145.0,2021-10-12 00:00:00,6.0,0.0
FAC_00064,3CMZQW              ,GF ,組   ,260.0,2021-10-12 00:00:00,1.0,0.0
FAC_00066,S175R.ER2F          ,GF ,各   ,63.0,2021-10-13 00:00:00,10.0,0.0
FAC_00066,C55QEFRR            ,GF ,罐   ,85.0,2021-10-13 00:00:00,3.0,0.0
FAC_00066,JK39                ,GF ,組   ,270.0,2021-10-13 00:00:00,2.0,0.0
FAC_00064,C55QEFRR            ,GF ,罐   ,85.0,2021-10-12 00:00:00,3.0,0.0
FAC_00064,S175R.ER2F          ,GF ,各   ,63.0,2021-10-12 00:00:00,10.0,0.0
FAC_00029,JK40S27             ,GF ,組   ,90.0,2021-10-14 00:00:00,5.0,0.0
FAC_00019,01-07XGTAXRN        ,GF ,組   ,1300.0,2021-10-14 00:00:00,1.0,0.0
FAC_00066,0882VAMG            ,GF ,組   ,230.0,2021-10-15 00:00:00,1.0,0.0
FAC_00010,TAD029              ,GF ,條   ,160.0,2023-03-03 00:00:00,2.0,0.0
FAC_00063,K00371              ,GF ,張   ,50.0,2024-03-12 00:00:00,6.0,0.0
FAC_00015,ALTISERR            ,GF ,組   ,300.0,2024-07-17 00:00:00,1.0,0.0
FAC_00066,G23.3*150           ,GF ,包   ,50.0,2024-07-26 00:00:00,2.0,0.0
FAC_00066,G23.6*200           ,GF ,包   ,60.0,2024-07-26 00:00:00,2.0,0.0
FAC_00066,G24.8*250           ,GF ,包   ,80.0,2024-07-26 00:00:00,2.0,0.0
FAC_00064,S28WGDE             ,GF ,組   ,48.0,2024-08-28 00:00:00,12.0,0.0
FAC_00010,TAA053              ,GF ,各   ,142.0,2024-10-08 00:00:00,2.0,0.0
FAC_00023,DR0AZVQWL           ,GF ,各   ,350.0,2025-02-12 00:00:00,1.0,0.0
FAC_00023,DR0AZVQWM           ,GF ,各   ,350.0,2025-02-12 00:00:00,2.0,0.0
FAC_00063,K00370              ,GF ,張   ,50.0,2025-04-11 00:00:00,6.0,0.0
FAC_00066,OBT2FHWWVGF         ,GF ,組   ,1000.0,2025-09-05 00:00:00,2.0,0.0
FAC_00026,RMQUW               ,GF ,組   ,1350.0,2021-10-19 00:00:00,1.0,0.0
FAC_00051,PS255R2W            ,GF ,組   ,80.0,2021-10-26 00:00:00,10.0,0.0
FAC_00051,VBDVATX             ,GF ,罐   ,65.0,2021-10-26 00:00:00,12.0,0.0
FAC_00051,VBDQEYB1UR          ,GF ,罐   ,100.0,2021-10-26 00:00:00,3.0,0.0
FAC_00051,VBDQEFRR            ,GF ,罐   ,55.0,2021-10-26 00:00:00,3.0,0.0
FAC_00051,FIFIVG              ,GF ,罐   ,70.0,2021-10-26 00:00:00,8.0,0.0
FAC_00051,PS800LED2           ,GF ,條   ,55.0,2021-10-26 00:00:00,2.0,0.0
FAC_00051,PS801LEDW2          ,GF ,條   ,80.0,2021-10-26 00:00:00,2.0,0.0
FAC_00051,LASTS2DVG           ,GF ,各   ,30.0,2021-10-26 00:00:00,8.0,0.0
FAC_00051,VBDQEYB1UU          ,GF ,組   ,55.0,2021-10-26 00:00:00,3.0,0.0
FAC_00051,VBDAMMGR            ,GF ,罐   ,55.0,2021-10-26 00:00:00,3.0,0.0
FAC_00051,3D1F1               ,GF ,支   ,90.0,2021-10-26 00:00:00,12.0,0.0
FAC_00066,7609QFE             ,GF ,組   ,300.0,2021-10-26 00:00:00,1.0,0.0
FAC_00066,7609-1HWJE          ,GF ,組   ,300.0,2021-10-26 00:00:00,1.0,0.0
FAC_00066,RSENGR6SMD          ,GF ,組   ,90.0,2022-03-29 00:00:00,3.0,0.0
FAC_00066,7616HWJE            ,GF ,組   ,300.0,2022-06-06 00:00:00,1.0,0.0
FAC_00066,ZV5Q3VTRXF          ,GF ,組   ,2500.0,2022-11-24 00:00:00,1.0,0.0
FAC_00053,2013CRVFMTC         ,GF ,組   ,300.0,2021-10-26 00:00:00,1.0,0.0
FAC_00053,2013CRVFMTF         ,GF ,組   ,300.0,2021-10-26 00:00:00,1.0,0.0
FAC_00053,QUZVQW              ,GF ,條   ,100.0,2021-10-26 00:00:00,2.0,0.0
FAC_00003,2015CRVTX           ,GF ,組   ,2050.0,2021-10-28 00:00:00,1.0,0.0
FAC_00066,3013.105V           ,GF ,組   ,140.0,2021-10-28 00:00:00,2.0,0.0
FAC_00019,82VADFV2.0          ,GF ,各   ,180.0,2021-10-29 00:00:00,1.0,0.0
FAC_00019,S5RRUV              ,GF ,各   ,130.0,2021-10-29 00:00:00,1.0,0.0
FAC_00035,3032YXAFXXW         ,GF ,條   ,3500.0,2021-10-29 00:00:00,3.0,0.0
FAC_00019,82VADFV             ,GF ,各   ,130.0,2021-10-30 00:00:00,1.0,0.0
FAC_00019,VAUV                ,GF ,各   ,50.0,2021-10-30 00:00:00,2.0,0.0
FAC_00010,TAA096              ,GF ,條   ,65.0,2023-03-03 00:00:00,1.0,0.0
FAC_00066,RX1VG1              ,GF ,條   ,250.0,2023-04-12 00:00:00,2.0,0.0
FAC_00066,RSENGR2128MM        ,GF ,卡   ,80.0,2023-07-15 00:00:00,2.0,0.0
FAC_00019,S5RDFV              ,GF ,各   ,150.0,2023-07-28 00:00:00,2.0,0.0
FAC_00066,90062Q              ,GF ,各   ,80.0,2024-03-13 00:00:00,10.0,0.0
FAC_00060,VBDQEYB1UU          ,GF ,組   ,120.0,2025-03-05 00:00:00,3.0,0.0
FAC_00066,24V2V2Q             ,GF ,各   ,5.5,2025-05-15 00:00:00,30.0,0.0
FAC_00060,VBDQEFRR            ,GF ,罐   ,55.0,2021-10-26 00:00:00,3.0,0.0
FAC_00060,FIFIVG              ,GF ,罐   ,70.0,2021-10-26 00:00:00,8.0,0.0
FAC_00060,PS800LED2           ,GF ,條   ,55.0,2021-10-26 00:00:00,2.0,0.0
FAC_00060,PS801LEDW2          ,GF ,條   ,80.0,2021-10-26 00:00:00,2.0,0.0
FAC_00003,2015RAV45MTX        ,GF ,組   ,2050.0,2021-10-28 00:00:00,1.0,0.0
FAC_00064,KY359FE             ,GF ,各   ,130.0,2021-11-04 00:00:00,10.0,0.0
FAC_00066,3M12*15             ,GF ,組   ,80.0,2026-03-12 00:00:00,6.0,0.0
FAC_00066,RSEN57ZVQW          ,GF ,組   ,250.0,2026-03-12 00:00:00,3.0,0.0
FAC_00064,T363QEBU            ,GF ,罐   ,260.0,2021-11-04 00:00:00,3.0,0.0
FAC_00024,J00349CMG           ,GF ,支   ,130.0,2021-11-06 00:00:00,1.0,0.0
FAC_00019,FITDFV              ,GF ,各   ,180.0,2022-01-24 00:00:00,2.0,0.0
FAC_00066,V18LEDH122          ,GF ,組   ,1700.0,2022-06-06 00:00:00,1.0,0.0
FAC_00064,4TFR2               ,GF ,各   ,640.0,2022-08-26 00:00:00,3.0,0.0
FAC_00064,NO217VG             ,GF ,各   ,55.0,2023-01-13 00:00:00,4.0,0.0
FAC_00066,KR104LZVQW          ,GF ,條   ,220.0,2021-11-08 00:00:00,1.0,0.0
FAC_00010,NR162ZVQW           ,GF ,組   ,100.0,2021-11-08 00:00:00,10.0,0.0
FAC_00010,ABTE033GTJVT2F      ,GF ,組   ,1350.0,2021-11-08 00:00:00,1.0,0.0
FAC_00010,ABTE061VTF          ,GF ,組   ,450.0,2021-11-08 00:00:00,1.0,0.0
FAC_00019,ZXDCEXRN            ,GF ,組   ,450.0,2021-11-10 00:00:00,1.0,0.0
FAC_00027,OPS01VXR            ,GF ,組   ,3850.0,2021-11-11 00:00:00,1.0,0.0
FAC_00066,RSENBEMG14          ,GF ,支   ,90.0,2021-11-12 00:00:00,5.0,0.0
FAC_00066,RSENBEMG24H         ,GF ,支   ,90.0,2021-11-12 00:00:00,5.0,0.0
FAC_00066,RSENBEMG22          ,GF ,支   ,90.0,2021-11-12 00:00:00,5.0,0.0
FAC_00066,CANBUS02F           ,GF ,各   ,750.0,2021-11-12 00:00:00,2.0,0.0
FAC_00066,RSENUG24HMG         ,GF ,支   ,100.0,2021-11-12 00:00:00,5.0,0.0
FAC_00023,DR0AZVQW            ,GF ,條   ,480.0,2021-11-12 00:00:00,1.0,0.0
FAC_00023,LDO1115GUSB         ,GF ,組   ,120.0,2021-11-12 00:00:00,3.0,0.0
FAC_00064,KLLEDRG2            ,GF ,組   ,480.0,2023-03-03 00:00:00,2.0,0.0
FAC_00064,1MT525              ,GF ,組   ,1200.0,2023-10-26 00:00:00,1.0,0.0
FAC_00014,LD4VTRXF            ,GF ,組   ,1400.0,2024-02-01 00:00:00,2.0,0.0
FAC_00066,307DTV              ,GF ,組   ,180.0,2024-05-29 00:00:00,3.0,0.0
FAC_00066,RSENHID55WUADG      ,GF ,各   ,600.0,2024-12-17 00:00:00,2.0,0.0
FAC_00066,RSENH18000K         ,GF ,各   ,150.0,2025-05-15 00:00:00,1.0,0.0
FAC_00060,LASTS2DVG           ,GF ,各   ,30.0,2025-08-06 00:00:00,18.0,0.0
FAC_00019,ZWUV                ,GF ,各   ,80.0,2025-10-22 00:00:00,2.0,0.0
FAC_00027,UR                  ,GF ,組   ,762.0,2025-11-25 00:00:00,1.0,0.0
FAC_00066,RSEN02F             ,GF ,各   ,400.0,2026-02-09 00:00:00,2.0,0.0
FAC_00019,ZXDCXRN1R           ,GF ,組   ,650.0,2021-11-12 00:00:00,1.0,0.0
FAC_00023,N2G2YX1             ,GF ,組   ,450.0,2021-11-17 00:00:00,1.0,0.0
FAC_00023,62G2YXX             ,GF ,組   ,500.0,2021-11-17 00:00:00,1.0,0.0
FAC_00019,2014ALTISCGR        ,GF ,組   ,1200.0,2021-11-18 00:00:00,1.0,0.0
FAC_00038,GW5RUV              ,GF ,組   ,1800.0,2021-11-18 00:00:00,1.0,0.0
FAC_00064,RTT5M               ,GF ,組   ,530.0,2021-11-19 00:00:00,2.0,0.0
FAC_00064,T5286U112           ,GF ,卡   ,18.0,2021-11-19 00:00:00,3.0,0.0
FAC_00064,KY165LED2Q          ,GF ,卡   ,45.0,2021-11-19 00:00:00,3.0,0.0
FAC_00064,T6.5522Q            ,GF ,卡   ,20.0,2021-11-19 00:00:00,3.0,0.0
FAC_00064,T8U112Q             ,GF ,卡   ,24.0,2021-11-19 00:00:00,3.0,0.0
FAC_00032,REVXTT5             ,GF ,組   ,480.0,2022-04-11 00:00:00,2.0,0.0
FAC_00032,RET5                ,GF ,各   ,350.0,2022-04-11 00:00:00,2.0,0.0
FAC_00031,MP35C1NS13          ,GF ,組   ,580.0,2022-07-08 00:00:00,6.0,0.0
FAC_00066,RSEN4.352           ,GF ,組   ,600.0,2023-01-04 00:00:00,1.0,0.0
FAC_00010,TAD013              ,GF ,組   ,600.0,2023-01-06 00:00:00,1.0,0.0
FAC_00024,DRG15FCTFA          ,GF ,組   ,600.0,2021-09-27 00:00:00,2.0,0.0
FAC_00023,PD1136GMFWV         ,GF ,組   ,130.0,2021-11-25 00:00:00,6.0,0.0
FAC_00053,2009LTISXN          ,GF ,組   ,700.0,2021-12-01 00:00:00,1.0,0.0
FAC_00019,09EAX22L            ,GF ,組   ,3700.0,2021-12-03 00:00:00,1.0,0.0
FAC_00019,09EAX22R            ,GF ,各   ,3700.0,2021-12-03 00:00:00,1.0,0.0
FAC_00011,1995JXGZ1           ,GF ,組   ,2000.0,2021-12-04 00:00:00,1.0,0.0
FAC_00024,J00351              ,GF ,支   ,130.0,2021-12-07 00:00:00,3.0,0.0
FAC_00066,RSEN90123000K       ,GF ,各   ,300.0,2021-12-07 00:00:00,2.0,0.0
FAC_00066,RSEN90128000K       ,GF ,各   ,250.0,2021-12-07 00:00:00,2.0,0.0
FAC_00066,327Q30W             ,GF ,組   ,140.0,2021-12-07 00:00:00,1.0,0.0
FAC_00064,E5NRR               ,GF ,組   ,165.0,2023-03-03 00:00:00,6.0,0.0
FAC_00038,ID3002UMX1          ,GF ,各   ,1300.0,2023-09-21 00:00:00,1.0,0.0
FAC_00024,DRG15FCTFE          ,GF ,組   ,400.0,2023-10-13 00:00:00,1.0,0.0
FAC_00024,DRG15FCTFF          ,GF ,組   ,400.0,2023-10-13 00:00:00,1.0,0.0
FAC_00024,DRG15FCTFC          ,GF ,組   ,400.0,2023-10-13 00:00:00,1.0,0.0
FAC_00066,V18LEDH7            ,GF ,組   ,1700.0,2024-02-29 00:00:00,1.0,0.0
FAC_00037,5SR                 ,GF ,各   ,52.0,2024-03-04 00:00:00,2.0,0.0
FAC_00066,327T65W             ,GF ,組   ,140.0,2024-05-29 00:00:00,2.0,0.0
FAC_00066,UU262               ,GF ,組   ,350.0,2024-06-26 00:00:00,2.0,0.0
FAC_00024,J00345              ,GF ,支   ,130.0,2024-10-05 00:00:00,2.0,0.0
FAC_00066,3MR1CM              ,GF ,卷   ,50.0,2024-11-02 00:00:00,6.0,0.0
FAC_00066,FS81TFE             ,GF ,組   ,40.0,2021-12-07 00:00:00,6.0,0.0
FAC_00066,FCGYXN              ,GF ,組   ,70.0,2021-12-07 00:00:00,4.0,0.0
FAC_00066,E5NRRC              ,GF ,組   ,80.0,2021-12-07 00:00:00,2.0,0.0
FAC_00066,FCGYXWFY            ,GF ,卡   ,70.0,2021-12-07 00:00:00,4.0,0.0
FAC_00066,T5I112              ,GF ,各   ,3.0,2021-12-07 00:00:00,20.0,0.0
FAC_00060,VBDZJTUQ            ,GF ,罐   ,55.0,2021-12-08 00:00:00,5.0,0.0
FAC_00060,SF0012              ,GF ,組   ,50.0,2021-12-08 00:00:00,1.0,0.0
FAC_00060,GA2SFX1             ,GF ,組   ,50.0,2021-12-08 00:00:00,3.0,0.0
FAC_00053,2011RX4505MW2       ,GF ,組   ,350.0,2021-12-10 00:00:00,1.0,0.0
FAC_00019,1GWCLAW117F2DE      ,GF ,組   ,1850.0,2021-12-11 00:00:00,1.0,0.0
FAC_00037,VA011               ,GF ,組   ,180.0,2021-12-27 00:00:00,3.0,0.0
FAC_00066,R589CUXNDFH         ,GF ,組   ,350.0,2022-08-03 00:00:00,1.0,0.0
FAC_00010,ABTE075             ,GF ,組   ,650.0,2022-10-21 00:00:00,2.0,0.0
FAC_00066,RSENMGR1000ML       ,GF ,罐   ,80.0,2022-12-26 00:00:00,3.0,0.0
FAC_00019,ESCAPECE5DN         ,GF ,組   ,550.0,2021-12-16 00:00:00,1.0,0.0
FAC_00053,03VAXXN             ,GF ,組   ,900.0,2021-12-16 00:00:00,1.0,0.0
FAC_00066,TG032FR             ,GF ,各   ,230.0,2021-12-26 00:00:00,2.0,0.0
FAC_00066,L2Q7FTW2            ,GF ,組   ,1100.0,2021-11-09 00:00:00,1.0,0.0
FAC_00045,05XGMGA2            ,GF ,各   ,500.0,2021-12-27 00:00:00,1.0,0.0
FAC_00043,PNSS312018          ,GF ,組   ,450.0,2021-12-29 00:00:00,1.0,0.0
FAC_00043,PNSS312019          ,GF ,組   ,450.0,2021-12-29 00:00:00,1.0,0.0
FAC_00043,PNS003              ,GF ,條   ,190.0,2021-12-29 00:00:00,1.0,0.0
FAC_00043,PNSSW003            ,GF ,條   ,240.0,2021-12-29 00:00:00,1.0,0.0
FAC_00019,10WISHCV2E          ,GF ,支   ,400.0,2022-01-05 00:00:00,2.0,0.0
FAC_00019,COLTPLUSCV2E        ,GF ,支   ,450.0,2022-01-05 00:00:00,2.0,0.0
FAC_00024,YH3702XENVY         ,GF ,組   ,1925.0,2022-01-06 00:00:00,2.0,0.0
FAC_00043,PNS11001            ,GF ,組   ,650.0,2022-01-06 00:00:00,1.0,0.0
FAC_00023,DR0AZVQW3.5L        ,GF ,條   ,480.0,2023-07-26 00:00:00,1.0,0.0
FAC_00040,HY898               ,GF ,組   ,55.0,2023-08-03 00:00:00,2.0,0.0
FAC_00036,RT5A2Q              ,GF ,各   ,600.0,2023-09-26 00:00:00,1.0,0.0
FAC_00060,VBDQEYB1UR          ,GF ,罐   ,120.0,2023-12-18 00:00:00,5.0,0.0
FAC_00066,RSEN1GR             ,GF ,組   ,75.0,2024-08-08 00:00:00,3.0,0.0
FAC_00019,1GCLAW117DFV        ,GF ,各   ,350.0,2024-12-05 00:00:00,1.0,0.0
FAC_00060,SF0016              ,GF ,卡   ,36.0,2025-03-05 00:00:00,2.0,0.0
FAC_00047,1GW2111C5R          ,GF ,組   ,11500.0,2022-01-07 00:00:00,1.0,0.0
FAC_00044,ALTISRFA2QYT        ,GF ,組   ,1200.0,2022-01-11 00:00:00,1.0,0.0
FAC_00063,E00983              ,GF ,張   ,15.0,2022-01-11 00:00:00,4.0,0.0
FAC_00063,F00986              ,GF ,張   ,20.0,2022-01-11 00:00:00,4.0,0.0
FAC_00063,H00658              ,GF ,張   ,30.0,2022-01-11 00:00:00,6.0,0.0
FAC_00063,H00679              ,GF ,張   ,30.0,2022-01-11 00:00:00,4.0,0.0
FAC_00043,J00356ZINGCMG       ,GF ,支   ,130.0,2022-01-11 00:00:00,2.0,0.0
FAC_00066,RSEN66ZVQW          ,GF ,條   ,250.0,2026-03-12 00:00:00,3.0,0.0
FAC_00043,PNSS33              ,GF ,組   ,280.0,2026-03-12 00:00:00,2.0,0.0
FAC_00043,J00350CMG           ,GF ,支   ,130.0,2022-01-11 00:00:00,2.0,0.0
FAC_00043,ZERO14VRMG          ,GF ,支   ,290.0,2022-01-11 00:00:00,2.0,0.0
FAC_00066,TYPERH1T1E          ,GF ,組   ,170.0,2022-03-29 00:00:00,1.0,0.0
FAC_00043,PNSMY780            ,GF ,捲   ,60.0,2022-07-19 00:00:00,3.0,0.0
FAC_00066,2TVUAHDJE           ,GF ,組   ,450.0,2022-09-26 00:00:00,2.0,0.0
FAC_00043,ZEROVRMG26          ,GF ,支   ,415.0,2022-01-11 00:00:00,2.0,0.0
FAC_00045,S3DFV               ,GF ,各   ,300.0,2022-01-12 00:00:00,1.0,0.0
FAC_00045,VR1RUV              ,GF ,各   ,50.0,2022-01-12 00:00:00,2.0,0.0
FAC_00018,V37TDGUVTRXF        ,GF ,組   ,1500.0,2022-01-15 00:00:00,1.0,0.0
FAC_00053,08VIOSCXQFMT        ,GF ,組   ,300.0,2022-01-18 00:00:00,1.0,0.0
FAC_00038,X1V1                ,GF ,組   ,12.0,2022-01-20 00:00:00,20.0,0.0
FAC_00047,18SINTA3+32         ,GF ,組   ,9500.0,2022-01-20 00:00:00,1.0,0.0
FAC_00040,05FCOUSTA1E2        ,GF ,組   ,220.0,2022-01-20 00:00:00,1.0,0.0
FAC_00040,031GW211TA1E2       ,GF ,組   ,350.0,2022-01-20 00:00:00,1.0,0.0
FAC_00066,RSENT105SMD         ,GF ,卡   ,110.0,2022-01-26 00:00:00,3.0,0.0
FAC_00066,RSENGRCANBS10*36    ,GF ,組   ,100.0,2022-01-26 00:00:00,2.0,0.0
FAC_00023,2TXW5R+ZAF          ,GF ,組   ,200.0,2022-01-21 00:00:00,1.0,0.0
FAC_00007,2021ALTISYRQ2N      ,GF ,組   ,2415.0,2022-01-21 00:00:00,1.0,0.0
FAC_00053,VIOSFMT             ,GF ,組   ,300.0,2023-06-14 00:00:00,1.0,0.0
FAC_00043,AFL4PL-VC-C         ,GF ,組   ,430.0,2023-08-15 00:00:00,1.0,0.0
FAC_00066,15FOCUS5MMG         ,GF ,組   ,280.0,2023-10-26 00:00:00,1.0,0.0
FAC_00064,HK902DUX1           ,GF ,組   ,340.0,2024-06-21 00:00:00,4.0,0.0
FAC_00038,ID6*9W5X1           ,GF ,組   ,1300.0,2025-03-13 00:00:00,1.0,0.0
FAC_00021,ZJTUA               ,GF ,罐   ,75.0,2025-10-30 00:00:00,30.0,0.0
FAC_00040,08LIVINATA1E2       ,GF ,組   ,220.0,2025-11-28 00:00:00,1.0,0.0
FAC_00063,LEO695              ,GF ,卷   ,40.0,2025-12-02 00:00:00,3.0,0.0
FAC_00066,3M1UFTR             ,GF ,各   ,160.0,2025-12-03 00:00:00,3.0,0.0
FAC_00066,2TVUAHDVTA          ,GF ,組   ,600.0,2025-12-03 00:00:00,2.0,0.0
FAC_00003,01ALTIS5MW2         ,GF ,組   ,300.0,2022-01-22 00:00:00,1.0,0.0
FAC_00003,ZINGO5MW2           ,GF ,組   ,430.0,2022-01-22 00:00:00,1.0,0.0
FAC_00003,19ALTIS5MW2         ,GF ,組   ,250.0,2022-01-22 00:00:00,1.0,0.0
FAC_00043,AFLS150JV2          ,GF ,組   ,410.0,2022-01-22 00:00:00,1.0,0.0
FAC_00047,FORTIS1C4+645R      ,GF ,組   ,10500.0,2022-01-26 00:00:00,1.0,0.0
FAC_00026,82VAQUW             ,GF ,組   ,2700.0,2022-01-24 00:00:00,1.0,0.0
FAC_00035,ESCAPE2.3XW         ,GF ,各   ,2900.0,2022-01-24 00:00:00,2.0,0.0
FAC_00063,UJGYXCR             ,GF ,各   ,35.0,2026-03-10 00:00:00,11.0,0.0
FAC_00003,15WISHTX            ,GF ,組   ,2800.0,2022-01-25 00:00:00,1.0,0.0
FAC_00023,JPMSWJWU5HF         ,GF ,組   ,900.0,2022-01-27 00:00:00,1.0,0.0
FAC_00053,BMWX3NQFMT          ,GF ,組   ,1300.0,2022-01-27 00:00:00,1.0,0.0
FAC_00018,V15XCRVTRXF         ,GF ,組   ,1500.0,2022-03-15 00:00:00,1.0,0.0
FAC_00038,ID4HX1              ,GF ,組   ,500.0,2022-06-01 00:00:00,3.0,0.0
FAC_00053,21VR11804QFM        ,GF ,組   ,600.0,2022-01-27 00:00:00,1.0,0.0
FAC_00064,C55SBXDF            ,GF ,罐   ,145.0,2022-01-28 00:00:00,2.0,0.0
FAC_00045,ALTISRUVE           ,GF ,組   ,900.0,2022-02-07 00:00:00,1.0,0.0
FAC_00024,ZEROVRMG21H         ,GF ,支   ,325.0,2022-02-09 00:00:00,1.0,0.0
FAC_00053,FORTISTA1E2         ,GF ,組   ,300.0,2022-02-14 00:00:00,1.0,0.0
FAC_00066,GVE0.9              ,GF ,各   ,110.0,2022-02-26 00:00:00,1.0,0.0
FAC_00066,3MR2CM*33           ,GF ,捲   ,750.0,2022-02-26 00:00:00,1.0,0.0
FAC_00066,TC6682USB           ,GF ,組   ,250.0,2022-02-26 00:00:00,2.0,0.0
FAC_00066,08A2-5MMG           ,GF ,組   ,230.0,2022-02-26 00:00:00,2.0,0.0
FAC_00066,RTV6000AP           ,GF ,組   ,380.0,2022-02-26 00:00:00,1.0,0.0
FAC_00045,JXU1                ,GF ,各   ,250.0,2022-02-23 00:00:00,1.0,0.0
FAC_00045,82VADFV2.0          ,GF ,各   ,200.0,2022-02-23 00:00:00,2.0,0.0
FAC_00015,GLA180CMG           ,GF ,支   ,450.0,2022-02-24 00:00:00,1.0,0.0
FAC_00024,VA051014HCMG        ,GF ,支   ,225.0,2023-03-14 00:00:00,1.0,0.0
FAC_00037,FTCGRZEQ            ,GF ,組   ,117.0,2023-07-30 00:00:00,3.0,0.0
FAC_00037,FTA11CW             ,GF ,組   ,150.0,2023-07-30 00:00:00,2.0,0.0
FAC_00024,U00070              ,GF ,各   ,250.0,2023-10-13 00:00:00,2.0,0.0
FAC_00047,055MVTRXF           ,GF ,組   ,3000.0,2024-10-05 00:00:00,2.0,0.0
FAC_00024,U00075              ,GF ,組   ,400.0,2025-03-27 00:00:00,1.0,0.0
FAC_00064,LY9862HC            ,GF ,組   ,280.0,2025-05-12 00:00:00,1.0,0.0
FAC_00019,08ALTISXFXJ         ,GF ,各   ,120.0,2025-07-24 00:00:00,1.0,0.0
FAC_00040,VIOSTA1E2           ,GF ,組   ,220.0,2025-08-01 00:00:00,1.0,0.0
FAC_00019,ALTISDFV            ,GF ,各   ,120.0,2025-12-16 00:00:00,1.0,0.0
FAC_00023,16322T              ,GF ,各   ,45.0,2026-01-05 00:00:00,20.0,0.0
FAC_00024,VA151513HCMG        ,GF ,支   ,225.0,2022-02-26 00:00:00,1.0,0.0
FAC_00024,VA661215HCMG        ,GF ,支   ,225.0,2022-02-26 00:00:00,1.0,0.0
FAC_00024,VA7879CMG11H        ,GF ,支   ,225.0,2022-02-26 00:00:00,1.0,0.0
FAC_00019,TIDAXFXJ            ,GF ,各   ,200.0,2022-03-01 00:00:00,2.0,0.0
FAC_00019,180XFXJ             ,GF ,各   ,200.0,2022-03-01 00:00:00,1.0,0.0
FAC_00064,8852T2R             ,GF ,組   ,900.0,2022-03-02 00:00:00,1.0,0.0
FAC_00064,KY228MUX1           ,GF ,組   ,630.0,2022-03-02 00:00:00,1.0,0.0
FAC_00064,SR5215J2            ,GF ,組   ,150.0,2022-03-02 00:00:00,2.0,0.0
FAC_00064,MC092R              ,GF ,組   ,70.0,2022-03-02 00:00:00,2.0,0.0
FAC_00064,KA23325J2           ,GF ,組   ,145.0,2022-03-02 00:00:00,2.0,0.0
FAC_00047,10ALTISA1D          ,GF ,組   ,1000.0,2022-09-21 00:00:00,1.0,0.0
FAC_00024,VA880112HMG         ,GF ,支   ,225.0,2022-11-08 00:00:00,1.0,0.0
FAC_00043,PNSCP280P           ,GF ,組   ,310.0,2022-11-29 00:00:00,2.0,0.0
FAC_00019,CLA250DFV           ,GF ,各   ,350.0,2022-03-07 00:00:00,1.0,0.0
FAC_00019,04WISHXXQ           ,GF ,組   ,1100.0,2022-03-07 00:00:00,1.0,0.0
FAC_00066,TYPERH4T1E          ,GF ,組   ,170.0,2022-03-07 00:00:00,2.0,0.0
FAC_00066,RSENH1WHW           ,GF ,組   ,50.0,2022-03-07 00:00:00,2.0,0.0
FAC_00010,TAB00112HGUVTRXF    ,GF ,組   ,6500.0,2022-03-10 00:00:00,1.0,0.0
FAC_00023,RTV2500CC           ,GF ,組   ,220.0,2022-03-10 00:00:00,3.0,0.0
FAC_00023,2TX23UJX            ,GF ,組   ,480.0,2022-03-10 00:00:00,1.0,0.0
FAC_00044,09FORTISYFABSVCV    ,GF ,組   ,2000.0,2022-03-10 00:00:00,1.0,0.0
FAC_00019,08ALTISTAVQ         ,GF ,條   ,750.0,2022-03-14 00:00:00,1.0,0.0
FAC_00019,08ALTISVUXN         ,GF ,各   ,350.0,2022-03-15 00:00:00,1.0,0.0
FAC_00053,Y2EUW2              ,GF ,組   ,1000.0,2022-03-19 00:00:00,1.0,0.0
FAC_00035,2818-PN195-60-15XW  ,GF ,各   ,2150.0,2022-03-23 00:00:00,4.0,0.0
FAC_00066,RSENVRWCMR          ,GF ,罐   ,70.0,2023-06-05 00:00:00,3.0,0.0
FAC_00043,PNSSUN001           ,GF ,組   ,160.0,2023-08-15 00:00:00,1.0,0.0
FAC_00023,PD-1066300W1UF      ,GF ,組   ,1500.0,2023-12-06 00:00:00,1.0,0.0
FAC_00043,PNSDBC03            ,GF ,組   ,250.0,2024-02-27 00:00:00,1.0,0.0
FAC_00023,PD1066500W1UF       ,GF ,組   ,1500.0,2025-02-12 00:00:00,1.0,0.0
FAC_00064,12FVRU5XR           ,GF ,罐   ,120.0,2025-03-06 00:00:00,4.0,0.0
FAC_00043,PNSS23TY            ,GF ,組   ,150.0,2025-06-13 00:00:00,3.0,0.0
FAC_00019,SPAGEGEARFMT        ,GF ,組   ,450.0,2025-07-29 00:00:00,1.0,0.0
FAC_00043,PNSTAIR001          ,GF ,組   ,450.0,2025-11-14 00:00:00,1.0,0.0
FAC_00036,RT2Q7B              ,GF ,各   ,750.0,2025-12-02 00:00:00,1.0,0.0
FAC_00066,RSEN22CMXER         ,GF ,罐   ,70.0,2026-02-09 00:00:00,2.0,0.0
FAC_00019,XGRUV               ,GF ,各   ,60.0,2022-03-23 00:00:00,1.0,0.0
FAC_00014,P70GUVTRXF          ,GF ,組   ,3500.0,2022-03-26 00:00:00,1.0,0.0
FAC_00043,PNSHDF24            ,GF ,組   ,120.0,2022-03-28 00:00:00,2.0,0.0
FAC_00043,PNSS212UF           ,GF ,組   ,160.0,2022-03-04 00:00:00,2.0,0.0
FAC_00060,VBDEFFVE            ,GF ,各   ,55.0,2022-03-29 00:00:00,3.0,0.0
FAC_00060,POSEN18H            ,GF ,組   ,60.0,2022-03-29 00:00:00,10.0,0.0
FAC_00060,TYLEDUCE            ,GF ,組   ,80.0,2022-03-29 00:00:00,2.0,0.0
FAC_00019,08ALTIS5UTZDG1L     ,GF ,各   ,300.0,2022-03-31 00:00:00,1.0,0.0
FAC_00019,08ALTIS5G1R         ,GF ,各   ,300.0,2022-03-31 00:00:00,1.0,0.0
FAC_00047,10ALTIS8C4+64       ,GF ,組   ,10800.0,2022-04-01 00:00:00,1.0,0.0
FAC_00019,STAREX22E5T         ,GF ,各   ,400.0,2022-04-02 00:00:00,1.0,0.0
FAC_00035,2P5986XW            ,GF ,各   ,2400.0,2022-04-02 00:00:00,4.0,0.0
FAC_00051,LE-7512EY           ,GF ,次   ,1500.0,2022-04-02 00:00:00,1.0,0.0
FAC_00051,NGKBKR5E            ,GF ,各   ,100.0,2022-04-02 00:00:00,4.0,0.0
FAC_00051,LE-7512CVN          ,GF ,各   ,100.0,2022-04-02 00:00:00,4.0,0.0
FAC_00019,BGC2D               ,GF ,各   ,350.0,2022-04-06 00:00:00,1.0,0.0
FAC_00044,13ALTISD-           ,GF ,各   ,1250.0,2022-04-13 00:00:00,4.0,0.0
FAC_00047,CORSS05103+32       ,GF ,組   ,9000.0,2022-04-15 00:00:00,1.0,0.0
FAC_00019,CORSSSG1D           ,GF ,個   ,200.0,2022-04-16 00:00:00,1.0,0.0
FAC_00060,VBDTFVTFJSW         ,GF ,組   ,130.0,2023-07-25 00:00:00,3.0,0.0
FAC_00044,LE-7512XCFQY        ,GF ,組   ,2800.0,2023-08-12 00:00:00,1.0,0.0
FAC_00044,LE-7512GX5T         ,GF ,組   ,850.0,2023-08-12 00:00:00,1.0,0.0
FAC_00044,LE-75125V5T         ,GF ,組   ,200.0,2023-08-12 00:00:00,1.0,0.0
FAC_00044,LE-7512XCFEY        ,GF ,次   ,1200.0,2023-08-12 00:00:00,1.0,0.0
FAC_00044,LE-7512XCFU         ,GF ,次   ,850.0,2023-08-12 00:00:00,1.0,0.0
FAC_00019,ZXD1WRJ1G           ,GF ,組   ,250.0,2023-08-14 00:00:00,1.0,0.0
FAC_00029,TC6683NDTY          ,GF ,組   ,120.0,2023-08-31 00:00:00,3.0,0.0
FAC_00014,LD7GVVTRXF          ,GF ,組   ,2000.0,2024-05-27 00:00:00,1.0,0.0
FAC_00019,FORTISXFXJ          ,GF ,各   ,200.0,2024-10-04 00:00:00,1.0,0.0
FAC_00043,PNSTPC006           ,GF ,組   ,90.0,2025-03-10 00:00:00,2.0,0.0
FAC_00019,XFXJALTIS           ,GF ,各   ,120.0,2025-07-24 00:00:00,1.0,0.0
FAC_00019,CLA2500UV           ,GF ,各   ,300.0,2025-07-24 00:00:00,1.0,0.0
FAC_00023,2TX2NU              ,GF ,組   ,580.0,2025-08-05 00:00:00,1.0,0.0
FAC_00066,SAXOC35W30FHU       ,GF ,罐   ,220.0,2025-11-22 00:00:00,12.0,0.0
FAC_00064,929TX               ,GF ,罐   ,58.0,2022-04-26 00:00:00,24.0,0.0
FAC_00064,X5NY2               ,GF ,各   ,170.0,2022-04-26 00:00:00,6.0,0.0
FAC_00041,CORSSSG1D           ,GF ,個   ,80.0,2022-04-18 00:00:00,2.0,0.0
FAC_00045,02EAXXXQ            ,GF ,各   ,650.0,2022-04-19 00:00:00,1.0,0.0
FAC_00010,TAD022WUWJGJVGF     ,GF ,組   ,180.0,2022-04-19 00:00:00,13.0,0.0
FAC_00060,VBDVATX200G         ,GF ,組   ,38.0,2022-04-26 00:00:00,12.0,0.0
FAC_00060,UATTW               ,GF ,支   ,110.0,2022-04-26 00:00:00,2.0,0.0
FAC_00060,UADWVJZVQW          ,GF ,組   ,230.0,2022-04-26 00:00:00,3.0,0.0
FAC_00043,PNSHDF21            ,GF ,組   ,90.0,2026-03-12 00:00:00,2.0,0.0
FAC_00060,VBD22TBCR           ,GF ,罐   ,100.0,2022-04-26 00:00:00,3.0,0.0
FAC_00066,RSENT20S69ZDG2V1    ,GF ,組   ,450.0,2022-04-26 00:00:00,1.0,0.0
FAC_00051,BGD-                ,GF ,各   ,750.0,2022-05-21 00:00:00,1.0,0.0
FAC_00023,RTV6000AP           ,GF ,組   ,450.0,2022-10-31 00:00:00,3.0,0.0
FAC_00060,VBDQEE5CX           ,GF ,罐   ,150.0,2022-11-02 00:00:00,3.0,0.0
FAC_00019,02XGXFXJ            ,GF ,各   ,250.0,2022-12-22 00:00:00,1.0,0.0
FAC_00040,BMW7VXTA1E2         ,GF ,組   ,210.0,2022-07-06 00:00:00,1.0,0.0
FAC_00040,13KUGATA1E2         ,GF ,組   ,210.0,2022-07-06 00:00:00,1.0,0.0
FAC_00064,1MXCNZY2            ,GF ,各   ,145.0,2022-07-06 00:00:00,2.0,0.0
FAC_00031,MP3XURGF            ,GF ,組   ,780.0,2022-07-08 00:00:00,1.0,0.0
FAC_00023,XW21                ,GF ,各   ,800.0,2022-07-08 00:00:00,2.0,0.0
FAC_00032,3D3132ZGY2          ,GF ,組   ,1300.0,2022-07-13 00:00:00,2.0,0.0
FAC_00019,RW22DE              ,GF ,組   ,950.0,2022-07-18 00:00:00,1.0,0.0
FAC_00019,14HXE               ,GF ,組   ,500.0,2022-07-19 00:00:00,1.0,0.0
FAC_00064,20162T              ,GF ,各   ,27.0,2022-07-26 00:00:00,5.0,0.0
FAC_00064,20322T              ,GF ,各   ,27.0,2023-03-03 00:00:00,10.0,0.0
FAC_00060,SD2505TMU1GD        ,GF ,組   ,50.0,2023-07-25 00:00:00,3.0,0.0
FAC_00037,FTZQWZEQ            ,GF ,組   ,182.0,2023-07-30 00:00:00,3.0,0.0
FAC_00023,RTV38QZ             ,GF ,組   ,750.0,2024-01-08 00:00:00,4.0,0.0
FAC_00038,CAR5205R            ,GF ,組   ,550.0,2024-07-16 00:00:00,6.0,0.0
FAC_00040,MZ                  ,GF ,次   ,130.0,2024-10-09 00:00:00,1.0,0.0
FAC_00064,S52211ASRG1VN       ,GF ,各   ,55.0,2025-03-06 00:00:00,5.0,0.0
FAC_00064,ABROUF1EUR          ,GF ,罐   ,150.0,2025-06-19 00:00:00,12.0,0.0
FAC_00064,NO16375TGGD         ,GF ,組   ,150.0,2025-06-19 00:00:00,3.0,0.0
FAC_00064,G204GVR             ,GF ,罐   ,180.0,2025-06-19 00:00:00,3.0,0.0
FAC_00040,06TIDATA1E2         ,GF ,組   ,220.0,2025-11-28 00:00:00,1.0,0.0
FAC_00006,CHEERS1540RU        ,GF ,罐   ,104.2,2026-01-09 00:00:00,24.0,0.0
FAC_00064,3MWAGAR             ,GF ,捲   ,130.0,2022-07-26 00:00:00,3.0,0.0
FAC_00023,5DGUD               ,GF ,組   ,450.0,2022-07-27 00:00:00,1.0,0.0
FAC_00023,2TXW5R              ,GF ,各   ,200.0,2022-07-27 00:00:00,1.0,0.0
FAC_00019,05WISHCGRR          ,GF ,組   ,1300.0,2022-07-28 00:00:00,1.0,0.0
FAC_00063,H00848              ,GF ,張   ,30.0,2022-07-29 00:00:00,1.0,0.0
FAC_00063,H00842              ,GF ,張   ,30.0,2022-07-29 00:00:00,2.0,0.0
FAC_00064,SP3601UXR           ,GF ,組   ,105.0,2022-10-06 00:00:00,2.0,0.0
FAC_00053,05WISHNQFMT         ,GF ,組   ,600.0,2022-12-27 00:00:00,1.0,0.0
FAC_00060,VBDVATX-2           ,GF ,罐   ,65.0,2026-04-02 00:00:00,10.0,0.0
FAC_00063,J00385              ,GF ,張   ,40.0,2022-07-29 00:00:00,2.0,0.0
FAC_00063,O00201              ,GF ,各   ,100.0,2022-07-29 00:00:00,1.0,0.0
FAC_00063,O00202              ,GF ,張   ,100.0,2022-07-29 00:00:00,1.0,0.0
FAC_00063,O00203              ,GF ,張   ,100.0,2022-07-29 00:00:00,1.0,0.0
FAC_00063,O00204              ,GF ,張   ,100.0,2022-07-29 00:00:00,1.0,0.0
FAC_00044,TEANA2.0XQ          ,GF ,次   ,1199.0,2022-07-29 00:00:00,1.0,0.0
FAC_00015,GLA180MG            ,GF ,組   ,1200.0,2022-07-30 00:00:00,1.0,0.0
FAC_00043,PNSSB27C            ,GF ,各   ,70.0,2022-08-02 00:00:00,6.0,0.0
FAC_00063,J00336              ,GF ,張   ,40.0,2022-08-16 00:00:00,4.0,0.0
FAC_00063,K00138              ,GF ,張   ,50.0,2022-08-16 00:00:00,6.0,0.0
FAC_00063,K00864              ,GF ,張   ,30.0,2022-08-16 00:00:00,2.0,0.0
FAC_00044,3313-T9Z2RQ2        ,GF ,組   ,1200.0,2022-08-16 00:00:00,1.0,0.0
FAC_00063,H00330              ,GF ,張   ,30.0,2023-03-03 00:00:00,2.0,0.0
FAC_00063,K00219              ,GF ,張   ,50.0,2023-03-03 00:00:00,6.0,0.0
FAC_00044,XA                  ,GF ,kg  ,1200.0,2023-03-23 00:00:00,1.0,0.0
FAC_00066,DAY2F               ,GF ,各   ,700.0,2023-04-12 00:00:00,2.0,0.0
FAC_00063,F00708R             ,GF ,張   ,20.0,2023-06-28 00:00:00,1.0,0.0
FAC_00063,F00922              ,GF ,張   ,20.0,2024-03-12 00:00:00,2.0,0.0
FAC_00064,YC016DAGGTW         ,GF ,組   ,55.0,2024-04-11 00:00:00,4.0,0.0
FAC_00064,YC017DAQ2WW         ,GF ,組   ,55.0,2024-04-11 00:00:00,4.0,0.0
FAC_00066,3M2CM               ,GF ,捲   ,90.0,2024-06-26 00:00:00,3.0,0.0
FAC_00064,CY909QWW            ,GF ,各   ,35.0,2024-10-10 00:00:00,1.0,0.0
FAC_00064,YC013DAEGA5C        ,GF ,組   ,70.0,2025-05-12 00:00:00,3.0,0.0
FAC_00043,PNSSUN14            ,GF ,組   ,110.0,2025-07-17 00:00:00,6.0,0.0
FAC_00027,ZINGERT2R           ,GF ,組   ,3667.0,2025-11-25 00:00:00,1.0,0.0
FAC_00063,G00146              ,GF ,張   ,25.0,2025-12-02 00:00:00,3.0,0.0
FAC_00047,CARDIO8C3+32        ,GF ,組   ,8000.0,2022-08-17 00:00:00,1.0,0.0
FAC_00023,NUVTRXFFRW          ,GF ,各   ,600.0,2022-08-17 00:00:00,1.0,0.0
FAC_00026,UXZ6.2TQUW          ,GF ,組   ,1400.0,2022-08-17 00:00:00,1.0,0.0
FAC_00047,7085YX055R          ,GF ,組   ,8000.0,2022-08-17 00:00:00,1.0,0.0
FAC_00066,CHY1688             ,GF ,組   ,450.0,2022-08-26 00:00:00,2.0,0.0
FAC_00064,TVCVNERY            ,GF ,組   ,65.0,2022-08-26 00:00:00,2.0,0.0
FAC_00035,7231HEXW            ,GF ,條   ,2500.0,2022-08-24 00:00:00,4.0,0.0
FAC_00053,XVTA1E2             ,GF ,組   ,300.0,2022-08-27 00:00:00,1.0,0.0
FAC_00063,F00315B             ,GF ,張   ,20.0,2026-03-10 00:00:00,5.0,0.0
FAC_00063,K00281              ,GF ,張   ,50.0,2026-03-10 00:00:00,2.0,0.0
FAC_00047,C2Q                 ,GF ,組   ,150.0,2022-08-31 00:00:00,3.0,0.0
FAC_00029,LEDGEF              ,GF ,組   ,190.0,2022-09-01 00:00:00,4.0,0.0
FAC_00014,LD9SGUVTRXF         ,GF ,組   ,3980.0,2022-09-01 00:00:00,1.0,0.0
FAC_00051,2T                  ,GF ,次   ,1200.0,2022-04-02 00:00:00,1.0,0.0
FAC_00022,MIOC316VTRXF        ,GF ,組   ,1796.0,2022-12-26 00:00:00,2.0,0.0
FAC_00040,12EAXTA1E2DZ        ,GF ,組   ,350.0,2022-09-12 00:00:00,1.0,0.0
FAC_00043,PNSSUN15L           ,GF ,組   ,530.0,2022-09-12 00:00:00,1.0,0.0
FAC_00047,NXSAVRAN            ,GF ,組   ,1000.0,2022-09-14 00:00:00,1.0,0.0
FAC_00044,14TIDAEZR           ,GF ,組   ,2600.0,2022-09-16 00:00:00,1.0,0.0
FAC_00019,VR1DFV              ,GF ,各   ,100.0,2022-09-16 00:00:00,1.0,0.0
FAC_00019,ZINGERCGRE          ,GF ,各   ,450.0,2022-09-16 00:00:00,1.0,0.0
FAC_00044,ASQ-8068            ,GF ,條   ,1750.0,2022-09-21 00:00:00,1.0,0.0
FAC_00066,R689NUCU            ,GF ,各   ,450.0,2022-09-26 00:00:00,2.0,0.0
FAC_00066,FTTAR5Q             ,GF ,組   ,80.0,2022-09-26 00:00:00,3.0,0.0
FAC_00001,FS580+GUVTRXF       ,GF ,組   ,5000.0,2022-09-23 00:00:00,2.0,0.0
FAC_00001,ACC2XV              ,GF ,組   ,950.0,2022-09-23 00:00:00,2.0,0.0
FAC_00043,PNSHDF31            ,GF ,組   ,130.0,2023-03-07 00:00:00,2.0,0.0
FAC_00037,FTZEW5              ,GF ,張   ,182.0,2023-07-30 00:00:00,2.0,0.0
FAC_00066,VYRXFVQ             ,GF ,各   ,120.0,2023-10-26 00:00:00,2.0,0.0
FAC_00047,COLTPOLS2+32055R    ,GF ,組   ,7500.0,2024-03-27 00:00:00,1.0,0.0
FAC_00066,RSEND23000K         ,GF ,各   ,250.0,2025-02-26 00:00:00,2.0,0.0
FAC_00066,RSENA1FTU11A5W      ,GF ,組   ,120.0,2025-02-26 00:00:00,2.0,0.0
FAC_00066,GVXJ                ,GF ,組   ,240.0,2025-03-14 00:00:00,2.0,0.0
FAC_00066,RSENH16000K2Q       ,GF ,組   ,150.0,2025-06-06 00:00:00,1.0,0.0
FAC_00043,PNSSUN15XL          ,GF ,組   ,530.0,2025-06-13 00:00:00,1.0,0.0
FAC_00064,TXWEYY              ,GF ,組   ,180.0,2025-06-19 00:00:00,4.0,0.0
FAC_00064,CVNERY4P            ,GF ,組   ,170.0,2025-06-19 00:00:00,2.0,0.0
FAC_00066,JC005GMFWV          ,GF ,組   ,180.0,2025-12-03 00:00:00,2.0,0.0
FAC_00001,GARMIN530VTRXF      ,GF ,組   ,2690.0,2022-09-23 00:00:00,2.0,0.0
FAC_00043,18EAXCGRY2GG        ,GF ,組   ,650.0,2022-09-27 00:00:00,1.0,0.0
FAC_00022,MIO65R              ,GF ,各   ,385.0,2022-09-29 00:00:00,1.0,0.0
FAC_00023,Z1GUVTRXF           ,GF ,組   ,2900.0,2022-09-30 00:00:00,1.0,0.0
FAC_00053,18EAXCGRY2EUCGR     ,GF ,組   ,1200.0,2022-09-28 00:00:00,1.0,0.0
FAC_00047,08ALTIS1C2+32055R   ,GF ,組   ,7500.0,2022-10-05 00:00:00,1.0,0.0
FAC_00019,QXA-22CG4L          ,GF ,組   ,1050.0,2022-10-11 00:00:00,1.0,0.0
FAC_00029,SR347WVJT2F         ,GF ,組   ,510.0,2022-10-13 00:00:00,1.0,0.0
FAC_00029,SR-348TY            ,GF ,組   ,510.0,2022-10-13 00:00:00,1.0,0.0
FAC_00029,SR346WFJ2DUSB       ,GF ,組   ,470.0,2022-10-13 00:00:00,2.0,0.0
FAC_00066,ZV5HNFX1JV          ,GF ,次   ,500.0,2022-09-23 00:00:00,1.0,0.0
FAC_00040,INNONATA1E2         ,GF ,組   ,220.0,2022-11-26 00:00:00,1.0,0.0
FAC_00065,TK56002MV           ,GF ,條   ,100.0,2022-04-27 00:00:00,1.0,0.0
FAC_00065,TK56005R            ,GF ,組   ,1200.0,2022-04-27 00:00:00,1.0,0.0
FAC_00065,TK5600CTZVTEF       ,GF ,各   ,600.0,2022-04-27 00:00:00,2.0,0.0
FAC_00019,LE7512Z2RR2F        ,GF ,各   ,900.0,2022-05-03 00:00:00,1.0,0.0
FAC_00019,09EAXCGR            ,GF ,組   ,1100.0,2022-05-10 00:00:00,1.0,0.0
FAC_00019,09EAXCGRR           ,GF ,組   ,1100.0,2022-05-10 00:00:00,1.0,0.0
FAC_00066,RSENS25692DG2VVR    ,GF ,組   ,450.0,2022-04-26 00:00:00,1.0,0.0
FAC_00019,NXUR                ,GF ,各   ,45.0,2022-05-12 00:00:00,10.0,0.0
FAC_00054,09EAXCGRDF          ,GF ,組   ,200.0,2022-05-13 00:00:00,2.0,0.0
FAC_00045,ALTISGGE            ,GF ,組   ,500.0,2022-05-13 00:00:00,1.0,0.0
FAC_00029,LN01Q5XN4B          ,GF ,組   ,105.0,2022-05-18 00:00:00,8.0,0.0
FAC_00029,P16X5XN             ,GF ,卡   ,66.0,2022-05-18 00:00:00,4.0,0.0
FAC_00051,BGV2V               ,GF ,組   ,650.0,2022-05-21 00:00:00,1.0,0.0
FAC_00051,BGZ2Q               ,GF ,各   ,350.0,2022-05-21 00:00:00,1.0,0.0
FAC_00051,BGEY                ,GF ,次   ,1500.0,2022-05-21 00:00:00,1.0,0.0
FAC_00023,P1010HVTRXF         ,GF ,組   ,3300.0,2023-03-26 00:00:00,1.0,0.0
FAC_00064,S83PDE              ,GF ,各   ,8.0,2023-03-29 00:00:00,3.0,0.0
FAC_00023,X2VTRXF             ,GF ,組   ,1200.0,2023-05-09 00:00:00,2.0,0.0
FAC_00043,PNSHDF30            ,GF ,組   ,130.0,2024-09-09 00:00:00,2.0,0.0
FAC_00064,LY328GSR            ,GF ,各   ,45.0,2025-03-06 00:00:00,2.0,0.0
FAC_00040,10WISHTA1E2         ,GF ,組   ,220.0,2025-08-01 00:00:00,2.0,0.0
FAC_00066,RSENT2069DGCQ       ,GF ,組   ,450.0,2025-09-05 00:00:00,1.0,0.0
FAC_00023,32G                 ,GF ,各   ,250.0,2026-01-20 00:00:00,10.0,0.0
FAC_00043,IN362835GS2         ,GF ,卡   ,200.0,2026-01-29 00:00:00,1.0,0.0
FAC_00019,08ALTISZEQ          ,GF ,組   ,1400.0,2022-05-24 00:00:00,1.0,0.0
FAC_00064,GEJMVG              ,GF ,各   ,100.0,2022-05-26 00:00:00,4.0,0.0
FAC_00064,1VN30AVAT1VN        ,GF ,各   ,35.0,2022-05-26 00:00:00,3.0,0.0
FAC_00064,DH1801VWA5C         ,GF ,各   ,500.0,2022-05-26 00:00:00,2.0,0.0
FAC_00019,05FOCUSC22X1        ,GF ,組   ,500.0,2022-05-27 00:00:00,1.0,0.0
FAC_00036,19ALTISGS2Q         ,GF ,各   ,1900.0,2022-05-30 00:00:00,1.0,0.0
FAC_00053,2018EAXNQFMT        ,GF ,組   ,600.0,2022-09-08 00:00:00,1.0,0.0
FAC_00054,QXA-CGRDFL          ,GF ,次   ,200.0,2022-10-14 00:00:00,1.0,0.0
FAC_00043,PNSSCUP05           ,GF ,組   ,100.0,2022-10-19 00:00:00,1.0,0.0
FAC_00066,RSENS25692ZDG2VVRCQ ,GF ,組   ,450.0,2022-11-24 00:00:00,2.0,0.0
FAC_00019,BGF2A2              ,GF ,組   ,2100.0,2022-05-31 00:00:00,1.0,0.0
FAC_00038,ID20MT5UX1          ,GF ,組   ,1700.0,2022-06-01 00:00:00,1.0,0.0
FAC_00045,21XXCGR             ,GF ,組   ,600.0,2022-06-02 00:00:00,1.0,0.0
FAC_00019,ZINGERCGR           ,GF ,組   ,500.0,2022-06-06 00:00:00,1.0,0.0
FAC_00066,TURBOH3LED          ,GF ,組   ,1200.0,2022-06-06 00:00:00,1.0,0.0
FAC_00053,BMWX64QFMT          ,GF ,組   ,1200.0,2022-06-09 00:00:00,1.0,0.0
FAC_00036,FTZEW5              ,GF ,張   ,120.0,2022-06-09 00:00:00,3.0,0.0
FAC_00036,FTZQWZEQ            ,GF ,組   ,120.0,2022-06-09 00:00:00,3.0,0.0
FAC_00066,99R1GX              ,GF ,罐   ,320.0,2022-03-29 00:00:00,2.0,0.0
FAC_00047,ZNGOLF83+325R       ,GF ,組   ,9000.0,2022-06-11 00:00:00,1.0,0.0
FAC_00047,GOLFUVJD            ,GF ,各   ,1000.0,2022-06-11 00:00:00,1.0,0.0
FAC_00023,8H2G12V             ,GF ,組   ,320.0,2022-06-16 00:00:00,3.0,0.0
FAC_00047,RVF84+645R          ,GF ,組   ,10500.0,2022-06-16 00:00:00,1.0,0.0
FAC_00019,04ALTISC2D          ,GF ,各   ,1100.0,2022-06-16 00:00:00,1.0,0.0
FAC_00066,RSENS25692V5R1      ,GF ,組   ,450.0,2023-03-27 00:00:00,1.0,0.0
FAC_00066,RSENS2569ZGG2V5RCQ  ,GF ,組   ,450.0,2023-03-27 00:00:00,1.0,0.0
FAC_00064,DH1703ZCAY2         ,GF ,各   ,320.0,2023-06-28 00:00:00,2.0,0.0
FAC_00064,DH1705ZAY2          ,GF ,各   ,320.0,2023-06-28 00:00:00,1.0,0.0
FAC_00038,ID6.5HW5X1          ,GF ,組   ,700.0,2023-09-21 00:00:00,4.0,0.0
FAC_00066,TUBRO9012LED22      ,GF ,組   ,1200.0,2023-11-27 00:00:00,1.0,0.0
FAC_00040,13FCOUSTA1E2        ,GF ,組   ,220.0,2024-03-27 00:00:00,1.0,0.0
FAC_00066,2XAX                ,GF ,各   ,130.0,2024-07-26 00:00:00,3.0,0.0
FAC_00064,GN5400FCW           ,GF ,組   ,75.0,2025-06-19 00:00:00,4.0,0.0
FAC_00066,FCOUSM3             ,GF ,組   ,280.0,2025-07-26 00:00:00,1.0,0.0
FAC_00066,TYPER90062Q         ,GF ,組   ,200.0,2026-01-15 00:00:00,1.0,0.0
FAC_00043,IN39LED             ,GF ,組   ,210.0,2026-01-29 00:00:00,1.0,0.0
FAC_00029,HG002MGR            ,GF ,罐   ,60.0,2022-06-21 00:00:00,3.0,0.0
FAC_00029,GJ0282FRBE          ,GF ,條   ,80.0,2022-06-21 00:00:00,3.0,0.0
FAC_00019,10WISHCXXQ          ,GF ,組   ,800.0,2022-06-21 00:00:00,1.0,0.0
FAC_00045,WISHRUVE            ,GF ,各   ,900.0,2022-06-21 00:00:00,1.0,0.0
FAC_00019,10WISHC2E           ,GF ,支   ,400.0,2022-06-21 00:00:00,2.0,0.0
FAC_00024,J00356ZINGCMG       ,GF ,支   ,130.0,2022-01-11 00:00:00,2.0,0.0
FAC_00044,10WISHXFH5EY        ,GF ,次   ,800.0,2022-06-24 00:00:00,1.0,0.0
FAC_00044,10WISHXQ            ,GF ,組   ,3500.0,2022-06-24 00:00:00,1.0,0.0
FAC_00044,10WUSHD12HZ         ,GF ,組   ,2200.0,2022-06-24 00:00:00,1.0,0.0
FAC_00003,09WISH5MTX          ,GF ,組   ,2640.0,2022-07-04 00:00:00,1.0,0.0
FAC_00019,1G5MRU              ,GF ,罐   ,300.0,2022-07-05 00:00:00,1.0,0.0
FAC_00023,1UX2YX1             ,GF ,組   ,550.0,2022-10-26 00:00:00,1.0,0.0
FAC_00043,PNSHUDL1            ,GF ,組   ,680.0,2022-12-05 00:00:00,1.0,0.0
FAC_00066,DWGJ2WV2V           ,GF ,組   ,350.0,2022-10-26 00:00:00,2.0,0.0
FAC_00066,TYPERH7T1E          ,GF ,組   ,170.0,2022-10-26 00:00:00,2.0,0.0
FAC_00066,RSEN4.3H5X2G        ,GF ,組   ,600.0,2022-10-26 00:00:00,1.0,0.0
FAC_00064,1MT5XXL             ,GF ,組   ,1650.0,2022-10-26 00:00:00,1.0,0.0
FAC_00064,RTT5XL              ,GF ,組   ,630.0,2022-10-26 00:00:00,1.0,0.0
FAC_00019,VUDFV               ,GF ,各   ,200.0,2022-10-27 00:00:00,1.0,0.0
FAC_00064,FN002TUVEYY         ,GF ,組   ,145.0,2022-10-31 00:00:00,2.0,0.0
FAC_00064,MZ                  ,GF ,次   ,100.0,2022-10-31 00:00:00,1.0,0.0
FAC_00026,2022OUTLANDERNTUW   ,GF ,組   ,4000.0,2022-10-31 00:00:00,1.0,0.0
FAC_00003,06TIDA5MW2          ,GF ,組   ,300.0,2022-11-01 00:00:00,1.0,0.0
FAC_00003,FORTIS5MW2          ,GF ,組   ,300.0,2022-11-01 00:00:00,1.0,0.0
FAC_00036,ERQ560L252Q         ,GF ,各   ,2500.0,2022-11-03 00:00:00,1.0,0.0
FAC_00060,CWTGXCMR            ,GF ,罐   ,100.0,2023-07-25 00:00:00,6.0,0.0
FAC_00037,FTXDZEW5            ,GF ,各   ,170.0,2023-07-30 00:00:00,3.0,0.0
FAC_00003,VIOS5MW2            ,GF ,組   ,300.0,2023-08-01 00:00:00,1.0,0.0
FAC_00029,GHA313VRW           ,GF ,組   ,90.0,2023-12-13 00:00:00,3.0,0.0
FAC_00047,CARDIOCA700.1A      ,GF ,組   ,7000.0,2024-01-17 00:00:00,1.0,0.0
FAC_00003,07LIVINA5MW2        ,GF ,組   ,300.0,2024-11-20 00:00:00,1.0,0.0
FAC_00003,10WISH5MW2          ,GF ,組   ,450.0,2025-02-20 00:00:00,1.0,0.0
FAC_00066,ABROCRYXX           ,GF ,罐   ,180.0,2025-02-26 00:00:00,2.0,0.0
FAC_00019,10WISHGTQ           ,GF ,組   ,700.0,2025-05-22 00:00:00,2.0,0.0
FAC_00044,10WISHXA            ,GF ,次   ,800.0,2025-05-22 00:00:00,1.0,0.0
FAC_00019,10WISHVBN           ,GF ,組   ,1000.0,2025-09-04 00:00:00,1.0,0.0
FAC_00060,VBDVTR              ,GF ,罐   ,110.0,2022-11-02 00:00:00,6.0,0.0
FAC_00047,RT5A2Q              ,GF ,各   ,550.0,2022-11-04 00:00:00,1.0,0.0
FAC_00047,BLD6389VIOS1C4+64   ,GF ,組   ,10500.0,2022-11-04 00:00:00,1.0,0.0
FAC_00019,06TIDACEDE          ,GF ,組   ,650.0,2022-11-10 00:00:00,1.0,0.0
FAC_00044,2387-DWEAXGTYT      ,GF ,組   ,800.0,2022-11-10 00:00:00,1.0,0.0
FAC_00019,10AY23FXXQ          ,GF ,組   ,900.0,2022-11-16 00:00:00,1.0,0.0
FAC_00047,14CRV8C4+64055R     ,GF ,組   ,11500.0,2022-11-16 00:00:00,1.0,0.0
FAC_00019,AYW3DFV             ,GF ,各   ,200.0,2022-11-19 00:00:00,1.0,0.0
FAC_00019,10AY23DFV           ,GF ,各   ,200.0,2022-11-16 00:00:00,1.0,0.0
FAC_00066,ZXQH12Q             ,GF ,各   ,50.0,2022-11-24 00:00:00,1.0,0.0
FAC_00003,LEXUSIS300CVW2      ,GF ,組   ,450.0,2022-11-11 00:00:00,1.0,0.0
FAC_00003,19RAV45MW2          ,GF ,組   ,400.0,2022-11-01 00:00:00,1.0,0.0
FAC_00066,RSEN2W              ,GF ,組   ,120.0,2022-11-24 00:00:00,3.0,0.0
FAC_00066,ZXQH355WT1E         ,GF ,個   ,150.0,2022-11-24 00:00:00,1.0,0.0
FAC_00066,ZXQH155WCR2W        ,GF ,個   ,150.0,2022-11-24 00:00:00,1.0,0.0
FAC_00066,ZV5T8RTVTRXF        ,GF ,組   ,6000.0,2022-11-24 00:00:00,1.0,0.0
FAC_00040,13TIDATA1E2         ,GF ,組   ,220.0,2022-11-26 00:00:00,1.0,0.0
FAC_00040,101GR22TA1E2        ,GF ,組   ,270.0,2022-11-26 00:00:00,1.0,0.0
FAC_00044,BCG-2057CXXQ        ,GF ,組   ,1500.0,2022-11-28 00:00:00,1.0,0.0
FAC_00044,BCG-2057FXXQ        ,GF ,組   ,1200.0,2022-11-28 00:00:00,1.0,0.0
FAC_00019,05AY23SE1           ,GF ,各   ,600.0,2022-11-29 00:00:00,2.0,0.0
FAC_00019,YD2CGRR             ,GF ,組   ,750.0,2022-12-01 00:00:00,1.0,0.0
FAC_00044,3032YXZ2RQ2         ,GF ,條   ,1000.0,2022-12-01 00:00:00,1.0,0.0
FAC_00044,3032YXZ2R           ,GF ,組   ,4800.0,2022-12-01 00:00:00,1.0,0.0
FAC_00015,2001BMWE46ERR       ,GF ,組   ,400.0,2022-12-02 00:00:00,1.0,0.0
FAC_00019,02EAXCVN            ,GF ,組   ,1000.0,2022-12-03 00:00:00,1.0,0.0
FAC_00047,2015EAX84+64055R    ,GF ,組   ,9500.0,2022-12-05 00:00:00,1.0,0.0
FAC_00047,2012WISH2+32055R    ,GF ,組   ,7500.0,2022-12-05 00:00:00,1.0,0.0
FAC_00052,BNE-7087EB5         ,GF ,片   ,800.0,2022-12-06 00:00:00,1.0,0.0
FAC_00044,ZXDFU1Q             ,GF ,組   ,3400.0,2023-09-08 00:00:00,1.0,0.0
FAC_00003,04WISH5MW2          ,GF ,組   ,450.0,2024-01-12 00:00:00,1.0,0.0
FAC_00019,VUFMT               ,GF ,組   ,350.0,2024-10-05 00:00:00,1.0,0.0
FAC_00060,SF4004CNVQ          ,GF ,組   ,15.0,2025-03-05 00:00:00,3.0,0.0
FAC_00060,VBDXWG              ,GF ,各   ,120.0,2025-03-05 00:00:00,3.0,0.0
FAC_00060,SF0039              ,GF ,組   ,36.0,2025-08-06 00:00:00,2.0,0.0
FAC_00019,ZXD22GRRUF          ,GF ,組   ,950.0,2022-12-08 00:00:00,1.0,0.0
FAC_00066,RSENUE12HMG         ,GF ,支   ,70.0,2022-12-07 00:00:00,5.0,0.0
FAC_00029,LEDNN22H116000K     ,GF ,組   ,1500.0,2022-12-12 00:00:00,1.0,0.0
FAC_00029,2TFW                ,GF ,各   ,50.0,2022-12-12 00:00:00,3.0,0.0
FAC_00029,BNE                 ,GF ,米   ,10.0,2022-12-12 00:00:00,25.0,0.0
FAC_00029,G2DE                ,GF ,各   ,80.0,2022-12-12 00:00:00,5.0,0.0
FAC_00029,2TRW1               ,GF ,各   ,35.0,2022-12-12 00:00:00,4.0,0.0
FAC_00029,2TRXN               ,GF ,枝   ,10.0,2022-12-12 00:00:00,8.0,0.0
FAC_00060,SF0029              ,GF ,組   ,40.0,2026-04-02 00:00:00,3.0,0.0
FAC_00029,GE50CM              ,GF ,米   ,14.4,2022-12-12 00:00:00,50.0,0.0
FAC_00029,GVE1.12             ,GF ,各   ,100.0,2022-12-12 00:00:00,4.0,0.0
FAC_00010,ABTA037WFC25        ,GF ,各   ,200.0,2022-12-13 00:00:00,4.0,0.0
FAC_00010,ABTA038EW5          ,GF ,各   ,200.0,2022-12-13 00:00:00,4.0,0.0
FAC_00053,2018KICKSNQFMT      ,GF ,組   ,600.0,2022-12-16 00:00:00,1.0,0.0
FAC_00023,CC0023DTY           ,GF ,組   ,150.0,2022-12-20 00:00:00,2.0,0.0
FAC_00023,EKA0504USTY         ,GF ,組   ,180.0,2022-12-20 00:00:00,2.0,0.0
FAC_00066,Z16GUVTRXF          ,GF ,組   ,4000.0,2022-12-26 00:00:00,1.0,0.0
FAC_00019,M1YFS1G             ,GF ,組   ,300.0,2022-12-23 00:00:00,1.0,0.0
FAC_00047,TIDA8C4+64          ,GF ,組   ,10500.0,2022-12-24 00:00:00,1.0,0.0
FAC_00053,LA823               ,GF ,組   ,140.0,2022-12-27 00:00:00,2.0,0.0
FAC_00033,CLA250RFABSYT       ,GF ,組   ,4500.0,2022-12-29 00:00:00,1.0,0.0
FAC_00019,TIERRAMG1           ,GF ,支   ,450.0,2022-12-30 00:00:00,1.0,0.0
FAC_00047,F1W84+64055R        ,GF ,組   ,10500.0,2023-01-03 00:00:00,1.0,0.0
FAC_00047,ZINGER054+64        ,GF ,組   ,10500.0,2023-01-03 00:00:00,1.0,0.0
FAC_00047,USBUVGTF            ,GF ,組   ,300.0,2023-01-03 00:00:00,1.0,0.0
FAC_00066,ABROUFFVR           ,GF ,罐   ,95.0,2023-01-04 00:00:00,3.0,0.0
FAC_00066,ABROQGUR            ,GF ,罐   ,90.0,2023-01-04 00:00:00,3.0,0.0
FAC_00064,20502XR             ,GF ,組   ,850.0,2023-01-04 00:00:00,2.0,0.0
FAC_00064,FN001NXJE           ,GF ,組   ,145.0,2023-01-04 00:00:00,1.0,0.0
FAC_00010,ABTE072VVZVTF       ,GF ,組   ,450.0,2023-06-20 00:00:00,2.0,0.0
FAC_00019,ZXDDFV              ,GF ,各   ,150.0,2023-09-08 00:00:00,1.0,0.0
FAC_00010,ABTA116WVJFYQD      ,GF ,組   ,250.0,2024-01-03 00:00:00,2.0,0.0
FAC_00066,V189005LED22        ,GF ,組   ,1700.0,2025-04-26 00:00:00,1.0,0.0
FAC_00064,LP6920F2D           ,GF ,各   ,35.0,2025-06-19 00:00:00,3.0,0.0
FAC_00066,2013FCOUSMG         ,GF ,組   ,280.0,2025-07-26 00:00:00,2.0,0.0
FAC_00033,CLA250YQU           ,GF ,次   ,8500.0,2025-12-25 00:00:00,1.0,0.0
FAC_00027,GOLTPLUST2R         ,GF ,組   ,3850.0,2023-01-05 00:00:00,1.0,0.0
FAC_00012,XW2FRNO193841       ,GF ,組   ,950.0,2023-01-05 00:00:00,2.0,0.0
FAC_00036,ERQ8526L2Q          ,GF ,各   ,3000.0,2023-01-05 00:00:00,1.0,0.0
FAC_00010,ABT-D001            ,GF ,組   ,850.0,2023-01-06 00:00:00,1.0,0.0
FAC_00035,02EAX20565R15       ,GF ,各   ,2250.0,2023-01-07 00:00:00,2.0,0.0
FAC_00047,2013FCOUS055R       ,GF ,組   ,12000.0,2023-01-10 00:00:00,1.0,0.0
FAC_00023,CC321USB31A         ,GF ,組   ,120.0,2023-01-11 00:00:00,2.0,0.0
FAC_00066,V38U1GRR            ,GF ,組   ,150.0,2023-01-11 00:00:00,4.0,0.0
FAC_00019,ZINGERDFV           ,GF ,各   ,150.0,2026-04-07 00:00:00,1.0,0.0
FAC_00035,ALTIS2055R16        ,GF ,各   ,2600.0,2023-01-12 00:00:00,4.0,0.0
FAC_00003,HINO17TW2           ,GF ,組   ,650.0,2023-01-13 00:00:00,1.0,0.0
FAC_00064,PF154QGW            ,GF ,組   ,63.0,2023-01-13 00:00:00,6.0,0.0
FAC_00040,IX35TA1E2           ,GF ,組   ,220.0,2023-01-16 00:00:00,1.0,0.0
FAC_00040,05ZCXC90TA1E2       ,GF ,組   ,220.0,2023-01-16 00:00:00,1.0,0.0
FAC_00023,5Y5T02GUVTRXF       ,GF ,組   ,2900.0,2023-02-16 00:00:00,1.0,0.0
FAC_00003,05ZCXC905MW2CCV     ,GF ,組   ,2150.0,2023-01-17 00:00:00,1.0,0.0
FAC_00037,GARMINVQ2Y          ,GF ,各   ,62.0,2023-01-30 00:00:00,3.0,0.0
FAC_00019,JXFMT               ,GF ,組   ,450.0,2023-02-01 00:00:00,1.0,0.0
FAC_00053,ZWHIACEFMT          ,GF ,組   ,500.0,2023-01-02 00:00:00,1.0,0.0
FAC_00019,XTRAIL5U1R          ,GF ,各   ,1500.0,2023-02-04 00:00:00,1.0,0.0
FAC_00019,XTRAILC5U1          ,GF ,組   ,1500.0,2023-02-04 00:00:00,1.0,0.0
FAC_00043,PNSSW005QW          ,GF ,組   ,260.0,2023-02-03 00:00:00,1.0,0.0
FAC_00022,MIOR460GUVTRXF      ,GF ,組   ,2305.0,2023-02-04 00:00:00,1.0,0.0
FAC_00066,RSENT104R           ,GF ,組   ,80.0,2023-02-03 00:00:00,6.0,0.0
FAC_00066,RSEN39MMCARMS       ,GF ,組   ,120.0,2023-02-03 00:00:00,2.0,0.0
FAC_00053,05ZCNQFMT           ,GF ,組   ,800.0,2023-02-07 00:00:00,1.0,0.0
FAC_00019,RAV4JGF             ,GF ,各   ,750.0,2023-02-10 00:00:00,1.0,0.0
FAC_00053,ZWHIACETX           ,GF ,組   ,1650.0,2023-02-14 00:00:00,1.0,0.0
FAC_00066,H7OSARM222Q         ,GF ,各   ,180.0,2023-04-12 00:00:00,2.0,0.0
FAC_00066,RSEN02FCANBUS       ,GF ,各   ,700.0,2023-09-08 00:00:00,1.0,0.0
FAC_00023,H500TWGRR           ,GF ,組   ,180.0,2023-10-17 00:00:00,3.0,0.0
FAC_00043,PNSHDS04            ,GF ,組   ,380.0,2024-02-20 00:00:00,2.0,0.0
FAC_00066,90052Q              ,GF ,各   ,80.0,2024-03-13 00:00:00,10.0,0.0
FAC_00019,ELANTRXFXJ          ,GF ,各   ,200.0,2024-04-06 00:00:00,1.0,0.0
FAC_00064,2XAF                ,GF ,組   ,68.0,2024-04-11 00:00:00,10.0,0.0
FAC_00064,KY330FE             ,GF ,組   ,115.0,2025-06-19 00:00:00,4.0,0.0
FAC_00043,PNSFB003            ,GF ,各   ,650.0,2025-06-30 00:00:00,1.0,0.0
FAC_00043,BW2                 ,GF ,條   ,68.0,2023-02-07 00:00:00,2.0,0.0
FAC_00023,2TXW24V             ,GF ,組   ,700.0,2023-02-16 00:00:00,2.0,0.0
FAC_00023,2UW                 ,GF ,組   ,45.0,2023-02-16 00:00:00,6.0,0.0
FAC_00023,MU2TX1              ,GF ,組   ,350.0,2023-02-16 00:00:00,1.0,0.0
FAC_00059,FCPUS1UW            ,GF ,組   ,1400.0,2023-02-20 00:00:00,1.0,0.0
FAC_00003,992XDCT2.45MW2      ,GF ,組   ,430.0,2023-02-21 00:00:00,1.0,0.0
FAC_00019,03AY23XXQ           ,GF ,組   ,900.0,2023-02-22 00:00:00,1.0,0.0
FAC_00066,RSEN90062TY         ,GF ,組   ,90.0,2023-02-26 00:00:00,1.0,0.0
FAC_00066,H75RY               ,GF ,各   ,30.0,2023-02-26 00:00:00,3.0,0.0
FAC_00036,WF48D26R2Q          ,GF ,各   ,1900.0,2023-02-23 00:00:00,2.0,0.0
FAC_00059,2013EAXXN           ,GF ,組   ,1300.0,2023-02-27 00:00:00,1.0,0.0
FAC_00059,99RVFUW             ,GF ,組   ,1400.0,2023-02-27 00:00:00,1.0,0.0
FAC_00063,H00864              ,GF ,張   ,30.0,2023-03-03 00:00:00,2.0,0.0
FAC_00023,5Y5X8GUVTRXF        ,GF ,組   ,2900.0,2023-02-16 00:00:00,1.0,0.0
FAC_00023,LEDRG2              ,GF ,組   ,500.0,2023-03-04 00:00:00,1.0,0.0
FAC_00023,LEDEVRG2C           ,GF ,組   ,720.0,2023-03-04 00:00:00,1.0,0.0
FAC_00064,16162T              ,GF ,各   ,33.0,2023-03-03 00:00:00,10.0,0.0
FAC_00064,R5VG                ,GF ,組   ,55.0,2023-03-03 00:00:00,4.0,0.0
FAC_00064,GN1153LZVQW         ,GF ,條   ,320.0,2023-03-03 00:00:00,1.0,0.0
FAC_00064,GN116DAJZVQW2L      ,GF ,條   ,160.0,2023-03-03 00:00:00,2.0,0.0
FAC_00064,GN115ZVQW2L         ,GF ,條   ,280.0,2023-03-03 00:00:00,2.0,0.0
FAC_00019,TEANACV2E           ,GF ,支   ,550.0,2023-03-06 00:00:00,2.0,0.0
FAC_00061,2011WISHCE          ,GF ,支   ,2200.0,2023-03-07 00:00:00,1.0,0.0
FAC_00066,0803LEDGS2          ,GF ,組   ,280.0,2023-03-09 00:00:00,1.0,0.0
FAC_00010,ABTA010A5W          ,GF ,各   ,180.0,2023-04-06 00:00:00,2.0,0.0
FAC_00043,PNSJW220R2UG        ,GF ,各   ,35.0,2023-04-18 00:00:00,5.0,0.0
FAC_00063,LEO813              ,GF ,組   ,70.0,2023-06-28 00:00:00,2.0,0.0
FAC_00019,03AY23GVC5          ,GF ,組   ,1050.0,2023-07-04 00:00:00,1.0,0.0
FAC_00050,BSD-77GHZ           ,GF ,組   ,4500.0,2023-08-26 00:00:00,1.0,0.0
FAC_00003,06AY235MW2          ,GF ,組   ,450.0,2023-08-01 00:00:00,1.0,0.0
FAC_00066,GREUW               ,GF ,組   ,120.0,2023-11-27 00:00:00,2.0,0.0
FAC_00066,1VNV                ,GF ,各   ,2.0,2023-12-08 00:00:00,100.0,0.0
FAC_00029,DH5219EZWV          ,GF ,組   ,120.0,2025-02-18 00:00:00,2.0,0.0
FAC_00029,DH5205EZWV          ,GF ,組   ,120.0,2025-02-18 00:00:00,2.0,0.0
FAC_00066,RSEND28000K         ,GF ,各   ,250.0,2025-05-05 00:00:00,2.0,0.0
FAC_00029,LY-1172HWMR         ,GF ,組   ,40.0,2025-08-13 00:00:00,5.0,0.0
FAC_00029,LY601               ,GF ,組   ,25.0,2023-03-14 00:00:00,2.0,0.0
FAC_00029,AS1VNY              ,GF ,組   ,5.0,2023-03-14 00:00:00,30.0,0.0
FAC_00037,XWZYX1F             ,GF ,支   ,120.0,2023-03-15 00:00:00,2.0,0.0
FAC_00037,XWDAVYFW            ,GF ,各   ,80.0,2023-03-15 00:00:00,3.0,0.0
FAC_00037,OBDT1ZRV            ,GF ,組   ,203.0,2023-03-15 00:00:00,2.0,0.0
FAC_00037,XWFAVY              ,GF ,各   ,5.0,2023-03-15 00:00:00,2.0,0.0
FAC_00037,XW5VFY414           ,GF ,各   ,13.0,2023-03-15 00:00:00,4.0,0.0
FAC_00037,XW5VFY412           ,GF ,各   ,11.0,2023-03-15 00:00:00,4.0,0.0
FAC_00037,XW5VFY              ,GF ,各   ,11.0,2023-03-15 00:00:00,4.0,0.0
FAC_00019,W210C2DRH           ,GF ,組   ,1200.0,2023-03-15 00:00:00,1.0,0.0
FAC_00019,04AY23GRRRL         ,GF ,組   ,1150.0,2023-03-15 00:00:00,1.0,0.0
FAC_00023,2TXW24V2MV          ,GF ,條   ,200.0,2023-03-16 00:00:00,5.0,0.0
FAC_00043,PNSTL80200          ,GF ,條   ,95.0,2023-03-21 00:00:00,2.0,0.0
FAC_00047,VCQ84+64            ,GF ,組   ,10000.0,2023-03-23 00:00:00,1.0,0.0
FAC_00066,CARMACSARUR         ,GF ,罐   ,140.0,2023-03-28 00:00:00,5.0,0.0
FAC_00066,H3OSRAM5RCR2Q       ,GF ,組   ,700.0,2023-03-28 00:00:00,1.0,0.0
FAC_00022,MUOC580VTRXF        ,GF ,組   ,2818.0,2023-03-30 00:00:00,2.0,0.0
FAC_00064,S14PN2DE            ,GF ,各   ,70.0,2023-03-29 00:00:00,2.0,0.0
FAC_00064,LY609NMGSR          ,GF ,各   ,90.0,2023-03-29 00:00:00,3.0,0.0
FAC_00064,LI568GSR            ,GF ,組   ,90.0,2023-03-29 00:00:00,3.0,0.0
FAC_00054,5A-9666DF           ,GF ,次   ,11000.0,2023-03-31 00:00:00,1.0,0.0
FAC_00036,C28024R2Q           ,GF ,各   ,2800.0,2023-04-01 00:00:00,1.0,0.0
FAC_00019,V2IX35FXXQ          ,GF ,組   ,900.0,2023-04-03 00:00:00,1.0,0.0
FAC_00019,V2IX35CXXQ          ,GF ,組   ,800.0,2023-04-03 00:00:00,1.0,0.0
FAC_00019,V2IX35XFXJ          ,GF ,各   ,250.0,2023-04-03 00:00:00,1.0,0.0
FAC_00019,V2IX35DFV           ,GF ,各   ,250.0,2023-04-03 00:00:00,1.0,0.0
FAC_00043,T10506FHUD2         ,GF ,組   ,100.0,2023-04-07 00:00:00,1.0,0.0
FAC_00043,PNSSUNF002M         ,GF ,組   ,15.0,2023-04-07 00:00:00,1.0,0.0
FAC_00010,ABT-A126            ,GF ,組   ,65.0,2023-04-06 00:00:00,2.0,0.0
FAC_00019,IX35XFXJ            ,GF ,各   ,250.0,2023-12-30 00:00:00,2.0,0.0
FAC_00043,PNSTL4030           ,GF ,條   ,20.0,2024-02-01 00:00:00,6.0,0.0
FAC_00036,RT73A2Q             ,GF ,組   ,850.0,2024-03-16 00:00:00,1.0,0.0
FAC_00066,ACP300XR            ,GF ,各   ,250.0,2024-05-29 00:00:00,3.0,0.0
FAC_00064,GN400VU552          ,GF ,各   ,100.0,2025-06-19 00:00:00,6.0,0.0
FAC_00064,VXTX15U             ,GF ,組   ,60.0,2025-06-19 00:00:00,4.0,0.0
FAC_00043,PNS-TAIR002         ,GF ,組   ,660.0,2025-11-14 00:00:00,1.0,0.0
FAC_00019,02EAXRUV2.02        ,GF ,各   ,50.0,2023-05-02 00:00:00,3.0,0.0
FAC_00019,02EAXRUV2.0T        ,GF ,各   ,50.0,2023-05-02 00:00:00,3.0,0.0
FAC_00019,03AY2MG1            ,GF ,組   ,750.0,2023-05-08 00:00:00,2.0,0.0
FAC_00019,03AY2LFJ1G          ,GF ,組   ,500.0,2023-05-08 00:00:00,1.0,0.0
FAC_00066,2TXWC2GFVU          ,GF ,組   ,450.0,2023-05-09 00:00:00,1.0,0.0
FAC_00043,PNSPKM03            ,GF ,組   ,100.0,2023-05-09 00:00:00,1.0,0.0
FAC_00043,PNSHG07             ,GF ,卡   ,70.0,2023-05-09 00:00:00,2.0,0.0
FAC_00044,2782-VZ             ,GF ,組   ,850.0,2023-05-09 00:00:00,1.0,0.0
FAC_00054,03AY2LF1GDF         ,GF ,次   ,200.0,2023-05-10 00:00:00,1.0,0.0
FAC_00010,5MZVQW              ,GF ,組   ,50.0,2023-05-10 00:00:00,4.0,0.0
FAC_00053,04TOUCSNQFMT        ,GF ,組   ,600.0,2023-05-11 00:00:00,1.0,0.0
FAC_00061,08RAV4QCE           ,GF ,組   ,2900.0,2023-05-11 00:00:00,1.0,0.0
FAC_00053,JUKETA1E2           ,GF ,組   ,300.0,2023-05-17 00:00:00,1.0,0.0
FAC_00035,XW1E                ,GF ,次   ,100.0,2023-05-19 00:00:00,1.0,0.0
FAC_00066,V15LEDD46000K2Q     ,GF ,組   ,1400.0,2023-05-26 00:00:00,1.0,0.0
FAC_00066,RSENVMC             ,GF ,組   ,35.0,2023-05-26 00:00:00,3.0,0.0
FAC_00043,PNSFA02             ,GF ,組   ,260.0,2023-05-26 00:00:00,2.0,0.0
FAC_00044,2782-VZUF15F        ,GF ,組   ,3950.0,2023-05-26 00:00:00,1.0,0.0
FAC_00043,PNSFDB312           ,GF ,組   ,300.0,2023-06-08 00:00:00,2.0,0.0
FAC_00043,PNSFDB324           ,GF ,組   ,300.0,2023-06-08 00:00:00,1.0,0.0
FAC_00019,52R                 ,GF ,各   ,200.0,2023-08-26 00:00:00,3.0,0.0
FAC_00043,G7743CROSSBV2       ,GF ,卡   ,300.0,2024-03-19 00:00:00,2.0,0.0
FAC_00043,PNSHDF32            ,GF ,組   ,150.0,2024-08-13 00:00:00,2.0,0.0
FAC_00066,H324V1002Q          ,GF ,各   ,50.0,2024-10-15 00:00:00,10.0,0.0
FAC_00043,PNSHG08             ,GF ,組   ,44.0,2025-03-10 00:00:00,3.0,0.0
FAC_00066,RSENGR1536MM        ,GF ,卡   ,120.0,2025-04-26 00:00:00,3.0,0.0
FAC_00066,RSEND43000K2Q       ,GF ,各   ,550.0,2025-05-05 00:00:00,2.0,0.0
FAC_00066,RSENT1018RMU        ,GF ,卡   ,150.0,2025-06-06 00:00:00,4.0,0.0
FAC_00043,PNSSC020            ,GF ,組   ,780.0,2025-07-23 00:00:00,2.0,0.0
FAC_00035,CLA25022545R17XW    ,GF ,各   ,4200.0,2025-07-28 00:00:00,2.0,0.0
FAC_00066,2TXWVTAVU           ,GF ,組   ,450.0,2025-12-03 00:00:00,2.0,0.0
FAC_00066,RSENT10MU6R         ,GF ,卡   ,120.0,2025-12-10 00:00:00,2.0,0.0
FAC_00066,RSENT10MU10R        ,GF ,卡   ,140.0,2025-12-10 00:00:00,2.0,0.0
FAC_00050,Z1212H2YVTRXF       ,GF ,組   ,4200.0,2026-03-02 00:00:00,1.0,0.0
FAC_00010,ABT-A130            ,GF ,組   ,60.0,2023-04-06 00:00:00,2.0,0.0
FAC_00010,ABT-A123            ,GF ,組   ,190.0,2023-04-06 00:00:00,2.0,0.0
FAC_00010,ABTB072VTF          ,GF ,組   ,450.0,2023-04-06 00:00:00,2.0,0.0
FAC_00043,ABT-A053            ,GF ,組   ,170.0,2023-04-07 00:00:00,4.0,0.0
FAC_00043,ABT-A125            ,GF ,組   ,130.0,2023-04-07 00:00:00,2.0,0.0
FAC_00043,ABTE072VVZVTF       ,GF ,組   ,450.0,2023-04-07 00:00:00,2.0,0.0
FAC_00043,ABT-A129            ,GF ,組   ,390.0,2023-04-07 00:00:00,1.0,0.0
FAC_00010,ABT-A125            ,GF ,組   ,130.0,2023-04-06 00:00:00,2.0,0.0
FAC_00010,ABT-A129            ,GF ,組   ,390.0,2023-04-06 00:00:00,1.0,0.0
FAC_00050,Z1010H2YGVTRXF      ,GF ,組   ,2500.0,2026-03-19 00:00:00,2.0,0.0
FAC_00010,ABT-A114            ,GF ,組   ,130.0,2023-04-06 00:00:00,2.0,0.0
FAC_00010,ABT-A053            ,GF ,組   ,170.0,2023-04-06 00:00:00,4.0,0.0
FAC_00019,2010WISHCGRRZ2      ,GF ,組   ,1500.0,2023-04-11 00:00:00,1.0,0.0
FAC_00047,2010WISH1C4+64      ,GF ,組   ,9500.0,2023-04-11 00:00:00,1.0,0.0
FAC_00003,PREVIAFXTTX         ,GF ,組   ,1650.0,2023-03-07 00:00:00,1.0,0.0
FAC_00003,ZWHIACETX           ,GF ,組   ,1650.0,2023-01-17 00:00:00,1.0,0.0
FAC_00066,RSENH33000K2Q       ,GF ,各   ,200.0,2023-04-12 00:00:00,2.0,0.0
FAC_00066,RSENH13000K2Q       ,GF ,各   ,200.0,2023-04-12 00:00:00,1.0,0.0
FAC_00066,RSENH14300K2Q       ,GF ,各   ,150.0,2023-04-12 00:00:00,2.0,0.0
FAC_00047,2015RAV45MTX        ,GF ,組   ,2050.0,2023-04-14 00:00:00,1.0,0.0
FAC_00047,2015RAV48C4+64055R  ,GF ,組   ,9500.0,2023-04-14 00:00:00,1.0,0.0
FAC_00037,GARMINVQR           ,GF ,各   ,52.0,2023-04-17 00:00:00,15.0,0.0
FAC_00043,PNSSUN09            ,GF ,組   ,60.0,2023-04-18 00:00:00,2.0,0.0
FAC_00044,BHD-5719XFUNR       ,GF ,組   ,18000.0,2023-04-18 00:00:00,1.0,0.0
FAC_00010,TAD012              ,GF ,組   ,490.0,2023-03-26 00:00:00,1.0,0.0
FAC_00038,ID6.5TZUX1          ,GF ,組   ,2800.0,2023-04-27 00:00:00,2.0,0.0
FAC_00038,ID2.3VEU            ,GF ,組   ,600.0,2023-05-01 00:00:00,2.0,0.0
FAC_00038,ID25EUX1            ,GF ,組   ,700.0,2023-05-01 00:00:00,1.0,0.0
FAC_00038,ID30VX1             ,GF ,組   ,1500.0,2023-05-01 00:00:00,1.0,0.0
FAC_00038,RH5020EUX1          ,GF ,組   ,400.0,2023-05-01 00:00:00,3.0,0.0
FAC_00019,03AY2322R           ,GF ,各   ,2300.0,2023-05-02 00:00:00,1.0,0.0
FAC_00019,03AY23MGWZJR        ,GF ,各   ,800.0,2023-05-02 00:00:00,1.0,0.0
FAC_00019,03QY2322            ,GF ,各   ,2300.0,2023-05-02 00:00:00,1.0,0.0
FAC_00044,2782-VZYF15F        ,GF ,組   ,3950.0,2023-05-26 00:00:00,1.0,0.0
FAC_00023,D2LDE6000K2Q        ,GF ,組   ,1100.0,2024-03-19 00:00:00,1.0,0.0
FAC_00031,MP3XUXW             ,GF ,組   ,520.0,2025-04-22 00:00:00,6.0,0.0
FAC_00066,FAGEUW              ,GF ,組   ,180.0,2025-06-06 00:00:00,3.0,0.0
FAC_00019,S5RU6DFV            ,GF ,各   ,250.0,2023-07-28 00:00:00,2.0,0.0
FAC_00023,H7LED3N             ,GF ,組   ,800.0,2023-07-28 00:00:00,2.0,0.0
FAC_00036,CC2AGM80A           ,GF ,各   ,6600.0,2023-08-02 00:00:00,1.0,0.0
FAC_00040,SINENTA1.8TA1E2     ,GF ,組   ,220.0,2023-08-03 00:00:00,1.0,0.0
FAC_00040,HY899GQ2W           ,GF ,組   ,55.0,2023-08-03 00:00:00,2.0,0.0
FAC_00040,10ALTISTA1E2        ,GF ,組   ,220.0,2023-08-03 00:00:00,1.0,0.0
FAC_00040,08AY26TA1E2         ,GF ,組   ,220.0,2023-08-03 00:00:00,1.0,0.0
FAC_00040,08AY23TA1E2         ,GF ,組   ,220.0,2023-08-03 00:00:00,1.0,0.0
FAC_00059,07V2TUCSONQUW       ,GF ,組   ,2200.0,2023-08-04 00:00:00,1.0,0.0
FAC_00003,2018FCOUS5MW2       ,GF ,組   ,300.0,2023-08-01 00:00:00,1.0,0.0
FAC_00027,COLTPLUST2R         ,GF ,組   ,3850.0,2023-08-07 00:00:00,1.0,0.0
FAC_00015,02EAXCGRQL          ,GF ,各   ,400.0,2023-08-07 00:00:00,1.0,0.0
FAC_00015,02EAXCGRQ           ,GF ,組   ,300.0,2023-08-07 00:00:00,1.0,0.0
FAC_00043,PNSS069U11GRR       ,GF ,組   ,100.0,2023-08-10 00:00:00,2.0,0.0
FAC_00043,PNSWT001            ,GF ,組   ,170.0,2023-08-10 00:00:00,1.0,0.0
FAC_00043,PNSTL60120          ,GF ,條   ,86.0,2023-08-10 00:00:00,3.0,0.0
FAC_00044,LE-7512EY           ,GF ,次   ,1200.0,2023-08-12 00:00:00,1.0,0.0
FAC_00044,LE-7512CFUZ         ,GF ,各   ,600.0,2023-08-12 00:00:00,1.0,0.0
FAC_00053,2013WISHNQFMT       ,GF ,組   ,700.0,2023-08-17 00:00:00,1.0,0.0
FAC_00044,8391-N8XFEY         ,GF ,次   ,800.0,2023-08-18 00:00:00,1.0,0.0
FAC_00044,8391-N8ZG           ,GF ,組   ,2000.0,2023-08-18 00:00:00,1.0,0.0
FAC_00066,RSENHID90066000K2Q  ,GF ,各   ,150.0,2023-08-26 00:00:00,2.0,0.0
FAC_00043,2V2Q                ,GF ,各   ,10.0,2023-08-28 00:00:00,5.0,0.0
FAC_00043,TC6683CXDTY         ,GF ,組   ,300.0,2023-08-28 00:00:00,1.0,0.0
FAC_00053,V2STAEFTA1E2        ,GF ,組   ,300.0,2023-09-05 00:00:00,1.0,0.0
FAC_00044,ZXDCVN              ,GF ,各   ,100.0,2023-09-08 00:00:00,4.0,0.0
FAC_00036,GSLN1               ,GF ,各   ,1800.0,2023-12-06 00:00:00,1.0,0.0
FAC_00019,IX35DFV             ,GF ,各   ,200.0,2024-01-04 00:00:00,1.0,0.0
FAC_00025,GARMIN532C          ,GF ,組   ,4500.0,2025-01-18 00:00:00,1.0,0.0
FAC_00029,TX002BGXGWV         ,GF ,組   ,110.0,2025-04-17 00:00:00,3.0,0.0
FAC_00043,PNSSUN14-L          ,GF ,組   ,130.0,2025-07-17 00:00:00,6.0,0.0
FAC_00043,PNSF202             ,GF ,組   ,260.0,2025-07-29 00:00:00,1.0,0.0
FAC_00023,9012LED3N2Q         ,GF ,組   ,950.0,2025-08-13 00:00:00,1.0,0.0
FAC_00055,VJ5UTZ              ,GF ,次   ,1050.0,2025-08-21 00:00:00,1.0,0.0
FAC_00023,H11LED3N            ,GF ,組   ,800.0,2025-11-25 00:00:00,1.0,0.0
FAC_00044,2782VZXYTLF         ,GF ,組   ,600.0,2023-05-26 00:00:00,1.0,0.0
FAC_00044,2782-VZYFXYT        ,GF ,組   ,600.0,2023-05-26 00:00:00,1.0,0.0
FAC_00044,2782VZQ2YT          ,GF ,組   ,700.0,2023-05-26 00:00:00,1.0,0.0
FAC_00023,H4LED3N             ,GF ,組   ,900.0,2023-05-26 00:00:00,1.0,0.0
FAC_00023,D4LED6000K          ,GF ,組   ,1100.0,2023-05-26 00:00:00,1.0,0.0
FAC_00032,6606XCRVXR          ,GF ,組   ,2200.0,2023-05-26 00:00:00,1.0,0.0
FAC_00019,92BGEJR             ,GF ,各   ,400.0,2023-05-29 00:00:00,2.0,0.0
FAC_00019,92BGF1E             ,GF ,組   ,800.0,2023-05-29 00:00:00,1.0,0.0
FAC_00019,92BGR2              ,GF ,組   ,300.0,2023-05-29 00:00:00,1.0,0.0
FAC_00043,PNSS30              ,GF ,組   ,150.0,2026-03-12 00:00:00,2.0,0.0
FAC_00019,92BGR22             ,GF ,組   ,750.0,2023-05-29 00:00:00,1.0,0.0
FAC_00019,92BG1E2L            ,GF ,組   ,300.0,2023-05-29 00:00:00,1.0,0.0
FAC_00019,92BG1E2R            ,GF ,組   ,300.0,2023-05-29 00:00:00,1.0,0.0
FAC_00019,92BGZV2R2F          ,GF ,各   ,400.0,2023-05-29 00:00:00,1.0,0.0
FAC_00035,ASM2723XW           ,GF ,各   ,3500.0,2023-05-31 00:00:00,2.0,0.0
FAC_00010,ABTE082DXGAGDJUNRV2 ,GF ,組   ,11000.0,2023-06-06 00:00:00,1.0,0.0
FAC_00010,ABTA1550UWVJGRR     ,GF ,組   ,200.0,2023-06-06 00:00:00,1.0,0.0
FAC_00010,ABTA162VSXFDGRRVY   ,GF ,各   ,130.0,2023-06-06 00:00:00,1.0,0.0
FAC_00010,ABTA160JMT1XFDGRR   ,GF ,各   ,130.0,2023-06-06 00:00:00,1.0,0.0
FAC_00010,ABTA159JMXFGRR      ,GF ,各   ,130.0,2023-06-06 00:00:00,1.0,0.0
FAC_00066,RSEN20HUEMG         ,GF ,支   ,70.0,2023-06-05 00:00:00,10.0,0.0
FAC_00054,VAK14CJU            ,GF ,組   ,2800.0,2023-06-07 00:00:00,1.0,0.0
FAC_00015,SOLIOR2F            ,GF ,各   ,350.0,2023-06-07 00:00:00,1.0,0.0
FAC_00044,2782-VZUNR          ,GF ,組   ,12500.0,2023-06-07 00:00:00,1.0,0.0
FAC_00066,2TXWSD1AW           ,GF ,組   ,450.0,2023-06-09 00:00:00,2.0,0.0
FAC_00047,VIOS84+64055R       ,GF ,組   ,9500.0,2023-06-15 00:00:00,1.0,0.0
FAC_00047,WISH8C4+64055R      ,GF ,組   ,9500.0,2023-06-23 00:00:00,1.0,0.0
FAC_00019,04AYW3GSR           ,GF ,組   ,650.0,2023-06-24 00:00:00,1.0,0.0
FAC_00019,08ALTIST2GW         ,GF ,組   ,700.0,2023-06-26 00:00:00,1.0,0.0
FAC_00019,08ALTIST2GWL        ,GF ,條   ,700.0,2023-06-26 00:00:00,1.0,0.0
FAC_00044,05AYW3F15F          ,GF ,組   ,3350.0,2023-06-26 00:00:00,1.0,0.0
FAC_00044,05AY23RF15F         ,GF ,組   ,3350.0,2023-06-26 00:00:00,1.0,0.0
FAC_00044,05AY23LC15F         ,GF ,組   ,2650.0,2023-06-26 00:00:00,1.0,0.0
FAC_00037,T152UKUERL          ,GF ,組   ,1982.0,2023-07-25 00:00:00,1.0,0.0
FAC_00044,ZXDGV               ,GF ,組   ,2500.0,2023-09-08 00:00:00,1.0,0.0
FAC_00044,ZXDXQ               ,GF ,組   ,2800.0,2023-09-08 00:00:00,1.0,0.0
FAC_00044,ZXDUNRQ2            ,GF ,條   ,550.0,2023-09-08 00:00:00,1.0,0.0
FAC_00044,05AY23FXYT          ,GF ,支   ,500.0,2023-06-26 00:00:00,2.0,0.0
FAC_00044,05AY23CXYT          ,GF ,支   ,600.0,2023-06-26 00:00:00,2.0,0.0
FAC_00044,EY                  ,GF ,次   ,1600.0,2023-06-26 00:00:00,1.0,0.0
FAC_00044,05AY23RC15F         ,GF ,組   ,2650.0,2023-06-26 00:00:00,1.0,0.0
FAC_00063,E00692              ,GF ,張   ,15.0,2023-06-28 00:00:00,3.0,0.0
FAC_00063,E01108              ,GF ,張   ,15.0,2023-06-28 00:00:00,2.0,0.0
FAC_00063,F00710              ,GF ,張   ,20.0,2023-06-28 00:00:00,1.0,0.0
FAC_00063,F00712              ,GF ,張   ,20.0,2023-06-28 00:00:00,1.0,0.0
FAC_00063,H00380              ,GF ,張   ,30.0,2023-06-28 00:00:00,3.0,0.0
FAC_00063,F00921              ,GF ,張   ,20.0,2023-06-28 00:00:00,1.0,0.0
FAC_00019,02EAXS1G            ,GF ,組   ,350.0,2023-06-28 00:00:00,1.0,0.0
FAC_00044,02EAXDFXXR          ,GF ,各   ,1500.0,2023-06-28 00:00:00,1.0,0.0
FAC_00064,GN-119WFQZVQW       ,GF ,條   ,230.0,2023-06-28 00:00:00,2.0,0.0
FAC_00064,ABROQAG1XTUA        ,GF ,組   ,95.0,2023-06-28 00:00:00,3.0,0.0
FAC_00019,04-07AY23J1GYT5T    ,GF ,組   ,1000.0,2023-07-04 00:00:00,1.0,0.0
FAC_00019,04-07AY23LFCGR25    ,GF ,組   ,1800.0,2023-07-04 00:00:00,1.0,0.0
FAC_00019,04-07AY3WTE         ,GF ,組   ,350.0,2023-07-04 00:00:00,1.0,0.0
FAC_00019,92BGHV              ,GF ,組   ,2100.0,2023-07-04 00:00:00,1.0,0.0
FAC_00019,94BGGGE             ,GF ,各   ,300.0,2023-07-04 00:00:00,1.0,0.0
FAC_00019,94BGGRGY            ,GF ,各   ,25.0,2023-07-04 00:00:00,2.0,0.0
FAC_00047,RAV4JD              ,GF ,組   ,1000.0,2023-07-12 00:00:00,1.0,0.0
FAC_00066,QY-42360VWGRR       ,GF ,組   ,90.0,2023-07-15 00:00:00,2.0,0.0
FAC_00054,0960-MNDF           ,GF ,次   ,800.0,2023-07-18 00:00:00,1.0,0.0
FAC_00043,T15303015W          ,GF ,卡   ,150.0,2023-07-25 00:00:00,1.0,0.0
FAC_00060,SF1244-1H1GUTY      ,GF ,組   ,90.0,2023-07-25 00:00:00,3.0,0.0
FAC_00003,2021ZINGERTX        ,GF ,組   ,2950.0,2023-07-28 00:00:00,1.0,0.0
FAC_00010,ABT-517HWA5W        ,GF ,各   ,500.0,2023-10-26 00:00:00,3.0,0.0
FAC_00010,ABTD003GTVTF        ,GF ,組   ,650.0,2025-01-03 00:00:00,2.0,0.0
FAC_00063,F00919              ,GF ,張   ,20.0,2025-01-07 00:00:00,2.0,0.0
FAC_00063,K00131              ,GF ,張   ,50.0,2025-01-07 00:00:00,2.0,0.0
FAC_00063,M00199              ,GF ,張   ,80.0,2025-01-07 00:00:00,2.0,0.0
FAC_00063,F01051              ,GF ,張   ,20.0,2025-01-07 00:00:00,3.0,0.0
FAC_00060,SF0043              ,GF ,組   ,40.0,2025-08-06 00:00:00,2.0,0.0
FAC_00063,F00920              ,GF ,張   ,20.0,2025-12-02 00:00:00,2.0,0.0
FAC_00044,ZXDZ2RQ2            ,GF ,條   ,550.0,2023-09-08 00:00:00,1.0,0.0
FAC_00044,ZXDZVRQ2            ,GF ,條   ,550.0,2023-09-08 00:00:00,1.0,0.0
FAC_00044,ZXDGVXQEY           ,GF ,次   ,900.0,2023-09-08 00:00:00,1.0,0.0
FAC_00044,ZXDXA               ,GF ,次   ,1199.0,2023-09-08 00:00:00,1.0,0.0
FAC_00044,IX35XA              ,GF ,次   ,800.0,2023-09-08 00:00:00,1.0,0.0
FAC_00019,97R2C2E             ,GF ,各   ,200.0,2023-09-08 00:00:00,1.0,0.0
FAC_00043,PNS1705HD           ,GF ,各   ,110.0,2023-09-11 00:00:00,3.0,0.0
FAC_00043,PNSWH002-5          ,GF ,組   ,86.0,2023-09-11 00:00:00,3.0,0.0
FAC_00003,2011CRV5MW2         ,GF ,組   ,450.0,2023-09-13 00:00:00,1.0,0.0
FAC_00063,D00501              ,GF ,張   ,12.0,2026-03-10 00:00:00,6.0,0.0
FAC_00060,SF0028A1D           ,GF ,組   ,40.0,2026-04-02 00:00:00,2.0,0.0
FAC_00026,01-07ALTISQUWCN     ,GF ,組   ,2100.0,2023-09-14 00:00:00,1.0,0.0
FAC_00047,AY25A1D             ,GF ,組   ,1200.0,2023-09-18 00:00:00,1.0,0.0
FAC_00066,G77LEDGYWU5HF       ,GF ,組   ,120.0,2023-09-26 00:00:00,2.0,0.0
FAC_00066,JXFYE               ,GF ,組   ,40.0,2023-09-26 00:00:00,12.0,0.0
FAC_00066,322515XF            ,GF ,組   ,150.0,2023-09-26 00:00:00,2.0,0.0
FAC_00066,YI269AW             ,GF ,組   ,120.0,2023-09-26 00:00:00,2.0,0.0
FAC_00066,P235J5C2            ,GF ,組   ,70.0,2023-09-26 00:00:00,1.0,0.0
FAC_00066,P225J5C220*13       ,GF ,組   ,60.0,2023-09-26 00:00:00,1.0,0.0
FAC_00066,V3910BGWFZ2         ,GF ,各   ,130.0,2023-09-26 00:00:00,1.0,0.0
FAC_00066,F160F2TQGY          ,GF ,組   ,70.0,2023-09-26 00:00:00,4.0,0.0
FAC_00019,XVCE1G              ,GF ,各   ,250.0,2023-09-27 00:00:00,1.0,0.0
FAC_00043,PNS1704HD           ,GF ,組   ,110.0,2023-09-27 00:00:00,3.0,0.0
FAC_00043,PNSCS002RUAU1E2     ,GF ,各   ,210.0,2023-09-27 00:00:00,2.0,0.0
FAC_00044,ANF52652XQ2         ,GF ,組   ,500.0,2023-09-27 00:00:00,1.0,0.0
FAC_00044,ANF5265Z2RQ2        ,GF ,條   ,500.0,2023-09-27 00:00:00,1.0,0.0
FAC_00044,ANF5265XFQ2         ,GF ,條   ,500.0,2023-09-27 00:00:00,1.0,0.0
FAC_00044,ANF5265UFGV1        ,GF ,組   ,4500.0,2023-09-27 00:00:00,1.0,0.0
FAC_00044,ANF5265U1E          ,GF ,組   ,25500.0,2023-09-27 00:00:00,1.0,0.0
FAC_00044,ANF5265FARVW5       ,GF ,次   ,3000.0,2023-09-27 00:00:00,1.0,0.0
FAC_00044,ANF52655GQ22X       ,GF ,各   ,950.0,2023-09-27 00:00:00,1.0,0.0
FAC_00044,ANF52655GQ2         ,GF ,組   ,1550.0,2023-09-27 00:00:00,1.0,0.0
FAC_00044,ANF52655GQ225       ,GF ,各   ,950.0,2023-09-27 00:00:00,1.0,0.0
FAC_00044,ANF5265QC5QW        ,GF ,組   ,600.0,2023-09-27 00:00:00,1.0,0.0
FAC_00044,ANF5265QC5Q22X      ,GF ,各   ,850.0,2023-09-27 00:00:00,1.0,0.0
FAC_00066,F150F2TQ            ,GF ,組   ,50.0,2024-06-26 00:00:00,2.0,0.0
FAC_00066,F180F2TQ            ,GF ,組   ,100.0,2025-03-14 00:00:00,2.0,0.0
FAC_00066,F170F2TQW           ,GF ,yj3 ,100.0,2025-03-14 00:00:00,1.0,0.0
FAC_00044,ANF5265G1Q          ,GF ,各   ,2500.0,2023-09-27 00:00:00,1.0,0.0
FAC_00044,ANF5265RJF          ,GF ,各   ,850.0,2023-09-27 00:00:00,1.0,0.0
FAC_00044,ANF5265UFH5EY       ,GF ,次   ,2250.0,2023-09-27 00:00:00,1.0,0.0
FAC_00044,2009RAVWZ2R         ,GF ,組   ,7800.0,2023-10-02 00:00:00,1.0,0.0
FAC_00047,AYW34+64055R        ,GF ,組   ,11000.0,2023-10-03 00:00:00,1.0,0.0
FAC_00019,IX35S1G             ,GF ,組   ,600.0,2023-10-03 00:00:00,1.0,0.0
FAC_00010,ABT-D060USBVW       ,GF ,ek4 ,200.0,2023-10-13 00:00:00,1.0,0.0
FAC_00047,07AYW32+325R        ,GF ,組   ,8700.0,2023-10-14 00:00:00,1.0,0.0
FAC_00027,OUTLANDERT2R        ,GF ,組   ,4500.0,2023-10-17 00:00:00,1.0,0.0
FAC_00023,YYC02USBTY          ,GF ,各   ,200.0,2023-10-17 00:00:00,3.0,0.0
FAC_00003,CRVN2W2             ,GF ,組   ,480.0,2023-10-18 00:00:00,1.0,0.0
FAC_00024,J00341CMG           ,GF ,支   ,130.0,2023-10-18 00:00:00,2.0,0.0
FAC_00053,LEXUSIS200TA1E2     ,GF ,組   ,300.0,2023-10-19 00:00:00,1.0,0.0
FAC_00019,WISHC2G1D           ,GF ,各   ,35.0,2023-10-20 00:00:00,20.0,0.0
FAC_00039,10ALTISA1D          ,GF ,組   ,700.0,2023-10-21 00:00:00,1.0,0.0
FAC_00053,2004WISHNQFMT       ,GF ,組   ,700.0,2023-10-24 00:00:00,1.0,0.0
FAC_00023,2TMUX1              ,GF ,組   ,350.0,2023-10-26 00:00:00,1.0,0.0
FAC_00064,KY303122FE          ,GF ,支   ,60.0,2023-10-26 00:00:00,2.0,0.0
FAC_00064,ABROGTU             ,GF ,罐   ,88.0,2023-10-26 00:00:00,5.0,0.0
FAC_00064,RVXGY2              ,GF ,各   ,125.0,2023-10-26 00:00:00,6.0,0.0
FAC_00052,BUU-8103EB5         ,GF ,各   ,1200.0,2023-10-27 00:00:00,1.0,0.0
FAC_00035,LE7512XECGW         ,GF ,各   ,600.0,2023-10-27 00:00:00,2.0,0.0
FAC_00037,XW0FFYFAA           ,GF ,組   ,114.0,2023-10-30 00:00:00,4.0,0.0
FAC_00019,10WISHSE1UF         ,GF ,各   ,450.0,2023-10-30 00:00:00,1.0,0.0
FAC_00019,10WISHUFVC1L        ,GF ,各   ,500.0,2023-10-30 00:00:00,1.0,0.0
FAC_00019,10WISHUFVC1R        ,GF ,各   ,500.0,2023-10-30 00:00:00,1.0,0.0
FAC_00053,10WISHNQGFMT        ,GF ,組   ,700.0,2023-10-31 00:00:00,1.0,0.0
FAC_00029,2QFWZUY             ,GF ,各   ,60.0,2023-11-01 00:00:00,4.0,0.0
FAC_00022,MIOC580VTRXF        ,GF ,組   ,2818.0,2023-03-30 00:00:00,2.0,0.0
FAC_00053,2012FORTISNQFMT     ,GF ,組   ,700.0,2023-11-02 00:00:00,1.0,0.0
FAC_00058,CLA250WT            ,GF ,次   ,2500.0,2023-11-03 00:00:00,1.0,0.0
FAC_00010,TAW001JMG           ,GF ,各   ,100.0,2023-10-26 00:00:00,1.0,0.0
FAC_00064,GN12036ZVQW         ,GF ,條   ,90.0,2024-08-08 00:00:00,5.0,0.0
FAC_00064,HK903FTX1           ,GF ,組   ,240.0,2025-06-19 00:00:00,2.0,0.0
FAC_00064,GN121WW             ,GF ,組   ,24.0,2025-06-19 00:00:00,5.0,0.0
FAC_00021,2QG                 ,GF ,罐   ,15.0,2025-10-30 00:00:00,24.0,0.0
FAC_00047,USBGTV              ,GF ,組   ,500.0,2023-11-08 00:00:00,1.0,0.0
FAC_00019,2014WISHC2E         ,GF ,支   ,400.0,2023-11-09 00:00:00,2.0,0.0
FAC_00019,TIERRADFV           ,GF ,各   ,120.0,2023-11-09 00:00:00,2.0,0.0
FAC_00047,7H2G                ,GF ,組   ,2500.0,2023-11-14 00:00:00,1.0,0.0
FAC_00050,5Y5VTRXF            ,GF ,組   ,1200.0,2023-11-14 00:00:00,1.0,0.0
FAC_00023,H-326111X1          ,GF ,組   ,160.0,2023-11-15 00:00:00,3.0,0.0
FAC_00023,X1VGXVX1            ,GF ,組   ,220.0,2023-11-15 00:00:00,1.0,0.0
FAC_00023,9006LEDNN22         ,GF ,組   ,800.0,2023-11-15 00:00:00,1.0,0.0
FAC_00044,BCF-16165TQ2        ,GF ,條   ,1850.0,2023-11-16 00:00:00,1.0,0.0
FAC_00044,BCF-1616Q2EY        ,GF ,次   ,600.0,2023-11-16 00:00:00,1.0,0.0
FAC_00044,BCF-1616CVNEY       ,GF ,次   ,600.0,2023-11-16 00:00:00,1.0,0.0
FAC_00066,D4OSRAM4300K        ,GF ,各   ,1300.0,2023-11-27 00:00:00,2.0,0.0
FAC_00066,ZV5K5DGUVTRXF       ,GF ,組   ,4200.0,2023-11-27 00:00:00,1.0,0.0
FAC_00019,15XTREILMGWZJ       ,GF ,各   ,600.0,2023-11-28 00:00:00,2.0,0.0
FAC_00019,93XGXXQF            ,GF ,組   ,500.0,2023-11-28 00:00:00,1.0,0.0
FAC_00037,4.3H52TV            ,GF ,組   ,600.0,2023-11-28 00:00:00,2.0,0.0
FAC_00003,2008QRVTX           ,GF ,組   ,3150.0,2023-11-28 00:00:00,1.0,0.0
FAC_00035,2004EAXCXXQ         ,GF ,組   ,2000.0,2023-11-27 00:00:00,1.0,0.0
FAC_00035,2004EAXUFT25        ,GF ,各   ,3500.0,2023-11-27 00:00:00,1.0,0.0
FAC_00047,OUTUNDERY55R        ,GF ,組   ,7000.0,2023-12-05 00:00:00,1.0,0.0
FAC_00043,PNSTK3012LEDDT5M    ,GF ,組   ,80.0,2023-12-05 00:00:00,2.0,0.0
FAC_00003,CX5TX               ,GF ,組   ,3150.0,2023-11-21 00:00:00,1.0,0.0
FAC_00043,PNSP05              ,GF ,各   ,30.0,2023-12-12 00:00:00,3.0,0.0
FAC_00043,PNSP06              ,GF ,各   ,30.0,2023-12-12 00:00:00,3.0,0.0
FAC_00053,YARISCORSS1E2       ,GF ,組   ,300.0,2023-12-14 00:00:00,1.0,0.0
FAC_00044,BUW-7317            ,GF ,次   ,1199.0,2023-12-16 00:00:00,1.0,0.0
FAC_00044,BUW-7317UFEXRN      ,GF ,組   ,1050.0,2023-12-16 00:00:00,1.0,0.0
FAC_00044,BUW-7317XFGBQ       ,GF ,組   ,3000.0,2023-12-16 00:00:00,1.0,0.0
FAC_00044,BUW-7317XFH5EY      ,GF ,次   ,4800.0,2023-12-16 00:00:00,1.0,0.0
FAC_00044,BUW-7317XFZG        ,GF ,組   ,4800.0,2023-12-16 00:00:00,1.0,0.0
FAC_00044,BUW-7317XFXV        ,GF ,各   ,600.0,2023-12-16 00:00:00,1.0,0.0
FAC_00023,GZJGUVTRXF          ,GF ,組   ,6500.0,2023-12-20 00:00:00,1.0,0.0
FAC_00010,MIOD20VTRXF         ,GF ,組   ,2000.0,2024-10-14 00:00:00,2.0,0.0
FAC_00044,BCF-1616CVN         ,GF ,各   ,450.0,2025-07-23 00:00:00,4.0,0.0
FAC_00043,PNSTK5012LED2       ,GF ,組   ,120.0,2025-11-19 00:00:00,2.0,0.0
FAC_00010,MIO6VTRXFR          ,GF ,各   ,150.0,2025-12-22 00:00:00,4.0,0.0
FAC_00053,YARISCORSSNQFMT     ,GF ,組   ,700.0,2023-12-25 00:00:00,1.0,0.0
FAC_00066,RSENH48000K2Q       ,GF ,各   ,150.0,2023-12-26 00:00:00,2.0,0.0
FAC_00014,LD-9JVGSR           ,GF ,次   ,800.0,2023-12-28 00:00:00,2.0,0.0
FAC_00014,LD9VTRXFV           ,GF ,各   ,150.0,2023-12-28 00:00:00,2.0,0.0
FAC_00019,AY25DFV             ,GF ,各   ,200.0,2023-12-30 00:00:00,2.0,0.0
FAC_00047,05GUVTRXFVW         ,GF ,條   ,500.0,2023-12-30 00:00:00,1.0,0.0
FAC_00047,2013EAX055R         ,GF ,組   ,9500.0,2024-01-03 00:00:00,1.0,0.0
FAC_00019,S5RU7GT2WQ          ,GF ,組   ,400.0,2024-01-04 00:00:00,1.0,0.0
FAC_00019,2XDC2D              ,GF ,各   ,450.0,2024-01-04 00:00:00,1.0,0.0
FAC_00044,BHD-59172FUXE5F     ,GF ,組   ,2300.0,2024-01-09 00:00:00,1.0,0.0
FAC_00010,ABTD0040FRGZE1V     ,GF ,件   ,130.0,2024-01-03 00:00:00,1.0,0.0
FAC_00010,TAA013RUUVW5        ,GF ,件   ,50.0,2024-01-03 00:00:00,2.0,0.0
FAC_00010,ABTE08195WXCRDTPD   ,GF ,組   ,320.0,2024-01-03 00:00:00,1.0,0.0
FAC_00053,2012TIDANQFMT       ,GF ,組   ,700.0,2024-01-09 00:00:00,1.0,0.0
FAC_00053,2012TIDATA1E2       ,GF ,組   ,300.0,2024-01-09 00:00:00,1.0,0.0
FAC_00053,U7NQGFMT            ,GF ,組   ,700.0,2024-01-10 00:00:00,1.0,0.0
FAC_00053,13TIDATA1E2         ,GF ,組   ,300.0,2024-01-10 00:00:00,1.0,0.0
FAC_00003,U75MW2              ,GF ,組   ,480.0,2024-01-12 00:00:00,1.0,0.0
FAC_00003,13TIDA5MW2          ,GF ,組   ,300.0,2024-01-12 00:00:00,1.0,0.0
FAC_00003,23YARIS5MW2         ,GF ,組   ,300.0,2024-01-12 00:00:00,1.0,0.0
FAC_00066,9006OSRAM           ,GF ,各   ,100.0,2024-01-26 00:00:00,20.0,0.0
FAC_00066,LP081UCE            ,GF ,各   ,80.0,2024-01-26 00:00:00,3.0,0.0
FAC_00026,WISH701QUW          ,GF ,組   ,3450.0,2024-02-01 00:00:00,1.0,0.0
FAC_00047,WISH4+64055R        ,GF ,組   ,9500.0,2024-02-04 00:00:00,1.0,0.0
FAC_00035,XWH5EY              ,GF ,次   ,200.0,2024-02-05 00:00:00,1.0,0.0
FAC_00044,LE-7512Z2R          ,GF ,組   ,2500.0,2024-02-08 00:00:00,1.0,0.0
FAC_00044,LE-7512Z2REY        ,GF ,次   ,600.0,2024-02-08 00:00:00,1.0,0.0
FAC_00044,LE-7512R2F          ,GF ,各   ,1200.0,2024-02-08 00:00:00,1.0,0.0
FAC_00047,AY25054+645R        ,GF ,組   ,9500.0,2024-02-09 00:00:00,1.0,0.0
FAC_00019,IX35RUV             ,GF ,組   ,100.0,2024-01-04 00:00:00,3.0,0.0
FAC_00010,TAA055DQF0FTV       ,GF ,組   ,60.0,2024-03-27 00:00:00,4.0,0.0
FAC_00010,ABTE091ZDJMAIGDJVJF ,GF ,組   ,650.0,2024-05-15 00:00:00,2.0,0.0
FAC_00029,W796CV5JR           ,GF ,各   ,390.0,2024-09-30 00:00:00,1.0,0.0
FAC_00066,RSENUE16HMG         ,GF ,支   ,70.0,2024-12-03 00:00:00,10.0,0.0
FAC_00010,ABTD002             ,GF ,組   ,1250.0,2025-01-03 00:00:00,2.0,0.0
FAC_00019,XXC2D               ,GF ,各   ,100.0,2024-02-15 00:00:00,1.0,0.0
FAC_00019,FCOUSQGW            ,GF ,各   ,200.0,2024-02-15 00:00:00,1.0,0.0
FAC_00038,ID300KUV            ,GF ,各   ,3500.0,2024-02-20 00:00:00,1.0,0.0
FAC_00053,2XDFMT              ,GF ,組   ,450.0,2024-02-20 00:00:00,1.0,0.0
FAC_00029,AR002QFE2-          ,GF ,組   ,280.0,2024-02-23 00:00:00,2.0,0.0
FAC_00029,AR003QFE2-          ,GF ,組   ,280.0,2024-02-23 00:00:00,2.0,0.0
FAC_00029,AR008QFE2-          ,GF ,組   ,190.0,2024-02-23 00:00:00,2.0,0.0
FAC_00029,5HMVGXCA            ,GF ,各   ,80.0,2024-02-23 00:00:00,3.0,0.0
FAC_00043,PNSS36              ,GF ,組   ,190.0,2026-03-12 00:00:00,3.0,0.0
FAC_00066,H1135W22Q           ,GF ,各   ,90.0,2026-04-01 00:00:00,20.0,0.0
FAC_00066,RSEN93ZVQW          ,GF ,各   ,280.0,2024-02-26 00:00:00,1.0,0.0
FAC_00043,PNSHDS04-C          ,GF ,組   ,80.0,2024-02-27 00:00:00,2.0,0.0
FAC_00019,82VACVN             ,GF ,各   ,460.0,2024-03-01 00:00:00,4.0,0.0
FAC_00023,XUGGX6GUVTRXFGPS    ,GF ,組   ,1900.0,2024-03-04 00:00:00,1.0,0.0
FAC_00053,08EAX2.4FMT         ,GF ,組   ,350.0,2024-03-05 00:00:00,1.0,0.0
FAC_00044,MXXDFMT             ,GF ,組   ,500.0,2024-03-11 00:00:00,1.0,0.0
FAC_00066,A8ZV27W92CE         ,GF ,各   ,400.0,2024-03-13 00:00:00,2.0,0.0
FAC_00023,D26000K2Q           ,GF ,各   ,250.0,2024-03-19 00:00:00,1.0,0.0
FAC_00047,03LANCH058C3+325R   ,GF ,組   ,7000.0,2024-04-02 00:00:00,1.0,0.0
FAC_00047,03LANCHXFVE         ,GF ,各   ,1800.0,2024-04-02 00:00:00,1.0,0.0
FAC_00040,YARISCORSS1E2       ,GF ,組   ,220.0,2024-03-27 00:00:00,1.0,0.0
FAC_00040,TCOUSTA1E2          ,GF ,各   ,220.0,2024-03-27 00:00:00,1.0,0.0
FAC_00040,12AY25TA1E2         ,GF ,組   ,220.0,2024-03-27 00:00:00,1.0,0.0
FAC_00047,ESCAPE2+32055R      ,GF ,組   ,7000.0,2024-03-30 00:00:00,1.0,0.0
FAC_00019,07LIVINAGTQ         ,GF ,組   ,250.0,2024-04-01 00:00:00,1.0,0.0
FAC_00051,15EAXNQFMT          ,GF ,組   ,700.0,2024-04-01 00:00:00,1.0,0.0
FAC_00053,15EAXNQFMT          ,GF ,組   ,700.0,2024-04-01 00:00:00,1.0,0.0
FAC_00047,FIT2+32055R         ,GF ,組   ,7000.0,2024-04-03 00:00:00,1.0,0.0
FAC_00036,ERQ60J2U            ,GF ,各   ,1650.0,2024-04-06 00:00:00,4.0,0.0
FAC_00014,BGFTDFV             ,GF ,各   ,200.0,2024-04-08 00:00:00,1.0,0.0
FAC_00014,BGFUV               ,GF ,各   ,200.0,2024-04-08 00:00:00,1.0,0.0
FAC_00047,WISH4+64+CR5R       ,GF ,組   ,20000.0,2024-04-03 00:00:00,1.0,0.0
FAC_00023,D1SLED22            ,GF ,組   ,1100.0,2024-04-25 00:00:00,1.0,0.0
FAC_00050,Z10GUVTRXF20A       ,GF ,組   ,2600.0,2024-05-16 00:00:00,1.0,0.0
FAC_00029,6H2XCA              ,GF ,各   ,90.0,2024-06-07 00:00:00,3.0,0.0
FAC_00066,RSENUE18HMG         ,GF ,支   ,70.0,2024-12-17 00:00:00,10.0,0.0
FAC_00066,RSEND14300K2Q       ,GF ,各   ,450.0,2025-04-26 00:00:00,2.0,0.0
FAC_00066,RSEN36MMCANBUS      ,GF ,卡   ,100.0,2024-04-09 00:00:00,3.0,0.0
FAC_00064,DAYQQWW             ,GF ,組   ,280.0,2024-04-11 00:00:00,4.0,0.0
FAC_00064,TVJ1                ,GF ,條   ,22.0,2024-04-11 00:00:00,15.0,0.0
FAC_00044,BGN-1902            ,GF ,個   ,700.0,2024-04-15 00:00:00,1.0,0.0
FAC_00044,BGN-19025GQ2        ,GF ,條   ,1500.0,2024-04-15 00:00:00,1.0,0.0
FAC_00044,BGN-19025GQ2252X    ,GF ,個   ,700.0,2024-04-15 00:00:00,1.0,0.0
FAC_00044,BGN-19025GQ22X      ,GF ,個   ,700.0,2024-04-15 00:00:00,1.0,0.0
FAC_00044,BGN-1902DFXXE5F     ,GF ,個   ,1500.0,2024-04-15 00:00:00,1.0,0.0
FAC_00044,BGN-1902QC5Q2       ,GF ,個   ,600.0,2024-04-15 00:00:00,1.0,0.0
FAC_00044,BGN-1902RU1UZ       ,GF ,個   ,400.0,2024-04-15 00:00:00,1.0,0.0
FAC_00044,BGN-1902Z2QYT       ,GF ,個   ,2500.0,2024-04-15 00:00:00,1.0,0.0
FAC_00044,BGN-19025GEY        ,GF ,次   ,1400.0,2024-04-15 00:00:00,1.0,0.0
FAC_00044,1998TGEUR5          ,GF ,組   ,1150.0,2024-04-16 00:00:00,1.0,0.0
FAC_00044,1998Z2QE            ,GF ,組   ,650.0,2024-04-16 00:00:00,1.0,0.0
FAC_00044,1998BGZCW           ,GF ,組   ,350.0,2024-04-16 00:00:00,1.0,0.0
FAC_00037,WVJV1               ,GF ,組   ,156.0,2024-04-18 00:00:00,2.0,0.0
FAC_00037,5CMZQW              ,GF ,卷   ,411.0,2024-04-18 00:00:00,2.0,0.0
FAC_00037,WMVWVJZVQW          ,GF ,組   ,248.0,2024-04-18 00:00:00,3.0,0.0
FAC_00037,CVWVJC1             ,GF ,組   ,192.0,2024-04-18 00:00:00,3.0,0.0
FAC_00019,F1WFRGRR            ,GF ,組   ,1300.0,2024-04-19 00:00:00,1.0,0.0
FAC_00047,2015RAV4JD          ,GF ,組   ,1000.0,2024-04-19 00:00:00,1.0,0.0
FAC_00044,LE7512QFE           ,GF ,支   ,1900.0,2024-04-22 00:00:00,1.0,0.0
FAC_00037,USB5RW              ,GF ,各   ,27.0,2024-04-22 00:00:00,7.0,0.0
FAC_00066,SAXO5W50            ,GF ,罐   ,220.0,2024-04-26 00:00:00,12.0,0.0
FAC_00023,RSEND14300K2Q       ,GF ,各   ,450.0,2024-04-25 00:00:00,1.0,0.0
FAC_00010,ABT-D007            ,GF ,組   ,260.0,2024-05-15 00:00:00,2.0,0.0
FAC_00010,ABTA077             ,GF ,組   ,130.0,2024-05-15 00:00:00,3.0,0.0
FAC_00010,ABT-A179            ,GF ,組   ,200.0,2024-05-15 00:00:00,2.0,0.0
FAC_00050,Z10CTUTV            ,GF ,條   ,200.0,2024-05-16 00:00:00,1.0,0.0
FAC_00043,PNS-P07-01          ,GF ,條   ,78.0,2024-05-20 00:00:00,2.0,0.0
FAC_00023,2TX2U               ,GF ,各   ,100.0,2025-01-16 00:00:00,2.0,0.0
FAC_00066,TYPER900655W1E2Q    ,GF ,組   ,200.0,2025-03-14 00:00:00,2.0,0.0
FAC_00064,6BCA                ,GF ,包   ,38.0,2025-06-19 00:00:00,6.0,0.0
FAC_00043,Z1010H2YGVTRXF      ,GF ,組   ,2300.0,2025-07-14 00:00:00,2.0,0.0
FAC_00036,ERQ80D23LUCR2T      ,GF ,各   ,2500.0,2025-10-23 00:00:00,2.0,0.0
FAC_00050,Z10CVU              ,GF ,組   ,800.0,2026-02-10 00:00:00,1.0,0.0
FAC_00042,2DR                 ,GF ,各   ,199.0,2024-05-22 00:00:00,2.0,0.0
FAC_00042,NG2                 ,GF ,各   ,129.0,2024-05-22 00:00:00,2.0,0.0
FAC_00047,5287-EQ4+64055R     ,GF ,組   ,9000.0,2024-05-22 00:00:00,1.0,0.0
FAC_00019,08ALTISCGR2R        ,GF ,各   ,400.0,2024-05-24 00:00:00,1.0,0.0
FAC_00047,BNF-6175055R        ,GF ,組   ,9000.0,2024-05-27 00:00:00,1.0,0.0
FAC_00010,ABT-A164GN1GR5RVY   ,GF ,個   ,160.0,2024-05-27 00:00:00,1.0,0.0
FAC_00044,BHD-5719Q5Z         ,GF ,組   ,1500.0,2024-05-28 00:00:00,1.0,0.0
FAC_00044,BHD-5719XA          ,GF ,次   ,1199.0,2024-05-28 00:00:00,1.0,0.0
FAC_00044,BHD-5719XFFR        ,GF ,次   ,1200.0,2024-05-28 00:00:00,1.0,0.0
FAC_00044,BHD-5719XFNBQ       ,GF ,組   ,4500.0,2024-05-28 00:00:00,1.0,0.0
FAC_00043,PNS-HD39UCRJFGRR    ,GF ,組   ,280.0,2024-05-28 00:00:00,2.0,0.0
FAC_00043,PNS-HG09            ,GF ,組   ,100.0,2024-05-28 00:00:00,2.0,0.0
FAC_00043,PNS-F520            ,GF ,組   ,220.0,2024-05-28 00:00:00,2.0,0.0
FAC_00043,T10-3528            ,GF ,組   ,160.0,2024-05-28 00:00:00,2.0,0.0
FAC_00043,T10-3030            ,GF ,組   ,160.0,2024-05-28 00:00:00,4.0,0.0
FAC_00043,PNS-HDF39-GRUCRJFN1 ,GF ,組   ,280.0,2024-05-28 00:00:00,2.0,0.0
FAC_00053,ESCAPEFMT           ,GF ,組   ,450.0,2024-06-04 00:00:00,1.0,0.0
FAC_00053,ESCAPE4QFMT         ,GF ,組   ,700.0,2024-06-04 00:00:00,1.0,0.0
FAC_00029,AF003ZWQ2W          ,GF ,各   ,360.0,2024-06-07 00:00:00,2.0,0.0
FAC_00029,QAJFTNFTR           ,GF ,罐   ,180.0,2024-06-07 00:00:00,3.0,0.0
FAC_00029,F16X5Q5XN           ,GF ,卡   ,70.0,2024-06-07 00:00:00,6.0,0.0
FAC_00003,SIENTA5MW2          ,GF ,組   ,300.0,2024-06-07 00:00:00,1.0,0.0
FAC_00003,R25MW2              ,GF ,組   ,530.0,2024-06-07 00:00:00,1.0,0.0
FAC_00047,AWL-57724+645R      ,GF ,組   ,9500.0,2024-06-07 00:00:00,1.0,0.0
FAC_00010,ABTE095             ,GF ,組   ,1300.0,2024-06-07 00:00:00,1.0,0.0
FAC_00010,ABTE084             ,GF ,各   ,450.0,2024-06-07 00:00:00,2.0,0.0
FAC_00043,H7LED28W5G          ,GF ,組   ,600.0,2024-06-11 00:00:00,1.0,0.0
FAC_00043,H11LED28W22         ,GF ,組   ,600.0,2024-06-11 00:00:00,1.0,0.0
FAC_00043,PNSS37TY            ,GF ,組   ,210.0,2024-06-11 00:00:00,1.0,0.0
FAC_00066,I                   ,GF ,各   ,250.0,2024-06-12 00:00:00,1.0,0.0
FAC_00019,YARIS062225         ,GF ,組   ,1800.0,2024-06-13 00:00:00,1.0,0.0
FAC_00037,TUVERY              ,GF ,組   ,28.0,2024-06-14 00:00:00,5.0,0.0
FAC_00019,96R2CGRE            ,GF ,組   ,550.0,2024-06-15 00:00:00,1.0,0.0
FAC_00066,RSEN90068000K2Q     ,GF ,各   ,150.0,2024-08-26 00:00:00,2.0,0.0
FAC_00010,ABTA159JMXFDGRR     ,GF ,ek4 ,130.0,2025-12-22 00:00:00,2.0,0.0
FAC_00010,ABT-A079EUT2GRR     ,GF ,個   ,580.0,2025-12-22 00:00:00,2.0,0.0
FAC_00019,ZINGERCVC2          ,GF ,支   ,300.0,2024-06-15 00:00:00,1.0,0.0
FAC_00019,ZINGERCYCE          ,GF ,支   ,450.0,2024-06-15 00:00:00,1.0,0.0
FAC_00044,6802-QKGTU1U        ,GF ,組   ,599.0,2024-06-18 00:00:00,1.0,0.0
FAC_00044,6802-QKQUYVW1U      ,GF ,次   ,999.0,2024-06-18 00:00:00,1.0,0.0
FAC_00044,6802-QKXFQ2         ,GF ,條   ,1150.0,2024-06-18 00:00:00,1.0,0.0
FAC_00044,6802-QKYCQ2         ,GF ,組   ,1050.0,2024-06-18 00:00:00,1.0,0.0
FAC_00044,6802-QJRFA1U        ,GF ,次   ,702.0,2024-06-18 00:00:00,1.0,0.0
FAC_00044,CLA250ABSE5F        ,GF ,組   ,2800.0,2024-06-20 00:00:00,1.0,0.0
FAC_00064,T5GEBA              ,GF ,張   ,220.0,2024-06-21 00:00:00,3.0,0.0
FAC_00064,T-137               ,GF ,罐   ,220.0,2024-06-21 00:00:00,3.0,0.0
FAC_00047,ROGUE055R           ,GF ,組   ,9000.0,2024-06-19 00:00:00,1.0,0.0
FAC_00066,CARMATERUR          ,GF ,罐   ,110.0,2024-06-26 00:00:00,3.0,0.0
FAC_00066,J2WV2               ,GF ,組   ,70.0,2024-06-26 00:00:00,2.0,0.0
FAC_00066,RSEN102G            ,GF ,組   ,1800.0,2024-06-26 00:00:00,1.0,0.0
FAC_00066,PC6233RVWUR         ,GF ,組   ,160.0,2024-06-26 00:00:00,2.0,0.0
FAC_00066,CARMATERU5UR        ,GF ,罐   ,110.0,2024-06-26 00:00:00,3.0,0.0
FAC_00003,2018VIOS5MW2        ,GF ,組   ,390.0,2024-06-26 00:00:00,2.0,0.0
FAC_00019,VUS1GR              ,GF ,組   ,200.0,2024-06-26 00:00:00,1.0,0.0
FAC_00019,FORTISCVN           ,GF ,各   ,400.0,2024-06-28 00:00:00,4.0,0.0
FAC_00005,2280-MR             ,GF ,組   ,2500.0,2024-06-15 00:00:00,1.0,0.0
FAC_00005,2280-MRG1Q          ,GF ,組   ,2500.0,2024-06-15 00:00:00,1.0,0.0
FAC_00005,2280-MRVGE          ,GF ,支   ,700.0,2024-06-15 00:00:00,1.0,0.0
FAC_00005,2280-MRZ2R          ,GF ,組   ,5500.0,2024-06-15 00:00:00,1.0,0.0
FAC_00005,2280-MRGVR2         ,GF ,罐   ,600.0,2024-06-15 00:00:00,1.0,0.0
FAC_00044,AFK-2537EZR         ,GF ,組   ,3000.0,2024-07-01 00:00:00,1.0,0.0
FAC_00044,AFK-2537EZREY       ,GF ,次   ,600.0,2024-07-01 00:00:00,1.0,0.0
FAC_00019,12ELANTRAGTUE5      ,GF ,組   ,900.0,2024-07-01 00:00:00,1.0,0.0
FAC_00047,CS376USB5R          ,GF ,組   ,1800.0,2024-07-02 00:00:00,1.0,0.0
FAC_00053,2022CBG             ,GF ,組   ,350.0,2024-07-03 00:00:00,1.0,0.0
FAC_00023,2TXWGJVNU           ,GF ,組   ,1050.0,2024-07-09 00:00:00,1.0,0.0
FAC_00043,PNSSUN16-L          ,GF ,各   ,150.0,2024-08-13 00:00:00,2.0,0.0
FAC_00019,UXZMG1              ,GF ,支   ,550.0,2025-04-26 00:00:00,1.0,0.0
FAC_00064,C551GR              ,GF ,罐   ,85.0,2025-06-19 00:00:00,4.0,0.0
FAC_00066,RSEND243000K2Q      ,GF ,各   ,250.0,2025-06-26 00:00:00,2.0,0.0
FAC_00036,ERQ60UCR2Q          ,GF ,各   ,1900.0,2025-08-18 00:00:00,2.0,0.0
FAC_00019,96R2CGRQ            ,GF ,各   ,300.0,2026-01-16 00:00:00,2.0,0.0
FAC_00019,ZXDCGRR             ,GF ,組   ,1000.0,2024-07-11 00:00:00,1.0,0.0
FAC_00053,PRIUS1.5TA1E2       ,GF ,組   ,300.0,2024-07-11 00:00:00,1.0,0.0
FAC_00019,PRUISDFV            ,GF ,各   ,300.0,2024-07-12 00:00:00,1.0,0.0
FAC_00019,PRUISXFV            ,GF ,各   ,250.0,2024-07-12 00:00:00,1.0,0.0
FAC_00043,PNSSUN19            ,GF ,各   ,80.0,2024-07-12 00:00:00,3.0,0.0
FAC_00015,03ALTISERR          ,GF ,組   ,300.0,2024-07-17 00:00:00,1.0,0.0
FAC_00066,R2F                 ,GF ,組   ,35.0,2024-07-26 00:00:00,10.0,0.0
FAC_00019,04WISHCGRQR         ,GF ,片   ,400.0,2024-07-26 00:00:00,1.0,0.0
FAC_00047,RAV48128            ,GF ,組   ,14000.0,2024-07-27 00:00:00,1.0,0.0
FAC_00019,03ALTISERR          ,GF ,組   ,300.0,2024-07-29 00:00:00,1.0,0.0
FAC_00047,WISH8+128055R       ,GF ,組   ,13000.0,2024-07-31 00:00:00,1.0,0.0
FAC_00047,13A2-8+32+CAN       ,GF ,組   ,8000.0,2024-08-03 00:00:00,1.0,0.0
FAC_00040,06YARISTA1E2        ,GF ,組   ,220.0,2024-08-05 00:00:00,1.0,0.0
FAC_00040,CHRTA1E2            ,GF ,組   ,220.0,2024-08-05 00:00:00,1.0,0.0
FAC_00040,03AY23TA1E2         ,GF ,組   ,220.0,2024-08-05 00:00:00,1.0,0.0
FAC_00040,NXGRANDTA1E2        ,GF ,組   ,220.0,2024-08-05 00:00:00,1.0,0.0
FAC_00040,13RAV4TA1E2         ,GF ,組   ,220.0,2024-08-05 00:00:00,2.0,0.0
FAC_00040,14CRVTA1E2          ,GF ,駔   ,220.0,2024-08-05 00:00:00,1.0,0.0
FAC_00040,EXXTA1E2            ,GF ,組   ,270.0,2024-08-05 00:00:00,1.0,0.0
FAC_00019,CLA250YQU           ,GF ,次   ,2000.0,2024-08-07 00:00:00,1.0,0.0
FAC_00019,CLA250XFXJ          ,GF ,各   ,500.0,2024-08-07 00:00:00,1.0,0.0
FAC_00064,CCZVQW              ,GF ,條   ,100.0,2024-08-08 00:00:00,6.0,0.0
FAC_00064,6H2XCA              ,GF ,各   ,60.0,2024-08-08 00:00:00,6.0,0.0
FAC_00019,2ZSIRIONDFV         ,GF ,各   ,250.0,2024-08-10 00:00:00,1.0,0.0
FAC_00044,2017FCOUSYE5F       ,GF ,組   ,1500.0,2024-08-10 00:00:00,1.0,0.0
FAC_00053,01ALTISFMT          ,GF ,組   ,350.0,2024-08-13 00:00:00,1.0,0.0
FAC_00043,PNSFB1801           ,GF ,各   ,370.0,2024-08-13 00:00:00,1.0,0.0
FAC_00010,ABTE0772XGVTF       ,GF ,組   ,1100.0,2022-12-08 00:00:00,1.0,0.0
FAC_00066,V189006LED22        ,GF ,組   ,1700.0,2024-08-15 00:00:00,1.0,0.0
FAC_00066,V18NH4LED22         ,GF ,組   ,1700.0,2024-08-15 00:00:00,1.0,0.0
FAC_00066,V18NH7LED22         ,GF ,組   ,1700.0,2024-08-15 00:00:00,1.0,0.0
FAC_00044,FCOUS5MRU           ,GF ,罐   ,380.0,2024-08-14 00:00:00,5.0,0.0
FAC_00053,13A2-NQFMT          ,GF ,組   ,700.0,2024-08-05 00:00:00,1.0,0.0
FAC_00064,GN-293MGG           ,GF ,罐   ,60.0,2025-06-19 00:00:00,4.0,0.0
FAC_00064,GN290GVR            ,GF ,罐   ,80.0,2025-06-19 00:00:00,4.0,0.0
FAC_00066,V18N9012LED22       ,GF ,組   ,1700.0,2025-12-23 00:00:00,1.0,0.0
FAC_00044,FCOUSUV             ,GF ,各   ,250.0,2024-08-14 00:00:00,1.0,0.0
FAC_00044,FCOUS5MXFXJ         ,GF ,各   ,400.0,2024-08-14 00:00:00,1.0,0.0
FAC_00053,HRVXQGFMT           ,GF ,組   ,350.0,2024-08-21 00:00:00,1.0,0.0
FAC_00044,02EAX2XUE           ,GF ,組   ,800.0,2024-08-21 00:00:00,1.0,0.0
FAC_00066,T202VCQ             ,GF ,各   ,28.0,2024-08-26 00:00:00,20.0,0.0
FAC_00023,VTRXFV              ,GF ,組   ,150.0,2024-08-23 00:00:00,4.0,0.0
FAC_00019,01ALTISUD5D         ,GF ,各   ,450.0,2024-08-26 00:00:00,1.0,0.0
FAC_00035,0760-TPGV5R         ,GF ,各   ,500.0,2024-08-31 00:00:00,1.0,0.0
FAC_00035,0760-TPZ2R          ,GF ,組   ,4000.0,2024-08-31 00:00:00,1.0,0.0
FAC_00035,0760-TPGVWNE        ,GF ,各   ,350.0,2024-08-31 00:00:00,1.0,0.0
FAC_00035,0760-TPGVE          ,GF ,各   ,200.0,2024-08-31 00:00:00,1.0,0.0
FAC_00035,0760-TPYFT25        ,GF ,組   ,2100.0,2024-08-31 00:00:00,1.0,0.0
FAC_00035,0760-TPGV           ,GF ,組   ,1800.0,2024-08-31 00:00:00,1.0,0.0
FAC_00035,0762-TPEY           ,GF ,次   ,3000.0,2024-08-31 00:00:00,1.0,0.0
FAC_00010,ABT-E711TT          ,GF ,各   ,118.2,2024-09-05 00:00:00,11.0,0.0
FAC_00054,3313-TPUCA1D        ,GF ,次   ,2500.0,2024-09-09 00:00:00,1.0,0.0
FAC_00043,PNSHDF28            ,GF ,組   ,130.0,2024-09-09 00:00:00,2.0,0.0
FAC_00019,05FCOUSCVA1         ,GF ,組   ,500.0,2024-09-13 00:00:00,1.0,0.0
FAC_00053,3VXTA1E2            ,GF ,組   ,300.0,2024-09-13 00:00:00,1.0,0.0
FAC_00026,VIOSUCSG1           ,GF ,次   ,1500.0,2024-09-20 00:00:00,1.0,0.0
FAC_00026,08ALTISCUW          ,GF ,組   ,1100.0,2024-09-24 00:00:00,1.0,0.0
FAC_00029,50AP1VN             ,GF ,各   ,50.0,2024-09-30 00:00:00,1.0,0.0
FAC_00029,60A1VN              ,GF ,各   ,50.0,2024-09-30 00:00:00,1.0,0.0
FAC_00029,J2WV18CM            ,GF ,支   ,250.0,2024-09-30 00:00:00,2.0,0.0
FAC_00029,100A1VN             ,GF ,各   ,50.0,2024-09-30 00:00:00,2.0,0.0
FAC_00029,70A1VN              ,GF ,各   ,50.0,2024-09-30 00:00:00,2.0,0.0
FAC_00029,DE-352EF            ,GF ,組   ,110.0,2024-09-30 00:00:00,2.0,0.0
FAC_00044,6069-RG             ,GF ,組   ,4100.0,2024-10-01 00:00:00,1.0,0.0
FAC_00047,XASX4054+645R       ,GF ,組   ,9000.0,2024-10-05 00:00:00,1.0,0.0
FAC_00010,ABT-D005            ,GF ,組   ,850.0,2024-10-08 00:00:00,2.0,0.0
FAC_00066,XB572ZR2V           ,GF ,組   ,280.0,2024-12-17 00:00:00,1.0,0.0
FAC_00054,3313-TPF1EDF        ,GF ,次   ,1800.0,2025-03-24 00:00:00,1.0,0.0
FAC_00054,3313-TPF1E          ,GF ,組   ,1800.0,2025-03-24 00:00:00,1.0,0.0
FAC_00066,RSENEFFVR           ,GF ,罐   ,75.0,2025-06-06 00:00:00,3.0,0.0
FAC_00014,JGWA5               ,GF ,組   ,1300.0,2025-11-20 00:00:00,3.0,0.0
FAC_00040,XASX4TA1E2          ,GF ,組   ,220.0,2024-10-09 00:00:00,1.0,0.0
FAC_00064,1MT5F               ,GF ,組   ,1350.0,2024-10-10 00:00:00,1.0,0.0
FAC_00066,H355W2Q             ,GF ,各   ,25.0,2024-10-15 00:00:00,10.0,0.0
FAC_00066,H1255W              ,GF ,各   ,30.0,2024-10-15 00:00:00,10.0,0.0
FAC_00010,V2STAREXZG          ,GF ,各   ,1700.0,2024-10-17 00:00:00,1.0,0.0
FAC_00044,MIMI2Q              ,GF ,各   ,5000.0,2024-11-05 00:00:00,1.0,0.0
FAC_00019,FOCUSR2F            ,GF ,各   ,500.0,2024-11-09 00:00:00,1.0,0.0
FAC_00044,7D3237Q2            ,GF ,組   ,2000.0,2024-11-13 00:00:00,1.0,0.0
FAC_00044,SUFEUV              ,GF ,各   ,180.0,2024-11-13 00:00:00,1.0,0.0
FAC_00023,XUG3UVTRXF          ,GF ,組   ,3950.0,2026-04-02 00:00:00,1.0,0.0
FAC_00044,SUFECUEY            ,GF ,次   ,200.0,2024-11-13 00:00:00,1.0,0.0
FAC_00029,KYKMGR              ,GF ,罐   ,70.0,2024-11-14 00:00:00,3.0,0.0
FAC_00043,PNS1706HDUSB5VGUTY  ,GF ,組   ,80.0,2024-11-19 00:00:00,3.0,0.0
FAC_00003,OULLANDERW2         ,GF ,組   ,630.0,2024-11-20 00:00:00,1.0,0.0
FAC_00003,15ALTIS5MW2         ,GF ,組   ,300.0,2024-11-20 00:00:00,1.0,0.0
FAC_00036,345LNDU2T2Q         ,GF ,各   ,2400.0,2024-11-21 00:00:00,1.0,0.0
FAC_00023,24VRG2LED           ,GF ,各   ,980.0,2024-11-23 00:00:00,1.0,0.0
FAC_00023,24VRG22QG           ,GF ,組   ,750.0,2024-11-23 00:00:00,1.0,0.0
FAC_00066,RSENUGMG22H         ,GF ,支   ,70.0,2024-12-03 00:00:00,10.0,0.0
FAC_00066,H724V2Q             ,GF ,各   ,80.0,2024-12-03 00:00:00,10.0,0.0
FAC_00019,U6FMT               ,GF ,組   ,550.0,2024-11-27 00:00:00,1.0,0.0
FAC_00024,J00352CMG           ,GF ,支   ,130.0,2024-12-02 00:00:00,2.0,0.0
FAC_00035,BCF161617XF         ,GF ,各   ,3900.0,2024-11-27 00:00:00,4.0,0.0
FAC_00019,13VIOSFMTXQ         ,GF ,組   ,400.0,2024-12-05 00:00:00,1.0,0.0
FAC_00053,13TIDA4QFMT         ,GF ,組   ,700.0,2024-12-06 00:00:00,1.0,0.0
FAC_00019,13VIOSCFMT          ,GF ,組   ,350.0,2024-12-06 00:00:00,1.0,0.0
FAC_00019,GOLFUVUVE           ,GF ,組   ,150.0,2024-12-06 00:00:00,1.0,0.0
FAC_00066,712XFDGRR           ,GF ,組   ,120.0,2024-12-05 00:00:00,2.0,0.0
FAC_00019,2XDR2F              ,GF ,組   ,500.0,2024-12-14 00:00:00,1.0,0.0
FAC_00066,RSEMBEMG18          ,GF ,支   ,90.0,2024-12-17 00:00:00,10.0,0.0
FAC_00003,99R2CAW2            ,GF ,各   ,700.0,2024-12-23 00:00:00,1.0,0.0
FAC_00003,12BMWX55MW2         ,GF ,1   ,1000.0,2024-12-23 00:00:00,1.0,0.0
FAC_00064,GN-102EF            ,GF ,組   ,130.0,2025-06-19 00:00:00,3.0,0.0
FAC_00024,ZEROFV1UUR          ,GF ,罐   ,180.0,2025-10-29 00:00:00,3.0,0.0
FAC_00066,709U11GRR           ,GF ,組   ,120.0,2025-11-22 00:00:00,1.0,0.0
FAC_00066,703TZD5XGRR         ,GF ,組   ,120.0,2025-11-22 00:00:00,1.0,0.0
FAC_00019,R2CGR               ,GF ,組   ,200.0,2026-01-16 00:00:00,2.0,0.0
FAC_00035,BHD-5917            ,GF ,個   ,3400.0,2024-12-17 00:00:00,1.0,0.0
FAC_00009,VH                  ,GF ,米   ,8.0,2024-12-18 00:00:00,50.0,0.0
FAC_00019,17SU5FL             ,GF ,個   ,1000.0,2024-12-19 00:00:00,1.0,0.0
FAC_00019,17SXCFR             ,GF ,個   ,1000.0,2024-12-19 00:00:00,1.0,0.0
FAC_00019,17SXCRL             ,GF ,個   ,500.0,2024-12-19 00:00:00,1.0,0.0
FAC_00019,17SXCRR             ,GF ,個   ,500.0,2024-12-19 00:00:00,1.0,0.0
FAC_00003,2015CRVCAFT+CV      ,GF ,組   ,2100.0,2024-12-19 00:00:00,1.0,0.0
FAC_00019,GOLTPLUSGSR         ,GF ,個   ,500.0,2024-12-23 00:00:00,1.0,0.0
FAC_00044,BCF-1616V2Q         ,GF ,各   ,2950.0,2024-12-28 00:00:00,1.0,0.0
FAC_00043,PNSHDF43            ,GF ,組   ,140.0,2024-12-28 00:00:00,2.0,0.0
FAC_00043,PNSHUDS1            ,GF ,組   ,980.0,2024-12-28 00:00:00,1.0,0.0
FAC_00052,0760-T9WISHF2EB5    ,GF ,次   ,3000.0,2025-01-03 00:00:00,1.0,0.0
FAC_00019,XTRAILDFV           ,GF ,各   ,250.0,2025-01-03 00:00:00,1.0,0.0
FAC_00019,XTRAILRUV           ,GF ,各   ,100.0,2025-01-03 00:00:00,1.0,0.0
FAC_00019,XTRAILXFXJ          ,GF ,各   ,300.0,2025-01-03 00:00:00,1.0,0.0
FAC_00047,BEV-83298C+128055R  ,GF ,組   ,12500.0,2025-01-04 00:00:00,1.0,0.0
FAC_00019,01ALTISTA5DYF       ,GF ,各   ,1100.0,2025-01-06 00:00:00,1.0,0.0
FAC_00010,MIOD22GPSVTRXF      ,GF ,組   ,2000.0,2025-01-06 00:00:00,2.0,0.0
FAC_00063,J00391              ,GF ,張   ,40.0,2025-01-07 00:00:00,4.0,0.0
FAC_00063,K00460              ,GF ,張   ,50.0,2025-01-07 00:00:00,4.0,0.0
FAC_00063,J00398              ,GF ,各   ,40.0,2025-01-07 00:00:00,2.0,0.0
FAC_00063,MZ                  ,GF ,次   ,100.0,2025-01-07 00:00:00,1.0,0.0
FAC_00047,0760-T9CREY         ,GF ,次   ,1000.0,2025-01-09 00:00:00,1.0,0.0
FAC_00047,0760-T9WISH0513H5R  ,GF ,組   ,15500.0,2025-01-09 00:00:00,1.0,0.0
FAC_00066,RSENQEGXR           ,GF ,罐   ,75.0,2025-01-15 00:00:00,3.0,0.0
FAC_00066,RSENB12W            ,GF ,罐   ,75.0,2025-01-15 00:00:00,3.0,0.0
FAC_00023,PD12012MRW          ,GF ,各   ,120.0,2025-01-16 00:00:00,2.0,0.0
FAC_00052,BAL-7633EB5         ,GF ,組   ,4500.0,2025-01-21 00:00:00,1.0,0.0
FAC_00019,WISH2E              ,GF ,組   ,400.0,2025-01-21 00:00:00,2.0,0.0
FAC_00066,RSENVTR             ,GF ,罐   ,80.0,2025-01-21 00:00:00,6.0,0.0
FAC_00025,GARMIN762C          ,GF ,組   ,7900.0,2025-01-23 00:00:00,1.0,0.0
FAC_00019,10WISHXF15H15       ,GF ,各   ,5000.0,2025-02-06 00:00:00,1.0,0.0
FAC_00003,DUCA2HW2            ,GF ,組   ,1000.0,2025-02-06 00:00:00,1.0,0.0
FAC_00054,0760-T9UCA1R        ,GF ,次   ,1500.0,2025-02-11 00:00:00,1.0,0.0
FAC_00023,PG10671UF           ,GF ,各   ,1800.0,2025-02-12 00:00:00,1.0,0.0
FAC_00066,V18H11LED22         ,GF ,組   ,1700.0,2025-04-26 00:00:00,1.0,0.0
FAC_00027,2016WISHT2R         ,GF ,組   ,3850.0,2025-03-31 00:00:00,1.0,0.0
FAC_00027,2016WISHUR          ,GF ,組   ,800.0,2025-03-31 00:00:00,1.0,0.0
FAC_00029,DQ-003E-13X1VOMNN   ,GF ,個   ,350.0,2025-04-02 00:00:00,1.0,0.0
FAC_00029,DQ-003F2C1          ,GF ,個   ,220.0,2025-04-02 00:00:00,1.0,0.0
FAC_00029,BA-10055C55ZAP6QGR  ,GF ,個   ,90.0,2025-04-02 00:00:00,2.0,0.0
FAC_00029,B-22208C55AWQAFRR   ,GF ,個   ,130.0,2025-04-02 00:00:00,2.0,0.0
FAC_00043,PNS-CS150           ,GF ,組   ,180.0,2025-04-02 00:00:00,1.0,0.0
FAC_00043,PNSP012             ,GF ,各   ,35.0,2025-04-02 00:00:00,3.0,0.0
FAC_00043,PNS-SCUP11          ,GF ,組   ,200.0,2025-04-02 00:00:00,2.0,0.0
FAC_00043,PNSHDF29            ,GF ,組   ,130.0,2025-04-02 00:00:00,2.0,0.0
FAC_00035,BPT-3788XW          ,GF ,各   ,3000.0,2025-04-02 00:00:00,4.0,0.0
FAC_00019,02EAXXXQ            ,GF ,各   ,950.0,2025-04-10 00:00:00,1.0,0.0
FAC_00063,F00522              ,GF ,個   ,20.0,2025-04-11 00:00:00,2.0,0.0
FAC_00063,LEO007R             ,GF ,卷   ,65.0,2025-04-11 00:00:00,2.0,0.0
FAC_00063,LEO007Y             ,GF ,卷   ,65.0,2025-04-11 00:00:00,2.0,0.0
FAC_00063,LEO694Y             ,GF ,卷   ,30.0,2025-04-11 00:00:00,2.0,0.0
FAC_00063,LEO695Y             ,GF ,卷   ,40.0,2025-04-11 00:00:00,1.0,0.0
FAC_00063,LEO720GR            ,GF ,卷   ,50.0,2025-04-11 00:00:00,3.0,0.0
FAC_00003,2010LRXUSRX450      ,GF ,組   ,700.0,2025-04-17 00:00:00,1.0,0.0
FAC_00066,RSENT10CQ2Q         ,GF ,卡   ,70.0,2025-04-26 00:00:00,2.0,0.0
FAC_00066,RSENGR1539MM        ,GF ,卡   ,120.0,2025-04-26 00:00:00,2.0,0.0
FAC_00066,AS1VN               ,GF ,各   ,2.0,2025-04-26 00:00:00,60.0,0.0
FAC_00019,10WISHRUV           ,GF ,各   ,80.0,2025-04-29 00:00:00,3.0,0.0
FAC_00003,18BMWX25MW2         ,GF ,個   ,750.0,2025-05-02 00:00:00,1.0,0.0
FAC_00066,3MWAGAR             ,GF ,捲   ,18.0,2025-05-05 00:00:00,1.0,0.0
FAC_00066,J0341B              ,GF ,卡   ,60.0,2025-05-05 00:00:00,2.0,0.0
FAC_00066,M0069BB             ,GF ,個   ,120.0,2025-05-05 00:00:00,2.0,0.0
FAC_00036,BY-55D23L           ,GF ,只   ,1850.0,2025-05-12 00:00:00,2.0,0.0
FAC_00064,S27TG5RG5RY         ,GF ,組   ,70.0,2025-05-12 00:00:00,4.0,0.0
FAC_00064,DC021MVWU1          ,GF ,各   ,290.0,2025-05-12 00:00:00,3.0,0.0
FAC_00036,GS-562202Q          ,GF ,各   ,2700.0,2025-05-12 00:00:00,1.0,0.0
FAC_00043,PNS-CS150FW         ,GF ,組   ,220.0,2025-06-30 00:00:00,1.0,0.0
FAC_00024,J00347              ,GF ,條   ,130.0,2025-08-14 00:00:00,1.0,0.0
FAC_00023,Q8H11LED3N2Q        ,GF ,組   ,950.0,2025-11-25 00:00:00,1.0,0.0
FAC_00043,PNS-CS150FAC        ,GF ,組   ,270.0,2026-01-29 00:00:00,2.0,0.0
FAC_00054,0760-T9UCADF        ,GF ,次   ,2500.0,2025-02-11 00:00:00,1.0,0.0
FAC_00054,0760-T9UCAEWDF      ,GF ,次   ,1500.0,2025-02-11 00:00:00,1.0,0.0
FAC_00054,0760-T9UCAEW1R      ,GF ,次   ,1000.0,2025-02-11 00:00:00,1.0,0.0
FAC_00029,3CUDTGWWU2FT        ,GF ,組   ,1000.0,2025-02-18 00:00:00,1.0,0.0
FAC_00029,JOHNSENSNTRRU       ,GF ,罐   ,140.0,2025-02-18 00:00:00,3.0,0.0
FAC_00029,JOHNSENTUUR         ,GF ,罐   ,150.0,2025-02-18 00:00:00,3.0,0.0
FAC_00029,SP3098IDFRTMXRW     ,GF ,各   ,140.0,2025-02-18 00:00:00,2.0,0.0
FAC_00003,V2QWV1JTURW2        ,GF ,組   ,450.0,2025-02-20 00:00:00,1.0,0.0
FAC_00066,RSEND1S8000K        ,GF ,各   ,450.0,2025-02-26 00:00:00,2.0,0.0
FAC_00023,T1GUVTRXF           ,GF ,組   ,1500.0,2026-04-02 00:00:00,1.0,0.0
FAC_00064,DA0FCW              ,GF ,組   ,95.0,2025-03-06 00:00:00,3.0,0.0
FAC_00060,SF0014              ,GF ,卡   ,36.0,2025-03-05 00:00:00,2.0,0.0
FAC_00019,10WISHRUVE          ,GF ,各   ,900.0,2025-03-07 00:00:00,1.0,0.0
FAC_00064,S54AS1VNQRV         ,GF ,各   ,60.0,2025-03-06 00:00:00,6.0,0.0
FAC_00064,S27-52Z211AS1VN     ,GF ,卡   ,95.0,2025-03-06 00:00:00,5.0,0.0
FAC_00064,S53213TG1VNJ1VN     ,GF ,卡   ,50.0,2025-03-06 00:00:00,2.0,0.0
FAC_00010,ABT-D2330WR2F22M    ,GF ,組   ,2600.0,2025-03-06 00:00:00,1.0,0.0
FAC_00019,10WISHD-            ,GF ,各   ,1000.0,2025-03-11 00:00:00,3.0,0.0
FAC_00019,10WISHCVN           ,GF ,各   ,250.0,2025-03-11 00:00:00,4.0,0.0
FAC_00044,8391-N8UER          ,GF ,次   ,450.0,2025-03-11 00:00:00,1.0,0.0
FAC_00044,8391-N8XA           ,GF ,次   ,699.0,2025-03-11 00:00:00,1.0,0.0
FAC_00044,8391-N8UNFR2F       ,GF ,各   ,400.0,2025-03-11 00:00:00,1.0,0.0
FAC_00010,TOWNZG              ,GF ,各   ,600.0,2025-03-20 00:00:00,1.0,0.0
FAC_00035,3313-T9XW           ,GF ,個   ,2350.0,2025-03-26 00:00:00,4.0,0.0
FAC_00023,Q89006LED3N2Q       ,GF ,組   ,950.0,2025-03-27 00:00:00,1.0,0.0
FAC_00023,Q8H7LED3N2Q         ,GF ,組   ,950.0,2025-03-27 00:00:00,1.0,0.0
FAC_00023,Q8LEDH43N           ,GF ,組   ,1050.0,2025-03-27 00:00:00,1.0,0.0
FAC_00066,T0020C2             ,GF ,卷   ,180.0,2025-05-05 00:00:00,1.0,0.0
FAC_00066,YH9357              ,GF ,卡   ,100.0,2025-05-05 00:00:00,3.0,0.0
FAC_00064,PW-15WU1            ,GF ,各   ,80.0,2025-06-19 00:00:00,2.0,0.0
FAC_00064,T9ET1CQR            ,GF ,罐   ,240.0,2025-06-19 00:00:00,2.0,0.0
FAC_00064,G206GVR             ,GF ,罐   ,230.0,2025-06-19 00:00:00,3.0,0.0
FAC_00019,01-08ALTISDFV       ,GF ,各   ,75.0,2025-07-24 00:00:00,1.0,0.0
FAC_00066,RSEN90066000K2Q     ,GF ,各   ,150.0,2025-07-26 00:00:00,2.0,0.0
FAC_00038,ID202T152U          ,GF ,組   ,3400.0,2025-10-01 00:00:00,2.0,0.0
FAC_00066,WVJJ2WV             ,GF ,卡   ,120.0,2025-05-05 00:00:00,2.0,0.0
FAC_00066,3MT1GAR             ,GF ,卷   ,180.0,2025-05-05 00:00:00,1.0,0.0
FAC_00066,L1383.1AT2V         ,GF ,組   ,180.0,2025-05-05 00:00:00,3.0,0.0
FAC_00064,HG-022              ,GF ,罐   ,70.0,2025-05-12 00:00:00,4.0,0.0
FAC_00064,T-TW162             ,GF ,組   ,38.0,2025-05-12 00:00:00,6.0,0.0
FAC_00010,MIOD35              ,GF ,組   ,2800.0,2025-05-12 00:00:00,2.0,0.0
FAC_00029,HG-019              ,GF ,罐   ,150.0,2025-05-15 00:00:00,3.0,0.0
FAC_00029,S-12006             ,GF ,罐   ,130.0,2025-05-15 00:00:00,3.0,0.0
FAC_00029,LP6920F2D           ,GF ,各   ,50.0,2025-05-15 00:00:00,2.0,0.0
FAC_00060,VBDVTX1000ML        ,GF ,罐   ,50.0,2026-04-02 00:00:00,6.0,0.0
FAC_00019,08ALTISDFV          ,GF ,各   ,100.0,2026-04-07 00:00:00,1.0,0.0
FAC_00029,HD-12               ,GF ,罐   ,190.0,2025-05-15 00:00:00,2.0,0.0
FAC_00066,D26000K2Q           ,GF ,各   ,250.0,2025-05-15 00:00:00,2.0,0.0
FAC_00043,PNSF410BK24         ,GF ,個   ,250.0,2025-05-16 00:00:00,1.0,0.0
FAC_00026,BG1UW               ,GF ,組   ,2600.0,2025-05-22 00:00:00,1.0,0.0
FAC_00019,10WISHXXQ           ,GF ,個   ,900.0,2025-05-22 00:00:00,1.0,0.0
FAC_00044,10WISHZ2REY         ,GF ,次   ,600.0,2025-05-22 00:00:00,1.0,0.0
FAC_00044,10WISHZ2R           ,GF ,個   ,4800.0,2025-05-22 00:00:00,1.0,0.0
FAC_00044,10WISHUNR2TZ        ,GF ,個   ,2200.0,2025-05-22 00:00:00,1.0,0.0
FAC_00044,10WISHUNR2TZT5EY    ,GF ,次   ,600.0,2025-05-22 00:00:00,1.0,0.0
FAC_00044,10WISHXFFV          ,GF ,次   ,1000.0,2025-05-22 00:00:00,1.0,0.0
FAC_00044,10WISH2QT5EY        ,GF ,次   ,600.0,2025-05-22 00:00:00,1.0,0.0
FAC_00019,TEANAXXQ            ,GF ,組   ,600.0,2025-05-24 00:00:00,1.0,0.0
FAC_00026,XTRAILS51UW         ,GF ,組   ,4800.0,2025-05-29 00:00:00,1.0,0.0
FAC_00035,2055516BSNH100      ,GF ,個   ,2700.0,2025-06-02 00:00:00,4.0,0.0
FAC_00029,BH-008-A02          ,GF ,個   ,280.0,2025-06-05 00:00:00,2.0,0.0
FAC_00056,XA                  ,GF ,kg  ,250.0,2025-06-06 00:00:00,25.0,0.0
FAC_00056,R134ZCGUX1          ,GF ,組   ,3000.0,2025-06-06 00:00:00,1.0,0.0
FAC_00056,X2UR                ,GF ,罐   ,140.0,2025-06-06 00:00:00,6.0,0.0
FAC_00066,RSENT104R10         ,GF ,卡   ,80.0,2025-06-06 00:00:00,3.0,0.0
FAC_00048,ELANTRAJU           ,GF ,組   ,2300.0,2025-06-13 00:00:00,1.0,0.0
FAC_00043,MR002ZEQ            ,GF ,組   ,70.0,2025-06-13 00:00:00,2.0,0.0
FAC_00043,MS003MVZEQ          ,GF ,組   ,120.0,2025-06-13 00:00:00,2.0,0.0
FAC_00064,RTV2000             ,GF ,組   ,280.0,2025-06-19 00:00:00,5.0,0.0
FAC_00064,ABRORU5XR           ,GF ,罐   ,170.0,2025-06-19 00:00:00,6.0,0.0
FAC_00043,2802FR              ,GF ,組   ,310.0,2025-09-18 00:00:00,1.0,0.0
FAC_00066,X685DH5R            ,GF ,組   ,180.0,2025-12-03 00:00:00,1.0,0.0
FAC_00024,ZEROVRMG22G         ,GF ,支   ,350.0,2026-02-12 00:00:00,2.0,0.0
FAC_00064,YC020CAZVQW         ,GF ,條   ,100.0,2025-06-19 00:00:00,4.0,0.0
FAC_00064,KY3301FE            ,GF ,組   ,150.0,2025-06-19 00:00:00,4.0,0.0
FAC_00064,FA003U15JR          ,GF ,各   ,60.0,2025-06-19 00:00:00,5.0,0.0
FAC_00064,3MR1CM              ,GF ,卷   ,60.0,2025-06-19 00:00:00,10.0,0.0
FAC_00064,8H2G24V             ,GF ,組   ,240.0,2025-06-19 00:00:00,3.0,0.0
FAC_00064,GN-338EUW           ,GF ,組   ,65.0,2025-06-19 00:00:00,4.0,0.0
FAC_00064,DC-035FJ2           ,GF ,組   ,280.0,2025-06-19 00:00:00,2.0,0.0
FAC_00035,YARISCXXQ           ,GF ,組   ,1600.0,2025-06-24 00:00:00,1.0,0.0
FAC_00035,YARISGTUEC          ,GF ,次   ,800.0,2025-06-24 00:00:00,1.0,0.0
FAC_00066,RSEN1UFTR           ,GF ,罐   ,75.0,2025-06-26 00:00:00,3.0,0.0
FAC_00010,NP-747XCRV22M       ,GF ,組   ,1690.0,2025-03-06 00:00:00,2.0,0.0
FAC_00029,JOHNSE2XZVQU        ,GF ,罐   ,115.0,2025-06-30 00:00:00,6.0,0.0
FAC_00019,02EAXXFXJ           ,GF ,各   ,120.0,2025-07-01 00:00:00,1.0,0.0
FAC_00023,ZXR                 ,GF ,罐   ,78.0,2025-07-10 00:00:00,6.0,0.0
FAC_00029,C55GXCMR            ,GF ,罐   ,105.0,2025-07-14 00:00:00,3.0,0.0
FAC_00053,CORSS1.8TA1E2       ,GF ,組   ,300.0,2025-07-22 00:00:00,1.0,0.0
FAC_00044,BCF-16162CVF        ,GF ,各   ,1800.0,2025-07-23 00:00:00,4.0,0.0
FAC_00066,2019FOCUS5MMG       ,GF ,組   ,280.0,2025-07-26 00:00:00,1.0,0.0
FAC_00066,DAY2NR              ,GF ,ek4 ,280.0,2025-07-26 00:00:00,3.0,0.0
FAC_00066,1MXCNZY2            ,GF ,各   ,150.0,2025-07-26 00:00:00,4.0,0.0
FAC_00033,ANW-0195TUYT        ,GF ,組   ,8500.0,2025-07-25 00:00:00,1.0,0.0
FAC_00043,PNSATY01VG1T1       ,GF ,各   ,49.0,2025-07-26 00:00:00,4.0,0.0
FAC_00043,PNS-ATY01VVR        ,GF ,組   ,290.0,2025-07-26 00:00:00,4.0,0.0
FAC_00043,PNSATY05VG1TU       ,GF ,罐   ,79.0,2025-07-26 00:00:00,4.0,0.0
FAC_00043,PNS-ATY05VVR        ,GF ,組   ,220.0,2025-07-26 00:00:00,4.0,0.0
FAC_00026,T62-QQUW            ,GF ,各   ,700.0,2025-07-26 00:00:00,1.0,0.0
FAC_00019,COROLLACROSSXC      ,GF ,組   ,1100.0,2025-07-28 00:00:00,1.0,0.0
FAC_00019,CLA250RUT           ,GF ,組   ,1300.0,2025-07-28 00:00:00,1.0,0.0
FAC_00035,ANW-01955EXW        ,GF ,各   ,500.0,2025-07-25 00:00:00,1.0,0.0
FAC_00043,PNS-F0835           ,GF ,組   ,320.0,2025-07-29 00:00:00,1.0,0.0
FAC_00040,BMWVVXTA1E2         ,GF ,組   ,220.0,2025-08-01 00:00:00,1.0,0.0
FAC_00040,CORSS1.8TA1E2       ,GF ,組   ,220.0,2025-08-01 00:00:00,2.0,0.0
FAC_00040,17CRV1E2            ,GF ,組   ,220.0,2025-08-01 00:00:00,1.0,0.0
FAC_00040,ELANTRA1.8TA1E2     ,GF ,組   ,220.0,2025-08-01 00:00:00,1.0,0.0
FAC_00040,16HRVTA1E2          ,GF ,組   ,220.0,2025-08-01 00:00:00,1.0,0.0
FAC_00014,510Z2F              ,GF ,組   ,850.0,2025-07-16 00:00:00,2.0,0.0
FAC_00040,16TUCSONTA1E2       ,GF ,組   ,220.0,2025-08-01 00:00:00,1.0,0.0
FAC_00040,TOWNACETA1E2        ,GF ,組   ,220.0,2025-08-01 00:00:00,1.0,0.0
FAC_00040,S5RU7TA1E2          ,GF ,組   ,220.0,2025-08-01 00:00:00,1.0,0.0
FAC_00066,NO2062FR            ,GF ,組   ,850.0,2025-08-04 00:00:00,1.0,0.0
FAC_00066,9652FR              ,GF ,組   ,500.0,2025-08-04 00:00:00,1.0,0.0
FAC_00023,1MY2C               ,GF ,組   ,520.0,2025-08-05 00:00:00,1.0,0.0
FAC_00060,VBDRWCX             ,GF ,罐   ,170.0,2025-08-06 00:00:00,3.0,0.0
FAC_00060,SF0015              ,GF ,組   ,25.0,2026-04-02 00:00:00,2.0,0.0
FAC_00060,3D1F1               ,GF ,支   ,90.0,2026-04-02 00:00:00,9.0,0.0
FAC_00019,VAXMG1              ,GF ,支   ,700.0,2025-08-11 00:00:00,2.0,0.0
FAC_00043,9012LED28W          ,GF ,組   ,600.0,2025-08-12 00:00:00,1.0,0.0
FAC_00043,PNSHDF44            ,GF ,組   ,140.0,2025-08-12 00:00:00,1.0,0.0
FAC_00019,12VACGRU            ,GF ,組   ,2100.0,2025-08-13 00:00:00,1.0,0.0
FAC_00052,8391-M8EB5          ,GF ,片   ,2000.0,2025-08-13 00:00:00,1.0,0.0
FAC_00023,T1GUVTRXFF          ,GF ,組   ,1200.0,2025-08-13 00:00:00,1.0,0.0
FAC_00023,Q89012NNLED         ,GF ,組   ,950.0,2025-08-13 00:00:00,1.0,0.0
FAC_00037,23A2T               ,GF ,各   ,20.0,2025-08-15 00:00:00,10.0,0.0
FAC_00024,J00358              ,GF ,支   ,130.0,2025-08-14 00:00:00,1.0,0.0
FAC_00035,0760-T9XW2J         ,GF ,次   ,400.0,2025-08-20 00:00:00,1.0,0.0
FAC_00044,AZE-7328EZR         ,GF ,組   ,3000.0,2025-08-27 00:00:00,1.0,0.0
FAC_00044,AZE-7328XA          ,GF ,次   ,800.0,2025-08-27 00:00:00,1.0,0.0
FAC_00066,CT01NXCMR           ,GF ,罐   ,140.0,2025-09-05 00:00:00,5.0,0.0
FAC_00046,MT600GJT2R          ,GF ,組   ,1050.0,2025-09-12 00:00:00,1.0,0.0
FAC_00066,2VY                 ,GF ,個   ,16.0,2025-09-18 00:00:00,30.0,0.0
FAC_00043,PNS-MS001           ,GF ,組   ,120.0,2025-09-18 00:00:00,1.0,0.0
FAC_00029,1VNAY               ,GF ,各   ,50.0,2025-10-03 00:00:00,2.0,0.0
FAC_00043,PNSNS001            ,GF ,組   ,100.0,2025-10-08 00:00:00,2.0,0.0
FAC_00053,2014EAXFMT          ,GF ,組   ,700.0,2025-10-13 00:00:00,1.0,0.0
FAC_00043,PNSSCUP12           ,GF ,組   ,120.0,2025-10-14 00:00:00,1.0,0.0
FAC_00050,06EAX2+32105R       ,GF ,組   ,5700.0,2025-10-21 00:00:00,1.0,0.0
FAC_00019,YARISDFV            ,GF ,各   ,150.0,2025-10-22 00:00:00,2.0,0.0
FAC_00019,HRVTUV              ,GF ,各   ,80.0,2025-10-22 00:00:00,2.0,0.0
FAC_00019,HRADFV              ,GF ,各   ,200.0,2025-10-22 00:00:00,2.0,0.0
FAC_00019,COROLLACORSSDFV     ,GF ,各   ,200.0,2025-10-22 00:00:00,2.0,0.0
FAC_00036,GS125D31L2Q         ,GF ,各   ,3500.0,2025-12-16 00:00:00,1.0,0.0
FAC_00066,PEAKGVR             ,GF ,罐   ,100.0,2026-01-15 00:00:00,6.0,0.0
FAC_00019,COROLLACROSSU2      ,GF ,各   ,250.0,2025-10-22 00:00:00,2.0,0.0
FAC_00019,14YARISDFV          ,GF ,各   ,200.0,2025-10-22 00:00:00,2.0,0.0
FAC_00019,08ALTISQGWYT        ,GF ,組   ,700.0,2025-10-29 00:00:00,1.0,0.0
FAC_00024,ZEROHUR             ,GF ,罐   ,150.0,2025-10-29 00:00:00,2.0,0.0
FAC_00066,2V2Q                ,GF ,各   ,5.0,2025-11-03 00:00:00,30.0,0.0
FAC_00066,90122Q              ,GF ,各   ,120.0,2025-11-03 00:00:00,10.0,0.0
FAC_00066,HNFVW               ,GF ,條   ,150.0,2025-11-03 00:00:00,3.0,0.0
FAC_00030,08WISHA1E           ,GF ,各   ,500.0,2025-11-12 00:00:00,1.0,0.0
FAC_00033,1GW117FE5V          ,GF ,各   ,900.0,2025-11-12 00:00:00,1.0,0.0
FAC_00033,1GW117FXXQ          ,GF ,組   ,2500.0,2025-11-12 00:00:00,1.0,0.0
FAC_00033,1GW117XXQEY         ,GF ,次   ,1800.0,2025-11-12 00:00:00,1.0,0.0
FAC_00033,1GW117FWQ           ,GF ,組   ,3400.0,2025-11-12 00:00:00,2.0,0.0
FAC_00029,H722WHTY            ,GF ,組   ,150.0,2025-11-13 00:00:00,2.0,0.0
FAC_00029,H112HEJW            ,GF ,組   ,170.0,2025-11-13 00:00:00,1.0,0.0
FAC_00033,AYJ-7187YQU         ,GF ,次   ,4500.0,2025-11-19 00:00:00,1.0,0.0
FAC_00053,FIESTAFMT4Q         ,GF ,組   ,700.0,2025-11-19 00:00:00,1.0,0.0
FAC_00053,12EAXFMT            ,GF ,組   ,700.0,2025-11-19 00:00:00,1.0,0.0
FAC_00053,12EAXFM4Q           ,GF ,組   ,700.0,2025-11-19 00:00:00,1.0,0.0
FAC_00052,5338-M3EB5          ,GF ,組   ,4500.0,2025-11-19 00:00:00,1.0,0.0
FAC_00030,CARDIO8C3+32        ,GF ,組   ,5200.0,2025-11-25 00:00:00,1.0,0.0
FAC_00023,5Y5T1CVU15A         ,GF ,組   ,250.0,2025-11-25 00:00:00,2.0,0.0
FAC_00023,C1-67V1UF           ,GF ,組   ,950.0,2025-11-25 00:00:00,2.0,0.0
FAC_00003,20PORTER            ,GF ,組   ,450.0,2025-12-01 00:00:00,1.0,0.0
FAC_00003,2020ALTIS5MW2       ,GF ,組   ,300.0,2025-12-01 00:00:00,1.0,0.0
FAC_00033,1GW117C2Q           ,GF ,組   ,3400.0,2025-12-01 00:00:00,1.0,0.0
FAC_00033,1GW117CE5V          ,GF ,組   ,900.0,2025-12-01 00:00:00,1.0,0.0
FAC_00033,1GW117CXXQ          ,GF ,組   ,1800.0,2025-12-01 00:00:00,1.0,0.0
FAC_00033,1G117CXXQ05EY       ,GF ,次   ,5900.0,2025-12-01 00:00:00,1.0,0.0
FAC_00036,RT9A2Q              ,GF ,組   ,850.0,2025-12-02 00:00:00,1.0,0.0
FAC_00063,I00022              ,GF ,張   ,35.0,2025-12-02 00:00:00,9.0,0.0
FAC_00063,E00726              ,GF ,張   ,15.0,2025-12-02 00:00:00,1.0,0.0
FAC_00063,E00727              ,GF ,張   ,15.0,2025-12-02 00:00:00,1.0,0.0
FAC_00063,E00728              ,GF ,張   ,15.0,2025-12-02 00:00:00,1.0,0.0
FAC_00063,H00281              ,GF ,張   ,30.0,2025-12-02 00:00:00,2.0,0.0
FAC_00063,E00550              ,GF ,張   ,15.0,2025-12-02 00:00:00,2.0,0.0
FAC_00026,2ZTERIOSQUW         ,GF ,組   ,2450.0,2025-12-05 00:00:00,1.0,0.0
FAC_00013,CO2M-B              ,GF ,條   ,30.0,2026-02-10 00:00:00,10.0,0.0
FAC_00013,REYU836             ,GF ,組   ,1100.0,2025-11-18 00:00:00,3.0,0.0
FAC_00030,YARISCROSS055R4+64  ,GF ,組   ,6000.0,2026-03-02 00:00:00,1.0,0.0
FAC_00043,PNSHDF20            ,GF ,組   ,160.0,2025-12-09 00:00:00,2.0,0.0
FAC_00066,H7OSRARN2Q          ,GF ,各   ,75.0,2025-12-09 00:00:00,10.0,0.0
FAC_00019,06YARISCXXQ         ,GF ,組   ,600.0,2025-12-16 00:00:00,1.0,0.0
FAC_00019,06YARISFXXQ         ,GF ,組   ,600.0,2025-12-16 00:00:00,1.0,0.0
FAC_00019,06YARISCGTZ1        ,GF ,組   ,1400.0,2025-12-17 00:00:00,1.0,0.0
FAC_00019,06YARISCYGTZ1       ,GF ,組   ,1400.0,2025-12-17 00:00:00,1.0,0.0
FAC_00019,12VAXXQ             ,GF ,組   ,500.0,2025-12-18 00:00:00,1.0,0.0
FAC_00019,SIENTAJ1G           ,GF ,組   ,350.0,2025-12-19 00:00:00,1.0,0.0
FAC_00010,ABTE102YJVDFFRR     ,GF ,組   ,980.0,2025-12-22 00:00:00,1.0,0.0
FAC_00030,19ALTIS8C05R        ,GF ,組   ,5800.0,2025-12-22 00:00:00,1.0,0.0
FAC_00030,7905D               ,GF ,組   ,400.0,2025-12-22 00:00:00,1.0,0.0
FAC_00044,FCOUS2Q             ,GF ,各   ,5500.0,2025-12-31 00:00:00,1.0,0.0
FAC_00019,09M7C2E             ,GF ,支   ,600.0,2026-01-02 00:00:00,2.0,0.0
FAC_00053,04EAXFMT2Q          ,GF ,組   ,350.0,2026-01-03 00:00:00,1.0,0.0
FAC_00019,08ALTISUC2S1        ,GF ,各   ,400.0,2026-01-07 00:00:00,1.0,0.0
FAC_00054,0769-T9F1EDF        ,GF ,次   ,4000.0,2026-01-08 00:00:00,1.0,0.0
FAC_00037,CR1632              ,GF ,各   ,10.0,2026-01-10 00:00:00,20.0,0.0
FAC_00066,U7MG                ,GF ,組   ,280.0,2026-01-15 00:00:00,1.0,0.0
FAC_00030,08GOLF10055R        ,GF ,組   ,6500.0,2026-01-16 00:00:00,1.0,0.0
FAC_00066,9012OSRAM2Q         ,GF ,各   ,120.0,2026-01-20 00:00:00,10.0,0.0
FAC_00053,CROSS4QFMT          ,GF ,組   ,700.0,2026-01-24 00:00:00,1.0,0.0
FAC_00019,VUXXQ               ,GF ,組   ,400.0,2026-01-27 00:00:00,1.0,0.0
FAC_00017,1MT5D               ,GF ,組   ,1200.0,2026-01-28 00:00:00,4.0,0.0
FAC_00017,1MT5E               ,GF ,組   ,1200.0,2026-01-28 00:00:00,1.0,0.0
FAC_00043,PNSTPC004           ,GF ,組   ,70.0,2026-01-29 00:00:00,2.0,0.0
FAC_00066,AXJ                 ,GF ,罐   ,250.0,2026-01-29 00:00:00,2.0,0.0
FAC_00066,ACP301              ,GF ,各   ,100.0,2026-01-29 00:00:00,3.0,0.0
FAC_00030,AVA7H055R           ,GF ,組   ,5800.0,2026-01-30 00:00:00,1.0,0.0
FAC_00030,SIENTA054+645R      ,GF ,組   ,6000.0,2026-02-02 00:00:00,1.0,0.0
FAC_00030,055MVTRXF           ,GF ,組   ,2000.0,2026-02-02 00:00:00,1.0,0.0
FAC_00053,2020RAV4FMTNQ       ,GF ,組   ,1200.0,2026-02-05 00:00:00,1.0,0.0
FAC_00030,07CRV4+645R         ,GF ,組   ,6000.0,2026-02-06 00:00:00,1.0,0.0
FAC_00013,REDGD1005           ,GF ,組   ,2400.0,2026-02-10 00:00:00,1.0,0.0
FAC_00013,COWD2T              ,GF ,組   ,3500.0,2026-02-10 00:00:00,1.0,0.0
FAC_00013,RY-GT2225           ,GF ,組   ,950.0,2026-02-10 00:00:00,2.0,0.0
FAC_00013,RDTV3               ,GF ,支   ,17.0,2026-02-10 00:00:00,10.0,0.0
FAC_00044,SOLIOCGTV           ,GF ,條   ,950.0,2026-03-07 00:00:00,2.0,0.0
FAC_00044,SOLIOCXXQ           ,GF ,組   ,1050.0,2026-03-07 00:00:00,1.0,0.0
FAC_00044,BEQ-7162XXQ05EY     ,GF ,次   ,1500.0,2026-03-07 00:00:00,1.0,0.0
FAC_00019,LIVINARC2D          ,GF ,各   ,1100.0,2026-03-10 00:00:00,1.0,0.0
FAC_00063,C00433              ,GF ,張   ,10.0,2026-03-10 00:00:00,2.0,0.0
FAC_00063,C00436              ,GF ,張   ,10.0,2026-03-10 00:00:00,3.0,0.0
FAC_00063,D00316              ,GF ,張   ,12.0,2026-03-10 00:00:00,6.0,0.0
FAC_00063,E00472              ,GF ,張   ,15.0,2026-03-10 00:00:00,3.0,0.0
FAC_00063,E00482              ,GF ,張   ,15.0,2026-03-10 00:00:00,3.0,0.0
FAC_00063,E00621              ,GF ,張   ,15.0,2026-03-10 00:00:00,4.0,0.0
FAC_00063,E00678              ,GF ,張   ,15.0,2026-03-10 00:00:00,2.0,0.0
FAC_00063,E00679              ,GF ,張   ,15.0,2026-03-10 00:00:00,2.0,0.0
FAC_00063,E00871              ,GF ,張   ,15.0,2026-03-10 00:00:00,3.0,0.0
FAC_00063,E00895              ,GF ,張   ,15.0,2026-03-10 00:00:00,3.0,0.0
FAC_00063,E00931              ,GF ,張   ,15.0,2026-03-10 00:00:00,2.0,0.0
FAC_00063,E00969              ,GF ,張   ,15.0,2026-03-10 00:00:00,3.0,0.0
FAC_00063,E01041              ,GF ,張   ,15.0,2026-03-10 00:00:00,2.0,0.0
FAC_00063,J00359              ,GF ,張   ,40.0,2026-03-10 00:00:00,3.0,0.0
FAC_00063,K00394              ,GF ,朝   ,50.0,2026-03-10 00:00:00,3.0,0.0
FAC_00063,LEO547              ,GF ,張   ,90.0,2026-03-10 00:00:00,2.0,0.0
FAC_00063,LEO06950            ,GF ,張   ,40.0,2026-03-10 00:00:00,3.0,0.0
FAC_00063,LEO437              ,GF ,組   ,50.0,2026-03-10 00:00:00,2.0,0.0
FAC_00063,F00368              ,GF ,張   ,20.0,2026-03-10 00:00:00,2.0,0.0
FAC_00063,F00428              ,GF ,張   ,20.0,2026-03-10 00:00:00,2.0,0.0
FAC_00063,F00533              ,GF ,張   ,20.0,2026-03-10 00:00:00,3.0,0.0
FAC_00063,F00750              ,GF ,張   ,20.0,2026-03-10 00:00:00,2.0,0.0
FAC_00063,F00838              ,GF ,張   ,20.0,2026-03-10 00:00:00,2.0,0.0
FAC_00063,F00851              ,GF ,張   ,20.0,2026-03-10 00:00:00,1.0,0.0
FAC_00063,F00855              ,GF ,張   ,20.0,2026-03-10 00:00:00,3.0,0.0
FAC_00063,F00957              ,GF ,張   ,20.0,2026-03-10 00:00:00,3.0,0.0
FAC_00063,H00234              ,GF ,張   ,30.0,2026-03-10 00:00:00,4.0,0.0
FAC_00063,H00351              ,GF ,張   ,30.0,2026-03-10 00:00:00,2.0,0.0
FAC_00063,H00574              ,GF ,張   ,30.0,2026-03-10 00:00:00,6.0,0.0
FAC_00063,H00579              ,GF ,張   ,30.0,2026-03-10 00:00:00,3.0,0.0
FAC_00063,H00630              ,GF ,張   ,30.0,2026-03-10 00:00:00,2.0,0.0
FAC_00063,H00631              ,GF ,張   ,30.0,2026-03-10 00:00:00,2.0,0.0
FAC_00063,E00251              ,GF ,張   ,20.0,2026-03-10 00:00:00,3.0,0.0
FAC_00066,8891-AEUX1          ,GF ,組   ,350.0,2026-03-12 00:00:00,1.0,0.0
FAC_00066,X1V1                ,GF ,組   ,12.0,2026-03-12 00:00:00,5.0,0.0
FAC_00066,V52                 ,GF ,各   ,3.0,2026-03-12 00:00:00,100.0,0.0
FAC_00043,3R-2252             ,GF ,組   ,92.0,2026-03-12 00:00:00,2.0,0.0
FAC_00030,FORTIS05+CR         ,GF ,組   ,16000.0,2026-03-16 00:00:00,1.0,0.0
FAC_00030,EY                  ,GF ,次   ,5000.0,2026-03-16 00:00:00,1.0,0.0
FAC_00043,PNSHDF42            ,GF ,組   ,140.0,2026-03-23 00:00:00,2.0,0.0
FAC_00053,CRVNQFMT            ,GF ,組   ,1200.0,2026-02-05 00:00:00,1.0,0.0
FAC_00066,362UTV              ,GF ,組   ,140.0,2026-04-01 00:00:00,2.0,0.0
FAC_00060,HG-019              ,GF ,罐   ,130.0,2026-04-02 00:00:00,3.0,0.0
FAC_00060,PS301GS2            ,GF ,各   ,100.0,2026-04-02 00:00:00,6.0,0.0
FAC_00060,VBDSAVY5UX          ,GF ,組   ,250.0,2026-04-02 00:00:00,3.0,0.0
FAC_00060,ERHVTX              ,GF ,罐   ,165.0,2026-04-02 00:00:00,3.0,0.0
FAC_00060,VBDQEJDFTR          ,GF ,罐   ,62.0,2026-04-02 00:00:00,3.0,0.0
FAC_00019,IX35XF2Q            ,GF ,各   ,200.0,2026-04-07 00:00:00,1.0,0.0
FAC_00019,09ALTISDFV          ,GF ,各   ,120.0,2026-04-07 00:00:00,1.0,0.0
FAC_00019,08ALTISCGRR         ,GF ,各   ,300.0,2026-04-07 00:00:00,1.0,0.0
FAC_00019,19ALTISDFV          ,GF ,各   ,200.0,2026-04-07 00:00:00,1.0,0.0
FAC_00019,CLARF2E             ,GF ,組   ,2300.0,2026-04-08 00:00:00,1.0,0.0
FAC_00026,09ALTIS1UW          ,GF ,組   ,3150.0,2026-04-10 00:00:00,1.0,0.0
FAC_00030,CARDIO84+645R       ,GF ,組   ,6000.0,2026-04-07 00:00:00,1.0,0.0
FAC_00019,08ALTISCGRQ         ,GF ,片   ,175.0,2026-04-10 00:00:00,2.0,0.0
FAC_00019,ZINGERXXQ           ,GF ,組   ,650.0,2026-04-11 00:00:00,1.0,0.0
