purno,pdate,stockno,facno,setday,tot,ttot,wno,smoney,Tprice,price,note1,anote,fnew,toacc
1090409GF0000001,2020-04-09 00:00:00,GF ,FAC_00014,202004,10400.0,10400.0,,0.0,10400.0,10400.0,,,,
1091015GF0000001,2020-10-15 00:00:00,GF ,FAC_00045,202010,250.0,250.0,,0.0,250.0,250.0,,,,
1091015GF0000002,2020-10-15 00:00:00,GF ,FAC_00015,202010,2600.0,2600.0,,0.0,2600.0,2600.0,,,,
1091015GF0000003,2020-10-15 00:00:00,GF ,FAC_00014,202010,4200.0,4200.0,,0.0,4200.0,4200.0,,,,
1091020GF0000001,2020-10-20 00:00:00,GF ,FAC_00057,202010,3050.0,3050.0,,0.0,3050.0,3050.0,,,,
1091019GF0000001,2020-10-19 00:00:00,GF ,FAC_00045,202010,0.0,0.0,,0.0,0.0,0.0,,,,
1091026GF0000001,2020-10-26 00:00:00,GF ,FAC_00064,202011,7402.0,7402.0,,0.0,7402.0,7402.0,,,,
1091021GF0000002,2020-10-21 00:00:00,GF ,FAC_00053,202010,700.0,700.0,,0.0,700.0,700.0,,,,
1091026GF0000002,2020-10-26 00:00:00,GF ,FAC_00066,202011,9860.0,9860.0,,0.0,9860.0,9860.0,,,,
1090626GF0000003,2020-06-26 00:00:00,GF ,FAC_00018,202007,3100.0,3100.0,,0.0,3100.0,3100.0,,,,
1091026GF0000003,2020-10-26 00:00:00,GF ,FAC_00024,202011,1080.0,1080.0,,0.0,1080.0,1080.0,,,,
1091027GF0000001,2020-10-27 00:00:00,GF ,FAC_00032,202010,3888.0,3888.0,,0.0,3888.0,3888.0,,,,
1091027GF0000002,2020-10-27 00:00:00,GF ,FAC_00043,202011,2159.1,2159.0,,0.0,2159.0,2159.0,,,,
1091027GF0000003,2020-10-27 00:00:00,GF ,FAC_00057,202010,1300.0,1300.0,,0.0,1300.0,1300.0,,,,
1091014GF0000001,2020-10-14 00:00:00,GF ,FAC_00066,202010,4900.0,4900.0,,0.0,4900.0,4900.0,,,,
1090731A00000001,2020-07-31 00:00:00,A  ,FAC_00043,202007,1410.0,1410.0,,0.0,1410.0,1410.0,,,,
1090731A00000002,2020-07-31 00:00:00,A  ,FAC_00018,202007,24547.0,24547.0,,0.0,24547.0,24547.0,,,,
1090731A00000003,2020-07-31 00:00:00,A  ,FAC_00036,202008,3000.0,3000.0,,0.0,3000.0,3000.0,,,,
1090731A00000004,2020-07-31 00:00:00,A  ,FAC_00061,202008,2600.0,2600.0,,0.0,2600.0,2600.0,,,,
1090731GF0000001,2020-07-31 00:00:00,GF ,FAC_00066,202008,9390.0,9390.0,,0.0,9390.0,9390.0,,,,
1090726GF0000001,2020-07-26 00:00:00,GF ,FAC_00014,191209,9200.0,9200.0,,0.0,9200.0,9200.0,,,,
1090707GF0000001,2020-07-07 00:00:00,GF ,FAC_00014,202007,1500.0,1500.0,,0.0,1500.0,1500.0,,,,
1090804GF0000001,2020-08-04 00:00:00,GF ,FAC_00053,202008,350.0,350.0,,0.0,350.0,350.0,,,,
1090804GF0000002,2020-08-04 00:00:00,GF ,FAC_00026,202008,2600.0,2600.0,,0.0,2600.0,2600.0,,,,
1090805GF0000001,2020-08-05 00:00:00,GF ,FAC_00036,202008,3250.0,3250.0,,0.0,3250.0,3250.0,,,,
1090805GF0000002,2020-08-05 00:00:00,GF ,FAC_00003,202008,4750.0,4750.0,,0.0,4750.0,4750.0,,,,
1090806GF0000001,2020-08-06 00:00:00,GF ,FAC_00061,202008,3500.0,3500.0,,0.0,3500.0,3500.0,,,,
1090807GF0000001,2020-08-07 00:00:00,GF ,FAC_00015,202008,150.0,150.0,,0.0,150.0,150.0,,,,
1090601GF0000001,2020-06-01 00:00:00,GF ,FAC_00023,202006,3720.0,3720.0,,0.0,3720.0,3720.0,,,,
1110114GF0000002,2022-01-14 00:00:00,GF ,FAC_00023,202201,650.0,650.0,,0.0,650.0,650.0,,,,
1090717GF0000002,2020-07-17 00:00:00,GF ,FAC_00023,202007,3150.0,3150.0,,0.0,3150.0,3150.0,,,,
1090803GF0000001,2020-08-03 00:00:00,GF ,FAC_00066,202008,0.0,0.0,,0.0,0.0,0.0,,,,
1090723GF0000001,2020-07-23 00:00:00,GF ,FAC_00025,202007,6900.0,6900.0,,0.0,6900.0,6900.0,,,,
1090810GF0000001,2020-08-10 00:00:00,GF ,FAC_00016,202008,600.0,600.0,,0.0,600.0,600.0,,,,
1090331GF0000001,2020-03-31 00:00:00,GF ,FAC_00043,202004,1270.0,1270.0,,0.0,1270.0,1270.0,,,,
1090407GF0000001,2020-04-07 00:00:00,GF ,FAC_00024,202004,4250.0,4250.0,,0.0,4250.0,4250.0,,,,
1090424GF0000001,2020-04-24 00:00:00,GF ,FAC_00024,202004,5900.0,5900.0,,0.0,5900.0,5900.0,,,,
1090429GF0000001,2020-04-29 00:00:00,GF ,FAC_00043,202005,6465.0,6465.0,,0.0,6465.0,6465.0,,,,
1090505GF0000001,2020-05-05 00:00:00,GF ,FAC_00043,202005,1139.3,1139.0,,0.0,1139.0,1139.0,,,,
1090509GF0000001,2020-05-09 00:00:00,GF ,FAC_00023,202005,1900.0,1900.0,,0.0,1900.0,1900.0,,,,
1090509GF0000002,2020-05-09 00:00:00,GF ,FAC_00014,202005,3600.0,3600.0,,0.0,3600.0,3600.0,,,,
1090512GF0000001,2020-05-12 00:00:00,GF ,FAC_00043,202005,1680.0,1680.0,,0.0,1680.0,1680.0,,,,
1090512GF0000002,2020-05-12 00:00:00,GF ,FAC_00043,202005,1100.0,1100.0,,0.0,1100.0,1100.0,,,,
1090526GF0000001,2020-05-26 00:00:00,GF ,FAC_00066,202006,7300.0,7300.0,,0.0,7300.0,7300.0,,,,
1090528GF0000001,2020-05-28 00:00:00,GF ,FAC_00024,202006,6920.0,6920.0,,0.0,6920.0,6920.0,,,,
1090603GF0000001,2020-06-03 00:00:00,GF ,FAC_00060,202006,6088.0,6088.0,,0.0,6088.0,6088.0,,,,
1090617GF0000001,2020-06-17 00:00:00,GF ,FAC_00024,202006,2560.0,2560.0,,0.0,2560.0,2560.0,,,,
1090617GF0000002,2020-06-17 00:00:00,GF ,FAC_00024,202006,5790.0,5790.0,,0.0,5790.0,5790.0,,,,
1090619GF0000001,2020-06-19 00:00:00,GF ,FAC_00004,202006,12000.0,12000.0,,0.0,12000.0,12000.0,,,,
1090620GF0000001,2020-06-20 00:00:00,GF ,FAC_00036,202007,1750.0,1750.0,,0.0,1750.0,1750.0,,,,
1090623GF0000001,2020-06-23 00:00:00,GF ,FAC_00043,202006,3700.0,3700.0,,0.0,3700.0,3700.0,,,,
1090808GF0000001,2020-08-08 00:00:00,GF ,FAC_00045,202008,250.0,250.0,,0.0,250.0,250.0,,,,
1090709GF0000001,2020-07-09 00:00:00,GF ,FAC_00066,202007,4300.0,4300.0,,0.0,4300.0,4300.0,,,,
1090709GF0000003,2020-07-09 00:00:00,GF ,FAC_00010,202007,5000.0,5000.0,,0.0,5000.0,5000.0,,,,
1090710GF0000001,2020-07-10 00:00:00,GF ,FAC_00066,202007,1480.0,1480.0,,0.0,1480.0,1480.0,,,,
1090710GF0000002,2020-07-10 00:00:00,GF ,FAC_00023,202007,1120.0,1120.0,,0.0,1120.0,1120.0,,,,
1090710GF0000003,2020-07-10 00:00:00,GF ,FAC_00040,202007,2385.0,2385.0,,0.0,2385.0,2385.0,,,,
1090801GF0000001,2020-08-01 00:00:00,GF ,FAC_00051,202008,500.0,500.0,,0.0,500.0,500.0,,,,
1090803GF0000002,2020-08-03 00:00:00,GF ,FAC_00010,202008,2200.0,2200.0,,0.0,2200.0,2200.0,,,,
1090819GF0000004,2020-08-19 00:00:00,GF ,FAC_00045,202008,350.0,350.0,,0.0,350.0,350.0,,,,
1090803GF0000003,2020-08-03 00:00:00,GF ,FAC_00066,202008,800.0,800.0,,0.0,800.0,800.0,,,,
1090521GF0000001,2020-05-21 00:00:00,GF ,FAC_00064,202005,9155.0,9155.0,,0.0,9155.0,9155.0,,,,
1090812GF0000001,2020-08-12 00:00:00,GF ,FAC_00023,202008,560.0,560.0,,0.0,560.0,560.0,,,,
1090813GF0000001,2020-08-13 00:00:00,GF ,FAC_00014,202008,2000.0,2000.0,,0.0,2000.0,2000.0,,,,
1090817GF0000001,2020-08-17 00:00:00,GF ,FAC_00053,202008,300.0,300.0,,0.0,300.0,300.0,,,,
1090817GF0000002,2020-08-17 00:00:00,GF ,FAC_00036,202009,5600.0,5600.0,,0.0,5600.0,5600.0,,,,
1090704GF0000001,2020-07-04 00:00:00,GF ,FAC_00029,202007,2195.0,2195.0,,0.0,2195.0,2195.0,,,,
1090726GF0000002,2020-07-26 00:00:00,GF ,FAC_00066,202008,5860.0,5860.0,,0.0,5860.0,5860.0,,,,
1090730GF0000001,2020-07-30 00:00:00,GF ,FAC_00066,202008,3360.0,3360.0,,0.0,3360.0,3360.0,,,,
1090730GF0000002,2020-07-30 00:00:00,GF ,FAC_00066,202008,3360.0,3360.0,,0.0,3360.0,3360.0,,,,
1090819GF0000001,2020-08-19 00:00:00,GF ,FAC_00043,192199,938.0,938.0,,0.0,938.0,938.0,,,,
1090819GF0000002,2020-08-19 00:00:00,GF ,FAC_00036,202009,5700.0,5700.0,,0.0,5700.0,5700.0,,,,
1090819GF0000003,2020-08-19 00:00:00,GF ,FAC_00023,202008,860.0,860.0,,0.0,860.0,860.0,,,,
1090701GF0000001,2020-07-01 00:00:00,GF ,FAC_00023,202007,3720.0,3720.0,,0.0,3720.0,3720.0,,,,
1090622GF0000001,2020-06-22 00:00:00,GF ,FAC_00064,202006,4540.0,4540.0,,0.0,4540.0,4540.0,,,,
1090626GF0000001,2020-06-26 00:00:00,GF ,FAC_00014,202007,1500.0,1500.0,,0.0,1500.0,1500.0,,,,
1090701GF0000002,2020-07-01 00:00:00,GF ,FAC_00040,202007,2385.0,2385.0,,0.0,2385.0,2385.0,,,,
1090626GF0000002,2020-06-26 00:00:00,GF ,FAC_00066,202007,5830.0,5830.0,,0.0,5830.0,5830.0,,,,
1090702GF0000001,2020-07-02 00:00:00,GF ,FAC_00066,202007,3600.0,3600.0,,0.0,3600.0,3600.0,,,,
1090821GF0000001,2020-08-21 00:00:00,GF ,FAC_00045,202008,450.0,450.0,,0.0,450.0,450.0,,,,
1090825GF0000001,2020-08-25 00:00:00,GF ,FAC_00053,202008,1900.0,1900.0,,0.0,1900.0,1900.0,,,,
1090826GF0000001,2020-08-26 00:00:00,GF ,FAC_00024,202009,3260.0,3260.0,,0.0,3260.0,3260.0,,,,
1090826GF0000002,2020-08-26 00:00:00,GF ,FAC_00018,202009,600.0,600.0,,0.0,600.0,600.0,,,,
1090827GF0000001,2020-08-27 00:00:00,GF ,FAC_00066,202009,10875.0,10875.0,,0.0,10875.0,10875.0,,,,
1090827GF0000002,2020-08-27 00:00:00,GF ,FAC_00038,202009,21350.0,21350.0,,0.0,21350.0,21350.0,,,,
1090828GF0000001,2020-08-28 00:00:00,GF ,FAC_00044,202008,1500.0,1500.0,,0.0,1500.0,1500.0,,,,
1090828GF0000002,2020-08-28 00:00:00,GF ,FAC_00035,202008,1600.0,1600.0,,0.0,1600.0,1600.0,,,,
1090831GF0000001,2020-08-31 00:00:00,GF ,FAC_00047,202009,6800.0,6800.0,,0.0,6800.0,6800.0,,,,
1090901GF0000001,2020-09-01 00:00:00,GF ,FAC_00043,202009,2480.0,2480.0,,0.0,2480.0,2480.0,,,,
1090901GF0000002,2020-09-01 00:00:00,GF ,FAC_00015,202009,650.0,650.0,,0.0,650.0,650.0,,,,
1090131GF0000001,2020-01-31 00:00:00,GF ,FAC_00064,202002,4620.0,4620.0,,0.0,4620.0,4620.0,,,,
1090902GF0000001,2020-09-02 00:00:00,GF ,FAC_00064,202009,1446.0,1446.0,,0.0,1446.0,1446.0,,,,
1090604GF0000001,2020-06-04 00:00:00,GF ,FAC_00064,202006,4375.0,4375.0,,0.0,4375.0,4375.0,,,,
1090606GF0000002,2020-06-06 00:00:00,GF ,FAC_00064,202006,5744.0,5744.0,,0.0,5744.0,5744.0,,,,
1090902GF0000002,2020-09-02 00:00:00,GF ,FAC_00066,202009,4400.0,4400.0,,0.0,4400.0,4400.0,,,,
1090304GF0000001,2020-03-04 00:00:00,GF ,FAC_00064,202003,8878.0,8878.0,,0.0,8878.0,8878.0,,,,
1090907GF0000001,2020-09-07 00:00:00,GF ,FAC_00045,202009,1400.0,1400.0,,0.0,1400.0,1400.0,,,,
1090909GF0000001,2020-09-09 00:00:00,GF ,FAC_00015,202009,250.0,250.0,,0.0,250.0,250.0,,,,
1090909GF0000002,2020-09-09 00:00:00,GF ,FAC_00066,202009,3290.0,3290.0,,0.0,3290.0,3290.0,,,,
1090911GF0000001,2020-09-11 00:00:00,GF ,FAC_00064,202009,3056.0,3056.0,,0.0,3056.0,3056.0,,,,
1090916GF0000001,2020-09-16 00:00:00,GF ,FAC_00036,202009,3500.0,3500.0,,0.0,3500.0,3500.0,,,,
1090918GF0000001,2020-09-18 00:00:00,GF ,FAC_00066,202010,6110.0,6110.0,,0.0,6110.0,6110.0,,,,
1090918GF0000002,2020-09-18 00:00:00,GF ,FAC_00047,202009,8000.0,8000.0,,0.0,8000.0,8000.0,,,,
1090919GF0000001,2020-09-19 00:00:00,GF ,FAC_00057,202009,1140.0,1140.0,,0.0,1140.0,1140.0,,,,
1110118GF0000003,2022-01-18 00:00:00,GF ,FAC_00034,202201,200.0,200.0,,0.0,200.0,200.0,,,,
1080901GF0000001,2019-09-01 00:00:00,GF ,FAC_00038,201909,5500.0,5500.0,,0.0,5500.0,5500.0,,,,
1090926GF0000001,2020-09-26 00:00:00,GF ,FAC_00014,202010,5600.0,5600.0,,0.0,5600.0,5600.0,,,,
1080626GF0000001,2019-06-26 00:00:00,GF ,FAC_00032,201906,4170.0,4170.0,,0.0,4170.0,4170.0,,,,
1081202GF0000001,2019-12-02 00:00:00,GF ,FAC_00032,201912,2090.0,2090.0,,0.0,2090.0,2090.0,,,,
1090430GF0000001,2020-04-30 00:00:00,GF ,FAC_00032,202004,5435.0,5435.0,,0.0,5435.0,5435.0,,,,
1090515GF0000001,2020-05-15 00:00:00,GF ,FAC_00032,202005,1650.0,1650.0,,0.0,1650.0,1650.0,,,,
1090926GF0000002,2020-09-26 00:00:00,GF ,FAC_00053,202010,500.0,500.0,,0.0,500.0,500.0,,,,
1090928GF0000001,2020-09-28 00:00:00,GF ,FAC_00047,202010,3600.0,3600.0,,0.0,3600.0,3600.0,,,,
1090929GF0000001,2020-09-29 00:00:00,GF ,FAC_00024,202010,4710.0,4710.0,,0.0,4710.0,4710.0,,,,
1090501GF0000002,2020-05-01 00:00:00,GF ,FAC_00038,202005,15350.0,15350.0,,0.0,15350.0,15350.0,,,,
1090801GF0000002,2020-08-01 00:00:00,GF ,FAC_00061,202008,2600.0,2600.0,,0.0,2600.0,2600.0,,,,
1091005GF0000001,2020-10-05 00:00:00,GF ,FAC_00038,202010,3000.0,3000.0,,0.0,3000.0,3000.0,,,,
1091006GF0000001,2020-10-06 00:00:00,GF ,FAC_00043,202010,1097.0,1097.0,,0.0,1097.0,1097.0,,,,
1091006GF0000002,2020-10-06 00:00:00,GF ,FAC_00066,202010,2950.0,2950.0,,0.0,2950.0,2950.0,,,,
1091202GF0000001,2020-12-02 00:00:00,GF ,FAC_00043,202012,0.0,0.0,,0.0,0.0,0.0,,,,
1091028GF0000001,2020-10-28 00:00:00,GF ,FAC_00047,202011,6800.0,6800.0,,0.0,6800.0,6800.0,,,,
1091028GF0000002,2020-10-28 00:00:00,GF ,FAC_00010,202011,9190.0,9190.0,,0.0,9190.0,9190.0,,,,
1091029GF0000001,2020-10-29 00:00:00,GF ,FAC_00040,202011,3660.0,3660.0,,0.0,3660.0,3660.0,,,,
1091030GF0000001,2020-10-30 00:00:00,GF ,FAC_00036,202011,1750.0,1750.0,,0.0,1750.0,1750.0,,,,
1091102GF0000001,2020-11-02 00:00:00,GF ,FAC_00045,202011,550.0,550.0,,0.0,550.0,550.0,,,,
1091102GF0000002,2020-11-02 00:00:00,GF ,FAC_00035,202011,3700.0,3700.0,,0.0,3700.0,3700.0,,,,
1091104GF0000001,2020-11-04 00:00:00,GF ,FAC_00023,202011,2810.0,2810.0,,0.0,2810.0,2810.0,,,,
1091106GF0000001,2020-11-06 00:00:00,GF ,FAC_00036,202011,1750.0,1750.0,,0.0,1750.0,1750.0,,,,
1091107GF0000001,2020-11-07 00:00:00,GF ,FAC_00066,202011,6760.0,6760.0,,0.0,6760.0,6760.0,,,,
1091109GF0000001,2020-11-09 00:00:00,GF ,FAC_00024,202011,5235.0,5235.0,,0.0,5235.0,5235.0,,,,
1091110GF0000001,2020-11-10 00:00:00,GF ,FAC_00061,202011,6200.0,6200.0,,0.0,6200.0,6200.0,,,,
1091111GF0000001,2020-11-11 00:00:00,GF ,FAC_00015,202011,200.0,200.0,,0.0,200.0,200.0,,,,
1091113GF0000001,2020-11-13 00:00:00,GF ,FAC_00036,202011,1750.0,1750.0,,0.0,1750.0,1750.0,,,,
1091113GF0000002,2020-11-13 00:00:00,GF ,FAC_00035,202011,1700.0,1700.0,,0.0,1700.0,1700.0,,,,
1091031GF0000001,2020-10-31 00:00:00,GF ,FAC_00047,202011,4200.0,4200.0,,0.0,4200.0,4200.0,,,,
1091116GF0000001,2020-11-16 00:00:00,GF ,FAC_00045,202011,300.0,300.0,,0.0,300.0,300.0,,,,
1091116GF0000002,2020-11-16 00:00:00,GF ,FAC_00047,202011,10100.0,10100.0,,0.0,10100.0,10100.0,,,,
1091117GF0000001,2020-11-17 00:00:00,GF ,FAC_00043,202011,940.0,940.0,,0.0,940.0,940.0,,,,
1090623GF0000002,2020-06-23 00:00:00,GF ,FAC_00047,202006,4000.0,4000.0,,0.0,4000.0,4000.0,,,,
1091118GF0000001,2020-11-18 00:00:00,GF ,FAC_00053,202011,300.0,300.0,,0.0,300.0,300.0,,,,
1080906GF0000001,2019-09-06 00:00:00,GF ,FAC_00066,201909,5620.0,5620.0,,0.0,5620.0,5620.0,,,,
1091126GF0000001,2020-11-26 00:00:00,GF ,FAC_00066,202012,10655.0,10655.0,,0.0,10655.0,10655.0,,,,
1091125GF0000001,2020-11-25 00:00:00,GF ,FAC_00047,202012,4200.0,4200.0,,0.0,4200.0,4200.0,,,,
1091127GF0000001,2020-11-27 00:00:00,GF ,FAC_00015,202012,1200.0,1200.0,,0.0,1200.0,1200.0,,,,
1091127GF0000002,2020-11-27 00:00:00,GF ,FAC_00045,202012,600.0,600.0,,0.0,600.0,600.0,,,,
1091127GF0000003,2020-11-27 00:00:00,GF ,FAC_00061,202012,2600.0,2600.0,,0.0,2600.0,2600.0,,,,
1091202GF0000002,2020-12-02 00:00:00,GF ,FAC_00043,202012,1220.0,1220.0,,0.0,1220.0,1220.0,,,,
1091202GF0000003,2020-12-02 00:00:00,GF ,FAC_00036,202012,5700.0,5700.0,,0.0,5700.0,5700.0,,,,
1091202GF0000004,2020-12-02 00:00:00,GF ,FAC_00010,202012,4127.0,4127.0,,0.0,4127.0,4127.0,,,,
1091203GF0000001,2020-12-03 00:00:00,GF ,FAC_00025,202012,2900.0,2900.0,,0.0,2900.0,2900.0,,,,
1091205GF0000001,2020-12-05 00:00:00,GF ,FAC_00044,202012,4650.0,4650.0,,0.0,4650.0,4650.0,,,,
1091205GF0000002,2020-12-05 00:00:00,GF ,FAC_00036,202012,3500.0,3500.0,,0.0,3500.0,3500.0,,,,
1091207GF0000001,2020-12-07 00:00:00,GF ,FAC_00053,202012,600.0,600.0,,0.0,600.0,600.0,,,,
1091208GF0000001,2020-12-08 00:00:00,GF ,FAC_00038,202012,14200.0,14200.0,,0.0,14200.0,14200.0,,,,
1091208GF0000002,2020-12-08 00:00:00,GF ,FAC_00014,202012,3500.0,3500.0,,0.0,3500.0,3500.0,,,,
1091209GF0000001,2020-12-09 00:00:00,GF ,FAC_00038,202012,1250.0,1250.0,,0.0,1250.0,1250.0,,,,
1091209GF0000002,2020-12-09 00:00:00,GF ,FAC_00064,202012,11270.0,11270.0,,0.0,11270.0,11270.0,,,,
1091210GF0000001,2020-12-10 00:00:00,GF ,FAC_00060,202012,6540.0,6540.0,,0.0,6540.0,6540.0,,,,
1091212GF0000001,2020-12-12 00:00:00,GF ,FAC_00035,202012,8000.0,8000.0,,0.0,8000.0,8000.0,,,,
1091212GF0000002,2020-12-12 00:00:00,GF ,FAC_00053,202012,600.0,600.0,,0.0,600.0,600.0,,,,
1091215GF0000001,2020-12-15 00:00:00,GF ,FAC_00045,202012,300.0,300.0,,0.0,300.0,300.0,,,,
1091216GF0000001,2020-12-16 00:00:00,GF ,FAC_00035,202012,4400.0,4400.0,,0.0,4400.0,4400.0,,,,
1091217GF0000001,2020-12-17 00:00:00,GF ,FAC_00066,202012,5330.0,5330.0,,0.0,5330.0,5330.0,,,,
1091218GF0000001,2020-12-18 00:00:00,GF ,FAC_00053,202012,1300.0,1300.0,,0.0,1300.0,1300.0,,,,
1091218GF0000002,2020-12-18 00:00:00,GF ,FAC_00060,202012,1820.0,1820.0,,0.0,1820.0,1820.0,,,,
1091221GF0000001,2020-12-21 00:00:00,GF ,FAC_00036,202101,4200.0,4200.0,,0.0,4200.0,4200.0,,,,
1091226GF0000001,2020-12-26 00:00:00,GF ,FAC_00031,202012,4800.0,4800.0,,0.0,4800.0,4800.0,,,,
1091226GF0000002,2020-12-26 00:00:00,GF ,FAC_00024,202101,3335.0,3335.0,,0.0,3335.0,3335.0,,,,
1091226GF0000003,2020-12-26 00:00:00,GF ,FAC_00066,202101,5490.0,5490.0,,0.0,5490.0,5490.0,,,,
1091223GF0000001,2020-12-23 00:00:00,GF ,FAC_00053,202012,1350.0,1350.0,,0.0,1350.0,1350.0,,,,
1091023GF0000001,2020-10-23 00:00:00,GF ,FAC_00023,202010,1400.0,1400.0,,0.0,1400.0,1400.0,,,,
1091226GF0000004,2020-12-26 00:00:00,GF ,FAC_00023,202101,1010.0,1010.0,,0.0,1010.0,1010.0,,,,
1091224GF0000002,2020-12-24 00:00:00,GF ,FAC_00045,202012,350.0,350.0,,0.0,350.0,350.0,,,,
1091226GF0000005,2020-12-26 00:00:00,GF ,FAC_00014,202101,6000.0,6000.0,,0.0,6000.0,6000.0,,,,
1090212GF0000001,2020-02-12 00:00:00,GF ,FAC_00047,202002,2000.0,2000.0,,0.0,2000.0,2000.0,,,,
1091226GF0000006,2020-12-26 00:00:00,GF ,FAC_00027,202012,3360.0,3360.0,,0.0,3360.0,3360.0,,,,
1091229GF0000001,2020-12-29 00:00:00,GF ,FAC_00045,202101,750.0,750.0,,0.0,750.0,750.0,,,,
1091228GF0000001,2020-12-28 00:00:00,GF ,FAC_00066,202101,3410.0,3410.0,,0.0,3410.0,3410.0,,,,
1091230GF0000001,2020-12-30 00:00:00,GF ,FAC_00054,202012,20000.0,20000.0,,0.0,20000.0,20000.0,,,,
1100105GF0000001,2021-01-05 00:00:00,GF ,FAC_00047,202101,23000.0,23000.0,,0.0,23000.0,23000.0,,,,
1091230GF0000002,2020-12-30 00:00:00,GF ,FAC_00038,202101,6100.0,6100.0,,0.0,6100.0,6100.0,,,,
1091231GF0000001,2020-12-31 00:00:00,GF ,FAC_00004,202101,12000.0,12000.0,,0.0,12000.0,12000.0,,,,
1091231GF0000002,2020-12-31 00:00:00,GF ,FAC_00053,202101,350.0,350.0,,0.0,350.0,350.0,,,,
1100105GF0000002,2021-01-05 00:00:00,GF ,FAC_00033,202101,23000.0,23000.0,,0.0,23000.0,23000.0,,,,
1100105GF0000003,2021-01-05 00:00:00,GF ,FAC_00053,202101,600.0,600.0,,0.0,600.0,600.0,,,,
1100105GF0000004,2021-01-05 00:00:00,GF ,FAC_00015,202101,350.0,350.0,,0.0,350.0,350.0,,,,
1100105GF0000005,2021-01-05 00:00:00,GF ,FAC_00066,202101,5040.0,5040.0,,0.0,5040.0,5040.0,,,,
1100106GF0000001,2021-01-06 00:00:00,GF ,FAC_00035,202101,400.0,400.0,,0.0,400.0,400.0,,,,
1100107GF0000001,2021-01-07 00:00:00,GF ,FAC_00015,202101,300.0,300.0,,0.0,300.0,300.0,,,,
1100108GF0000001,2021-01-08 00:00:00,GF ,FAC_00026,202101,2900.0,2900.0,,0.0,2900.0,2900.0,,,,
1100107GF0000002,2021-01-07 00:00:00,GF ,FAC_00064,202101,5592.0,5592.0,,0.0,5592.0,5592.0,,,,
1100104GF0000001,2021-01-04 00:00:00,GF ,FAC_00053,202101,600.0,600.0,,0.0,600.0,600.0,,,,
1100109GF0000001,2021-01-09 00:00:00,GF ,FAC_00045,202101,500.0,500.0,,0.0,500.0,500.0,,,,
1100112GF0000001,2021-01-12 00:00:00,GF ,FAC_00043,202101,1404.0,1404.0,,0.0,1404.0,1404.0,,,,
1100112GF0000002,2021-01-12 00:00:00,GF ,FAC_00045,202101,200.0,200.0,,0.0,200.0,200.0,,,,
1100113GF0000001,2021-01-13 00:00:00,GF ,FAC_00018,202101,11000.0,11000.0,,0.0,11000.0,11000.0,,,,
1100114GF0000001,2021-01-14 00:00:00,GF ,FAC_00026,202101,1950.0,1950.0,,0.0,1950.0,1950.0,,,,
1100114GF0000002,2021-01-14 00:00:00,GF ,FAC_00014,202101,7000.0,7000.0,,0.0,7000.0,7000.0,,,,
1100115GF0000001,2021-01-15 00:00:00,GF ,FAC_00036,202101,2400.0,2400.0,,0.0,2400.0,2400.0,,,,
1100115GF0000002,2021-01-15 00:00:00,GF ,FAC_00043,202101,1810.0,1810.0,,0.0,1810.0,1810.0,,,,
1100115GF0000003,2021-01-15 00:00:00,GF ,FAC_00010,202101,3380.0,3380.0,,0.0,3380.0,3380.0,,,,
1100118GF0000001,2021-01-18 00:00:00,GF ,FAC_00045,202101,150.0,150.0,,0.0,150.0,150.0,,,,
1100126GF0000001,2021-01-26 00:00:00,GF ,FAC_00066,202102,5040.0,5040.0,,0.0,5040.0,5040.0,,,,
1100123GF0000001,2021-01-23 00:00:00,GF ,FAC_00025,202101,12470.0,12470.0,,0.0,12470.0,12470.0,,,,
1100123GF0000002,2021-01-23 00:00:00,GF ,FAC_00047,202101,10000.0,10000.0,,0.0,10000.0,10000.0,,,,
1100125GF0000001,2021-01-25 00:00:00,GF ,FAC_00053,202101,1000.0,1000.0,,0.0,1000.0,1000.0,,,,
1100125GF0000002,2021-01-25 00:00:00,GF ,FAC_00006,202101,10118.4,10118.0,,0.0,10118.0,10118.0,,,,
1100126GF0000002,2021-01-26 00:00:00,GF ,FAC_00066,202102,4750.0,4750.0,,0.0,4750.0,4750.0,[已隱蔽],,,
1100126GF0000003,2021-01-26 00:00:00,GF ,FAC_00032,202101,3170.0,3170.0,,0.0,3170.0,3170.0,,,,
1100114GF0000005,2021-01-14 00:00:00,GF ,FAC_00038,202101,5400.0,5400.0,,0.0,5400.0,5400.0,,,,
1100127GF0000001,2021-01-27 00:00:00,GF ,FAC_00040,202102,3550.0,3550.0,,0.0,3550.0,3550.0,,,,
1100128GF0000001,2021-01-28 00:00:00,GF ,FAC_00062,202101,130.0,130.0,,0.0,130.0,130.0,,,,
1100128GF0000002,2021-01-28 00:00:00,GF ,FAC_00015,202102,450.0,450.0,,0.0,450.0,450.0,,,,
1100129GF0000001,2021-01-29 00:00:00,GF ,FAC_00045,202102,400.0,400.0,,0.0,400.0,400.0,,,,
1100129GF0000002,2021-01-29 00:00:00,GF ,FAC_00066,202102,4080.0,4080.0,,0.0,4080.0,4080.0,,,,
1100201GF0000001,2021-02-01 00:00:00,GF ,FAC_00036,202102,6800.0,6800.0,,0.0,6800.0,6800.0,,,,
1100202GF0000001,2021-02-02 00:00:00,GF ,FAC_00024,202102,3640.0,3640.0,,0.0,3640.0,3640.0,,,,
1100202GF0000002,2021-02-02 00:00:00,GF ,FAC_00023,202102,3070.0,3070.0,,0.0,3070.0,3070.0,,,,
1100202GF0000003,2021-02-02 00:00:00,GF ,FAC_00053,202102,600.0,600.0,,0.0,600.0,600.0,,,,
1100203GF0000001,2021-02-03 00:00:00,GF ,FAC_00053,202102,600.0,600.0,,0.0,600.0,600.0,,,,
1100203GF0000002,2021-02-03 00:00:00,GF ,FAC_00036,202102,1800.0,1800.0,,0.0,1800.0,1800.0,,,,
1100204GF0000001,2021-02-04 00:00:00,GF ,FAC_00024,202102,2600.0,2600.0,,0.0,2600.0,2600.0,,,,
1100206GF0000001,2021-02-06 00:00:00,GF ,FAC_00066,202102,5060.0,5060.0,,0.0,5060.0,5060.0,,,,
1100207GF0000001,2021-02-07 00:00:00,GF ,FAC_00018,202102,3500.0,3500.0,,0.0,3500.0,3500.0,,,,
1100208GF0000001,2021-02-08 00:00:00,GF ,FAC_00044,202102,3750.0,3750.0,,0.0,3750.0,3750.0,,,,
1100208GF0000002,2021-02-08 00:00:00,GF ,FAC_00045,202102,700.0,700.0,,0.0,700.0,700.0,,,,
1100208GF0000003,2021-02-08 00:00:00,GF ,FAC_00060,202102,3710.0,3710.0,,0.0,3710.0,3710.0,,,,
1100209GF0000001,2021-02-09 00:00:00,GF ,FAC_00066,202102,1320.0,1320.0,,0.0,1320.0,1320.0,,,,
1100209GF0000002,2021-02-09 00:00:00,GF ,FAC_00015,202102,150.0,150.0,,0.0,150.0,150.0,,,,
1100218GF0000001,2021-02-18 00:00:00,GF ,FAC_00047,202102,10000.0,10000.0,,0.0,10000.0,10000.0,,,,
1100220GF0000001,2021-02-20 00:00:00,GF ,FAC_00018,202102,12000.0,12000.0,,0.0,12000.0,12000.0,,,,
1100114GF0000004,2021-01-14 00:00:00,GF ,FAC_00038,202101,5400.0,5400.0,,0.0,5400.0,5400.0,,,,
1100226GF0000001,2021-02-26 00:00:00,GF ,FAC_00014,202103,7000.0,7000.0,,0.0,7000.0,7000.0,,,,
1100224GF0000001,2021-02-24 00:00:00,GF ,FAC_00066,202102,4160.0,4160.0,,0.0,4160.0,4160.0,,,,
1100227GF0000001,2021-02-27 00:00:00,GF ,FAC_00036,202103,2050.0,2050.0,,0.0,2050.0,2050.0,,,,
1100227GF0000002,2021-02-27 00:00:00,GF ,FAC_00047,202103,6800.0,6800.0,,0.0,6800.0,6800.0,,,,
1100303GF0000001,2021-03-03 00:00:00,GF ,FAC_00010,202103,2010.0,2010.0,,0.0,2010.0,2010.0,,,,
1100304GF0000001,2021-03-04 00:00:00,GF ,FAC_00036,202103,3550.0,3550.0,,0.0,3550.0,3550.0,,,,
1100306GF0000001,2021-03-06 00:00:00,GF ,FAC_00045,202103,400.0,400.0,,0.0,400.0,400.0,,,,
1100309GF0000001,2021-03-09 00:00:00,GF ,FAC_00047,202103,14000.0,14000.0,,0.0,14000.0,14000.0,,,,
1100309GF0000002,2021-03-09 00:00:00,GF ,FAC_00043,202103,3350.0,3350.0,,0.0,3350.0,3350.0,,,,
1100310GF0000001,2021-03-10 00:00:00,GF ,FAC_00066,202103,16520.0,16520.0,,0.0,16520.0,16520.0,,,,
1100310GF0000002,2021-03-10 00:00:00,GF ,FAC_00066,202103,5000.0,5000.0,,0.0,5000.0,5000.0,,,,
1100313GF0000001,2021-03-13 00:00:00,GF ,FAC_00015,202103,1350.0,1350.0,,0.0,1350.0,1350.0,,,,
1100317GF0000001,2021-03-17 00:00:00,GF ,FAC_00053,202103,600.0,600.0,,0.0,600.0,600.0,,,,
1100317GF0000002,2021-03-17 00:00:00,GF ,FAC_00043,202103,1950.0,1950.0,,0.0,1950.0,1950.0,,,,
1100318GF0000001,2021-03-18 00:00:00,GF ,FAC_00010,202103,6460.0,6460.0,,0.0,6460.0,6460.0,,,,
1100318GF0000002,2021-03-18 00:00:00,GF ,FAC_00023,202103,3580.0,3580.0,,0.0,3580.0,3580.0,,,,
1100319GF0000001,2021-03-19 00:00:00,GF ,FAC_00014,202103,8000.0,8000.0,,0.0,8000.0,8000.0,,,,
1100319GF0000002,2021-03-19 00:00:00,GF ,FAC_00029,202103,2500.0,2500.0,,0.0,2500.0,2500.0,,,,
1100319GF0000003,2021-03-19 00:00:00,GF ,FAC_00015,202103,1000.0,1000.0,,0.0,1000.0,1000.0,,,,
1100320GF0000001,2021-03-20 00:00:00,GF ,FAC_00036,202104,4200.0,4200.0,,0.0,4200.0,4200.0,,,,
1100323GF0000001,2021-03-23 00:00:00,GF ,FAC_00025,202103,3450.0,3450.0,,0.0,3450.0,3450.0,,,,
1100326GF0000001,2021-03-26 00:00:00,GF ,FAC_00043,202104,2119.1,2119.0,,0.0,2119.0,2119.0,,,,
1100326GF0000002,2021-03-26 00:00:00,GF ,FAC_00066,202104,3625.0,3625.0,,0.0,3625.0,3625.0,,,,
1100326GF0000003,2021-03-26 00:00:00,GF ,FAC_00066,202104,880.0,880.0,,0.0,880.0,880.0,,,,
1100323GF0000002,2021-03-23 00:00:00,GF ,FAC_00045,202103,700.0,700.0,,0.0,700.0,700.0,,,,
1100326GF0000004,2021-03-26 00:00:00,GF ,FAC_00064,202104,6409.0,6409.0,,0.0,6409.0,6409.0,,,,
1100330GF0000001,2021-03-30 00:00:00,GF ,FAC_00014,202104,2000.0,2000.0,,0.0,2000.0,2000.0,,,,
1100330GF0000002,2021-03-30 00:00:00,GF ,FAC_00036,202104,1500.0,1500.0,,0.0,1500.0,1500.0,,,,
1100330GF0000003,2021-03-30 00:00:00,GF ,FAC_00045,202104,1400.0,1400.0,,0.0,1400.0,1400.0,,,,
1100330GF0000004,2021-03-30 00:00:00,GF ,FAC_00043,202104,1007.8,1008.0,,0.0,1008.0,1008.0,,,,
1100331GF0000001,2021-03-31 00:00:00,GF ,FAC_00054,202103,2400.0,2400.0,,0.0,2400.0,2400.0,,,,
1100330GF0000005,2021-03-30 00:00:00,GF ,FAC_00024,202104,4190.0,4190.0,,0.0,4190.0,4190.0,,,,
1100331GF0000002,2021-03-31 00:00:00,GF ,FAC_00035,202103,1400.0,1400.0,,0.0,1400.0,1400.0,,,,
1100331GF0000003,2021-03-31 00:00:00,GF ,FAC_00032,202103,2510.0,2510.0,,0.0,2510.0,2510.0,,,,
1100402GF0000001,2021-04-02 00:00:00,GF ,FAC_00047,202104,6800.0,6800.0,,0.0,6800.0,6800.0,,,,
1100402GF0000002,2021-04-02 00:00:00,GF ,FAC_00023,202104,820.0,820.0,,0.0,820.0,820.0,,,,
1100408GF0000001,2021-04-08 00:00:00,GF ,FAC_00053,202104,600.0,600.0,,0.0,600.0,600.0,,,,
1100413GF0000001,2021-04-13 00:00:00,GF ,FAC_00023,202104,2040.0,2040.0,,0.0,2040.0,2040.0,,,,
1100413GF0000002,2021-04-13 00:00:00,GF ,FAC_00010,202104,1331.0,1331.0,,0.0,1331.0,1331.0,,,,
1100414GF0000001,2021-04-14 00:00:00,GF ,FAC_00029,202104,900.0,900.0,,0.0,900.0,900.0,,,,
1100416GF0000001,2021-04-16 00:00:00,GF ,FAC_00047,202104,6800.0,6800.0,,0.0,6800.0,6800.0,,,,
1100426GF0000001,2021-04-26 00:00:00,GF ,FAC_00043,202105,3444.0,3444.0,,0.0,3444.0,3444.0,,,,
1100420GF0000001,2021-04-20 00:00:00,GF ,FAC_00053,202104,300.0,300.0,,0.0,300.0,300.0,,,,
1100422GF0000001,2021-04-22 00:00:00,GF ,FAC_00044,202104,7000.0,7000.0,,0.0,7000.0,7000.0,,,,
1100426GF0000002,2021-04-26 00:00:00,GF ,FAC_00066,202105,7020.0,7020.0,,0.0,7020.0,7020.0,,,,
1100428GF0000001,2021-04-28 00:00:00,GF ,FAC_00019,202105,1240.0,1240.0,,0.0,1240.0,1240.0,,,,
1100426GF0000003,2021-04-26 00:00:00,GF ,FAC_00032,202104,2420.0,2420.0,,0.0,2420.0,2420.0,,,,
1100428GF0000002,2021-04-28 00:00:00,GF ,FAC_00049,202104,4500.0,4500.0,,0.0,4500.0,4500.0,,,,
1100428GF0000003,2021-04-28 00:00:00,GF ,FAC_00014,202105,6800.0,6800.0,,0.0,6800.0,6800.0,,,,
1100429GF0000001,2021-04-29 00:00:00,GF ,FAC_00053,202105,600.0,600.0,,0.0,600.0,600.0,,,,
1100430GF0000001,2021-04-30 00:00:00,GF ,FAC_00003,202105,2430.0,2430.0,,0.0,2430.0,2430.0,,,,
1100503GF0000001,2021-05-03 00:00:00,GF ,FAC_00043,202105,940.0,940.0,,0.0,940.0,940.0,,,,
1100505GF0000001,2021-05-05 00:00:00,GF ,FAC_00052,202105,1000.0,1000.0,,0.0,1000.0,1000.0,,,,
1100505GF0000002,2021-05-05 00:00:00,GF ,FAC_00047,202105,6800.0,6800.0,,0.0,6800.0,6800.0,,,,
1100506GF0000001,2021-05-06 00:00:00,GF ,FAC_00023,202105,550.0,550.0,,0.0,550.0,550.0,,,,
1100510GF0000001,2021-05-10 00:00:00,GF ,FAC_00037,202105,1100.0,1100.0,,0.0,1100.0,1100.0,,,,
1100510GF0000002,2021-05-10 00:00:00,GF ,FAC_00062,202105,1140.0,1140.0,,0.0,1140.0,1140.0,,,,
1100511GF0000001,2021-05-11 00:00:00,GF ,FAC_00026,202105,1350.0,1350.0,,0.0,1350.0,1350.0,,,,
1100511GF0000002,2021-05-11 00:00:00,GF ,FAC_00036,202105,1750.0,1750.0,,0.0,1750.0,1750.0,,,,
1100512GF0000001,2021-05-12 00:00:00,GF ,FAC_00014,202105,3600.0,3600.0,,0.0,3600.0,3600.0,,,,
1100512GF0000002,2021-05-12 00:00:00,GF ,FAC_00045,202105,250.0,250.0,,0.0,250.0,250.0,,,,
1100512GF0000003,2021-05-12 00:00:00,GF ,FAC_00060,202105,1050.0,1050.0,,0.0,1050.0,1050.0,,,,
1100513GF0000001,2021-05-13 00:00:00,GF ,FAC_00045,202105,1000.0,1000.0,,0.0,1000.0,1000.0,,,,
1100514GF0000001,2021-05-14 00:00:00,GF ,FAC_00036,202105,4200.0,4200.0,,0.0,4200.0,4200.0,,,,
1100514GF0000002,2021-05-14 00:00:00,GF ,FAC_00038,202105,4860.0,4860.0,,0.0,4860.0,4860.0,,,,
1100515GF0000001,2021-05-15 00:00:00,GF ,FAC_00045,202105,850.0,850.0,,0.0,850.0,850.0,,,,
1100515GF0000002,2021-05-15 00:00:00,GF ,FAC_00053,202105,400.0,400.0,,0.0,400.0,400.0,,,,
1100517GF0000001,2021-05-17 00:00:00,GF ,FAC_00029,202105,1600.0,1600.0,,0.0,1600.0,1600.0,,,,
1100930GF0000003,2021-09-30 00:00:00,GF ,FAC_00029,202109,1660.0,1660.0,,0.0,1660.0,1660.0,,,,
1101001GF0000001,2021-10-01 00:00:00,GF ,FAC_00066,202110,1350.0,1350.0,,0.0,1350.0,1350.0,,,,
1101004GF0000002,2021-10-04 00:00:00,GF ,FAC_00026,202110,1350.0,1350.0,,0.0,1350.0,1350.0,,,,
1101005GF0000001,2021-10-05 00:00:00,GF ,FAC_00018,202110,800.0,800.0,,0.0,800.0,800.0,,,,
1101005GF0000002,2021-10-05 00:00:00,GF ,FAC_00066,202110,2200.0,2200.0,,0.0,2200.0,2200.0,,,,
1101005GF0000003,2021-10-05 00:00:00,GF ,FAC_00047,202110,7000.0,7000.0,,0.0,7000.0,7000.0,,,,
1101006GF0000001,2021-10-06 00:00:00,GF ,FAC_00063,202110,2760.0,2760.0,,0.0,2760.0,2760.0,,,,
1101007GF0000001,2021-10-07 00:00:00,GF ,FAC_00010,202110,5532.0,5532.0,,0.0,5532.0,5532.0,,,,
1101006GF0000002,2021-10-06 00:00:00,GF ,FAC_00066,202110,2240.0,2240.0,,0.0,2240.0,2240.0,,,,
1101012GF0000001,2021-10-12 00:00:00,GF ,FAC_00036,202110,1750.0,1750.0,,0.0,1750.0,1750.0,,,,
1101012GF0000002,2021-10-12 00:00:00,GF ,FAC_00015,202110,300.0,300.0,,0.0,300.0,300.0,,,,
1101013GF0000001,2021-10-13 00:00:00,GF ,FAC_00066,202110,3390.0,3390.0,,0.0,3390.0,3390.0,,,,
1101012GF0000003,2021-10-12 00:00:00,GF ,FAC_00064,202110,5725.0,5725.0,,0.0,5725.0,5725.0,,,,
1101014GF0000001,2021-10-14 00:00:00,GF ,FAC_00029,202110,450.0,450.0,,0.0,450.0,450.0,,,,
1101014GF0000002,2021-10-14 00:00:00,GF ,FAC_00019,202110,1300.0,1300.0,,0.0,1300.0,1300.0,,,,
1101030GF0000001,2021-10-30 00:00:00,GF ,FAC_00019,202111,490.0,490.0,,0.0,490.0,490.0,,,,
1101026GF0000004,2021-10-26 00:00:00,GF ,FAC_00060,202111,4225.0,4225.0,,0.0,4225.0,4225.0,,,,
1101103GF0000001,2021-11-03 00:00:00,GF ,FAC_00018,202111,8400.0,8400.0,,0.0,8400.0,8400.0,,,,
1101104GF0000001,2021-11-04 00:00:00,GF ,FAC_00064,202111,5515.0,5515.0,,0.0,5515.0,5515.0,,,,
1101106GF0000001,2021-11-06 00:00:00,GF ,FAC_00024,202111,1090.0,1090.0,,0.0,1090.0,1090.0,,,,
1101108GF0000001,2021-11-08 00:00:00,GF ,FAC_00066,202111,4620.0,4620.0,,0.0,4620.0,4620.0,,,,
1101108GF0000002,2021-11-08 00:00:00,GF ,FAC_00010,202111,3400.0,3400.0,,0.0,3400.0,3400.0,,,,
1101110GF0000001,2021-11-10 00:00:00,GF ,FAC_00019,202111,450.0,450.0,,0.0,450.0,450.0,,,,
1101110GF0000002,2021-11-10 00:00:00,GF ,FAC_00032,202111,1880.0,1880.0,,0.0,1880.0,1880.0,,,,
1101111GF0000001,2021-11-11 00:00:00,GF ,FAC_00027,202111,4650.0,4650.0,,0.0,4650.0,4650.0,,,,
1101112GF0000001,2021-11-12 00:00:00,GF ,FAC_00066,202111,6340.0,6340.0,,0.0,6340.0,6340.0,,,,
1101112GF0000002,2021-11-12 00:00:00,GF ,FAC_00023,202111,840.0,840.0,,0.0,840.0,840.0,,,,
1101112GF0000003,2021-11-12 00:00:00,GF ,FAC_00019,202111,650.0,650.0,,0.0,650.0,650.0,,,,
1101117GF0000001,2021-11-17 00:00:00,GF ,FAC_00023,202111,950.0,950.0,,0.0,950.0,950.0,,,,
1101118GF0000001,2021-11-18 00:00:00,GF ,FAC_00019,202111,1200.0,1200.0,,0.0,1200.0,1200.0,,,,
1100521GF0000001,2021-05-21 00:00:00,GF ,FAC_00053,202105,600.0,600.0,,0.0,600.0,600.0,,,,
1100521GF0000002,2021-05-21 00:00:00,GF ,FAC_00026,202105,1080.0,1080.0,,0.0,1080.0,1080.0,,,,
1100526GF0000001,2021-05-26 00:00:00,GF ,FAC_00066,202106,11380.0,11380.0,,0.0,11380.0,11380.0,,,,
1100526GF0000002,2021-05-26 00:00:00,GF ,FAC_00043,202106,1329.3,1329.0,,0.0,1329.0,1329.0,,,,
1100526GF0000003,2021-05-26 00:00:00,GF ,FAC_00031,202105,4800.0,4800.0,,0.0,4800.0,4800.0,,,,
1100528GF0000001,2021-05-28 00:00:00,GF ,FAC_00053,202106,300.0,300.0,,0.0,300.0,300.0,,,,
1100529GF0000001,2021-05-29 00:00:00,GF ,FAC_00024,202106,5000.0,5000.0,,0.0,5000.0,5000.0,,,,
1100531GF0000001,2021-05-31 00:00:00,GF ,FAC_00045,202106,1120.0,1120.0,,0.0,1120.0,1120.0,,,,
1100531GF0000002,2021-05-31 00:00:00,GF ,FAC_00023,202106,480.0,480.0,,0.0,480.0,480.0,,,,
1100601GF0000001,2021-06-01 00:00:00,GF ,FAC_00043,202106,1040.0,1040.0,,0.0,1040.0,1040.0,,,,
1100601GF0000002,2021-06-01 00:00:00,GF ,FAC_00044,202106,9850.0,9850.0,,0.0,9850.0,9850.0,,,,
1100602GF0000001,2021-06-02 00:00:00,GF ,FAC_00066,202106,4080.0,4080.0,,0.0,4080.0,4080.0,,,,
1100603GF0000001,2021-06-03 00:00:00,GF ,FAC_00018,202106,24000.0,24000.0,,0.0,24000.0,24000.0,,,,
1100603GF0000002,2021-06-03 00:00:00,GF ,FAC_00023,202106,1800.0,1800.0,,0.0,1800.0,1800.0,,,,
1100605GF0000001,2021-06-05 00:00:00,GF ,FAC_00037,202106,320.0,320.0,,0.0,320.0,320.0,,,,
1100610GF0000001,2021-06-10 00:00:00,GF ,FAC_00036,202106,0.0,0.0,,0.0,0.0,0.0,,,,
1100610GF0000002,2021-06-10 00:00:00,GF ,FAC_00036,202106,2350.0,2350.0,,0.0,2350.0,2350.0,,,,
1100611GF0000001,2021-06-11 00:00:00,GF ,FAC_00044,202106,3500.0,3500.0,,0.0,3500.0,3500.0,,,,
1100616GF0000001,2021-06-16 00:00:00,GF ,FAC_00043,202106,990.0,990.0,,0.0,990.0,990.0,,,,
1100626GF0000001,2021-06-26 00:00:00,GF ,FAC_00024,202107,6515.0,6515.0,,0.0,6515.0,6515.0,,,,
1100622GF0000001,2021-06-22 00:00:00,GF ,FAC_00039,202106,500.0,500.0,,0.0,500.0,500.0,,,,
1100622GF0000002,2021-06-22 00:00:00,GF ,FAC_00015,202106,600.0,600.0,,0.0,600.0,600.0,,,,
1100608GF0000001,2021-06-08 00:00:00,GF ,FAC_00053,202106,300.0,300.0,,0.0,300.0,300.0,,,,
1100626GF0000002,2021-06-26 00:00:00,GF ,FAC_00029,202106,1600.0,1600.0,,0.0,1600.0,1600.0,,,,
1100626GF0000003,2021-06-26 00:00:00,GF ,FAC_00023,202107,2150.0,2150.0,,0.0,2150.0,2150.0,,,,
1100626GF0000004,2021-06-26 00:00:00,GF ,FAC_00066,202107,7409.0,7409.0,,0.0,7409.0,7409.0,,,,
1100626GF0000005,2021-06-26 00:00:00,GF ,FAC_00066,202107,3700.0,3700.0,,0.0,3700.0,3700.0,,,,
1100628GF0000001,2021-06-28 00:00:00,GF ,FAC_00060,202107,3138.0,3138.0,,0.0,3138.0,3138.0,,,,
1100625GF0000001,2021-06-25 00:00:00,GF ,FAC_00063,202106,3450.0,3450.0,,0.0,3450.0,3450.0,,,,
1100625GF0000002,2021-06-25 00:00:00,GF ,FAC_00053,202106,600.0,600.0,,0.0,600.0,600.0,,,,
1100626GF0000006,2021-06-26 00:00:00,GF ,FAC_00064,202107,7425.0,7425.0,,0.0,7425.0,7425.0,,,,
1100628GF0000002,2021-06-28 00:00:00,GF ,FAC_00036,202107,3500.0,3500.0,,0.0,3500.0,3500.0,,,,
1100629GF0000001,2021-06-29 00:00:00,GF ,FAC_00036,202107,1500.0,1500.0,,0.0,1500.0,1500.0,,,,
1100701GF0000001,2021-07-01 00:00:00,GF ,FAC_00040,202107,5660.0,5660.0,,0.0,5660.0,5660.0,,,,
1100702GF0000001,2021-07-02 00:00:00,GF ,FAC_00045,202107,1350.0,1350.0,,0.0,1350.0,1350.0,,,,
1100702GF0000002,2021-07-02 00:00:00,GF ,FAC_00014,202107,4200.0,4200.0,,0.0,4200.0,4200.0,,,,
1100702GF0000003,2021-07-02 00:00:00,GF ,FAC_00045,202107,100.0,100.0,,0.0,100.0,100.0,,,,
1100705GF0000001,2021-07-05 00:00:00,GF ,FAC_00019,202107,2150.0,2150.0,,0.0,2150.0,2150.0,,,,
1100705GF0000002,2021-07-05 00:00:00,GF ,FAC_00036,202107,3550.0,3550.0,,0.0,3550.0,3550.0,,,,
1100705GF0000003,2021-07-05 00:00:00,GF ,FAC_00023,202107,1300.0,1300.0,,0.0,1300.0,1300.0,,,,
1100706GF0000001,2021-07-06 00:00:00,GF ,FAC_00010,202107,5560.0,5560.0,,0.0,5560.0,5560.0,,,,
1100707GF0000001,2021-07-07 00:00:00,GF ,FAC_00066,202107,1200.0,1200.0,,0.0,1200.0,1200.0,,,,
1100708GF0000001,2021-07-08 00:00:00,GF ,FAC_00059,202107,2000.0,2000.0,,0.0,2000.0,2000.0,,,,
1100712GF0000001,2021-07-12 00:00:00,GF ,FAC_00023,202107,660.0,660.0,,0.0,660.0,660.0,,,,
1100712GF0000002,2021-07-12 00:00:00,GF ,FAC_00009,202107,420.0,420.0,,0.0,420.0,420.0,,,,
1100713GF0000001,2021-07-13 00:00:00,GF ,FAC_00043,202107,2670.0,2670.0,,0.0,2670.0,2670.0,,,,
1100713GF0000002,2021-07-13 00:00:00,GF ,FAC_00010,202107,5400.0,5400.0,,0.0,5400.0,5400.0,,,,
1100714GF0000001,2021-07-14 00:00:00,GF ,FAC_00019,202107,1800.0,1800.0,,0.0,1800.0,1800.0,,,,
1100715GF0000001,2021-07-15 00:00:00,GF ,FAC_00019,202107,1820.0,1820.0,,0.0,1820.0,1820.0,,,,
1100715GF0000002,2021-07-15 00:00:00,GF ,FAC_00044,202107,1300.0,1300.0,,0.0,1300.0,1300.0,,,,
1100717GF0000001,2021-07-17 00:00:00,GF ,FAC_00036,202108,4550.0,4550.0,,0.0,4550.0,4550.0,,,,
1100726GF0000001,2021-07-26 00:00:00,GF ,FAC_00043,202108,2690.0,2690.0,,0.0,2690.0,2690.0,,,,
1100726GF0000002,2021-07-26 00:00:00,GF ,FAC_00066,202108,9485.0,9485.0,,0.0,9485.0,9485.0,,,,
1100726GF0000003,2021-07-26 00:00:00,GF ,FAC_00029,202107,2070.0,2070.0,,0.0,2070.0,2070.0,,,,
1100723GF0000001,2021-07-23 00:00:00,GF ,FAC_00045,202107,400.0,400.0,,0.0,400.0,400.0,,,,
1100723GF0000002,2021-07-23 00:00:00,GF ,FAC_00063,202107,3854.0,3854.0,,0.0,3854.0,3854.0,,,,
1100726GF0000004,2021-07-26 00:00:00,GF ,FAC_00066,202108,2400.0,2400.0,,0.0,2400.0,2400.0,,,,
1100726GF0000005,2021-07-26 00:00:00,GF ,FAC_00036,202108,3500.0,3500.0,,0.0,3500.0,3500.0,,,,
1100727GF0000001,2021-07-27 00:00:00,GF ,FAC_00053,202108,950.0,950.0,,0.0,950.0,950.0,,,,
1100729GF0000001,2021-07-29 00:00:00,GF ,FAC_00024,202108,3880.0,3880.0,,0.0,3880.0,3880.0,,,,
1100729GF0000002,2021-07-29 00:00:00,GF ,FAC_00053,202108,400.0,400.0,,0.0,400.0,400.0,,,,
1100730GF0000001,2021-07-30 00:00:00,GF ,FAC_00036,202108,1800.0,1800.0,,0.0,1800.0,1800.0,,,,
1100730GF0000002,2021-07-30 00:00:00,GF ,FAC_00045,202108,700.0,700.0,,0.0,700.0,700.0,,,,
1100803GF0000001,2021-08-03 00:00:00,GF ,FAC_00049,202108,2200.0,2200.0,,0.0,2200.0,2200.0,,,,
1100803GF0000003,2021-08-03 00:00:00,GF ,FAC_00066,202108,2005.0,2005.0,,0.0,2005.0,2005.0,,,,
1100804GF0000001,2021-08-04 00:00:00,GF ,FAC_00014,202108,1000.0,1000.0,,0.0,1000.0,1000.0,,,,
1100804GF0000002,2021-08-04 00:00:00,GF ,FAC_00006,202108,7704.0,7704.0,,0.0,7704.0,7704.0,,,,
1100804GF0000003,2021-08-04 00:00:00,GF ,FAC_00043,202108,830.0,830.0,,0.0,830.0,830.0,,,,
1100805GF0000001,2021-08-05 00:00:00,GF ,FAC_00047,202108,4000.0,4000.0,,0.0,4000.0,4000.0,,,,
1100805GF0000002,2021-08-05 00:00:00,GF ,FAC_00026,202108,1980.0,1980.0,,0.0,1980.0,1980.0,,,,
1100805GF0000003,2021-08-05 00:00:00,GF ,FAC_00004,202108,12000.0,12000.0,,0.0,12000.0,12000.0,,,,
1100805GF0000004,2021-08-05 00:00:00,GF ,FAC_00014,202108,6300.0,6300.0,,0.0,6300.0,6300.0,,,,
1100810GF0000001,2021-08-10 00:00:00,GF ,FAC_00043,202108,610.0,610.0,,0.0,610.0,610.0,,,,
1100811GF0000001,2021-08-11 00:00:00,GF ,FAC_00036,202108,1750.0,1750.0,,0.0,1750.0,1750.0,,,,
1100803GF0000004,2021-08-03 00:00:00,GF ,FAC_00006,202108,11040.0,11040.0,,0.0,11040.0,11040.0,,,,
1100811GF0000002,2021-08-11 00:00:00,GF ,FAC_00026,202108,1800.0,1800.0,,0.0,1800.0,1800.0,,,,
1100811GF0000003,2021-08-11 00:00:00,GF ,FAC_00018,202108,300.0,300.0,,0.0,300.0,300.0,,,,
1100812GF0000001,2021-08-12 00:00:00,GF ,FAC_00053,202108,600.0,600.0,,0.0,600.0,600.0,,,,
1100813GF0000001,2021-08-13 00:00:00,GF ,FAC_00037,202108,256.0,256.0,,0.0,256.0,256.0,,,,
1100815GF0000001,2021-08-15 00:00:00,GF ,FAC_00037,202108,1200.0,1200.0,,0.0,1200.0,1200.0,,,,
1100816GF0000001,2021-08-16 00:00:00,GF ,FAC_00047,202108,6800.0,6800.0,,0.0,6800.0,6800.0,,,,
1100816GF0000002,2021-08-16 00:00:00,GF ,FAC_00023,202108,2870.0,2870.0,,0.0,2870.0,2870.0,,,,
1100818GF0000001,2021-08-18 00:00:00,GF ,FAC_00010,202108,4780.0,4780.0,,0.0,4780.0,4780.0,,,,
1100818GF0000002,2021-08-18 00:00:00,GF ,FAC_00060,202108,4050.0,4050.0,,0.0,4050.0,4050.0,,,,
1100823GF0000001,2021-08-23 00:00:00,GF ,FAC_00043,202109,1610.0,1610.0,,0.0,1610.0,1610.0,,,,
1100824GF0000001,2021-08-24 00:00:00,GF ,FAC_00045,202108,1400.0,1400.0,,0.0,1400.0,1400.0,,,,
1100826GF0000001,2021-08-26 00:00:00,GF ,FAC_00066,202109,4950.0,4950.0,,0.0,4950.0,4950.0,,,,
1100826GF0000002,2021-08-26 00:00:00,GF ,FAC_00044,202108,6510.0,6510.0,,0.0,6510.0,6510.0,,,,
1100826GF0000003,2021-08-26 00:00:00,GF ,FAC_00047,202109,9500.0,9500.0,,0.0,9500.0,9500.0,,,,
1100827GF0000001,2021-08-27 00:00:00,GF ,FAC_00043,202109,140.0,140.0,,0.0,140.0,140.0,,,,
1100828GF0000001,2021-08-28 00:00:00,GF ,FAC_00024,202109,3070.0,3070.0,,0.0,3070.0,3070.0,,,,
1100901GF0000001,2021-09-01 00:00:00,GF ,FAC_00029,202109,1945.0,1945.0,,0.0,1945.0,1945.0,,,,
1100902GF0000001,2021-09-02 00:00:00,GF ,FAC_00043,202109,220.0,220.0,,0.0,220.0,220.0,,,,
1100903GF0000001,2021-09-03 00:00:00,GF ,FAC_00040,202109,3840.0,3840.0,,0.0,3840.0,3840.0,,,,
1100904GF0000001,2021-09-04 00:00:00,GF ,FAC_00036,202109,2100.0,2100.0,,0.0,2100.0,2100.0,,,,
1100908GF0000001,2021-09-08 00:00:00,GF ,FAC_00019,202109,4280.0,4280.0,,0.0,4280.0,4280.0,,,,
1100909GF0000001,2021-09-09 00:00:00,GF ,FAC_00014,202109,3050.0,3050.0,,0.0,3050.0,3050.0,,,,
1100911GF0000001,2021-09-11 00:00:00,GF ,FAC_00036,202109,1750.0,1750.0,,0.0,1750.0,1750.0,,,,
1100911GF0000002,2021-09-11 00:00:00,GF ,FAC_00023,202109,1100.0,1100.0,,0.0,1100.0,1100.0,,,,
1100911GF0000003,2021-09-11 00:00:00,GF ,FAC_00065,202109,900.0,900.0,,0.0,900.0,900.0,,,,
1100913GF0000001,2021-09-13 00:00:00,GF ,FAC_00043,202109,440.0,440.0,,0.0,440.0,440.0,,,,
1100913GF0000002,2021-09-13 00:00:00,GF ,FAC_00066,202109,1630.0,1630.0,,0.0,1630.0,1630.0,,,,
1100916GF0000001,2021-09-16 00:00:00,GF ,FAC_00036,202109,1750.0,1750.0,,0.0,1750.0,1750.0,,,,
1100916GF0000002,2021-09-16 00:00:00,GF ,FAC_00014,202109,6000.0,6000.0,,0.0,6000.0,6000.0,,,,
1100916GF0000003,2021-09-16 00:00:00,GF ,FAC_00045,202109,450.0,450.0,,0.0,450.0,450.0,,,,
1100922GF0000001,2021-09-22 00:00:00,GF ,FAC_00043,202109,890.0,890.0,,0.0,890.0,890.0,,,,
1100927GF0000001,2021-09-27 00:00:00,GF ,FAC_00036,202110,4200.0,4200.0,,0.0,4200.0,4200.0,,,,
1100924GF0000001,2021-09-24 00:00:00,GF ,FAC_00003,202109,2030.0,2030.0,,0.0,2030.0,2030.0,,,,
1100924GF0000002,2021-09-24 00:00:00,GF ,FAC_00044,202109,7350.0,7350.0,,0.0,7350.0,7350.0,,,,
1100927GF0000002,2021-09-27 00:00:00,GF ,FAC_00043,202110,1639.8,1640.0,,0.0,1640.0,1640.0,,,,
1100927GF0000003,2021-09-27 00:00:00,GF ,FAC_00038,202110,4450.0,4450.0,,0.0,4450.0,4450.0,,,,
1100928GF0000001,2021-09-28 00:00:00,GF ,FAC_00014,202110,8200.0,8200.0,,0.0,8200.0,8200.0,,,,
1100928GF0000003,2021-09-28 00:00:00,GF ,FAC_00066,202110,4720.0,4720.0,,0.0,4720.0,4720.0,,,,
1100928GF0000004,2021-09-28 00:00:00,GF ,FAC_00047,202110,16300.0,16300.0,,0.0,16300.0,16300.0,,,,
1100929GF0000001,2021-09-29 00:00:00,GF ,FAC_00003,202110,2430.0,2430.0,,0.0,2430.0,2430.0,,,,
1100929GF0000002,2021-09-29 00:00:00,GF ,FAC_00045,202110,70.0,70.0,,0.0,70.0,70.0,,,,
1100929GF0000003,2021-09-29 00:00:00,GF ,FAC_00064,202110,4975.0,4975.0,,0.0,4975.0,4975.0,,,,
1100930GF0000001,2021-09-30 00:00:00,GF ,FAC_00023,202110,4290.0,4290.0,,0.0,4290.0,4290.0,,,,
1100930GF0000002,2021-09-30 00:00:00,GF ,FAC_00054,202109,6000.0,6000.0,,0.0,6000.0,6000.0,,,,
1100927GF0000004,2021-09-27 00:00:00,GF ,FAC_00024,202110,9950.0,9950.0,,0.0,9950.0,9950.0,,,,
1101015GF0000001,2021-10-15 00:00:00,GF ,FAC_00043,202110,710.0,710.0,,0.0,710.0,710.0,,,,
1101015GF0000002,2021-10-15 00:00:00,GF ,FAC_00066,202110,5530.0,5530.0,,0.0,5530.0,5530.0,,,,
1101019GF0000001,2021-10-19 00:00:00,GF ,FAC_00026,202110,1350.0,1350.0,,0.0,1350.0,1350.0,,,,
1101022GF0000001,2021-10-22 00:00:00,GF ,FAC_00025,202110,6900.0,6900.0,,0.0,6900.0,6900.0,,,,
1101022GF0000002,2021-10-22 00:00:00,GF ,FAC_00036,202111,1800.0,1800.0,,0.0,1800.0,1800.0,,,,
1101026GF0000002,2021-10-26 00:00:00,GF ,FAC_00066,202111,6475.0,6475.0,,0.0,6475.0,6475.0,,,,
1101026GF0000003,2021-10-26 00:00:00,GF ,FAC_00053,202111,500.0,500.0,,0.0,500.0,500.0,,,,
1101027GF0000001,2021-10-27 00:00:00,GF ,FAC_00014,202111,4100.0,4100.0,,0.0,4100.0,4100.0,,,,
1101028GF0000001,2021-10-28 00:00:00,GF ,FAC_00003,202111,2050.0,2050.0,,0.0,2050.0,2050.0,,,,
1101028GF0000002,2021-10-28 00:00:00,GF ,FAC_00023,202111,2200.0,2200.0,,0.0,2200.0,2200.0,,,,
1101028GF0000003,2021-10-28 00:00:00,GF ,FAC_00066,202111,4080.0,4080.0,,0.0,4080.0,4080.0,,,,
1101029GF0000001,2021-10-29 00:00:00,GF ,FAC_00036,202111,3600.0,3600.0,,0.0,3600.0,3600.0,,,,
1101029GF0000002,2021-10-29 00:00:00,GF ,FAC_00019,202111,410.0,410.0,,0.0,410.0,410.0,,,,
1101029GF0000003,2021-10-29 00:00:00,GF ,FAC_00035,202110,10500.0,10500.0,,0.0,10500.0,10500.0,,,,
1101118GF0000002,2021-11-18 00:00:00,GF ,FAC_00038,202111,4250.0,4250.0,,0.0,4250.0,4250.0,,,,
1101119GF0000001,2021-11-19 00:00:00,GF ,FAC_00036,202112,3500.0,3500.0,,0.0,3500.0,3500.0,,,,
1101119GF0000002,2021-11-19 00:00:00,GF ,FAC_00064,202111,3881.0,3881.0,,0.0,3881.0,3881.0,,,,
1101126GF0000001,2021-11-26 00:00:00,GF ,FAC_00066,202112,5008.0,5008.0,,0.0,5008.0,5008.0,,,,
1101122GF0000001,2021-11-22 00:00:00,GF ,FAC_00043,202111,1040.0,1040.0,,0.0,1040.0,1040.0,,,,
1101123GF0000001,2021-11-23 00:00:00,GF ,FAC_00031,202112,3480.0,3480.0,,0.0,3480.0,3480.0,,,,
1101126GF0000002,2021-11-26 00:00:00,GF ,FAC_00038,202112,4200.0,4200.0,,0.0,4200.0,4200.0,,,,
1101124GF0000001,2021-11-24 00:00:00,GF ,FAC_00037,202111,186.0,186.0,,0.0,186.0,186.0,,,,
1101125GF0000001,2021-11-25 00:00:00,GF ,FAC_00023,202111,2720.0,2720.0,,0.0,2720.0,2720.0,,,,
1101126GF0000003,2021-11-26 00:00:00,GF ,FAC_00043,202112,1040.0,1040.0,,0.0,1040.0,1040.0,,,,
1101126GF0000004,2021-11-26 00:00:00,GF ,FAC_00066,202112,1700.0,1700.0,,0.0,1700.0,1700.0,,,,
1101129GF0000001,2021-11-29 00:00:00,GF ,FAC_00036,202112,3500.0,3500.0,,0.0,3500.0,3500.0,,,,
1101201GF0000001,2021-12-01 00:00:00,GF ,FAC_00029,202112,1600.0,1600.0,,0.0,1600.0,1600.0,,,,
1101128GF0000001,2021-11-28 00:00:00,GF ,FAC_00037,202111,306.0,306.0,,0.0,306.0,306.0,,,,
1101201GF0000002,2021-12-01 00:00:00,GF ,FAC_00053,202112,700.0,700.0,,0.0,700.0,700.0,,,,
1101203GF0000001,2021-12-03 00:00:00,GF ,FAC_00019,202112,7400.0,7400.0,,0.0,7400.0,7400.0,,,,
1101204GF0000001,2021-12-04 00:00:00,GF ,FAC_00011,202112,2000.0,2000.0,,0.0,2000.0,2000.0,,,,
1101207GF0000001,2021-12-07 00:00:00,GF ,FAC_00010,202112,5100.0,5100.0,,0.0,5100.0,5100.0,,,,
1101207GF0000002,2021-12-07 00:00:00,GF ,FAC_00024,202112,3120.0,3120.0,,0.0,3120.0,3120.0,,,,
1101207GF0000003,2021-12-07 00:00:00,GF ,FAC_00066,202112,8500.0,8500.0,,0.0,8500.0,8500.0,,,,
1101208GF0000001,2021-12-08 00:00:00,GF ,FAC_00060,202112,3356.0,3356.0,,0.0,3356.0,3356.0,,,,
1101209GF0000001,2021-12-09 00:00:00,GF ,FAC_00029,202112,540.0,540.0,,0.0,540.0,540.0,,,,
1101210GF0000001,2021-12-10 00:00:00,GF ,FAC_00053,202112,350.0,350.0,,0.0,350.0,350.0,,,,
1101210GF0000002,2021-12-10 00:00:00,GF ,FAC_00024,202112,3480.0,3480.0,,0.0,3480.0,3480.0,,,,
1101211GF0000001,2021-12-11 00:00:00,GF ,FAC_00019,202112,2200.0,2200.0,,0.0,2200.0,2200.0,,,,
1101213GF0000001,2021-12-13 00:00:00,GF ,FAC_00044,202112,1680.0,1680.0,,0.0,1680.0,1680.0,,,,
1101213GF0000002,2021-12-13 00:00:00,GF ,FAC_00023,202112,1500.0,1500.0,,0.0,1500.0,1500.0,,,,
1101214GF0000001,2021-12-14 00:00:00,GF ,FAC_00036,202112,1150.0,1150.0,,0.0,1150.0,1150.0,,,,
1101215GF0000001,2021-12-15 00:00:00,GF ,FAC_00010,202112,1950.0,1950.0,,0.0,1950.0,1950.0,,,,
1101215GF0000002,2021-12-15 00:00:00,GF ,FAC_00066,202112,1620.0,1620.0,,0.0,1620.0,1620.0,,,,
1101216GF0000001,2021-12-16 00:00:00,GF ,FAC_00019,202112,550.0,550.0,,0.0,550.0,550.0,,,,
1101216GF0000002,2021-12-16 00:00:00,GF ,FAC_00053,202112,900.0,900.0,,0.0,900.0,900.0,,,,
1101226GF0000001,2021-12-26 00:00:00,GF ,FAC_00066,202201,3630.0,3630.0,,0.0,3630.0,3630.0,,,,
1101109GF0000001,2021-11-09 00:00:00,GF ,FAC_00066,202111,1100.0,1100.0,,0.0,1100.0,1100.0,,,,
1101226GF0000002,2021-12-26 00:00:00,GF ,FAC_00014,202201,6000.0,6000.0,,0.0,6000.0,6000.0,,,,
1101223GF0000001,2021-12-23 00:00:00,GF ,FAC_00037,202112,507.0,507.0,,0.0,507.0,507.0,,,,
1101224GF0000001,2021-12-24 00:00:00,GF ,FAC_00063,202112,703.0,703.0,,0.0,703.0,703.0,,,,
1101226GF0000003,2021-12-26 00:00:00,GF ,FAC_00066,202201,5040.0,5040.0,,0.0,5040.0,5040.0,,,,
1101227GF0000001,2021-12-27 00:00:00,GF ,FAC_00045,202201,500.0,500.0,,0.0,500.0,500.0,,,,
1101228GF0000001,2021-12-28 00:00:00,GF ,FAC_00036,202201,1500.0,1500.0,,0.0,1500.0,1500.0,,,,
1101229GF0000001,2021-12-29 00:00:00,GF ,FAC_00066,202201,1800.0,1800.0,,0.0,1800.0,1800.0,,,,
1101230GF0000001,2021-12-30 00:00:00,GF ,FAC_00021,202112,2550.0,2550.0,,0.0,2550.0,2550.0,,,,
1101227GF0000002,2021-12-27 00:00:00,GF ,FAC_00037,202112,1460.0,1460.0,,0.0,1460.0,1460.0,,,,
1101229GF0000002,2021-12-29 00:00:00,GF ,FAC_00043,202201,9059.8,9060.0,,0.0,9060.0,9060.0,,,,
1110103GF0000001,2022-01-03 00:00:00,GF ,FAC_00036,202201,4200.0,4200.0,,0.0,4200.0,4200.0,,,,
1110103GF0000002,2022-01-03 00:00:00,GF ,FAC_00040,202201,4142.0,4142.0,,0.0,4142.0,4142.0,,,,
1101230GF0000002,2021-12-30 00:00:00,GF ,FAC_00024,202201,5105.0,5105.0,,0.0,5105.0,5105.0,,,,
1110105GF0000001,2022-01-05 00:00:00,GF ,FAC_00019,202201,4800.0,4800.0,,0.0,4800.0,4800.0,,,,
1110106GF0000001,2022-01-06 00:00:00,GF ,FAC_00024,202201,3850.0,3850.0,,0.0,3850.0,3850.0,,,,
1110105GF0000002,2022-01-05 00:00:00,GF ,FAC_00066,202201,2675.0,2675.0,,0.0,2675.0,2675.0,,,,
1110106GF0000002,2022-01-06 00:00:00,GF ,FAC_00043,202201,770.0,770.0,,0.0,770.0,770.0,,,,
1110107GF0000001,2022-01-07 00:00:00,GF ,FAC_00047,202201,13500.0,13500.0,,0.0,13500.0,13500.0,,,,
1110107GF0000002,2022-01-07 00:00:00,GF ,FAC_00023,202201,2000.0,2000.0,,0.0,2000.0,2000.0,,,,
1110107GF0000003,2022-01-07 00:00:00,GF ,FAC_00064,202201,4035.0,4035.0,,0.0,4035.0,4035.0,,,,
1110110GF0000001,2022-01-10 00:00:00,GF ,FAC_00053,202201,300.0,300.0,,0.0,300.0,300.0,,,,
1110111GF0000001,2022-01-11 00:00:00,GF ,FAC_00044,202201,1200.0,1200.0,,0.0,1200.0,1200.0,,,,
1110111GF0000002,2022-01-11 00:00:00,GF ,FAC_00063,202201,1066.0,1066.0,,0.0,1066.0,1066.0,,,,
1110112GF0000001,2022-01-12 00:00:00,GF ,FAC_00045,202201,400.0,400.0,,0.0,400.0,400.0,,,,
1110114GF0000001,2022-01-14 00:00:00,GF ,FAC_00037,202201,636.0,636.0,,0.0,636.0,636.0,,,,
1110115GF0000001,2022-01-15 00:00:00,GF ,FAC_00018,202201,1500.0,1500.0,,0.0,1500.0,1500.0,,,,
1110111GF0000003,2022-01-11 00:00:00,GF ,FAC_00024,202201,1930.0,1930.0,,0.0,1930.0,1930.0,,,,
1110117GF0000001,2022-01-17 00:00:00,GF ,FAC_00019,202201,585.0,585.0,,0.0,585.0,585.0,,,,
1110117GF0000002,2022-01-17 00:00:00,GF ,FAC_00043,202201,1980.0,1980.0,,0.0,1980.0,1980.0,,,,
1110118GF0000001,2022-01-18 00:00:00,GF ,FAC_00053,202201,300.0,300.0,,0.0,300.0,300.0,,,,
1110118GF0000002,2022-01-18 00:00:00,GF ,FAC_00064,202201,4290.0,4290.0,,0.0,4290.0,4290.0,,,,
1110120GF0000001,2022-01-20 00:00:00,GF ,FAC_00037,202201,576.0,576.0,,0.0,576.0,576.0,,,,
1110120GF0000002,2022-01-20 00:00:00,GF ,FAC_00037,202201,1689.0,1689.0,,0.0,1689.0,1689.0,,,,
1110120GF0000003,2022-01-20 00:00:00,GF ,FAC_00038,202201,12120.0,12120.0,,0.0,12120.0,12120.0,,,,
1110120GF0000004,2022-01-20 00:00:00,GF ,FAC_00047,202201,12500.0,12500.0,,0.0,12500.0,12500.0,,,,
1110120GF0000005,2022-01-20 00:00:00,GF ,FAC_00040,202201,1670.0,1670.0,,0.0,1670.0,1670.0,,,,
1110126GF0000001,2022-01-26 00:00:00,GF ,FAC_00066,202202,5430.0,5430.0,,0.0,5430.0,5430.0,,,,
1110121GF0000001,2022-01-21 00:00:00,GF ,FAC_00023,202201,1130.0,1130.0,,0.0,1130.0,1130.0,,,,
1110121GF0000002,2022-01-21 00:00:00,GF ,FAC_00007,202201,2415.0,2415.0,,0.0,2415.0,2415.0,,,,
1110122GF0000001,2022-01-22 00:00:00,GF ,FAC_00003,202201,1580.0,1580.0,,0.0,1580.0,1580.0,,,,
1110122GF0000002,2022-01-22 00:00:00,GF ,FAC_00024,202202,6585.0,6585.0,,0.0,6585.0,6585.0,,,,
1110122GF0000003,2022-01-22 00:00:00,GF ,FAC_00043,202201,1290.0,1290.0,,0.0,1290.0,1290.0,,,,
1110124GF0000001,2022-01-24 00:00:00,GF ,FAC_00019,202201,360.0,360.0,,0.0,360.0,360.0,,,,
1110124GF0000002,2022-01-24 00:00:00,GF ,FAC_00018,202201,0.0,0.0,,0.0,0.0,0.0,,,,
1110124GF0000003,2022-01-24 00:00:00,GF ,FAC_00018,202201,9000.0,9000.0,,0.0,9000.0,9000.0,,,,
1110126GF0000002,2022-01-26 00:00:00,GF ,FAC_00047,202202,10500.0,10500.0,,0.0,10500.0,10500.0,,,,
1110124GF0000004,2022-01-24 00:00:00,GF ,FAC_00026,202201,2700.0,2700.0,,0.0,2700.0,2700.0,,,,
1110124GF0000005,2022-01-24 00:00:00,GF ,FAC_00035,202201,5800.0,5800.0,,0.0,5800.0,5800.0,,,,
1110126GF0000003,2022-01-26 00:00:00,GF ,FAC_00066,202202,4380.0,4380.0,,0.0,4380.0,4380.0,,,,
1110125GF0000001,2022-01-25 00:00:00,GF ,FAC_00003,202201,2800.0,2800.0,,0.0,2800.0,2800.0,,,,
1110126GF0000004,2022-01-26 00:00:00,GF ,FAC_00066,202202,2880.0,2880.0,,0.0,2880.0,2880.0,,,,
1110127GF0000001,2022-01-27 00:00:00,GF ,FAC_00023,202202,1150.0,1150.0,,0.0,1150.0,1150.0,,,,
1110127GF0000002,2022-01-27 00:00:00,GF ,FAC_00053,202202,1900.0,1900.0,,0.0,1900.0,1900.0,,,,
1110127GF0000003,2022-01-27 00:00:00,GF ,FAC_00029,202201,360.0,360.0,,0.0,360.0,360.0,,,,
1110128GF0000001,2022-01-28 00:00:00,GF ,FAC_00064,202202,4370.0,4370.0,,0.0,4370.0,4370.0,,,,
1110207GF0000001,2022-02-07 00:00:00,GF ,FAC_00045,202202,900.0,900.0,,0.0,900.0,900.0,,,,
1110208GF0000001,2022-02-08 00:00:00,GF ,FAC_00024,202202,1150.0,1150.0,,0.0,1150.0,1150.0,,,,
1110209GF0000001,2022-02-09 00:00:00,GF ,FAC_00024,202202,2575.0,2575.0,,0.0,2575.0,2575.0,,,,
1110209GF0000002,2022-02-09 00:00:00,GF ,FAC_00047,202202,800.0,800.0,,0.0,800.0,800.0,,,,
1110214GF0000001,2022-02-14 00:00:00,GF ,FAC_00053,202202,300.0,300.0,,0.0,300.0,300.0,,,,
1110217GF0000001,2022-02-17 00:00:00,GF ,FAC_00037,202202,810.0,810.0,,0.0,810.0,810.0,,,,
1110221GF0000001,2022-02-21 00:00:00,GF ,FAC_00037,202202,1690.0,1690.0,,0.0,1690.0,1690.0,,,,
1110226GF0000001,2022-02-26 00:00:00,GF ,FAC_00043,202203,2050.0,2050.0,,0.0,2050.0,2050.0,,,,
1110226GF0000002,2022-02-26 00:00:00,GF ,FAC_00066,202203,9770.0,9770.0,,0.0,9770.0,9770.0,,,,
1110223GF0000001,2022-02-23 00:00:00,GF ,FAC_00045,202202,650.0,650.0,,0.0,650.0,650.0,,,,
1110226GF0000003,2022-02-26 00:00:00,GF ,FAC_00043,202203,650.0,650.0,,0.0,650.0,650.0,,,,
1110224GF0000001,2022-02-24 00:00:00,GF ,FAC_00015,202202,450.0,450.0,,0.0,450.0,450.0,,,,
1110226GF0000004,2022-02-26 00:00:00,GF ,FAC_00024,202203,6235.0,6235.0,,0.0,6235.0,6235.0,,,,
1110226GF0000005,2022-02-26 00:00:00,GF ,FAC_00047,202203,7600.0,7600.0,,0.0,7600.0,7600.0,,,,
1110301GF0000001,2022-03-01 00:00:00,GF ,FAC_00019,202203,840.0,840.0,,0.0,840.0,840.0,,,,
1110302GF0000001,2022-03-02 00:00:00,GF ,FAC_00014,202203,3900.0,3900.0,,0.0,3900.0,3900.0,,,,
1110302GF0000002,2022-03-02 00:00:00,GF ,FAC_00064,202203,3210.0,3210.0,,0.0,3210.0,3210.0,,,,
1110303GF0000001,2022-03-03 00:00:00,GF ,FAC_00066,202203,9680.0,9680.0,,0.0,9680.0,9680.0,,,,
1110304GF0000001,2022-03-04 00:00:00,GF ,FAC_00043,202203,550.0,550.0,,0.0,550.0,550.0,,,,
1110307GF0000001,2022-03-07 00:00:00,GF ,FAC_00019,202203,1750.0,1750.0,,0.0,1750.0,1750.0,,,,
1110307GF0000002,2022-03-07 00:00:00,GF ,FAC_00066,202203,5010.0,5010.0,,0.0,5010.0,5010.0,,,,
1110309GF0000001,2022-03-09 00:00:00,GF ,FAC_00019,202203,300.0,300.0,,0.0,300.0,300.0,,,,
1110310GF0000001,2022-03-10 00:00:00,GF ,FAC_00010,202203,6500.0,6500.0,,0.0,6500.0,6500.0,,,,
1110310GF0000002,2022-03-10 00:00:00,GF ,FAC_00044,202203,2000.0,2000.0,,0.0,2000.0,2000.0,[已隱蔽],,,
1110310GF0000003,2022-03-10 00:00:00,GF ,FAC_00023,202203,4850.0,4850.0,,0.0,4850.0,4850.0,,,,
1110314GF0000001,2022-03-14 00:00:00,GF ,FAC_00019,202203,825.0,825.0,,0.0,825.0,825.0,,,,
1110315GF0000001,2022-03-15 00:00:00,GF ,FAC_00014,202203,4000.0,4000.0,,0.0,4000.0,4000.0,,,,
1110315GF0000002,2022-03-15 00:00:00,GF ,FAC_00018,202203,1500.0,1500.0,,0.0,1500.0,1500.0,,,,
1110315GF0000003,2022-03-15 00:00:00,GF ,FAC_00043,202203,930.0,930.0,,0.0,930.0,930.0,,,,
1110316GF0000001,2022-03-16 00:00:00,GF ,FAC_00036,202203,1300.0,1300.0,,0.0,1300.0,1300.0,,,,
1110315GF0000004,2022-03-15 00:00:00,GF ,FAC_00019,202203,350.0,350.0,,0.0,350.0,350.0,,,,
1110317GF0000001,2022-03-17 00:00:00,GF ,FAC_00018,202203,21008.0,21008.0,,0.0,21008.0,21008.0,,,,
1110319GF0000001,2022-03-19 00:00:00,GF ,FAC_00053,202203,1000.0,1000.0,,0.0,1000.0,1000.0,,,,
1110321GF0000001,2022-03-21 00:00:00,GF ,FAC_00043,202203,520.0,520.0,,0.0,520.0,520.0,,,,
1110323GF0000001,2022-03-23 00:00:00,GF ,FAC_00035,202203,8600.0,8600.0,,0.0,8600.0,8600.0,,,,
1110323GF0000002,2022-03-23 00:00:00,GF ,FAC_00019,202203,920.0,920.0,,0.0,920.0,920.0,,,,
1110323GF0000003,2022-03-23 00:00:00,GF ,FAC_00045,202203,340.0,340.0,,0.0,340.0,340.0,,,,
1110323GF0000004,2022-03-23 00:00:00,GF ,FAC_00044,202203,5949.0,5949.0,,0.0,5949.0,5949.0,,,,
1110324GF0000001,2022-03-24 00:00:00,GF ,FAC_00023,202203,1920.0,1920.0,,0.0,1920.0,1920.0,,,,
1110326GF0000001,2022-03-26 00:00:00,GF ,FAC_00014,202204,3500.0,3500.0,,0.0,3500.0,3500.0,,,,
1110326GF0000002,2022-03-26 00:00:00,GF ,FAC_00004,202204,12000.0,12000.0,,0.0,12000.0,12000.0,,,,
1110328GF0000001,2022-03-28 00:00:00,GF ,FAC_00043,202204,2379.8,2380.0,,0.0,2380.0,2380.0,,,,
1110329GF0000001,2022-03-29 00:00:00,GF ,FAC_00066,202204,4030.0,4030.0,,0.0,4030.0,4030.0,,,,
1110329GF0000002,2022-03-29 00:00:00,GF ,FAC_00060,202204,4081.0,4081.0,,0.0,4081.0,4081.0,,,,
1110330GF0000001,2022-03-30 00:00:00,GF ,FAC_00045,202204,100.0,100.0,,0.0,100.0,100.0,,,,
1110331GF0000001,2022-03-31 00:00:00,GF ,FAC_00024,202204,3755.0,3755.0,,0.0,3755.0,3755.0,,,,
1110331GF0000002,2022-03-31 00:00:00,GF ,FAC_00037,202203,1850.0,1850.0,,0.0,1850.0,1850.0,,,,
1110331GF0000003,2022-03-31 00:00:00,GF ,FAC_00019,202204,600.0,600.0,,0.0,600.0,600.0,,,,
1110401GF0000001,2022-04-01 00:00:00,GF ,FAC_00047,202204,10800.0,10800.0,,0.0,10800.0,10800.0,,,,
1110401GF0000002,2022-04-01 00:00:00,GF ,FAC_00029,202204,360.0,360.0,,0.0,360.0,360.0,,,,
1110402GF0000001,2022-04-02 00:00:00,GF ,FAC_00019,202204,400.0,400.0,,0.0,400.0,400.0,,,,
1110402GF0000002,2022-04-02 00:00:00,GF ,FAC_00035,202204,9600.0,9600.0,,0.0,9600.0,9600.0,,,,
1110402GF0000003,2022-04-02 00:00:00,GF ,FAC_00019,202204,500.0,500.0,,0.0,500.0,500.0,,,,
1110402GF0000004,2022-04-02 00:00:00,GF ,FAC_00051,202204,3900.0,3900.0,,0.0,3900.0,3900.0,,,,
1110407GF0000001,2022-04-07 00:00:00,GF ,FAC_00023,202204,3390.0,3390.0,,0.0,3390.0,3390.0,,,,
1110408GF0000001,2022-04-08 00:00:00,GF ,FAC_00047,202204,7600.0,7600.0,,0.0,7600.0,7600.0,,,,
1110406GF0000001,2022-04-06 00:00:00,GF ,FAC_00019,202204,350.0,350.0,,0.0,350.0,350.0,,,,
1110408GF0000002,2022-04-08 00:00:00,GF ,FAC_00036,202204,2300.0,2300.0,,0.0,2300.0,2300.0,,,,
1110408GF0000003,2022-04-08 00:00:00,GF ,FAC_00019,202204,250.0,250.0,,0.0,250.0,250.0,,,,
1110411GF0000001,2022-04-11 00:00:00,GF ,FAC_00032,202204,5080.0,5080.0,,0.0,5080.0,5080.0,,,,
1110412GF0000001,2022-04-12 00:00:00,GF ,FAC_00010,202204,3200.0,3200.0,,0.0,3200.0,3200.0,,,,
1110413GF0000001,2022-04-13 00:00:00,GF ,FAC_00044,202204,5000.0,5000.0,,0.0,5000.0,5000.0,,,,
1110414GF0000001,2022-04-14 00:00:00,GF ,FAC_00066,202204,2080.0,2080.0,,0.0,2080.0,2080.0,,,,
1110415GF0000001,2022-04-15 00:00:00,GF ,FAC_00047,202204,12000.0,12000.0,,0.0,12000.0,12000.0,,,,
1110416GF0000001,2022-04-16 00:00:00,GF ,FAC_00019,202204,200.0,200.0,,0.0,200.0,200.0,,,,
1110426GF0000001,2022-04-26 00:00:00,GF ,FAC_00064,202205,2962.0,2962.0,,0.0,2962.0,2962.0,,,,
1110418GF0000001,2022-04-18 00:00:00,GF ,FAC_00041,202204,160.0,160.0,,0.0,160.0,160.0,,,,
1110419GF0000001,2022-04-19 00:00:00,GF ,FAC_00045,202204,650.0,650.0,,0.0,650.0,650.0,,,,
1110420GF0000001,2022-04-20 00:00:00,GF ,FAC_00037,202204,1870.0,1870.0,,0.0,1870.0,1870.0,,,,
1110419GF0000002,2022-04-19 00:00:00,GF ,FAC_00010,202204,0.0,0.0,,0.0,0.0,0.0,,,,
1110419GF0000003,2022-04-19 00:00:00,GF ,FAC_00010,202204,2340.0,2340.0,,0.0,2340.0,2340.0,,,,
1110426GF0000002,2022-04-26 00:00:00,GF ,FAC_00066,202205,4970.0,4970.0,,0.0,4970.0,4970.0,,,,
1110422GF0000001,2022-04-22 00:00:00,GF ,FAC_00053,202204,600.0,600.0,,0.0,600.0,600.0,,,,
1110426GF0000003,2022-04-26 00:00:00,GF ,FAC_00060,202205,7630.0,7630.0,,0.0,7630.0,7630.0,,,,
1110427GF0000001,2022-04-27 00:00:00,GF ,FAC_00065,202204,2500.0,2500.0,,0.0,2500.0,2500.0,,,,
1110503GF0000001,2022-05-03 00:00:00,GF ,FAC_00019,202205,900.0,900.0,,0.0,900.0,900.0,,,,
1110504GF0000001,2022-05-04 00:00:00,GF ,FAC_00043,202205,390.0,390.0,,0.0,390.0,390.0,,,,
1110505GF0000001,2022-05-05 00:00:00,GF ,FAC_00036,202205,1750.0,1750.0,,0.0,1750.0,1750.0,,,,
1110510GF0000001,2022-05-10 00:00:00,GF ,FAC_00019,202205,2200.0,2200.0,,0.0,2200.0,2200.0,,,,
1110510GF0000002,2022-05-10 00:00:00,GF ,FAC_00043,202205,260.0,260.0,,0.0,260.0,260.0,,,,
1110511GF0000001,2022-05-11 00:00:00,GF ,FAC_00062,202205,300.0,300.0,,0.0,300.0,300.0,,,,
1110511GF0000002,2022-05-11 00:00:00,GF ,FAC_00023,202205,650.0,650.0,,0.0,650.0,650.0,,,,
1110512GF0000001,2022-05-12 00:00:00,GF ,FAC_00019,202205,1295.0,1295.0,,0.0,1295.0,1295.0,,,,
1110513GF0000001,2022-05-13 00:00:00,GF ,FAC_00054,202205,400.0,400.0,,0.0,400.0,400.0,,,,
1110513GF0000002,2022-05-13 00:00:00,GF ,FAC_00045,202205,500.0,500.0,,0.0,500.0,500.0,,,,
1110516GF0000001,2022-05-16 00:00:00,GF ,FAC_00036,202205,1750.0,1750.0,,0.0,1750.0,1750.0,,,,
1110517GF0000001,2022-05-17 00:00:00,GF ,FAC_00024,202205,2925.0,2925.0,,0.0,2925.0,2925.0,,,,
1110518GF0000001,2022-05-18 00:00:00,GF ,FAC_00029,202205,3644.0,3644.0,,0.0,3644.0,3644.0,,,,
1110521GF0000001,2022-05-21 00:00:00,GF ,FAC_00051,202205,3250.0,3250.0,,0.0,3250.0,3250.0,,,,
1110526GF0000001,2022-05-26 00:00:00,GF ,FAC_00066,202206,8740.0,8740.0,,0.0,8740.0,8740.0,,,,
1110524GF0000001,2022-05-24 00:00:00,GF ,FAC_00019,202205,1400.0,1400.0,,0.0,1400.0,1400.0,,,,
1110525GF0000001,2022-05-25 00:00:00,GF ,FAC_00045,202205,600.0,600.0,,0.0,600.0,600.0,,,,
1110526GF0000002,2022-05-26 00:00:00,GF ,FAC_00064,202206,8941.0,8941.0,,0.0,8941.0,8941.0,,,,
1110526GF0000003,2022-05-26 00:00:00,GF ,FAC_00066,202206,2200.0,2200.0,,0.0,2200.0,2200.0,,,,
1110526GF0000004,2022-05-26 00:00:00,GF ,FAC_00037,202205,2535.0,2535.0,,0.0,2535.0,2535.0,,,,
1110526GF0000005,2022-05-26 00:00:00,GF ,FAC_00023,202206,860.0,860.0,,0.0,860.0,860.0,,,,
1110527GF0000001,2022-05-27 00:00:00,GF ,FAC_00019,202206,500.0,500.0,,0.0,500.0,500.0,,,,
1110530GF0000001,2022-05-30 00:00:00,GF ,FAC_00036,202206,1900.0,1900.0,,0.0,1900.0,1900.0,,,,
1110530GF0000002,2022-05-30 00:00:00,GF ,FAC_00043,202206,1610.0,1610.0,,0.0,1610.0,1610.0,,,,
1110531GF0000001,2022-05-31 00:00:00,GF ,FAC_00036,202206,1750.0,1750.0,,0.0,1750.0,1750.0,,,,
1110531GF0000002,2022-05-31 00:00:00,GF ,FAC_00019,202206,2100.0,2100.0,,0.0,2100.0,2100.0,,,,
1110601GF0000001,2022-06-01 00:00:00,GF ,FAC_00038,202206,11980.0,11980.0,,0.0,11980.0,11980.0,,,,
1110601GF0000002,2022-06-01 00:00:00,GF ,FAC_00066,202206,1240.0,1240.0,,0.0,1240.0,1240.0,,,,
1110602GF0000001,2022-06-02 00:00:00,GF ,FAC_00040,202206,5040.0,5040.0,,0.0,5040.0,5040.0,,,,
1110602GF0000002,2022-06-02 00:00:00,GF ,FAC_00045,202206,600.0,600.0,,0.0,600.0,600.0,,,,
1110606GF0000001,2022-06-06 00:00:00,GF ,FAC_00019,202206,500.0,500.0,,0.0,500.0,500.0,,,,
1110607GF0000001,2022-06-07 00:00:00,GF ,FAC_00010,202206,1200.0,1200.0,,0.0,1200.0,1200.0,,,,
1110607GF0000002,2022-06-07 00:00:00,GF ,FAC_00043,202206,460.0,460.0,,0.0,460.0,460.0,,,,
1110606GF0000002,2022-06-06 00:00:00,GF ,FAC_00066,202206,5200.0,5200.0,,0.0,5200.0,5200.0,,,,
1110609GF0000001,2022-06-09 00:00:00,GF ,FAC_00053,202206,1200.0,1200.0,,0.0,1200.0,1200.0,,,,
1110609GF0000002,2022-06-09 00:00:00,GF ,FAC_00036,202206,720.0,720.0,,0.0,720.0,720.0,,,,
1110611GF0000001,2022-06-11 00:00:00,GF ,FAC_00047,202206,13000.0,13000.0,,0.0,13000.0,13000.0,,,,
1110614GF0000001,2022-06-14 00:00:00,GF ,FAC_00039,202206,500.0,500.0,,0.0,500.0,500.0,,,,
1110615GF0000001,2022-06-15 00:00:00,GF ,FAC_00014,202206,1650.0,1650.0,,0.0,1650.0,1650.0,,,,
1110616GF0000001,2022-06-16 00:00:00,GF ,FAC_00023,202206,1860.0,1860.0,,0.0,1860.0,1860.0,,,,
1110616GF0000002,2022-06-16 00:00:00,GF ,FAC_00047,202206,11000.0,11000.0,,0.0,11000.0,11000.0,,,,
1110616GF0000003,2022-06-16 00:00:00,GF ,FAC_00019,202206,1100.0,1100.0,,0.0,1100.0,1100.0,,,,
1110621GF0000001,2022-06-21 00:00:00,GF ,FAC_00019,202206,3120.0,3120.0,,0.0,3120.0,3120.0,,,,
1110621GF0000002,2022-06-21 00:00:00,GF ,FAC_00029,202206,690.0,690.0,,0.0,690.0,690.0,,,,
1110621GF0000003,2022-06-21 00:00:00,GF ,FAC_00019,202206,800.0,800.0,,0.0,800.0,800.0,,,,
1110621GF0000004,2022-06-21 00:00:00,GF ,FAC_00045,202206,900.0,900.0,,0.0,900.0,900.0,,,,
1110621GF0000005,2022-06-21 00:00:00,GF ,FAC_00019,202206,800.0,800.0,,0.0,800.0,800.0,,,,
1110622GF0000001,2022-06-22 00:00:00,GF ,FAC_00036,202207,1750.0,1750.0,,0.0,1750.0,1750.0,,,,
1110627GF0000001,2022-06-27 00:00:00,GF ,FAC_00066,202207,8090.0,8090.0,,0.0,8090.0,8090.0,,,,
1110624GF0000001,2022-06-24 00:00:00,GF ,FAC_00044,202206,7699.0,7699.0,,0.0,7699.0,7699.0,,,,
1110626GF0000001,2022-06-26 00:00:00,GF ,FAC_00024,202207,5605.0,5605.0,,0.0,5605.0,5605.0,,,,
1110704GF0000001,2022-07-04 00:00:00,GF ,FAC_00003,202207,2640.0,2640.0,,0.0,2640.0,2640.0,,,,
1110704GF0000002,2022-07-04 00:00:00,GF ,FAC_00037,202207,1880.0,1880.0,,0.0,1880.0,1880.0,,,,
1110705GF0000001,2022-07-05 00:00:00,GF ,FAC_00019,202207,650.0,650.0,,0.0,650.0,650.0,,,,
1110705GF0000002,2022-07-05 00:00:00,GF ,FAC_00043,202207,2328.0,2328.0,,0.0,2328.0,2328.0,,,,
1110706GF0000001,2022-07-06 00:00:00,GF ,FAC_00040,202207,970.0,970.0,,0.0,970.0,970.0,,,,
1110706GF0000002,2022-07-06 00:00:00,GF ,FAC_00036,202207,1750.0,1750.0,,0.0,1750.0,1750.0,,,,
1110707GF0000001,2022-07-07 00:00:00,GF ,FAC_00066,202207,3840.0,3840.0,,0.0,3840.0,3840.0,,,,
1110706GF0000003,2022-07-06 00:00:00,GF ,FAC_00064,202207,3535.0,3535.0,,0.0,3535.0,3535.0,,,,
1110707GF0000002,2022-07-07 00:00:00,GF ,FAC_00006,202207,5006.4,5006.0,,0.0,5006.0,5006.0,,,,
1110708GF0000001,2022-07-08 00:00:00,GF ,FAC_00031,202207,4260.0,4260.0,,0.0,4260.0,4260.0,,,,
1110708GF0000002,2022-07-08 00:00:00,GF ,FAC_00023,202207,3000.0,3000.0,,0.0,3000.0,3000.0,,,,
1110713GF0000001,2022-07-13 00:00:00,GF ,FAC_00032,202207,4250.0,4250.0,,0.0,4250.0,4250.0,,,,
1110714GF0000002,2022-07-14 00:00:00,GF ,FAC_00053,202207,600.0,600.0,,0.0,600.0,600.0,,,,
1110718GF0000001,2022-07-18 00:00:00,GF ,FAC_00038,202207,3300.0,3300.0,,0.0,3300.0,3300.0,,,,
1110718GF0000002,2022-07-18 00:00:00,GF ,FAC_00019,202207,950.0,950.0,,0.0,950.0,950.0,,,,
1110719GF0000001,2022-07-19 00:00:00,GF ,FAC_00043,202207,180.0,180.0,,0.0,180.0,180.0,,,,
1110720GF0000001,2022-07-20 00:00:00,GF ,FAC_00064,202207,1080.0,1080.0,,0.0,1080.0,1080.0,,,,
1110726GF0000001,2022-07-26 00:00:00,GF ,FAC_00066,202208,3840.0,3840.0,,0.0,3840.0,3840.0,,,,
1110726GF0000002,2022-07-26 00:00:00,GF ,FAC_00047,202208,4000.0,4000.0,,0.0,4000.0,4000.0,,,,
1110726GF0000003,2022-07-26 00:00:00,GF ,FAC_00064,202208,2944.0,2944.0,,0.0,2944.0,2944.0,,,,
1110722GF0000001,2022-07-22 00:00:00,GF ,FAC_00027,202207,3850.0,3850.0,,0.0,3850.0,3850.0,,,,
1110726GF0000004,2022-07-26 00:00:00,GF ,FAC_00036,202208,2300.0,2300.0,,0.0,2300.0,2300.0,,,,
1110726GF0000005,2022-07-26 00:00:00,GF ,FAC_00043,202208,1120.0,1120.0,,0.0,1120.0,1120.0,,,,
1110727GF0000001,2022-07-27 00:00:00,GF ,FAC_00023,202208,2120.0,2120.0,,0.0,2120.0,2120.0,,,,
1110728GF0000001,2022-07-28 00:00:00,GF ,FAC_00019,202208,1300.0,1300.0,,0.0,1300.0,1300.0,,,,
1110729GF0000003,2022-07-29 00:00:00,GF ,FAC_00044,202207,1199.0,1199.0,,0.0,1199.0,1199.0,,,,
1110728GF0000002,2022-07-28 00:00:00,GF ,FAC_00036,202208,1850.0,1850.0,,0.0,1850.0,1850.0,,,,
1110729GF0000001,2022-07-29 00:00:00,GF ,FAC_00066,202208,4700.0,4700.0,,0.0,4700.0,4700.0,,,,
1110729GF0000002,2022-07-29 00:00:00,GF ,FAC_00063,202207,3778.0,3778.0,,0.0,3778.0,3778.0,,,,
1110730GF0000001,2022-07-30 00:00:00,GF ,FAC_00036,202208,3000.0,3000.0,,0.0,3000.0,3000.0,,,,
1110730GF0000002,2022-07-30 00:00:00,GF ,FAC_00015,202208,1200.0,1200.0,,0.0,1200.0,1200.0,,,,
1110802GF0000001,2022-08-02 00:00:00,GF ,FAC_00019,202208,500.0,500.0,,0.0,500.0,500.0,,,,
1110802GF0000002,2022-08-02 00:00:00,GF ,FAC_00010,202208,2151.0,2151.0,,0.0,2151.0,2151.0,,,,
1110802GF0000003,2022-08-02 00:00:00,GF ,FAC_00043,202208,570.0,570.0,,0.0,570.0,570.0,,,,
1110803GF0000001,2022-08-03 00:00:00,GF ,FAC_00066,202208,4980.0,4980.0,,0.0,4980.0,4980.0,,,,
1110803GF0000002,2022-08-03 00:00:00,GF ,FAC_00014,202208,3900.0,3900.0,,0.0,3900.0,3900.0,,,,
1110803GF0000003,2022-08-03 00:00:00,GF ,FAC_00066,202208,7250.0,7250.0,,0.0,7250.0,7250.0,,,,
1110804GF0000001,2022-08-04 00:00:00,GF ,FAC_00036,202208,3500.0,3500.0,,0.0,3500.0,3500.0,,,,
1110809GF0000001,2022-08-09 00:00:00,GF ,FAC_00043,202208,990.0,990.0,,0.0,990.0,990.0,,,,
1110816GF0000001,2022-08-16 00:00:00,GF ,FAC_00063,202208,1840.0,1840.0,,0.0,1840.0,1840.0,,,,
1110816GF0000002,2022-08-16 00:00:00,GF ,FAC_00044,202208,1200.0,1200.0,,0.0,1200.0,1200.0,,,,
1110816GF0000003,2022-08-16 00:00:00,GF ,FAC_00043,202208,200.0,200.0,,0.0,200.0,200.0,,,,
1110817GF0000001,2022-08-17 00:00:00,GF ,FAC_00047,202208,11000.0,11000.0,,0.0,11000.0,11000.0,,,,
1110817GF0000002,2022-08-17 00:00:00,GF ,FAC_00023,202208,2780.0,2780.0,,0.0,2780.0,2780.0,,,,
1110817GF0000003,2022-08-17 00:00:00,GF ,FAC_00026,202208,1400.0,1400.0,,0.0,1400.0,1400.0,,,,
1110823GF0000001,2022-08-23 00:00:00,GF ,FAC_00043,202208,260.0,260.0,,0.0,260.0,260.0,,,,
1110826GF0000001,2022-08-26 00:00:00,GF ,FAC_00066,202209,3090.0,3090.0,,0.0,3090.0,3090.0,,,,
1110826GF0000002,2022-08-26 00:00:00,GF ,FAC_00064,202209,3840.0,3840.0,,0.0,3840.0,3840.0,,,,
1110824GF0000001,2022-08-24 00:00:00,GF ,FAC_00035,202208,10000.0,10000.0,,0.0,10000.0,10000.0,,,,
1110827GF0000001,2022-08-27 00:00:00,GF ,FAC_00053,202209,300.0,300.0,,0.0,300.0,300.0,,,,
1110830GF0000001,2022-08-30 00:00:00,GF ,FAC_00025,202209,6370.0,6370.0,,0.0,6370.0,6370.0,,,,
1110831GF0000001,2022-08-31 00:00:00,GF ,FAC_00047,202209,7450.0,7450.0,,0.0,7450.0,7450.0,,,,
1110901GF0000001,2022-09-01 00:00:00,GF ,FAC_00029,202209,760.0,760.0,,0.0,760.0,760.0,,,,
1110901GF0000002,2022-09-01 00:00:00,GF ,FAC_00014,202209,3980.0,3980.0,,0.0,3980.0,3980.0,,,,
1110902GF0000001,2022-09-02 00:00:00,GF ,FAC_00036,202209,1750.0,1750.0,,0.0,1750.0,1750.0,,,,
1110902GF0000002,2022-09-02 00:00:00,GF ,FAC_00024,202209,5330.0,5330.0,,0.0,5330.0,5330.0,,,,
1110902GF0000003,2022-09-02 00:00:00,GF ,FAC_00043,202209,2900.2,2900.0,,0.0,2900.0,2900.0,,,,
1110829GF0000001,2022-08-29 00:00:00,GF ,FAC_00043,202209,520.0,520.0,,0.0,520.0,520.0,,,,
1110905GF0000001,2022-09-05 00:00:00,GF ,FAC_00022,202209,1848.0,1848.0,,0.0,1848.0,1848.0,,,,
1110908GF0000001,2022-09-08 00:00:00,GF ,FAC_00053,202209,600.0,600.0,,0.0,600.0,600.0,,,,
1110912GF0000001,2022-09-12 00:00:00,GF ,FAC_00040,202209,1670.0,1670.0,,0.0,1670.0,1670.0,,,,
1110912GF0000002,2022-09-12 00:00:00,GF ,FAC_00043,202209,2750.0,2750.0,,0.0,2750.0,2750.0,,,,
1110914GF0000001,2022-09-14 00:00:00,GF ,FAC_00037,202209,1790.0,1790.0,,0.0,1790.0,1790.0,,,,
1110914GF0000002,2022-09-14 00:00:00,GF ,FAC_00047,202209,1000.0,1000.0,,0.0,1000.0,1000.0,,,,
1110916GF0000001,2022-09-16 00:00:00,GF ,FAC_00044,202209,2600.0,2600.0,,0.0,2600.0,2600.0,,,,
1110916GF0000002,2022-09-16 00:00:00,GF ,FAC_00019,202209,775.0,775.0,,0.0,775.0,775.0,,,,
1110916GF0000003,2022-09-16 00:00:00,GF ,FAC_00036,202209,1750.0,1750.0,,0.0,1750.0,1750.0,,,,
1110921GF0000001,2022-09-21 00:00:00,GF ,FAC_00044,202209,1750.0,1750.0,,0.0,1750.0,1750.0,,,,
1110921GF0000002,2022-09-21 00:00:00,GF ,FAC_00047,202209,1000.0,1000.0,,0.0,1000.0,1000.0,,,,
1110926GF0000001,2022-09-26 00:00:00,GF ,FAC_00066,202210,12970.0,12970.0,,0.0,12970.0,12970.0,,,,
1110923GF0000001,2022-09-23 00:00:00,GF ,FAC_00001,202209,17280.0,17280.0,,0.0,17280.0,17280.0,,,,
1110923GF0000002,2022-09-23 00:00:00,GF ,FAC_00047,202209,7500.0,7500.0,,0.0,7500.0,7500.0,,,,
1110926GF0000002,2022-09-26 00:00:00,GF ,FAC_00066,202210,4580.0,4580.0,,0.0,4580.0,4580.0,,,,
1110926GF0000003,2022-09-26 00:00:00,GF ,FAC_00036,202210,2300.0,2300.0,,0.0,2300.0,2300.0,,,,
1110927GF0000001,2022-09-27 00:00:00,GF ,FAC_00066,202210,500.0,500.0,,0.0,500.0,500.0,,,,
1110927GF0000002,2022-09-27 00:00:00,GF ,FAC_00043,202210,580.0,580.0,,0.0,580.0,580.0,,,,
1110928GF0000001,2022-09-28 00:00:00,GF ,FAC_00062,202209,480.0,480.0,,0.0,480.0,480.0,,,,
1110928GF0000002,2022-09-28 00:00:00,GF ,FAC_00014,202210,0.0,0.0,,0.0,0.0,0.0,,,,
1110928GF0000003,2022-09-28 00:00:00,GF ,FAC_00023,202210,2660.0,2660.0,,0.0,2660.0,2660.0,,,,
1110929GF0000001,2022-09-29 00:00:00,GF ,FAC_00022,202209,385.0,385.0,,0.0,385.0,385.0,,,,
1110929GF0000002,2022-09-29 00:00:00,GF ,FAC_00066,202210,2280.0,2280.0,,0.0,2280.0,2280.0,,,,
1110930GF0000001,2022-09-30 00:00:00,GF ,FAC_00023,202210,6200.0,6200.0,,0.0,6200.0,6200.0,,,,
1110928GF0000004,2022-09-28 00:00:00,GF ,FAC_00053,202210,1200.0,1200.0,,0.0,1200.0,1200.0,,,,
1111005GF0000001,2022-10-05 00:00:00,GF ,FAC_00047,202210,7500.0,7500.0,,0.0,7500.0,7500.0,,,,
1111006GF0000001,2022-10-06 00:00:00,GF ,FAC_00064,202210,4238.0,4238.0,,0.0,4238.0,4238.0,,,,
1111011GF0000001,2022-10-11 00:00:00,GF ,FAC_00019,202210,1050.0,1050.0,,0.0,1050.0,1050.0,,,,
1111013GF0000001,2022-10-13 00:00:00,GF ,FAC_00029,202210,1960.0,1960.0,,0.0,1960.0,1960.0,,,,
1111013GF0000002,2022-10-13 00:00:00,GF ,FAC_00043,202210,390.0,390.0,,0.0,390.0,390.0,,,,
1111013GF0000003,2022-10-13 00:00:00,GF ,FAC_00024,202210,3695.0,3695.0,,0.0,3695.0,3695.0,,,,
1111019GF0000001,2022-10-19 00:00:00,GF ,FAC_00043,202210,100.0,100.0,,0.0,100.0,100.0,,,,
1111019GF0000002,2022-10-19 00:00:00,GF ,FAC_00021,202210,2550.0,2550.0,,0.0,2550.0,2550.0,,,,
1111021GF0000001,2022-10-21 00:00:00,GF ,FAC_00010,202210,2460.0,2460.0,,0.0,2460.0,2460.0,,,,
1111026GF0000001,2022-10-26 00:00:00,GF ,FAC_00023,202211,930.0,930.0,,0.0,930.0,930.0,,,,
1111026GF0000002,2022-10-26 00:00:00,GF ,FAC_00066,202211,5255.0,5255.0,,0.0,5255.0,5255.0,,,,
1111027GF0000001,2022-10-27 00:00:00,GF ,FAC_00047,202211,7000.0,7000.0,,0.0,7000.0,7000.0,,,,
1111026GF0000003,2022-10-26 00:00:00,GF ,FAC_00064,202211,8440.0,8440.0,,0.0,8440.0,8440.0,,,,
1111027GF0000002,2022-10-27 00:00:00,GF ,FAC_00019,202210,550.0,550.0,,0.0,550.0,550.0,,,,
1111031GF0000001,2022-10-31 00:00:00,GF ,FAC_00064,202211,390.0,390.0,,0.0,390.0,390.0,,,,
1111031GF0000002,2022-10-31 00:00:00,GF ,FAC_00023,202211,2100.0,2100.0,,0.0,2100.0,2100.0,,,,
1111031GF0000003,2022-10-31 00:00:00,GF ,FAC_00026,202211,4000.0,4000.0,,0.0,4000.0,4000.0,,,,
1111101GF0000001,2022-11-01 00:00:00,GF ,FAC_00003,202211,3600.0,3600.0,,0.0,3600.0,3600.0,,,,
1111102GF0000001,2022-11-02 00:00:00,GF ,FAC_00066,202211,1850.0,1850.0,,0.0,1850.0,1850.0,,,,
1111103GF0000001,2022-11-03 00:00:00,GF ,FAC_00036,202211,2500.0,2500.0,,0.0,2500.0,2500.0,,,,
1111102GF0000002,2022-11-02 00:00:00,GF ,FAC_00060,202211,3971.0,3971.0,,0.0,3971.0,3971.0,,,,
1111104GF0000002,2022-11-04 00:00:00,GF ,FAC_00047,202211,10500.0,10500.0,,0.0,10500.0,10500.0,[已隱蔽],,,
1111107GF0000001,2022-11-07 00:00:00,GF ,FAC_00036,202211,2100.0,2100.0,,0.0,2100.0,2100.0,,,,
1111108GF0000001,2022-11-08 00:00:00,GF ,FAC_00032,202211,1580.0,1580.0,,0.0,1580.0,1580.0,,,,
1111108GF0000002,2022-11-08 00:00:00,GF ,FAC_00024,202211,3115.0,3115.0,,0.0,3115.0,3115.0,,,,
1111108GF0000003,2022-11-08 00:00:00,GF ,FAC_00038,202211,10350.0,10350.0,,0.0,10350.0,10350.0,,,,
1111109GF0000001,2022-11-09 00:00:00,GF ,FAC_00023,202211,1660.0,1660.0,,0.0,1660.0,1660.0,,,,
1111110GF0000001,2022-11-10 00:00:00,GF ,FAC_00019,202211,650.0,650.0,,0.0,650.0,650.0,,,,
1111110GF0000002,2022-11-10 00:00:00,GF ,FAC_00044,202211,800.0,800.0,,0.0,800.0,800.0,,,,
1111111GF0000001,2022-11-11 00:00:00,GF ,FAC_00036,202211,3500.0,3500.0,,0.0,3500.0,3500.0,,,,
1111111GF0000002,2022-11-11 00:00:00,GF ,FAC_00019,202211,350.0,350.0,,0.0,350.0,350.0,,,,
1111111GF0000003,2022-11-11 00:00:00,GF ,FAC_00003,202211,450.0,450.0,,0.0,450.0,450.0,,,,
1130117GF0000001,2024-01-17 00:00:00,GF ,FAC_00047,202401,10000.0,10000.0,,0.0,10000.0,10000.0,,,,
1111116GF0000001,2022-11-16 00:00:00,GF ,FAC_00023,202211,2400.0,2400.0,,0.0,2400.0,2400.0,,,,
1111116GF0000002,2022-11-16 00:00:00,GF ,FAC_00019,202211,1100.0,1100.0,,0.0,1100.0,1100.0,,,,
1111116GF0000003,2022-11-16 00:00:00,GF ,FAC_00047,202211,14500.0,14500.0,,0.0,14500.0,14500.0,,,,
1111118GF0000001,2022-11-18 00:00:00,GF ,FAC_00044,202211,9400.0,9400.0,,0.0,9400.0,9400.0,,,,
1111119GF0000001,2022-11-19 00:00:00,GF ,FAC_00019,202211,200.0,200.0,,0.0,200.0,200.0,,,,
1110923GF0000003,2022-09-23 00:00:00,GF ,FAC_00066,202209,500.0,500.0,,0.0,500.0,500.0,,,,
1111122GF0000001,2022-11-22 00:00:00,GF ,FAC_00036,202212,1150.0,1150.0,,0.0,1150.0,1150.0,,,,
1111123GF0000001,2022-11-23 00:00:00,GF ,FAC_00036,202212,1750.0,1750.0,,0.0,1750.0,1750.0,,,,
1111124GF0000001,2022-11-24 00:00:00,GF ,FAC_00066,202212,13020.0,13020.0,,0.0,13020.0,13020.0,,,,
1111125GF0000001,2022-11-25 00:00:00,GF ,FAC_00044,202211,1400.0,1400.0,,0.0,1400.0,1400.0,,,,
1111126GF0000001,2022-11-26 00:00:00,GF ,FAC_00040,202212,7410.0,7410.0,,0.0,7410.0,7410.0,,,,
1111126GF0000002,2022-11-26 00:00:00,GF ,FAC_00066,202212,8000.0,8000.0,,0.0,8000.0,8000.0,,,,
1111128GF0000001,2022-11-28 00:00:00,GF ,FAC_00036,202212,1850.0,1850.0,,0.0,1850.0,1850.0,,,,
1111128GF0000002,2022-11-28 00:00:00,GF ,FAC_00044,202211,2700.0,2700.0,,0.0,2700.0,2700.0,,,,
1111129GF0000002,2022-11-29 00:00:00,GF ,FAC_00019,202211,1200.0,1200.0,,0.0,1200.0,1200.0,,,,
1111129GF0000001,2022-11-29 00:00:00,GF ,FAC_00043,202212,620.0,620.0,,0.0,620.0,620.0,,,,
1111130GF0000001,2022-11-30 00:00:00,GF ,FAC_00029,202211,540.0,540.0,,0.0,540.0,540.0,,,,
1111201GF0000001,2022-12-01 00:00:00,GF ,FAC_00019,202212,750.0,750.0,,0.0,750.0,750.0,,,,
1111201GF0000002,2022-12-01 00:00:00,GF ,FAC_00023,202212,1800.0,1800.0,,0.0,1800.0,1800.0,,,,
1111201GF0000003,2022-12-01 00:00:00,GF ,FAC_00044,202212,5800.0,5800.0,,0.0,5800.0,5800.0,,,,
1111202GF0000001,2022-12-02 00:00:00,GF ,FAC_00019,202212,810.0,810.0,,0.0,810.0,810.0,,,,
1111202GF0000002,2022-12-02 00:00:00,GF ,FAC_00014,202212,4000.0,4000.0,,0.0,4000.0,4000.0,,,,
1111202GF0000003,2022-12-02 00:00:00,GF ,FAC_00015,202212,400.0,400.0,,0.0,400.0,400.0,,,,
1111203GF0000001,2022-12-03 00:00:00,GF ,FAC_00036,202212,1850.0,1850.0,,0.0,1850.0,1850.0,,,,
1111203GF0000002,2022-12-03 00:00:00,GF ,FAC_00019,202212,1000.0,1000.0,,0.0,1000.0,1000.0,,,,
1111205GF0000001,2022-12-05 00:00:00,GF ,FAC_00047,202212,12500.0,12500.0,,0.0,12500.0,12500.0,,,,
1111205GF0000002,2022-12-05 00:00:00,GF ,FAC_00047,202212,7500.0,7500.0,,0.0,7500.0,7500.0,,,,
1111205GF0000003,2022-12-05 00:00:00,GF ,FAC_00043,202212,680.0,680.0,,0.0,680.0,680.0,,,,
1111206GF0000001,2022-12-06 00:00:00,GF ,FAC_00043,202212,990.0,990.0,,0.0,990.0,990.0,,,,
1111206GF0000002,2022-12-06 00:00:00,GF ,FAC_00052,202212,800.0,800.0,,0.0,800.0,800.0,,,,
1111208GF0000001,2022-12-08 00:00:00,GF ,FAC_00019,202212,1250.0,1250.0,,0.0,1250.0,1250.0,,,,
1111207GF0000001,2022-12-07 00:00:00,GF ,FAC_00066,202212,4930.0,4930.0,,0.0,4930.0,4930.0,,,,
1111208GF0000002,2022-12-08 00:00:00,GF ,FAC_00010,202212,2500.0,2500.0,,0.0,2500.0,2500.0,,,,
1111208GF0000003,2022-12-08 00:00:00,GF ,FAC_00024,202212,6530.0,6530.0,,0.0,6530.0,6530.0,,,,
1111208GF0000004,2022-12-08 00:00:00,GF ,FAC_00066,202212,3850.0,3850.0,,0.0,3850.0,3850.0,,,,
1111212GF0000001,2022-12-12 00:00:00,GF ,FAC_00029,202212,3640.0,3640.0,,0.0,3640.0,3640.0,,,,
1111213GF0000001,2022-12-13 00:00:00,GF ,FAC_00010,202212,1600.0,1600.0,,0.0,1600.0,1600.0,,,,
1111215GF0000001,2022-12-15 00:00:00,GF ,FAC_00036,191221,3350.0,3350.0,,0.0,3350.0,3350.0,,,,
1111216GF0000001,2022-12-16 00:00:00,GF ,FAC_00053,202212,600.0,600.0,,0.0,600.0,600.0,,,,
1111220GF0000001,2022-12-20 00:00:00,GF ,FAC_00023,202212,4040.0,4040.0,,0.0,4040.0,4040.0,,,,
1111226GF0000001,2022-12-26 00:00:00,GF ,FAC_00066,202301,12790.0,12790.0,,0.0,12790.0,12790.0,,,,
1111222GF0000001,2022-12-22 00:00:00,GF ,FAC_00019,202212,670.0,670.0,,0.0,670.0,670.0,,,,
1111223GF0000001,2022-12-23 00:00:00,GF ,FAC_00019,202212,300.0,300.0,,0.0,300.0,300.0,,,,
1111224GF0000001,2022-12-24 00:00:00,GF ,FAC_00047,202212,10500.0,10500.0,,0.0,10500.0,10500.0,,,,
1111226GF0000002,2022-12-26 00:00:00,GF ,FAC_00022,202212,3592.0,3592.0,,0.0,3592.0,3592.0,,,,
1111226GF0000003,2022-12-26 00:00:00,GF ,FAC_00047,202301,3000.0,3000.0,,0.0,3000.0,3000.0,,,,
1111226GF0000004,2022-12-26 00:00:00,GF ,FAC_00019,202212,650.0,650.0,,0.0,650.0,650.0,,,,
1111227GF0000001,2022-12-27 00:00:00,GF ,FAC_00053,202301,600.0,600.0,,0.0,600.0,600.0,,,,
1111229GF0000001,2022-12-29 00:00:00,GF ,FAC_00036,202301,1500.0,1500.0,,0.0,1500.0,1500.0,,,,
1111229GF0000002,2022-12-29 00:00:00,GF ,FAC_00033,202212,6500.0,6500.0,,0.0,6500.0,6500.0,,,,
1111230GF0000001,2022-12-30 00:00:00,GF ,FAC_00019,202212,450.0,450.0,,0.0,450.0,450.0,,,,
1120103GF0000001,2023-01-03 00:00:00,GF ,FAC_00047,202301,21300.0,21300.0,,0.0,21300.0,21300.0,,,,
1120104GF0000001,2023-01-04 00:00:00,GF ,FAC_00066,202301,4430.0,4430.0,,0.0,4430.0,4430.0,,,,
1120104GF0000002,2023-01-04 00:00:00,GF ,FAC_00064,202301,7535.0,7535.0,,0.0,7535.0,7535.0,,,,
1120105GF0000001,2023-01-05 00:00:00,GF ,FAC_00027,202301,3850.0,3850.0,,0.0,3850.0,3850.0,,,,
1120105GF0000002,2023-01-05 00:00:00,GF ,FAC_00023,202301,3160.0,3160.0,,0.0,3160.0,3160.0,,,,
1120105GF0000003,2023-01-05 00:00:00,GF ,FAC_00012,202301,1900.0,1900.0,,0.0,1900.0,1900.0,,,,
1120105GF0000004,2023-01-05 00:00:00,GF ,FAC_00036,202301,3000.0,3000.0,,0.0,3000.0,3000.0,,,,
1120106GF0000001,2023-01-06 00:00:00,GF ,FAC_00010,202301,1450.0,1450.0,,0.0,1450.0,1450.0,,,,
1120107GF0000001,2023-01-07 00:00:00,GF ,FAC_00035,202301,4500.0,4500.0,,0.0,4500.0,4500.0,,,,
1120110GF0000001,2023-01-10 00:00:00,GF ,FAC_00047,202301,12000.0,12000.0,,0.0,12000.0,12000.0,,,,
1120111GF0000001,2023-01-11 00:00:00,GF ,FAC_00023,202301,600.0,600.0,,0.0,600.0,600.0,,,,
1120111GF0000002,2023-01-11 00:00:00,GF ,FAC_00066,202301,3990.0,3990.0,,0.0,3990.0,3990.0,,,,
1120112GF0000001,2023-01-12 00:00:00,GF ,FAC_00035,202301,10400.0,10400.0,,0.0,10400.0,10400.0,,,,
1120113GF0000001,2023-01-13 00:00:00,GF ,FAC_00003,202301,650.0,650.0,,0.0,650.0,650.0,,,,
1120113GF0000002,2023-01-13 00:00:00,GF ,FAC_00064,202301,4291.0,4291.0,,0.0,4291.0,4291.0,,,,
1120116GF0000001,2023-01-16 00:00:00,GF ,FAC_00040,202301,3700.0,3700.0,,0.0,3700.0,3700.0,,,,
1120117GF0000001,2023-01-17 00:00:00,GF ,FAC_00014,202301,3800.0,3800.0,,0.0,3800.0,3800.0,,,,
1120117GF0000002,2023-01-17 00:00:00,GF ,FAC_00043,202301,3230.0,3230.0,,0.0,3230.0,3230.0,,,,
1120117GF0000003,2023-01-17 00:00:00,GF ,FAC_00003,202301,2150.0,2150.0,,0.0,2150.0,2150.0,,,,
1120118GF0000001,2023-01-18 00:00:00,GF ,FAC_00024,202301,1920.0,1920.0,,0.0,1920.0,1920.0,,,,
1120118GF0000002,2023-01-18 00:00:00,GF ,FAC_00066,202301,4925.0,4925.0,,0.0,4925.0,4925.0,,,,
1120130GF0000001,2023-01-30 00:00:00,GF ,FAC_00037,202301,186.0,186.0,,0.0,186.0,186.0,,,,
1120201GF0000001,2023-02-01 00:00:00,GF ,FAC_00019,202302,450.0,450.0,,0.0,450.0,450.0,,,,
1120102GF0000001,2023-01-02 00:00:00,GF ,FAC_00053,202301,500.0,500.0,,0.0,500.0,500.0,,,,
1120204GF0000001,2023-02-04 00:00:00,GF ,FAC_00019,202302,3200.0,3200.0,,0.0,3200.0,3200.0,,,,
1120203GF0000001,2023-02-03 00:00:00,GF ,FAC_00024,202302,4710.0,4710.0,,0.0,4710.0,4710.0,,,,
1120203GF0000002,2023-02-03 00:00:00,GF ,FAC_00043,202302,2010.0,2010.0,,0.0,2010.0,2010.0,,,,
1120204GF0000002,2023-02-04 00:00:00,GF ,FAC_00022,202302,2305.0,2305.0,,0.0,2305.0,2305.0,,,,
1120203GF0000003,2023-02-03 00:00:00,GF ,FAC_00066,202302,4900.0,4900.0,,0.0,4900.0,4900.0,,,,
1120207GF0000001,2023-02-07 00:00:00,GF ,FAC_00053,202302,1500.0,1500.0,,0.0,1500.0,1500.0,,,,
1120207GF0000002,2023-02-07 00:00:00,GF ,FAC_00032,202302,3920.0,3920.0,,0.0,3920.0,3920.0,,,,
1120210GF0000001,2023-02-10 00:00:00,GF ,FAC_00019,202302,750.0,750.0,,0.0,750.0,750.0,,,,
1120210GF0000002,2023-02-10 00:00:00,GF ,FAC_00023,202302,1510.0,1510.0,,0.0,1510.0,1510.0,,,,
1120210GF0000003,2023-02-10 00:00:00,GF ,FAC_00014,202302,4000.0,4000.0,,0.0,4000.0,4000.0,,,,
1120214GF0000001,2023-02-14 00:00:00,GF ,FAC_00024,202302,3100.0,3100.0,,0.0,3100.0,3100.0,,,,
1120214GF0000002,2023-02-14 00:00:00,GF ,FAC_00053,202302,1650.0,1650.0,,0.0,1650.0,1650.0,,,,
1120207GF0000003,2023-02-07 00:00:00,GF ,FAC_00043,202302,3041.6,3042.0,,0.0,3042.0,3042.0,,,,
1120216GF0000001,2023-02-16 00:00:00,GF ,FAC_00023,202302,6720.0,6720.0,,0.0,6720.0,6720.0,,,,
1120220GF0000001,2023-02-20 00:00:00,GF ,FAC_00059,202302,1400.0,1400.0,,0.0,1400.0,1400.0,,,,
1120221GF0000001,2023-02-21 00:00:00,GF ,FAC_00003,202302,1030.0,1030.0,,0.0,1030.0,1030.0,,,,
1120221GF0000002,2023-02-21 00:00:00,GF ,FAC_00025,202302,6500.0,6500.0,,0.0,6500.0,6500.0,,,,
1120222GF0000001,2023-02-22 00:00:00,GF ,FAC_00019,202302,1950.0,1950.0,,0.0,1950.0,1950.0,,,,
1120226GF0000001,2023-02-26 00:00:00,GF ,FAC_00066,202303,12610.0,12610.0,,0.0,12610.0,12610.0,,,,
1120223GF0000001,2023-02-23 00:00:00,GF ,FAC_00036,202303,3800.0,3800.0,,0.0,3800.0,3800.0,,,,
1120227GF0000001,2023-02-27 00:00:00,GF ,FAC_00059,202302,2700.0,2700.0,,0.0,2700.0,2700.0,,,,
1120303GF0000001,2023-03-03 00:00:00,GF ,FAC_00010,202303,1956.0,1956.0,,0.0,1956.0,1956.0,,,,
1120303GF0000002,2023-03-03 00:00:00,GF ,FAC_00063,202303,2580.0,2580.0,,0.0,2580.0,2580.0,,,,
1120304GF0000001,2023-03-04 00:00:00,GF ,FAC_00023,202303,4560.0,4560.0,,0.0,4560.0,4560.0,,,,
1120303GF0000003,2023-03-03 00:00:00,GF ,FAC_00064,202303,6658.0,6658.0,,0.0,6658.0,6658.0,,,,
1120306GF0000001,2023-03-06 00:00:00,GF ,FAC_00036,202303,2350.0,2350.0,,0.0,2350.0,2350.0,,,,
1120306GF0000002,2023-03-06 00:00:00,GF ,FAC_00019,202303,1100.0,1100.0,,0.0,1100.0,1100.0,,,,
1120306GF0000003,2023-03-06 00:00:00,GF ,FAC_00050,202303,4000.0,4000.0,,0.0,4000.0,4000.0,,,,
1120307GF0000001,2023-03-07 00:00:00,GF ,FAC_00043,202303,2999.8,3000.0,,0.0,3000.0,3000.0,,,,
1120307GF0000002,2023-03-07 00:00:00,GF ,FAC_00061,202303,2200.0,2200.0,,0.0,2200.0,2200.0,,,,
1120309GF0000001,2023-03-09 00:00:00,GF ,FAC_00066,202303,6600.0,6600.0,,0.0,6600.0,6600.0,,,,
1120314GF0000001,2023-03-14 00:00:00,GF ,FAC_00036,202303,600.0,600.0,,0.0,600.0,600.0,,,,
1120314GF0000002,2023-03-14 00:00:00,GF ,FAC_00024,202303,4220.0,4220.0,,0.0,4220.0,4220.0,,,,
1120314GF0000003,2023-03-14 00:00:00,GF ,FAC_00043,202303,1460.0,1460.0,,0.0,1460.0,1460.0,,,,
1120314GF0000004,2023-03-14 00:00:00,GF ,FAC_00029,202303,670.0,670.0,,0.0,670.0,670.0,,,,
1120315GF0000001,2023-03-15 00:00:00,GF ,FAC_00037,202303,1036.0,1036.0,,0.0,1036.0,1036.0,,,,
1120315GF0000002,2023-03-15 00:00:00,GF ,FAC_00019,202303,2350.0,2350.0,,0.0,2350.0,2350.0,,,,
1120316GF0000001,2023-03-16 00:00:00,GF ,FAC_00023,202303,1000.0,1000.0,,0.0,1000.0,1000.0,,,,
1120321GF0000001,2023-03-21 00:00:00,GF ,FAC_00043,202303,760.0,760.0,,0.0,760.0,760.0,,,,
1120321GF0000002,2023-03-21 00:00:00,GF ,FAC_00036,202304,850.0,850.0,,0.0,850.0,850.0,,,,
1120327GF0000001,2023-03-27 00:00:00,GF ,FAC_00066,202304,11895.0,11895.0,,0.0,11895.0,11895.0,,,,
1120323GF0000001,2023-03-23 00:00:00,GF ,FAC_00047,202303,13000.0,13000.0,,0.0,13000.0,13000.0,,,,
1120323GF0000002,2023-03-23 00:00:00,GF ,FAC_00044,202303,1200.0,1200.0,,0.0,1200.0,1200.0,,,,
1120326GF0000001,2023-03-26 00:00:00,GF ,FAC_00010,202303,1270.0,1270.0,,0.0,1270.0,1270.0,,,,
1120326GF0000002,2023-03-26 00:00:00,GF ,FAC_00023,202304,3300.0,3300.0,,0.0,3300.0,3300.0,,,,
1120328GF0000001,2023-03-28 00:00:00,GF ,FAC_00066,202304,1680.0,1680.0,,0.0,1680.0,1680.0,,,,
1120328GF0000002,2023-03-28 00:00:00,GF ,FAC_00036,202304,1850.0,1850.0,,0.0,1850.0,1850.0,,,,
1120329GF0000001,2023-03-29 00:00:00,GF ,FAC_00014,202304,2800.0,2800.0,,0.0,2800.0,2800.0,,,,
1120329GF0000002,2023-03-29 00:00:00,GF ,FAC_00024,202304,1080.0,1080.0,,0.0,1080.0,1080.0,,,,
1120329GF0000003,2023-03-29 00:00:00,GF ,FAC_00066,202304,400.0,400.0,,0.0,400.0,400.0,,,,
1120330GF0000002,2023-03-30 00:00:00,GF ,FAC_00047,202304,4000.0,4000.0,,0.0,4000.0,4000.0,,,,
1120329GF0000004,2023-03-29 00:00:00,GF ,FAC_00064,202304,3334.0,3334.0,,0.0,3334.0,3334.0,,,,
1120331GF0000001,2023-03-31 00:00:00,GF ,FAC_00043,202304,660.0,660.0,,0.0,660.0,660.0,,,,
1120331GF0000002,2023-03-31 00:00:00,GF ,FAC_00054,202303,11000.0,11000.0,,0.0,11000.0,11000.0,,,,
1120401GF0000001,2023-04-01 00:00:00,GF ,FAC_00036,202304,2800.0,2800.0,,0.0,2800.0,2800.0,,,,
1120403GF0000001,2023-04-03 00:00:00,GF ,FAC_00019,202304,2200.0,2200.0,,0.0,2200.0,2200.0,,,,
1120407GF0000001,2023-04-07 00:00:00,GF ,FAC_00043,202304,1500.0,1500.0,,0.0,1500.0,1500.0,,,,
1120407GF0000002,2023-04-07 00:00:00,GF ,FAC_00047,202304,7000.0,7000.0,,0.0,7000.0,7000.0,,,,
1120406GF0000001,2023-04-06 00:00:00,GF ,FAC_00010,202304,4640.0,4640.0,,0.0,4640.0,4640.0,,,,
1121102GF0000001,2023-11-02 00:00:00,GF ,FAC_00053,202311,700.0,700.0,,0.0,700.0,700.0,,,,
1120411GF0000001,2023-04-11 00:00:00,GF ,FAC_00019,202304,1500.0,1500.0,,0.0,1500.0,1500.0,,,,
1120411GF0000002,2023-04-11 00:00:00,GF ,FAC_00047,202304,12500.0,12500.0,,0.0,12500.0,12500.0,,,,
1120307GF0000003,2023-03-07 00:00:00,GF ,FAC_00003,202303,1650.0,1650.0,,0.0,1650.0,1650.0,,,,
1120117GF0000004,2023-01-17 00:00:00,GF ,FAC_00003,202301,1650.0,1650.0,,0.0,1650.0,1650.0,,,,
1120412GF0000001,2023-04-12 00:00:00,GF ,FAC_00066,202304,11410.0,11410.0,,0.0,11410.0,11410.0,,,,
1120413GF0000001,2023-04-13 00:00:00,GF ,FAC_00023,202304,1100.0,1100.0,,0.0,1100.0,1100.0,,,,
1120414GF0000001,2023-04-14 00:00:00,GF ,FAC_00043,202304,240.0,240.0,,0.0,240.0,240.0,,,,
1120414GF0000002,2023-04-14 00:00:00,GF ,FAC_00047,202304,9500.0,9500.0,,0.0,9500.0,9500.0,,,,
1120417GF0000001,2023-04-17 00:00:00,GF ,FAC_00037,202304,780.0,780.0,,0.0,780.0,780.0,,,,
1120418GF0000001,2023-04-18 00:00:00,GF ,FAC_00043,202304,2445.0,2445.0,,0.0,2445.0,2445.0,,,,
1120419GF0000001,2023-04-19 00:00:00,GF ,FAC_00006,202304,5520.0,5520.0,,0.0,5520.0,5520.0,,,,
1120417GF0000002,2023-04-17 00:00:00,GF ,FAC_00031,202304,3250.0,3250.0,,0.0,3250.0,3250.0,,,,
1120420GF0000001,2023-04-20 00:00:00,GF ,FAC_00037,202304,1590.0,1590.0,,0.0,1590.0,1590.0,,,,
1120418GF0000002,2023-04-18 00:00:00,GF ,FAC_00044,202304,18000.0,18000.0,,0.0,18000.0,18000.0,,,,
1120425GF0000001,2023-04-25 00:00:00,GF ,FAC_00023,202304,900.0,900.0,,0.0,900.0,900.0,,,,
1120427GF0000001,2023-04-27 00:00:00,GF ,FAC_00036,202305,3600.0,3600.0,,0.0,3600.0,3600.0,,,,
1120427GF0000002,2023-04-27 00:00:00,GF ,FAC_00038,202305,5600.0,5600.0,,0.0,5600.0,5600.0,,,,
1120502GF0000001,2023-05-02 00:00:00,GF ,FAC_00023,202305,1500.0,1500.0,,0.0,1500.0,1500.0,,,,
1120501GF0000001,2023-05-01 00:00:00,GF ,FAC_00004,202305,12000.0,12000.0,,0.0,12000.0,12000.0,,,,
1120501GF0000002,2023-05-01 00:00:00,GF ,FAC_00038,202305,21300.0,21300.0,,0.0,21300.0,21300.0,,,,
1120502GF0000002,2023-05-02 00:00:00,GF ,FAC_00019,202305,6140.0,6140.0,,0.0,6140.0,6140.0,,,,
1120502GF0000003,2023-05-02 00:00:00,GF ,FAC_00043,202305,780.0,780.0,,0.0,780.0,780.0,,,,
1120502GF0000004,2023-05-02 00:00:00,GF ,FAC_00060,202305,8200.0,8200.0,,0.0,8200.0,8200.0,,,,
1120503GF0000001,2023-05-03 00:00:00,GF ,FAC_00038,202305,5500.0,5500.0,,0.0,5500.0,5500.0,,,,
1120506GF0000001,2023-05-06 00:00:00,GF ,FAC_00036,202305,1500.0,1500.0,,0.0,1500.0,1500.0,,,,
1120508GF0000001,2023-05-08 00:00:00,GF ,FAC_00019,202305,2000.0,2000.0,,0.0,2000.0,2000.0,,,,
1120509GF0000001,2023-05-09 00:00:00,GF ,FAC_00066,202305,6210.0,6210.0,,0.0,6210.0,6210.0,,,,
1120509GF0000002,2023-05-09 00:00:00,GF ,FAC_00043,202305,1520.0,1520.0,,0.0,1520.0,1520.0,,,,
1120509GF0000003,2023-05-09 00:00:00,GF ,FAC_00023,202305,2400.0,2400.0,,0.0,2400.0,2400.0,,,,
1120509GF0000004,2023-05-09 00:00:00,GF ,FAC_00035,202305,4600.0,4600.0,,0.0,4600.0,4600.0,,,,
1120526GF0000001,2023-05-26 00:00:00,GF ,FAC_00066,202306,3455.0,3455.0,,0.0,3455.0,3455.0,,,,
1120526GF0000002,2023-05-26 00:00:00,GF ,FAC_00043,202306,1900.0,1900.0,,0.0,1900.0,1900.0,,,,
1120526GF0000003,2023-05-26 00:00:00,GF ,FAC_00044,202305,9800.0,9800.0,,0.0,9800.0,9800.0,,,,
1120526GF0000004,2023-05-26 00:00:00,GF ,FAC_00035,202305,400.0,400.0,,0.0,400.0,400.0,,,,
1120526GF0000005,2023-05-26 00:00:00,GF ,FAC_00023,202306,3600.0,3600.0,,0.0,3600.0,3600.0,,,,
1120526GF0000006,2023-05-26 00:00:00,GF ,FAC_00024,202306,5605.0,5605.0,,0.0,5605.0,5605.0,,,,
1120526GF0000007,2023-05-26 00:00:00,GF ,FAC_00032,202305,2200.0,2200.0,,0.0,2200.0,2200.0,,,,
1120529GF0000001,2023-05-29 00:00:00,GF ,FAC_00019,202305,3650.0,3650.0,,0.0,3650.0,3650.0,,,,
1120530GF0000001,2023-05-30 00:00:00,GF ,FAC_00024,202306,6000.0,6000.0,,0.0,6000.0,6000.0,,,,
1120531GF0000001,2023-05-31 00:00:00,GF ,FAC_00019,202305,360.0,360.0,,0.0,360.0,360.0,,,,
1120531GF0000002,2023-05-31 00:00:00,GF ,FAC_00035,202305,7000.0,7000.0,,0.0,7000.0,7000.0,,,,
1120606GF0000001,2023-06-06 00:00:00,GF ,FAC_00010,202306,11590.0,11590.0,,0.0,11590.0,11590.0,,,,
1120605GF0000001,2023-06-05 00:00:00,GF ,FAC_00066,202306,3120.0,3120.0,,0.0,3120.0,3120.0,,,,
1120607GF0000001,2023-06-07 00:00:00,GF ,FAC_00054,202306,2800.0,2800.0,,0.0,2800.0,2800.0,,,,
1120607GF0000002,2023-06-07 00:00:00,GF ,FAC_00015,202306,350.0,350.0,,0.0,350.0,350.0,,,,
1120628GF0000003,2023-06-28 00:00:00,GF ,FAC_00044,202306,1500.0,1500.0,,0.0,1500.0,1500.0,,,,
1120628GF0000004,2023-06-28 00:00:00,GF ,FAC_00064,202307,5485.0,5485.0,,0.0,5485.0,5485.0,,,,
1120628GF0000005,2023-06-28 00:00:00,GF ,FAC_00066,202307,5920.0,5920.0,,0.0,5920.0,5920.0,,,,
1120704GF0000001,2023-07-04 00:00:00,GF ,FAC_00043,202307,1508.0,1508.0,,0.0,1508.0,1508.0,,,,
1120704GF0000002,2023-07-04 00:00:00,GF ,FAC_00019,202307,4200.0,4200.0,,0.0,4200.0,4200.0,,,,
1120704GF0000003,2023-07-04 00:00:00,GF ,FAC_00019,202307,2450.0,2450.0,,0.0,2450.0,2450.0,,,,
1120706GF0000001,2023-07-06 00:00:00,GF ,FAC_00023,202307,480.0,480.0,,0.0,480.0,480.0,,,,
1120707GF0000001,2023-07-07 00:00:00,GF ,FAC_00036,202307,2100.0,2100.0,,0.0,2100.0,2100.0,,,,
1120708GF0000001,2023-07-08 00:00:00,GF ,FAC_00010,202307,3060.0,3060.0,,0.0,3060.0,3060.0,,,,
1120710GF0000001,2023-07-10 00:00:00,GF ,FAC_00037,202307,2923.0,2923.0,,0.0,2923.0,2923.0,,,,
1120712GF0000001,2023-07-12 00:00:00,GF ,FAC_00047,202307,1000.0,1000.0,,0.0,1000.0,1000.0,,,,
1120712GF0000002,2023-07-12 00:00:00,GF ,FAC_00043,202307,640.0,640.0,,0.0,640.0,640.0,,,,
1120714GF0000001,2023-07-14 00:00:00,GF ,FAC_00036,202307,3600.0,3600.0,,0.0,3600.0,3600.0,,,,
1120715GF0000001,2023-07-15 00:00:00,GF ,FAC_00066,202307,3060.0,3060.0,,0.0,3060.0,3060.0,,,,
1120718GF0000001,2023-07-18 00:00:00,GF ,FAC_00054,202307,800.0,800.0,,0.0,800.0,800.0,,,,
1120509GF0000005,2023-05-09 00:00:00,GF ,FAC_00044,202305,850.0,850.0,,0.0,850.0,850.0,,,,
1120510GF0000001,2023-05-10 00:00:00,GF ,FAC_00054,202305,200.0,200.0,,0.0,200.0,200.0,,,,
1120510GF0000002,2023-05-10 00:00:00,GF ,FAC_00043,202305,4050.0,4050.0,,0.0,4050.0,4050.0,,,,
1120510GF0000003,2023-05-10 00:00:00,GF ,FAC_00019,202305,650.0,650.0,,0.0,650.0,650.0,,,,
1120510GF0000004,2023-05-10 00:00:00,GF ,FAC_00014,202305,3000.0,3000.0,,0.0,3000.0,3000.0,,,,
1120510GF0000005,2023-05-10 00:00:00,GF ,FAC_00010,202305,200.0,200.0,,0.0,200.0,200.0,,,,
1120511GF0000001,2023-05-11 00:00:00,GF ,FAC_00053,202305,600.0,600.0,,0.0,600.0,600.0,,,,
1120511GF0000002,2023-05-11 00:00:00,GF ,FAC_00035,202305,17400.0,17400.0,,0.0,17400.0,17400.0,,,,
1120511GF0000003,2023-05-11 00:00:00,GF ,FAC_00061,202305,2900.0,2900.0,,0.0,2900.0,2900.0,,,,
1120516GF0000001,2023-05-16 00:00:00,GF ,FAC_00066,202305,5050.0,5050.0,,0.0,5050.0,5050.0,,,,
1120515GF0000001,2023-05-15 00:00:00,GF ,FAC_00050,202305,5600.0,5600.0,,0.0,5600.0,5600.0,,,,
1120516GF0000002,2023-05-16 00:00:00,GF ,FAC_00043,202305,360.0,360.0,,0.0,360.0,360.0,,,,
1120517GF0000001,2023-05-17 00:00:00,GF ,FAC_00019,202305,400.0,400.0,,0.0,400.0,400.0,,,,
1120517GF0000002,2023-05-17 00:00:00,GF ,FAC_00053,202305,900.0,900.0,,0.0,900.0,900.0,,,,
1120519GF0000001,2023-05-19 00:00:00,GF ,FAC_00035,202305,100.0,100.0,,0.0,100.0,100.0,,,,
1120607GF0000003,2023-06-07 00:00:00,GF ,FAC_00044,202306,12500.0,12500.0,,0.0,12500.0,12500.0,,,,
1120608GF0000001,2023-06-08 00:00:00,GF ,FAC_00043,202306,1480.0,1480.0,,0.0,1480.0,1480.0,,,,
1120609GF0000001,2023-06-09 00:00:00,GF ,FAC_00066,202306,6890.0,6890.0,,0.0,6890.0,6890.0,,,,
1120614GF0000001,2023-06-14 00:00:00,GF ,FAC_00053,202306,300.0,300.0,,0.0,300.0,300.0,,,,
1120615GF0000001,2023-06-15 00:00:00,GF ,FAC_00047,202306,9500.0,9500.0,,0.0,9500.0,9500.0,,,,
1120615GF0000002,2023-06-15 00:00:00,GF ,FAC_00023,202306,700.0,700.0,,0.0,700.0,700.0,,,,
1120616GF0000001,2023-06-16 00:00:00,GF ,FAC_00037,202306,1982.0,1982.0,,0.0,1982.0,1982.0,,,,
1120620GF0000001,2023-06-20 00:00:00,GF ,FAC_00010,202306,900.0,900.0,,0.0,900.0,900.0,,,,
1120623GF0000001,2023-06-23 00:00:00,GF ,FAC_00047,202306,9500.0,9500.0,,0.0,9500.0,9500.0,,,,
1120624GF0000001,2023-06-24 00:00:00,GF ,FAC_00019,202306,1080.0,1080.0,,0.0,1080.0,1080.0,,,,
1120626GF0000001,2023-06-26 00:00:00,GF ,FAC_00019,202306,2450.0,2450.0,,0.0,2450.0,2450.0,,,,
1120626GF0000002,2023-06-26 00:00:00,GF ,FAC_00044,202306,14200.0,14200.0,,0.0,14200.0,14200.0,,,,
1120627GF0000001,2023-06-27 00:00:00,GF ,FAC_00036,202307,3600.0,3600.0,,0.0,3600.0,3600.0,,,,
1120628GF0000001,2023-06-28 00:00:00,GF ,FAC_00063,202306,1675.0,1675.0,,0.0,1675.0,1675.0,,,,
1120628GF0000002,2023-06-28 00:00:00,GF ,FAC_00019,202306,350.0,350.0,,0.0,350.0,350.0,,,,
1120721GF0000001,2023-07-21 00:00:00,GF ,FAC_00036,202308,1850.0,1850.0,,0.0,1850.0,1850.0,,,,
1120721GF0000002,2023-07-21 00:00:00,GF ,FAC_00050,202307,5600.0,5600.0,,0.0,5600.0,5600.0,,,,
1120726GF0000001,2023-07-26 00:00:00,GF ,FAC_00024,202308,6980.0,6980.0,,0.0,6980.0,6980.0,,,,
1120726GF0000002,2023-07-26 00:00:00,GF ,FAC_00031,202308,3120.0,3120.0,,0.0,3120.0,3120.0,,,,
1120725GF0000001,2023-07-25 00:00:00,GF ,FAC_00037,202307,1982.0,1982.0,,0.0,1982.0,1982.0,,,,
1120725GF0000002,2023-07-25 00:00:00,GF ,FAC_00043,202308,510.0,510.0,,0.0,510.0,510.0,,,,
1120725GF0000003,2023-07-25 00:00:00,GF ,FAC_00060,202308,4197.0,4197.0,,0.0,4197.0,4197.0,,,,
1120726GF0000003,2023-07-26 00:00:00,GF ,FAC_00023,202308,3780.0,3780.0,,0.0,3780.0,3780.0,,,,
1120727GF0000001,2023-07-27 00:00:00,GF ,FAC_00053,202308,700.0,700.0,,0.0,700.0,700.0,,,,
1120727GF0000002,2023-07-27 00:00:00,GF ,FAC_00014,202308,5800.0,5800.0,,0.0,5800.0,5800.0,,,,
1120728GF0000001,2023-07-28 00:00:00,GF ,FAC_00003,202308,2950.0,2950.0,,0.0,2950.0,2950.0,,,,
1120728GF0000002,2023-07-28 00:00:00,GF ,FAC_00019,202307,700.0,700.0,,0.0,700.0,700.0,,,,
1120728GF0000003,2023-07-28 00:00:00,GF ,FAC_00023,202308,3950.0,3950.0,,0.0,3950.0,3950.0,,,,
1120730GF0000001,2023-07-30 00:00:00,GF ,FAC_00037,202307,2071.0,2071.0,,0.0,2071.0,2071.0,,,,
1120802GF0000001,2023-08-02 00:00:00,GF ,FAC_00036,202308,6600.0,6600.0,,0.0,6600.0,6600.0,,,,
1120803GF0000001,2023-08-03 00:00:00,GF ,FAC_00040,202308,5280.0,5280.0,[車牌]2264      ,0.0,5280.0,5544.0,,,,
1120804GF0000001,2023-08-04 00:00:00,GF ,FAC_00036,202308,1800.0,1800.0,,0.0,1800.0,1800.0,,,,
1120804GF0000002,2023-08-04 00:00:00,GF ,FAC_00059,202308,2200.0,2200.0,,0.0,2200.0,2200.0,,,,
1120801GF0000001,2023-08-01 00:00:00,GF ,FAC_00003,202308,1050.0,1050.0,,0.0,1050.0,1050.0,,,,
1120807GF0000001,2023-08-07 00:00:00,GF ,FAC_00027,202308,4650.0,4650.0,,0.0,4650.0,4650.0,,,,
1120807GF0000002,2023-08-07 00:00:00,GF ,FAC_00015,202308,300.0,300.0,,0.0,300.0,300.0,,,,
1120807GF0000003,2023-08-07 00:00:00,GF ,FAC_00066,202308,10210.0,10210.0,[車牌]9817      ,0.0,10210.0,10721.0,,,,
1120808GF0000001,2023-08-08 00:00:00,GF ,FAC_00036,202308,2100.0,2100.0,,0.0,2100.0,2100.0,,,,
1120809GF0000001,2023-08-09 00:00:00,GF ,FAC_00036,202308,1800.0,1800.0,,0.0,1800.0,1800.0,,,,
1120809GF0000002,2023-08-09 00:00:00,GF ,FAC_00025,202308,4500.0,4500.0,,0.0,4500.0,4500.0,,,,
1120810GF0000001,2023-08-10 00:00:00,GF ,FAC_00043,202308,628.0,628.0,,0.0,628.0,628.0,,,,
1120811GF0000001,2023-08-11 00:00:00,GF ,FAC_00019,202308,1500.0,1500.0,,0.0,1500.0,1500.0,,,,
1120812GF0000001,2023-08-12 00:00:00,GF ,FAC_00044,202308,6500.0,6500.0,,0.0,6500.0,6500.0,,,,
1120814GF0000001,2023-08-14 00:00:00,GF ,FAC_00019,202308,250.0,250.0,,0.0,250.0,250.0,,,,
1120815GF0000001,2023-08-15 00:00:00,GF ,FAC_00043,202308,1589.8,1590.0,,0.0,1590.0,1590.0,,,,
1120815GF0000002,2023-08-15 00:00:00,GF ,FAC_00014,202308,4000.0,4000.0,,0.0,4000.0,4000.0,,,,
1120817GF0000001,2023-08-17 00:00:00,GF ,FAC_00053,202308,700.0,700.0,,0.0,700.0,700.0,,,,
1120818GF0000001,2023-08-18 00:00:00,GF ,FAC_00044,202308,2800.0,2800.0,,0.0,2800.0,2800.0,,,,
1120821GF0000001,2023-08-21 00:00:00,GF ,FAC_00035,202308,4200.0,4200.0,,0.0,4200.0,4200.0,,,,
1120822GF0000001,2023-08-22 00:00:00,GF ,FAC_00043,202308,180.0,180.0,,0.0,180.0,180.0,,,,
1120823GF0000001,2023-08-23 00:00:00,GF ,FAC_00055,202308,1050.0,1050.0,,0.0,1050.0,1050.0,,,,
1120826GF0000001,2023-08-26 00:00:00,GF ,FAC_00066,202309,12650.0,12650.0,,0.0,12650.0,12650.0,,,,
1120826GF0000002,2023-08-26 00:00:00,GF ,FAC_00024,202309,3800.0,3800.0,,0.0,3800.0,3800.0,,,,
1120826GF0000003,2023-08-26 00:00:00,GF ,FAC_00019,202308,600.0,600.0,,0.0,600.0,600.0,,,,
1120826GF0000004,2023-08-26 00:00:00,GF ,FAC_00050,202308,6800.0,6800.0,,0.0,6800.0,6800.0,,,,
1120826GF0000005,2023-08-26 00:00:00,GF ,FAC_00019,202308,300.0,300.0,,0.0,300.0,300.0,,,,
1120828GF0000001,2023-08-28 00:00:00,GF ,FAC_00043,202309,1980.0,1980.0,,0.0,1980.0,1980.0,,,,
1120831GF0000001,2023-08-31 00:00:00,GF ,FAC_00029,202308,990.0,990.0,,0.0,990.0,990.0,,,,
1120905GF0000001,2023-09-05 00:00:00,GF ,FAC_00053,202309,300.0,300.0,,0.0,300.0,300.0,,,,
1120908GF0000001,2023-09-08 00:00:00,GF ,FAC_00044,202309,13649.0,13649.0,,0.0,13649.0,13649.0,,,,
1120908GF0000002,2023-09-08 00:00:00,GF ,FAC_00019,202309,350.0,350.0,,0.0,350.0,350.0,,,,
1120908GF0000003,2023-09-08 00:00:00,GF ,FAC_00066,202309,4875.0,4875.0,,0.0,4875.0,4875.0,,,,
1120911GF0000001,2023-09-11 00:00:00,GF ,FAC_00043,202309,588.0,588.0,,0.0,588.0,588.0,,,,
1120913GF0000001,2023-09-13 00:00:00,GF ,FAC_00003,202309,450.0,450.0,,0.0,450.0,450.0,,,,
1120913GF0000002,2023-09-13 00:00:00,GF ,FAC_00036,202309,2400.0,2400.0,,0.0,2400.0,2400.0,,,,
1120914GF0000001,2023-09-14 00:00:00,GF ,FAC_00026,202309,2100.0,2100.0,,0.0,2100.0,2100.0,,,,
1120918GF0000001,2023-09-18 00:00:00,GF ,FAC_00047,202309,1200.0,1200.0,,0.0,1200.0,1200.0,,,,
1120921GF0000001,2023-09-21 00:00:00,GF ,FAC_00038,202310,9600.0,9600.0,,0.0,9600.0,9600.0,,,,
1120926GF0000001,2023-09-26 00:00:00,GF ,FAC_00066,202310,5820.0,5820.0,,0.0,5820.0,5820.0,,,,
1120926GF0000002,2023-09-26 00:00:00,GF ,FAC_00036,202310,600.0,600.0,,0.0,600.0,600.0,,,,
1120927GF0000001,2023-09-27 00:00:00,GF ,FAC_00019,202309,250.0,250.0,,0.0,250.0,250.0,,,,
1120927GF0000002,2023-09-27 00:00:00,GF ,FAC_00043,202310,1790.0,1790.0,,0.0,1790.0,1790.0,,,,
1120927GF0000003,2023-09-27 00:00:00,GF ,FAC_00044,202309,45000.0,45000.0,,0.0,45000.0,45000.0,,,,
1121002GF0000001,2023-10-02 00:00:00,GF ,FAC_00036,202310,3850.0,3850.0,,0.0,3850.0,3850.0,,,,
1121002GF0000002,2023-10-02 00:00:00,GF ,FAC_00044,202310,7800.0,7800.0,,0.0,7800.0,7800.0,,,,
1121003GF0000001,2023-10-03 00:00:00,GF ,FAC_00047,202310,14000.0,14000.0,,0.0,14000.0,14000.0,,,,
1121003GF0000002,2023-10-03 00:00:00,GF ,FAC_00019,202310,600.0,600.0,,0.0,600.0,600.0,,,,
1121005GF0000001,2023-10-05 00:00:00,GF ,FAC_00050,202310,6300.0,6300.0,,0.0,6300.0,6300.0,,,,
1121006GF0000001,2023-10-06 00:00:00,GF ,FAC_00029,202310,1800.0,1800.0,,0.0,1800.0,1800.0,,,,
1121007GF0000001,2023-10-07 00:00:00,GF ,FAC_00036,202310,2100.0,2100.0,,0.0,2100.0,2100.0,,,,
1121012GF0000001,2023-10-12 00:00:00,GF ,FAC_00021,202310,3120.0,3120.0,,0.0,3120.0,3120.0,,,,
1121013GF0000001,2023-10-13 00:00:00,GF ,FAC_00024,202310,4430.0,4430.0,,0.0,4430.0,4430.0,,,,
1121013GF0000002,2023-10-13 00:00:00,GF ,FAC_00010,202310,200.0,200.0,,0.0,200.0,200.0,,,,
1121014GF0000001,2023-10-14 00:00:00,GF ,FAC_00047,202310,8700.0,8700.0,,0.0,8700.0,8700.0,,,,
1121016GF0000001,2023-10-16 00:00:00,GF ,FAC_00043,202310,1395.0,1395.0,,0.0,1395.0,1395.0,,,,
1121017GF0000001,2023-10-17 00:00:00,GF ,FAC_00027,202310,4500.0,4500.0,,0.0,4500.0,4500.0,,,,
1121017GF0000002,2023-10-17 00:00:00,GF ,FAC_00023,202310,1900.0,1900.0,,0.0,1900.0,1900.0,,,,
1121018GF0000001,2023-10-18 00:00:00,GF ,FAC_00003,202310,480.0,480.0,,0.0,480.0,480.0,,,,
1121019GF0000001,2023-10-19 00:00:00,GF ,FAC_00036,202311,2100.0,2100.0,,0.0,2100.0,2100.0,,,,
1121018GF0000002,2023-10-18 00:00:00,GF ,FAC_00024,202310,2120.0,2120.0,,0.0,2120.0,2120.0,,,,
1121019GF0000002,2023-10-19 00:00:00,GF ,FAC_00053,202310,300.0,300.0,,0.0,300.0,300.0,,,,
1121020GF0000001,2023-10-20 00:00:00,GF ,FAC_00019,202310,700.0,700.0,,0.0,700.0,700.0,,,,
1121021GF0000001,2023-10-21 00:00:00,GF ,FAC_00039,202310,700.0,700.0,,0.0,700.0,700.0,,,,
1121023GF0000001,2023-10-23 00:00:00,GF ,FAC_00036,202311,4200.0,4200.0,,0.0,4200.0,4200.0,,,,
1121024GF0000001,2023-10-24 00:00:00,GF ,FAC_00053,202310,700.0,700.0,,0.0,700.0,700.0,,,,
1121026GF0000001,2023-10-26 00:00:00,GF ,FAC_00066,202311,3570.0,3570.0,,0.0,3570.0,3570.0,,,,
1121026GF0000002,2023-10-26 00:00:00,GF ,FAC_00023,202311,4900.0,4900.0,,0.0,4900.0,4900.0,,,,
1121026GF0000003,2023-10-26 00:00:00,GF ,FAC_00010,202311,1600.0,1600.0,,0.0,1600.0,1600.0,,,,
1121026GF0000004,2023-10-26 00:00:00,GF ,FAC_00064,202311,10680.0,10680.0,,0.0,10680.0,10680.0,,,,
1121027GF0000001,2023-10-27 00:00:00,GF ,FAC_00052,202310,1200.0,1200.0,,0.0,1200.0,1200.0,,,,
1121027GF0000002,2023-10-27 00:00:00,GF ,FAC_00035,202310,1600.0,1600.0,,0.0,1600.0,1600.0,,,,
1121030GF0000001,2023-10-30 00:00:00,GF ,FAC_00037,202310,456.0,456.0,,0.0,456.0,456.0,,,,
1121030GF0000002,2023-10-30 00:00:00,GF ,FAC_00043,202311,180.0,180.0,,0.0,180.0,180.0,,,,
1121030GF0000003,2023-10-30 00:00:00,GF ,FAC_00019,202310,1450.0,1450.0,,0.0,1450.0,1450.0,,,,
1121031GF0000001,2023-10-31 00:00:00,GF ,FAC_00053,202311,700.0,700.0,,0.0,700.0,700.0,,,,
1130112GF0000002,2024-01-12 00:00:00,GF ,FAC_00003,202401,1980.0,1980.0,,0.0,1980.0,1980.0,,,,
1130117GF0000002,2024-01-17 00:00:00,GF ,FAC_00036,202402,11300.0,11300.0,,0.0,11300.0,11300.0,,,,
1130122GF0000001,2024-01-22 00:00:00,GF ,FAC_00043,202401,130.0,130.0,,0.0,130.0,130.0,,,,
1130126GF0000001,2024-01-26 00:00:00,GF ,FAC_00066,202402,12290.0,12290.0,,0.0,12290.0,12290.0,,,,
1130126GF0000002,2024-01-26 00:00:00,GF ,FAC_00024,202402,5895.0,5895.0,,0.0,5895.0,5895.0,,,,
1130126GF0000003,2024-01-26 00:00:00,GF ,FAC_00047,202402,3000.0,3000.0,,0.0,3000.0,3000.0,,,,
1130126GF0000004,2024-01-26 00:00:00,GF ,FAC_00043,202402,560.0,560.0,,0.0,560.0,560.0,,,,
1130127GF0000001,2024-01-27 00:00:00,GF ,FAC_00004,202402,12000.0,12000.0,,0.0,12000.0,12000.0,,,,
1130129GF0000001,2024-01-29 00:00:00,GF ,FAC_00036,202402,9300.0,9300.0,,0.0,9300.0,9300.0,,,,
1130131GF0000001,2024-01-31 00:00:00,GF ,FAC_00014,202402,1500.0,1500.0,,0.0,1500.0,1500.0,,,,
1130131GF0000002,2024-01-31 00:00:00,GF ,FAC_00023,202402,760.0,760.0,,0.0,760.0,760.0,,,,
1130201GF0000001,2024-02-01 00:00:00,GF ,FAC_00043,202402,500.0,500.0,,0.0,500.0,500.0,,,,
1130201GF0000002,2024-02-01 00:00:00,GF ,FAC_00014,202402,4300.0,4300.0,,0.0,4300.0,4300.0,,,,
1130201GF0000003,2024-02-01 00:00:00,GF ,FAC_00066,202402,7970.0,7970.0,,0.0,7970.0,7970.0,,,,
1130201GF0000004,2024-02-01 00:00:00,GF ,FAC_00026,202402,3450.0,3450.0,,0.0,3450.0,3450.0,,,,
1121101GF0000001,2023-11-01 00:00:00,GF ,FAC_00036,202311,4200.0,4200.0,,0.0,4200.0,4200.0,,,,
1121101GF0000002,2023-11-01 00:00:00,GF ,FAC_00029,202311,240.0,240.0,,0.0,240.0,240.0,,,,
1120330GF0000003,2023-03-30 00:00:00,GF ,FAC_00022,202303,5636.0,5636.0,,0.0,5636.0,5636.0,,,,
1121103GF0000001,2023-11-03 00:00:00,GF ,FAC_00058,202311,2500.0,2500.0,,0.0,2500.0,2500.0,,,,
1121103GF0000002,2023-11-03 00:00:00,GF ,FAC_00035,202311,8400.0,8400.0,,0.0,8400.0,8400.0,,,,
1121103GF0000003,2023-11-03 00:00:00,GF ,FAC_00006,202311,13339.2,13339.0,,0.0,13339.0,13339.0,,,,
1121108GF0000001,2023-11-08 00:00:00,GF ,FAC_00047,202311,500.0,500.0,,0.0,500.0,500.0,,,,
1121109GF0000001,2023-11-09 00:00:00,GF ,FAC_00019,202311,1400.0,1400.0,,0.0,1400.0,1400.0,,,,
1121114GF0000001,2023-11-14 00:00:00,GF ,FAC_00047,202311,2500.0,2500.0,,0.0,2500.0,2500.0,,,,
1121114GF0000002,2023-11-14 00:00:00,GF ,FAC_00050,202311,4600.0,4600.0,,0.0,4600.0,4600.0,,,,
1121115GF0000001,2023-11-15 00:00:00,GF ,FAC_00023,202311,3080.0,3080.0,,0.0,3080.0,3080.0,,,,
1121115GF0000002,2023-11-15 00:00:00,GF ,FAC_00043,202311,300.0,300.0,,0.0,300.0,300.0,,,,
1121116GF0000001,2023-11-16 00:00:00,GF ,FAC_00044,202311,5650.0,5650.0,,0.0,5650.0,5650.0,,,,
1121126GF0000001,2023-11-26 00:00:00,GF ,FAC_00014,202312,3000.0,3000.0,,0.0,3000.0,3000.0,,,,
1121127GF0000001,2023-11-27 00:00:00,GF ,FAC_00066,202312,15380.0,15380.0,,0.0,15380.0,15380.0,,,,
1121127GF0000002,2023-11-27 00:00:00,GF ,FAC_00043,202312,720.0,720.0,,0.0,720.0,720.0,,,,
1121127GF0000003,2023-11-27 00:00:00,GF ,FAC_00047,202312,3000.0,3000.0,,0.0,3000.0,3000.0,,,,
1121128GF0000001,2023-11-28 00:00:00,GF ,FAC_00019,202311,1700.0,1700.0,,0.0,1700.0,1700.0,,,,
1121128GF0000002,2023-11-28 00:00:00,GF ,FAC_00037,202311,1200.0,1200.0,,0.0,1200.0,1200.0,,,,
1121128GF0000003,2023-11-28 00:00:00,GF ,FAC_00003,202312,3150.0,3150.0,,0.0,3150.0,3150.0,,,,
1121127GF0000004,2023-11-27 00:00:00,GF ,FAC_00035,202311,5500.0,5500.0,,0.0,5500.0,5500.0,,,,
1121129GF0000001,2023-11-29 00:00:00,GF ,FAC_00050,202311,4000.0,4000.0,,0.0,4000.0,4000.0,,,,
1121205GF0000001,2023-12-05 00:00:00,GF ,FAC_00047,202312,7000.0,7000.0,,0.0,7000.0,7000.0,,,,
1121205GF0000002,2023-12-05 00:00:00,GF ,FAC_00043,202312,640.0,640.0,,0.0,640.0,640.0,,,,
1121206GF0000001,2023-12-06 00:00:00,GF ,FAC_00023,202312,1500.0,1500.0,,0.0,1500.0,1500.0,,,,
1121206GF0000002,2023-12-06 00:00:00,GF ,FAC_00036,202312,3550.0,3550.0,,0.0,3550.0,3550.0,,,,
1121121GF0000001,2023-11-21 00:00:00,GF ,FAC_00003,202311,3150.0,3150.0,,0.0,3150.0,3150.0,,,,
1121208GF0000001,2023-12-08 00:00:00,GF ,FAC_00010,202312,7280.0,7280.0,,0.0,7280.0,7280.0,,,,
1121208GF0000002,2023-12-08 00:00:00,GF ,FAC_00024,202312,6460.0,6460.0,,0.0,6460.0,6460.0,,,,
1121208GF0000003,2023-12-08 00:00:00,GF ,FAC_00066,202312,3740.0,3740.0,,0.0,3740.0,3740.0,,,,
1121209GF0000001,2023-12-09 00:00:00,GF ,FAC_00036,202312,4200.0,4200.0,,0.0,4200.0,4200.0,,,,
1121209GF0000002,2023-12-09 00:00:00,GF ,FAC_00066,202312,2640.0,2640.0,,0.0,2640.0,2640.0,,,,
1121212GF0000001,2023-12-12 00:00:00,GF ,FAC_00043,202312,180.0,180.0,,0.0,180.0,180.0,,,,
1121213GF0000001,2023-12-13 00:00:00,GF ,FAC_00029,202312,270.0,270.0,,0.0,270.0,270.0,,,,
1121213GF0000002,2023-12-13 00:00:00,GF ,FAC_00023,202312,2400.0,2400.0,,0.0,2400.0,2400.0,,,,
1121213GF0000003,2023-12-13 00:00:00,GF ,FAC_00066,202312,3870.0,3870.0,,0.0,3870.0,3870.0,,,,
1121214GF0000001,2023-12-14 00:00:00,GF ,FAC_00053,202312,300.0,300.0,,0.0,300.0,300.0,,,,
1121216GF0000001,2023-12-16 00:00:00,GF ,FAC_00019,202312,650.0,650.0,,0.0,650.0,650.0,,,,
1121216GF0000002,2023-12-16 00:00:00,GF ,FAC_00044,202312,15449.0,15449.0,,0.0,15449.0,15449.0,,,,
1121218GF0000001,2023-12-18 00:00:00,GF ,FAC_00060,202312,2118.0,2118.0,,0.0,2118.0,2118.0,,,,
1121220GF0000001,2023-12-20 00:00:00,GF ,FAC_00019,202312,300.0,300.0,,0.0,300.0,300.0,,,,
1121220GF0000002,2023-12-20 00:00:00,GF ,FAC_00023,202312,6500.0,6500.0,,0.0,6500.0,6500.0,,,,
1121222GF0000001,2023-12-22 00:00:00,GF ,FAC_00029,202312,790.0,790.0,,0.0,790.0,790.0,,,,
1121225GF0000001,2023-12-25 00:00:00,GF ,FAC_00053,202312,700.0,700.0,,0.0,700.0,700.0,,,,
1121226GF0000001,2023-12-26 00:00:00,GF ,FAC_00066,202401,4600.0,4600.0,,0.0,4600.0,4600.0,,,,
1121228GF0000001,2023-12-28 00:00:00,GF ,FAC_00014,202401,5900.0,5900.0,,0.0,5900.0,5900.0,,,,
1121229GF0000001,2023-12-29 00:00:00,GF ,FAC_00050,202312,2300.0,2300.0,,0.0,2300.0,2300.0,,,,
1121229GF0000002,2023-12-29 00:00:00,GF ,FAC_00024,202401,6170.0,6170.0,,0.0,6170.0,6170.0,,,,
1121229GF0000003,2023-12-29 00:00:00,GF ,FAC_00053,202401,700.0,700.0,,0.0,700.0,700.0,,,,
1121230GF0000001,2023-12-30 00:00:00,GF ,FAC_00019,202312,1400.0,1400.0,,0.0,1400.0,1400.0,,,,
1121230GF0000002,2023-12-30 00:00:00,GF ,FAC_00047,202401,500.0,500.0,,0.0,500.0,500.0,,,,
1130103GF0000001,2024-01-03 00:00:00,GF ,FAC_00047,202401,9500.0,9500.0,,0.0,9500.0,9500.0,,,,
1130108GF0000001,2024-01-08 00:00:00,GF ,FAC_00023,202401,4880.0,4880.0,,0.0,4880.0,4880.0,,,,
1130104GF0000001,2024-01-04 00:00:00,GF ,FAC_00019,202401,1350.0,1350.0,,0.0,1350.0,1350.0,,,,
1130109GF0000001,2024-01-09 00:00:00,GF ,FAC_00044,202401,2300.0,2300.0,,0.0,2300.0,2300.0,,,,
1130104GF0000002,2024-01-04 00:00:00,GF ,FAC_00024,202401,1900.0,1900.0,,0.0,1900.0,1900.0,,,,
1130103GF0000002,2024-01-03 00:00:00,GF ,FAC_00010,202401,7970.0,7970.0,,0.0,7970.0,7970.0,,,,
1130109GF0000002,2024-01-09 00:00:00,GF ,FAC_00053,202401,1000.0,1000.0,,0.0,1000.0,1000.0,,,,
1130110GF0000001,2024-01-10 00:00:00,GF ,FAC_00053,202401,600.0,600.0,,0.0,600.0,600.0,,,,
1130112GF0000001,2024-01-12 00:00:00,GF ,FAC_00036,202401,3500.0,3500.0,,0.0,3500.0,3500.0,,,,
1130202GF0000001,2024-02-02 00:00:00,GF ,FAC_00029,202402,1800.0,1800.0,,0.0,1800.0,1800.0,,,,
1130203GF0000001,2024-02-03 00:00:00,GF ,FAC_00050,202402,2300.0,2300.0,,0.0,2300.0,2300.0,,,,
1130204GF0000001,2024-02-04 00:00:00,GF ,FAC_00047,202402,9500.0,9500.0,,0.0,9500.0,9500.0,,,,
1130205GF0000001,2024-02-05 00:00:00,GF ,FAC_00035,202402,4400.0,4400.0,,0.0,4400.0,4400.0,,,,
1130206GF0000001,2024-02-06 00:00:00,GF ,FAC_00050,202402,4000.0,4000.0,,0.0,4000.0,4000.0,,,,
1130206GF0000002,2024-02-06 00:00:00,GF ,FAC_00019,202402,380.0,380.0,,0.0,380.0,380.0,,,,
1130206GF0000003,2024-02-06 00:00:00,GF ,FAC_00066,202402,4540.0,4540.0,,0.0,4540.0,4540.0,,,,
1130208GF0000001,2024-02-08 00:00:00,GF ,FAC_00044,202402,4300.0,4300.0,,0.0,4300.0,4300.0,,,,
1130209GF0000001,2024-02-09 00:00:00,GF ,FAC_00047,202402,9500.0,9500.0,,0.0,9500.0,9500.0,,,,
1130215GF0000001,2024-02-15 00:00:00,GF ,FAC_00019,202402,500.0,500.0,,0.0,500.0,500.0,,,,
1130216GF0000001,2024-02-16 00:00:00,GF ,FAC_00025,202402,9000.0,9000.0,,0.0,9000.0,9000.0,,,,
1130220GF0000001,2024-02-20 00:00:00,GF ,FAC_00043,202402,1120.0,1120.0,,0.0,1120.0,1120.0,,,,
1130220GF0000002,2024-02-20 00:00:00,GF ,FAC_00038,202402,3500.0,3500.0,,0.0,3500.0,3500.0,,,,
1130220GF0000003,2024-02-20 00:00:00,GF ,FAC_00053,202402,450.0,450.0,,0.0,450.0,450.0,,,,
1130221GF0000001,2024-02-21 00:00:00,GF ,FAC_00031,202402,3120.0,3120.0,,0.0,3120.0,3120.0,,,,
1130223GF0000001,2024-02-23 00:00:00,GF ,FAC_00029,202402,1920.0,1920.0,,0.0,1920.0,1920.0,,,,
1130226GF0000001,2024-02-26 00:00:00,GF ,FAC_00066,202403,9225.0,9225.0,,0.0,9225.0,9225.0,,,,
1130226GF0000002,2024-02-26 00:00:00,GF ,FAC_00050,202402,4900.0,4900.0,,0.0,4900.0,4900.0,,,,
1130227GF0000001,2024-02-27 00:00:00,GF ,FAC_00010,202403,450.0,450.0,[車牌]1698      ,0.0,450.0,473.0,,,,
1130227GF0000002,2024-02-27 00:00:00,GF ,FAC_00043,202403,810.0,810.0,,0.0,810.0,810.0,,,,
1130301GF0000001,2024-03-01 00:00:00,GF ,FAC_00023,202403,1240.0,1240.0,,0.0,1240.0,1240.0,,,,
1130229GF0000001,2024-02-29 00:00:00,GF ,FAC_00066,202403,3425.0,3425.0,,0.0,3425.0,3425.0,,,,
1130301GF0000002,2024-03-01 00:00:00,GF ,FAC_00062,202403,1350.0,1350.0,,0.0,1350.0,1350.0,,,,
1130301GF0000003,2024-03-01 00:00:00,GF ,FAC_00019,202403,1840.0,1840.0,,0.0,1840.0,1840.0,,,,
1130304GF0000001,2024-03-04 00:00:00,GF ,FAC_00023,202403,2480.0,2480.0,,0.0,2480.0,2480.0,,,,
1130304GF0000002,2024-03-04 00:00:00,GF ,FAC_00037,202403,104.0,104.0,,0.0,104.0,104.0,,,,
1130305GF0000001,2024-03-05 00:00:00,GF ,FAC_00050,202403,4600.0,4600.0,,0.0,4600.0,4600.0,,,,
1130305GF0000002,2024-03-05 00:00:00,GF ,FAC_00053,202403,350.0,350.0,,0.0,350.0,350.0,,,,
1130311GF0000002,2024-03-11 00:00:00,GF ,FAC_00050,202403,4900.0,4900.0,,0.0,4900.0,4900.0,,,,
1130311GF0000003,2024-03-11 00:00:00,GF ,FAC_00053,202403,0.0,0.0,,0.0,0.0,0.0,,,,
1130312GF0000001,2024-03-12 00:00:00,GF ,FAC_00063,202403,1750.0,1750.0,XX[電話]      ,0.0,1750.0,1838.0,,,,
1130313GF0000001,2024-03-13 00:00:00,GF ,FAC_00066,202403,3730.0,3730.0,,0.0,3730.0,3730.0,,,,
1130316GF0000001,2024-03-16 00:00:00,GF ,FAC_00036,202403,650.0,650.0,,0.0,650.0,650.0,,,,
1130319GF0000001,2024-03-19 00:00:00,GF ,FAC_00023,202403,4550.0,4550.0,,0.0,4550.0,4550.0,,,,
1130319GF0000002,2024-03-19 00:00:00,GF ,FAC_00043,202403,1150.0,1150.0,,0.0,1150.0,1150.0,,,,
1130320GF0000001,2024-03-20 00:00:00,GF ,FAC_00014,202403,3500.0,3500.0,,0.0,3500.0,3500.0,,,,
1130402GF0000001,2024-04-02 00:00:00,GF ,FAC_00047,202404,8800.0,8800.0,,0.0,8800.0,8800.0,,,,
1130327GF0000001,2024-03-27 00:00:00,GF ,FAC_00047,202404,7500.0,7500.0,,0.0,7500.0,7500.0,,,,
1130327GF0000002,2024-03-27 00:00:00,GF ,FAC_00010,202404,4240.0,4240.0,,0.0,4240.0,4240.0,,,,
1130327GF0000003,2024-03-27 00:00:00,GF ,FAC_00050,202403,4000.0,4000.0,,0.0,4000.0,4000.0,,,,
1130327GF0000004,2024-03-27 00:00:00,GF ,FAC_00014,202404,3500.0,3500.0,,0.0,3500.0,3500.0,,,,
1130327GF0000005,2024-03-27 00:00:00,GF ,FAC_00040,202404,4240.0,4240.0,[車牌]2885      ,0.0,4240.0,4452.0,,,,
1130330GF0000001,2024-03-30 00:00:00,GF ,FAC_00047,202404,10000.0,10000.0,,0.0,10000.0,10000.0,,,,
1130401GF0000001,2024-04-01 00:00:00,GF ,FAC_00019,202404,1340.0,1340.0,,0.0,1340.0,1340.0,,,,
1130401GF0000002,2024-04-01 00:00:00,GF ,FAC_00043,202404,1600.0,1600.0,,0.0,1600.0,1600.0,,,,
1130401GF0000003,2024-04-01 00:00:00,GF ,FAC_00051,202404,0.0,0.0,,0.0,0.0,0.0,,,,
1130401GF0000004,2024-04-01 00:00:00,GF ,FAC_00053,202404,700.0,700.0,,0.0,700.0,700.0,,,,
1130402GF0000002,2024-04-02 00:00:00,GF ,FAC_00024,202404,4095.0,4095.0,,0.0,4095.0,4095.0,,,,
1130403GF0000001,2024-04-03 00:00:00,GF ,FAC_00047,202404,27000.0,27000.0,,0.0,27000.0,27000.0,,,,
1130406GF0000001,2024-04-06 00:00:00,GF ,FAC_00019,202404,450.0,450.0,,0.0,450.0,450.0,,,,
1130406GF0000002,2024-04-06 00:00:00,GF ,FAC_00036,202404,8100.0,8100.0,,0.0,8100.0,8100.0,,,,
1130408GF0000001,2024-04-08 00:00:00,GF ,FAC_00014,202404,400.0,400.0,,0.0,400.0,400.0,,,,
1130410GF0000001,2024-04-10 00:00:00,GF ,FAC_00023,202404,1100.0,1100.0,,0.0,1100.0,1100.0,,,,
1130409GF0000001,2024-04-09 00:00:00,GF ,FAC_00066,202404,4145.0,4145.0,,0.0,4145.0,4145.0,,,,
1130411GF0000001,2024-04-11 00:00:00,GF ,FAC_00064,202404,5178.0,5178.0,,0.0,5178.0,5178.0,,,,
1130415GF0000001,2024-04-15 00:00:00,GF ,FAC_00044,202404,10000.0,10000.0,,0.0,10000.0,10000.0,,,,
1130415GF0000002,2024-04-15 00:00:00,GF ,FAC_00043,202404,1160.0,1160.0,,0.0,1160.0,1160.0,,,,
1130416GF0000001,2024-04-16 00:00:00,GF ,FAC_00044,202404,2150.0,2150.0,,0.0,2150.0,2150.0,,,,
1130418GF0000001,2024-04-18 00:00:00,GF ,FAC_00037,202404,2454.0,2454.0,,0.0,2454.0,2454.0,,,,
1130419GF0000001,2024-04-19 00:00:00,GF ,FAC_00019,202404,1300.0,1300.0,,0.0,1300.0,1300.0,,,,
1130419GF0000002,2024-04-19 00:00:00,GF ,FAC_00047,202405,1000.0,1000.0,,0.0,1000.0,1000.0,,,,
1130422GF0000001,2024-04-22 00:00:00,GF ,FAC_00044,202404,1900.0,1900.0,,0.0,1900.0,1900.0,,,,
1130422GF0000003,2024-04-22 00:00:00,GF ,FAC_00037,202404,189.0,189.0,,0.0,189.0,189.0,,,,
1130426GF0000001,2024-04-26 00:00:00,GF ,FAC_00066,202405,8460.0,8460.0,,0.0,8460.0,8460.0,,,,
1130425GF0000001,2024-04-25 00:00:00,GF ,FAC_00023,202404,2900.0,2900.0,,0.0,2900.0,2900.0,,,,
1130427GF0000001,2024-04-27 00:00:00,GF ,FAC_00036,202405,4800.0,4800.0,,0.0,4800.0,4800.0,,,,
1130429GF0000001,2024-04-29 00:00:00,GF ,FAC_00043,202405,4600.0,4600.0,,0.0,4600.0,4600.0,,,,
1130515GF0000001,2024-05-15 00:00:00,GF ,FAC_00010,202405,2610.0,2610.0,,0.0,2610.0,2610.0,,,,
1130516GF0000001,2024-05-16 00:00:00,GF ,FAC_00050,202405,3300.0,3300.0,,0.0,3300.0,3300.0,,,,
1130520GF0000001,2024-05-20 00:00:00,GF ,FAC_00043,202405,696.0,696.0,,0.0,696.0,696.0,,,,
1130521GF0000001,2024-05-21 00:00:00,GF ,FAC_00023,202405,480.0,480.0,,0.0,480.0,480.0,,,,
1130526GF0000001,2024-05-26 00:00:00,GF ,FAC_00066,202406,6350.0,6350.0,,0.0,6350.0,6350.0,,,,
1130522GF0000001,2024-05-22 00:00:00,GF ,FAC_00047,202405,9000.0,9000.0,,0.0,9000.0,9000.0,,,,
1130522GF0000002,2024-05-22 00:00:00,GF ,FAC_00042,202405,656.0,656.0,,0.0,656.0,656.0,,,,
1130527GF0000001,2024-05-27 00:00:00,GF ,FAC_00014,202406,3500.0,3500.0,,0.0,3500.0,3500.0,,,,
1130524GF0000001,2024-05-24 00:00:00,GF ,FAC_00036,202406,1500.0,1500.0,,0.0,1500.0,1500.0,,,,
1130524GF0000002,2024-05-24 00:00:00,GF ,FAC_00019,202405,400.0,400.0,,0.0,400.0,400.0,,,,
1130527GF0000002,2024-05-27 00:00:00,GF ,FAC_00047,202406,9000.0,9000.0,,0.0,9000.0,9000.0,,,,
1130527GF0000003,2024-05-27 00:00:00,GF ,FAC_00010,202406,2630.0,2630.0,,0.0,2630.0,2630.0,,,,
1130528GF0000001,2024-05-28 00:00:00,GF ,FAC_00044,202405,8399.0,8399.0,,0.0,8399.0,8399.0,,,,
1130528GF0000002,2024-05-28 00:00:00,GF ,FAC_00043,202406,2720.0,2720.0,,0.0,2720.0,2720.0,,,,
1130528GF0000003,2024-05-28 00:00:00,GF ,FAC_00024,202406,4240.0,4240.0,,0.0,4240.0,4240.0,,,,
1130529GF0000001,2024-05-29 00:00:00,GF ,FAC_00066,202406,2310.0,2310.0,,0.0,2310.0,2310.0,,,,
1130530GF0000001,2024-05-30 00:00:00,GF ,FAC_00023,202406,1850.0,1850.0,,0.0,1850.0,1850.0,,,,
1130531GF0000001,2024-05-31 00:00:00,GF ,FAC_00060,202406,4210.0,4210.0,,0.0,4210.0,4210.0,,,,
1130604GF0000001,2024-06-04 00:00:00,GF ,FAC_00053,202406,700.0,700.0,,0.0,700.0,700.0,,,,
1130607GF0000001,2024-06-07 00:00:00,GF ,FAC_00029,202406,1950.0,1950.0,,0.0,1950.0,1950.0,,,,
1130607GF0000002,2024-06-07 00:00:00,GF ,FAC_00003,202406,830.0,830.0,,0.0,830.0,830.0,,,,
1130607GF0000003,2024-06-07 00:00:00,GF ,FAC_00047,202406,9500.0,9500.0,,0.0,9500.0,9500.0,,,,
1130607GF0000004,2024-06-07 00:00:00,GF ,FAC_00010,202406,2780.0,2780.0,,0.0,2780.0,2780.0,,,,
1130611GF0000001,2024-06-11 00:00:00,GF ,FAC_00043,202406,2050.0,2050.0,,0.0,2050.0,2050.0,,,,
1130612GF0000001,2024-06-12 00:00:00,GF ,FAC_00066,202406,3700.0,3700.0,,0.0,3700.0,3700.0,,,,
1130613GF0000001,2024-06-13 00:00:00,GF ,FAC_00019,202406,1800.0,1800.0,,0.0,1800.0,1800.0,,,,
1130614GF0000001,2024-06-14 00:00:00,GF ,FAC_00037,202406,140.0,140.0,,0.0,140.0,140.0,,,,
1130615GF0000001,2024-06-15 00:00:00,GF ,FAC_00019,202406,1600.0,1600.0,,0.0,1600.0,1600.0,,,,
1130615GF0000002,2024-06-15 00:00:00,GF ,FAC_00005,202406,11800.0,11800.0,,0.0,11800.0,11800.0,,,,
1130617GF0000001,2024-06-17 00:00:00,GF ,FAC_00043,202406,280.0,280.0,,0.0,280.0,280.0,,,,
1130618GF0000001,2024-06-18 00:00:00,GF ,FAC_00044,202406,4500.0,4500.0,,0.0,4500.0,4500.0,,,,
1130619GF0000001,2024-06-19 00:00:00,GF ,FAC_00023,202406,580.0,580.0,,0.0,580.0,580.0,,,,
1130619GF0000002,2024-06-19 00:00:00,GF ,FAC_00036,202407,3800.0,3800.0,,0.0,3800.0,3800.0,,,,
1130619GF0000003,2024-06-19 00:00:00,GF ,FAC_00047,202406,9000.0,9000.0,,0.0,9000.0,9000.0,,,,
1130620GF0000001,2024-06-20 00:00:00,GF ,FAC_00050,202406,4600.0,4600.0,,0.0,4600.0,4600.0,,,,
1130620GF0000002,2024-06-20 00:00:00,GF ,FAC_00044,202406,2800.0,2800.0,,0.0,2800.0,2800.0,,,,
1130621GF0000001,2024-06-21 00:00:00,GF ,FAC_00064,191217,4049.0,4049.0,,0.0,4049.0,4049.0,,,,
1130626GF0000001,2024-06-26 00:00:00,GF ,FAC_00066,202407,3820.0,3820.0,,0.0,3820.0,3820.0,,,,
1130624GF0000001,2024-06-24 00:00:00,GF ,FAC_00036,202407,3000.0,3000.0,,0.0,3000.0,3000.0,,,,
1130626GF0000002,2024-06-26 00:00:00,GF ,FAC_00003,202407,780.0,780.0,,0.0,780.0,780.0,,,,
1130628GF0000001,2024-06-28 00:00:00,GF ,FAC_00019,202406,1980.0,1980.0,,0.0,1980.0,1980.0,,,,
1130615GF0000003,2024-06-15 00:00:00,GF ,FAC_00005,202406,11800.0,11800.0,,0.0,11800.0,11800.0,,,,
1130701GF0000001,2024-07-01 00:00:00,GF ,FAC_00044,202407,3600.0,3600.0,,0.0,3600.0,3600.0,,,,
1130701GF0000002,2024-07-01 00:00:00,GF ,FAC_00019,202407,900.0,900.0,,0.0,900.0,900.0,,,,
1130702GF0000001,2024-07-02 00:00:00,GF ,FAC_00047,202407,1800.0,1800.0,,0.0,1800.0,1800.0,,,,
1130703GF0000001,2024-07-03 00:00:00,GF ,FAC_00053,202407,350.0,350.0,,0.0,350.0,350.0,,,,
1130704GF0000001,2024-07-04 00:00:00,GF ,FAC_00036,202407,3700.0,3700.0,,0.0,3700.0,3700.0,,,,
1130705GF0000001,2024-07-05 00:00:00,GF ,FAC_00019,202407,450.0,450.0,,0.0,450.0,450.0,,,,
1130709GF0000001,2024-07-09 00:00:00,GF ,FAC_00019,202407,440.0,440.0,,0.0,440.0,440.0,,,,
1130709GF0000002,2024-07-09 00:00:00,GF ,FAC_00023,202407,3450.0,3450.0,,0.0,3450.0,3450.0,,,,
1130711GF0000001,2024-07-11 00:00:00,GF ,FAC_00019,202407,1000.0,1000.0,,0.0,1000.0,1000.0,,,,
1130711GF0000002,2024-07-11 00:00:00,GF ,FAC_00053,202407,300.0,300.0,,0.0,300.0,300.0,,,,
1130712GF0000001,2024-07-12 00:00:00,GF ,FAC_00019,202407,670.0,670.0,,0.0,670.0,670.0,,,,
1130712GF0000002,2024-07-12 00:00:00,GF ,FAC_00043,202407,390.0,390.0,,0.0,390.0,390.0,,,,
1130716GF0000001,2024-07-16 00:00:00,GF ,FAC_00038,202407,6300.0,6300.0,,0.0,6300.0,6300.0,,,,
1130716GF0000002,2024-07-16 00:00:00,GF ,FAC_00050,202407,4600.0,4600.0,,0.0,4600.0,4600.0,,,,
1130716GF0000003,2024-07-16 00:00:00,GF ,FAC_00023,202407,1340.0,1340.0,,0.0,1340.0,1340.0,,,,
1130717GF0000001,2024-07-17 00:00:00,GF ,FAC_00015,202407,300.0,300.0,,0.0,300.0,300.0,,,,
1130717GF0000002,2024-07-17 00:00:00,GF ,FAC_00024,202407,3880.0,3880.0,,0.0,3880.0,3880.0,,,,
1130718GF0000001,2024-07-18 00:00:00,GF ,FAC_00043,202407,480.0,480.0,,0.0,480.0,480.0,,,,
1130726GF0000001,2024-07-26 00:00:00,GF ,FAC_00066,202408,3725.0,3725.0,,0.0,3725.0,3725.0,,,,
1130726GF0000002,2024-07-26 00:00:00,GF ,FAC_00019,202407,400.0,400.0,,0.0,400.0,400.0,,,,
1130727GF0000001,2024-07-27 00:00:00,GF ,FAC_00047,202408,14000.0,14000.0,,0.0,14000.0,14000.0,,,,
1130729GF0000001,2024-07-29 00:00:00,GF ,FAC_00019,202407,300.0,300.0,,0.0,300.0,300.0,,,,
1130729GF0000002,2024-07-29 00:00:00,GF ,FAC_00043,202408,430.0,430.0,,0.0,430.0,430.0,,,,
1130731GF0000001,2024-07-31 00:00:00,GF ,FAC_00047,202408,13000.0,13000.0,,0.0,13000.0,13000.0,,,,
1130731GF0000002,2024-07-31 00:00:00,GF ,FAC_00014,202408,3000.0,3000.0,,0.0,3000.0,3000.0,,,,
1130731GF0000003,2024-07-31 00:00:00,GF ,FAC_00036,202408,4250.0,4250.0,,0.0,4250.0,4250.0,,,,
1131005GF0000001,2024-10-05 00:00:00,GF ,FAC_00019,202410,350.0,350.0,,0.0,350.0,350.0,,,,
1131005GF0000002,2024-10-05 00:00:00,GF ,FAC_00024,202410,3905.0,3905.0,,0.0,3905.0,3905.0,,,,
1131005GF0000003,2024-10-05 00:00:00,GF ,FAC_00047,202410,15000.0,15000.0,,0.0,15000.0,15000.0,,,,
1131007GF0000001,2024-10-07 00:00:00,GF ,FAC_00043,202410,600.0,600.0,,0.0,600.0,600.0,,,,
1131008GF0000001,2024-10-08 00:00:00,GF ,FAC_00010,202410,3284.0,3284.0,,0.0,3284.0,3284.0,,,,
1131009GF0000001,2024-10-09 00:00:00,GF ,FAC_00040,202410,2050.0,2050.0,[車牌]4509      ,0.0,2050.0,2153.0,,,,
1131010GF0000001,2024-10-10 00:00:00,GF ,FAC_00064,202410,7075.0,7075.0,,0.0,7075.0,7075.0,,,,
1131014GF0000001,2024-10-14 00:00:00,GF ,FAC_00010,202410,4000.0,4000.0,,0.0,4000.0,4000.0,,,,
1131015GF0000001,2024-10-15 00:00:00,GF ,FAC_00066,202410,1600.0,1600.0,,0.0,1600.0,1600.0,,,,
1131017GF0000001,2024-10-17 00:00:00,GF ,FAC_00023,202410,4940.0,4940.0,,0.0,4940.0,4940.0,,,,
1131017GF0000002,2024-10-17 00:00:00,GF ,FAC_00010,202410,1700.0,1700.0,,0.0,1700.0,1700.0,,,,
1131018GF0000001,2024-10-18 00:00:00,GF ,FAC_00019,202410,400.0,400.0,,0.0,400.0,400.0,,,,
1131030GF0000001,2024-10-30 00:00:00,GF ,FAC_00021,202410,2358.0,2358.0,,0.0,2358.0,2358.0,,,,
1131102GF0000001,2024-11-02 00:00:00,GF ,FAC_00066,202411,1625.0,1625.0,,0.0,1625.0,1625.0,,,,
1131105GF0000001,2024-11-05 00:00:00,GF ,FAC_00044,202411,5000.0,5000.0,,0.0,5000.0,5000.0,,,,
1130802GF0000001,2024-08-02 00:00:00,GF ,FAC_00019,202408,520.0,520.0,,0.0,520.0,520.0,,,,
1130803GF0000001,2024-08-03 00:00:00,GF ,FAC_00047,202408,8000.0,8000.0,,0.0,8000.0,8000.0,,,,
1130805GF0000001,2024-08-05 00:00:00,GF ,FAC_00053,202408,700.0,700.0,,0.0,700.0,700.0,,,,
1130805GF0000002,2024-08-05 00:00:00,GF ,FAC_00040,202408,2930.0,2930.0,[車牌]3771      ,0.0,2930.0,3077.0,,,,
1130807GF0000001,2024-08-07 00:00:00,GF ,FAC_00019,202408,500.0,500.0,,0.0,500.0,500.0,,,,
1130808GF0000001,2024-08-08 00:00:00,GF ,FAC_00036,202408,2400.0,2400.0,,0.0,2400.0,2400.0,,,,
1130809GF0000001,2024-08-09 00:00:00,GF ,FAC_00023,202408,2130.0,2130.0,,0.0,2130.0,2130.0,,,,
1130808GF0000002,2024-08-08 00:00:00,GF ,FAC_00066,202408,2905.0,2905.0,,0.0,2905.0,2905.0,,,,
1130808GF0000003,2024-08-08 00:00:00,GF ,FAC_00064,202408,3054.0,3054.0,,0.0,3054.0,3054.0,,,,
1130809GF0000002,2024-08-09 00:00:00,GF ,FAC_00050,202408,4600.0,4600.0,,0.0,4600.0,4600.0,,,,
1130810GF0000001,2024-08-10 00:00:00,GF ,FAC_00019,202408,250.0,250.0,,0.0,250.0,250.0,,,,
1130810GF0000002,2024-08-10 00:00:00,GF ,FAC_00044,202408,1500.0,1500.0,,0.0,1500.0,1500.0,,,,
1130812GF0000001,2024-08-12 00:00:00,GF ,FAC_00050,202408,4600.0,4600.0,,0.0,4600.0,4600.0,,,,
1130813GF0000001,2024-08-13 00:00:00,GF ,FAC_00053,202408,350.0,350.0,,0.0,350.0,350.0,,,,
1130813GF0000002,2024-08-13 00:00:00,GF ,FAC_00043,202408,970.0,970.0,,0.0,970.0,970.0,,,,
1130815GF0000001,2024-08-15 00:00:00,GF ,FAC_00066,202408,12750.0,12750.0,,0.0,12750.0,12750.0,,,,
1130814GF0000001,2024-08-14 00:00:00,GF ,FAC_00044,202408,2550.0,2550.0,,0.0,2550.0,2550.0,,,,
1130817GF0000001,2024-08-17 00:00:00,GF ,FAC_00036,202409,2400.0,2400.0,,0.0,2400.0,2400.0,,,,
1130819GF0000001,2024-08-19 00:00:00,GF ,FAC_00036,202409,3800.0,3800.0,,0.0,3800.0,3800.0,,,,
1130820GF0000001,2024-08-20 00:00:00,GF ,FAC_00055,202408,1050.0,1050.0,,0.0,1050.0,1050.0,,,,
1130821GF0000001,2024-08-21 00:00:00,GF ,FAC_00053,202408,350.0,350.0,,0.0,350.0,350.0,,,,
1130821GF0000002,2024-08-21 00:00:00,GF ,FAC_00044,202408,800.0,800.0,,0.0,800.0,800.0,,,,
1130826GF0000001,2024-08-26 00:00:00,GF ,FAC_00066,202409,4010.0,4010.0,,0.0,4010.0,4010.0,,,,
1130823GF0000001,2024-08-23 00:00:00,GF ,FAC_00023,202408,600.0,600.0,,0.0,600.0,600.0,,,,
1130826GF0000002,2024-08-26 00:00:00,GF ,FAC_00043,202409,130.0,130.0,,0.0,130.0,130.0,,,,
1130826GF0000003,2024-08-26 00:00:00,GF ,FAC_00019,202408,450.0,450.0,,0.0,450.0,450.0,,,,
1130827GF0000001,2024-08-27 00:00:00,GF ,FAC_00050,202408,23001.0,23001.0,,0.0,23001.0,23001.0,,,,
1130828GF0000001,2024-08-28 00:00:00,GF ,FAC_00064,202409,1495.5,1496.0,,0.0,1496.0,1496.0,,,,
1130831GF0000001,2024-08-31 00:00:00,GF ,FAC_00035,202408,11450.0,11450.0,,0.0,11450.0,11450.0,,,,
1130904GF0000001,2024-09-04 00:00:00,GF ,FAC_00023,202409,5380.0,5380.0,,0.0,5380.0,5380.0,,,,
1130905GF0000001,2024-09-05 00:00:00,GF ,FAC_00010,202409,2460.2,2460.0,,0.0,2460.0,2460.0,,,,
1130909GF0000001,2024-09-09 00:00:00,GF ,FAC_00054,202409,5900.0,5900.0,,0.0,5900.0,5900.0,,,,
1130909GF0000002,2024-09-09 00:00:00,GF ,FAC_00043,202409,780.0,780.0,,0.0,780.0,780.0,,,,
1130911GF0000001,2024-09-11 00:00:00,GF ,FAC_00066,202409,5400.0,5400.0,,0.0,5400.0,5400.0,,,,
1130912GF0000001,2024-09-12 00:00:00,GF ,FAC_00014,202409,1400.0,1400.0,,0.0,1400.0,1400.0,,,,
1130913GF0000001,2024-09-13 00:00:00,GF ,FAC_00019,202409,500.0,500.0,DC4[電話]      ,0.0,500.0,525.0,,,,
1130913GF0000002,2024-09-13 00:00:00,GF ,FAC_00053,202409,300.0,300.0,,0.0,300.0,300.0,,,,
1130920GF0000001,2024-09-20 00:00:00,GF ,FAC_00026,202409,1500.0,1500.0,,0.0,1500.0,1500.0,,,,
1130924GF0000001,2024-09-24 00:00:00,GF ,FAC_00026,202409,1100.0,1100.0,,0.0,1100.0,1100.0,,,,
1130925GF0000001,2024-09-25 00:00:00,GF ,FAC_00036,202410,7500.0,7500.0,,0.0,7500.0,7500.0,,,,
1130927GF0000001,2024-09-27 00:00:00,GF ,FAC_00004,202410,12000.0,12000.0,,0.0,12000.0,12000.0,,,,
1130930GF0000001,2024-09-30 00:00:00,GF ,FAC_00029,202409,3290.0,3290.0,,0.0,3290.0,3290.0,,,,
1131001GF0000001,2024-10-01 00:00:00,GF ,FAC_00043,202410,1230.0,1230.0,,0.0,1230.0,1230.0,,,,
1131001GF0000002,2024-10-01 00:00:00,GF ,FAC_00044,202410,4100.0,4100.0,,0.0,4100.0,4100.0,,,,
1131004GF0000001,2024-10-04 00:00:00,GF ,FAC_00019,202410,560.0,560.0,,0.0,560.0,560.0,,,,
1131109GF0000001,2024-11-09 00:00:00,GF ,FAC_00019,202411,500.0,500.0,,0.0,500.0,500.0,,,,
1131111GF0000001,2024-11-11 00:00:00,GF ,FAC_00019,202411,480.0,480.0,,0.0,480.0,480.0,,,,
1131112GF0000001,2024-11-12 00:00:00,GF ,FAC_00019,202411,300.0,300.0,,0.0,300.0,300.0,,,,
1131113GF0000001,2024-11-13 00:00:00,GF ,FAC_00044,202411,2380.0,2380.0,,0.0,2380.0,2380.0,,,,
1131114GF0000001,2024-11-14 00:00:00,GF ,FAC_00029,202411,210.0,210.0,,0.0,210.0,210.0,,,,
1131119GF0000001,2024-11-19 00:00:00,GF ,FAC_00043,202411,480.0,480.0,,0.0,480.0,480.0,,,,
1131120GF0000001,2024-11-20 00:00:00,GF ,FAC_00003,202411,1530.0,1530.0,,0.0,1530.0,1530.0,,,,
1131121GF0000001,2024-11-21 00:00:00,GF ,FAC_00036,202412,3050.0,3050.0,,0.0,3050.0,3050.0,,,,
1131123GF0000001,2024-11-23 00:00:00,GF ,FAC_00023,202411,3460.0,3460.0,,0.0,3460.0,3460.0,,,,
1131203GF0000001,2024-12-03 00:00:00,GF ,FAC_00066,202412,4580.0,4580.0,,0.0,4580.0,4580.0,,,,
1131202GF0000001,2024-12-02 00:00:00,GF ,FAC_00023,202412,760.0,760.0,,0.0,760.0,760.0,,,,
1131125GF0000001,2024-11-25 00:00:00,GF ,FAC_00043,202411,1360.0,1360.0,,0.0,1360.0,1360.0,,,,
1131027GF0000001,2024-10-27 00:00:00,GF ,FAC_00019,202410,0.0,0.0,,0.0,0.0,0.0,,,,
1131127GF0000001,2024-11-27 00:00:00,GF ,FAC_00019,202411,550.0,550.0,,0.0,550.0,550.0,,,,
1131202GF0000002,2024-12-02 00:00:00,GF ,FAC_00019,202412,400.0,400.0,,0.0,400.0,400.0,,,,
1131202GF0000003,2024-12-02 00:00:00,GF ,FAC_00024,202412,6520.0,6520.0,,0.0,6520.0,6520.0,,,,
1131127GF0000002,2024-11-27 00:00:00,GF ,FAC_00035,202411,15600.0,15600.0,,0.0,15600.0,15600.0,,,,
1131205GF0000001,2024-12-05 00:00:00,GF ,FAC_00019,202412,700.0,700.0,,0.0,700.0,700.0,,,,
1131206GF0000001,2024-12-06 00:00:00,GF ,FAC_00053,202412,700.0,700.0,,0.0,700.0,700.0,,,,
1131209GF0000001,2024-12-09 00:00:00,GF ,FAC_00036,202412,4250.0,4250.0,,0.0,4250.0,4250.0,,,,
1131206GF0000002,2024-12-06 00:00:00,GF ,FAC_00019,202412,500.0,500.0,,0.0,500.0,500.0,,,,
1131205GF0000002,2024-12-05 00:00:00,GF ,FAC_00066,202412,2790.0,2790.0,,0.0,2790.0,2790.0,,,,
1131209GF0000002,2024-12-09 00:00:00,GF ,FAC_00066,202412,4080.0,4080.0,,0.0,4080.0,4080.0,,,,
1131214GF0000001,2024-12-14 00:00:00,GF ,FAC_00019,202412,500.0,500.0,,0.0,500.0,500.0,,,,
1131212GF0000001,2024-12-12 00:00:00,GF ,FAC_00024,202412,2400.0,2400.0,,0.0,2400.0,2400.0,,,,
1131217GF0000001,2024-12-17 00:00:00,GF ,FAC_00066,202412,3130.0,3130.0,,0.0,3130.0,3130.0,,,,
1131223GF0000001,2024-12-23 00:00:00,GF ,FAC_00003,202412,1700.0,1700.0,,0.0,1700.0,1700.0,,,,
1131217GF0000002,2024-12-17 00:00:00,GF ,FAC_00035,202412,3400.0,3400.0,,0.0,3400.0,3400.0,,,,
1131218GF0000001,2024-12-18 00:00:00,GF ,FAC_00009,202412,400.0,400.0,,0.0,400.0,400.0,,,,
1131219GF0000001,2024-12-19 00:00:00,GF ,FAC_00025,202412,4500.0,4500.0,,0.0,4500.0,4500.0,,,,
1131219GF0000002,2024-12-19 00:00:00,GF ,FAC_00019,202412,3000.0,3000.0,,0.0,3000.0,3000.0,,,,
1131219GF0000003,2024-12-19 00:00:00,GF ,FAC_00003,202412,2100.0,2100.0,,0.0,2100.0,2100.0,,,,
1131223GF0000002,2024-12-23 00:00:00,GF ,FAC_00036,202501,5300.0,5300.0,,0.0,5300.0,5300.0,,,,
1131223GF0000003,2024-12-23 00:00:00,GF ,FAC_00019,202412,500.0,500.0,,0.0,500.0,500.0,,,,
1131226GF0000001,2024-12-26 00:00:00,GF ,FAC_00024,202501,1500.0,1500.0,,0.0,1500.0,1500.0,,,,
1131226GF0000002,2024-12-26 00:00:00,GF ,FAC_00014,202501,2600.0,2600.0,,0.0,2600.0,2600.0,,,,
1131226GF0000003,2024-12-26 00:00:00,GF ,FAC_00023,202501,5830.0,5830.0,,0.0,5830.0,5830.0,,,,
1131228GF0000001,2024-12-28 00:00:00,GF ,FAC_00044,202412,2950.0,2950.0,,0.0,2950.0,2950.0,,,,
1131228GF0000002,2024-12-28 00:00:00,GF ,FAC_00043,202501,2818.0,2818.0,,0.0,2818.0,2818.0,,,,
1140102GF0000001,2025-01-02 00:00:00,GF ,FAC_00026,202501,0.0,0.0,,0.0,0.0,0.0,,,,
1140103GF0000001,2025-01-03 00:00:00,GF ,FAC_00052,202501,3000.0,3000.0,,0.0,3000.0,3000.0,,,,
1140102GF0000002,2025-01-02 00:00:00,GF ,FAC_00024,202501,4035.0,4035.0,,0.0,4035.0,4035.0,,,,
1140103GF0000002,2025-01-03 00:00:00,GF ,FAC_00019,202501,650.0,650.0,,0.0,650.0,650.0,,,,
1140104GF0000001,2025-01-04 00:00:00,GF ,FAC_00047,202501,12500.0,12500.0,,0.0,12500.0,12500.0,,,,
1140103GF0000003,2025-01-03 00:00:00,GF ,FAC_00066,202501,3290.0,3290.0,,0.0,3290.0,3290.0,,,,
1140103GF0000004,2025-01-03 00:00:00,GF ,FAC_00010,202501,3800.0,3800.0,,0.0,3800.0,3800.0,,,,
1140106GF0000001,2025-01-06 00:00:00,GF ,FAC_00019,202501,1100.0,1100.0,,0.0,1100.0,1100.0,,,,
1140106GF0000002,2025-01-06 00:00:00,GF ,FAC_00010,202501,4000.0,4000.0,,0.0,4000.0,4000.0,,,,
1140107GF0000001,2025-01-07 00:00:00,GF ,FAC_00063,202501,2030.0,2030.0,,0.0,2030.0,2030.0,,,,
1140108GF0000001,2025-01-08 00:00:00,GF ,FAC_00010,202501,300.0,300.0,,0.0,300.0,300.0,,,,
1140109GF0000001,2025-01-09 00:00:00,GF ,FAC_00047,202501,16500.0,16500.0,,0.0,16500.0,16500.0,,,,
1140111GF0000001,2025-01-11 00:00:00,GF ,FAC_00019,202501,500.0,500.0,,0.0,500.0,500.0,,,,
1140111GF0000002,2025-01-11 00:00:00,GF ,FAC_00036,202501,1500.0,1500.0,,0.0,1500.0,1500.0,,,,
1140115GF0000001,2025-01-15 00:00:00,GF ,FAC_00066,202501,3240.0,3240.0,,0.0,3240.0,3240.0,,,,
1140116GF0000001,2025-01-16 00:00:00,GF ,FAC_00025,202501,4500.0,4500.0,,0.0,4500.0,4500.0,,,,
1140116GF0000002,2025-01-16 00:00:00,GF ,FAC_00023,202501,3100.0,3100.0,,0.0,3100.0,3100.0,,,,
1140118GF0000001,2025-01-18 00:00:00,GF ,FAC_00025,202501,4500.0,4500.0,,0.0,4500.0,4500.0,,,,
1140121GF0000001,2025-01-21 00:00:00,GF ,FAC_00036,202502,2400.0,2400.0,,0.0,2400.0,2400.0,,,,
1140121GF0000002,2025-01-21 00:00:00,GF ,FAC_00052,202501,4500.0,4500.0,,0.0,4500.0,4500.0,,,,
1140121GF0000003,2025-01-21 00:00:00,GF ,FAC_00019,202501,800.0,800.0,,0.0,800.0,800.0,,,,
1140121GF0000004,2025-01-21 00:00:00,GF ,FAC_00024,202501,700.0,700.0,,0.0,700.0,700.0,,,,
1140121GF0000005,2025-01-21 00:00:00,GF ,FAC_00066,202501,1960.0,1960.0,,0.0,1960.0,1960.0,,,,
1140123GF0000001,2025-01-23 00:00:00,GF ,FAC_00025,202501,7900.0,7900.0,,0.0,7900.0,7900.0,,,,
1140205GF0000001,2025-02-05 00:00:00,GF ,FAC_00036,202502,1900.0,1900.0,,0.0,1900.0,1900.0,,,,
1140206GF0000001,2025-02-06 00:00:00,GF ,FAC_00019,202502,5000.0,5000.0,,0.0,5000.0,5000.0,,,,
1140206GF0000002,2025-02-06 00:00:00,GF ,FAC_00003,202502,1000.0,1000.0,,0.0,1000.0,1000.0,,,,
1140211GF0000001,2025-02-11 00:00:00,GF ,FAC_00054,202502,6500.0,6500.0,,0.0,6500.0,6500.0,,,,
1140211GF0000002,2025-02-11 00:00:00,GF ,FAC_00024,202502,3745.0,3745.0,,0.0,3745.0,3745.0,,,,
1140212GF0000001,2025-02-12 00:00:00,GF ,FAC_00023,202502,3230.0,3230.0,,0.0,3230.0,3230.0,,,,
1140218GF0000001,2025-02-18 00:00:00,GF ,FAC_00029,202502,2630.0,2630.0,,0.0,2630.0,2630.0,,,,
1140219GF0000001,2025-02-19 00:00:00,GF ,FAC_00019,202502,840.0,840.0,,0.0,840.0,840.0,,,,
1140220GF0000001,2025-02-20 00:00:00,GF ,FAC_00003,202502,1200.0,1200.0,,0.0,1200.0,1200.0,,,,
1140226GF0000001,2025-02-26 00:00:00,GF ,FAC_00066,202503,9545.0,9545.0,,0.0,9545.0,9545.0,,,,
1140225GF0000001,2025-02-25 00:00:00,GF ,FAC_00043,202503,1740.0,1740.0,,0.0,1740.0,1740.0,,,,
1140306GF0000001,2025-03-06 00:00:00,GF ,FAC_00064,202503,6613.0,6613.0,,0.0,6613.0,6613.0,,,,
1140305GF0000001,2025-03-05 00:00:00,GF ,FAC_00060,202503,5829.0,5829.0,[車牌]0750      ,0.0,5829.0,6120.0,,,,
1140307GF0000001,2025-03-07 00:00:00,GF ,FAC_00019,202503,1315.0,1315.0,,0.0,1315.0,1315.0,,,,
1140306GF0000002,2025-03-06 00:00:00,GF ,FAC_00010,202503,6830.0,6830.0,,0.0,6830.0,6830.0,,,,
1140306GF0000003,2025-03-06 00:00:00,GF ,FAC_00064,202503,2060.0,2060.0,,0.0,2060.0,2060.0,,,,
1140310GF0000001,2025-03-10 00:00:00,GF ,FAC_00043,202503,372.0,372.0,,0.0,372.0,372.0,,,,
1140311GF0000001,2025-03-11 00:00:00,GF ,FAC_00019,202503,4000.0,4000.0,,0.0,4000.0,4000.0,,,,
1140311GF0000002,2025-03-11 00:00:00,GF ,FAC_00044,202503,1549.0,1549.0,,0.0,1549.0,1549.0,,,,
1140313GF0000001,2025-03-13 00:00:00,GF ,FAC_00038,202503,9200.0,9200.0,,0.0,9200.0,9200.0,,,,
1140314GF0000001,2025-03-14 00:00:00,GF ,FAC_00066,202503,1180.0,1180.0,,0.0,1180.0,1180.0,,,,
1140317GF0000001,2025-03-17 00:00:00,GF ,FAC_00036,202504,650.0,650.0,,0.0,650.0,650.0,,,,
1140320GF0000001,2025-03-20 00:00:00,GF ,FAC_00010,202503,600.0,600.0,,0.0,600.0,600.0,,,,
1140324GF0000001,2025-03-24 00:00:00,GF ,FAC_00054,202503,3600.0,3600.0,,0.0,3600.0,3600.0,,,,
1140326GF0000001,2025-03-26 00:00:00,GF ,FAC_00035,202503,9400.0,9400.0,,0.0,9400.0,9400.0,,,,
1140327GF0000001,2025-03-27 00:00:00,GF ,FAC_00023,202504,5420.0,5420.0,,0.0,5420.0,5420.0,,,,
1140327GF0000002,2025-03-27 00:00:00,GF ,FAC_00024,202504,2485.0,2485.0,,0.0,2485.0,2485.0,,,,
1140331GF0000001,2025-03-31 00:00:00,GF ,FAC_00027,202503,4650.0,4650.0,,0.0,4650.0,4650.0,,,,
1140402GF0000001,2025-04-02 00:00:00,GF ,FAC_00029,202504,1010.0,1010.0,,0.0,1010.0,1010.0,,,,
1140402GF0000002,2025-04-02 00:00:00,GF ,FAC_00043,202504,1435.0,1435.0,,0.0,1435.0,1435.0,,,,
1140402GF0000003,2025-04-02 00:00:00,GF ,FAC_00035,202504,12000.0,12000.0,,0.0,12000.0,12000.0,,,,
1140410GF0000001,2025-04-10 00:00:00,GF ,FAC_00019,202504,950.0,950.0,,0.0,950.0,950.0,,,,
1140408GF0000001,2025-04-08 00:00:00,GF ,FAC_00023,202504,4200.0,4200.0,,0.0,4200.0,4200.0,,,,
1140409GF0000001,2025-04-09 00:00:00,GF ,FAC_00023,202504,760.0,760.0,,0.0,760.0,760.0,,,,
1140411GF0000001,2025-04-11 00:00:00,GF ,FAC_00063,202504,1580.0,1580.0,,0.0,1580.0,1580.0,,,,
1140416GF0000001,2025-04-16 00:00:00,GF ,FAC_00054,202504,2400.0,2400.0,,0.0,2400.0,2400.0,,,,
1140417GF0000001,2025-04-17 00:00:00,GF ,FAC_00036,202505,2600.0,2600.0,,0.0,2600.0,2600.0,,,,
1140417GF0000002,2025-04-17 00:00:00,GF ,FAC_00029,202504,330.0,330.0,,0.0,330.0,330.0,,,,
1140417GF0000003,2025-04-17 00:00:00,GF ,FAC_00003,202504,700.0,700.0,,0.0,700.0,700.0,,,,
1140422GF0000001,2025-04-22 00:00:00,GF ,FAC_00031,202505,3120.0,3120.0,,0.0,3120.0,3120.0,,,,
1140426GF0000001,2025-04-26 00:00:00,GF ,FAC_00023,202505,3760.0,3760.0,,0.0,3760.0,3760.0,,,,
1140426GF0000002,2025-04-26 00:00:00,GF ,FAC_00023,202505,1900.0,1900.0,,0.0,1900.0,1900.0,,,,
1140426GF0000003,2025-04-26 00:00:00,GF ,FAC_00019,202504,550.0,550.0,,0.0,550.0,550.0,,,,
1140426GF0000005,2025-04-26 00:00:00,GF ,FAC_00066,202505,7740.0,7740.0,,0.0,7740.0,7740.0,,,,
1140426GF0000006,2025-04-26 00:00:00,GF ,FAC_00024,202505,2645.0,2645.0,,0.0,2645.0,2645.0,,,,
1140429GF0000001,2025-04-29 00:00:00,GF ,FAC_00019,202504,480.0,480.0,,0.0,480.0,480.0,,,,
1140502GF0000001,2025-05-02 00:00:00,GF ,FAC_00003,202505,750.0,750.0,,0.0,750.0,750.0,,,,
1140505GF0000001,2025-05-05 00:00:00,GF ,FAC_00066,202505,5150.0,5150.0,,0.0,5150.0,5150.0,,,,
1140512GF0000001,2025-05-12 00:00:00,GF ,FAC_00036,202505,3700.0,3700.0,,0.0,3700.0,3700.0,,,,
1140512GF0000002,2025-05-12 00:00:00,GF ,FAC_00064,202505,2682.0,2682.0,,0.0,2682.0,2682.0,,,,
1140512GF0000003,2025-05-12 00:00:00,GF ,FAC_00036,202505,4600.0,4600.0,,0.0,4600.0,4600.0,,,,
1140512GF0000004,2025-05-12 00:00:00,GF ,FAC_00010,202505,5600.0,5600.0,,0.0,5600.0,5600.0,,,,
1140515GF0000001,2025-05-15 00:00:00,GF ,FAC_00029,202505,1320.0,1320.0,,0.0,1320.0,1320.0,,,,
1140515GF0000002,2025-05-15 00:00:00,GF ,FAC_00066,202505,1465.0,1465.0,,0.0,1465.0,1465.0,,,,
1140516GF0000001,2025-05-16 00:00:00,GF ,FAC_00043,202505,2450.0,2450.0,,0.0,2450.0,2450.0,,,,
1140521GF0000001,2025-05-21 00:00:00,GF ,FAC_00024,202505,350.0,350.0,,0.0,350.0,350.0,,,,
1140522GF0000001,2025-05-22 00:00:00,GF ,FAC_00026,202505,2600.0,2600.0,,0.0,2600.0,2600.0,,,,
1140522GF0000002,2025-05-22 00:00:00,GF ,FAC_00019,202505,2300.0,2300.0,,0.0,2300.0,2300.0,,,,
1140522GF0000003,2025-05-22 00:00:00,GF ,FAC_00044,202505,10600.0,10600.0,,0.0,10600.0,10600.0,,,,
1140524GF0000001,2025-05-24 00:00:00,GF ,FAC_00019,202505,600.0,600.0,,0.0,600.0,600.0,,,,
1140528GF0000001,2025-05-28 00:00:00,GF ,FAC_00043,202506,396.0,396.0,,0.0,396.0,396.0,,,,
1140529GF0000001,2025-05-29 00:00:00,GF ,FAC_00026,202506,4800.0,4800.0,,0.0,4800.0,4800.0,,,,
1140602GF0000001,2025-06-02 00:00:00,GF ,FAC_00035,202506,10800.0,10800.0,,0.0,10800.0,10800.0,,,,
1140605GF0000001,2025-06-05 00:00:00,GF ,FAC_00029,202506,560.0,560.0,,0.0,560.0,560.0,,,,
1140606GF0000001,2025-06-06 00:00:00,GF ,FAC_00056,202506,10090.0,10090.0,,0.0,10090.0,10090.0,,,,
1140606GF0000002,2025-06-06 00:00:00,GF ,FAC_00023,202506,760.0,760.0,,0.0,760.0,760.0,,,,
1140606GF0000003,2025-06-06 00:00:00,GF ,FAC_00066,202506,7725.0,7725.0,,0.0,7725.0,7725.0,,,,
1140613GF0000001,2025-06-13 00:00:00,GF ,FAC_00050,202506,5400.0,5400.0,,0.0,5400.0,5400.0,,,,
1140613GF0000002,2025-06-13 00:00:00,GF ,FAC_00048,202506,2300.0,2300.0,,0.0,2300.0,2300.0,,,,
1140613GF0000003,2025-06-13 00:00:00,GF ,FAC_00043,202506,1770.0,1770.0,,0.0,1770.0,1770.0,,,,
1140619GF0000001,2025-06-19 00:00:00,GF ,FAC_00064,202506,22304.0,22304.0,,0.0,22304.0,22304.0,,,,
1140626GF0000001,2025-06-26 00:00:00,GF ,FAC_00036,202507,3400.0,3400.0,,0.0,3400.0,3400.0,,,,
1140624GF0000001,2025-06-24 00:00:00,GF ,FAC_00035,202506,2400.0,2400.0,,0.0,2400.0,2400.0,,,,
1140626GF0000002,2025-06-26 00:00:00,GF ,FAC_00066,202507,4125.0,4125.0,,0.0,4125.0,4125.0,,,,
1140628GF0000001,2025-06-28 00:00:00,GF ,FAC_00036,202507,2400.0,2400.0,,0.0,2400.0,2400.0,,,,
1140630GF0000001,2025-06-30 00:00:00,GF ,FAC_00053,202507,300.0,300.0,,0.0,300.0,300.0,,,,
1140630GF0000002,2025-06-30 00:00:00,GF ,FAC_00036,202507,650.0,650.0,,0.0,650.0,650.0,,,,
1140630GF0000003,2025-06-30 00:00:00,GF ,FAC_00029,202507,2570.0,2570.0,,0.0,2570.0,2570.0,,,,
1140630GF0000004,2025-06-30 00:00:00,GF ,FAC_00043,202507,2309.8,2310.0,,0.0,2310.0,2310.0,,,,
1140701GF0000001,2025-07-01 00:00:00,GF ,FAC_00019,202507,600.0,600.0,,0.0,600.0,600.0,,,,
1140702GF0000001,2025-07-02 00:00:00,GF ,FAC_00066,202507,8700.0,8700.0,,0.0,8700.0,8700.0,,,,
1140710GF0000001,2025-07-10 00:00:00,GF ,FAC_00023,202507,468.0,468.0,,0.0,468.0,468.0,,,,
1140714GF0000001,2025-07-14 00:00:00,GF ,FAC_00043,202507,4600.0,4600.0,,0.0,4600.0,4600.0,,,,
1140714GF0000002,2025-07-14 00:00:00,GF ,FAC_00029,202507,315.0,315.0,,0.0,315.0,315.0,,,,
1140716GF0000001,2025-07-16 00:00:00,GF ,FAC_00014,202507,1700.0,1700.0,,0.0,1700.0,1700.0,,,,
1140717GF0000001,2025-07-17 00:00:00,GF ,FAC_00043,202507,1440.0,1440.0,,0.0,1440.0,1440.0,,,,
1140722GF0000001,2025-07-22 00:00:00,GF ,FAC_00053,202507,300.0,300.0,,0.0,300.0,300.0,,,,
1140723GF0000001,2025-07-23 00:00:00,GF ,FAC_00044,202507,9000.0,9000.0,,0.0,9000.0,9000.0,,,,
1140723GF0000002,2025-07-23 00:00:00,GF ,FAC_00043,202507,1560.0,1560.0,,0.0,1560.0,1560.0,,,,
1140724GF0000001,2025-07-24 00:00:00,GF ,FAC_00019,202507,540.0,540.0,,0.0,540.0,540.0,,,,
1140726GF0000001,2025-07-26 00:00:00,GF ,FAC_00066,202508,4985.0,4985.0,,0.0,4985.0,4985.0,,,,
1140725GF0000001,2025-07-25 00:00:00,GF ,FAC_00033,202507,8500.0,8500.0,,0.0,8500.0,8500.0,,,,
1140726GF0000002,2025-07-26 00:00:00,GF ,FAC_00043,202508,2912.0,2912.0,,0.0,2912.0,2912.0,,,,
1140726GF0000003,2025-07-26 00:00:00,GF ,FAC_00026,202508,700.0,700.0,,0.0,700.0,700.0,,,,
1140728GF0000001,2025-07-28 00:00:00,GF ,FAC_00035,202507,8400.0,8400.0,,0.0,8400.0,8400.0,,,,
1140728GF0000002,2025-07-28 00:00:00,GF ,FAC_00019,202507,1100.0,1100.0,,0.0,1100.0,1100.0,,,,
1140728GF0000003,2025-07-28 00:00:00,GF ,FAC_00019,202507,1300.0,1300.0,,0.0,1300.0,1300.0,,,,
1140725GF0000002,2025-07-25 00:00:00,GF ,FAC_00035,202507,500.0,500.0,,0.0,500.0,500.0,,,,
1140729GF0000001,2025-07-29 00:00:00,GF ,FAC_00019,202507,450.0,450.0,,0.0,450.0,450.0,,,,
1140729GF0000002,2025-07-29 00:00:00,GF ,FAC_00043,202508,320.0,320.0,,0.0,320.0,320.0,,,,
1140801GF0000001,2025-08-01 00:00:00,GF ,FAC_00040,202508,3080.0,3080.0,[車牌]3754      ,0.0,3080.0,3234.0,,,,
1140802GF0000001,2025-08-02 00:00:00,GF ,FAC_00036,202508,3400.0,3400.0,,0.0,3400.0,3400.0,,,,
1140804GF0000001,2025-08-04 00:00:00,GF ,FAC_00066,202508,1700.0,1700.0,,0.0,1700.0,1700.0,,,,
1140805GF0000001,2025-08-05 00:00:00,GF ,FAC_00023,202508,1270.0,1270.0,,0.0,1270.0,1270.0,,,,
1140806GF0000001,2025-08-06 00:00:00,GF ,FAC_00060,202508,2323.0,2323.0,[車牌]3277      ,0.0,2323.0,2439.0,,,,
1140807GF0000001,2025-08-07 00:00:00,GF ,FAC_00036,202508,2400.0,2400.0,,0.0,2400.0,2400.0,,,,
1140807GF0000002,2025-08-07 00:00:00,GF ,FAC_00066,202508,1530.0,1530.0,,0.0,1530.0,1530.0,,,,
1140811GF0000001,2025-08-11 00:00:00,GF ,FAC_00023,202508,1200.0,1200.0,,0.0,1200.0,1200.0,,,,
1140811GF0000002,2025-08-11 00:00:00,GF ,FAC_00019,202508,1400.0,1400.0,,0.0,1400.0,1400.0,,,,
1140812GF0000001,2025-08-12 00:00:00,GF ,FAC_00043,202508,1170.0,1170.0,,0.0,1170.0,1170.0,,,,
1140813GF0000001,2025-08-13 00:00:00,GF ,FAC_00019,202508,2100.0,2100.0,,0.0,2100.0,2100.0,,,,
1140813GF0000002,2025-08-13 00:00:00,GF ,FAC_00029,202508,200.0,200.0,,0.0,200.0,200.0,,,,
1140813GF0000003,2025-08-13 00:00:00,GF ,FAC_00052,202508,2000.0,2000.0,,0.0,2000.0,2000.0,,,,
1140813GF0000004,2025-08-13 00:00:00,GF ,FAC_00023,202508,3650.0,3650.0,,0.0,3650.0,3650.0,,,,
1140815GF0000001,2025-08-15 00:00:00,GF ,FAC_00037,202508,200.0,200.0,,0.0,200.0,200.0,,,,
1140814GF0000001,2025-08-14 00:00:00,GF ,FAC_00024,202508,3610.0,3610.0,,0.0,3610.0,3610.0,,,,
1140818GF0000001,2025-08-18 00:00:00,GF ,FAC_00036,202509,10100.0,10100.0,,0.0,10100.0,10100.0,,,,
1140819GF0000001,2025-08-19 00:00:00,GF ,FAC_00043,202508,180.0,180.0,,0.0,180.0,180.0,,,,
1140820GF0000001,2025-08-20 00:00:00,GF ,FAC_00035,202508,400.0,400.0,,0.0,400.0,400.0,,,,
1140821GF0000001,2025-08-21 00:00:00,GF ,FAC_00055,202508,1050.0,1050.0,,0.0,1050.0,1050.0,,,,
1140822GF0000001,2025-08-22 00:00:00,GF ,FAC_00050,202508,4600.0,4600.0,,0.0,4600.0,4600.0,,,,
1140826GF0000001,2025-08-26 00:00:00,GF ,FAC_00004,202509,12000.0,11429.0,[車牌]8152      ,0.0,11429.0,12000.0,,,,
1140827GF0000001,2025-08-27 00:00:00,GF ,FAC_00044,202508,3800.0,3800.0,,0.0,3800.0,3800.0,,,,
1140904GF0000001,2025-09-04 00:00:00,GF ,FAC_00019,202509,1000.0,1000.0,RT[電話]      ,0.0,1000.0,1050.0,,,,
1140905GF0000001,2025-09-05 00:00:00,GF ,FAC_00066,202509,4540.0,4540.0,,0.0,4540.0,4540.0,,,,
1140912GF0000001,2025-09-12 00:00:00,GF ,FAC_00046,202509,1050.0,1050.0,,0.0,1050.0,1050.0,,,,
1140918GF0000001,2025-09-18 00:00:00,GF ,FAC_00066,202509,1470.0,1470.0,,0.0,1470.0,1470.0,,,,
1141001GF0000001,2025-10-01 00:00:00,GF ,FAC_00038,202510,10250.0,10250.0,,0.0,10250.0,10250.0,,,,
1140918GF0000002,2025-09-18 00:00:00,GF ,FAC_00043,202509,1090.0,1090.0,,0.0,1090.0,1090.0,,,,
1140926GF0000001,2025-09-26 00:00:00,GF ,FAC_00036,202510,3700.0,3524.0,RT1[電話]      ,0.0,3524.0,3700.0,,,,
1141002GF0000001,2025-10-02 00:00:00,GF ,FAC_00066,202510,2650.0,2650.0,,0.0,2650.0,2650.0,,,,
1141003GF0000001,2025-10-03 00:00:00,GF ,FAC_00029,202510,100.0,100.0,,0.0,100.0,100.0,,,,
1141008GF0000001,2025-10-08 00:00:00,GF ,FAC_00043,202510,200.0,200.0,,0.0,200.0,200.0,,,,
1141013GF0000001,2025-10-13 00:00:00,GF ,FAC_00053,202510,700.0,700.0,,0.0,700.0,700.0,,,,
1141014GF0000001,2025-10-14 00:00:00,GF ,FAC_00043,202510,780.0,780.0,,0.0,780.0,780.0,,,,
1141021GF0000001,2025-10-21 00:00:00,GF ,FAC_00050,202510,5700.0,5700.0,,0.0,5700.0,5700.0,,,,
1141022GF0000001,2025-10-22 00:00:00,GF ,FAC_00036,202511,1300.0,1300.0,,0.0,1300.0,1300.0,,,,
1141022GF0000002,2025-10-22 00:00:00,GF ,FAC_00019,202510,2020.0,2020.0,,0.0,2020.0,2020.0,,,,
1141023GF0000001,2025-10-23 00:00:00,GF ,FAC_00036,202511,5000.0,5000.0,,0.0,5000.0,5000.0,,,,
1141023GF0000002,2025-10-23 00:00:00,GF ,FAC_00024,202510,4380.0,4380.0,,0.0,4380.0,4380.0,,,,
1141029GF0000001,2025-10-29 00:00:00,GF ,FAC_00019,202510,700.0,700.0,,0.0,700.0,700.0,,,,
1141030GF0000001,2025-10-30 00:00:00,GF ,FAC_00021,202510,2610.0,2610.0,TG[電話]      ,0.0,2610.0,2741.0,,,,
1141029GF0000002,2025-10-29 00:00:00,GF ,FAC_00024,202511,3340.0,3340.0,,0.0,3340.0,3340.0,,,,
1141103GF0000001,2025-11-03 00:00:00,GF ,FAC_00066,202511,9915.0,9915.0,,0.0,9915.0,9915.0,,,,
1141112GF0000001,2025-11-12 00:00:00,GF ,FAC_00030,202511,500.0,500.0,,0.0,500.0,500.0,,,,
1141112GF0000002,2025-11-12 00:00:00,GF ,FAC_00033,202511,12000.0,12000.0,,0.0,12000.0,12000.0,,,,
1141113GF0000001,2025-11-13 00:00:00,GF ,FAC_00029,202511,470.0,470.0,,0.0,470.0,470.0,,,,
1141114GF0000001,2025-11-14 00:00:00,GF ,FAC_00043,202511,1110.0,1110.0,,0.0,1110.0,1110.0,,,,
1141119GF0000001,2025-11-19 00:00:00,GF ,FAC_00033,202511,4500.0,4500.0,,0.0,4500.0,4500.0,,,,
1141119GF0000002,2025-11-19 00:00:00,GF ,FAC_00043,202511,480.0,480.0,,0.0,480.0,480.0,,,,
1141119GF0000003,2025-11-19 00:00:00,GF ,FAC_00053,202511,1400.0,1400.0,,0.0,1400.0,1400.0,,,,
1141119GF0000004,2025-11-19 00:00:00,GF ,FAC_00052,202511,4500.0,4500.0,,0.0,4500.0,4500.0,,,,
1141120GF0000001,2025-11-20 00:00:00,GF ,FAC_00014,202511,3900.0,3900.0,,0.0,3900.0,3900.0,,,,
1141122GF0000001,2025-11-22 00:00:00,GF ,FAC_00066,202511,3280.0,3280.0,,0.0,3280.0,3280.0,,,,
1141125GF0000001,2025-11-25 00:00:00,GF ,FAC_00030,202511,5200.0,5200.0,,0.0,5200.0,5200.0,,,,
1141125GF0000002,2025-11-25 00:00:00,GF ,FAC_00027,202511,4429.0,4429.0,[車牌]3669      ,0.0,4429.0,4650.0,,,,
1141125GF0000003,2025-11-25 00:00:00,GF ,FAC_00023,202511,6650.0,6650.0,,0.0,6650.0,6650.0,,,,
1141128GF0000001,2025-11-28 00:00:00,GF ,FAC_00040,202512,3180.0,3180.0,[車牌]4251      ,0.0,3180.0,3339.0,,,,
1141201GF0000001,2025-12-01 00:00:00,GF ,FAC_00003,202512,750.0,750.0,,0.0,750.0,750.0,,,,
1141201GF0000002,2025-12-01 00:00:00,GF ,FAC_00033,202512,12000.0,12000.0,,0.0,12000.0,12000.0,,,,
1141202GF0000001,2025-12-02 00:00:00,GF ,FAC_00043,202512,410.0,410.0,,0.0,410.0,410.0,,,,
1141202GF0000002,2025-12-02 00:00:00,GF ,FAC_00036,202512,1600.0,1600.0,,0.0,1600.0,1600.0,,,,
1141202GF0000003,2025-12-02 00:00:00,GF ,FAC_00063,202512,1101.0,1101.0,,0.0,1101.0,1101.0,,,,
1141203GF0000001,2025-12-03 00:00:00,GF ,FAC_00066,202512,1920.0,1920.0,,0.0,1920.0,1920.0,,,,
1141205GF0000001,2025-12-05 00:00:00,GF ,FAC_00026,202512,2450.0,2450.0,,0.0,2450.0,2450.0,,,,
1141209GF0000001,2025-12-09 00:00:00,GF ,FAC_00043,202512,960.0,960.0,,0.0,960.0,960.0,,,,
1141209GF0000002,2025-12-09 00:00:00,GF ,FAC_00066,202512,2010.0,2010.0,,0.0,2010.0,2010.0,,,,
1141210GF0000001,2025-12-10 00:00:00,GF ,FAC_00066,202512,2080.0,2080.0,,0.0,2080.0,2080.0,,,,
1141211GF0000001,2025-12-11 00:00:00,GF ,FAC_00050,202512,4600.0,4600.0,,0.0,4600.0,4600.0,,,,
1141216GF0000001,2025-12-16 00:00:00,GF ,FAC_00019,202512,1320.0,1320.0,,0.0,1320.0,1320.0,,,,
1141216GF0000002,2025-12-16 00:00:00,GF ,FAC_00036,202512,3500.0,3500.0,,0.0,3500.0,3500.0,,,,
1141217GF0000001,2025-12-17 00:00:00,GF ,FAC_00019,202512,2800.0,2800.0,,0.0,2800.0,2800.0,,,,
1141218GF0000001,2025-12-18 00:00:00,GF ,FAC_00019,202512,500.0,500.0,,0.0,500.0,500.0,,,,
1141219GF0000001,2025-12-19 00:00:00,GF ,FAC_00019,202512,350.0,350.0,,0.0,350.0,350.0,,,,
1141222GF0000001,2025-12-22 00:00:00,GF ,FAC_00010,202512,3000.0,3000.0,,0.0,3000.0,3000.0,,,,
1141222GF0000002,2025-12-22 00:00:00,GF ,FAC_00030,202512,6200.0,6200.0,,0.0,6200.0,6200.0,,,,
1141223GF0000001,2025-12-23 00:00:00,GF ,FAC_00066,202512,5440.0,5440.0,,0.0,5440.0,5440.0,,,,
1141223GF0000002,2025-12-23 00:00:00,GF ,FAC_00024,202512,4300.0,4300.0,,0.0,4300.0,4300.0,,,,
1141225GF0000001,2025-12-25 00:00:00,GF ,FAC_00033,202512,8500.0,8500.0,,0.0,8500.0,8500.0,,,,
1141230GF0000001,2025-12-30 00:00:00,GF ,FAC_00050,202512,6900.0,6900.0,,0.0,6900.0,6900.0,,,,
1141229GF0000001,2025-12-29 00:00:00,GF ,FAC_00043,202601,540.0,540.0,,0.0,540.0,540.0,,,,
1141231GF0000001,2025-12-31 00:00:00,GF ,FAC_00044,202512,5500.0,5500.0,,0.0,5500.0,5500.0,,,,
1150102GF0000001,2026-01-02 00:00:00,GF ,FAC_00019,202601,1200.0,1200.0,,0.0,1200.0,1200.0,,,,
1150103GF0000001,2026-01-03 00:00:00,GF ,FAC_00053,202601,350.0,350.0,,0.0,350.0,350.0,,,,
1150105GF0000001,2026-01-05 00:00:00,GF ,FAC_00023,202601,2700.0,2700.0,,0.0,2700.0,2700.0,,,,
1150107GF0000001,2026-01-07 00:00:00,GF ,FAC_00019,202601,400.0,400.0,,0.0,400.0,400.0,,,,
1150108GF0000001,2026-01-08 00:00:00,GF ,FAC_00054,202601,4000.0,4000.0,,0.0,4000.0,4000.0,,,,
1150109GF0000001,2026-01-09 00:00:00,GF ,FAC_00006,202601,2500.8,2501.0,,0.0,2501.0,2501.0,,,,
1150110GF0000001,2026-01-10 00:00:00,GF ,FAC_00037,202601,200.0,200.0,,0.0,200.0,200.0,,,,
1150114GF0000001,2026-01-14 00:00:00,GF ,FAC_00029,202601,600.0,600.0,,0.0,600.0,600.0,,,,
1150115GF0000001,2026-01-15 00:00:00,GF ,FAC_00066,202601,2360.0,2360.0,,0.0,2360.0,2360.0,,,,
1150116GF0000001,2026-01-16 00:00:00,GF ,FAC_00030,202601,6500.0,6500.0,,0.0,6500.0,6500.0,,,,
1150116GF0000002,2026-01-16 00:00:00,GF ,FAC_00019,202601,1000.0,1000.0,,0.0,1000.0,1000.0,,,,
1150120GF0000001,2026-01-20 00:00:00,GF ,FAC_00066,202601,2040.0,2040.0,,0.0,2040.0,2040.0,,,,
1150120GF0000002,2026-01-20 00:00:00,GF ,FAC_00023,202601,3160.0,3160.0,,0.0,3160.0,3160.0,,,,
1150124GF0000001,2026-01-24 00:00:00,GF ,FAC_00053,202601,700.0,700.0,,0.0,700.0,700.0,,,,
1150127GF0000001,2026-01-27 00:00:00,GF ,FAC_00019,202601,400.0,400.0,,0.0,400.0,400.0,,,,
1150128GF0000001,2026-01-28 00:00:00,GF ,FAC_00017,202601,6000.0,6000.0,,0.0,6000.0,6000.0,,,,
1150129GF0000001,2026-01-29 00:00:00,GF ,FAC_00043,202602,1540.0,1540.0,,0.0,1540.0,1540.0,,,,
1150129GF0000002,2026-01-29 00:00:00,GF ,FAC_00066,202602,3200.0,3200.0,,0.0,3200.0,3200.0,,,,
1150129GF0000003,2026-01-29 00:00:00,GF ,FAC_00024,202602,3630.0,3630.0,,0.0,3630.0,3630.0,,,,
1150130GF0000001,2026-01-30 00:00:00,GF ,FAC_00030,202601,5800.0,5800.0,,0.0,5800.0,5800.0,,,,
1150202GF0000001,2026-02-02 00:00:00,GF ,FAC_00030,202602,8000.0,8000.0,,0.0,8000.0,8000.0,,,,
1150205GF0000001,2026-02-05 00:00:00,GF ,FAC_00053,202602,0.0,0.0,,0.0,0.0,0.0,,,,
1150206GF0000001,2026-02-06 00:00:00,GF ,FAC_00050,202602,4200.0,4200.0,,0.0,4200.0,4200.0,,,,
1150206GF0000002,2026-02-06 00:00:00,GF ,FAC_00030,202602,6000.0,6000.0,,0.0,6000.0,6000.0,,,,
1150210GF0000001,2026-02-10 00:00:00,GF ,FAC_00013,202602,8270.0,8270.0,,0.0,8270.0,8270.0,,,,
1141118GF0000001,2025-11-18 00:00:00,GF ,FAC_00013,202511,3300.0,3300.0,,0.0,3300.0,3300.0,,,,
1150210GF0000002,2026-02-10 00:00:00,GF ,FAC_00043,202602,230.0,230.0,,0.0,230.0,230.0,,,,
1150209GF0000001,2026-02-09 00:00:00,GF ,FAC_00066,202602,1490.0,1490.0,,0.0,1490.0,1490.0,,,,
1150210GF0000003,2026-02-10 00:00:00,GF ,FAC_00050,202602,5000.0,5000.0,,0.0,5000.0,5000.0,,,,
1150211GF0000001,2026-02-11 00:00:00,GF ,FAC_00063,202602,1260.0,1260.0,,0.0,1260.0,1260.0,,,,
1150212GF0000001,2026-02-12 00:00:00,GF ,FAC_00024,202602,4265.0,4265.0,,0.0,4265.0,4265.0,,,,
1150302GF0000001,2026-03-02 00:00:00,GF ,FAC_00030,202603,6000.0,6000.0,,0.0,6000.0,6000.0,,,,
1150302GF0000002,2026-03-02 00:00:00,GF ,FAC_00050,202603,9200.0,9200.0,,0.0,9200.0,9200.0,,,,
1150209GF0000002,2026-02-09 00:00:00,GF ,FAC_00023,202602,3000.0,3000.0,,0.0,3000.0,3000.0,,,,
1150307GF0000001,2026-03-07 00:00:00,GF ,FAC_00044,202603,4450.0,4450.0,,0.0,4450.0,4450.0,,,,
1150310GF0000001,2026-03-10 00:00:00,GF ,FAC_00019,202603,1100.0,1100.0,,0.0,1100.0,1100.0,,,,
1150310GF0000002,2026-03-10 00:00:00,GF ,FAC_00036,202603,3200.0,3200.0,,0.0,3200.0,3200.0,,,,
1150310GF0000003,2026-03-10 00:00:00,GF ,FAC_00063,202603,3421.0,3421.0,,0.0,3421.0,3421.0,,,,
1150312GF0000001,2026-03-12 00:00:00,GF ,FAC_00066,202603,5130.0,5130.0,,0.0,5130.0,5130.0,,,,
1150312GF0000002,2026-03-12 00:00:00,GF ,FAC_00043,202603,2134.0,2134.0,,0.0,2134.0,2134.0,,,,
1150316GF0000001,2026-03-16 00:00:00,GF ,FAC_00030,202603,16000.0,16000.0,,0.0,16000.0,16000.0,,,,
1150319GF0000001,2026-03-19 00:00:00,GF ,FAC_00050,202603,5000.0,5000.0,,0.0,5000.0,5000.0,,,,
1150323GF0000001,2026-03-23 00:00:00,GF ,FAC_00043,202603,280.0,280.0,,0.0,280.0,280.0,,,,
1150326GF0000001,2026-03-26 00:00:00,GF ,FAC_00024,202604,3980.0,3980.0,,0.0,3980.0,3980.0,,,,
1150205GF0000002,2026-02-05 00:00:00,GF ,FAC_00053,202602,1200.0,1200.0,,0.0,1200.0,1200.0,,,,
1150401GF0000001,2026-04-01 00:00:00,GF ,FAC_00066,202604,4080.0,4080.0,,0.0,4080.0,4080.0,,,,
1150402GF0000001,2026-04-02 00:00:00,GF ,FAC_00060,202604,7156.0,7156.0,[車牌]1280      ,0.0,7156.0,7514.0,,,,
1150402GF0000002,2026-04-02 00:00:00,GF ,FAC_00023,202604,6210.0,6210.0,,0.0,6210.0,6210.0,,,,
1150407GF0000002,2026-04-07 00:00:00,GF ,FAC_00030,202604,6000.0,6000.0,,0.0,6000.0,6000.0,,,,
1150409GF0000001,2026-04-09 00:00:00,GF ,FAC_00036,202604,3700.0,3700.0,,0.0,3700.0,3700.0,,,,
1150410GF0000001,2026-04-10 00:00:00,GF ,FAC_00026,202604,3150.0,3150.0,,0.0,3150.0,3150.0,,,,
1150410GF0000002,2026-04-10 00:00:00,GF ,FAC_00019,202604,350.0,350.0,,0.0,350.0,350.0,,,,
1150411GF0000001,2026-04-11 00:00:00,GF ,FAC_00019,202604,650.0,650.0,,0.0,650.0,650.0,,,,
1150413GF0000001,2026-04-13 00:00:00,GF ,FAC_00004,202604,12000.0,12000.0,,0.0,12000.0,12000.0,,,,
