salno,prdno,prqty,price,unit,pcost,repno,note1,rept2index,indexs,prdnm
1090731GF0000001,19RAV4QCE           ,1.0,3000.0,組   ,2600.0,,,,1.0,19RAV4平衡桿                                                   
1090731GF0000002,2TVUJE              ,1.0,2000.0,組   ,450.0,,,,1.0,倒車顯影(外掛)                                                    
1090730GF0000001,LD72UVTRXF          ,1.0,2500.0,組   ,1500.0,,,,1.0,LD-7單眼行車記錄器                                                 
1090703GF0000001,VTRXFV              ,1.0,300.0,組   ,120.0,,,,1.0,行車記錄器線                                                      
1090804GF0000001,ZXQH12Q             ,1.0,199.0,各   ,50.0,,,,1.0,菲利浦 H1 55W燈泡                                                
1090805GF0000001,TAA089              ,1.0,1000.0,組   ,250.0,,,,1.0,卡夢防碰條                                                       
1090805GF0000001,AMN                 ,1.0,600.0,罐   ,0.0,,,,2.0,鉬元素                                                         
1090805GF0000002,V81VTRXF            ,1.0,2500.0,組   ,1091.0,,,,1.0,V81行車記錄器雙眼                                                  
1090806GF0000001,BGWGE               ,1.0,1500.0,支   ,500.0,,,,1.0,1998瑞獅鐵水管                                                   
1090806GF0000001,12FVRU5XR           ,1.0,550.0,罐   ,0.0,,,,2.0,八大全效機油精                                                     
1090806GF0000001,SAXO5W50            ,1.0,400.0,罐   ,280.0,,,,3.0,SAXO 5W/50機油                                                
1090806GF0000001,GVE1.12             ,1.0,300.0,各   ,0.0,,,,4.0,水箱蓋1.1(大頭)                                                  
1090806GF0000001,GVFV                ,1.0,800.0,次   ,0.0,,,,5.0,水箱清洗                                                        
1090806GF0000001,G204GVR             ,1.0,650.0,罐   ,0.0,,,,6.0,G204水箱精                                                     
1090806GF0000002,CLA250FQCE          ,1.0,6500.0,組   ,3500.0,,,,1.0,CLA-250前平衡桿                                                 
1090806GF0000002,SENFINECOFURFFVR    ,1.0,1800.0,罐   ,400.0,,,,2.0,西德SENFINECO汽油進氣系統清洗劑9921                                    
1090807GF0000001,V2V1JFMT            ,1.0,600.0,組   ,350.0,,,,1.0,現代小霸王晴雨窗                                                    
1090715GF0000001,LD9VTRXF            ,1.0,7000.0,組   ,2800.0,,,,1.0,LD-9電子式行車記錄器                                                
1090715GF0000001,10HJV5R             ,1.0,12500.0,組   ,0.0,,,,2.0,10吋萬象主機                                                     
1090715GF0000001,W15ZX5R             ,1.0,8000.0,組   ,0.0,,,,3.0,W15分離主機                                                     
1090715GF0000001,GS2LM8005           ,2.0,350.0,組   ,140.0,,,,4.0,LM-8005室內燈(水晶)12V                                           
1090715GF0000001,EY                  ,1.0,500.0,次   ,0.0,,,,5.0,工資                                                          
1090715GF0000001,2TVUJE              ,1.0,2500.0,組   ,450.0,,,,6.0,倒車顯影(外掛)                                                    
1090812GF0000001,YARISFMT            ,1.0,400.0,組   ,170.0,,,,1.0,YARIS晴雨窗                                                    
1090812GF0000002,2TX23UDB            ,1.0,3000.0,組   ,600.0,,,,1.0,倒車雷達3演崁入                                                    
1090812GF0000003,ERQ55D23L2Q         ,1.0,3000.0,各   ,2100.0,,,,1.0,國際牌55D23L電瓶                                                 
1090813GF0000001,LD9GPS              ,1.0,1000.0,組   ,1000.0,,,,1.0,LD-9 GPS天線                                                  
1090813GF0000001,LD9VTRXF            ,1.0,7000.0,組   ,2800.0,,,,2.0,LD-9電子式行車記錄器                                                
1090813GF0000001,KMWTV               ,1.0,250.0,各   ,40.0,,,,3.0,鱷魚頭出線                                                       
1090813GF0000001,GS2LM8005           ,2.0,350.0,組   ,140.0,,,,4.0,LM-8005室內燈(水晶)12V                                           
1090813GF0000001,EY                  ,1.0,500.0,次   ,0.0,,,,5.0,工資                                                          
1090818GF0000001,06TIDA5MW2          ,1.0,550.0,組   ,260.0,,,,1.0,06TIDA專用踏墊                                                  
1090818GF0000002,99XGTA1E2           ,1.0,560.0,組   ,300.0,,,,1.0,99菱帥長毛避光墊                                                   
1090819GF0000001,LD9VTRXF            ,1.0,8500.0,組   ,2800.0,,,,1.0,LD-9電子式行車記錄器                                                
1090819GF0000001,WUSWU5TF            ,1.0,2800.0,組   ,900.0,,,,2.0,太陽能胎壓偵測器                                                    
1090819GF0000001,PNSS25              ,1.0,450.0,組   ,170.0,,,,3.0,大功率三孔插座四USB4.8A                                             
1090819GF0000001,RSEN61              ,1.0,550.0,條   ,180.0,,,,4.0,RSEN-61方向盤套                                                 
1090817GF0000001,2TXWSDXU            ,1.0,2000.0,組   ,380.0,,,,1.0,倒車雷達內崁兩眼-禾麟                                                 
1090820GF0000001,PNSCDZX01           ,1.0,250.0,組   ,200.0,,,,1.0,倍思後長USB摺疊風扇-黑色                                              
1091010GF0000001,2XGW                ,2.0,500.0,卷   ,80.0,,,,1.0,鍍洛門邊飾條                                                      
1090824GF0000001,VTRXFV              ,2.0,200.0,組   ,120.0,,,,1.0,行車記錄器線                                                      
1090825GF0000001,N12                 ,1.0,1500.0,組   ,1000.0,,,,1.0,三寶燈                                                         
1090826GF0000001,RV2CRW              ,1.0,2500.0,組   ,600.0,,,,1.0,RV2後鏡頭                                                      
1090826GF0000001,PNSTPC001           ,1.0,200.0,組   ,70.0,,,,2.0,PNS-TPC001夜光停車牌                                             
1090826GF0000002,ZV5G539HNF          ,1.0,3000.0,組   ,1500.0,,,,1.0,發現者F-539測速器                                                 
1090827GF0000001,ID6.5ZUX1           ,1.0,5000.0,組   ,1600.0,,,,1.0,ID 6.5分音喇叭                                                  
1090827GF0000001,6H2EF               ,2.0,300.0,各   ,100.0,,,,2.0,6吋墊高器                                                       
1090804GF0000002,ID12H52U            ,1.0,6500.0,組   ,3800.0,,,,1.0,ID 12吋重低音(藍)                                                
1090804GF0000002,V1                  ,1.0,1000.0,組   ,380.0,,,,2.0,線包                                                          
1090804GF0000002,EY                  ,1.0,1000.0,次   ,0.0,,,,3.0,工資                                                          
1090804GF0000002,AV5VC               ,1.0,500.0,組   ,250.0,,,,4.0,AV轉換器                                                       
1090818GF0000003,ID6HZUX1            ,1.0,5000.0,組   ,1600.0,,,,1.0,ID 6h吋分音啦叭                                                  
1090818GF0000003,6H2EF               ,2.0,300.0,各   ,100.0,,,,2.0,6吋墊高器                                                       
1090828GF0000001,NISSIONYQU          ,5.0,600.0,罐   ,250.0,,,,3.0,NISSION(金色)自排油                                              
1090828GF0000002,V81VTRXF            ,1.0,4000.0,組   ,1091.0,,,,1.0,V81行車記錄器雙眼                                                  
1090828GF0000002,AL5003              ,1.0,350.0,組   ,150.0,,,,2.0,AL-5002車載USB插座                                              
1090828GF0000002,CD-8068USB5R        ,1.0,4300.0,組   ,2800.0,,,,3.0,CD-[車牌]主機                                                
1090828GF0000002,TYPERH4CR           ,1.0,700.0,組   ,170.0,,,,4.0,TYPE-R H4黃金燈泡                                               
1090828GF0000001,XGNRRLC             ,1.0,3000.0,組   ,1600.0,,,,4.0,菱帥三腳架(L後)                                                   
1090828GF0000001,XGZG2Y              ,1.0,3000.0,組   ,1500.0,,,,5.0,菱帥風扇電阻                                                      
1090828GF0000002,4RR2F               ,1.0,150.0,各   ,60.0,,,,5.0,4角繼電器                                                       
1090831GF0000001,GN152EF             ,1.0,90.0,組   ,75.0,,,,1.0,GN-15雨刷頂高器                                                  
1090907GF0000001,X2G0N               ,1.0,750.0,組   ,300.0,,,,1.0,兩點式暗鎖                                                       
1090907GF0000002,13ALTISCVN          ,4.0,600.0,各   ,350.0,,,,1.0,13ALTIS火星塞                                                  
1090907GF0000002,SENFINECOFURFFVR    ,1.0,1800.0,罐   ,400.0,,,,3.0,西德SENFINECO汽油進氣系統清洗劑9921                                    
1090907GF0000002,RWFVR               ,1.0,1000.0,罐   ,350.0,,,,5.0,泡沫事積碳清洗劑                                                    
1090908GF0000001,XFXJALTIS           ,1.0,500.0,各   ,150.0,,,,1.0,冷氣濾網 ALTIS                                                  
1090908GF0000001,EY                  ,1.0,500.0,次   ,0.0,,,,4.0,工資                                                          
1090909GF0000001,RSEN02F             ,1.0,700.0,各   ,400.0,,,,1.0,RSEN安定器                                                     
1090909GF0000001,RSENHID5RF          ,1.0,300.0,各   ,100.0,,,,2.0,RSEN HID轉接器                                                 
1090908GF0000002,KY1055LED5A2        ,1.0,550.0,各   ,270.0,,,,1.0,KY-1055吸鐵 LED行動照明燈                                          
1090912GF0000001,RSENX1              ,1.0,900.0,組   ,160.0,,,,1.0,RSEN喇叭                                                      
1090912GF0000001,GS2LM8005           ,1.0,800.0,組   ,140.0,,,,2.0,LM-8005室內燈(水晶)12V                                           
1090912GF0000001,                    ,0.0,,,,,,,3.0,
1090912GF0000002,MISSIONCVT          ,5.0,600.0,罐   ,230.0,,,,1.0,MISSION CVT-F自排油                                            
1090914GF0000001,AFL283578           ,1.0,250.0,組   ,82.0,,,,1.0,軟條燈2835-78LED                                               
1090914GF0000001,BW2                 ,2.0,100.0,條   ,80.0,,,,2.0,軟條燈                                                         
1090917GF0000001,KR10ZVQW2L          ,2.0,400.0,條   ,180.0,,,,1.0,KA10A方向盤套(2L)                                               
1090921GF0000001,XFXJALTIS           ,1.0,450.0,各   ,150.0,,,,1.0,冷氣濾網 ALTIS                                                  
1090921GF0000001,SENFINCEOXFZVFRR    ,1.0,1000.0,罐   ,350.0,,,,2.0,西德SENFINCEO冷氣風箱清潔劑                                          
1090921GF0000001,XA                  ,1.0,800.0,次   ,350.0,,,,3.0,冷媒                                                          
1090921GF0000002,2TXWJX              ,1.0,700.0,組   ,380.0,,,,1.0,倒車雷達外露                                                      
1090923GF0000001,2TVUJE              ,1.0,2000.0,組   ,450.0,,,,1.0,倒車顯影(外掛)                                                    
1090923GF0000002,A095                ,3.0,350.0,條   ,100.0,,,,1.0,A095方向盤套                                                    
1090923GF0000003,AV5VC               ,1.0,350.0,組   ,150.0,,,,1.0,AV轉換器                                                       
1090925GF0000001,3032YXFTDF          ,1.0,16000.0,次   ,12000.0,,,,4.0,[車牌]全車烤漆                                                 
1090925GF0000001,08ALTISTA1E2        ,1.0,700.0,組   ,300.0,,,,5.0,08ALTIS長毛避光墊                                                
1090925GF0000001,EY                  ,1.0,1200.0,次   ,0.0,,,,6.0,工資                                                          
1090925GF0000001,RSENBEMG14          ,1.0,250.0,支   ,90.0,,,,1.0,RSEN軟骨雨刷 14吋                                                
1090925GF0000001,RSENBEMG26H         ,1.0,450.0,支   ,90.0,,,,2.0,RSEN軟骨雨刷 26吋                                                
1090925GF0000001,08ALTIS5MW2         ,1.0,800.0,組   ,310.0,,,,7.0,08ALTIS專用踏墊                                                 
1090925GF0000001,AH62CCZVQ           ,1.0,600.0,條   ,280.0,,,,8.0,AH-62紅黑方向盤套                                                 
1090925GF0000001,                    ,0.0,,,,,,,9.0,
1090928GF0000001,CS376USB5R          ,1.0,1800.0,組   ,1300.0,,,,1.0,CS-376 USB主機                                                
1091002GF0000001,G2DE                ,1.0,150.0,各   ,0.0,,,,1.0,水滴開關                                                        
1091004GF0000001,LD72UVTRXF          ,1.0,3500.0,組   ,1500.0,,,,1.0,LD-7單眼行車記錄器                                                 
1091005GF0000001,NB1040              ,5.0,500.0,罐   ,200.0,,,,1.0,NB 10/40機油                                                  
1091005GF0000001,RSEMBEMG18          ,1.0,250.0,支   ,90.0,,,,2.0,RSEN軟骨雨刷 18吋                                                
1091005GF0000001,RSENBEMG20          ,1.0,250.0,支   ,90.0,,,,3.0,"RSEN軟骨雨刷 20""                                                "
1091021GF0000001,SIENTAFMT           ,1.0,500.0,組   ,180.0,,,,1.0,SIENTA晴雨窗                                                   
1091010GF0000001,EY                  ,1.0,500.0,次   ,0.0,,,,2.0,工資                                                          
1091010GF0000001,CNQD                ,1.0,300.0,組   ,90.0,,,,3.0,黑色牌框                                                        
1091010GF0000001,ZJTUA               ,1.0,250.0,罐   ,85.0,,,,4.0,防霧除油膜                                                       
1091012GF0000001,A740VTRXF           ,1.0,6000.0,組   ,2500.0,,,,1.0,A-740行車記錄器+GPS                                              
1091012GF0000001,AL5003TY-CU         ,1.0,350.0,組   ,150.0,,,,2.0,AL-5003車載二合一                                                
1091012GF0000001,DAY2F               ,1.0,1000.0,各   ,520.0,,,,3.0,檜木座墊(前)                                                     
1091012GF0000001,PNSE013             ,1.0,250.0,組   ,100.0,,,,4.0,90度Android線頭                                                
1090925GF0000002,5E2Q                ,1.0,1200.0,組   ,0.0,,,,1.0,中古電瓶                                                        
1090925GF0000002,EY                  ,1.0,100.0,次   ,0.0,,,,2.0,工資                                                          
1090925GF0000002,500APRTV            ,1.0,500.0,組   ,250.0,,,,3.0,[車牌]救車線                                                    
1091016GF0000002,RSEN02F             ,2.0,1000.0,各   ,400.0,,,,2.0,RSEN安定器                                                     
1091016GF0000002,H75RY               ,2.0,200.0,各   ,0.0,,,,4.0,H7轉接座                                                       
1091016GF0000002,RSENT105630         ,1.0,400.0,卡   ,120.0,,,,5.0,RSEN T10 5630 10燈                                           
1091016GF0000002,RSENT104014242      ,1.0,400.0,組   ,160.0,,,,6.0,RSEN T10 4014 24燈                                           
1091016GF0000002,EWXLEDXU            ,1.0,2000.0,組   ,750.0,,,,7.0,光太郎 LED黃+白                                                  
1091022GF0000001,OM1882Y             ,1.0,800.0,組   ,500.0,,,,1.0,OM-188底座(日本)                                                
1091022GF0000001,RSENZVQZMOMO        ,1.0,4200.0,支   ,1800.0,,,,2.0,RSEN仿MOMO方向盤                                                
1091023GF0000001,2TXWSDXU            ,1.0,2000.0,組   ,380.0,,,,1.0,倒車雷達內崁兩眼-禾麟                                                 
1091023GF0000001,3M2CM               ,1.0,200.0,捲   ,75.0,,,,2.0,3M膠*2CM                                                     
1110114GF0000003,HK800JGX1           ,1.0,1000.0,組   ,190.0,,,,2.0,HK-800 WRC渦式喇叭                                              
1091026GF0000001,20322T              ,2.0,200.0,各   ,0.0,,,,2.0,2032電池                                                      
1091026GF0000001,SENFINECOFURFFVR    ,1.0,1800.0,罐   ,400.0,,,,5.0,西德SENFINECO汽油進氣系統清洗劑9921                                    
1091026GF0000001,3MCUFFVR            ,1.0,1200.0,罐   ,60.0,,,,6.0,3M化油器清洗劑(8896)                                              
1091027GF0000001,NB1040              ,4.0,500.0,罐   ,200.0,,,,1.0,NB 10/40機油                                                  
1091027GF0000001,AYW3DFV             ,1.0,350.0,各   ,180.0,,,,2.0,馬自達3空氣芯                                                     
1091031GF0000001,DUWU5HF             ,1.0,3500.0,組   ,3000.0,,,,1.0,凱佑胎外胎壓偵測MS850+                                              
1091031GF0000002,VIOS05H165R         ,1.0,6500.0,組   ,4200.0,,,,1.0,VIOS安卓H16主機                                                 
1091102GF0000004,T15303015W          ,1.0,400.0,卡   ,150.0,,,,1.0,T15 3030 15W白光燈泡                                            
1091029GF0000001,DVR212GUVTRXF       ,1.0,2500.0,組   ,1600.0,,,,1.0,DVR-212雙眼行車紀錄器                                              
1091029GF0000001,PNS003              ,1.0,400.0,條   ,190.0,,,,2.0,黑色 真皮方向盤套                                                   
1091013GF0000001,V81VTRXF            ,1.0,2500.0,組   ,1091.0,,,,1.0,V81行車記錄器雙眼                                                  
1091013GF0000002,X1VY                ,1.0,500.0,組   ,0.0,,,,1.0,喇叭線組                                                        
1091015GF0000001,CARDIOCA700.1A      ,1.0,10500.0,組   ,6800.0,,,,1.0,CARDIO CA-700.1A安卓主機                                        
1091015GF0000001,TYPERH4CR           ,1.0,800.0,組   ,170.0,,,,2.0,TYPE-R H4黃金燈泡                                               
1091015GF0000002,7231HEMGAW          ,1.0,2500.0,組   ,1000.0,,,,4.0,[車牌]05菱帥雨刷馬達                                             
1091015GF0000002,7231HEMGXE          ,1.0,3500.0,組   ,1600.0,,,,5.0,[車牌]05菱帥雨刷連桿                                             
1091015GF0000002,RSEMBEMG18          ,1.0,250.0,支   ,90.0,,,,6.0,RSEN軟骨雨刷 18吋                                                
1091015GF0000002,RSENBEMG24H         ,1.0,450.0,支   ,90.0,,,,7.0,RSEN軟骨雨刷 24吋                                                
1091016GF0000001,510Z2F              ,1.0,1000.0,組   ,650.0,,,,1.0,510防盜器                                                      
1091016GF0000002,RSENH78000K         ,2.0,500.0,各   ,150.0,,,,1.0,RSEN h7 8000K 燈泡                                            
1091023GF0000001,RSEN0F2D            ,1.0,200.0,各   ,70.0,,,,3.0,RSEN安全帶扣                                                    
1091023GF0000002,RSENT105SMD         ,1.0,250.0,卡   ,110.0,,,,1.0,RSEN T105 SMD                                               
1091024GF0000001,AV5F2               ,1.0,500.0,組   ,250.0,,,,1.0,AV轉換附啟動                                                     
1091024GF0000001,1VNY                ,1.0,250.0,各   ,100.0,,,,2.0,圓保險絲座                                                       
1091024GF0000001,EY                  ,1.0,1500.0,次   ,0.0,,,,3.0,工資                                                          
1091024GF0000001,AFL283578           ,1.0,500.0,組   ,82.0,,,,4.0,軟條燈2835-78LED                                               
1091024GF0000001,AFL5050FH           ,6.0,550.0,條   ,109.0,,,,5.0,[車牌]12七彩LED                                             
1091024GF0000001,10WISHTA1E2         ,1.0,750.0,組   ,240.0,,,,6.0,10WISH長毛避光墊                                                 
1091024GF0000001,                    ,0.0,,,,,,,8.0,
1091026GF0000001,ESCAPE22YPCUCR      ,4.0,650.0,各   ,280.0,,,,1.0,ESCAPE 22YPC銥合金火星塞                                          
1091109GF0000001,ZERO14VRMG          ,1.0,880.0,支   ,290.0,,,,1.0,ZERO矽膠雨刷14吋                                                 
1091109GF0000001,ZEROVRMG26          ,1.0,1130.0,支   ,415.0,,,,2.0,ZERO 26吋矽膠雨刷                                                
1091109GF0000001,RSENT105SMD         ,1.0,350.0,卡   ,110.0,,,,3.0,RSEN T105 SMD                                               
1091109GF0000001,J00346              ,1.0,400.0,支   ,130.0,,,,4.0,J00346後雨刷 WISH                                              
1091109GF0000001,TYPER9005T1E        ,1.0,1000.0,組   ,170.0,,,,5.0,TYPE-R 9005超白光                                              
1091106GF0000001,CR20252T            ,1.0,100.0,各   ,22.0,,,,2.0,CR-20252電池                                                  
1091111GF0000002,BGGGE               ,1.0,1200.0,各   ,200.0,,,,1.0,1998瑞獅上水管                                                   
1091111GF0000002,EY                  ,1.0,1000.0,次   ,0.0,,,,2.0,工資                                                          
1091111GF0000002,R2GTW1              ,1.0,300.0,各   ,50.0,,,,3.0,堅達煞車踏板                                                      
1091112GF0000001,TURBOH11            ,1.0,2500.0,組   ,1200.0,,,,1.0,TURBO H11 LED燈泡                                             
1091102GF0000002,ZV5Q5VTRXF          ,1.0,3400.0,組   ,1400.0,,,,1.0,發現者Q5行車記錄器                                                  
1091102GF0000002,TC668652XDTY        ,1.0,200.0,組   ,110.0,,,,2.0,TC-668652兩孔插座                                               
1091102GF0000002,PNSXP058            ,1.0,400.0,組   ,150.0,,,,3.0,3.5吋機械手臂式平板手機架                                              
1091102GF0000003,2782VZXW            ,2.0,2300.0,各   ,2000.0,,,,1.0,[車牌]輪胎                                                   
1091102GF0000003,09YARISXXQ          ,1.0,1500.0,各   ,550.0,,,,2.0,09YARIS來令片                                                  
1091102GF0000003,NB1040              ,4.0,450.0,罐   ,200.0,,,,3.0,NB 10/40機油                                                  
1091102GF0000003,ZEROFV1UUR          ,1.0,400.0,罐   ,180.0,,,,4.0,ZERO全效保養汽車精[車牌]                                            
1091102GF0000003,YARISDFV            ,1.0,350.0,各   ,150.0,,,,5.0,YARIS空氣芯                                                    
1091102GF0000003,ZWUV                ,1.0,100.0,各   ,40.0,,,,6.0,豐田油芯                                                        
1091103GF0000001,2TXWJX              ,1.0,700.0,組   ,380.0,,,,1.0,倒車雷達外露                                                      
1091113GF0000002,929TX               ,1.0,100.0,罐   ,40.0,,,,3.0,929粗蠟                                                       
1091113GF0000002,ID8H52UU            ,1.0,5000.0,組   ,3500.0,,,,4.0,ID 8吋重低音                                                    
1091113GF0000002,V1                  ,1.0,1000.0,組   ,400.0,,,,6.0,線包                                                          
1091113GF0000002,AV5VC               ,1.0,500.0,組   ,150.0,,,,7.0,AV轉換器                                                       
1091114GF0000001,CARDIOCA700.1A      ,1.0,10500.0,組   ,6800.0,,,,1.0,CARDIO CA-700.1A安卓主機                                        
1091114GF0000001,AH62CCZVQ           ,1.0,650.0,條   ,280.0,,,,2.0,AH-62紅黑方向盤套                                                 
1091113GF0000003,XW2J                ,1.0,600.0,次   ,400.0,,,,1.0,輪胎定位                                                        
1091113GF0000003,EAXC2E              ,1.0,1000.0,組   ,800.0,,,,2.0,冠美麗後惰桿                                                      
1091113GF0000002,EY                  ,1.0,1000.0,次   ,500.0,,,,9.0,工資                                                          
1091113GF0000002,ABROTA1CQX          ,1.0,350.0,罐   ,130.0,,,,11.0,ABRO車身保護噴蠟                                                  
1091121GF0000001,EY                  ,1.0,1000.0,次   ,0.0,,,,4.0,工資                                                          
1091121GF0000001,TYPERH3CR2Q         ,1.0,1000.0,組   ,170.0,,,,5.0,TYPE-R H3黃金燈泡                                               
1091121GF0000001,KNOSR               ,1.0,600.0,片   ,350.0,,,,6.0,KNOS鏡                                                       
1091114GF0000002,09IS250TA1E2        ,1.0,800.0,組   ,300.0,,,,5.0,09 IS-250長毛避光墊                                              
1091125GF0000001,7003J25R            ,1.0,1500.0,組   ,600.0,,,,1.0,[車牌]無碟主機                                                 
1091125GF0000002,7003J25R            ,1.0,1600.0,組   ,600.0,,,,1.0,[車牌]無碟主機                                                 
1091125GF0000003,USBW                ,1.0,500.0,條   ,0.0,,,,2.0,USB頭                                                        
1091126GF0000001,302DTV              ,1.0,450.0,組   ,100.0,,,,1.0,302快充線                                                      
1091126GF0000001,LC3.1USB2U1         ,1.0,450.0,組   ,180.0,,,,2.0,LC3.1A雙USB+電壓表                                              
1091125GF0000003,MP35CG              ,1.0,1000.0,組   ,480.0,,,,3.0,MP3轉換器                                                      
1091105GF0000001,2TVUJE              ,1.0,1500.0,組   ,450.0,,,,1.0,倒車顯影(外掛)                                                    
1091105GF0000002,V81VTRXF            ,1.0,2500.0,組   ,1091.0,,,,1.0,V81行車記錄器雙眼                                                  
1091106GF0000001,3D1F1               ,1.0,200.0,支   ,110.0,,,,1.0,3D補漆筆                                                       
1091111GF0000002,UX0GVR              ,1.0,500.0,罐   ,80.0,,,,4.0,亞力安水箱精                                                      
1091112GF0000002,VZVW                ,1.0,800.0,組   ,500.0,,,,1.0,先鋒線頭                                                        
1091112GF0000002,A15BV2              ,2.0,650.0,各   ,240.0,,,,2.0,A-15日型燈                                                     
1091112GF0000002,GS2LM8005           ,2.0,450.0,組   ,140.0,,,,3.0,LM-8005室內燈(水晶)12V                                           
1091113GF0000001,LD9VTRXF            ,1.0,5000.0,組   ,2800.0,,,,1.0,LD-9電子式行車記錄器                                                
1091113GF0000002,CLA45CVZFE          ,1.0,11200.0,組   ,6200.0,,,,1.0,CLA45後下防傾桿                                                  
1091113GF0000002,ZEROAMN+RFC         ,1.0,850.0,罐   ,320.0,,,,2.0,ZERO鉬元素+噴油嘴除扣劑                                              
1091201GF0000002,EX0085JC            ,1.0,500.0,組   ,250.0,,,,2.0,EX-008置物盒                                                   
1091201GF0000003,V81VTRXF            ,1.0,2500.0,組   ,1091.0,,,,1.0,V81行車記錄器雙眼                                                  
1091203GF0000001,NB1040              ,4.0,500.0,罐   ,200.0,,,,1.0,NB 10/40機油                                                  
1091203GF0000001,ALTISDFV            ,1.0,350.0,各   ,100.0,,,,2.0,ALTIS空氣芯                                                    
1091203GF0000001,T10552              ,2.0,50.0,各   ,1.0,,,,3.0,T10中炸彈                                                      
1091203GF0000002,10WISHTA1E2         ,1.0,650.0,組   ,210.0,,,,1.0,10WISH長毛避光墊                                                 
1091203GF0000002,106USB6.1A          ,1.0,380.0,組   ,220.0,,,,2.0,106 6.1AUSB插頭                                               
1091203GF0000002,10WISHFMT           ,1.0,450.0,組   ,160.0,,,,3.0,10WISH晴雨窗                                                   
1091204GF0000001,G1RCVN              ,4.0,450.0,各   ,220.0,,,,1.0,雙白金火星塞                                                      
1091204GF0000001,XG2CVF              ,2.0,2750.0,組   ,1300.0,,,,2.0,菱帥點火線圈                                                      
1091114GF0000001,Z2FX1               ,1.0,850.0,組   ,120.0,,,,3.0,防盜器喇叭                                                       
1091113GF0000002,CLA250CZFE2E        ,1.0,1000.0,次   ,500.0,,,,10.0,CLA250防傾桿(後)工資                                              
1091114GF0000002,S24VTRXF            ,1.0,4000.0,組   ,2100.0,,,,1.0,聲寶S-24S行車記錄器+GPS                                            
1091114GF0000002,1MT5D               ,1.0,2000.0,組   ,1040.0,,,,2.0,白雲防水車罩-C D                                                  
1091114GF0000002,V189005             ,1.0,3500.0,組   ,1700.0,,,,3.0,18 [車牌]大燈                                               
1091114GF0000002,V05822CMR           ,1.0,350.0,罐   ,150.0,,,,4.0,V-058大燈還原劑                                                  
1091118GF0000001,H16059H5R           ,1.0,5000.0,組   ,4000.0,,,,1.0,H16-9吋安卓主機                                                  
1091121GF0000001,02EAXXFXJ           ,1.0,800.0,各   ,400.0,,,,1.0,02冠美麗冷氣濾網                                                   
1091121GF0000001,TYPERH7CR2Q         ,1.0,1000.0,組   ,170.0,,,,2.0,TYPE-R H7黃金燈泡                                               
1091121GF0000001,RSENT105630         ,1.0,400.0,卡   ,120.0,,,,3.0,RSEN T10 5630 10燈                                           
1091126GF0000002,W2XEUA              ,1.0,400.0,各   ,230.0,,,,1.0,特多龍汽車隔音棉                                                    
1091127GF0000001,NB1040              ,5.0,500.0,罐   ,200.0,,,,1.0,NB 10/40機油                                                  
1091127GF0000001,ALTISDFV            ,1.0,350.0,各   ,100.0,,,,2.0,ALTIS空氣芯                                                    
1091127GF0000001,XFXJALTIS           ,1.0,450.0,各   ,150.0,,,,3.0,冷氣濾網 ALTIS                                                  
1091127GF0000001,WISHUV              ,1.0,250.0,各   ,65.0,,,,4.0,WISH油芯                                                      
1091130GF0000001,19RAV4QCE           ,1.0,3000.0,組   ,2600.0,,,,1.0,19RAV4平衡桿                                                   
1091130GF0000002,RSEND28000K         ,1.0,1500.0,各   ,250.0,,,,1.0,RSEN D2 8000K燈泡                                             
1091126GF0000003,EY                  ,1.0,350.0,次   ,0.0,,,,1.0,工資                                                          
1091126GF0000003,ZEROAMN+RFC         ,1.0,850.0,罐   ,320.0,,,,2.0,ZERO鉬元素+噴油嘴除扣劑                                              
1091126GF0000003,9080GAR             ,2.0,100.0,張   ,30.0,,,,3.0,NO-90803M雙面膠                                                
1091130GF0000002,RSEND48000K         ,1.0,1500.0,各   ,500.0,,,,2.0,RSEN D4 8000K燈泡                                             
1091130GF0000002,AL5003TY-CU         ,1.0,350.0,組   ,150.0,,,,3.0,AL-5003車載二合一                                                
1091130GF0000002,NOIDNRMG18          ,1.0,300.0,支   ,100.0,,,,4.0,NOID三節雨刷 18吋                                                
1091130GF0000002,NOIDNRMG24          ,1.0,400.0,支   ,100.0,,,,5.0,NOID三節雨刷 24吋                                                
1091130GF0000002,AFL283578           ,1.0,500.0,組   ,82.0,,,,6.0,軟條燈2835-78LED                                               
1091130GF0000002,RSENHID5RF          ,1.0,300.0,各   ,100.0,,,,7.0,RSEN HID轉接器                                                 
1091130GF0000002,                    ,0.0,,,,,,,8.0,
1091201GF0000001,A12XDIYGW           ,1.0,550.0,組   ,220.0,,,,1.0,門邊鍍洛DIY飾條                                                   
1091201GF0000001,EY                  ,1.0,1450.0,次   ,0.0,,,,2.0,工資                                                          
1091201GF0000002,CS3008XU5R          ,1.0,3000.0,組   ,1800.0,,,,1.0,CS-3008藍芽主機                                                 
1091204GF0000001,XGEUVF              ,1.0,1050.0,組   ,800.0,,,,3.0,菱帥高壓線圈                                                      
1091204GF0000001,XGFAWQ              ,1.0,2350.0,組   ,1250.0,,,,4.0,菱帥汽門墊片                                                      
1091204GF0000001,EY                  ,1.0,1300.0,次   ,0.0,,,,5.0,工資                                                          
1091204GF0000001,SENFINECOFURFFVR    ,1.0,1500.0,罐   ,400.0,,,,6.0,西德SENFINECO汽油進氣系統清洗劑9921                                    
1091204GF0000001,                    ,0.0,,,,,,,7.0,
1091205GF0000001,V81VTRXF            ,1.0,3800.0,組   ,1091.0,,,,1.0,V81行車記錄器雙眼                                                  
1091205GF0000002,7003J25R            ,1.0,1500.0,組   ,600.0,,,,1.0,[車牌]無碟主機                                                 
1091205GF0000002,EX0085JC            ,1.0,350.0,組   ,250.0,,,,2.0,EX-008置物盒                                                   
1091207GF0000001,2TVUJE              ,1.0,2500.0,組   ,450.0,,,,1.0,倒車顯影(外掛)                                                    
1091207GF0000001,NOIDNRMG24          ,1.0,400.0,支   ,100.0,,,,2.0,NOID三節雨刷 24吋                                                
1091207GF0000001,NOIDNRMG14          ,1.0,250.0,支   ,100.0,,,,3.0,NOID三節雨刷 14吋                                                
1091207GF0000001,ZJTUA               ,1.0,300.0,罐   ,85.0,,,,4.0,防霧除油膜                                                       
1091209GF0000001,7003J25R            ,1.0,2300.0,組   ,600.0,,,,1.0,[車牌]無碟主機                                                 
1091209GF0000001,RSENZVQ             ,1.0,2000.0,支   ,650.0,,,,2.0,RSEN方向盤                                                     
1091209GF0000001,M1VLY               ,1.0,1000.0,組   ,450.0,,,,3.0,M1方向盤底座                                                     
1091209GF0000001,HK902DUX1           ,1.0,1400.0,組   ,260.0,,,,4.0,HK-902快音喇叭 WRC                                              
1091209GF0000001,BB906               ,1.0,100.0,張   ,33.0,,,,5.0,割字新手駕駛                                                      
1091209GF0000002,V81GUVTRXFF         ,1.0,2300.0,組   ,1000.0,,,,1.0,V81雙眼行車記錄器(前)                                               
1091209GF0000003,LK1VTRXF            ,1.0,2000.0,組   ,1000.0,,,,1.0,LK-1行車記錄器                                                   
1091209GF0000003,NOIDNRMG16          ,1.0,250.0,支   ,100.0,,,,2.0,NOID三節雨刷 16吋                                                
1091224GF0000002,0390XW              ,2.0,2500.0,各   ,2250.0,,,,1.0,195R/55/15輪胎                                                
1091224GF0000002,NB1040              ,4.0,500.0,罐   ,200.0,,,,2.0,NB 10/40機油                                                  
1091224GF0000002,SWIFEDFV            ,1.0,300.0,各   ,150.0,,,,3.0,SWIFE空氣芯                                                    
1091224GF0000002,SWIFEXFXJ           ,1.0,450.0,各   ,200.0,,,,4.0,SWIFE冷氣濾網                                                   
1091224GF0000002,ZEROFV1UUR          ,1.0,400.0,罐   ,180.0,,,,6.0,ZERO全效保養汽車精[車牌]                                            
1091224GF0000002,SWIFERUV            ,1.0,100.0,各   ,40.0,,,,7.0,SWIFE機油芯                                                    
1091224GF0000002,CARMATERUR          ,1.0,550.0,罐   ,300.0,,,,8.0,CARMATE機油精                                                  
1091224GF0000002,                    ,0.0,,,,,,,9.0,
1091224GF0000003,SAXO1040            ,4.0,350.0,罐   ,110.0,,,,1.0,SAXO 10W/40機油                                               
1091224GF0000003,ZWUV                ,1.0,100.0,各   ,40.0,,,,2.0,豐田油芯                                                        
1091218GF0000002,2UW                 ,1.0,150.0,組   ,0.0,,,,1.0,點菸頭出現                                                       
1091218GF0000003,V2V1JFMT            ,2.0,850.0,組   ,350.0,,,,1.0,現代小霸王晴雨窗                                                    
1091221GF0000001,V81VTRXF            ,1.0,2500.0,組   ,1091.0,,,,1.0,V81行車記錄器雙眼                                                  
1091222GF0000001,PCBCT2B             ,1.0,700.0,組   ,450.0,,,,1.0,PCB 38mm緩衝墊                                                 
1091222GF0000002,LD9GPS              ,1.0,1000.0,組   ,1000.0,,,,1.0,LD-9 GPS天線                                                  
1091222GF0000002,LD9VTRXF            ,1.0,6800.0,組   ,2800.0,,,,2.0,LD-9電子式行車記錄器                                                
1091224GF0000001,CS3008XU5R          ,1.0,3300.0,組   ,1800.0,,,,1.0,CS-3008藍芽主機                                                 
1091217GF0000001,06EAXTA1E2          ,2.0,450.0,組   ,210.0,,,,1.0,06冠美麗長毛避光墊                                                  
1091217GF0000001,10WISHTA1E2         ,1.0,650.0,組   ,210.0,,,,2.0,10WISH長毛避光墊                                                 
1100104GF0000001,TURBOH11            ,1.0,2500.0,組   ,1200.0,,,,1.0,TURBO H11 LED燈泡                                             
1100102GF0000001,EY                  ,1.0,500.0,次   ,0.0,,,,5.0,工資                                                          
1100102GF0000001,NOID24GS2           ,1.0,500.0,組   ,200.0,,,,6.0,NOID-01 24SMD室內燈                                            
1100102GF0000001,RSENT20352RA2V      ,1.0,750.0,組   ,280.0,,,,7.0,RSEN T20 S35解碼單芯                                            
1100104GF0000001,RSENT105R22U        ,1.0,300.0,卡   ,110.0,,,,2.0,RSEN T10 5晶定電壓二極體                                           
1100105GF0000001,TN20T12U            ,1.0,9000.0,組   ,3400.0,,,,1.0,TN-20AXB超薄低音                                                
1100105GF0000002,AFL283578           ,1.0,200.0,組   ,82.0,,,,1.0,軟條燈2835-78LED                                               
1100105GF0000001,CLA250055R          ,1.0,35000.0,組   ,23000.0,,,,2.0,CLA-250安卓主機                                                 
1100105GF0000003,TBD1251NVJV         ,1.0,33000.0,次   ,23000.0,,,,1.0,TBD-125變速箱維修                                                
1100106GF0000001,XW2J                ,1.0,600.0,次   ,400.0,,,,1.0,輪胎定位                                                        
1100107GF0000001,HK800JGX1           ,1.0,600.0,組   ,190.0,,,,1.0,HK-800 WRC渦式喇叭                                              
1091225GF0000004,PNSSUN007           ,1.0,300.0,組   ,90.0,,,,9.0,車窗遮陽防蚊罩                                                     
1091226GF0000001,G2VY                ,1.0,400.0,組   ,180.0,,,,1.0,水滴線組                                                        
1091226GF0000001,A6ZVBV2             ,2.0,950.0,各   ,400.0,,,,2.0,A-6方形日行燈                                                    
1091228GF0000002,ID5*7X1             ,1.0,4000.0,組   ,900.0,,,,1.0,ID5*7喇叭                                                     
1091228GF0000002,SL221WV             ,1.0,800.0,組   ,350.0,,,,2.0,SL-221天線                                                    
1091228GF0000002,PS255R2W            ,2.0,200.0,組   ,78.0,,,,3.0,PS-255靜電貼                                                   
1091229GF0000001,SAXO1040            ,5.0,350.0,罐   ,110.0,,,,1.0,SAXO 10W/40機油                                               
1091229GF0000001,MISSIONCVT          ,4.0,600.0,罐   ,230.0,,,,2.0,MISSION CVT-F自排油                                            
1091230GF0000001,1276THDF            ,1.0,30000.0,次   ,20000.0,,,,1.0,[車牌] WISH烤漆                                              
1091228GF0000001,2TXWSDXU            ,2.0,750.0,組   ,380.0,,,,1.0,倒車雷達內崁兩眼-禾麟                                                 
1091209GF0000003,NOIDNRMG24          ,1.0,350.0,支   ,100.0,,,,3.0,NOID三節雨刷 24吋                                                
1091209GF0000004,AET20GV             ,1.0,140.0,各   ,27.0,,,,1.0,美規T20雙芯                                                     
1091210GF0000001,EX0085JC            ,1.0,400.0,組   ,250.0,,,,1.0,EX-008置物盒                                                   
1091212GF0000001,ABQ0029XW           ,4.0,2000.0,各   ,2000.0,,,,1.0,[車牌]輪胎                                                  
1091212GF0000002,A10BV2              ,2.0,999.0,各   ,450.0,,,,1.0,A-10日型燈                                                     
1091212GF0000003,1086.1ATY           ,1.0,380.0,組   ,0.0,,,,1.0,108 6.1A四孔插座                                                
1091216GF0000001,ZEROFV1UUR          ,2.0,400.0,罐   ,180.0,,,,1.0,ZERO全效保養汽車精[車牌]                                            
1091216GF0000001,05AY23F1EWZJ        ,1.0,850.0,組   ,350.0,,,,2.0,05馬自達3前保桿通風網                                                
1091216GF0000001,05AY23GV            ,1.0,6500.0,組   ,1800.0,,,,3.0,05馬自達3水箱                                                    
1091216GF0000001,05AYW3F1E           ,1.0,2500.0,組   ,900.0,,,,4.0,05馬自達3前保桿                                                   
1091229GF0000001,CARGTUV             ,1.0,150.0,罐   ,75.0,,,,5.0,CAR煞車油(小)                                                   
1091229GF0000001,RSENGVR             ,1.0,500.0,罐   ,80.0,,,,6.0,RSEN水箱精                                                     
1091229GF0000001,NXUR                ,1.0,150.0,各   ,40.0,,,,7.0,三菱油芯                                                        
1091227GF0000001,CROSSQPS01T2R       ,1.0,3800.0,各   ,3360.0,,,,1.0,CROSS QPS-01車頂架                                             
1091229GF0000003,ID6HZUX1            ,1.0,6000.0,組   ,1500.0,,,,1.0,ID 6K分音喇叭                                                   
1091229GF0000003,SP702               ,1.0,150.0,罐   ,100.0,,,,2.0,SP-702電動窗潤滑劑                                                
1091229GF0000003,SMD60LED            ,1.0,700.0,各   ,150.0,,,,3.0,SMD 60 LED燈條                                                
1091229GF0000004,NB1040              ,4.0,500.0,罐   ,200.0,,,,1.0,NB 10/40機油                                                  
1091229GF0000004,ZWUV                ,1.0,100.0,各   ,40.0,,,,2.0,豐田油芯                                                        
1091229GF0000004,ALTISDFV            ,1.0,400.0,各   ,100.0,,,,3.0,ALTIS空氣芯                                                    
1091229GF0000004,ABROUFFVR           ,1.0,400.0,罐   ,95.0,,,,4.0,ABRO引擎清洗劑                                                   
1091229GF0000004,7609QFE             ,1.0,1300.0,組   ,450.0,,,,5.0,7609排氣管                                                     
1091229GF0000004,EY                  ,1.0,600.0,次   ,0.0,,,,6.0,工資                                                          
1091229GF0000004,ABROQGUR            ,1.0,400.0,罐   ,90.0,,,,7.0,ABRO噴射油精                                                    
1091226GF0000002,ZV5X8D              ,1.0,5500.0,組   ,3800.0,,,,1.0,發現者X8D行車記錄器                                                 
1091230GF0000001,RSEN02F             ,1.0,1200.0,各   ,400.0,,,,2.0,RSEN安定器                                                     
1100102GF0000001,RSENT104014242      ,1.0,450.0,組   ,160.0,,,,1.0,RSEN T10 4014 24燈                                           
1100102GF0000001,RSENT105630         ,2.0,400.0,卡   ,120.0,,,,2.0,RSEN T10 5630 10燈                                           
1100102GF0000001,TYPERH4CR           ,1.0,1000.0,組   ,170.0,,,,3.0,TYPE-R H4黃金燈泡                                               
1100107GF0000002,7003J25R            ,1.0,2800.0,組   ,600.0,,,,1.0,[車牌]無碟主機                                                 
1100107GF0000002,2XDC2S1RC           ,1.0,450.0,各   ,250.0,,,,2.0,得利卡(R)後檔泥板                                                  
1100107GF0000002,GXGWV               ,1.0,350.0,組   ,150.0,,,,3.0,手拉式天線                                                       
1100107GF0000002,WVXRV               ,1.0,450.0,條   ,150.0,,,,4.0,天線連結線                                                       
1100107GF0000002,EY                  ,1.0,250.0,次   ,0.0,,,,5.0,工資                                                          
1100107GF0000002,                    ,0.0,,,,,,,6.0,
1100105GF0000003,UFRV                ,1.0,2000.0,次   ,0.0,,,,2.0,引擎檢修                                                        
1100108GF0000001,V81VTRXF            ,2.0,2500.0,組   ,1091.0,,,,1.0,V81行車記錄器雙眼                                                  
1100108GF0000002,TYPERH11CR2Q        ,1.0,1000.0,組   ,170.0,,,,2.0,TYPE-R H11黃金燈泡                                              
1100108GF0000002,AFL283578           ,2.0,300.0,組   ,82.0,,,,3.0,軟條燈2835-78LED                                               
1100108GF0000002,LD9VTRXF            ,1.0,7000.0,組   ,3000.0,,,,8.0,LD-9電子式行車記錄器                                                
1100108GF0000002,EY                  ,1.0,200.0,次   ,0.0,,,,4.0,工資                                                          
1100108GF0000002,RSENT104014242      ,1.0,450.0,組   ,160.0,,,,5.0,RSEN T10 4014 24燈                                           
1100108GF0000002,KMWTV               ,1.0,200.0,各   ,40.0,,,,7.0,鱷魚頭出線                                                       
1100108GF0000002,16U6NQFMT           ,1.0,1300.0,組   ,600.0,,,,9.0,16U6(四片)晴雨窗                                                 
1100108GF0000002,PNSAHY295           ,1.0,500.0,組   ,160.0,,,,10.0,電子式煙灰缸                                                      
1100109GF0000001,NB1040              ,4.0,500.0,罐   ,200.0,,,,1.0,NB 10/40機油                                                  
1100109GF0000001,ELANTRDFV           ,1.0,450.0,各   ,250.0,,,,2.0,ELANTR空氣芯                                                   
1100109GF0000001,RSENGVR             ,1.0,200.0,罐   ,80.0,,,,3.0,RSEN水箱精                                                     
1100109GF0000001,POSEN22H            ,1.0,300.0,組   ,70.0,,,,4.0,POSEN 22吋雨刷                                                 
1100109GF0000001,RSENUE14H           ,1.0,200.0,支   ,70.0,,,,5.0,RSEN14吋硬骨雨刷                                                 
1091225GF0000002,16322T              ,4.0,200.0,各   ,25.0,,,,4.0,1632電池                                                      
1091225GF0000002,EY                  ,1.0,200.0,次   ,0.0,,,,5.0,工資                                                          
1091225GF0000003,RSEN56ZVQW          ,1.0,550.0,條   ,250.0,,,,1.0,RSEN-56牛皮方向盤套                                               
1091225GF0000004,EX0085JC            ,1.0,500.0,組   ,250.0,,,,2.0,EX-008置物盒                                                   
1091225GF0000004,LD9VTRXF            ,1.0,7500.0,組   ,3000.0,,,,4.0,LD-9電子式行車記錄器                                                
1091225GF0000004,2UFY4.8A            ,1.0,150.0,組   ,290.0,,,,6.0,點煙座 4.8A 12V                                                
1091225GF0000004,7003J25R            ,1.0,2800.0,組   ,600.0,,,,7.0,[車牌]無碟主機                                                 
1091225GF0000004,TYPERH4CR           ,1.0,900.0,組   ,170.0,,,,8.0,TYPE-R H4黃金燈泡                                               
1091229GF0000001,SAMGR               ,1.0,100.0,罐   ,45.0,,,,3.0,奈米雨刷精                                                       
1091229GF0000001,ABROUFFVR           ,1.0,350.0,罐   ,95.0,,,,4.0,ABRO引擎清洗劑                                                   
1100112GF0000001,EY                  ,1.0,1000.0,次   ,0.0,,,,2.0,工資                                                          
1100112GF0000001,5SR                 ,1.0,200.0,各   ,60.0,,,,3.0,助黏劑                                                         
1100113GF0000001,V81VTRXF            ,1.0,4000.0,組   ,1091.0,,,,1.0,V81行車記錄器雙眼                                                  
1100113GF0000002,NB1040              ,4.0,500.0,罐   ,200.0,,,,1.0,NB 10/40機油                                                  
1100113GF0000002,AYW3DFV             ,1.0,350.0,各   ,180.0,,,,2.0,馬自達3空氣芯                                                     
1100113GF0000002,12FVRU5XR           ,1.0,450.0,罐   ,100.0,,,,3.0,八大全效機油精                                                     
1100113GF0000002,ABROQGUR            ,1.0,400.0,罐   ,90.0,,,,4.0,ABRO噴射油精                                                    
1100113GF0000002,EY                  ,1.0,300.0,次   ,0.0,,,,5.0,工資                                                          
1100113GF0000002,MISSIONYQU          ,4.0,600.0,罐   ,230.0,,,,6.0,MISSIOM自排油                                                  
1100113GF0000002,RSCUV               ,1.0,100.0,各   ,40.0,,,,7.0,嘉年華油芯                                                       
1100109GF0000001,SENFINECOFURFFVR    ,1.0,1800.0,罐   ,400.0,,,,6.0,西德SENFINECO汽油進氣系統清洗劑9921                                    
1100109GF0000001,XGRUV               ,1.0,100.0,各   ,40.0,,,,7.0,菱帥機油芯                                                       
1100109GF0000002,GARMIN530VTRXF      ,1.0,4000.0,組   ,2900.0,,,,1.0,GARMIN 530行車記錄器                                             
1100109GF0000003,3DWMZGHJL           ,1.0,700.0,各   ,320.0,,,,1.0,3D通用防水通用防水槽 [車牌]                                          
1100111GF0000001,RSENH18000K2Q       ,1.0,800.0,各   ,150.0,,,,1.0,RSEN H1 8000K燈泡                                             
1100111GF0000001,RSEN02F             ,1.0,1000.0,各   ,400.0,,,,2.0,RSEN安定器                                                     
1100111GF0000001,RSENHIDRAF          ,1.0,500.0,各   ,250.0,,,,3.0,RSEN HID解碼器                                                 
1100111GF0000002,WUSWU5TF            ,1.0,2575.0,組   ,900.0,,,,1.0,太陽能胎壓偵測器                                                    
1100111GF0000003,180GNQUW            ,1.0,4200.0,組   ,2900.0,,,,1.0,180雙色皮椅套                                                    
1100112GF0000001,DH26TGGW            ,1.0,800.0,組   ,290.0,,,,4.0,DH-26 1.2車身飾條                                               
1091224GF0000003,ALTISDFV            ,1.0,400.0,各   ,100.0,,,,3.0,ALTIS空氣芯                                                    
1091224GF0000003,OBLRUR              ,1.0,500.0,罐   ,300.0,,,,4.0,OBL機油精                                                      
1091224GF0000003,ABROQGUR            ,1.0,400.0,罐   ,90.0,,,,5.0,ABRO噴射油精                                                    
1091224GF0000003,MISSIONCVT          ,4.0,550.0,罐   ,230.0,,,,6.0,MISSION CVT-F自排油                                            
1091225GF0000001,ZV5G539HNF          ,1.0,2900.0,組   ,1500.0,,,,1.0,發現者F-539測速器                                                 
1091225GF0000001,PNSS25              ,1.0,200.0,組   ,170.0,,,,2.0,大功率三孔插座四USB4.8A                                             
1091225GF0000001,ACP300XR            ,1.0,400.0,各   ,250.0,,,,3.0,ACP-300藍鏡                                                   
1091225GF0000002,ABROTA1CQX          ,1.0,350.0,罐   ,130.0,,,,1.0,ABRO車身保護噴蠟                                                  
1091225GF0000002,B6002DX.ABH1        ,1.0,550.0,各   ,300.0,,,,2.0,B6002可力優美容磁土布                                               
1091225GF0000002,VBDXEX              ,1.0,100.0,罐   ,55.0,,,,3.0,向日葵橘油亮光蠟  [車牌]                                             
1100114GF0000003,LD7GVVTRXF          ,1.0,5200.0,組   ,2100.0,,,,1.0,LD-7雙眼行車記錄器                                                 
1100114GF0000003,VBDVATX             ,1.0,150.0,罐   ,65.0,,,,2.0,向日葵細目粗蠟                                                     
1100115GF0000001,GARMINDRIVE52       ,1.0,4000.0,組   ,3450.0,,,,1.0,GARMIN DRIVE 52導航                                           
1100115GF0000001,HDR2UVTRXF          ,1.0,2800.0,組   ,1500.0,,,,2.0,HDR單眼行車記錄器                                                  
1100115GF0000001,YH6629              ,1.0,350.0,組   ,130.0,,,,3.0,TYPER掛式面紙盒6629                                              
1100115GF0000001,PNSF6037TY          ,1.0,200.0,組   ,120.0,,,,4.0,PNS-F6037三孔插座                                               
1100115GF0000002,AFL283578           ,1.0,200.0,組   ,82.0,,,,1.0,軟條燈2835-78LED                                               
1100116GF0000001,APPUD5D             ,1.0,1500.0,組   ,300.0,,,,1.0,APP遙控中控                                                     
1100116GF0000002,7003J25R            ,1.0,2800.0,組   ,600.0,,,,1.0,[車牌]無碟主機                                                 
1100117GF0000001,YH680               ,1.0,3700.0,組   ,2600.0,,,,1.0,YH-680全功能電力公司                                               
1100119GF0000002,EY                  ,1.0,1000.0,次   ,0.0,,,,4.0,工資                                                          
1100119GF0000002,XFXJALTIS           ,1.0,450.0,各   ,150.0,,,,5.0,冷氣濾網 ALTIS                                                  
1100119GF0000002,STPRU5XR            ,1.0,450.0,罐   ,150.0,,,,6.0,STP機油止漏劑                                                    
1100119GF0000002,XW1E                ,1.0,200.0,次   ,0.0,,,,7.0,輪胎補胎                                                        
1100121GF0000001,2TX2NU              ,1.0,1250.0,組   ,580.0,,,,1.0,倒車雷達(四眼)崁入                                                  
1100122GF0000001,S24VTRXF            ,1.0,3400.0,組   ,2100.0,,,,1.0,聲寶S-24S行車記錄器+GPS                                            
1100123GF0000002,10HJV5R             ,1.0,13500.0,組   ,10000.0,,,,1.0,10吋萬象主機                                                     
1100123GF0000002,LD9VTRXF            ,1.0,7000.0,組   ,3000.0,,,,2.0,LD-9電子式行車記錄器                                                
1100123GF0000002,2TVUJE              ,1.0,2500.0,組   ,450.0,,,,3.0,倒車顯影(外掛)                                                    
1100123GF0000001,V81GUVTRXFC         ,2.0,500.0,組   ,200.0,,,,1.0,V81雙眼行車記錄器(後)                                               
1100113GF0000003,NB1040              ,4.0,500.0,罐   ,200.0,,,,1.0,NB 10/40機油                                                  
1100113GF0000003,SAXOQUYFRR          ,1.0,350.0,罐   ,80.0,,,,2.0,SAXO噴油嘴清潔劑                                                  
1100114GF0000001,EY                  ,1.0,300.0,次   ,0.0,,,,1.0,工資                                                          
1100114GF0000001,ZWUV                ,1.0,100.0,各   ,40.0,,,,2.0,豐田油芯                                                        
1100114GF0000001,ABRO5XX             ,1.0,300.0,罐   ,110.0,,,,3.0,ABRO棕梠蠟                                                     
1100114GF0000001,VBD2XAF             ,1.0,100.0,組   ,50.0,,,,4.0,向日葵打蠟棉球                                                     
1100114GF0000001,MISSION3YQU         ,4.0,350.0,罐   ,100.0,,,,5.0,MISSION-3自排油                                                
1100114GF0000001,VUDFV               ,1.0,350.0,各   ,150.0,,,,6.0,雄鷹空氣芯                                                       
1100114GF0000001,                    ,0.0,,,,,,,7.0,
1100114GF0000002,R25FQUW             ,1.0,3000.0,組   ,1950.0,,,,1.0,2019堅達(五期)皮椅套                                               
1100116GF0000002,PNSS23TY            ,1.0,300.0,組   ,120.0,,,,2.0,車用單孔插座+雙USB                                                 
1100116GF0000002,2MT                 ,10.0,20.0,各   ,0.0,,,,3.0,電源夾(小)                                                      
1100118GF0000001,01ALTISTA1E2        ,1.0,450.0,組   ,210.0,,,,1.0,01-06ALTIS長毛避光墊                                             
1100119GF0000001,                    ,0.0,,,,,,,8.0,
1100119GF0000001,3MR1CM              ,1.0,200.0,卷   ,55.0,,,,3.0,3M膠*1CM                                                     
1100119GF0000001,EY                  ,1.0,1000.0,次   ,0.0,,,,4.0,工資                                                          
1100119GF0000001,DH26TGGW            ,1.0,800.0,組   ,290.0,,,,6.0,DH-26 1.2車身飾條                                               
1100119GF0000002,NB1040              ,4.0,450.0,罐   ,200.0,,,,1.0,NB 10/40機油                                                  
1100119GF0000002,ZWUV                ,1.0,100.0,各   ,40.0,,,,2.0,豐田油芯                                                        
1100119GF0000002,YARISDFV            ,1.0,350.0,各   ,150.0,,,,3.0,YARIS空氣芯                                                    
1100123GF0000002,RSENT105630         ,1.0,400.0,卡   ,120.0,,,,4.0,RSEN T10 5630 10燈                                           
1100123GF0000002,GS2LM8005           ,1.0,700.0,組   ,140.0,,,,5.0,LM-8005室內燈(水晶)12V                                           
1100123GF0000002,CY908GGTW           ,2.0,100.0,五   ,60.0,,,,6.0,Cy-908手煞車套                                                  
1100123GF0000002,LD9VTRXFUTV         ,1.0,500.0,組   ,100.0,,,,9.0,LD-9行車記錄器延長線                                                
1100123GF0000002,EY                  ,1.0,300.0,次   ,0.0,,,,10.0,工資                                                          
1100123GF0000002,AVVCV4.5M           ,1.0,400.0,條   ,100.0,,,,11.0,AV訊號線4.5M                                                   
1100123GF0000002,ATW                 ,1.0,100.0,組   ,,,,,12.0,母插頭                                                         
1100123GF0000002,HNFVW               ,1.0,500.0,條   ,150.0,,,,15.0,測速器線頭                                                       
1100123GF0000002,106USB6.1A          ,1.0,550.0,組   ,220.0,,,,17.0,106 6.1AUSB插頭                                               
1100123GF0000002,PNSHDF20            ,1.0,350.0,組   ,180.0,,,,18.0,4.7吋機械式手臂手機架                                                
1100125GF0000001,MIOC570VTRXF        ,1.0,3500.0,組   ,2650.0,,,,4.0,MIO C570行車記錄器                                               
1100125GF0000002,RSENT105630         ,1.0,300.0,卡   ,120.0,,,,1.0,RSEN T10 5630 10燈                                           
1100125GF0000003,2021EAX2.5FMT       ,1.0,1500.0,組   ,1000.0,,,,1.0,2021冠美麗2.5油電鍍洛晴雨窗                                           
1100105GF0000004,V81VTRXF            ,1.0,2500.0,組   ,1091.0,,,,1.0,V81行車記錄器雙眼                                                  
1100126GF0000002,2TVUJE              ,1.0,1000.0,組   ,450.0,,,,1.0,倒車顯影(外掛)                                                    
1100126GF0000003,W2XEUA              ,1.0,400.0,各   ,230.0,,,,1.0,特多龍汽車隔音棉                                                    
1100126GF0000004,K81JVT2F            ,1.0,700.0,組   ,450.0,,,,1.0,K81無限充電器                                                    
1100127GF0000001,TURBOH11            ,1.0,2500.0,組   ,1200.0,,,,1.0,TURBO H11 LED燈泡                                             
1100127GF0000002,2TXWSDXU            ,1.0,2000.0,組   ,380.0,,,,1.0,倒車雷達內崁兩眼-禾麟                                                 
1100126GF0000001,V81GUVTRXFC         ,2.0,500.0,組   ,200.0,,,,1.0,V81雙眼行車記錄器(後)                                               
1100203GF0000002,2V2Q                ,1.0,100.0,各   ,3.0,,,,2.0,單芯燈泡                                                        
1100203GF0000003,JK40USBDT           ,1.0,300.0,組   ,200.0,,,,1.0,JK-40-W-1置物箱USB貼式充電3.0/12                                   
1100204GF0000001,593GUSBY            ,1.0,400.0,組   ,140.0,,,,2.0,593雙USB一分三座載充(黑白)                                           
1100204GF0000002,A12XGW1CM           ,1.0,650.0,捲   ,180.0,,,,1.0,門邊鍍烙飾條10公尺(1CM)                                             
1100204GF0000002,EY                  ,1.0,1350.0,次   ,0.0,,,,2.0,工資                                                          
1100205GF0000002,RSENH42TY           ,1.0,250.0,組   ,70.0,,,,1.0,RSEN H4陶瓷座                                                  
1100205GF0000003,TURBO900622         ,1.0,2500.0,組   ,1200.0,,,,1.0,TU[車牌]LED大燈                                             
1100205GF0000001,V81GUVTRXFC         ,1.0,500.0,組   ,200.0,,,,1.0,V81雙眼行車記錄器(後)                                               
1100204GF0000001,V81GUVTRXFC         ,1.0,1000.0,組   ,200.0,,,,3.0,V81雙眼行車記錄器(後)                                               
1100203GF0000002,V81GUVTRXFC         ,1.0,1000.0,組   ,200.0,,,,3.0,V81雙眼行車記錄器(後)                                               
1100129GF0000001,FCOUSUV             ,1.0,250.0,各   ,100.0,,,,7.0,FCOUS油芯                                                     
1100129GF0000002,2TXWSDXU            ,1.0,750.0,組   ,380.0,,,,1.0,倒車雷達內崁兩眼-禾麟                                                 
1100129GF0000003,ZEROAMN+RFC         ,1.0,450.0,罐   ,320.0,,,,1.0,ZERO鉬元素+噴油嘴除扣劑                                              
1100129GF0000003,NB1040              ,4.0,200.0,罐   ,200.0,,,,2.0,NB 10/40機油                                                  
1100129GF0000003,WISHUV              ,1.0,100.0,各   ,65.0,,,,3.0,WISH油芯                                                      
1100202GF0000001,7003J25R            ,1.0,1500.0,組   ,600.0,,,,1.0,[車牌]無碟主機                                                 
1100202GF0000001,EX0085JC            ,1.0,350.0,組   ,250.0,,,,2.0,EX-008置物盒                                                   
1100202GF0000002,3M2CM               ,1.0,150.0,捲   ,75.0,,,,1.0,3M膠*2CM                                                     
1100202GF0000002,3MR1CM              ,1.0,150.0,卷   ,55.0,,,,2.0,3M膠*1CM                                                     
1100202GF0000002,9080GAR             ,2.0,100.0,張   ,30.0,,,,3.0,NO-90803M雙面膠                                                
1100126GF0000004,NCUZAF              ,1.0,400.0,組   ,280.0,,,,2.0,KY-229三合一蜂鳴器                                                
1100128GF0000001,98RSCGEF            ,1.0,1200.0,組   ,450.0,,,,1.0,98嘉年華閃光器                                                    
1100128GF0000001,EY                  ,1.0,300.0,次   ,0.0,,,,2.0,工資                                                          
1100128GF0000001,2VCQ2Q              ,2.0,100.0,各   ,15.0,,,,3.0,單芯琥珀燈泡                                                      
1100128GF0000001,2VY                 ,1.0,100.0,個   ,15.0,,,,4.0,單芯座                                                         
1100129GF0000001,NB1040              ,5.0,500.0,罐   ,200.0,,,,1.0,NB 10/40機油                                                  
1100129GF0000001,ESCAPE2.3DFV        ,1.0,350.0,各   ,200.0,,,,2.0,RSCAPE2.3空氣芯                                                
1100129GF0000001,MISSIONCVT          ,3.0,600.0,罐   ,230.0,,,,3.0,MISSION CVT-F自排油X+++                                        
1100129GF0000001,16322T              ,2.0,150.0,各   ,25.0,,,,4.0,1632電池                                                      
1100129GF0000001,OBROFUR             ,1.0,350.0,罐   ,130.0,,,,5.0,OBRO汽油精                                                     
1100123GF0000002,                    ,0.0,,,,,,,20.0,
1100123GF0000003,RSEND24300K         ,1.0,1500.0,各   ,250.0,,,,1.0,RSEN D2 4300K燈泡                                             
1100123GF0000003,RSEN02F             ,1.0,1500.0,各   ,400.0,,,,2.0,RSEN安定器                                                     
1100123GF0000003,V18LED9006          ,1.0,3000.0,組   ,1700.0,,,,3.0,V18 [車牌]大燈                                              
1100123GF0000003,RSENHID5RF          ,1.0,300.0,各   ,100.0,,,,4.0,RSEN HID轉接器                                                 
1100123GF0000003,                    ,0.0,,,,,,,7.0,
1100123GF0000003,SAXO5W50            ,5.0,600.0,罐   ,240.0,,,,5.0,SAXO 5W/50機油                                                
1100125GF0000001,PNSHDF20            ,1.0,450.0,組   ,180.0,,,,2.0,4.7吋機械式手臂手機架                                                
1100125GF0000001,V33GRR              ,1.0,300.0,組   ,100.0,,,,3.0,V33手機架                                                      
1100129GF0000001,OBLRUR              ,1.0,600.0,罐   ,300.0,,,,6.0,OBL機油精                                                      
1100202GF0000002,EY                  ,1.0,2300.0,次   ,0.0,,,,4.0,工資                                                          
1100202GF0000002,5SR                 ,1.0,200.0,各   ,60.0,,,,5.0,助黏劑                                                         
1100202GF0000002,GN757               ,1.0,300.0,張   ,35.0,,,,6.0,立體卡夢貼紙                                                      
1100202GF0000002,992W                ,1.0,750.0,組   ,230.0,,,,7.0,99黏土表面清潔                                                    
1100202GF0000002,3MW5                ,1.0,750.0,組   ,250.0,,,,8.0,3M貼紙                                                        
1100202GF0000002,XWW5                ,1.0,650.0,組   ,250.0,,,,9.0,輪胎貼紙                                                        
1100202GF0000002,KY762BV2            ,1.0,1050.0,組   ,390.0,,,,10.0,KT-762日型燈                                                   
1100202GF0000003,01XGFMT             ,1.0,1000.0,組   ,600.0,,,,1.0,01菱帥晴雨窗(四片)                                                 
1100203GF0000001,12WISHNQFMT         ,1.0,1000.0,組   ,600.0,,,,1.0,12WISH(四片)晴雨窗                                               
1100203GF0000002,7003J25R            ,1.0,2800.0,組   ,600.0,,,,1.0,[車牌]無碟主機                                                 
1100205GF0000003,RSENT105630         ,1.0,400.0,卡   ,120.0,,,,2.0,RSEN T10 5630 10燈                                           
1100205GF0000004,2TXWSDXU            ,1.0,750.0,組   ,380.0,,,,1.0,倒車雷達內崁兩眼-禾麟                                                 
1100206GF0000002,SAXO1040            ,4.0,350.0,罐   ,110.0,,,,1.0,SAXO 10W/40機油                                               
1100206GF0000002,ALTISDFV            ,1.0,350.0,各   ,100.0,,,,2.0,ALTIS空氣芯                                                    
1100206GF0000002,V18LED9006          ,1.0,3000.0,組   ,1700.0,,,,3.0,V18 [車牌]大燈                                              
1100206GF0000002,ZWUV                ,1.0,100.0,各   ,40.0,,,,4.0,豐田油芯                                                        
1100206GF0000003,TR51027CX1G         ,1.0,700.0,組   ,350.0,,,,1.0,TR-51027方形洪藍對閃                                              
1100206GF0000003,S283WGG5V           ,1.0,200.0,組   ,65.0,,,,2.0,S28-3貼式上中下附線開關                                              
1100206GF0000003,2MV                 ,1.0,100.0,米   ,20.0,,,,3.0,電源線                                                         
1100206GF0000001,VMT1+C              ,1.0,2500.0,組   ,800.0,,,,1.0,小魚叉(白+黃)                                                    
1100205GF0000001,V81GUVTRXFF         ,1.0,2000.0,組   ,1100.0,,,,2.0,V81雙眼行車記錄器(前)                                               
1100204GF0000001,V81GUVTRXFF         ,1.0,3000.0,組   ,1100.0,,,,4.0,V81雙眼行車記錄器(前)                                               
1100203GF0000002,V81GUVTRXFF         ,1.0,3000.0,組   ,1100.0,,,,4.0,V81雙眼行車記錄器(前)                                               
1100126GF0000001,V81GUVTRXFF         ,2.0,2000.0,組   ,1100.0,,,,2.0,V81雙眼行車記錄器(前)                                               
1100123GF0000001,V81GUVTRXFF         ,2.0,2000.0,組   ,1100.0,,,,2.0,V81雙眼行車記錄器(前)                                               
1100208GF0000001,ZV5Q5VTRXF          ,1.0,3400.0,組   ,1400.0,,,,1.0,發現者Q5行車記錄器                                                  
1100208GF0000002,LZFR6AICVN          ,4.0,500.0,各   ,350.0,,,,1.0,LZFR6AI火星塞                                                  
1100208GF0000002,ZINGER2C2Y          ,1.0,1350.0,各   ,1350.0,,,,2.0,ZINGER點火底座                                                  
1100208GF0000002,ZINGERXXQ           ,1.0,1800.0,組   ,700.0,,,,3.0,ZINGER來令片                                                   
1100208GF0000002,CVNRWFV             ,1.0,1500.0,次   ,1000.0,,,,4.0,火星塞積碳清洗                                                     
1100224GF0000001,01ALTIS5MW2         ,1.0,600.0,組   ,340.0,,,,1.0,01ALTIS專用踏墊                                                 
1100224GF0000002,LD9VTRXF            ,1.0,7000.0,組   ,3000.0,,,,1.0,LD-9電子式行車記錄器                                                
1100224GF0000002,LD9GPS              ,1.0,2000.0,組   ,1000.0,,,,2.0,LD-9 GPS天線                                                  
1100224GF0000002,EY                  ,1.0,1000.0,次   ,0.0,,,,3.0,工資                                                          
1100225GF0000001,A094                ,1.0,450.0,條   ,100.0,,,,1.0,A094方向盤套                                                    
1100224GF0000002,3D1F1               ,1.0,200.0,支   ,110.0,,,,4.0,3D補漆筆                                                       
1100224GF0000002,RSENBEMG16          ,1.0,250.0,支   ,90.0,,,,5.0,RSEN軟骨雨刷 16吋                                                
1100224GF0000002,RSENBEMG24H         ,1.0,400.0,支   ,90.0,,,,6.0,RSEN軟骨雨刷 24吋                                                
1100224GF0000002,EY                  ,1.0,1000.0,次   ,0.0,,[已隱蔽],,7.0,工資                                                          
1100224GF0000002,XA                  ,1.0,1000.0,次   ,350.0,,,,8.0,冷媒                                                          
1100209GF0000003,NB1040              ,4.0,500.0,罐   ,200.0,,,,3.0,NB 10/40機油                                                  
1100209GF0000003,BB900               ,1.0,100.0,張   ,33.0,,,,4.0,割字新手駕駛                                                      
1100210GF0000001,TAE001              ,1.0,1500.0,組   ,850.0,,,,1.0,風行者TITAN車用吸塵器                                               
1100210GF0000001,VBDC1XWU            ,1.0,250.0,罐   ,90.0,,,,2.0,向日葵環保輪胎油[車牌]                                              
1100210GF0000001,KH826UTVGW          ,1.0,350.0,組   ,150.0,,,,3.0,KH-826延長線雙頭(附夾子)3米                                          
1100210GF0000001,ABROTA1CQX          ,1.0,350.0,罐   ,130.0,,,,4.0,ABRO車身保護噴蠟                                                  
1100210GF0000001,CW08XWFVG           ,1.0,450.0,組   ,200.0,,,,5.0,CW-08輪胎刷                                                    
1100210GF0000001,VBDEFFVE            ,1.0,250.0,各   ,70.0,,,,6.0,向日葵鋼圈清洗劑                                                    
1100210GF0000001,3DZGY2              ,1.0,2150.0,組   ,1300.0,,,,7.0,3D風扇坐墊                                                      
1100210GF0000002,V81GUVTRXFF         ,1.0,1999.0,組   ,1100.0,,,,1.0,V81雙眼行車記錄器(前)                                               
1100208GF0000002,3MCUFFVR            ,1.0,500.0,罐   ,60.0,,,,5.0,3M化油器清洗劑(8896)                                              
1100208GF0000002,NOIDNRMG26          ,1.0,500.0,支   ,100.0,,,,6.0,NOID三節雨刷 26吋                                                
1100208GF0000002,NOIDNRMG14          ,1.0,250.0,支   ,100.0,,,,7.0,NOID三節雨刷 14吋                                                
1100208GF0000002,ERQ55D23L2Q         ,1.0,2700.0,各   ,2100.0,,,,8.0,國際牌70D23L電瓶瓶                                                
1100208GF0000002,CVNH5EY             ,1.0,1000.0,次   ,500.0,,,,9.0,火星塞拆裝工資                                                     
1100208GF0000002,K-STAR356MG         ,1.0,400.0,組   ,140.0,,,,10.0,K-STAR356後雨刷                                                
1100209GF0000001,DAYL60BV2           ,1.0,2000.0,組   ,780.0,,,,1.0,DAYL-60冰藍淚眼日行燈                                              
1100209GF0000002,WISH055R            ,1.0,12500.0,組   ,11500.0,,,,1.0,WISH安卓主機                                                    
1100209GF0000003,MISSIONCVT          ,4.0,600.0,罐   ,230.0,,,,1.0,MISSION CVT-F自排油X+++                                        
1100209GF0000003,ZWUV                ,1.0,100.0,各   ,40.0,,,,2.0,豐田油芯                                                        
1100301GF0000003,SAXOQUYFRR          ,1.0,300.0,罐   ,80.0,,,,4.0,SAXO噴油嘴清潔劑                                                  
1100301GF0000003,                    ,0.0,,,,,,,5.0,
1100304GF0000001,V81VTRXF            ,1.0,2500.0,組   ,1200.0,,,,1.0,V81行車記錄器雙眼                                                  
1100305GF0000001,ZV5G539HNF          ,1.0,2500.0,組   ,1500.0,,,,1.0,發現者F-539測速器                                                 
1100305GF0000002,TYPERH7CR2Q         ,1.0,800.0,組   ,170.0,,,,1.0,TYPE-R H7黃金燈泡                                               
1100305GF0000003,ERQ574H28           ,1.0,4500.0,組   ,3000.0,,,,1.0,國際牌574H28電瓶                                                 
1100308GF0000001,10HJV5R             ,1.0,14000.0,組   ,10000.0,,,,1.0,10吋萬象主機                                                     
1100308GF0000001,LD9VTRXF            ,1.0,7500.0,組   ,3000.0,,,,2.0,LD-9電子式行車記錄器                                                
1100308GF0000001,302DTV              ,1.0,200.0,組   ,140.0,,,,3.0,302快充線                                                      
1100308GF0000002,CARDIU69525R        ,1.0,5000.0,組   ,4000.0,,,,1.0,CAR[車牌]DVD主機                                            
1100227GF0000001,XGRUV               ,1.0,100.0,各   ,40.0,,,,5.0,菱帥機油芯                                                       
1100301GF0000001,RSENT105SMD         ,1.0,350.0,卡   ,110.0,,,,1.0,RSEN T105 SMD                                               
1100301GF0000001,RSENGR31MM          ,1.0,350.0,卡   ,100.0,,,,2.0,RSEN 31MM COB雙尖無極性                                          
1100301GF0000002,ZV5F53HNF           ,1.0,6200.0,組   ,4300.0,,,,1.0,發現者F-53全頻測速器                                                
1100301GF0000002,HY662               ,2.0,1100.0,組   ,520.0,,,,2.0,HY-662簡便連結式椅套                                               
1100301GF0000002,AL5003TY-CU         ,1.0,300.0,組   ,150.0,,,,3.0,AL-5003車載二合一                                                
1100301GF0000002,LHR201              ,1.0,800.0,組   ,350.0,,,,4.0,5D透明墊                                                       
1100301GF0000003,NB1040              ,5.0,450.0,罐   ,200.0,,,,1.0,NB 10/40機油                                                  
1100301GF0000003,XVUV                ,1.0,200.0,各   ,0.0,,,,2.0,領袖機油芯                                                       
1100301GF0000003,MISSIONCVT          ,5.0,550.0,罐   ,230.0,,,,3.0,MISSION CVT-F自排油X+++                                        
1100325GF0000001,PE53GV1W            ,1.0,300.0,組   ,30.0,,,,1.0,PE-53雙色邊條                                                   
1100325GF0000001,EY                  ,1.0,500.0,次   ,0.0,,,,2.0,工資                                                          
1100327GF0000001,SAXO1040            ,4.0,350.0,罐   ,110.0,,,,1.0,SAXO 10W/40機油                                               
1100327GF0000001,ZWUV                ,1.0,100.0,各   ,40.0,,,,2.0,豐田油芯                                                        
1100327GF0000001,ALTISDFV            ,1.0,350.0,各   ,100.0,,,,3.0,ALTIS空氣芯                                                    
1100327GF0000001,SENFINECORU5X       ,1.0,650.0,罐   ,160.0,,,,4.0,西德SENFINECO機油止漏劑                                            
1100327GF0000001,ZEROFV1UUR          ,1.0,400.0,罐   ,180.0,,,,5.0,ZERO全效保養汽車精[車牌]                                            
1100331GF0000001,BCF1616EFDF         ,1.0,6000.0,組   ,2400.0,,,,1.0,[車牌]鋼圈烤漆                                                
1100331GF0000001,BCF1616XWT5         ,1.0,4000.0,次   ,1000.0,,,,2.0,[車牌]輪胎拆裝                                                
1100331GF0000001,2J                  ,1.0,1000.0,次   ,400.0,,,,7.0,輪胎定位                                                        
1100217GF0000001,V81VTRXF            ,1.0,3750.0,組   ,1200.0,,,,1.0,V81行車記錄器雙眼                                                  
1100217GF0000001,CREQX               ,1.0,100.0,罐   ,60.0,,,,2.0,黑金剛噴蠟                                                       
1100218GF0000001,NO771WVG            ,1.0,250.0,各   ,125.0,,,,1.0,NO-77備長炭香水                                                  
1100218GF0000001,9080GAR             ,2.0,100.0,張   ,30.0,,,,2.0,NO-90803M雙面膠                                                
1100218GF0000001,EY                  ,1.0,1250.0,次   ,0.0,,,,3.0,工資                                                          
1100218GF0000001,VBDC1XWU            ,1.0,300.0,罐   ,90.0,,,,4.0,向日葵環保輪胎油[車牌]                                              
1100218GF0000001,                    ,0.0,,,,,,,5.0,
1100218GF0000002,V81VTRXF            ,1.0,3500.0,組   ,1200.0,,,,1.0,V81行車記錄器雙眼                                                  
1100218GF0000003,CARDIOCA700.1A      ,1.0,10000.0,組   ,6800.0,,,,1.0,CARDIO CA-700.1A安卓主機                                        
1100218GF0000003,WISH-2              ,1.0,500.0,組   ,100.0,,,,2.0,WISH耳朵100                                                   
1100224GF0000002,3MR1CM              ,1.0,100.0,卷   ,50.0,,,,9.0,3M膠*1CM                                                     
1100224GF0000002,PE53GV1W            ,3.0,450.0,組   ,50.0,,,,10.0,PE-53雙色邊條                                                   
1100224GF0000002,EY                  ,1.0,525.0,次   ,0.0,,,,11.0,工資                                                          
1100224GF0000002,POSEN16H            ,1.0,400.0,組   ,70.0,,,,12.0,POSEN 16吋雨刷                                                 
1100224GF0000002,TAA086              ,1.0,250.0,組   ,120.0,,,,13.0,鋁合金空中救援香水                                                   
1100224GF0000002,GMFWV               ,1.0,1500.0,組   ,500.0,,,,14.0,鯊魚鰭天線(有收訊)                                                  
1100227GF0000001,SAXO1040            ,5.0,350.0,罐   ,110.0,,,,1.0,SAXO 10W/40機油                                               
1100227GF0000001,ZXDDFV              ,1.0,300.0,各   ,100.0,,,,3.0,菲利卡空氣芯                                                      
1100227GF0000001,CARGTUV             ,1.0,150.0,罐   ,75.0,,,,4.0,CAR煞車油(小)                                                   
1100715GF0000001,MISSIONCVT          ,5.0,600.0,罐   ,230.0,,,,14.0,MISSION CVT-F自排油X+++                                        
1100315GF0000001,RSENH78000K         ,1.0,1200.0,各   ,150.0,,[已隱蔽],,1.0,RSEN h7 8000K 燈泡                                            
1100315GF0000002,2TXWGJG             ,1.0,1800.0,組   ,750.0,,,,1.0,數位倒車雷達兩眼                                                    
1100315GF0000002,S28DE               ,1.0,200.0,組   ,38.0,,,,3.0,S-28開關                                                      
1100315GF0000002,BB1361              ,1.0,100.0,張   ,33.0,,,,4.0,割字新手駕駛 可愛貓咪                                                 
1100316GF0000001,AFL5050FH           ,4.0,350.0,條   ,98.1,,,,1.0,[車牌]12七彩LED                                             
1100316GF0000001,GN757               ,1.0,300.0,張   ,35.0,,,,2.0,立體卡夢貼紙                                                      
1100316GF0000001,LA823               ,2.0,350.0,組   ,140.0,,,,3.0,多功能椅背置物袋+保溫袋                                                
1100316GF0000001,EY                  ,1.0,2500.0,次   ,0.0,,,,4.0,工資                                                          
1100316GF0000002,W2XEUA              ,1.0,400.0,各   ,230.0,,,,1.0,特多龍汽車隔音棉                                                    
1100316GF0000002,V81VTRXF            ,1.0,2500.0,組   ,1200.0,,,,2.0,V81行車記錄器雙眼                                                  
1100322GF0000002,NOIDNRMG24          ,1.0,400.0,支   ,100.0,,,,7.0,NOID三節雨刷 24吋                                                
1100322GF0000002,NOIDNRMG18          ,1.0,300.0,支   ,100.0,,,,8.0,NOID三節雨刷 18吋                                                
1100322GF0000002,NOIDNRMG20          ,1.0,300.0,組   ,100.0,,,,9.0,NOID三節雨刷 20吋                                                
1100323GF0000001,LD9VTRXF            ,1.0,6500.0,組   ,3000.0,,,,2.0,LD-9電子式行車記錄器                                                
1100323GF0000001,ZV5G539HNF          ,1.0,2500.0,組   ,1500.0,,,,4.0,發現者F-539測速器                                                 
1100323GF0000002,PE53GV1W            ,1.0,300.0,組   ,50.0,,,,1.0,PE-53雙色邊條                                                   
1100323GF0000002,EY                  ,1.0,500.0,次   ,0.0,,,,2.0,工資                                                          
1100323GF0000001,GARMIN55GD2C        ,1.0,7999.0,組   ,6370.0,,,,5.0,GARMIN 55聲控導航                                               
1100324GF0000001,ESCAPEXXQ           ,1.0,2200.0,組   ,700.0,,,,1.0,RSCAPE來令片                                                   
1100324GF0000001,CARMATGTU2          ,1.0,1000.0,罐   ,120.0,,,,2.0,CARMAT煞車油(大)                                                
1100309GF0000001,ZV5G539HNF          ,1.0,2500.0,組   ,1500.0,,,,1.0,發現者F-539測速器                                                 
1100309GF0000001,AL5003TY-CU         ,1.0,350.0,組   ,150.0,,,,2.0,AL-5003車載二合一                                                
1100310GF0000001,AFL5050FH           ,4.0,600.0,條   ,98.1,,,,1.0,[車牌]12七彩LED                                             
1100310GF0000001,593GUSBY            ,1.0,400.0,組   ,140.0,,,,2.0,593雙USB一分三座載充(黑白)                                           
1100310GF0000001,EY                  ,1.0,500.0,次   ,0.0,,,,3.0,工資                                                          
1100310GF0000001,XEV                 ,1.0,1050.0,組   ,300.0,,,,4.0,冷光線-3公尺                                                     
1100310GF0000002,2TVUSD              ,1.0,2500.0,組   ,380.0,,,,1.0,倒車顯影(內砍)                                                    
1100310GF0000002,RSEND24300K         ,2.0,1500.0,各   ,250.0,,,,2.0,RSEN D2 4300K燈泡                                             
1100312GF0000001,2TXWJX              ,1.0,700.0,組   ,380.0,,,,1.0,倒車雷達外露                                                      
1100313GF0000001,LD9VTRXF            ,1.0,7000.0,組   ,3000.0,,,,1.0,LD-9電子式行車記錄器                                                
1100318GF0000001,7003J25R            ,1.0,2500.0,組   ,600.0,,,,1.0,[車牌]無碟主機                                                 
1100319GF0000001,ZNTOURAN1E2         ,1.0,650.0,組   ,300.0,,,,1.0,福斯 TOUEAN 1.6避光墊                                            
1100320GF0000001,ERQ55D23L2Q         ,1.0,2800.0,各   ,2100.0,,,,1.0,國際牌70D23L電瓶瓶                                                
1100320GF0000002,V81VTRXF            ,1.0,2500.0,組   ,1200.0,,,,1.0,V81行車記錄器雙眼                                                  
1100320GF0000003,2TXWSDXU            ,1.0,750.0,組   ,380.0,,,,1.0,倒車雷達內崁兩眼-禾麟                                                 
1100320GF0000004,V81VTRXF            ,1.0,2500.0,組   ,1200.0,,,,1.0,V81行車記錄器雙眼                                                  
1100320GF0000005,M324LED2            ,1.0,1500.0,組   ,450.0,,,,1.0,M-3 24 LED日形燈                                               
1100320GF0000005,RSENT105630         ,1.0,400.0,卡   ,120.0,,,,2.0,RSEN T10 5630 10燈                                           
1100320GF0000005,SF0028A1D           ,1.0,100.0,組   ,28.0,,,,3.0,SF-0028門邊扣                                                  
1100320GF0000005,LEXUSQ2WQ           ,1.0,2000.0,組   ,1000.0,,,,4.0,LEXUS 排檔頭片                                                  
1100612GF0000002,SF1014              ,1.0,200.0,卡   ,20.0,,,,3.0,SF-1014長形肉骨螺絲                                               
1100614GF0000001,DH26TGGW            ,1.0,800.0,組   ,290.0,,,,1.0,DH-26 1.2車身飾條                                               
1100614GF0000001,EY                  ,1.0,700.0,次   ,0.0,,,,2.0,工資                                                          
1100615GF0000001,HNFVW               ,1.0,500.0,條   ,150.0,,,,1.0,測速器線頭                                                       
1100615GF0000001,PS253F25U           ,1.0,250.0,組   ,78.0,,,,2.0,PS-253前檔遮陽                                                  
1100615GF0000001,TAA086              ,1.0,250.0,組   ,120.0,,,,4.0,鋁合金空中救援香水                                                   
1100615GF0000001,SA6105UX            ,1.0,950.0,組   ,250.0,,,,5.0,SA-610遮陽簾                                                   
1100615GF0000001,DIY4BTX             ,1.0,1500.0,組   ,100.0,,,,6.0,DIY(四入)窗簾                                                   
1100617GF0000001,2Q22F               ,1.0,300.0,各   ,150.0,,,,1.0,電瓶斷電器.                                                      
1100619GF0000001,APPUD5D             ,1.0,2000.0,組   ,500.0,,,,1.0,APP遙控中控                                                     
1100609GF0000001,PE53GV1W            ,1.0,350.0,組   ,30.0,,,,1.0,PE-53雙色邊條                                                   
1100609GF0000001,EY                  ,1.0,650.0,次   ,0.0,,,,2.0,工資                                                          
1100609GF0000002,1E2A                ,2.0,150.0,各   ,50.0,,,,1.0,1公2母                                                        
1100609GF0000002,EY                  ,1.0,650.0,次   ,0.0,,,,2.0,工資                                                          
1100609GF0000002,1VNY                ,1.0,250.0,各   ,100.0,,,,3.0,圓保險絲座                                                       
1100610GF0000001,5Y5VTRXF            ,1.0,3000.0,組   ,1250.0,,,,1.0,追蹤者行車紀錄器                                                    
1100611GF0000001,9231-HEXGDFXXF      ,1.0,7000.0,組   ,3500.0,,,,1.0,[車牌]菱帥空氣流量器                                              
1100612GF0000001,ABRO5XX             ,1.0,250.0,罐   ,110.0,,,,1.0,ABRO棕梠蠟                                                     
1100612GF0000002,ERQ80D232Q          ,1.0,3000.0,各   ,2350.0,,,,1.0,國際牌80D23L電瓶                                                 
1100612GF0000002,FY2T2R              ,1.0,2500.0,組   ,1800.0,,,,2.0,全自動電瓶充電器                                                    
1100331GF0000001,MS850WJ5HF          ,1.0,4500.0,組   ,3000.0,,,,4.0,MS-850胎外胎壓偵測器\                                              
1100331GF0000001,PE53GV1W            ,1.0,300.0,組   ,30.0,,,,5.0,PE-53雙色邊條                                                   
1100331GF0000001,EY                  ,1.0,500.0,次   ,0.0,,,,6.0,工資                                                          
1100331GF0000001,EY                  ,1.0,2000.0,次   ,0.0,,,,8.0,工資                                                          
1100401GF0000001,UD0N                ,1.0,500.0,組   ,300.0,,,,1.0,遙控暗鎖                                                        
1100401GF0000002,2TXWSDXU            ,1.0,750.0,組   ,380.0,,,,1.0,倒車雷達內崁兩眼-禾麟                                                 
1100401GF0000003,CARDIOCA700.1A      ,1.0,10800.0,組   ,6800.0,,,,1.0,CARDIO CA-700.1A安卓主機                                        
1100406GF0000001,EY                  ,1.0,1500.0,次   ,0.0,,[已隱蔽],,1.0,工資                                                          
1100406GF0000001,LEDXG2W1.5M         ,1.0,1500.0,組   ,240.0,,,,2.0,LED流水燈條1.5MM                                                
1100407GF0000001,APPUD5D             ,1.0,1500.0,組   ,500.0,,[已隱蔽],,1.0,APP遙控中控                                                     
1100322GF0000001,MP35CG              ,1.0,1000.0,組   ,480.0,,,,1.0,MP3轉換器                                                      
1100322GF0000001,DAYLKDL             ,1.0,2000.0,組   ,600.0,,,,2.0,日行燈-白光/黃光流水燈                                                
1100322GF0000001,AFL283578           ,2.0,300.0,組   ,82.0,,,,3.0,軟條燈2835-78LED                                               
1100322GF0000001,EY                  ,1.0,200.0,次   ,0.0,,,,4.0,工資                                                          
1100322GF0000001,PNSE012             ,1.0,200.0,組   ,70.0,,,,5.0,I PHONE6/7手機充電線                                             
1100322GF0000002,LK1VTRXF            ,1.0,2500.0,組   ,1000.0,,,,1.0,LK-1行車記錄器                                                   
1100322GF0000002,AH64ZVQW            ,1.0,550.0,條   ,280.0,,,,3.0,AH-64方向盤套                                                   
1100322GF0000002,PNSS24TY            ,1.0,350.0,組   ,130.0,,,,4.0,大功率雙孔插座+雙USB                                                
1100322GF0000002,2TXWSDXU            ,1.0,2500.0,組   ,380.0,,,,5.0,倒車雷達內崁兩眼-禾麟                                                 
1100322GF0000002,NOIDNRMG16          ,1.0,250.0,支   ,100.0,,,,6.0,NOID三節雨刷 16吋                                                
1100408GF0000001,RSEN02F             ,1.0,1500.0,各   ,400.0,,,,1.0,RSEN安定器                                                     
1100412GF0000001,S28DE               ,1.0,300.0,組   ,38.0,,,,1.0,S-28開關                                                      
1100412GF0000001,LEDXG2W1.5M         ,1.0,1100.0,組   ,240.0,,,,2.0,LED流水燈條1.5MM                                                
1100412GF0000001,EY                  ,1.0,1000.0,次   ,0.0,,,,3.0,工資                                                          
1100412GF0000001,2UFY4.8A            ,1.0,600.0,組   ,290.0,,,,4.0,點煙座 4.8A 12V NIKE                                           
1100408GF0000002,ABTE069             ,1.0,1500.0,組   ,850.0,,,,1.0,ABT E069太極K3臭氧殺菌無限                                          
1100408GF0000002,TAA086              ,1.0,250.0,組   ,120.0,,,,2.0,鋁合金空中救援香水                                                   
1100408GF0000002,1086.1ATY           ,1.0,250.0,組   ,0.0,,,,3.0,108 6.1A四孔插座                                                
1100408GF0000002,S5RM7FMT            ,1.0,1500.0,組   ,600.0,,,,4.0,納智傑U7(四片)晴雨窗                                                
1100413GF0000001,GS2T                ,2.0,600.0,組   ,140.0,,,,1.0,KASILHE室餒燈 12V                                              
1100414GF0000001,V81VTRXF            ,1.0,2500.0,組   ,1200.0,,,,1.0,V81行車記錄器雙眼                                                  
1100414GF0000002,PF154QGW            ,1.0,120.0,組   ,65.0,,,,1.0,PF-154噴水頭                                                   
1100415GF0000001,LD7GVVTRXF          ,1.0,5700.0,組   ,2100.0,,,,1.0,LD-7雙眼行車記錄器                                                 
1100415GF0000002,CARDIOCA700.1A      ,1.0,9800.0,組   ,6800.0,,,,1.0,CARDIO CA-700.1A安卓主機                                        
1100415GF0000001,WF0306TW            ,1.0,300.0,組   ,160.0,,,,2.0,WF-0306三孔插頭                                                 
1100415GF0000002,1E2A                ,2.0,100.0,各   ,25.0,,,,2.0,1公2母                                                        
1100416GF0000001,V81VTRXF            ,1.0,2500.0,組   ,1200.0,,,,1.0,V81行車記錄器雙眼                                                  
1100417GF0000001,HT32VMT             ,1.0,2000.0,組   ,650.0,,,,2.0,HT-32小魚叉日行燈                                                 
1100417GF0000001,RSENT105SMD         ,1.0,300.0,卡   ,110.0,,,,3.0,RSEN T105 SMD                                               
1100419GF0000001,PE53GV1W            ,2.0,300.0,組   ,30.0,,,,1.0,PE-53雙色邊條                                                   
1100419GF0000001,5SR                 ,1.0,200.0,各   ,48.0,,,,2.0,助黏劑                                                         
1100419GF0000001,EY                  ,1.0,1200.0,次   ,0.0,,,,3.0,工資                                                          
1100419GF0000002,7003J25R            ,1.0,1500.0,組   ,600.0,,,,1.0,[車牌]無碟主機                                                 
1100421GF0000001,V81VTRXF            ,1.0,2500.0,組   ,1200.0,,,,1.0,V81行車記錄器雙眼                                                  
1100421GF0000002,KY1055LED5A2        ,1.0,650.0,各   ,270.0,,,,1.0,KY-1055吸鐵 LED行動照明燈                                          
1100421GF0000002,EY                  ,1.0,1000.0,次   ,0.0,,,,2.0,工資                                                          
1100421GF0000002,PE53GV1W            ,1.0,350.0,組   ,30.0,,,,3.0,PE-53雙色邊條                                                   
1100423GF0000001,ESCORTGV            ,1.0,8800.0,組   ,6600.0,,,,1.0,ESCORT水箱                                                    
1100423GF0000001,ESCORTXFXJ          ,1.0,800.0,組   ,400.0,,,,2.0,ESCORT冷氣濾網                                                  
1100423GF0000001,ABTA106             ,1.0,700.0,組   ,450.0,,,,3.0,牛皮碳纖維玩命關頭                                                   
1100423GF0000001,3D1F1               ,1.0,200.0,支   ,110.0,,,,4.0,3D補漆筆                                                       
1100423GF0000001,32G                 ,1.0,500.0,各   ,250.0,,,,5.0,32G卡片                                                       
1100422GF0000001,AVVCV4.5M           ,1.0,200.0,條   ,100.0,,,,1.0,AV訊號線4.5M                                                   
1100422GF0000001,1VNY                ,1.0,150.0,各   ,100.0,,,,2.0,圓保險絲座                                                       
1100422GF0000002,V81VTRXF            ,1.0,2500.0,組   ,1200.0,,,,1.0,V81行車記錄器雙眼                                                  
1100422GF0000001,4#2MW               ,10.0,30.0,各   ,20.0,,,,3.0,4#電源頭                                                       
1100428GF0000001,SUFER2              ,1.0,550.0,組   ,290.0,,,,1.0,03SUFE角燈                                                    
1100428GF0000001,SURF22              ,1.0,1550.0,各   ,950.0,,,,2.0,03SUFE大燈                                                    
1100428GF0000001,EY                  ,1.0,300.0,次   ,0.0,,,,3.0,工資                                                          
1100428GF0000001,T10552              ,2.0,50.0,各   ,1.0,,,,4.0,T10中炸彈                                                      
1100428GF0000002,YARISF21X           ,1.0,3000.0,組   ,2500.0,,,,1.0,09YARIS前檔玻璃                                                 
1100428GF0000002,YARISF2EB5          ,1.0,4000.0,組   ,2000.0,,,,2.0,09YARIS前檔隔熱紙                                                
1100427GF0000001,LD9CRW              ,1.0,1800.0,組   ,800.0,,,,1.0,LD-9後鏡頭                                                     
1100429GF0000001,GOLTPLUSFMTNQ       ,1.0,1000.0,組   ,600.0,,,,1.0,GOLT PLUS(四片)晴雨窗                                            
1100429GF0000002,2TXWSDXU            ,1.0,2000.0,組   ,380.0,,,,1.0,倒車雷達內崁兩眼-禾麟                                                 
1100429GF0000002,PNSS24TY            ,1.0,300.0,組   ,130.0,,,,2.0,大功率雙孔插座+雙USB                                                
1100429GF0000003,ZV5G539HNF          ,1.0,3000.0,組   ,1500.0,,,,1.0,發現者F-539測速器                                                 
1100429GF0000003,V81VTRXF            ,1.0,4000.0,組   ,1200.0,,,,2.0,V81行車記錄器雙眼                                                  
1100430GF0000001,PNSHXT205F          ,1.0,650.0,組   ,350.0,,,,1.0,雙風扇-椅背枕頭用 DC12V                                             
1100430GF0000001,C55AWFTR            ,1.0,300.0,組   ,128.0,,,,2.0,黑珍珠毛毯清潔劑                                                    
1100503GF0000001,CARDIOCA700.1A      ,1.0,11500.0,組   ,6800.0,,,,1.0,CARDIO CA-700.1A安卓主機                                        
1100503GF0000001,2VCQ2Q              ,1.0,100.0,各   ,15.0,,,,2.0,單芯琥珀燈泡                                                      
1100503GF0000002,PE53GV1W            ,1.0,350.0,組   ,30.0,,,,1.0,PE-53雙色邊條                                                   
1100503GF0000002,EY                  ,1.0,350.0,次   ,0.0,,,,2.0,工資                                                          
1100505GF0000001,BCF1616EB5LF        ,1.0,3000.0,組   ,1000.0,,,,1.0,[車牌](左)前隔熱紙                                             
1100510GF0000001,APPUD5D             ,1.0,1500.0,組   ,500.0,,,,1.0,APP遙控中控                                                     
1100510GF0000002,V81GUVTRXFF         ,1.0,2000.0,組   ,1100.0,,,,1.0,V81雙眼行車記錄器(前)                                               
1100512GF0000001,510Z2F              ,1.0,2500.0,組   ,650.0,,,,1.0,510防盜器                                                      
1100511GF0000001,2TVUSD              ,1.0,1000.0,組   ,450.0,,,,1.0,倒車顯影(內砍)                                                    
1100430GF0000001,05WISHTX            ,1.0,3450.0,組   ,2430.0,,,,3.0,05WISH窗簾                                                    
1100722GF0000001,RSEN02F             ,2.0,1000.0,各   ,400.0,,,,1.0,RSEN安定器                                                     
1100722GF0000001,RSENBEMG14          ,1.0,300.0,支   ,90.0,,,,2.0,RSEN軟骨雨刷 14吋                                                
1100722GF0000001,RSENBEMG26H         ,1.0,500.0,支   ,100.0,,,,3.0,RSEN軟骨雨刷 26吋                                                
1100722GF0000001,RSEN90063000K2Q     ,2.0,500.0,各   ,200.0,,,,4.0,R[車牌] 3000K燈泡                                           
1100722GF0000001,VBDVATX             ,1.0,200.0,罐   ,65.0,,,,5.0,向日葵細目粗蠟                                                     
1100722GF0000001,RSENT105630         ,2.0,400.0,卡   ,120.0,,,,6.0,RSEN T10 5630 10燈                                           
1100723GF0000001,NB1040              ,4.0,500.0,罐   ,200.0,,,,1.0,NB 10/40機油                                                  
1100723GF0000001,82VADFV             ,1.0,400.0,各   ,200.0,,,,2.0,8代喜美空氣芯                                                     
1100723GF0000001,82VAXFXJ            ,1.0,600.0,組   ,200.0,,,,3.0,8代喜美冷氣濾網                                                    
1100723GF0000001,ABROQGUR            ,1.0,400.0,罐   ,90.0,,,,4.0,ABRO噴射油精                                                    
1100512GF0000001,GHA195              ,1.0,800.0,組   ,450.0,,,,2.0,豐田專用USB兩孔充電座4.2A+電壓表                                        
1100512GF0000002,14VR1XFXJ           ,1.0,650.0,組   ,250.0,,,,1.0,14新尖兵冷氣濾網                                                   
1100512GF0000002,XA                  ,1.0,950.0,次   ,350.0,,,,2.0,冷媒                                                          
1100512GF0000002,ABROFTDW            ,1.0,750.0,罐   ,200.0,,,,3.0,ABRO汽車空調清潔劑                                                 
1100513GF0000001,ESCAPEGRRF          ,1.0,3000.0,組   ,1000.0,,,,1.0,ESCAPE(右前)申降機                                               
1100515GF0000001,ALTISDFV            ,1.0,350.0,各   ,100.0,,,,1.0,ALTIS空氣芯                                                    
1100515GF0000001,ZWUV                ,1.0,100.0,各   ,40.0,,,,2.0,豐田油芯                                                        
1100515GF0000001,SAXO1040            ,4.0,350.0,罐   ,110.0,,,,3.0,SAXO 10W/40機油                                               
1100515GF0000001,ALTISXXQ            ,1.0,1500.0,組   ,550.0,,,,4.0,ALTIS來令片                                                    
1100513GF0000002,APPUD5D             ,1.0,750.0,組   ,500.0,,,,1.0,APP遙控中控                                                     
1100515GF0000001,RWFVR               ,1.0,1000.0,罐   ,350.0,,,,5.0,泡沫事積碳清洗劑                                                    
1100515GF0000001,CARMATERUR          ,1.0,650.0,罐   ,300.0,,,,6.0,CARMATE機油精                                                  
1100515GF0000001,ZEROFV1UUR          ,1.0,400.0,罐   ,180.0,,,,7.0,ZERO全效保養汽車精[車牌]                                            
1100515GF0000001,K16TR11CVN          ,4.0,250.0,各   ,70.0,,,,8.0,K16TR11火星塞                                                  
1100518GF0000001,2TVUJE              ,1.0,3000.0,組   ,450.0,,,,1.0,倒車顯影(外掛)                                                    
1100518GF0000001,EY                  ,1.0,200.0,次   ,0.0,,,,2.0,工資                                                          
1100518GF0000002,CANBUS02F           ,1.0,3000.0,各   ,650.0,,,,1.0,CANBUS安定器                                                   
1100519GF0000001,NOID6SND            ,2.0,200.0,組   ,60.0,,,,1.0,NOID 6SND室內燈                                                
1100520GF0000001,2TXWSDXU            ,1.0,750.0,組   ,380.0,,,,1.0,倒車雷達內崁兩眼-禾麟                                                 
1100521GF0000001,RSEND48000K         ,1.0,1000.0,各   ,500.0,,,,1.0,RSEN D4 8000K燈泡                                             
1100521GF0000002,XXQUW               ,1.0,2000.0,組   ,1080.0,,,,1.0,菱利皮椅套                                                       
1100521GF0000003,QRV4QFMT            ,1.0,1000.0,組   ,600.0,,,,1.0,QRV(四片)晴雨窗                                                  
1100521GF0000004,SENFINECOFURFFVR    ,1.0,1800.0,罐   ,400.0,,,,1.0,西德SENFINECO汽油進氣系統清洗劑9921                                    
1100522GF0000001,V81VTRXF            ,1.0,2500.0,組   ,1200.0,,[已隱蔽],,1.0,V81行車記錄器雙眼                                                  
1100524GF0000001,5E2Q                ,1.0,800.0,組   ,0.0,,,,1.0,中古電瓶                                                        
1100524GF0000001,BC608               ,1.0,1200.0,組   ,400.0,,,,2.0,BC608變壓器12V-110V(300W)                                      
1100524GF0000002,KMWTV               ,1.0,500.0,各   ,40.0,,,,2.0,鱷魚頭出線                                                       
1100524GF0000002,DAY2F               ,1.0,800.0,各   ,520.0,,,,3.0,檜木座墊(前)                                                     
1100525GF0000001,NB1040              ,4.0,500.0,罐   ,200.0,,,,1.0,NB 10/40機油                                                  
1110502GF0000001,FTCGRZEQ            ,3.0,250.0,組   ,85.0,,,,1.0,汽車後視鏡反光貼片                                                   
1100525GF0000001,XGRUV               ,1.0,100.0,各   ,40.0,,,,2.0,菱帥機油芯                                                       
1100525GF0000001,SAXOQUYFRR          ,1.0,400.0,罐   ,80.0,,,,3.0,SAXO噴油嘴清潔劑                                                  
1100525GF0000001,SENFINECOQUYSU      ,1.0,650.0,罐   ,120.0,,,,4.0,德國SENFINECO噴油嘴牛油9977                                        
1100525GF0000001,XGDFV               ,1.0,350.0,各   ,150.0,,,,5.0,菱帥空氣芯                                                       
1100527GF0000002,GHA024              ,1.0,200.0,組   ,80.0,,,,1.0,H7轉接座/吊卡                                                    
1100528GF0000001,VUGQ2W              ,1.0,700.0,組   ,280.0,,,,1.0,下壓式排檔頭                                                      
1100529GF0000001,LD7GVVTRXF          ,1.0,4000.0,組   ,2100.0,,,,1.0,LD-7雙眼行車記錄器                                                 
1100529GF0000001,593GUSBY            ,1.0,300.0,組   ,140.0,,,,2.0,593雙USB一分三座載充(黑白)                                           
1100531GF0000001,NB1040              ,4.0,500.0,罐   ,200.0,,,,1.0,NB 10/40機油                                                  
1100527GF0000001,TURBOH1LED          ,1.0,1500.0,組   ,1200.0,,,,1.0,TURBO H1 LED大燈                                              
1100531GF0000001,ZWUV                ,1.0,100.0,各   ,40.0,,,,3.0,豐田油芯                                                        
1100531GF0000001,ALTISDFV            ,1.0,400.0,各   ,100.0,,,,4.0,ALTIS空氣芯                                                    
1100531GF0000001,XFXJALTIS           ,1.0,500.0,各   ,150.0,,,,5.0,冷氣濾網 ALTIS                                                  
1100531GF0000001,XB374RW1            ,1.0,500.0,組   ,250.0,,,,6.0,XB-374腳踏板                                                   
1100531GF0000001,WUSWU5TF            ,1.0,2500.0,組   ,900.0,,,,7.0,太陽能胎壓偵測器                                                    
1100531GF0000001,ALTISCVN            ,4.0,650.0,各   ,280.0,,,,8.0,ALTIS銥合金火星塞                                                 
1100531GF0000001,SENFINECOFURFFVR    ,1.0,1800.0,罐   ,400.0,,,,9.0,西德SENFINECO汽油進氣系統清洗劑9921                                    
1100531GF0000001,ABROUFFVR           ,1.0,400.0,罐   ,95.0,,,,10.0,ABRO引擎清洗劑                                                   
1100531GF0000001,GUNKFUR             ,1.0,400.0,組   ,150.0,,,,11.0,GUNK汽油精                                                     
1100227GF0000001,MISSIONYQU          ,3.0,300.0,罐   ,95.8,,,,6.0,MISSIOM自排油                                                  
1100601GF0000002,AXZ7328QC5Q2        ,1.0,950.0,條   ,450.0,,,,4.0,平衡軸皮帶                                                       
1100601GF0000002,AXZ7328QC25X        ,1.0,1300.0,各   ,800.0,,,,5.0,平衡調整輪                                                       
1100601GF0000002,AXZ7328CVN          ,4.0,250.0,各   ,200.0,,,,6.0,火星塞                                                         
1100601GF0000002,AXZ7328EY           ,1.0,2500.0,各   ,1500.0,,,,8.0,工資                                                          
1100531GF0000001,XW1E                ,1.0,200.0,次   ,100.0,,,,13.0,輪胎補胎                                                        
1100601GF0000002,AXZ7328XFQ2         ,1.0,800.0,條   ,350.0,,,,9.0,冷氣皮帶                                                        
1100601GF0000002,AXZ7328Z2RQ2        ,1.0,850.0,組   ,350.0,,,,10.0,發電機皮帶                                                       
1100601GF0000002,AXZ7328JQ2          ,1.0,850.0,條   ,350.0,,,,11.0,動力皮帶                                                        
1100603GF0000001,EY                  ,1.0,1000.0,次   ,0.0,,,,1.0,工資                                                          
1100603GF0000001,PNSFC01ZAA5         ,4.0,50.0,各   ,30.0,,,,2.0,防飛沫面罩                                                       
1100513GF0000003,1Y2T2R6-12V         ,1.0,1700.0,組   ,950.0,,,,1.0,6-12V半自動充電機                                                 
1100607GF0000001,7003J25R            ,1.0,2800.0,組   ,600.0,,,,1.0,[車牌]無碟主機                                                 
1100607GF0000001,AVVCV4.5M           ,1.0,250.0,條   ,100.0,,,,2.0,AV訊號線4.5M                                                   
1100607GF0000001,EY                  ,1.0,200.0,次   ,0.0,,,,3.0,工資                                                          
1100607GF0000001,C55AWFTR            ,1.0,300.0,組   ,128.0,,,,4.0,黑珍珠毛毯清潔劑                                                    
1100607GF0000001,EX0085JC            ,1.0,500.0,組   ,250.0,,,,5.0,EX-008置物盒                                                   
1100607GF0000001,PS301GS2            ,1.0,250.0,各   ,100.0,,,,6.0,PS-301室內鏡                                                   
1100607GF0000002,1E2A                ,3.0,120.0,各   ,50.0,,,,1.0,1公2母                                                        
1100608GF0000001,36MMGS2             ,2.0,40.0,各   ,9.0,,,,1.0,36MM室內燈                                                     
1100608GF0000002,1VNY                ,2.0,150.0,各   ,100.0,,,,1.0,圓保險絲座                                                       
1100619GF0000001,WF0096NTD           ,1.0,200.0,組   ,70.0,,,,2.0,WF-0096三插孔                                                  
1100619GF0000001,TURBOH7LED          ,1.0,2000.0,組   ,1200.0,,,,3.0,TURBO LED H7大燈                                              
1100620GF0000001,YH680               ,1.0,3000.0,組   ,2600.0,,,,1.0,YH-680全功能電力公司                                               
1100621GF0000001,SAXO1040            ,4.0,450.0,罐   ,110.0,,,,1.0,SAXO 10W/40機油                                               
1100621GF0000001,ZWUV                ,1.0,100.0,各   ,40.0,,,,2.0,豐田油芯                                                        
1100621GF0000001,YARISDFV            ,1.0,350.0,各   ,150.0,,,,3.0,YARIS空氣芯                                                    
1100621GF0000001,SAXOQUYFRR          ,1.0,350.0,罐   ,80.0,,,,4.0,SAXO噴油嘴清潔劑                                                  
1100621GF0000002,SONYA1105R          ,1.0,3500.0,組   ,2000.0,,,,3.0,SONY-A110 USB主機                                             
1100619GF0000001,C804USBTY           ,1.0,700.0,組   ,350.0,,,,4.0,C80 4USB插座                                                  
1100622GF0000001,SANTAFECGR          ,1.0,950.0,組   ,600.0,,,,1.0,[車牌]TFE後視鏡                                               
1100802GF0000001,ABROQA1UFRR         ,1.0,300.0,組   ,95.0,,,,2.0,ABRO泡沫柏油清潔劑                                                 
1100802GF0000001,EY                  ,1.0,250.0,次   ,0.0,,,,3.0,工資                                                          
1100803GF0000001,XXF21X              ,1.0,2700.0,組   ,2200.0,,,,1.0,菱利前檔玻璃                                                      
1100803GF0000002,A10BV2              ,2.0,1000.0,各   ,450.0,,,,1.0,A-10日型燈                                                     
1100803GF0000002,G2VY                ,1.0,500.0,組   ,180.0,,,,2.0,水滴線組                                                        
1100803GF0000002,EY                  ,1.0,1500.0,次   ,0.0,,,,3.0,工資                                                          
1100805GF0000001,LD9CRW              ,1.0,1000.0,組   ,800.0,,,,1.0,LD-9後鏡頭                                                     
1100805GF0000001,VTRXFV              ,1.0,500.0,組   ,120.0,,,,2.0,行車記錄器線                                                      
1100805GF0000001,EY                  ,1.0,500.0,次   ,0.0,,,,3.0,工資                                                          
1100806GF0000001,WUSWU5TF            ,1.0,2800.0,組   ,900.0,,,,1.0,太陽能胎壓偵測器                                                    
1100531GF0000001,12FVRU5XR           ,1.0,600.0,罐   ,100.0,,,,12.0,八大全效機油精                                                     
1100524GF0000002,W2XEUA              ,1.0,550.0,各   ,250.0,,,,4.0,特多龍汽車隔音棉                                                    
1100524GF0000002,2000EXX1.81E2       ,1.0,600.0,組   ,300.0,,,,5.0,2000冠樂拉1.8長毛避光墊                                             
1100524GF0000002,VBDVATX             ,1.0,200.0,罐   ,65.0,,,,6.0,向日葵細目粗蠟                                                     
1100531GF0000002,EVEW2               ,1.0,450.0,組   ,260.0,,,,1.0,EVE踏墊                                                       
1100601GF0000001,DAYQQWW             ,1.0,900.0,組   ,280.0,,,,1.0,卡夢自排檔頭                                                      
1100601GF0000002,AXZ73285GQ2         ,1.0,2250.0,條   ,1250.0,,,,1.0,正時皮帶                                                        
1100601GF0000002,AXZ5GE2X            ,1.0,2300.0,各   ,1800.0,,,,2.0,正時固定輪                                                       
1100601GF0000002,AXZ73285G25X        ,1.0,3200.0,組   ,2200.0,,,,3.0,正時調整輪                                                       
1100603GF0000002,GN007J2WV           ,1.0,300.0,隻   ,75.0,,,,1.0,GN-007屋頂天線                                                  
1100622GF0000002,SAXO1040            ,5.0,500.0,罐   ,110.0,,,,1.0,SAXO 10W/40機油                                               
1100622GF0000002,PL55A5W             ,1.0,200.0,組   ,100.0,,,,2.0,PL-55面紙套                                                    
1100623GF0000001,WFJA                ,2.0,500.0,米   ,143.3,,,,1.0,導氣碳纖維膜(黑1.52*30)                                            
1100623GF0000002,D2RJV               ,1.0,2800.0,組   ,500.0,,,,1.0,擴大機維修                                                       
1100623GF0000002,HY889               ,1.0,400.0,組   ,145.0,,,,2.0,HY-889鑰匙圈                                                   
1100623GF0000002,RSENH73000K2Q       ,2.0,500.0,各   ,200.0,,,,3.0,RSEN H7 3000K燈泡                                             
1100623GF0000002,RSEN02F             ,2.0,1000.0,各   ,400.0,,,,4.0,RSEN安定器                                                     
1100625GF0000001,OB59G1              ,1.0,700.0,組   ,200.0,,,,1.0,OB-59門邊飾板                                                   
1100625GF0000001,EVEW2               ,1.0,600.0,組   ,260.0,,,,2.0,EVE踏墊                                                       
1100625GF0000001,DAYLKDL             ,1.0,1500.0,組   ,520.0,,,,3.0,日行燈-白光/黃光流水燈                                                
1100626GF0000001,LD9VTRXF            ,1.0,7000.0,組   ,3000.0,,,,1.0,LD-9電子式行車記錄器                                                
1100626GF0000001,ERQ602Q             ,1.0,2500.0,各   ,1750.0,,,,2.0,國際牌60電瓶                                                     
1100628GF0000001,DX0036              ,1.0,2000.0,組   ,300.0,,,,1.0,車身彩繪/DX-36                                                  
1100628GF0000001,R00044              ,1.0,400.0,捲   ,200.0,,,,2.0,邊條/卡夢黑銀                                                     
1100628GF0000001,T313HCRCAX          ,1.0,600.0,罐   ,300.0,,,,3.0,T-313磁護級三合一護膜                                               
1100628GF0000002,05EAXNQFMT          ,1.0,1000.0,組   ,600.0,,,,1.0,05冠美麗(四片)晴雨窗                                                
1100626GF0000001,LD9GPS              ,1.0,2000.0,組   ,1000.0,,,,3.0,LD-9 GPS天線                                                  
1100630GF0000001,UV2M11N             ,1.0,200.0,組   ,100.0,,,,1.0,音響電源一變4                                                     
1100630GF0000002,APPWWVGF            ,1.0,2500.0,組   ,1800.0,,,,1.0,APP抬頭顯示 OBT四代                                               
1100701GF0000001,K00295              ,2.0,300.0,張   ,50.0,,,,1.0,火焰/立體黑紅白                                                    
1100701GF0000001,ABTE040             ,1.0,1200.0,組   ,580.0,,,,2.0,ABT-E040Q3.0黑(3孔4USB)                                       
1100701GF0000001,EY                  ,1.0,200.0,次   ,0.0,,,,3.0,工資                                                          
1100701GF0000002,HK902DUX1           ,1.0,1200.0,組   ,260.0,,,,1.0,HK-902快音喇叭 WRC                                              
1100701GF0000002,GV2Q                ,1.0,100.0,各   ,3.5,,,,2.0,雙芯燈泡                                                        
1100702GF0000001,VUFMT               ,1.0,350.0,組   ,170.0,,,,1.0,雄鷹晴雨窗                                                       
1100702GF0000002,SAXO1040            ,4.0,350.0,罐   ,110.0,,,,1.0,SAXO 10W/40機油                                               
1100702GF0000002,BGDFV               ,1.0,1500.0,組   ,500.0,,,,2.0,瑞獅熱水鐵管                                                      
1100702GF0000002,BGFTDFV             ,1.0,400.0,各   ,150.0,,,,3.0,瑞獅空氣芯                                                       
1100702GF0000002,ZWUV                ,1.0,100.0,各   ,40.0,,,,4.0,豐田油芯                                                        
1100702GF0000002,ABROGV5X            ,1.0,800.0,罐   ,60.0,,,,5.0,ABRO水箱止漏劑                                                   
1100702GF0000002,ABROUFFVR           ,1.0,500.0,罐   ,95.0,,,,6.0,ABRO引擎清洗劑                                                   
1100702GF0000002,VBDGVR              ,1.0,650.0,罐   ,60.0,,,,7.0,向日葵水箱精                                                      
1100702GF0000002,2V2Q                ,1.0,100.0,各   ,3.0,,,,8.0,單芯燈泡                                                        
1100702GF0000002,4RR2F               ,1.0,150.0,各   ,35.0,,,,9.0,4角繼電器                                                       
1100702GF0000002,PYRAMIDGVFVR        ,1.0,700.0,罐   ,70.0,,,,10.0,美國原裝水箱清洗劑                                                   
1100702GF0000002,EY                  ,1.0,800.0,次   ,0.0,,,,11.0,工資                                                          
1100702GF0000002,JRR2F               ,1.0,300.0,各   ,50.0,,,,12.0,五角繼電器                                                       
1100702GF0000002,PNSUV84GR2          ,1.0,500.0,組   ,210.0,,,,13.0,PNS-UV84殺菌燈                                                 
1100702GF0000002,12FVRU5XR           ,1.0,600.0,罐   ,100.0,,,,14.0,八大全效機油精                                                     
1100702GF0000002,                    ,0.0,,,,,,,15.0,
1100705GF0000001,AY25C2D             ,1.0,3000.0,各   ,2150.0,,,,1.0,馬自達5後燈殼                                                     
1100706GF0000001,K00428              ,1.0,400.0,張   ,50.0,,,,1.0,老鷹/翅膀 立體黑紅                                                  
1100706GF0000001,CYTQ                ,2.0,500.0,各   ,250.0,,,,2.0,後座餐盤                                                        
1100708GF0000001,98UEQUW             ,1.0,2500.0,組   ,2000.0,,,,1.0,98雅歌皮椅套                                                     
1100709GF0000001,K00428              ,2.0,250.0,張   ,50.0,,,,1.0,老鷹/翅膀 立體黑紅                                                  
1100710GF0000001,2TVUJE              ,1.0,1000.0,組   ,450.0,,,,1.0,倒車顯影(外掛)                                                    
1100710GF0000002,M00244              ,2.0,150.0,張   ,80.0,,,,1.0,3D立體/天使貼飾                                                   
1100710GF0000002,EY                  ,1.0,1200.0,次   ,0.0,,,,2.0,工資                                                          
1100710GF0000002,                    ,0.0,,,,,,,3.0,
1100713GF0000001,3MR1CM              ,1.0,100.0,卷   ,50.0,,,,1.0,3M膠*1CM                                                     
1100713GF0000001,PNSDBC0251R         ,1.0,400.0,組   ,240.0,,,,2.0,一分二旋轉置杯架                                                    
1100713GF0000001,EY                  ,1.0,400.0,次   ,0.0,,,,3.0,工資                                                          
1100714GF0000001,LD72UVTRXF          ,1.0,3500.0,組   ,1500.0,,,,1.0,LD-7單眼行車記錄器                                                 
1100715GF0000001,NB1040              ,4.0,500.0,罐   ,200.0,,,,2.0,NB 10/40機油                                                  
1100715GF0000001,05TEANACVN          ,4.0,550.0,各   ,180.0,,,,3.0,05 TEANA 2.0火星塞                                             
1100715GF0000001,05TEANAD-           ,1.0,3000.0,組   ,1100.0,,,,4.0,05 TEANA 2.0 點火線圈(考耳)                                       
1100715GF0000001,ABROUFFVR           ,1.0,350.0,罐   ,95.0,,,,5.0,ABRO引擎清洗劑                                                   
1100715GF0000001,UX0GVR              ,1.0,300.0,罐   ,80.0,,,,6.0,亞力安水箱精                                                      
1100715GF0000001,ABRORU5XR           ,1.0,650.0,罐   ,150.0,,,,7.0,ABRO機油止漏劑                                                   
1101002GF0000002,MISSIONCVT          ,4.0,550.0,罐   ,230.0,,,,4.0,MISSION CVT-F自排油X+++                                        
1100715GF0000001,ABROQGUR            ,1.0,450.0,罐   ,90.0,,,,8.0,ABRO噴射油精                                                    
1100715GF0000001,RWFVR               ,1.0,1500.0,罐   ,350.0,,,,9.0,泡沫事積碳清洗劑                                                    
1100715GF0000001,VR1RUV              ,1.0,100.0,各   ,30.0,,,,10.0,新尖兵機油芯                                                      
1100715GF0000001,VAXDFV              ,1.0,250.0,組   ,100.0,,,,11.0,西米露(331)空氣芯                                                 
1100715GF0000001,CR20252T            ,1.0,100.0,各   ,22.0,,,,12.0,CR-2032電池                                                   
1100715GF0000001,05TEANAD-           ,1.0,3000.0,組   ,1300.0,,,,13.0,05 TEANA 2.0 點火線圈(考耳)                                       
1100717GF0000001,BOSCH95D23L         ,1.0,3500.0,各   ,2800.0,,,,1.0,BOSCG S5 Q85L 95D23L電瓶                                      
1100717GF0000002,LD7GVVTRXF          ,1.0,5300.0,組   ,2100.0,,,,1.0,LD-7雙眼行車記錄器                                                 
1100717GF0000002,KMWTV               ,1.0,200.0,各   ,40.0,,,,2.0,鱷魚頭出線                                                       
1100719GF0000001,V1                  ,1.0,800.0,組   ,400.0,,,,1.0,線包                                                          
1100702GF0000003,NB1040              ,4.0,500.0,罐   ,200.0,,,,1.0,NB 10/40機油                                                  
1100702GF0000003,02EAXDFV            ,1.0,450.0,各   ,100.0,,,,3.0,02冠美麗空氣芯                                                    
1100702GF0000003,ZWUV                ,1.0,100.0,各   ,40.0,,,,4.0,豐田油芯                                                        
1100702GF0000003,T10552              ,2.0,25.0,各   ,1.0,,,,5.0,T10中炸彈                                                      
1100702GF0000003,ZEROFV1UUR          ,1.0,300.0,罐   ,180.0,,,,6.0,ZERO全效保養汽車精[車牌]                                            
1100702GF0000003,X15U                ,1.0,100.0,各   ,40.0,,,,7.0,鋁箔遮陽                                                        
1100702GF0000003,EY                  ,1.0,500.0,次   ,0.0,,,,8.0,工資                                                          
1100702GF0000004,2TXWSDXU            ,1.0,750.0,組   ,380.0,,,,1.0,倒車雷達內崁兩眼-禾麟                                                 
1100703GF0000001,V81VTRXF            ,1.0,2500.0,組   ,1200.0,,,,1.0,V81行車記錄器雙眼(V37)                                             
1100531GF0000001,MISSIONCVT          ,4.0,500.0,罐   ,230.0,,,,14.0,MISSION CVT-F自排油X+++                                        
1100723GF0000001,SENFINECORU5X       ,1.0,550.0,罐   ,160.0,,,,5.0,西德SENFINECO機油止漏劑                                            
1100723GF0000001,RWFVR               ,1.0,1800.0,罐   ,350.0,,,,6.0,泡沫事積碳清洗劑                                                    
1100723GF0000001,ABROUFFVR           ,1.0,400.0,罐   ,95.0,,,,7.0,ABRO引擎清洗劑                                                   
1100723GF0000001,82VAUV              ,1.0,200.0,各   ,80.0,,,,9.0,8代喜美油芯                                                      
1100723GF0000002,A094                ,1.0,400.0,條   ,100.0,,,,1.0,A094方向盤套                                                    
1100723GF0000001,RSENBEMG26H         ,1.0,500.0,支   ,100.0,,,,10.0,RSEN軟骨雨刷 26吋                                                
1100723GF0000001,RSENBEMG20          ,1.0,300.0,支   ,90.0,,,,13.0,"RSEN軟骨雨刷 20""                                                "
1100723GF0000001,MISSIONCVT          ,4.0,600.0,罐   ,230.0,,,,14.0,MISSION CVT-F自排油X+++                                        
1100724GF0000001,SAXO5W50            ,5.0,550.0,罐   ,240.0,,,,1.0,SAXO 5W/50機油                                                
1100724GF0000001,FORTISDFV           ,1.0,400.0,各   ,200.0,,,,2.0,FORTIS空氣芯                                                   
1100724GF0000001,XGRUV               ,1.0,100.0,各   ,40.0,,,,3.0,菱帥機油芯                                                       
1100724GF0000001,ZEROFV1UUR          ,1.0,400.0,罐   ,180.0,,,,4.0,ZERO全效保養汽車精[車牌]                                            
1100724GF0000001,ABROZVQU            ,1.0,200.0,罐   ,100.0,,,,5.0,ABRO方向盤油(含止漏)                                               
1100724GF0000001,ERQ55D23L2Q         ,1.0,3000.0,各   ,2100.0,,,,6.0,國際牌70D23L電瓶瓶                                                
1100724GF0000002,NB1040              ,4.0,500.0,罐   ,200.0,,,,1.0,NB 10/40機油                                                  
1100724GF0000002,AYW3DFV             ,1.0,350.0,各   ,180.0,,,,2.0,馬自達3空氣芯                                                     
1100724GF0000002,XGRUV               ,1.0,100.0,各   ,40.0,,,,3.0,菱帥機油芯                                                       
1100726GF0000001,K00374              ,1.0,100.0,張   ,50.0,,,,1.0,彩繪貼紙/火貼紙                                                    
1100726GF0000001,PNSF405             ,1.0,350.0,組   ,120.0,,,,2.0,PNS-F405椅背散熱風扇DC5V                                          
1100726GF0000001,EY                  ,1.0,300.0,次   ,0.0,,,,3.0,工資                                                          
1100724GF0000003,K00428              ,1.0,100.0,張   ,50.0,,,,1.0,老鷹/翅膀 立體黑紅                                                  
1100724GF0000003,M00128BL            ,1.0,150.0,張   ,80.0,,,,2.0,火焰/藍貼紙                                                      
1100724GF0000003,M00244              ,7.0,150.0,張   ,80.0,,,,3.0,3D立體/天使貼飾                                                   
1100724GF0000003,PNSDBC0251R         ,1.0,550.0,組   ,240.0,,,,4.0,一分二旋轉置杯架                                                    
1100724GF0000003,EY                  ,1.0,650.0,次   ,0.0,,,,5.0,工資                                                          
1100726GF0000002,ABT060              ,1.0,2000.0,組   ,1350.0,,,,1.0,天行者無限定磅打氣機                                                  
1100726GF0000001,M00244              ,1.0,150.0,張   ,80.0,,,,4.0,3D立體/天使貼飾                                                   
1100726GF0000003,NB1040              ,5.0,500.0,罐   ,200.0,,,,1.0,NB 10/40機油                                                  
1100726GF0000003,XGRUV               ,1.0,200.0,各   ,40.0,,,,2.0,菱帥機油芯                                                       
1100726GF0000003,OBROFUR             ,1.0,400.0,罐   ,140.0,,,,3.0,OBRO汽油精                                                     
1100807GF0000001,TR51027CX1G         ,1.0,1300.0,組   ,350.0,,,,1.0,TR-51027方形洪藍對閃                                              
1100807GF0000001,RSENBEMG24H         ,1.0,400.0,支   ,90.0,,,,2.0,RSEN軟骨雨刷 24吋                                                
1100809GF0000001,EY                  ,1.0,300.0,次   ,0.0,,,,1.0,工資                                                          
1100809GF0000001,FLS5116G1           ,1.0,750.0,組   ,300.0,,,,2.0,[車牌]門邊飾板                                                
1100809GF0000001,UJGY                ,6.0,50.0,各   ,15.0,,,,3.0,英文數字                                                        
1100809GF0000001,5SR                 ,1.0,350.0,各   ,48.0,,,,4.0,助黏劑                                                         
1100809GF0000001,9080GAR             ,2.0,150.0,張   ,30.0,,,,5.0,NO-90803M雙面膠                                                
1100810GF0000001,EVEW2               ,1.0,500.0,組   ,260.0,,,,1.0,EVE踏墊                                                       
1100810GF0000001,MP35CG              ,1.0,900.0,組   ,480.0,,,,2.0,MP3轉換器                                                      
1100810GF0000001,MVHS125             ,1.0,2400.0,組   ,2000.0,,[已隱蔽],,3.0,PIONEER MVH-S125 USB主機                                      
1100810GF0000002,RSEND48000K         ,2.0,1000.0,各   ,500.0,,,,1.0,RSEN D4 8000K燈泡                                             
1100810GF0000003,BOSCHX1             ,1.0,800.0,組   ,450.0,,,,1.0,BOSCH喇叭                                                     
1100810GF0000003,EY                  ,1.0,300.0,次   ,0.0,,,,2.0,工資                                                          
1100810GF0000003,R2FVW               ,1.0,100.0,條   ,10.0,,,,3.0,繼電器線頭                                                       
1100810GF0000003,R2F                 ,1.0,100.0,組   ,25.0,,,,4.0,繼電器                                                         
1100810GF0000003,G2VY                ,1.0,500.0,組   ,180.0,,,,5.0,水滴線組                                                        
1100810GF0000003,EY                  ,1.0,500.0,次   ,0.0,,,,6.0,工資                                                          
1100810GF0000003,A7MVEY2             ,2.0,1000.0,各   ,400.0,,,,7.0,A-7圓形27W9顆工作燈(24V/12V)                                      
1100810GF0000003,                    ,0.0,,,,,,,8.0,
1100811GF0000001,NB1040              ,5.0,500.0,罐   ,200.0,,,,1.0,NB 10/40機油                                                  
1100811GF0000001,ZWUV                ,1.0,100.0,各   ,40.0,,,,2.0,豐田油芯                                                        
1100811GF0000001,A095                ,1.0,500.0,條   ,100.0,,,,3.0,A095方向盤套                                                    
1100811GF0000001,GV2Q                ,3.0,100.0,各   ,3.5,,,,4.0,雙芯燈泡                                                        
1100811GF0000001,GV2Y                ,1.0,300.0,各   ,15.0,,,,5.0,雙芯燈座                                                        
1100811GF0000001,CARDIOCA700.1A      ,1.0,11000.0,組   ,6800.0,,,,6.0,CARDIO CA-700.1A安卓主機                                        
1100811GF0000001,055MVTRXF           ,1.0,7000.0,組   ,3000.0,,,,7.0,安卓專用雙眼行車紀錄器                                                 
1100811GF0000001,2DR                 ,1.0,350.0,各   ,250.0,,,,8.0,讀卡機                                                         
1100811GF0000001,16G                 ,1.0,450.0,組   ,0.0,,,,9.0,16G                                                         
1100812GF0000001,ALTIS1UW            ,1.0,2800.0,組   ,1800.0,,,,1.0,2001-[車牌]IS布椅套                                           
1100812GF0000001,01ALTISTA1E2        ,1.0,600.0,組   ,210.0,,,,2.0,01-06ALTIS長毛避光墊                                             
1100812GF0000001,V3910BGWFZ2         ,1.0,300.0,各   ,220.0,,,,3.0,V-3910軟式透氣方墊                                                
1100812GF0000002,CORSSNQFMT          ,1.0,1500.0,組   ,600.0,,,,1.0,CORSS(四片)晴雨窗                                                
1100813GF0000001,V81VTRXF            ,1.0,2700.0,組   ,1200.0,,,,1.0,V81行車記錄器雙眼(V37)                                             
1100813GF0000001,99AMMG              ,1.0,400.0,罐   ,220.0,,,,2.0,99塗膜式乾燥免雨刷                                                  
1100813GF0000001,PNSS17              ,1.0,400.0,組   ,280.0,,,,3.0,QC4.03.4A 2USB車充                                            
1100816GF0000001,FLS5116G1           ,2.0,650.0,組   ,300.0,,,,1.0,[車牌]門邊飾板                                                
1100816GF0000001,EY                  ,1.0,300.0,次   ,0.0,,,,2.0,工資                                                          
1100816GF0000001,VBDXEX              ,4.0,100.0,罐   ,55.0,,,,3.0,向日葵橘油亮光蠟  [車牌]                                             
1100816GF0000002,DAYLKDL             ,1.0,1500.0,組   ,520.0,,,,1.0,日行燈-白光/黃光流水燈                                                
1100816GF0000002,VBDVATX             ,1.0,200.0,罐   ,65.0,,,,2.0,向日葵細目粗蠟                                                     
1110413GF0000002,BGC2D               ,1.0,1000.0,各   ,350.0,,,,1.0,瑞獅後燈殼                                                       
1110413GF0000002,2TBB                ,1.0,500.0,各   ,100.0,,,,2.0,倒車BIBI                                                      
1110413GF0000001,13ALTISD-           ,4.0,3000.0,各   ,1250.0,,,,1.0,13ALTIS 考耳                                                  
1110414GF0000002,09011LEDXR2         ,1.0,2500.0,組   ,650.0,,,,1.0,0[車牌]兩節燈(紅藍)12/24V                                      
1110414GF0000002,2UW                 ,1.0,500.0,組   ,17.0,,,,2.0,點菸頭出線                                                       
1110414GF0000002,PNSS24TY            ,1.0,400.0,組   ,130.0,,,,3.0,大功率雙孔插座+雙USB                                                
1110415GF0000001,VTRXFV              ,1.0,500.0,組   ,120.0,,,,1.0,行車記錄器線                                                      
1110416GF0000001,CORSS05103+32       ,1.0,13500.0,組   ,9000.0,,,,1.0,CORSS(ALTIS)八核3+32 10吋安卓主機                                  
1110416GF0000001,055MVTRXF           ,1.0,6500.0,組   ,3000.0,,,,2.0,安卓專用雙眼行車紀錄器                                                 
1110414GF0000001,TAB00112HGUVTRXF    ,1.0,9900.0,組   ,6500.0,,,,1.0,TA-B001 12吋測速聲控2k雙眼行車紀錄器                                    
1100726GF0000003,ZINGERDFV           ,1.0,350.0,各   ,200.0,,,,4.0,ZINGER空氣芯                                                   
1100726GF0000003,RSENGVR             ,1.0,150.0,罐   ,70.0,,,,5.0,RSEN水箱精                                                     
1100730GF0000001,SIENTA1.8FMT        ,1.0,900.0,組   ,400.0,,,,1.0,SINENTA 1.8(前)晴雨窗                                           
1100730GF0000002,V2IX35QGA2          ,1.0,2000.0,各   ,700.0,,,,1.0,現代IX35(前)噴水馬達                                               
1100731GF0000001,V81VTRXF            ,2.0,2500.0,組   ,1200.0,,,,1.0,V81行車記錄器雙眼(V37)                                             
1100731GF0000002,5E2Q                ,1.0,1500.0,組   ,0.0,,,,1.0,中古電瓶                                                        
1100731GF0000003,SAXO1040            ,4.0,350.0,罐   ,110.0,,,,1.0,SAXO 10W/40機油                                               
1100731GF0000003,ZWUV                ,1.0,100.0,各   ,40.0,,,,2.0,豐田油芯                                                        
1100731GF0000003,ALTISDFV            ,1.0,350.0,各   ,100.0,,,,3.0,ALTIS空氣芯                                                    
1100802GF0000001,CWTZVBCR            ,1.0,250.0,罐   ,60.0,,,,1.0,黑頭車防鏽潤滑劑                                                    
1100816GF0000002,K00133              ,1.0,100.0,張   ,50.0,,,,3.0,火焰/貼紙                                                       
1100816GF0000002,PNSSUN05            ,1.0,100.0,組   ,36.3,,,,4.0,雙面隔熱靜電隨意貼/2入                                                
1100816GF0000002,KX212EF             ,1.0,250.0,組   ,120.0,,,,5.0,TYPE-R頂高器                                                   
1100816GF0000002,PNSDBC0251R         ,1.0,500.0,組   ,240.0,,,,6.0,一分二旋轉置杯架                                                    
1100820GF0000001,LK1VTRXF            ,1.0,2000.0,組   ,1000.0,,,,1.0,LK-1行車記錄器                                                   
1100821GF0000001,NB1040              ,5.0,500.0,罐   ,200.0,,,,1.0,NB 10/40機油                                                  
1100821GF0000001,ESCAPE2.3DFV        ,1.0,350.0,各   ,400.0,,,,2.0,RSCAPE2.3空氣芯                                                
1100821GF0000001,FCOUSUV             ,1.0,250.0,各   ,100.0,,,,3.0,FCOUS油芯                                                     
1100821GF0000001,CARMATERUR          ,1.0,650.0,罐   ,300.0,,,,4.0,CARMATE機油精                                                  
1100821GF0000001,ABROQGUR            ,1.0,400.0,罐   ,90.0,,,,5.0,ABRO噴射油精                                                    
1100821GF0000001,PNST530             ,1.0,350.0,組   ,90.0,,,,6.0,LED工作燈/檢修燈-磁鐵                                               
1100821GF0000002,V81VTRXF            ,1.0,2500.0,組   ,1200.0,,,,1.0,V81行車記錄器雙眼(V37)                                             
1100821GF0000003,VBDVATX             ,1.0,140.0,罐   ,65.0,,,,1.0,向日葵細目粗蠟                                                     
1100821GF0000003,TYPERH4CR           ,1.0,500.0,組   ,170.0,,,,2.0,TYPE-R H4黃金燈泡                                               
1100823GF0000001,RSENT104RQ          ,1.0,200.0,卡   ,80.0,,,,1.0,RSEN T10 4晶                                                 
1100823GF0000002,HY662               ,2.0,1100.0,組   ,520.0,,,,1.0,HY-662簡便連結式椅套                                               
1100823GF0000002,ES122VG             ,1.0,250.0,組   ,125.0,,,,2.0,ES-122香水                                                    
1100823GF0000002,SF4005WAVQ          ,1.0,100.0,組   ,15.0,,,,3.0,SF-4005透明吸盤                                                 
1100823GF0000002,EY                  ,1.0,250.0,次   ,0.0,,,,4.0,工資                                                          
1100825GF0000001,3MGAR8*33           ,1.0,550.0,捲   ,350.0,,,,1.0,3M雙面膠(8mm*33)                                               
1100826GF0000001,AFL283578           ,2.0,200.0,組   ,81.8,,,,1.0,軟條燈2835-78LED                                               
1100826GF0000002,AFL283578           ,1.0,250.0,組   ,81.8,,,,1.0,軟條燈2835-78LED                                               
1100826GF0000003,CLA2500UV           ,1.0,750.0,各   ,550.0,,,,1.0,CLA-250專用油芯                                                 
1100826GF0000003,CLA250DFV           ,1.0,1250.0,各   ,860.0,,,,2.0,CLA-250空氣芯                                                  
1100826GF0000003,1G5MRU              ,6.0,550.0,罐   ,350.0,,,,3.0,賓士專用機油                                                      
1100826GF0000003,1G5MYQU             ,6.0,1100.0,罐   ,600.0,,,,4.0,賓士專用自排油                                                     
1100826GF0000003,ZERORFFVR           ,1.0,850.0,罐   ,320.0,,,,5.0,ZERO鉬元素+進氣閥除垢劑                                              
1100826GF0000003,2XGW                ,1.0,650.0,卷   ,80.0,,,,6.0,鍍洛門邊飾條                                                      
1100826GF0000003,H00861              ,1.0,50.0,張   ,30.0,,,,7.0,鶴/一對 立體 貼紙                                                  
1100826GF0000003,UJGY                ,5.0,50.0,各   ,15.0,,,,8.0,英文數字                                                        
1100826GF0000003,DAYL60XU2           ,1.0,2000.0,組   ,520.0,,,,9.0,DAYL-60超薄雙色LED白/黃                                           
1100826GF0000003,ABTA089             ,2.0,750.0,組   ,260.0,,,,10.0,卡夢防碰條                                                       
1100826GF0000003,EY                  ,1.0,1000.0,次   ,0.0,,,,11.0,工資                                                          
1100826GF0000003,EY                  ,1.0,800.0,次   ,0.0,,,,12.0,工資                                                          
1100826GF0000003,F2W5                ,1.0,1000.0,張   ,400.0,,,,13.0,前檔貼紙                                                        
1100826GF0000003,                    ,0.0,,,,,,,14.0,
1100826GF0000004,8CV3+325R           ,1.0,13000.0,組   ,9500.0,,,,1.0,8核心3+32安卓主機                                                 
1100826GF0000004,V81VTRXF            ,1.0,4000.0,組   ,1200.0,,,,2.0,V81行車記錄器雙眼(V37)                                             
1100826GF0000004,F501TAZQW           ,1.0,500.0,捲   ,140.0,,,,3.0,F501車門碰條                                                    
1100826GF0000004,13ALTISTA1E2        ,1.0,800.0,組   ,210.0,,,,4.0,13ALTIS長毛避光墊                                                
1100903GF0000001,2TVUJE              ,1.0,2500.0,組   ,450.0,,,,5.0,倒車顯影(外掛)                                                    
1100903GF0000001,16322T              ,4.0,150.0,各   ,25.0,,,,6.0,1632電池                                                      
1100903GF0000001,NXUR                ,1.0,100.0,各   ,40.0,,,,8.0,三菱油芯                                                        
1100904GF0000001,APPUD5D             ,1.0,1400.0,組   ,500.0,,,,1.0,APP遙控中控                                                     
1100903GF0000002,V81VTRXF            ,1.0,2500.0,組   ,1200.0,,,,1.0,V81行車記錄器雙眼(V37)                                             
1100908GF0000001,PNSHXT303           ,1.0,530.0,組   ,210.0,,,,1.0,雙風扇-儀錶板用DC12V                                               
1100908GF0000001,2UW                 ,2.0,150.0,組   ,17.0,,,,2.0,點菸頭出線                                                       
1100908GF0000001,ZEROVRMG22G         ,1.0,1100.0,支   ,350.0,,,,3.0,ZERO矽膠雨刷22吋                                                 
1100908GF0000001,ZEROVRMG24          ,1.0,1100.0,支   ,415.0,,,,4.0,ZERO矽膠雨刷24吋                                                 
1101012GF0000002,RSEND44300K         ,1.0,1000.0,各   ,500.0,,,,1.0,RSEN D4 4300K燈泡                                             
1100908GF0000001,PNSSUN05            ,1.0,100.0,組   ,36.3,,,,6.0,雙面隔熱靜電隨意貼/2入                                                
1100908GF0000002,EY                  ,1.0,500.0,次   ,0.0,,,,5.0,工資                                                          
1100908GF0000002,02EAXDFV            ,1.0,350.0,各   ,120.0,,,,6.0,02冠美麗空氣芯                                                    
1100909GF0000001,V81VTRXF            ,1.0,4500.0,組   ,1200.0,,,,1.0,V81行車記錄器雙眼(V37)                                             
1100909GF0000002,V81VTRXF            ,1.0,4000.0,組   ,1200.0,,,,1.0,V81行車記錄器雙眼(V37)                                             
1100909GF0000002,GHA3442DTY          ,1.0,262.0,組   ,50.0,,,,2.0,單孔插座/附線                                                     
1100910GF0000001,V81VTRXF            ,2.0,2500.0,組   ,1200.0,,,,1.0,V81行車記錄器雙眼(V37)                                             
1100910GF0000002,SMD60LED            ,0.5,1000.0,各   ,150.0,,,,1.0,SMD 60 LED燈條                                                
1100908GF0000002,02EAXF2AW           ,1.0,6000.0,組   ,3300.0,,,,1.0,02冠美麗啟動馬達                                                   
1100911GF0000001,LD9VTRXF            ,1.0,6800.0,組   ,3000.0,,,,1.0,LD-9電子式行車記錄器                                                
1100911GF0000001,AL5003TY-CU         ,1.0,200.0,組   ,150.0,,,,2.0,AL-5003車載二合一                                                
1100913GF0000001,CJ5T2800MUJV        ,1.0,2000.0,次   ,900.0,,,,1.0,悍衛者GPS-T2800測速器語音維修                                         
1100914GF0000001,AFL283578           ,1.0,200.0,組   ,81.8,,,,1.0,軟條燈2835-78LED                                               
1100916GF0000001,NB1040              ,4.0,500.0,罐   ,200.0,,,,1.0,NB 10/40機油                                                  
1100916GF0000001,ELANTRDFV           ,1.0,450.0,各   ,250.0,,,,2.0,ELANTR空氣芯                                                   
1100916GF0000001,NXUR                ,1.0,100.0,各   ,40.0,,,,3.0,三菱油芯                                                        
1100916GF0000001,ELANTRXFXJ          ,1.0,450.0,各   ,250.0,,,,4.0,ELANTRA冷氣濾網                                                 
1100916GF0000001,RWFVR               ,1.0,1000.0,罐   ,350.0,,,,5.0,泡沫事積碳清洗劑                                                    
1100917GF0000001,ID300K5252U         ,1.0,6000.0,組   ,3800.0,,,,1.0,ID-300K主動重低音                                                
1100917GF0000001,AV5F2               ,1.0,500.0,組   ,250.0,,,,2.0,AV轉換附啟動                                                     
1100826GF0000004,ABTA106             ,1.0,700.0,組   ,450.0,,,,5.0,牛皮碳纖維玩命關頭                                                   
1100826GF0000004,593GUSBY            ,1.0,400.0,組   ,140.0,,,,6.0,593雙USB一分三座載充(黑白)                                           
1100828GF0000001,H00352              ,2.0,50.0,張   ,30.0,,,,1.0,HKS/貼紙                                                      
1100828GF0000001,K00295              ,2.0,100.0,張   ,50.0,,,,2.0,火焰/立體黑紅白                                                    
1100828GF0000001,VBDXEX              ,2.0,100.0,罐   ,55.0,,,,3.0,向日葵橘油亮光蠟  [車牌]                                             
1100901GF0000001,AFL283578           ,2.0,500.0,組   ,81.8,,,,1.0,軟條燈2835-78LED                                               
1100903GF0000001,NB1040              ,5.0,500.0,罐   ,200.0,,,,1.0,NB 10/40機油                                                  
1100903GF0000001,AYW3DFV             ,1.0,450.0,各   ,180.0,,,,2.0,馬自達3空氣芯                                                     
1100903GF0000001,ZEROAMN+RFC         ,1.0,850.0,罐   ,320.0,,,,4.0,ZERO鉬元素+噴油嘴除扣劑                                              
1100908GF0000001,PS255R2W            ,2.0,300.0,組   ,80.0,,,,5.0,PS-255靜電貼                                                   
1100917GF0000001,EY                  ,1.0,1000.0,次   ,0.0,,,,3.0,工資                                                          
1100917GF0000001,V1                  ,1.0,1000.0,組   ,400.0,,,,4.0,線包                                                          
1100918GF0000001,RSENH116000K        ,2.0,300.0,各   ,150.0,,,,1.0,RSEB H11 6000K HID燈泡                                        
1100918GF0000001,RSEN02F             ,2.0,600.0,各   ,400.0,,,,2.0,RSEN安定器                                                     
1100918GF0000002,ZV5G539HNF          ,1.0,2500.0,組   ,1500.0,,,,1.0,發現者F-539測速器                                                 
1100918GF0000002,V81VTRXF            ,1.0,2500.0,組   ,1200.0,,,,2.0,V81行車記錄器雙眼(V37)                                             
1100918GF0000003,TURBOH11            ,1.0,2000.0,組   ,1200.0,,,,1.0,TURBO H11 LED燈泡                                             
1100918GF0000003,AFL283578           ,2.0,500.0,組   ,81.8,,,,2.0,軟條燈2835-78LED                                               
1100918GF0000003,T10506FHUD2         ,1.0,600.0,組   ,128.0,,,,3.0,T10 506七彩遙控燈                                                
1100918GF0000003,VBDVATX             ,1.0,200.0,罐   ,65.0,,,,4.0,向日葵細目粗蠟                                                     
1100920GF0000001,LD9VTRXF            ,1.0,7200.0,組   ,3000.0,,,,1.0,LD-9電子式行車記錄器                                                
1100920GF0000001,AFL283578           ,2.0,400.0,組   ,81.8,,,,2.0,軟條燈2835-78LED                                               
1100920GF0000001,GHA3442DTY          ,1.0,300.0,組   ,50.0,,,,3.0,單孔插座/附線                                                     
1100923GF0000001,RSENH113000K2Q      ,2.0,800.0,各   ,200.0,,,,1.0,RSEN H11 3000K燈泡                                            
1100923GF0000001,RSEN02F             ,1.0,1000.0,各   ,400.0,,,,2.0,RSEN安定器                                                     
1100924GF0000001,05TEANAZ2R          ,1.0,10000.0,組   ,6000.0,,[已隱蔽],,1.0,05TEANA發電機(正)                                               
1100924GF0000001,05TEANAUF2Q         ,1.0,4000.0,組   ,1350.0,,,,2.0,05TEANA引擎墊片                                                 
1100924GF0000001,XA                  ,1.0,2000.0,次   ,350.0,,[已隱蔽],,3.0,冷媒                                                          
1100924GF0000001,EY                  ,1.0,500.0,次   ,0.0,,,,4.0,工資                                                          
1100924GF0000001,ERQ55D23L2Q         ,1.0,2800.0,各   ,2100.0,,,,5.0,國際牌70D23L電瓶瓶                                                
1100925GF0000001,SENFINCEOXFZVFRR    ,1.0,1500.0,罐   ,350.0,,[已隱蔽],,1.0,西德SENFINCEO冷氣風箱清潔劑                                          
1100925GF0000001,XA                  ,1.0,800.0,次   ,350.0,,,,2.0,冷媒                                                          
1100925GF0000001,16322T              ,4.0,100.0,各   ,25.0,,,,3.0,1632電池                                                      
1100927GF0000001,S28WGDE             ,1.0,100.0,組   ,38.0,,,,1.0,S-28貼式二段開關                                                  
1100928GF0000001,LD9GPS              ,1.0,2000.0,組   ,1000.0,,,,1.0,LD-9 GPS天線                                                  
1100928GF0000001,LD9VTRXFUTV         ,1.0,1000.0,組   ,100.0,,,,2.0,LD-9行車記錄器延長線                                                
1100928GF0000001,KMWTV               ,1.0,500.0,各   ,40.0,,,,3.0,鱷魚頭出線                                                       
1100928GF0000001,LD9VTRXF            ,1.0,7500.0,組   ,3000.0,,,,4.0,LD-9電子式行車記錄器                                                
1100928GF0000001,EY                  ,1.0,800.0,次   ,0.0,,,,5.0,工資                                                          
1100928GF0000001,PS255R2W            ,1.0,200.0,組   ,80.0,,,,6.0,PS-255靜電貼                                                   
1100929GF0000001,BW2                 ,1.0,150.0,條   ,90.0,,,,1.0,軟條燈                                                         
1100930GF0000001,A094                ,1.0,400.0,條   ,100.0,,,,1.0,A094方向盤套                                                    
1100930GF0000002,VUGQ2W              ,1.0,800.0,組   ,280.0,,,,1.0,下壓式排檔頭                                                      
1100930GF0000003,CARDIO8C32TIDA      ,1.0,13500.0,組   ,9500.0,,,,1.0,TIDA CARDIO 8核+32DVD主機                                      
1100930GF0000003,V81GUVTRXFF         ,1.0,2700.0,組   ,1100.0,,,,2.0,V81雙眼行車記錄器(前)                                               
1100930GF0000003,AL5003TY-CU         ,1.0,300.0,組   ,150.0,,,,3.0,AL-5003車載二合一                                                
1101002GF0000001,LD9VTRXF            ,1.0,8500.0,組   ,3000.0,,,,2.0,LD-9電子式行車記錄器                                                
1101002GF0000001,XFXJALTIS           ,1.0,500.0,各   ,150.0,,,,3.0,冷氣濾網 ALTIS                                                  
1101001GF0000001,RSENT104014242      ,1.0,700.0,組   ,160.0,,,,1.0,RSEN T10 4014 24燈                                           
1101002GF0000001,RSEND48000K         ,2.0,1800.0,各   ,500.0,,,,5.0,RSEN D4 8000K燈泡                                             
1101001GF0000001,RSENT105630         ,1.0,600.0,卡   ,120.0,,,,2.0,RSEN T10 5630 10燈                                           
1101001GF0000001,F00523              ,1.0,100.0,張   ,20.0,,,,3.0,龍/二入貼紙                                                      
1101001GF0000001,EY                  ,1.0,500.0,次   ,0.0,,,,4.0,工資                                                          
1101001GF0000001,IN39LED             ,1.0,800.0,組   ,210.0,,,,5.0,IN39 LED室內燈                                                 
1101001GF0000001,NO771WVG            ,1.0,300.0,各   ,75.0,,,,6.0,NO-77備長炭香水                                                  
1101002GF0000001,DAY2F               ,2.0,750.0,各   ,520.0,,,,4.0,檜木座墊(前)                                                     
1101002GF0000002,SAXO1040            ,4.0,350.0,罐   ,110.0,,,,1.0,SAXO 10W/40機油                                               
1101002GF0000002,XFXJALTIS           ,1.0,400.0,各   ,150.0,,,,3.0,冷氣濾網 ALTIS                                                  
1101004GF0000001,RSENHID5RF          ,1.0,500.0,各   ,100.0,,,,1.0,RSEN HID轉接器                                                 
1101229GF0000001,MISSIONYQU          ,4.0,300.0,罐   ,95.8,,,,5.0,MISSIOM自排油                                                  
1101004GF0000002,TYPER90062Q         ,1.0,500.0,組   ,170.0,,,,1.0,TYPE-R9006黃金燈泡                                              
1101006GF0000001,BW260CM             ,0.5,300.0,條   ,80.0,,,,1.0,軟條燈60CM                                                     
1101006GF0000001,AFL283578           ,1.0,250.0,組   ,81.8,,,,2.0,軟條燈2835-78LED                                               
1101005GF0000001,RSENHID90066000K2Q  ,1.0,500.0,各   ,150.0,,,,1.0,R[車牌] 6000K燈泡                                           
1101006GF0000002,DX0036              ,1.0,2000.0,組   ,300.0,,,,1.0,車身彩繪/DX-36                                                  
1101006GF0000002,M00128BL            ,1.0,150.0,張   ,80.0,,,,2.0,火焰/藍貼紙                                                      
1101006GF0000002,EY                  ,1.0,350.0,次   ,0.0,,,,3.0,工資                                                          
1101006GF0000003,PNSSUN006-70        ,1.0,700.0,組   ,290.0,,,,1.0,70CM百褶式前檔玻璃遮陽簾(鋁箔膜)                                         
1101006GF0000003,PNSSUN006           ,1.0,700.0,組   ,270.0,,,,2.0,6.5CM百摺式前擋風玻璃遮陽簾                                            
1101006GF0000002,K00374              ,4.0,100.0,張   ,50.0,,,,4.0,彩繪貼紙/火貼紙                                                    
1101006GF0000002,VBDXEX              ,2.0,100.0,罐   ,55.0,,,,5.0,向日葵橘油亮光蠟  [車牌]                                             
1101007GF0000001,R2W                 ,1.0,300.0,組   ,0.0,,,,1.0,靜電條                                                         
1101007GF0000002,15EAX4+32DVD5R      ,1.0,10000.0,組   ,7000.0,,,,1.0,15冠美麗4+32核 DVD主機                                            
1101008GF0000001,RW3FQUW             ,1.0,3000.0,組   ,1350.0,,,,1.0,堅達3期皮椅套                                                     
1101008GF0000001,NCUZAF              ,1.0,1500.0,組   ,280.0,,,,3.0,KY-229三合一蜂鳴器                                                
1101008GF0000002,ZV5Q5VTRXF          ,1.0,3000.0,組   ,1400.0,,,,1.0,發現者Q5行車記錄器                                                  
1101009GF0000001,V81VTRXF            ,1.0,2500.0,組   ,1200.0,,,,1.0,V81行車記錄器雙眼(V37)                                             
1101011GF0000001,ERQ602Q             ,1.0,2500.0,各   ,1750.0,,,,1.0,國際牌60電瓶                                                     
1101011GF0000001,2UY24.8A            ,1.0,800.0,組   ,310.0,,,,2.0,點煙座 2+2+1 4.8A KIKE                                         
1101008GF0000001,2TXWJX              ,1.0,2000.0,組   ,380.0,,,,4.0,倒車雷達外露                                                      
1110115GF0000002,ZWUV                ,1.0,100.0,各   ,40.0,,,,2.0,豐田油芯                                                        
1110115GF0000002,ALTISDFV            ,1.0,400.0,各   ,100.0,,,,3.0,ALTIS空氣芯                                                    
1110115GF0000002,V37TDGUVTRXF        ,1.0,2700.0,組   ,1500.0,,,,4.0,V37觸控雙眼行車紀錄器                                                
1110115GF0000003,AFL283578           ,4.0,500.0,組   ,81.8,,,,2.0,軟條燈2835-78LED                                               
1110115GF0000003,XFXJALTIS           ,1.0,500.0,各   ,150.0,,,,3.0,冷氣濾網 ALTIS                                                  
1110115GF0000003,SENFINCEOXFZVFRR    ,1.0,1500.0,罐   ,350.0,,,,4.0,西德SENFINCEO冷氣風箱清潔劑                                          
1110115GF0000003,AFL5050FH           ,2.0,550.0,條   ,108.0,,,,5.0,[車牌]12七彩LED                                             
1110115GF0000003,AFL5050FH           ,2.0,900.0,條   ,108.0,,,,6.0,[車牌]12七彩LED                                             
1110115GF0000003,LASTS2DVG           ,2.0,100.0,各   ,30.0,,,,7.0,LASTS吊卡香水                                                   
1110117GF0000001,ERQ55D23L2Q         ,1.0,2700.0,各   ,2100.0,,,,1.0,國際牌70D23L電瓶瓶                                                
1101011GF0000001,EY                  ,1.0,200.0,次   ,0.0,,,,3.0,工資                                                          
1101012GF0000001,BCF16161RDF         ,1.0,20000.0,次   ,6000.0,,,,1.0,[車牌]鈑金烤漆                                                
1101012GF0000001,DX0036              ,1.0,2680.0,組   ,300.0,,,,2.0,車身彩繪/DX-36                                                  
1101012GF0000003,A740VTRXF           ,1.0,5000.0,組   ,2500.0,,,,1.0,A-740行車記錄器+GPS                                              
1101012GF0000003,16322T              ,1.0,150.0,各   ,25.0,,,,2.0,1632電池                                                      
1101012GF0000003,20322T              ,1.0,150.0,各   ,60.0,,,,3.0,2032電池                                                      
1101012GF0000004,HY662               ,1.0,1000.0,組   ,520.0,,,,1.0,HY-662簡便連結式椅套                                               
1101012GF0000005,KMWTV               ,1.0,80.0,各   ,40.0,,,,1.0,鱷魚頭出線                                                       
1101012GF0000005,JKS58ZVDE           ,1.0,100.0,組   ,38.0,,,,2.0,JK40-S58附線插頭(公)開關                                           
1101013GF0000001,SENFINECOGV5XR      ,1.0,450.0,罐   ,150.0,,,,1.0,西德SENFINECO水箱止漏劑                                            
1101013GF0000001,GVE1.12             ,1.0,350.0,各   ,90.0,,,,2.0,水箱蓋1.1(大頭)                                                  
1081216GF0000001,ERQ55D23L2Q         ,1.0,2800.0,各   ,2100.0,,,,1.0,國際牌70D23L電瓶瓶                                                
1081216GF0000001,05XGJ1G             ,1.0,1500.0,組   ,0.0,,,,2.0,05菱帥外把手                                                     
1081216GF0000001,05XGZGV             ,1.0,850.0,組   ,0.0,,,,3.0,05菱帥副水箱                                                     
1081216GF0000001,RSENGVR             ,1.0,250.0,罐   ,70.0,,,,4.0,RSEN水箱精                                                     
1101014GF0000001,V81VTRXF            ,1.0,2500.0,組   ,1200.0,,,,1.0,V81行車記錄器雙眼(V37)                                             
1101015GF0000001,V81VTRXF            ,2.0,2500.0,組   ,1200.0,,,,1.0,V81行車記錄器雙眼(V37)                                             
1101015GF0000001,S27CTYZ1VNY         ,2.0,150.0,組   ,60.0,,,,2.0,S27C插式附(管式含10A)保險絲座                                         
1101016GF0000001,UUZV10D             ,1.0,900.0,組   ,450.0,,,,1.0,鷹眼燈方形10顆(1對2)                                               
1101016GF0000001,AFL283578           ,1.0,200.0,組   ,81.8,,,,2.0,軟條燈2835-78LED                                               
1101018GF0000001,V18H11LED           ,1.0,3200.0,組   ,1700.0,,,,1.0,V18 H11 LED大燈                                               
1101018GF0000001,N1QWZ1TR            ,1.0,300.0,罐   ,150.0,,,,2.0,傘兵牌鐵粉拔除劑[車牌]                                               
1101018GF0000001,B6002DX.ABH1        ,1.0,500.0,各   ,300.0,,,,3.0,B6002可力優美容磁土布                                               
1101018GF0000001,CARGTUV             ,1.0,200.0,罐   ,75.0,,,,4.0,CAR煞車油(小)                                                   
1101020GF0000001,RMQUW               ,1.0,2350.0,組   ,1350.0,,,,1.0,勁勇皮椅套                                                       
1101020GF0000001,RX1VG1              ,1.0,450.0,條   ,180.0,,,,3.0,嘉麗寶吸水布                                                      
1101020GF0000002,2TXWSDXU            ,1.0,750.0,組   ,380.0,,,,1.0,倒車雷達內崁兩眼-禾麟                                                 
1101021GF0000003,2TXWMTNU            ,1.0,1500.0,組   ,1050.0,,,,1.0,原廠型倒車雷達16.5mm(四眼)                                           
1101021GF0000003,MTVGJ2TXW           ,1.0,1800.0,組   ,1050.0,,,,2.0,原廠型數位倒車雷達16.5MM(四眼)                                         
1101019GF0000001,RSEND46000K         ,1.0,1200.0,各   ,500.0,,,,1.0,RSEN D4 6000K燈泡                                             
1101021GF0000002,UJGY                ,9.0,70.0,各   ,35.0,,,,1.0,英文數字                                                        
1101021GF0000002,9080GAR             ,2.0,100.0,張   ,30.0,,,,2.0,NO-90803M雙面膠                                                
1101021GF0000002,K00133              ,2.0,100.0,張   ,50.0,,,,3.0,火焰/貼紙                                                       
1101021GF0000002,M00128BL            ,1.0,150.0,張   ,80.0,,,,4.0,火焰/藍貼紙                                                      
1101021GF0000002,F00523              ,1.0,40.0,張   ,20.0,,,,5.0,龍/二入貼紙                                                      
1101024GF0000001,NB1040              ,4.0,500.0,罐   ,200.0,,,,1.0,NB 10/40機油                                                  
1101024GF0000001,VBDQEYB1UR          ,1.0,300.0,罐   ,100.0,,,,2.0,向日葵皮革滋潤保養液                                                  
1101024GF0000001,XRW                 ,1.0,399.0,各   ,150.0,,,,3.0,拉圾桶                                                         
1101023GF0000001,ZEROVRMG16          ,1.0,800.0,支   ,325.0,,,,1.0,ZERO矽膠雨刷16吋                                                 
1101021GF0000002,3M12*15             ,1.0,200.0,組   ,80.0,,,,6.0,3M膠12*15mm(2入)                                              
1101023GF0000001,ZEROVRMG26          ,1.0,1000.0,支   ,415.0,,,,2.0,ZERO 26吋矽膠雨刷                                                
1101025GF0000002,GV5XJ               ,1.0,400.0,片   ,230.0,,,,1.0,水箱罩鋁網                                                       
1101021GF0000002,EY                  ,1.0,580.0,次   ,0.0,,,,7.0,工資                                                          
1101026GF0000002,V81GUVTRXFF         ,1.0,2500.0,組   ,1100.0,,,,1.0,V81雙眼行車記錄器(前)                                               
1101026GF0000002,WF0306TW            ,1.0,300.0,組   ,160.0,,,,2.0,WF-0306三孔插頭                                                 
1101027GF0000001,2TXWSDXU            ,1.0,750.0,組   ,380.0,,,,1.0,倒車雷達內崁兩眼-禾麟                                                 
1101027GF0000002,WF55D23L2Q          ,1.0,2400.0,各   ,1800.0,,,,1.0,湯淺55D23電瓶                                                   
1101026GF0000001,V81VTRXF            ,1.0,2500.0,組   ,1200.0,,,,1.0,V81行車記錄器雙眼(V37)                                             
1101027GF0000003,V81VTRXF            ,1.0,4000.0,組   ,1200.0,,,,1.0,V81行車記錄器雙眼(V37)                                             
1101029GF0000001,ID12H52U            ,1.0,6000.0,組   ,3800.0,,,,1.0,ID 12吋重低音(藍)                                                
1101029GF0000001,52UDTY              ,1.0,500.0,組   ,350.0,,,,2.0,重低音快拆組                                                      
1101029GF0000001,EY                  ,1.0,1750.0,次   ,0.0,,,,3.0,工資                                                          
1101029GF0000001,AVV1.0              ,1.0,250.0,條   ,60.0,,,,4.0,AV線1.0mm                                                    
1101029GF0000001,AVVCV4.5M           ,1.0,250.0,條   ,100.0,,,,5.0,AV訊號線4.5M                                                   
1101029GF0000001,HK800JGX1           ,1.0,800.0,組   ,190.0,,,,6.0,HK-800 WRC渦式喇叭                                              
1101029GF0000001,1VNY                ,1.0,250.0,各   ,100.0,,,,7.0,圓保險絲座                                                       
1101029GF0000001,32G                 ,1.0,500.0,各   ,250.0,,,,8.0,32G卡片                                                       
1101029GF0000001,GWA                 ,2.0,100.0,各   ,30.0,,,,9.0,雙頭母                                                         
1101029GF0000002,PNSSUN006           ,1.0,700.0,組   ,270.0,,,,1.0,6.5CM百摺式前擋風玻璃遮陽簾                                            
1101029GF0000002,PNSSUN006-70        ,1.0,700.0,組   ,290.0,,,,2.0,70CM百褶式前檔玻璃遮陽簾(鋁箔膜)                                         
1101030GF0000001,KY359FE             ,2.0,175.0,各   ,90.0,,,,1.0,KY-359旗桿                                                    
1101030GF0000002,PNSF6037TY          ,1.0,250.0,組   ,120.0,,,,1.0,PNS-F6037三孔插座                                               
1101103GF0000001,3M2CM               ,1.0,150.0,捲   ,75.0,,,,1.0,3M膠*2CM                                                     
1101103GF0000001,3M12*15             ,1.0,200.0,組   ,80.0,,,,2.0,3M膠12*15mm(2入)                                              
1101103GF0000001,UJGY                ,4.0,70.0,各   ,35.0,,,,3.0,英文數字                                                        
1101103GF0000001,EY                  ,1.0,170.0,次   ,0.0,,,,4.0,工資                                                          
1101029GF0000001,G255630GV2Q         ,1.0,500.0,組   ,240.0,,,,10.0,G25-5630後煞車燈雙芯燈泡                                            
1101103GF0000002,V81VTRXF            ,1.0,2500.0,組   ,1200.0,,,,1.0,V81行車記錄器雙眼(V37)                                             
1101103GF0000003,RSENGR16R           ,3.0,350.0,組   ,80.0,,,,1.0,RSEN雙尖室內燈16晶(31mm)                                          
1101108GF0000002,CANBUS02F           ,1.0,3000.0,各   ,650.0,,,,1.0,CANBUS安定器                                                   
1101103GF0000003,RSEN02F             ,1.0,1500.0,各   ,400.0,,,,2.0,RSEN安定器                                                     
1101103GF0000003,RSENHID5RF          ,1.0,500.0,各   ,100.0,,,,3.0,RSEN HID轉接器                                                 
1101105GF0000001,SAXO1040            ,4.0,350.0,罐   ,110.0,,,,1.0,SAXO 10W/40機油                                               
1101105GF0000001,VR1RUV              ,1.0,100.0,各   ,30.0,,,,2.0,新尖兵機油芯                                                      
1101105GF0000001,XA                  ,1.0,800.0,次   ,350.0,,,,3.0,冷媒                                                          
1101105GF0000001,12FVRU5XR           ,1.0,450.0,罐   ,100.0,,,,4.0,八大全效機油精                                                     
1101105GF0000001,SAXOQUYFRR          ,1.0,350.0,罐   ,80.0,,,,5.0,SAXO噴油嘴清潔劑                                                  
1101105GF0000001,TIDADFV             ,1.0,350.0,各   ,180.0,,,,6.0,TIDA空氣芯                                                     
1101105GF0000002,G255630GV2Q         ,2.0,550.0,組   ,240.0,,,,1.0,G25-5630後煞車燈雙芯燈泡                                            
1101105GF0000003,RSEN02F             ,2.0,750.0,各   ,400.0,,,,1.0,RSEN安定器                                                     
1110126GF0000002,FTCGRZEQ            ,1.0,250.0,組   ,85.0,,,,1.0,汽車後視鏡反光貼片                                                   
1110126GF0000002,FTZEW5              ,4.0,350.0,張   ,120.0,,,,2.0,汽車反光貼紙                                                      
1110126GF0000002,LEO695              ,1.0,200.0,卷   ,40.0,,,,3.0,車身貼線/螢光粉(30尺)                                               
1110126GF0000002,D00392              ,1.0,50.0,張   ,12.0,,,,4.0,班尼頓貼紙                                                       
1110126GF0000002,EY                  ,1.0,600.0,次   ,0.0,,,,5.0,工資                                                          
1110128GF0000001,LEDXG2W             ,1.0,2000.0,組   ,170.0,,,,1.0,LED流水燈條1.2MM                                                
1110128GF0000001,ZJTUA               ,1.0,300.0,罐   ,85.0,,,,2.0,防霧除油膜                                                       
1110128GF0000001,VBDXEX              ,1.0,100.0,罐   ,55.0,,,,3.0,向日葵橘油亮光蠟  [車牌]                                             
1110128GF0000001,ABROTA1CQX          ,1.0,350.0,罐   ,130.0,,,,4.0,ABRO車身保護噴蠟                                                  
1110128GF0000001,EY                  ,1.0,250.0,次   ,0.0,,,,5.0,工資                                                          
1110309GF0000002,12FVRU5XR           ,1.0,450.0,罐   ,100.0,,,,6.0,八大全效機油精                                                     
1110309GF0000002,04WISHXXQ           ,1.0,2300.0,組   ,1100.0,,,,7.0,04-09WISH來令片                                                
1110310GF0000001,RSEN56ZVQW          ,1.0,550.0,條   ,250.0,,,,1.0,RSEN-56牛皮方向盤套                                               
1110310GF0000002,09FORTISYFABSVCV    ,1.0,3000.0,組   ,2000.0,,[已隱蔽],,1.0,09FORTIS(左前)ABS訊號線                                          
1110312GF0000001,2TXWSDXU            ,1.0,750.0,組   ,380.0,,,,1.0,倒車雷達內崁兩眼-禾麟                                                 
1110312GF0000001,                    ,0.0,,,,,,,2.0,
1110312GF0000002,RSENH78000K         ,1.0,1100.0,各   ,150.0,,,,1.0,RSEN h7 8000K 燈泡                                            
1110312GF0000003,2TXWSDXU            ,1.0,750.0,組   ,380.0,,,,1.0,倒車雷達內崁兩眼-禾麟                                                 
1110312GF0000004,KYOROKU530RU        ,4.0,600.0,罐   ,160.5,,,,1.0,巨力5/30汽柴機油                                                  
1110312GF0000004,VR1RUV              ,1.0,100.0,各   ,50.0,,,,2.0,新尖兵機油芯                                                      
1101029GF0000003,ZWUV                ,1.0,100.0,各   ,40.0,,,,1.0,豐田油芯                                                        
1101029GF0000003,ALTISDFV            ,1.0,400.0,各   ,100.0,,,,2.0,ALTIS空氣芯                                                    
1101029GF0000003,LEDXG2W             ,1.0,1500.0,組   ,170.0,,,,3.0,LED流水燈條1.2MM                                                
1101029GF0000003,ERQ602Q             ,1.0,2500.0,各   ,1750.0,,,,4.0,國際牌60電瓶                                                     
1101029GF0000003,SAXOQUYFRR          ,1.0,400.0,罐   ,80.0,,,,5.0,SAXO噴油嘴清潔劑                                                  
1101029GF0000003,12FVRU5XR           ,1.0,600.0,罐   ,100.0,,,,6.0,八大全效機油精                                                     
1101029GF0000003,SENFINCEOXFZVFRR    ,1.0,1500.0,罐   ,350.0,,,,7.0,西德SENFINCEO冷氣風箱清潔劑                                          
1101029GF0000003,KYOROKU530RU        ,4.0,550.0,罐   ,160.5,,,,8.0,巨力5/30汽柴機油                                                  
1101029GF0000003,CARMATGTU2          ,1.0,1000.0,罐   ,120.0,,,,9.0,CARMAT煞車油(大)                                                
1101029GF0000003,3032YXAFXXW         ,3.0,3800.0,條   ,3500.0,,,,10.0,[車牌]米其林輪胎                                                
1101105GF0000003,TYPERH3CR2Q         ,1.0,1000.0,組   ,170.0,,,,2.0,TYPE-R H3黃金燈泡                                               
1101105GF0000003,LEDV2Q72WCN         ,1.0,1700.0,組   ,750.0,,,,3.0,LED小單排(黃光)72W 12/24v                                        
1101105GF0000003,RSENH18000K         ,2.0,500.0,各   ,150.0,,,,4.0,RSEN H1 8000K燈泡                                             
1101108GF0000001,F501TAZQW           ,1.0,400.0,捲   ,140.0,,,,1.0,F501車門碰條                                                    
1101110GF0000001,RSENH113000K2Q      ,2.0,500.0,各   ,200.0,,,,1.0,RSEN H11 3000K燈泡                                            
1101110GF0000001,RSEN02F             ,2.0,1000.0,各   ,400.0,,,,2.0,RSEN安定器                                                     
1101110GF0000001,RSENHIDRAF          ,2.0,750.0,各   ,150.0,,,,3.0,RSEN HID解碼器                                                 
1101110GF0000002,SAXOQUYFRR          ,1.0,400.0,罐   ,80.0,,,,1.0,SAXO噴油嘴清潔劑                                                  
1101110GF0000002,V81GUVTRXFF         ,1.0,3000.0,組   ,1100.0,,,,2.0,V81雙眼行車記錄器(前)                                               
1101110GF0000001,L2Q7FTW2            ,1.0,2400.0,組   ,1100.0,,,,4.0,奧迪Q7全車+後車箱踏墊                                                
1101110GF0000003,MISSIONCVT          ,4.0,550.0,罐   ,230.0,,,,1.0,MISSION CVT-F自排油X+++                                        
1101110GF0000001,L2Q7TA1E2           ,1.0,800.0,組   ,300.0,,,,5.0,奧迪Q7長毛避光墊                                                   
1101110GF0000002,ZXDCEXRN            ,1.0,1500.0,組   ,450.0,,,,6.0,菲力卡後廂六角鎖                                                    
1101110GF0000002,NOIDNRMG16          ,1.0,200.0,支   ,100.0,,,,7.0,NOID三節雨刷 16吋                                                
1101110GF0000002,NOIDNRMG20          ,1.0,300.0,組   ,100.0,,,,8.0,NOID三節雨刷 20吋                                                
1101110GF0000002,NOIDNRMG18          ,1.0,300.0,支   ,100.0,,,,9.0,NOID三節雨刷 18吋                                                
1101112GF0000001,ZXDCXRN1R           ,1.0,2000.0,組   ,650.0,,,,1.0,菲利卡後六角鎖備胎架                                                  
1101112GF0000001,2TVUSD              ,1.0,2500.0,組   ,450.0,,,,2.0,倒車顯影(內砍)                                                    
1101112GF0000001,RSEN4.352           ,1.0,2000.0,組   ,700.0,,,,3.0,RSEN 4.3吋折疊電視                                               
1101112GF0000001,KMWTV               ,1.0,250.0,各   ,40.0,,,,4.0,鱷魚頭出線                                                       
1101112GF0000001,ABT563FYQD          ,1.0,200.0,組   ,84.0,,,,5.0,ABT-563七字牌框                                                 
1101112GF0000001,2UY24.8A            ,1.0,650.0,組   ,310.0,,,,6.0,點煙座 2+2+1 4.8A KIKE                                         
1101112GF0000001,XE2MGG250CC         ,1.0,250.0,罐   ,28.0,,,,7.0,Xe2雨刷水 [車牌]                                                
1101112GF0000001,QGW                 ,1.0,450.0,組   ,250.0,,,,8.0,噴水頭                                                         
1101112GF0000001,EY                  ,1.0,400.0,次   ,0.0,,,,9.0,工資                                                          
1101113GF0000001,YH370FES2XEN        ,1.0,2750.0,組   ,1750.0,,,,1.0,YH-370全功能電力公司                                               
1101113GF0000001,PNSS182USB          ,1.0,450.0,組   ,180.0,,,,2.0,四合一3.1A 2USB點煙器                                             
1101110GF0000001,RSEN55ZVQW          ,1.0,600.0,條   ,250.0,,,,6.0,RSEN55方向盤套                                                  
1101114GF0000001,SAXO1040            ,4.0,350.0,罐   ,110.0,,,,1.0,SAXO 10W/40機油                                               
1101114GF0000001,ZWUV                ,1.0,100.0,各   ,40.0,,,,2.0,豐田油芯                                                        
1101114GF0000001,VUDFV               ,1.0,250.0,各   ,150.0,,,,3.0,雄鷹空氣芯                                                       
1101114GF0000001,MISSIONCVT          ,4.0,600.0,罐   ,230.0,,,,4.0,MISSION CVT-F自排油X+++                                        
1101114GF0000001,12FVRU5XR           ,1.0,450.0,罐   ,100.0,,,,5.0,八大全效機油精                                                     
1101115GF0000001,5EVTRXF             ,1.0,750.0,組   ,0.0,,,,1.0,中古行車記錄器                                                     
1101115GF0000001,QWZG                ,1.0,750.0,組   ,450.0,,,,2.0,普通扶手                                                        
1101115GF0000001,20322T              ,1.0,100.0,各   ,60.0,,,,3.0,2032電池                                                      
1101115GF0000002,LEDXG2W             ,2.0,2000.0,組   ,170.0,,,,1.0,LED流水燈條1.2MM                                                
1101115GF0000002,LEDXG2W1.5M         ,2.0,2500.0,組   ,240.0,,,,2.0,LED流水燈條1.5MM                                                
1101115GF0000002,3MR1CM              ,3.0,150.0,卷   ,50.0,,,,3.0,3M膠*1CM                                                     
1101115GF0000002,E01020              ,2.0,30.0,張   ,15.0,,,,4.0,EMax貼紙                                                      
1101120GF0000002,GN777QD             ,2.0,400.0,組   ,285.0,,,,4.0,GN-777歐洲牌框                                                  
1101120GF0000002,F2W5                ,1.0,1200.0,張   ,400.0,,,,5.0,前檔貼紙                                                        
1101120GF0000002,RSENT104014242      ,1.0,500.0,組   ,160.0,,,,6.0,RSEN T10 4014 24燈                                           
1101120GF0000002,TET20               ,1.0,2000.0,組   ,500.0,,,,7.0,TE-T20高音喇叭                                                  
1101122GF0000001,REYX2AX             ,1.0,350.0,罐   ,185.0,,,,1.0,極光棕梠鍍膜蠟                                                     
1101123GF0000001,V18LEDH7            ,1.0,2200.0,組   ,1700.0,,,,1.0,V18 LED H7燈炮                                                
1101124GF0000001,2TXWSDXU            ,1.0,750.0,組   ,380.0,,,,1.0,倒車雷達內崁兩眼-禾麟                                                 
1101124GF0000002,EVEW2               ,1.0,500.0,組   ,260.0,,,,1.0,EVE踏墊                                                       
1101124GF0000003,2TX23UDB            ,1.0,1050.0,組   ,480.0,,,,1.0,倒車雷達3眼崁入入                                                   
1101125GF0000001,S27CTYZ1VNY         ,1.0,150.0,組   ,55.0,,,,1.0,S27C插式附(管式含10A)保險絲座                                         
1101125GF0000001,VTRXFV              ,1.0,500.0,組   ,120.0,,,,2.0,行車記錄器線                                                      
1101126GF0000001,RSENH76000K         ,2.0,500.0,各   ,150.0,,,,1.0,RSEN H7 6000K燈泡                                             
1101126GF0000001,RSEN02F             ,2.0,1000.0,各   ,400.0,,,,2.0,RSEN安定器                                                     
1101126GF0000001,EY                  ,1.0,1000.0,次   ,0.0,,,,3.0,工資                                                          
1101127GF0000001,SAXO1040            ,4.0,350.0,罐   ,110.0,,,,1.0,SAXO 10W/40機油                                               
1101127GF0000001,ZWUV                ,1.0,100.0,各   ,40.0,,,,2.0,豐田油芯                                                        
1101127GF0000001,ALTISDFV            ,1.0,350.0,各   ,100.0,,,,3.0,ALTIS空氣芯                                                    
1101127GF0000001,ERQ602Q             ,1.0,2300.0,各   ,1750.0,,,,4.0,國際牌60電瓶                                                     
1101127GF0000001,ABROQGUR            ,1.0,400.0,罐   ,90.0,,,,5.0,ABRO噴射油精                                                    
1101127GF0000001,12FVRU5XR           ,1.0,400.0,罐   ,100.0,,,,6.0,八大全效機油精                                                     
1101127GF0000001,T10552              ,2.0,25.0,各   ,1.7,,,,7.0,T10中炸彈                                                      
1101201GF0000001,2VCQ2Q              ,4.0,100.0,各   ,5.0,,,,1.0,單芯琥珀燈泡                                                      
1101201GF0000001,2TX23UDB            ,1.0,2000.0,組   ,480.0,,,,2.0,倒車雷達3眼崁入入                                                   
1101202GF0000001,JS03315             ,1.0,500.0,組   ,250.0,,,,1.0,尾翼燈                                                         
1101202GF0000001,H00861              ,2.0,60.0,張   ,30.0,,,,2.0,鶴/一對 立體 貼紙                                                  
1101202GF0000001,3MR1CM              ,1.0,100.0,卷   ,50.0,,,,3.0,3M膠*1CM                                                     
1101202GF0000001,3M12*15             ,1.0,150.0,組   ,80.0,,,,4.0,3M膠12*15mm(2入)                                              
1101202GF0000001,VA011               ,1.0,430.0,組   ,153.0,,,,5.0,鯊魚仿真口改裝側風引擎裝飾                                               
1101202GF0000001,EY                  ,1.0,1000.0,次   ,0.0,,,,7.0,工資                                                          
1101204GF0000001,GMFWV               ,1.0,600.0,組   ,500.0,,,,1.0,鯊魚鰭天線(有收訊)                                                  
1110416GF0000002,EY                  ,1.0,800.0,次   ,0.0,,,,1.0,工資                                                          
1110418GF0000001,06EAXTA1E2          ,1.0,450.0,組   ,220.0,,,,1.0,06冠美麗長毛避光墊                                                  
1110418GF0000002,VBDQEFRR            ,1.0,250.0,罐   ,55.0,,,,1.0,向日葵皮革清潔劑                                                    
1110418GF0000002,VBDXEX              ,2.0,100.0,罐   ,55.0,,,,2.0,向日葵橘油亮光蠟  [車牌]                                             
1110418GF0000003,EX0085JC            ,1.0,600.0,組   ,250.0,,,,1.0,EX-008置物盒                                                   
1110418GF0000003,7003J25R            ,1.0,3600.0,組   ,600.0,,,,2.0,[車牌]無碟主機                                                 
1110418GF0000003,LY9862HC            ,1.0,500.0,組   ,280.0,,,,3.0,LY-986大餐盒                                                   
1110418GF0000004,CHY889N             ,1.0,500.0,組   ,250.0,,,,1.0,CHY-889鎖                                                    
1110419GF0000001,SAXO1040            ,4.0,350.0,罐   ,120.0,,,,1.0,SAXO 10W/40機油                                               
1110419GF0000001,ZWUV                ,1.0,100.0,各   ,40.0,,,,2.0,豐田油芯                                                        
1101115GF0000002,D00392              ,2.0,25.0,張   ,12.0,,,,5.0,班尼頓貼紙                                                       
1101115GF0000002,WFJA                ,0.5,700.0,米   ,143.3,,,,6.0,導氣碳纖維膜(黑1.52*30)                                            
1101115GF0000002,EY                  ,1.0,650.0,次   ,0.0,,,,7.0,工資                                                          
1101116GF0000001,GN533Q2WW           ,1.0,100.0,組   ,48.0,,,,1.0,GN-533黑色排檔頭套                                                
1101117GF0000001,HK906               ,1.0,900.0,組   ,260.0,,,,1.0,HK-906快音啦吧                                                  
1101118GF0000001,DAYLKDL             ,1.0,1999.0,組   ,520.0,,,,1.0,日行燈-白光/黃光流水燈                                                
1101117GF0000002,V18LEDH7            ,1.0,2200.0,組   ,1700.0,,,,1.0,V18 LED H7燈炮                                                
1101120GF0000002,F00341              ,2.0,40.0,張   ,20.0,,,,1.0,MOYOR SPORT/銀                                               
1101120GF0000002,F00788              ,2.0,40.0,張   ,20.0,,,,2.0,零1000/銀龍貼紙                                                  
1101120GF0000002,K00295              ,0.0,200.0,張   ,50.0,,,,3.0,火焰/立體黑紅白                                                    
1101204GF0000002,V18LEDH7            ,1.0,3500.0,組   ,1700.0,,,,1.0,V18 LED H7燈炮                                                
1101204GF0000002,09EAX22L            ,1.0,5000.0,組   ,3700.0,,,,2.0,09冠美麗大燈(L)                                                  
1101204GF0000002,09EAX22R            ,1.0,5000.0,各   ,3700.0,,,,3.0,09冠美麗大燈(R)                                                  
1101204GF0000002,TYPER9005           ,1.0,1000.0,組   ,170.0,,,,4.0,9005黃金燈泡                                                    
1101204GF0000002,RSEN61              ,1.0,650.0,條   ,180.0,,,,5.0,RSEN-61方向盤套                                                 
1101204GF0000002,H722WHTY            ,1.0,300.0,組   ,75.0,,,,6.0,H7大燈陶瓷插座                                                    
1101204GF0000002,06EAXTA1E2          ,1.0,600.0,組   ,210.0,,,,7.0,06冠美麗長毛避光墊                                                  
1101206GF0000001,OBT2FHWWVGF         ,1.0,2500.0,組   ,1000.0,,,,1.0,OBT抬頭顯示器(七彩)                                                
1101206GF0000002,SAXO1040            ,4.0,350.0,罐   ,110.0,,,,1.0,SAXO 10W/40機油                                               
1101206GF0000002,ZWUV                ,1.0,100.0,各   ,40.0,,,,2.0,豐田油芯                                                        
1101206GF0000002,NOIDNRMG14          ,1.0,250.0,支   ,70.0,,,,3.0,NOID三節雨刷 14吋                                                
1101206GF0000002,NOIDNRMG16          ,1.0,300.0,支   ,100.0,,,,4.0,NOID三節雨刷 16吋                                                
1101206GF0000002,NOIDNRMG24          ,1.0,350.0,支   ,100.0,,,,5.0,NOID三節雨刷 24吋                                                
1101206GF0000003,MIO848              ,1.0,5400.0,組   ,3750.0,,,,1.0,高速星光及區間測速含記憶卡                                               
1101206GF0000002,SAXOQUYFRR          ,1.0,350.0,罐   ,80.0,,,,6.0,SAXO噴油嘴清潔劑                                                  
1101206GF0000002,VBDC1MGR2000ML      ,1.0,300.0,罐   ,85.0,,,,7.0,向日葵雨刷精[車牌]                                                
1101207GF0000001,VA011               ,1.0,500.0,組   ,153.0,,,,1.0,鯊魚仿真口改裝側風引擎裝飾                                               
1101207GF0000001,20252T              ,1.0,100.0,各   ,22.0,,,,2.0,2025電池                                                      
1101207GF0000001,EY                  ,1.0,400.0,次   ,0.0,,,,3.0,工資                                                          
1101208GF0000001,ZV5Q5VTRXF          ,1.0,2500.0,組   ,1400.0,,,,1.0,發現者Q5行車記錄器                                                  
1101208GF0000002,DP009Z22TWW         ,1.0,300.0,組   ,180.0,,,,1.0,防盜節能電池銅頭(負電斷電器)                                             
1101208GF0000003,ID5*7X1             ,1.0,2500.0,組   ,900.0,,,,1.0,ID5*7喇叭                                                     
1101210GF0000001,FORTISDFV           ,1.0,450.0,各   ,180.0,,,,1.0,FORTIS空氣芯                                                   
1101210GF0000001,XGRUV               ,1.0,100.0,各   ,60.0,,,,2.0,菱帥機油芯                                                       
1101210GF0000001,ZEROVRMG16          ,1.0,750.0,支   ,325.0,,,,3.0,ZERO矽膠雨刷16吋                                                 
1101210GF0000001,ZEROVRMG24          ,1.0,1000.0,支   ,415.0,,,,4.0,ZERO矽膠雨刷24吋                                                 
1101210GF0000001,RSENMGR             ,1.0,150.0,罐   ,70.0,,,,5.0,RSEN雨刷精                                                     
1101210GF0000001,SENFINECOFURFFVR    ,1.0,1650.0,罐   ,400.0,,,,6.0,西德SENFINECO汽油進氣系統清洗劑9921                                    
1101210GF0000001,CARMATGTU2          ,1.0,1000.0,罐   ,120.0,,,,7.0,CARMAT煞車油(大)                                                
1101210GF0000001,RX15W40RU           ,4.0,600.0,罐   ,100.0,,,,10.0,巨力15W/40機油                                                  
1101213GF0000001,1GWCLAW117F2DE      ,1.0,4500.0,組   ,1850.0,,,,2.0,賓士CLA W117啟動開關按銀(正廠)                                        
1101213GF0000001,1GCLAW117DFV        ,1.0,850.0,各   ,350.0,,,,3.0,賓士CLAW117空氣芯                                                
1101213GF0000001,ZEROAMN+RFC         ,1.0,850.0,罐   ,320.0,,,,4.0,ZERO鉬元素+噴油嘴除扣劑                                              
1101213GF0000001,E00648              ,2.0,50.0,張   ,15.0,,,,5.0,POLIN貼紙                                                     
1101213GF0000001,1G5MRU              ,6.0,550.0,罐   ,280.0,,,,6.0,賓士專用機油                                                      
1101214GF0000001,V81VTRXF            ,1.0,4000.0,組   ,1200.0,,,,1.0,V81行車記錄器雙眼(V37)                                             
1101214GF0000001,2TBB                ,1.0,500.0,各   ,100.0,,,,2.0,倒車BIBI                                                      
1101214GF0000002,16322T              ,3.0,100.0,各   ,25.0,,,,1.0,1632電池                                                      
1101215GF0000001,A094                ,1.0,400.0,條   ,100.0,,,,1.0,A094方向盤套                                                    
1101210GF0000001,MISSIONCVT          ,5.0,600.0,罐   ,230.0,,,,9.0,MISSION CVT-F自排油X+++                                        
1101216GF0000001,510Z2F              ,1.0,2500.0,組   ,650.0,,,,1.0,510防盜器                                                      
1101216GF0000001,G255630GV2Q         ,1.0,550.0,組   ,240.0,,,,2.0,G25-5630後煞車燈雙芯燈泡                                            
1101216GF0000001,2TVUJE              ,1.0,2200.0,組   ,450.0,,,,3.0,倒車顯影(外掛)                                                    
1101216GF0000002,RSENHID5RF          ,1.0,250.0,各   ,100.0,,,,1.0,RSEN HID轉接器                                                 
1101217GF0000001,P16V8AT2R           ,1.0,1700.0,組   ,1300.0,,,,1.0,CSP半自動充電機                                                   
1101220GF0000001,03VAXXN             ,1.0,1500.0,組   ,900.0,,,,1.0,03西米露蕾絲                                                     
1101220GF0000001,UJGYXCR             ,4.0,70.0,各   ,35.0,,,,2.0,英文數字/鋁合金                                                    
1101220GF0000002,ESCAPECE5DN         ,1.0,1200.0,組   ,550.0,,,,1.0,ESCAPE後蓋中控                                                  
1101220GF0000003,V18H11LED           ,1.0,3500.0,組   ,1700.0,,,,1.0,V18 H11 LED大燈                                               
1101220GF0000003,VBDVATX             ,1.0,200.0,罐   ,65.0,,,,2.0,向日葵細目粗蠟                                                     
1101220GF0000003,6BCA                ,0.5,100.0,包   ,30.0,,,,3.0,6入海棉                                                        
1101220GF0000004,2TXWJX              ,1.0,700.0,組   ,380.0,,,,1.0,倒車雷達外露                                                      
1101221GF0000001,LD9GPS              ,1.0,2000.0,組   ,1000.0,,,,1.0,LD-9 GPS天線                                                  
1101221GF0000001,LD9VTRXF            ,1.0,7500.0,組   ,3000.0,,,,2.0,LD-9電子式行車記錄器                                                
1101221GF0000001,E00897              ,2.0,30.0,張   ,15.0,,,,3.0,OHLIN/銀龍                                                    
1101221GF0000001,E00948              ,1.0,40.0,張   ,15.0,,,,4.0,德國國旗/二入                                                     
1101221GF0000001,EY                  ,1.0,300.0,次   ,0.0,,,,5.0,工資                                                          
1101221GF0000001,K00371              ,1.0,100.0,張   ,50.0,,,,6.0,彩繪貼紙/樂譜                                                     
1101221GF0000002,S27CTYZ1VNY         ,1.0,150.0,組   ,55.0,,,,1.0,S27C插式附(管式含10A)保險絲座                                         
1101221GF0000003,ZV5Q5VTRXF          ,1.0,2600.0,組   ,1400.0,,,,1.0,發現者Q5行車記錄器                                                  
1101222GF0000002,NHGX                ,1.0,150.0,罐   ,85.0,,,,1.0,三彩水蠟                                                        
1101223GF0000001,G2VY                ,1.0,400.0,組   ,180.0,,,,1.0,水滴線組                                                        
1101223GF0000001,RSENH112TY          ,1.0,200.0,組   ,90.0,,,,2.0,RSEN H11陶瓷座                                                 
1101223GF0000001,TYPERH11CR2Q        ,1.0,600.0,組   ,170.0,,,,3.0,TYPE-R H11黃金燈泡                                              
1101222GF0000003,LD4VTRXF            ,1.0,2000.0,組   ,1300.0,,,,1.0,LD-4行車紀錄器                                                   
1101222GF0000003,PNSS24TY            ,1.0,350.0,組   ,130.0,,,,2.0,大功率雙孔插座+雙USB                                                
1101224GF0000001,VBDG2A              ,1.0,300.0,各   ,130.0,,,,1.0,向日葵水鍍膜                                                      
1101224GF0000001,VBDXEX              ,5.0,100.0,罐   ,55.0,,,,2.0,向日葵橘油亮光蠟  [車牌]                                             
1101224GF0000002,5EVTRXF             ,1.0,500.0,組   ,0.0,,,,1.0,中古行車記錄器                                                     
1101225GF0000001,LD7CRW              ,1.0,1000.0,組   ,600.0,,,,1.0,LD-7後鏡頭                                                     
1101225GF0000002,16322T              ,1.0,150.0,各   ,25.0,,,,1.0,1632電池                                                      
1101225GF0000003,NB1040              ,3.0,500.0,罐   ,200.0,,,,1.0,NB 10/40機油                                                  
1101225GF0000003,VAUV                ,1.0,100.0,各   ,50.0,,,,2.0,喜美油芯                                                        
1101225GF0000003,SENFINECORU5X       ,1.0,550.0,罐   ,160.0,,,,3.0,西德SENFINECO機油止漏劑                                            
1101227GF0000001,CARAY2T2Y           ,1.0,450.0,組   ,160.0,,,,1.0,CAR 馬自達2USB3.1A充電座                                          
1101227GF0000002,XGDFV               ,1.0,300.0,各   ,150.0,,,,2.0,菱帥空氣芯                                                       
1101227GF0000002,NXUR                ,1.0,100.0,各   ,40.0,,,,3.0,三菱油芯                                                        
1101227GF0000002,VBDQEFRR            ,1.0,200.0,罐   ,55.0,,,,5.0,向日葵皮革清潔劑                                                    
1101227GF0000002,ZERORFFVR           ,1.0,750.0,罐   ,320.0,,,,16.0,ZERO鉬元素+進氣閥除垢劑                                              
1101227GF0000002,RSENH18000K         ,2.0,500.0,各   ,150.0,,,,17.0,RSEN H1 8000K燈泡                                             
1101227GF0000002,VBDH5YVRG           ,1.0,300.0,組   ,170.0,,,,6.0,向日葵純豬鬃細節刷                                                   
1101227GF0000002,RSEN02F             ,2.0,1000.0,各   ,400.0,,,,7.0,RSEN安定器                                                     
1101227GF0000002,TC6683NDTY          ,1.0,450.0,組   ,110.0,,,,8.0,TC-6683三孔插座                                                 
1101227GF0000002,GHA308              ,1.0,200.0,組   ,120.0,,,,10.0,馬自達大燈轉接座                                                    
1101227GF0000002,5EVTRXF             ,1.0,2500.0,組   ,0.0,,,,11.0,中古行車記錄器                                                     
1101227GF0000002,ABROYQUV            ,1.0,400.0,罐   ,130.0,,,,13.0,ABRO自排變速箱油防漏油精                                              
1101227GF0000003,4RR2F               ,1.0,150.0,各   ,35.0,,,,1.0,4角繼電器                                                       
1101227GF0000003,EY                  ,1.0,500.0,次   ,0.0,,,,2.0,工資                                                          
1101227GF0000002,MISSIONCVT          ,5.0,600.0,罐   ,230.0,,,,15.0,MISSION CVT-F自排油X+++                                        
1101227GF0000002,KYOROKU530RU        ,4.0,600.0,罐   ,160.5,,,,18.0,巨力5/30汽柴機油                                                  
1101228GF0000003,AFL283578           ,3.0,500.0,組   ,81.8,,,,1.0,軟條燈2835-78LED                                               
1101228GF0000003,RSEN56ZVQW          ,1.0,600.0,條   ,250.0,,,,2.0,RSEN-56牛皮方向盤套                                               
1101229GF0000001,EY                  ,1.0,300.0,次   ,0.0,,[已隱蔽],,1.0,工資                                                          
1101229GF0000001,ZWUV                ,1.0,100.0,各   ,40.0,,,,2.0,豐田油芯                                                        
1101229GF0000001,ZEROFV1UUR          ,1.0,400.0,罐   ,180.0,,,,3.0,ZERO全效保養汽車精[車牌]                                            
1101230GF0000001,V81VTRXF            ,1.0,2500.0,組   ,1200.0,,,,1.0,V81行車記錄器雙眼(V37)                                             
1101230GF0000002,E01020              ,4.0,30.0,張   ,15.0,,,,1.0,EMax貼紙                                                      
1101230GF0000002,H00868              ,1.0,60.0,張   ,30.0,,,,2.0,HKS power/二入貼紙                                              
1101230GF0000002,H00352              ,2.0,60.0,張   ,30.0,,,,3.0,HKS/貼紙                                                      
1110119GF0000001,SAXO1040            ,4.0,350.0,罐   ,110.0,,,,1.0,SAXO 10W/40機油                                               
1101230GF0000002,FTZEW5              ,2.0,350.0,張   ,115.0,,,,4.0,汽車反光貼紙                                                      
1101230GF0000002,EY                  ,1.0,300.0,次   ,0.0,,,,5.0,工資                                                          
1101230GF0000003,V81GUVTRXFF         ,1.0,4000.0,組   ,1100.0,,,,1.0,V81雙眼行車記錄器(前)                                               
1101230GF0000003,W51EFFVR            ,1.0,300.0,罐   ,150.0,,,,2.0,特種兵鋼圈清洗劑                                                    
1101230GF0000004,7003J25R            ,1.0,2000.0,組   ,600.0,,[已隱蔽],,1.0,[車牌]無碟主機                                                 
1101230GF0000005,08LIVINATA1E2       ,1.0,650.0,組   ,210.0,,,,1.0,08LIVINA長毛避光墊                                               
1101231GF0000001,FTZEW5              ,2.0,350.0,張   ,115.0,,,,1.0,汽車反光貼紙                                                      
1110103GF0000001,VTRXF2T             ,1.0,900.0,各   ,150.0,,,,1.0,行車記錄器電池                                                     
1110103GF0000001,7003J25R            ,1.0,3000.0,組   ,600.0,,,,2.0,[車牌]無碟主機                                                 
1110103GF0000001,PNSTPC007           ,1.0,350.0,組   ,90.0,,,,3.0,手機架 隱藏式停車號碼/一路平安                                            
1110104GF0000001,FTZEW5              ,4.0,350.0,張   ,115.0,,,,1.0,汽車反光貼紙                                                      
1110104GF0000001,D00392              ,1.0,25.0,張   ,12.0,,,,2.0,班尼頓貼紙                                                       
1110104GF0000001,EY                  ,1.0,975.0,次   ,0.0,,,,3.0,工資                                                          
1110104GF0000002,SONYA1105R          ,1.0,2800.0,組   ,2000.0,,,,1.0,SONY-A110 USB主機                                             
1110104GF0000002,NOID6SND            ,1.0,200.0,組   ,60.0,,,,2.0,NOID 6SND室內燈                                                
1101029GF0000004,KY359FE             ,2.0,175.0,各   ,130.0,,,,1.0,KY-359旗桿                                                    
1110105GF0000001,02EAXF2AW           ,1.0,5000.0,組   ,3100.0,,,,1.0,02冠美麗啟動馬達                                                   
1110106GF0000001,2TBB                ,1.0,300.0,各   ,100.0,,,,1.0,倒車BIBI                                                      
1110108GF0000001,V81VTRXF            ,1.0,4800.0,組   ,1200.0,,,,1.0,V81行車記錄器雙眼(V37)                                             
1110108GF0000002,D00392              ,1.0,50.0,張   ,12.0,,,,1.0,班尼頓貼紙                                                       
1110108GF0000002,ZEW51.0             ,1.0,250.0,卷   ,100.0,,,,2.0,反光貼紙1.0                                                     
1110108GF0000002,EY                  ,1.0,200.0,次   ,0.0,,,,3.0,工資                                                          
1110108GF0000001,ID4HZUX1            ,1.0,3200.0,組   ,1500.0,,,,2.0,ID4吋分音喇叭                                                    
1110110GF0000001,ABROYQUV            ,1.0,400.0,罐   ,130.0,,,,1.0,ABRO自排變速箱油防漏油精                                              
1110110GF0000001,SENFINECOFURFFVR    ,1.0,1800.0,罐   ,400.0,,,,2.0,西德SENFINECO汽油進氣系統清洗劑9921                                    
1110110GF0000001,12FVRU5XR           ,1.0,450.0,罐   ,100.0,,,,3.0,八大全效機油精                                                     
1110110GF0000002,J00386              ,1.0,80.0,張   ,40.0,,,,1.0,5ZIGEN/二入貼紙                                                 
1110110GF0000002,K00428              ,1.0,100.0,張   ,50.0,,,,2.0,老鷹/翅膀 立體黑紅                                                  
1110110GF0000002,EY                  ,1.0,220.0,次   ,0.0,,,,3.0,工資                                                          
1110110GF0000002,S27CTYZ1VNY         ,1.0,600.0,組   ,55.0,,,,4.0,S27C插式附(管式含10A)保險絲座                                         
1110111GF0000001,V1                  ,1.0,1000.0,組   ,500.0,,,,2.0,線包                                                          
1110111GF0000001,EY                  ,1.0,1000.0,次   ,0.0,,,,3.0,工資                                                          
1110111GF0000001,ID6.5KZUX1          ,1.0,5000.0,組   ,1600.0,,,,4.0,ID 6.5K分音喇叭                                                 
1110111GF0000002,RSEN36MMCANBUS      ,2.0,500.0,卡   ,120.0,,,,1.0,RSEN 雙尖 36MM CANBUS                                         
1110111GF0000001,ID300K5252U         ,1.0,6000.0,組   ,4200.0,,,,5.0,ID-300K主動重低音                                                
1110111GF0000001,DLSX16*9            ,1.0,6500.0,組   ,2000.0,,,,6.0,DLS 6*9喇叭                                                   
1110111GF0000001,AV5F2               ,1.0,500.0,組   ,250.0,,,,7.0,AV轉換附啟動                                                     
1110111GF0000001,ALTISRFA2QYT        ,1.0,3000.0,組   ,1200.0,,,,8.0,ALTIS進氣門墊片總成                                                
1110111GF0000001,6H2EF               ,1.0,500.0,各   ,200.0,,,,9.0,6吋墊高器                                                       
1110112GF0000001,ZV5Q5VTRXF          ,1.0,3100.0,組   ,1400.0,,,,1.0,發現者Q5行車記錄器                                                  
1110112GF0000001,OBT2FHWWVGF         ,1.0,2800.0,組   ,1000.0,,,,2.0,OBT抬頭顯示器(七彩)                                                
1110112GF0000001,NOIDNRMG14          ,1.0,200.0,支   ,70.0,,,,3.0,NOID三節雨刷 14吋                                                
1110112GF0000001,NOIDNRMG24          ,1.0,400.0,支   ,100.0,,,,4.0,NOID三節雨刷 24吋                                                
1110112GF0000001,WF0096NTD           ,1.0,300.0,組   ,70.0,,,,5.0,WF-0096三插孔                                                  
1110112GF0000002,VR1RUV              ,1.0,100.0,各   ,50.0,,,,2.0,新尖兵機油芯                                                      
1110112GF0000002,S3DFV               ,1.0,550.0,各   ,300.0,,,,3.0,S3空氣芯                                                       
1110112GF0000002,ABROQGUR            ,1.0,400.0,罐   ,90.0,,,,4.0,ABRO噴射油精                                                    
1110112GF0000002,12FVRU5XR           ,1.0,550.0,罐   ,100.0,,,,5.0,八大全效機油精                                                     
1110112GF0000002,T20GV2Q             ,2.0,100.0,各   ,16.0,,,,6.0,T20雙芯燈泡                                                     
1110112GF0000002,KYOROKU530RU        ,4.0,600.0,罐   ,160.5,,,,7.0,巨力5/30汽柴機油                                                  
1101227GF0000003,KY8210J2            ,1.0,650.0,組   ,350.0,,,,3.0,KY-8210霧燈                                                   
1101227GF0000003,FAGEUW1.4           ,1.0,550.0,捲   ,180.0,,,,4.0,氣密式隔音條1.4                                                   
1101227GF0000003,NOIDNRMG20          ,1.0,300.0,組   ,100.0,,,,5.0,NOID三節雨刷 20吋                                                
1101227GF0000003,NOIDNRMG22          ,1.0,350.0,支   ,100.0,,,,6.0,NOID三節雨刷 22吋                                                
1101227GF0000002,05XGMGA2            ,1.0,1500.0,各   ,500.0,,,,14.0,05菱帥雨刷馬達                                                    
1101227GF0000003,NOIDNRMG14          ,1.0,250.0,支   ,70.0,,,,7.0,NOID三節雨刷 14吋                                                
1101227GF0000002,                    ,0.0,,,,,,,20.0,
1101228GF0000001,ZEROVRMG26          ,1.0,790.0,支   ,415.0,,,,1.0,ZERO 26吋矽膠雨刷                                                
1101228GF0000001,ZEROVRMG16          ,1.0,610.0,支   ,325.0,,,,2.0,ZERO矽膠雨刷16吋                                                 
1101228GF0000002,RSENH112TY          ,0.5,200.0,組   ,90.0,,,,1.0,RSEN H11陶瓷座                                                 
1110113GF0000001,RSENH112TY          ,0.5,200.0,組   ,90.0,,,,1.0,RSEN H11陶瓷座                                                 
1110113GF0000002,AFL283578           ,2.0,500.0,組   ,81.8,,,,1.0,軟條燈2835-78LED                                               
1110114GF0000001,FT1CWJE             ,1.0,500.0,組   ,150.0,,,,1.0,汽車保護貼碗公                                                     
1110114GF0000001,FTA11CW             ,1.0,350.0,組   ,62.0,,,,2.0,汽車門把保護貼                                                     
1110114GF0000001,GN757               ,1.0,300.0,張   ,35.0,,,,3.0,立體卡夢貼紙                                                      
1110114GF0000001,EY                  ,1.0,350.0,次   ,0.0,,,,4.0,工資                                                          
1110114GF0000002,V81VTRXF            ,1.0,4000.0,組   ,1200.0,,,,1.0,V81行車記錄器雙眼(V37)                                             
1110115GF0000001,180FMT              ,1.0,300.0,組   ,180.0,,,,1.0,180晴雨窗                                                      
1110115GF0000002,SAXO1040            ,4.0,350.0,罐   ,110.0,,,,1.0,SAXO 10W/40機油                                               
1100702GF0000003,MISSIONCVT          ,4.0,600.0,罐   ,230.0,,,,9.0,MISSION CVT-F自排油X+++                                        
1110118GF0000001,NB1040              ,5.0,500.0,罐   ,200.0,,,,1.0,NB 10/40機油                                                  
1110118GF0000001,XVDFV               ,1.0,350.0,各   ,150.0,,,,2.0,領袖空氣芯                                                       
1110118GF0000001,SAXOQUYFRR          ,1.0,400.0,罐   ,80.0,,,,3.0,SAXO噴油嘴清潔劑                                                  
1110118GF0000001,NOIDNRMG14          ,1.0,250.0,支   ,70.0,,,,4.0,NOID三節雨刷 14吋                                                
1110118GF0000001,NOIDNRMG26          ,1.0,400.0,支   ,100.0,,,,5.0,NOID三節雨刷 26吋                                                
1110118GF0000001,J00356ZINGCMG       ,1.0,400.0,支   ,130.0,,,,6.0,J0[車牌]GER後雨刷                                            
1110118GF0000001,MISSIONCVT          ,5.0,600.0,罐   ,230.0,,,,7.0,MISSION CVT-F自排油X+++                                        
1110118GF0000001,NXUR                ,1.0,100.0,各   ,40.0,,,,8.0,三菱油芯                                                        
1091016GF0000003,HK902DUX1           ,1.0,1200.0,組   ,260.0,,,,3.0,HK-902快音喇叭 WRC                                              
1110119GF0000001,VR1RUV              ,1.0,100.0,各   ,50.0,,,,2.0,新尖兵機油芯                                                      
1110119GF0000002,V18LEDH7            ,1.0,2500.0,組   ,1700.0,,,,1.0,V18 LED H7燈炮                                                
1110119GF0000003,1GW2111C5R          ,1.0,16000.0,組   ,11500.0,,,,1.0,賓士W211安卓八核心4+64主機                                           
1110119GF0000003,1GW211A1D           ,1.0,1500.0,組   ,0.0,,,,2.0,賓士W211面板框                                                   
1110119GF0000003,DR0AZVQWL           ,1.0,650.0,各   ,350.0,,,,3.0,開吉按摩方向盤套(藍珠)L                                               
1110119GF0000003,KMWTV               ,1.0,250.0,各   ,40.0,,,,4.0,鱷魚頭出線                                                       
1110119GF0000003,20162T              ,2.0,100.0,各   ,22.0,,,,5.0,2016電池                                                      
1110121GF0000001,18SINTA3+32         ,1.0,13500.0,組   ,9500.0,,,,1.0,18SINTA 1.8 3+32 安卓主機                                       
1110121GF0000001,2TVUAHDJE           ,1.0,2500.0,組   ,600.0,,,,2.0,AHD倒車顯影(8燈外掛)寶馬頭                                            
1110121GF0000002,ZEROVRMG16          ,1.0,610.0,支   ,325.0,,,,1.0,ZERO矽膠雨刷16吋                                                 
1110121GF0000002,ZEROVRMG26          ,1.0,790.0,支   ,415.0,,,,2.0,ZERO 26吋矽膠雨刷                                                
1110121GF0000004,2TX2NU              ,1.0,1250.0,組   ,580.0,,,,1.0,倒車雷達(四眼)崁入                                                  
1110121GF0000005,PF154QGW            ,1.0,120.0,組   ,65.0,,,,1.0,PF-154噴水頭                                                   
1110121GF0000006,NOIDNRMG16          ,1.0,250.0,支   ,100.0,,,,1.0,NOID三節雨刷 16吋                                                
1110121GF0000006,NOIDNRMG20          ,1.0,300.0,組   ,100.0,,,,2.0,NOID三節雨刷 20吋                                                
1110121GF0000006,RSENUE14H           ,1.0,200.0,支   ,70.0,,,,3.0,RSEN14吋硬骨雨刷                                                 
1110121GF0000006,J00350CMG           ,2.0,350.0,支   ,130.0,,,,4.0,J00350後雨刷                                                   
1110121GF0000006,ZEROVRMG20          ,1.0,855.0,支   ,350.0,,,,5.0,ZERO矽膠雨刷20吋                                                 
1110121GF0000006,ZEROVRMG24          ,1.0,1000.0,支   ,415.0,,,,6.0,ZERO矽膠雨刷24吋                                                 
1110121GF0000006,ZEROVRMG26          ,1.0,1000.0,支   ,415.0,,,,7.0,ZERO 26吋矽膠雨刷                                                
1110121GF0000006,PNSHGK01U1ED        ,1.0,150.0,組   ,30.0,,,,8.0,PNS-HGK01椅背掛勾微笑                                             
1110122GF0000006,SAXO1040            ,5.0,350.0,罐   ,120.0,,,,1.0,SAXO 10W/40機油                                               
1110122GF0000006,NXUR                ,1.0,100.0,各   ,40.0,,,,2.0,三菱油芯                                                        
1110123GF0000001,NB1040              ,5.0,500.0,罐   ,200.0,,,,1.0,NB 10/40機油                                                  
1110123GF0000001,FCOUSUV             ,1.0,250.0,各   ,100.0,,,,3.0,FCOUS油芯                                                     
1110123GF0000001,SAXOQUYFRR          ,1.0,350.0,罐   ,80.0,,,,4.0,SAXO噴油嘴清潔劑                                                  
1110123GF0000001,H00338              ,1.0,100.0,張   ,30.0,,,,5.0,BABY IN CAR/熊熊                                              
1110123GF0000001,16322T              ,2.0,150.0,各   ,25.0,,,,6.0,1632電池                                                      
1110123GF0000001,T10552              ,2.0,100.0,各   ,1.7,,,,7.0,T10中炸彈                                                      
1110123GF0000001,12FVRU5XR           ,1.0,650.0,罐   ,100.0,,,,8.0,八大全效機油精                                                     
1110123GF0000001,ESCAPE2.3DFV        ,1.0,350.0,各   ,200.0,,,,9.0,RSCAPE2.3空氣芯                                                
1110124GF0000001,SAXO1040            ,4.0,350.0,罐   ,120.0,,,,1.0,SAXO 10W/40機油                                               
1110124GF0000001,ZWUV                ,1.0,100.0,各   ,40.0,,,,2.0,豐田油芯                                                        
1110124GF0000001,2QG                 ,1.0,35.0,罐   ,15.0,,,,3.0,電瓶水                                                         
1110124GF0000001,XFXJALTIS           ,1.0,400.0,各   ,150.0,,,,4.0,冷氣濾網 ALTIS                                                  
1110124GF0000001,J00350CMG           ,1.0,365.0,支   ,130.0,,,,5.0,J00350後雨刷                                                   
1110124GF0000001,                    ,0.0,,,,,,,6.0,
1110124GF0000002,PS-2016VTVXJ        ,1.0,400.0,組   ,150.0,,,,1.0,PS-2016廂車行李網                                                
1110124GF0000003,SENFINECOFURFFVR    ,1.0,1800.0,罐   ,400.0,,,,1.0,西德SENFINECO汽油進氣系統清洗劑9921                                    
1110124GF0000003,SAXO5W50            ,3.0,600.0,罐   ,240.0,,,,2.0,SAXO 5W/50機油                                                
1110123GF0000001,ESCAPE2.3XW         ,2.0,3250.0,各   ,2900.0,,,,10.0,ESCAPE2.3 235/16建大輪胎                                        
1110124GF0000004,FTZEW5              ,2.0,350.0,張   ,120.0,,,,1.0,汽車反光貼紙                                                      
1110124GF0000004,FTZEW5              ,1.0,300.0,張   ,120.0,,,,2.0,汽車反光貼紙                                                      
1110125GF0000001,PNSS24TY            ,1.0,350.0,組   ,130.0,,,,1.0,大功率雙孔插座+雙USB                                                
1110125GF0000001,EY                  ,1.0,650.0,次   ,0.0,,,,2.0,工資                                                          
1110125GF0000001,22EW2               ,1.0,200.0,片   ,75.0,,,,3.0,大豆干踏墊                                                       
1110125GF0000001,E00465              ,1.0,30.0,張   ,15.0,,,,4.0,尿尿小子/二入黑白紅                                                  
1110125GF0000002,ZV5G539HNF          ,1.0,2500.0,組   ,1500.0,,,,1.0,發現者F-539測速器                                                 
1110125GF0000003,V15XCRVTRXF         ,1.0,2500.0,組   ,1500.0,,,,1.0,V15鋁合金行車紀錄器                                                 
1110126GF0000001,GN008UVWV           ,1.0,250.0,各   ,75.0,,,,1.0,GN008音響天線                                                   
1110126GF0000001,A18VJGVTRXF         ,1.0,6000.0,組   ,3800.0,,,,2.0,A-18響尾蛇行車記錄器+GPS                                            
1110613GF0000001,LEDGEF              ,1.0,400.0,組   ,150.0,,,,2.0,LED 閃光器                                                     
1110614GF0000001,RSEN02F             ,1.0,800.0,各   ,400.0,,,,1.0,RSEN安定器                                                     
1110614GF0000002,BMWX64QFMT          ,1.0,2500.0,組   ,1200.0,,,,1.0,BMW X6(四片)晴雨窗                                               
1110615GF0000001,PF154QGW            ,1.0,120.0,組   ,65.0,,,,1.0,PF-154噴水頭                                                   
1110616GF0000001,RVF84+645R          ,1.0,14000.0,組   ,11000.0,,,,1.0,進行曲8核 4+64安卓主機+框                                            
1110616GF0000001,2TVUAHDJE           ,1.0,2500.0,組   ,600.0,,,,2.0,AHD倒車顯影(8燈外掛)寶馬頭                                            
1110616GF0000002,01ALTISFMT          ,1.0,350.0,組   ,180.0,,,,1.0,01ALTIS晴雨窗                                                  
1110617GF0000001,04ALTISC2D          ,1.0,2500.0,各   ,1100.0,,,,1.0,04ALTIS 後燈殼                                                 
1110617GF0000002,D2RJV               ,1.0,1800.0,組   ,500.0,,,,1.0,擴大機維修                                                       
1110622GF0000001,MISSIONCVT          ,5.0,600.0,罐   ,230.0,,,,1.0,MISSION CVT-F自排油X+++                                        
1110122GF0000001,FTCGRZEQ            ,2.0,250.0,組   ,85.0,,,,2.0,汽車後視鏡反光貼片                                                   
1110122GF0000001,FTZEW5              ,1.0,350.0,張   ,120.0,,,,3.0,汽車反光貼紙                                                      
1110122GF0000001,EY                  ,1.0,450.0,次   ,0.0,,,,4.0,工資                                                          
1110122GF0000001,FTA11CW             ,2.0,350.0,組   ,62.0,,,,5.0,汽車門把保護貼                                                     
1110122GF0000002,RSENS25352VR        ,1.0,600.0,組   ,280.0,,,,1.0,RSEN S25 35燈解碼斜角琥珀                                          
1110122GF0000002,POSEN18H            ,0.5,300.0,組   ,70.0,,,,2.0,POSEN 18吋雨刷                                                 
1110122GF0000002,POSEN20H            ,0.5,300.0,組   ,70.0,,,,3.0,POSEN 20吋雨刷                                                 
1110122GF0000003,WUSWU5TF            ,1.0,2800.0,組   ,900.0,,,,1.0,太陽能胎壓偵測器                                                    
1110122GF0000004,J2WV18CM            ,1.0,385.0,支   ,190.0,,,,1.0,屋頂天線 18CM                                                   
1110122GF0000005,2021ALTISYRQ2N      ,1.0,2800.0,組   ,2415.0,,,,1.0,[車牌]IS終極排檔鎖                                              
1110128GF0000002,V1                  ,1.0,700.0,組   ,500.0,,,,1.0,線包                                                          
1110128GF0000003,FORTIS1C4+645R      ,1.0,16000.0,組   ,10500.0,,,,1.0,FORTIS 八核4+64安卓主機                                           
1110128GF0000003,FORTISTA1E2         ,1.0,600.0,組   ,210.0,,,,2.0,FORTIS長毛避光墊                                                 
1110128GF0000004,ID6HW5              ,1.0,1200.0,組   ,600.0,,,,1.0,ID-6吋同軸喇叭                                                   
1110129GF0000001,DAYL60BV2           ,1.0,1700.0,組   ,520.0,,,,1.0,DAYL-60冰藍淚眼日行燈                                              
1110129GF0000001,UJGY                ,2.0,80.0,各   ,35.0,,,,2.0,英文數字                                                        
1110129GF0000001,UJGYXCR             ,3.0,80.0,各   ,35.0,,,,3.0,英文數字/鋁合金                                                    
1110129GF0000001,H00352              ,1.0,100.0,張   ,30.0,,,,4.0,HKS/貼紙                                                      
1110129GF0000001,H00342              ,1.0,60.0,張   ,30.0,,,,5.0,TRD貼紙                                                       
1110129GF0000002,APPWWVGF            ,1.0,2300.0,組   ,1800.0,,,,1.0,APP抬頭顯示 OBT四代                                               
1110129GF0000003,BMWX3NQFMT          ,1.0,2500.0,組   ,1300.0,,,,1.0,BMW X3(四片)晴雨窗                                               
1110129GF0000003,J00357              ,1.0,400.0,支   ,130.0,,,,2.0,J00357後雨刷LUXGUN-U7                                          
1110130GF0000001,AFL5050FH           ,2.0,550.0,條   ,98.2,,,,1.0,[車牌]12七彩LED                                             
1110130GF0000001,AFL283578           ,2.0,450.0,組   ,81.8,,,,2.0,軟條燈2835-78LED                                               
1110130GF0000001,DAYL60XU2           ,1.0,2000.0,組   ,520.0,,,,3.0,DAYL-60超薄雙色LED白/黃                                           
1110130GF0000001,PNSS312018          ,1.0,1500.0,組   ,450.0,,,,4.0,TOYOTA全車系USB升級套件                                            
1110130GF0000001,2UFY4.8A            ,1.0,600.0,組   ,290.0,,,,5.0,點煙座 4.8A 12V 1+2+1 NIKE                                     
1110130GF0000001,VBDXEX              ,2.0,100.0,罐   ,55.0,,,,6.0,向日葵橘油亮光蠟  [車牌]                                             
1110130GF0000001,VBDG2A              ,1.0,300.0,各   ,130.0,,,,7.0,向日葵水鍍膜                                                      
1110130GF0000001,RSENGR2128MM        ,1.0,350.0,卡   ,80.0,,,,8.0,RSEN雙尖21晶28mmCANBUS                                         
1110130GF0000001,RSENT105630         ,1.0,400.0,卡   ,120.0,,,,9.0,RSEN T10 5630 10燈                                           
1110130GF0000001,ABRO1WR             ,1.0,350.0,罐   ,150.0,,,,10.0,ABRO補胎劑                                                     
1110130GF0000001,AFLS150JV2          ,1.0,1650.0,組   ,410.0,,,,11.0,AFL-S150微笑燈                                                 
1110130GF0000002,TUBRO9012LED22      ,1.0,1700.0,組   ,1200.0,,,,1.0,TU[車牌]LED大燈                                             
1110130GF0000001,PNSSW003            ,1.0,650.0,條   ,240.0,,,,12.0,真皮黑色紅邊 打孔透氣防滑方向盤套                                           
1110130GF0000001,                    ,0.0,,,,,,,13.0,
1110131GF0000001,NB1040              ,5.0,480.0,罐   ,200.0,,,,1.0,NB 10/40機油                                                  
1110131GF0000001,WISHUV              ,1.0,200.0,各   ,65.0,,,,2.0,WISH油芯                                                      
1110131GF0000001,ALTISDFV            ,1.0,350.0,各   ,75.0,,,,3.0,01 ALTIS空氣芯                                                 
1110131GF0000001,XFXJALTIS           ,1.0,350.0,各   ,150.0,,,,4.0,冷氣濾網 ALTIS                                                  
1110207GF0000001,NB1040              ,4.0,500.0,罐   ,200.0,,,,1.0,NB 10/40機油                                                  
1110207GF0000001,ALTISDFV            ,1.0,350.0,各   ,75.0,,,,2.0,01 ALTIS空氣芯                                                 
1110207GF0000001,WISHUV              ,1.0,200.0,各   ,65.0,,,,3.0,WISH油芯                                                      
1110207GF0000001,MISSIONCVT          ,4.0,600.0,罐   ,230.0,,,,4.0,MISSION CVT-F自排油X+++                                        
1110207GF0000001,ALTISRUVE           ,1.0,1800.0,組   ,900.0,,,,5.0,ALTIS機油芯蓋                                                   
1110207GF0000001,QWZG                ,1.0,850.0,組   ,450.0,,,,6.0,普通扶手                                                        
1110208GF0000001,SAXO1040            ,4.0,350.0,罐   ,120.0,,,,1.0,SAXO 10W/40機油                                               
1110208GF0000001,ALTISDFV            ,1.0,350.0,各   ,75.0,,,,2.0,01 ALTIS空氣芯                                                 
1110208GF0000001,XFXJALTIS           ,1.0,450.0,各   ,150.0,,,,3.0,冷氣濾網 ALTIS                                                  
1110208GF0000001,S27TY213AS1VN       ,1.0,800.0,組   ,45.0,,,,4.0,S27插座式213插式保險絲座(不加保險絲)電器                                    
1110208GF0000001,ZWUV                ,1.0,200.0,各   ,40.0,,,,5.0,豐田油芯                                                        
1110105GF0000002,510UD5D             ,1.0,1500.0,組   ,550.0,,,,1.0,510搖控中控                                                     
1110208GF0000002,ZV5D                ,1.0,1500.0,組   ,500.0,,,,1.0,方形中控                                                        
1110209GF0000001,FT1CWJE             ,1.0,350.0,組   ,113.0,,,,1.0,汽車保護貼碗公                                                     
1110209GF0000001,FTZQWZEQ            ,1.0,250.0,組   ,110.0,,,,2.0,汽車防碰反光片                                                     
1110209GF0000002,CARDIOCA700.1A      ,1.0,10750.0,組   ,6800.0,,,,1.0,CARDIO CA-700.1A安卓主機                                        
1110209GF0000002,10ALTISA1D          ,1.0,800.0,組   ,800.0,,,,2.0,10ALTIS面板框                                                  
1110209GF0000002,2DR                 ,1.0,250.0,各   ,250.0,,,,3.0,讀卡機                                                         
1110210GF0000001,OBT2FHWWVGF         ,1.0,2600.0,組   ,1000.0,,,,1.0,OBT抬頭顯示器(七彩)                                                
1110210GF0000001,J00341CMG           ,1.0,400.0,支   ,130.0,,,,2.0,J0[車牌]後雨刷                                               
1110211GF0000001,GN757               ,1.0,300.0,張   ,35.0,,,,1.0,立體卡夢貼紙                                                      
1110212GF0000001,V15XCRVTRXF         ,1.0,2500.0,組   ,1500.0,,,,1.0,V15鋁合金行車紀錄器                                                 
1110214GF0000001,ZEROVRMG28          ,2.0,840.0,支   ,450.0,,,,1.0,ZERO矽膠雨刷28吋                                                 
1110214GF0000001,ZJTUA               ,1.0,300.0,罐   ,85.0,,,,2.0,防霧除油膜                                                       
1110215GF0000001,ZEROVRMG26          ,1.0,1000.0,支   ,415.0,,,,1.0,ZERO 26吋矽膠雨刷                                                
1110215GF0000001,ZERO14VRMG          ,1.0,700.0,支   ,290.0,,,,2.0,ZERO矽膠雨刷14吋                                                 
1110215GF0000001,2TVUJE              ,1.0,2000.0,組   ,450.0,,,,3.0,倒車顯影(外掛)                                                    
1110215GF0000001,TYPER90062Q         ,1.0,800.0,組   ,170.0,,,,4.0,TYPE-R9006黃金燈泡                                              
1110216GF0000001,RSEND28000K         ,2.0,1000.0,各   ,250.0,,,,1.0,RSEN D2 8000K燈泡                                             
1110221GF0000001,ZV5G539HNF          ,1.0,3000.0,組   ,1500.0,,,,1.0,發現者F-539測速器                                                 
1110221GF0000001,V15GIVTRXFF         ,1.0,3000.0,組   ,1400.0,,,,2.0,V15雙眼行車紀錄器(前)                                               
1110221GF0000001,PNS003              ,1.0,300.0,條   ,190.0,,,,3.0,黑色 真皮方向盤套                                                   
1110221GF0000002,82VAQUW             ,1.0,5500.0,組   ,2700.0,,,,1.0,8代喜美皮椅套                                                     
1110221GF0000002,VBDVATX             ,1.0,200.0,罐   ,65.0,,,,2.0,向日葵細目粗蠟                                                     
1110221GF0000002,RSENH73000K2Q       ,2.0,1000.0,各   ,200.0,,,,3.0,RSEN H7 3000K燈泡                                             
1110221GF0000002,EY                  ,1.0,300.0,次   ,0.0,,,,4.0,工資                                                          
1110223GF0000001,SAXO5W50            ,5.0,600.0,罐   ,240.0,,,,1.0,SAXO 5W/50機油                                                
1110223GF0000001,82VADFV2.0          ,1.0,450.0,各   ,200.0,,,,2.0,8代喜美2.0空氣芯                                                  
1110223GF0000001,UX0GVR              ,1.0,200.0,罐   ,80.0,,,,3.0,亞力安水箱精                                                      
1110223GF0000001,GVE0.9              ,1.0,300.0,各   ,110.0,,,,4.0,水箱蓋0.9                                                      
1111005GF0000001,F501TAZQW           ,1.0,500.0,捲   ,140.0,,,,6.0,F501車門碰條                                                    
1111005GF0000001,DL1208X1            ,1.0,1300.0,組   ,450.0,,,,7.0,DL-1208喇叭                                                   
1111005GF0000002,TNT275D2R           ,1.0,7000.0,組   ,2500.0,,,,1.0,TNT-275擴大機                                                  
1111005GF0000001,18EAXCGRY2EUCGR     ,1.0,3000.0,組   ,1200.0,,,,8.0,18冠美麗後視鏡自動感應開關                                              
1111005GF0000002,ID6.5HW5X1          ,2.0,3500.0,組   ,700.0,,,,2.0,ID6.5吋同軸喇叭                                                  
1111005GF0000002,AVVCV4.5M           ,1.0,1000.0,條   ,130.0,,,,3.0,AV訊號線4.5M                                                   
1111005GF0000002,ZWU12               ,1.0,1000.0,組   ,96.0,,,,4.0,豐田迎賓燈                                                       
1111006GF0000001,GARMIN530VTRXF      ,1.0,3500.0,組   ,2690.0,,,,1.0,GARMIN 530行車記錄器                                             
1111008GF0000003,ZEROVRMG16          ,1.0,800.0,支   ,325.0,,,,1.0,ZERO矽膠雨刷16吋                                                 
1111008GF0000003,ZEROVRMG24          ,1.0,1000.0,支   ,415.0,,,,2.0,ZERO矽膠雨刷24吋                                                 
1110223GF0000001,VBDVATX             ,1.0,200.0,罐   ,65.0,,,,5.0,向日葵細目粗蠟                                                     
1110223GF0000001,CARGTUV             ,1.0,150.0,罐   ,75.0,,,,6.0,CAR煞車油(小)                                                   
1110223GF0000001,RSENHID55WUADG      ,2.0,2000.0,各   ,600.0,,,,7.0,TSRN HID 55W安定器(一秒快閃)                                       
1110223GF0000001,RSENT104014242      ,1.0,450.0,組   ,160.0,,,,8.0,RSEN T10 4014 24燈                                           
1110223GF0000001,SENFINECOGV5XR      ,1.0,450.0,罐   ,150.0,,,,9.0,西德SENFINECO水箱止漏劑                                            
1110225GF0000001,2TX23UDB            ,1.0,1000.0,組   ,480.0,,,,1.0,倒車雷達3眼崁入入                                                   
1110225GF0000001,2TX2NU              ,1.0,1250.0,組   ,580.0,,,,2.0,倒車雷達(四眼)崁入                                                  
1110225GF0000002,LD4VTRXF            ,1.0,2500.0,組   ,1300.0,,,,1.0,LD-4行車紀錄器                                                   
1110225GF0000003,FTA11CW             ,2.0,350.0,組   ,62.0,,,,1.0,汽車門把保護貼                                                     
1110225GF0000003,FTZQWZEQ            ,1.0,250.0,組   ,110.0,,,,2.0,汽車防碰反光片                                                     
1110225GF0000003,FTZEW5              ,12.0,350.0,張   ,130.0,,,,3.0,汽車反光貼紙                                                      
1110225GF0000003,5SR                 ,1.0,250.0,各   ,31.0,,,,4.0,助黏劑                                                         
1110226GF0000001,ZV5F53HNF           ,1.0,6200.0,組   ,4300.0,,,,1.0,發現者F-53全頻測速器                                                
1110226GF0000001,PNSFB001            ,1.0,1000.0,組   ,520.0,,,,2.0,磁吸面紙盒 碳纖維黑色                                                 
1110226GF0000001,RSEND46000K         ,2.0,1500.0,各   ,500.0,,,,3.0,RSEN D4 6000K燈泡                                             
1110226GF0000001,RSENHID5RF          ,1.0,300.0,各   ,100.0,,,,4.0,RSEN HID轉接器                                                 
1110226GF0000001,NOIDNRMG24          ,1.0,400.0,支   ,100.0,,,,5.0,NOID三節雨刷 24吋                                                
1110226GF0000001,NOIDNRMG18          ,1.0,300.0,支   ,100.0,,,,6.0,NOID三節雨刷 18吋                                                
1110226GF0000001,AL5003TY-CU         ,1.0,300.0,組   ,150.0,,,,7.0,AL-5003車載二合一                                                
1110226GF0000001,AFL283578           ,1.0,500.0,組   ,81.8,,,,8.0,軟條燈2835-78LED                                               
1110226GF0000001,TAA053              ,2.0,350.0,各   ,142.0,,,,9.0,安全帶便捷插銷-鋅合金                                                 
1110226GF0000001,PNSSCUP03           ,1.0,300.0,組   ,130.0,,,,10.0,多功能PU皮革椅縫置物架                                                
1110226GF0000001,GN5V                ,2.0,350.0,罐   ,140.0,,,,11.0,雙色之星香水                                                      
1110226GF0000001,PNSAHY295           ,1.0,500.0,組   ,160.0,,,,12.0,電子式煙灰缸                                                      
1110226GF0000001,NO95RCVG            ,1.0,300.0,各   ,145.0,,,,13.0,NO-95金幻香水                                                   
1110226GF0000002,V15XCRVTRXF         ,1.0,5500.0,組   ,1500.0,,,,1.0,V15鋁合金行車紀錄器                                                 
1110301GF0000001,S27CTYZ1VNY         ,1.0,150.0,組   ,55.0,,,,1.0,S27C插式附(管式含10A)保險絲座                                         
1110303GF0000001,TC6683NDTY          ,1.0,250.0,組   ,110.0,,,,1.0,TC-6683三孔插座                                                 
1110303GF0000001,13KUGATA1E2         ,1.0,650.0,組   ,240.0,,,,2.0,13KUG長毛避光墊                                                  
1110330GF0000001,NB1040              ,4.0,500.0,罐   ,200.0,,,,1.0,NB 10/40機油                                                  
1110304GF0000001,DAYL60BV2           ,1.0,1000.0,組   ,520.0,,,,1.0,DAYL-60冰藍淚眼日行燈                                              
1110304GF0000001,G2VY                ,1.0,450.0,組   ,200.0,,,,2.0,水滴線組                                                        
1110304GF0000001,EY                  ,1.0,550.0,次   ,0.0,,,,3.0,工資                                                          
1110304GF0000001,RSENH112TY          ,1.0,300.0,組   ,90.0,,,,4.0,RSEN H11陶瓷座                                                 
1110305GF0000001,V18LED9006          ,1.0,3000.0,組   ,1700.0,,,,1.0,V18 [車牌]大燈                                              
1110305GF0000001,SF00112QE2D         ,1.0,100.0,組   ,25.0,,,,2.0,SF-0011頂棚通用型固定扣                                             
1110305GF0000002,NB1040              ,5.0,450.0,罐   ,200.0,,,,1.0,NB 10/40機油                                                  
1110305GF0000002,ZINGERDFV           ,1.0,400.0,各   ,200.0,,,,2.0,ZINGER空氣芯                                                   
1110305GF0000002,XVUV                ,1.0,200.0,各   ,0.0,,,,3.0,領袖機油芯                                                       
1110305GF0000002,ABROUFFVR           ,1.0,350.0,罐   ,95.0,,,,4.0,ABRO引擎清洗劑                                                   
1110307GF0000001,NB1040              ,5.0,500.0,罐   ,200.0,,,,1.0,NB 10/40機油                                                  
1110307GF0000001,XGRUV               ,1.0,100.0,各   ,40.0,,,,2.0,菱帥機油芯                                                       
1110307GF0000001,SPAGEGERDFV         ,1.0,400.0,各   ,120.0,,,,3.0,SPAGE GEAR空氣芯                                               
1110307GF0000001,HY662               ,1.0,990.0,組   ,520.0,,,,4.0,HY-662簡便連結式椅套                                               
1110307GF0000001,ZJTUA               ,1.0,300.0,罐   ,85.0,,,,5.0,防霧除油膜                                                       
1110307GF0000002,2013GOLFFMGXQ       ,1.0,1500.0,組   ,900.0,,,,2.0,[車牌]F(兩片)晴雨窗                                             
1110307GF0000003,ID4HX1              ,1.0,1500.0,組   ,400.0,,,,1.0,ID4吋喇叭                                                      
1110307GF0000004,LD7GVVTRXF          ,1.0,3500.0,組   ,2100.0,,,,2.0,LD-7雙眼行車記錄器                                                 
1110309GF0000001,SAXOC35W30FHU       ,6.0,750.0,罐   ,220.0,,,,1.0,SAXO C3 5W30柴油共用遊                                           
1110309GF0000001,ZEROAMN+RFC         ,1.0,850.0,罐   ,320.0,,,,2.0,ZERO鉬元素+噴油嘴除扣劑                                              
1110309GF0000001,EY                  ,1.0,1000.0,次   ,0.0,,,,3.0,工資                                                          
1110309GF0000001,FTZEW5              ,3.0,350.0,張   ,130.0,,,,4.0,汽車反光貼紙                                                      
1110309GF0000001,CLA2500UV           ,1.0,750.0,各   ,300.0,,,,5.0,CLA-250專用油芯                                                 
1110309GF0000001,CLA250DFV           ,1.0,1250.0,各   ,350.0,,,,6.0,CLA-250空氣芯                                                  
1110309GF0000001,LEDXG2W             ,1.0,1000.0,組   ,170.0,,,,7.0,LED流水燈條1.2MM                                                
1110309GF0000002,SAXO1040            ,5.0,500.0,罐   ,120.0,,,,1.0,SAXO 10W/40機油                                               
1110309GF0000002,ALTISDFV            ,1.0,450.0,各   ,75.0,,,,2.0,01 ALTIS空氣芯                                                 
1110309GF0000002,WISHUV              ,1.0,200.0,各   ,65.0,,,,3.0,WISH油芯                                                      
1110309GF0000002,ABROUFFVR           ,1.0,450.0,罐   ,95.0,,,,4.0,ABRO引擎清洗劑                                                   
1110309GF0000002,AH62CCZVQ           ,1.0,650.0,條   ,360.0,,,,5.0,AH-62紅黑方向盤套                                                 
1110312GF0000004,ZEROFV1UUR          ,1.0,400.0,罐   ,180.0,,,,3.0,ZERO全效保養汽車精[車牌]                                            
1110312GF0000004,12FVRU5XR           ,1.0,600.0,罐   ,100.0,,,,4.0,八大全效機油精                                                     
1110312GF0000004,VR1DFV              ,1.0,250.0,各   ,120.0,,,,5.0,新尖兵空氣芯                                                      
1110312GF0000005,VWXN                ,1.0,150.0,各   ,50.0,,,,1.0,吸鐵螺絲                                                        
1110312GF0000005,SAXO1040            ,1.0,350.0,罐   ,120.0,,,,2.0,SAXO 10W/40機油                                               
1110314GF0000001,MISSIONCVT          ,4.0,600.0,罐   ,230.0,,,,2.0,MISSION CVT-F自排油X+++                                        
1110314GF0000001,ALTISDFV            ,1.0,400.0,各   ,75.0,,,,3.0,01 ALTIS空氣芯                                                 
1110314GF0000001,ZWUV                ,1.0,100.0,各   ,40.0,,,,4.0,豐田油芯                                                        
1110314GF0000001,XFXJALTIS           ,1.0,450.0,各   ,150.0,,,,5.0,冷氣濾網 ALTIS                                                  
1110314GF0000001,ABROUFFVR           ,1.0,450.0,罐   ,95.0,,,,6.0,ABRO引擎清洗劑                                                   
1110314GF0000001,16322T              ,4.0,100.0,各   ,25.0,,,,7.0,1632電池                                                      
1110314GF0000001,SENFINCEODFFRR      ,1.0,1000.0,罐   ,180.0,,,,8.0,西德SENFINCEO空氣清潔劑9980                                        
1110314GF0000001,SP702               ,1.0,200.0,罐   ,100.0,,,,9.0,SP-702電動窗潤滑劑                                                
1110314GF0000001,08ALTIS5MW2         ,1.0,850.0,組   ,300.0,,,,10.0,08ALTIS專用踏墊                                                 
1110314GF0000001,LASTS2DVG           ,2.0,100.0,各   ,30.0,,,,11.0,LASTS吊卡香水                                                   
1110314GF0000001,ZWU12               ,2.0,400.0,組   ,96.0,,,,12.0,豐田迎賓燈                                                       
1110314GF0000001,KYOROKU530RU        ,4.0,550.0,罐   ,160.5,,,,13.0,巨力5/30汽柴機油                                                  
1110314GF0000001,09011LEDXR2         ,1.0,2500.0,組   ,650.0,,,,14.0,0[車牌]兩節燈(紅藍)12/24V                                      
1110314GF0000001,08ALTISTAVQ         ,1.0,1500.0,條   ,750.0,,,,15.0,08ALTIS車門橡皮(RR)                                             
1110314GF0000001,ZEROAMN+RFC         ,1.0,950.0,罐   ,320.0,,,,16.0,ZERO鉬元素+噴油嘴除扣劑                                              
1110314GF0000002,KYOROKU530RU        ,4.0,600.0,罐   ,160.5,,,,1.0,巨力5/30汽柴機油                                                  
1110314GF0000002,FCOUSUV             ,1.0,200.0,各   ,100.0,,,,2.0,FCOUS油芯                                                     
1110314GF0000002,ZEROFV1UUR          ,1.0,400.0,罐   ,180.0,,,,3.0,ZERO全效保養汽車精[車牌]                                            
1110315GF0000001,RSENT104014242      ,1.0,450.0,組   ,160.0,,,,1.0,RSEN T10 4014 24燈                                           
1110315GF0000002,NR1MY2              ,1.0,200.0,各   ,120.0,,,,1.0,冰玉四角座墊                                                      
1110315GF0000001,08ALTISVUXN         ,1.0,550.0,各   ,350.0,,[已隱蔽],,2.0,08ALTIS洩油螺絲                                                 
1110318GF0000001,V15XCRVTRXF         ,1.0,2500.0,組   ,1500.0,,,,1.0,V15鋁合金行車紀錄器                                                 
1110319GF0000001,FTZEW5              ,3.0,350.0,張   ,130.0,,,,1.0,汽車反光貼紙                                                      
1110319GF0000001,AFL5050FH           ,2.0,600.0,條   ,98.2,,,,2.0,[車牌]12七彩LED                                             
1110319GF0000001,EY                  ,1.0,650.0,次   ,0.0,,,,3.0,工資                                                          
1110319GF0000001,1VNV                ,1.0,100.0,各   ,1.0,,,,4.0,保險絲(小)                                                      
1110319GF0000002,ID4HX1              ,1.0,2500.0,組   ,400.0,,,,1.0,ID4吋喇叭                                                      
1110319GF0000002,2XDFMT              ,1.0,600.0,組   ,350.0,,,,2.0,得利卡晴雨窗                                                      
1110319GF0000002,7003J25R            ,1.0,2800.0,組   ,600.0,,,,4.0,[車牌]無碟主機                                                 
1110321GF0000001,Y2EUW2              ,1.0,1600.0,組   ,1000.0,,,,1.0,自動感應頭燈                                                      
1110321GF0000002,LD9VTRXF            ,1.0,5000.0,組   ,3000.0,,,,1.0,LD-9電子式行車記錄器                                                
1110322GF0000001,2TX2NU              ,1.0,3000.0,組   ,580.0,,,,1.0,倒車雷達(四眼)崁入                                                  
1110322GF0000001,2TVUJE              ,1.0,2500.0,組   ,450.0,,,,2.0,倒車顯影(外掛)                                                    
1110130GF0000003,V15GIVTRXFF         ,1.0,3000.0,組   ,1400.0,,,,1.0,V15雙眼行車紀錄器(前)                                               
1110323GF0000001,NB1040              ,4.0,500.0,罐   ,200.0,,,,1.0,NB 10/40機油                                                  
1110323GF0000001,ZWUV                ,1.0,100.0,各   ,40.0,,,,2.0,豐田油芯                                                        
1110323GF0000001,XFXJALTIS           ,1.0,400.0,各   ,150.0,,,,3.0,冷氣濾網 ALTIS                                                  
1110323GF0000001,NOIDNRMG14          ,1.0,200.0,支   ,100.0,,,,4.0,NOID三節雨刷 14吋                                                
1110323GF0000001,NOIDNRMG24          ,1.0,300.0,支   ,100.0,,,,5.0,NOID三節雨刷 24吋                                                
1110323GF0000002,2818-PN195-60-15XW  ,4.0,2500.0,各   ,2150.0,,,,1.0,[車牌] 195/60/15輪胎                                         
1110323GF0000004,MISSIONYQU          ,4.0,450.0,罐   ,95.8,,,,1.0,MISSIOM自排油                                                  
1110323GF0000004,XGRUV               ,1.0,100.0,各   ,60.0,,,,2.0,菱帥機油芯                                                       
1110323GF0000004,ZXDDFV              ,1.0,450.0,各   ,100.0,,,,3.0,菲利卡空氣芯                                                      
1110323GF0000004,12FVRU5XR           ,1.0,500.0,罐   ,100.0,,,,4.0,八大全效機油精                                                     
1110325GF0000001,E00465              ,2.0,30.0,張   ,15.0,,,,1.0,尿尿小子/二入黑白紅                                                  
1110323GF0000006,EY                  ,1.0,3500.0,次   ,0.0,,,,3.0,工資                                                          
1110324GF0000001,APPWWVGF            ,1.0,3500.0,組   ,1800.0,,,,1.0,APP抬頭顯示 OBT四代                                               
1110322GF0000002,2TVUJE              ,1.0,2200.0,組   ,450.0,,,,1.0,倒車顯影(外掛)                                                    
1110322GF0000003,LEDXG2W1.5M         ,1.0,2000.0,組   ,240.0,,,,1.0,LED流水燈條1.5MM                                                
1110325GF0000001,R00044              ,1.0,440.0,捲   ,200.0,,,,2.0,邊條/卡夢黑銀                                                     
1110325GF0000001,EY                  ,1.0,2500.0,次   ,0.0,,[已隱蔽],,3.0,工資                                                          
1110326GF0000001,SAXO1040            ,4.0,350.0,罐   ,120.0,,,,1.0,SAXO 10W/40機油                                               
1110326GF0000001,RSEND24300K         ,1.0,1500.0,各   ,250.0,,,,2.0,RSEN D2 4300K燈泡                                             
1110328GF0000001,V15XCRVTRXF         ,1.0,2500.0,組   ,1500.0,,,,1.0,V15鋁合金行車紀錄器                                                 
1110328GF0000002,EY                  ,1.0,300.0,次   ,0.0,,,,1.0,工資                                                          
1110328GF0000002,VBDXEX              ,2.0,100.0,罐   ,55.0,,,,2.0,向日葵橘油亮光蠟  [車牌]                                             
1110328GF0000001,                    ,0.0,,,,,,,3.0,
1110329GF0000001,GARMINDRIVE52       ,1.0,4000.0,組   ,3450.0,,,,1.0,GARMIN DRIVE 52導航                                           
1110329GF0000001,ZV5G539HNF          ,1.0,3000.0,組   ,1900.0,,,,2.0,發現者F-539測速器                                                 
1110329GF0000001,32G                 ,1.0,500.0,各   ,250.0,,,,3.0,32G卡片                                                       
1110330GF0000001,VAUV                ,1.0,100.0,各   ,50.0,,,,2.0,喜美油芯                                                        
1110331GF0000001,NB1040              ,5.0,500.0,罐   ,200.0,,,,1.0,NB 10/40機油                                                  
1110331GF0000001,ZWUV                ,1.0,100.0,各   ,40.0,,,,2.0,豐田油芯                                                        
1110331GF0000001,ABROUFFVR           ,1.0,350.0,罐   ,95.0,,,,3.0,ABRO引擎清洗劑                                                   
1110331GF0000002,SENFINECOCUFFVR     ,1.0,1800.0,罐   ,80.0,,,,1.0,德國SENFINECO化油器清洗劑9938                                       
1110331GF0000002,T2EY                ,1.0,500.0,次   ,0.0,,,,2.0,查電工資                                                        
1110401GF0000001,10ALTIS8C4+64       ,1.0,17000.0,組   ,10800.0,,,,1.0,10ALTIS 安卓CARDIO 8核4+64+框                                   
1110402GF0000001,ZJTUA               ,1.0,300.0,罐   ,85.0,,,,1.0,防霧除油膜                                                       
1110402GF0000001,510UD5D             ,1.0,1500.0,組   ,550.0,,,,2.0,510搖控中控                                                     
1110402GF0000001,2P5986XW            ,4.0,2650.0,各   ,2400.0,,,,3.0,2P-5986 195/55/15輪胎                                         
1110402GF0000001,X2UR                ,1.0,700.0,罐   ,250.0,,,,5.0,冷凍油精                                                        
1110401GF0000001,08ALTIS5G1R         ,1.0,650.0,各   ,300.0,,,,2.0,08ALTIS 中央飾板/R                                              
1110401GF0000001,08ALTIS5UTZDG1L     ,1.0,650.0,各   ,300.0,,,,3.0,08ALTIS 中央飾板/L                                              
1110402GF0000001,FORTISXFXJ          ,1.0,600.0,各   ,250.0,,,,6.0,FORTIS冷氣濾網                                                  
1110402GF0000001,AFL283578           ,2.0,500.0,組   ,81.8,,,,7.0,軟條燈2835-78LED                                               
1110402GF0000001,RSENT104014242      ,1.0,450.0,組   ,160.0,,,,10.0,RSEN T10 4014 24燈                                           
1110402GF0000002,LE-7512EY           ,1.0,2000.0,次   ,1500.0,,,,1.0,LE-7512查修工資                                                 
1110402GF0000002,3MCUFFVR            ,1.0,600.0,罐   ,60.0,,,,2.0,3M化油器清洗劑(8896)                                              
1110402GF0000002,ERQ602Q             ,1.0,2500.0,各   ,1750.0,,,,3.0,國際牌60電瓶                                                     
1110402GF0000002,BGD-                ,1.0,1500.0,各   ,800.0,,,,4.0,瑞獅考耳                                                        
1110402GF0000002,LE-7512CVN          ,4.0,250.0,各   ,100.0,,,,5.0,瑞獅火星賽                                                       
1110406GF0000001,D00392              ,1.0,25.0,張   ,12.0,,,,1.0,班尼頓貼紙                                                       
1110406GF0000001,FTCGRZEQ            ,2.0,250.0,組   ,85.0,,,,2.0,汽車後視鏡反光貼片                                                   
1110406GF0000001,FTZQWZEQ            ,2.0,350.0,組   ,110.0,,,,3.0,汽車防碰反光片                                                     
1110406GF0000001,FTZEW5              ,6.0,350.0,張   ,130.0,,,,4.0,汽車反光貼紙                                                      
1110406GF0000001,FTA11CW             ,2.0,250.0,組   ,70.0,,,,5.0,汽車門把保護貼                                                     
1110407GF0000001,CARDIOCA700.1A      ,1.0,12000.0,組   ,7600.0,,,,1.0,CARDIO CA-700.1A 8核+2+32安卓主機                                
1110407GF0000001,2TVUAHDJE           ,1.0,2000.0,組   ,600.0,,,,2.0,AHD倒車顯影(8燈外掛)寶馬頭                                            
1110406GF0000002,12VAGE              ,1.0,800.0,各   ,0.0,,,,1.0,八代喜美水管                                                      
1110406GF0000002,12VAGERHZ           ,1.0,500.0,次   ,0.0,,,,2.0,八代喜美水壓檢測費                                                   
1110406GF0000002,12VAXWN             ,1.0,3500.0,組   ,2500.0,,,,3.0,八大喜美龍頭鎖                                                     
1110406GF0000002,12VAXWNEY           ,1.0,950.0,次   ,800.0,,,,4.0,八代喜美龍頭鎖拆裝工資                                                 
1110409GF0000001,ZXD1WRJ1G           ,1.0,1000.0,組   ,250.0,,,,1.0,菲力卡備胎架 外把手                                                  
1110412GF0000001,FTZEW5              ,4.0,350.0,張   ,130.0,,,,1.0,汽車反光貼紙                                                      
1100524GF0000003,APPWWVGF            ,1.0,3500.0,組   ,1900.0,,,,1.0,APP抬頭顯示 OBT四代                                               
1110323GF0000004,ZEROFV1UUR          ,1.0,400.0,罐   ,180.0,,,,5.0,ZERO全效保養汽車精[車牌]                                            
1110323GF0000004,SAXO1040            ,5.0,350.0,罐   ,120.0,,,,6.0,SAXO 10W/40機油                                               
1110323GF0000005,LE-7512XCFQY        ,1.0,5200.0,組   ,2800.0,,,,1.0,LE-7512離合器組                                                 
1110323GF0000005,LE-7512GX5T         ,1.0,1300.0,組   ,850.0,,,,2.0,LE-7512釋放軸承                                                 
1110323GF0000005,LE-75125V5T         ,1.0,800.0,組   ,200.0,,,,3.0,LE-7512中心軸承                                                 
1110323GF0000005,LE-7512XCFU         ,1.0,1400.0,次   ,899.0,,,,4.0,LE-7512離合器油                                                 
1110323GF0000005,LE-7512XCFEY        ,1.0,4000.0,次   ,1200.0,,,,5.0,LE-7512離合器工資                                                
1110323GF0000005,POSEN16H            ,1.0,300.0,組   ,70.0,,,,6.0,POSEN 16吋雨刷                                                 
1110323GF0000006,V1                  ,1.0,1000.0,組   ,500.0,,,,1.0,線包                                                          
1110323GF0000006,AV5VC               ,1.0,500.0,組   ,150.0,,,,2.0,AV轉換器                                                       
1110419GF0000001,12FVRU5XR           ,1.0,450.0,罐   ,100.0,,,,3.0,八大全效機油精                                                     
1110420GF0000001,RSEND46000K         ,1.0,1500.0,各   ,500.0,,[已隱蔽],,1.0,RSEN D4 6000K燈泡                                             
1110420GF0000002,TAD022WUWJGJVGF     ,13.0,450.0,組   ,180.0,,,,1.0,TA-D022胎壓胎紋數位顯示器                                            
1110421GF0000001,FUVE33MM            ,1.0,500.0,各   ,130.0,,,,1.0,汽油箱蓋33MM                                                    
1110421GF0000002,RSEN56ZVQW          ,1.0,500.0,條   ,250.0,,,,1.0,RSEN-56牛皮方向盤套                                               
1110422GF0000001,TYPERH7CR2Q         ,1.0,800.0,組   ,170.0,,[已隱蔽],,1.0,TYPE-R H7黃金燈泡                                               
1110422GF0000002,FTZEW5              ,6.0,350.0,張   ,130.0,,,,1.0,汽車反光貼紙                                                      
1110422GF0000002,FTCGRZEQ            ,1.0,250.0,組   ,85.0,,,,2.0,汽車後視鏡反光貼片                                                   
1110422GF0000002,FTZQWZEQ            ,3.0,350.0,組   ,110.0,,,,3.0,汽車防碰反光片                                                     
1110422GF0000002,EY                  ,1.0,600.0,次   ,0.0,,,,4.0,工資                                                          
1110426GF0000001,ID6.5KZUX1          ,1.0,5000.0,組   ,1600.0,,,,1.0,ID 6.5K分音喇叭                                                 
1110426GF0000001,6H2EF               ,1.0,500.0,組   ,200.0,,,,2.0,6吋墊高器                                                       
1110426GF0000001,GN5V                ,1.0,350.0,罐   ,140.0,,,,3.0,雙色之星香水                                                      
1110428GF0000001,TK56002MV           ,1.0,300.0,條   ,100.0,,,,1.0,TK-5600電源線                                                  
1110428GF0000001,TK56005R            ,1.0,2000.0,組   ,1200.0,,,,2.0,TK-56005主機                                                  
1110428GF0000001,TK5600CTZVTEF       ,2.0,850.0,各   ,600.0,,,,3.0,TK-5600 Z型傳感器                                               
1110323GF0000007,LD9VTRXF            ,1.0,5000.0,組   ,3000.0,,,,1.0,LD-9電子式行車記錄器                                                
1110502GF0000001,FTA11CW             ,1.0,350.0,組   ,90.0,,,,2.0,汽車門把保護貼                                                     
1110502GF0000001,VBDXEX              ,4.0,100.0,罐   ,55.0,,,,3.0,向日葵橘油亮光蠟  [車牌]                                             
1100524GF0000002,LD9VTRXF            ,1.0,6500.0,組   ,3000.0,,,,7.0,LD-9電子式行車記錄器                                                
1110503GF0000001,FTZEW5              ,1.0,350.0,張   ,130.0,,,,1.0,汽車反光貼紙                                                      
1110503GF0000001,FTZQWZEQ            ,1.0,350.0,組   ,110.0,,,,2.0,汽車防碰反光片                                                     
1110503GF0000002,VUGQ2W              ,1.0,1000.0,組   ,280.0,,,,1.0,下壓式排檔頭                                                      
1110503GF0000003,LE7512Z2RR2F        ,1.0,3000.0,各   ,900.0,,[已隱蔽],,1.0,LE-7512發電機繼電器                                               
1110503GF0000004,ZV5HNFX1JV          ,1.0,1000.0,次   ,0.0,,,,1.0,發現者測速器喇叭維修                                                  
1110504GF0000001,LD4VTRXF            ,1.0,3000.0,組   ,1300.0,,,,1.0,LD-4行車紀錄器                                                   
1110504GF0000001,2TVUJE              ,1.0,2500.0,組   ,450.0,,,,2.0,倒車顯影(外掛)                                                    
1110504GF0000001,112PDQC3.0          ,1.0,400.0,組   ,180.0,,,,3.0,[車牌]+QC3.0車載閃充                                             
1110504GF0000001,VBDQEE5CX           ,1.0,350.0,罐   ,150.0,,,,4.0,向日葵皮革光澤護蠟                                                   
1110504GF0000001,16322T              ,1.0,150.0,各   ,25.0,,,,5.0,1632電池                                                      
1110504GF0000002,HY662               ,2.0,800.0,組   ,520.0,,,,1.0,HY-662簡便連結式椅套                                               
1110505GF0000001,BSDA25H             ,1.0,10000.0,組   ,4500.0,,,,1.0,BSD盲點偵測                                                     
1110505GF0000002,ZXDGT22             ,2.0,100.0,各   ,50.0,,,,1.0,菲利卡煞車塑膠片                                                    
1110506GF0000001,FTZEW5              ,2.0,350.0,張   ,130.0,,,,1.0,汽車反光貼紙                                                      
1110506GF0000002,2TXWSDXU            ,1.0,750.0,組   ,380.0,,,,1.0,倒車雷達內崁兩眼-禾麟                                                 
1110507GF0000001,SAXO1040            ,4.0,350.0,罐   ,120.0,,,,1.0,SAXO 10W/40機油                                               
1110507GF0000001,ALTISDFV            ,1.0,350.0,各   ,75.0,,,,2.0,01 ALTIS空氣芯                                                 
1110507GF0000001,XFXJALTIS           ,1.0,450.0,各   ,120.0,,,,3.0,冷氣濾網 ALTIS                                                  
1110507GF0000001,ZWUV                ,1.0,100.0,各   ,40.0,,,,4.0,豐田油芯                                                        
1110507GF0000001,01ALTISFMT          ,1.0,600.0,組   ,180.0,,,,5.0,01ALTIS晴雨窗                                                  
1110507GF0000002,ERQ602Q             ,1.0,2500.0,各   ,1750.0,,,,1.0,國際牌60電瓶                                                     
1110511GF0000001,NB1040              ,4.0,500.0,罐   ,200.0,,,,1.0,NB 10/40機油                                                  
1110511GF0000001,NXUR                ,1.0,100.0,各   ,50.0,,,,2.0,三菱油芯                                                        
1110511GF0000001,ELANTRDFV           ,1.0,450.0,各   ,250.0,,,,3.0,ELANTR空氣芯                                                   
1110511GF0000001,VWXN                ,1.0,200.0,各   ,50.0,,,,4.0,吸鐵螺絲                                                        
1110511GF0000001,RSENGVR             ,1.0,150.0,罐   ,70.0,,,,5.0,RSEN水箱精                                                     
1110511GF0000001,ABROUFFVR           ,1.0,350.0,罐   ,95.0,,,,6.0,ABRO引擎清洗劑                                                   
1110513GF0000001,ZEROVRMG24          ,1.0,1100.0,支   ,415.0,,,,1.0,ZERO矽膠雨刷24吋                                                 
1110513GF0000001,ZEROVRMG20          ,1.0,950.0,支   ,350.0,,,,2.0,ZERO矽膠雨刷20吋                                                 
1110513GF0000001,0052DSGRR           ,1.0,450.0,組   ,120.0,,,,3.0,005多功能手機架                                                   
1110513GF0000002,SAXO1040            ,4.0,350.0,罐   ,120.0,,,,1.0,SAXO 10W/40機油                                               
1110513GF0000002,ZWUV                ,1.0,100.0,各   ,40.0,,,,2.0,豐田油芯                                                        
1110513GF0000002,ALTISDFV            ,1.0,350.0,各   ,75.0,,,,3.0,01 ALTIS空氣芯                                                 
1110513GF0000002,MISSIONCVT          ,4.0,500.0,罐   ,230.0,,[已隱蔽],,4.0,MISSION CVT-F自排油X+++                                        
1110513GF0000002,OBLRUR              ,1.0,550.0,罐   ,240.0,,,,5.0,OBL機油精                                                      
1110513GF0000002,OBROFUR             ,1.0,350.0,罐   ,100.0,,,,6.0,OBRO汽油精                                                     
1110513GF0000002,XFXJALTIS           ,1.0,450.0,各   ,120.0,,,,7.0,冷氣濾網 ALTIS                                                  
1110513GF0000002,ALTISGGE            ,1.0,1800.0,組   ,500.0,,,,8.0,ALTIS上水管                                                    
1110420GF0000003,01XGFMT             ,1.0,1000.0,組   ,600.0,,,,1.0,01菱帥晴雨窗(四片)                                                 
1110513GF0000003,V37GRR              ,1.0,350.0,組   ,100.0,,,,1.0,V37儀表板手機架                                                   
1110519GF0000001,OBT2FHWWVGF         ,1.0,3000.0,組   ,1000.0,,,,2.0,OBT抬頭顯示器(七彩)                                                
1110519GF0000001,WUSWU5TF            ,1.0,3000.0,組   ,900.0,,,,3.0,太陽能胎壓偵測器                                                    
1110519GF0000001,AH64ZVQW            ,1.0,750.0,條   ,280.0,,,,4.0,AH-64方向盤套                                                   
1110519GF0000001,XFXJALTIS           ,1.0,450.0,各   ,120.0,,,,5.0,冷氣濾網 ALTIS                                                  
1110519GF0000001,SR346WFJ2DUSB       ,1.0,750.0,組   ,470.0,,,,6.0,SR-346碳纖維可遮飾2USB(6.2A)+2孔插座                                 
1110519GF0000001,ABT-390             ,1.0,2250.0,組   ,1150.0,,,,7.0,空氣清淨機                                                       
1110519GF0000001,SENFINCEOXFZVFRR    ,1.0,1000.0,罐   ,350.0,,,,8.0,西德SENFINCEO冷氣風箱清潔劑                                          
1110520GF0000001,ZERO14VRMG          ,1.0,700.0,支   ,290.0,,,,1.0,ZERO矽膠雨刷14吋                                                 
1110520GF0000001,ZEROVRMG24          ,1.0,1000.0,支   ,415.0,,,,2.0,ZERO矽膠雨刷24吋                                                 
1110520GF0000001,UX0GVR              ,1.0,200.0,罐   ,80.0,,,,3.0,亞力安水箱精                                                      
1110513GF0000004,09EAXCGR            ,1.0,3000.0,組   ,1100.0,,,,1.0,09冠美麗後視鏡(L)/電折附燈                                            
1110513GF0000004,09EAXCGRR           ,1.0,3000.0,組   ,1100.0,,,,2.0,09冠美麗後視鏡(R)電折附燈                                             
1110513GF0000004,09EAXCGRDF          ,2.0,500.0,組   ,200.0,,,,3.0,09冠美麗後視鏡烤漆                                                  
1110513GF0000004,LY601               ,1.0,100.0,組   ,18.0,,,,4.0,小圓鏡                                                         
1110514GF0000001,ID4HX1              ,1.0,1200.0,組   ,400.0,,,,1.0,ID4吋喇叭                                                      
1110517GF0000001,2TX23UDB            ,1.0,3000.0,組   ,480.0,,,,1.0,倒車雷達3眼崁入                                                    
1110518GF0000001,EY                  ,1.0,500.0,次   ,0.0,,,,1.0,工資                                                          
1110518GF0000001,T10552              ,2.0,100.0,各   ,1.7,,,,2.0,T10中炸彈                                                      
1110518GF0000001,RSEND44300K         ,2.0,1800.0,各   ,500.0,,,,3.0,RSEN D4 4300K燈泡                                             
1110519GF0000001,V15XCRVTRXF         ,1.0,4500.0,組   ,1500.0,,,,1.0,V15鋁合金行車紀錄器                                                 
1110520GF0000001,VBDC1MGR2000ML      ,1.0,300.0,罐   ,85.0,,,,4.0,向日葵雨刷精[車牌]                                                
1110521GF0000001,2TXWSDXU            ,1.0,750.0,組   ,380.0,,[已隱蔽],,1.0,倒車雷達內崁兩眼-禾麟                                                 
1110521GF0000002,BGD-                ,1.0,0.0,各   ,750.0,,,,1.0,瑞獅考耳                                                        
1110521GF0000002,BGEY                ,1.0,2000.0,次   ,1500.0,,,,2.0,瑞獅工資                                                        
1110521GF0000002,BGV2V               ,1.0,1350.0,組   ,650.0,,,,3.0,瑞獅矽導線                                                       
1110521GF0000002,BGZ2Q               ,1.0,950.0,各   ,350.0,,,,4.0,瑞獅分電盤                                                       
1110523GF0000001,GARMINDRIVE52       ,1.0,4000.0,組   ,3450.0,,,,1.0,GARMIN DRIVE 52導航                                           
1110524GF0000001,SENFINECOFURFFVR    ,1.0,1800.0,罐   ,400.0,,,,1.0,西德SENFINECO汽油進氣系統清洗劑9921                                    
1110524GF0000002,AFL5050FH           ,4.0,550.0,條   ,98.2,,,,1.0,[車牌]12七彩LED                                             
1110524GF0000002,RSEN02F             ,2.0,1000.0,各   ,400.0,,,,2.0,RSEN安定器                                                     
1110524GF0000002,RSENH113000K2Q      ,2.0,750.0,各   ,200.0,,,,3.0,RSEN H11 3000K燈泡                                            
1110524GF0000002,08ALTISZEQ          ,1.0,3500.0,組   ,1400.0,,,,4.0,08ALTIS反光片 LED/後圓                                           
1110525GF0000001,XFXJALTIS           ,1.0,450.0,各   ,120.0,,,,2.0,冷氣濾網 ALTIS                                                  
1110525GF0000001,SENFINCEODFFRR      ,1.0,1000.0,罐   ,180.0,,,,3.0,西德SENFINCEO空氣清潔劑9980                                        
1110525GF0000001,ALTISXXQ            ,1.0,2000.0,組   ,600.0,,,,4.0,ALTIS來令片                                                    
1110525GF0000002,Z8RTVTRXF           ,1.0,2999.0,組   ,2100.0,,,,1.0,Z8機車行車記錄器                                                   
1110525GF0000001,KYOROKU530RU        ,4.0,550.0,罐   ,160.5,,,,5.0,巨力5/30汽柴機油                                                  
1110527GF0000001,2TXWSDXU            ,1.0,750.0,組   ,380.0,,,,1.0,倒車雷達內崁兩眼-禾麟                                                 
1110527GF0000003,V18H11LED           ,1.0,3000.0,組   ,1700.0,,,,1.0,V18 H11 LED大燈                                               
1110527GF0000003,G185630             ,3.0,550.0,卡   ,230.0,,,,2.0,G18-魚眼5630-10顆 白光 2入                                        
1110527GF0000003,G255630GV2Q         ,1.0,550.0,組   ,240.0,,,,4.0,G25-5630後煞車燈雙芯燈泡                                            
1110527GF0000003,IN362835GS2         ,2.0,450.0,卡   ,200.0,,,,5.0,IN36-[車牌]室內燈                                            
1110527GF0000003,TURBOH3LED          ,1.0,2500.0,組   ,1200.0,,,,6.0,TURBO H3 LED大燈                                              
1110527GF0000004,UX0GVR              ,1.0,200.0,罐   ,80.0,,,,1.0,亞力安水箱精                                                      
1110527GF0000004,H00338              ,1.0,60.0,張   ,30.0,,,,2.0,BABY IN CAR/熊熊                                              
1110527GF0000004,SF12501VNY          ,1.0,100.0,組   ,15.0,,,,3.0,SF-1250保險絲座                                                 
1110527GF0000004,H4LED181E           ,1.0,450.0,各   ,200.0,,,,4.0,H4 LED 18W直上機車燈泡                                            
1110527GF0000005,FTCGRZEQ            ,13.0,250.0,組   ,85.0,,,,1.0,汽車後視鏡反光貼片                                                   
1110527GF0000005,FTZQWZEQ            ,11.0,350.0,組   ,130.0,,,,2.0,汽車防碰反光片                                                     
1110608GF0000001,4#2MW               ,20.0,35.0,各   ,20.0,,,,1.0,4#電源頭                                                       
1110604GF0000001,V15XCRVTRXF         ,1.0,2500.0,組   ,1500.0,,,,1.0,V15鋁合金行車紀錄器                                                 
1110604GF0000001,X1VY                ,1.0,300.0,組   ,120.0,,,,2.0,喇叭線組                                                        
1110606GF0000001,H00861              ,2.0,60.0,張   ,30.0,,,,1.0,鶴/一對 立體 貼紙                                                  
1110606GF0000001,5SR                 ,2.0,290.0,各   ,31.0,,,,2.0,助黏劑                                                         
1110607GF0000001,PNSJW220R2UG        ,2.0,200.0,各   ,70.0,,,,1.0,PNS-JW220靜電鑰匙                                               
1110608GF0000001,1VNY                ,1.0,200.0,各   ,100.0,,,,2.0,圓保險絲座                                                       
1110611GF0000001,GOLFUVJD            ,1.0,1000.0,各   ,1000.0,,,,2.0,GOLF音響外框                                                    
1110611GF0000001,055MVTRXF           ,1.0,6500.0,組   ,3000.0,,,,3.0,安卓專用雙眼行車紀錄器                                                 
1110611GF0000001,ZNGOLF83+325R       ,1.0,14500.0,組   ,9000.0,,,,4.0,福斯GOLF安卓8核3+32主機                                            
1110613GF0000001,SF4005WAVQ          ,1.0,50.0,組   ,15.0,,,,1.0,SF-4005透明吸盤                                                 
1110622GF0000001,WISHRUVE            ,1.0,2000.0,各   ,900.0,,,,2.0,WISH機油箱蓋                                                    
1110622GF0000001,WISHUV              ,1.0,200.0,各   ,65.0,,,,3.0,WISH油芯                                                      
1110622GF0000001,WUSWU5TF            ,1.0,3500.0,組   ,900.0,,,,4.0,太陽能胎壓偵測器                                                    
1110622GF0000001,10WISHC2E           ,2.0,1100.0,支   ,400.0,,,,5.0,10WISH後頂桿                                                   
1110622GF0000001,10WISHCXXQ          ,1.0,2200.0,組   ,800.0,,,,6.0,10WISH後來令片                                                  
1110622GF0000001,10WISHGTQ           ,1.0,4000.0,組   ,1400.0,,,,7.0,10WISH煞車盤                                                   
1110622GF0000001,10WISHVBN           ,1.0,2400.0,組   ,1000.0,,,,8.0,10WISH SC20HR11火星賽                                          
1110622GF0000001,NOIDNRMG14          ,1.0,250.0,支   ,100.0,,,,9.0,NOID三節雨刷 14吋                                                
1110622GF0000001,NOIDNRMG26          ,1.0,550.0,支   ,100.0,,,,10.0,NOID三節雨刷 26吋                                                
1110622GF0000001,J00350CMG           ,1.0,550.0,支   ,130.0,,,,11.0,J00350後雨刷                                                   
1110622GF0000001,10WISHTA1E2         ,1.0,800.0,組   ,210.0,,,,31.0,10WISH長毛避光墊                                                 
1110624GF0000002,LD9VTRXF            ,1.0,3000.0,組   ,3000.0,,,,1.0,LD-9電子式行車記錄器                                                
1110624GF0000003,D4OSRAM4300K        ,2.0,1800.0,各   ,1300.0,,,,1.0,D4R OS[車牌]K燈泡                                           
1110704GF0000001,NB1040              ,4.0,500.0,罐   ,200.0,,,,1.0,NB 10/40機油                                                  
1110704GF0000001,ZWUV                ,1.0,100.0,各   ,40.0,,,,2.0,豐田油芯                                                        
1110704GF0000001,ZEROFV1UUR          ,1.0,400.0,罐   ,180.0,,,,3.0,ZERO全效保養汽車精[車牌]                                            
1110704GF0000001,02EAXDFV            ,1.0,400.0,各   ,120.0,,,,4.0,02冠美麗空氣芯                                                    
1110705GF0000001,09WISH5MTX          ,1.0,4000.0,組   ,2640.0,,,,1.0,09WISH專用窗簾                                                  
1110705GF0000002,SAXO1040            ,5.0,350.0,罐   ,120.0,,,,1.0,SAXO 10W/40機油                                               
1110705GF0000002,ZXDDFV              ,1.0,450.0,各   ,120.0,,,,2.0,菲利卡空氣芯                                                      
1110705GF0000002,XGRUV               ,1.0,100.0,各   ,60.0,,,,3.0,菱帥機油芯                                                       
1110705GF0000002,ABROQGUR            ,1.0,400.0,罐   ,90.0,,,,4.0,ABRO噴射油精                                                    
1110706GF0000002,INNONATA1E2         ,1.0,600.0,組   ,220.0,,,,1.0,INNONA長毛避光墊                                                 
1110706GF0000002,INNONAFMT2Q         ,1.0,450.0,組   ,240.0,,,,2.0,INNONA(2片)晴雨窗                                               
1110706GF0000003,SAXOC35W30FHU       ,6.0,750.0,罐   ,220.0,,,,1.0,SAXO C3 5W30柴油共用遊                                           
1110706GF0000003,CLA2500UV           ,1.0,750.0,各   ,300.0,,,,2.0,CLA-250專用油芯                                                 
1110706GF0000003,CLA250DFV           ,1.0,950.0,各   ,350.0,,,,3.0,CLA-250空氣芯                                                  
1110706GF0000003,ZEROAMN+RFC         ,1.0,850.0,罐   ,320.0,,,,4.0,ZERO鉬元素+噴油嘴除扣劑                                              
1110706GF0000003,K00428              ,1.0,100.0,張   ,50.0,,,,5.0,老鷹/翅膀 立體黑紅                                                  
1110706GF0000003,FTZEW5              ,10.0,350.0,張   ,120.0,,,,6.0,汽車反光貼紙                                                      
1110530GF0000001,19ALTISGS2Q         ,1.0,2800.0,各   ,1900.0,,,,1.0,19ALTIS GS汽油車                                               
1110527GF0000006,07-12ALTISMTJUF     ,1.0,4000.0,各   ,1500.0,,[已隱蔽],,1.0,07-12ALTIS原廠穩壓器                                             
1110531GF0000001,BGF2A2              ,1.0,7000.0,組   ,2100.0,,,,1.0,1994瑞獅啟動馬達                                                  
1110531GF0000002,05FOCUSC22X1        ,1.0,1100.0,組   ,500.0,,,,1.0,05FOCUS 後燈電路板L                                              
1110531GF0000002,2VCQ2Q              ,1.0,100.0,各   ,5.0,,,,2.0,單芯琥珀燈泡                                                      
1110531GF0000003,01ALTISTA1E2        ,1.0,450.0,組   ,220.0,,,,1.0,01-06ALTIS長毛避光墊                                             
1110601GF0000001,EY                  ,1.0,1000.0,次   ,0.0,,,,1.0,工資                                                          
1110601GF0000001,V1                  ,1.0,1000.0,組   ,500.0,,,,3.0,線包                                                          
1110602GF0000001,RSEN56ZVQW          ,1.0,500.0,條   ,250.0,,,,1.0,RSEN-56牛皮方向盤套                                               
1110602GF0000002,21XXCGR             ,1.0,1200.0,組   ,600.0,,,,1.0,2021菱利(L)後視鏡                                                
1110622GF0000001,XFXJALTIS           ,1.0,500.0,各   ,120.0,,,,12.0,冷氣濾01-07ALTIS                                               
1110622GF0000001,ERQ602Q             ,1.0,2500.0,各   ,1750.0,,,,13.0,國際牌60電瓶                                                     
1110622GF0000001,ABROUFFVR           ,1.0,300.0,罐   ,95.0,,,,14.0,ABRO引擎清洗劑                                                   
1110622GF0000001,SENFINECOCUFFVR     ,1.0,1800.0,罐   ,80.0,,,,15.0,德國SENFINECO化油器清洗劑9938                                       
1110622GF0000001,SAXOQUYFRR          ,1.0,450.0,罐   ,80.0,,,,16.0,SAXO噴油嘴清潔劑                                                  
1110622GF0000001,TAA091              ,1.0,1500.0,組   ,260.0,,,,17.0,後車廂防碰護條-防護大師                                                
1110622GF0000001,SAXO5W50            ,5.0,600.0,罐   ,240.0,,,,18.0,SAXO 5W/50機油                                                
1110622GF0000002,TURBOH11            ,1.0,2500.0,組   ,1200.0,,,,1.0,TURBO H11 LED燈泡                                             
1110622GF0000002,HT32BVT1C           ,1.0,2400.0,罐   ,800.0,,,,2.0,HT-32日型燈(白+黃)                                               
1110622GF0000002,1VNYTG              ,1.0,100.0,組   ,25.0,,,,3.0,保險絲座插式                                                      
1110706GF0000003,FTXDZEW5            ,1.0,350.0,各   ,100.0,,,,7.0,汽車輪弧反光貼紙                                                    
1110706GF0000003,FTZQWZEQ            ,2.0,350.0,組   ,130.0,,,,8.0,汽車防碰反光片                                                     
1110706GF0000003,FTCGRZEQ            ,2.0,250.0,組   ,85.0,,,,9.0,汽車後視鏡反光貼片                                                   
1110706GF0000003,FTA11CW             ,2.0,250.0,組   ,90.0,,,,10.0,汽車門把保護貼                                                     
1110706GF0000003,K00295              ,1.0,100.0,張   ,50.0,,,,11.0,火焰/立體黑紅白                                                    
1110706GF0000003,H00868              ,1.0,60.0,張   ,30.0,,,,12.0,HKS power/二入貼紙                                              
1110706GF0000003,H00861              ,4.0,60.0,張   ,30.0,,,,13.0,鶴/一對 立體 貼紙                                                  
1110706GF0000003,H00352              ,2.0,50.0,張   ,30.0,,,,14.0,HKS/貼紙                                                      
1110706GF0000003,5SR                 ,1.0,300.0,各   ,31.0,,,,15.0,助黏劑                                                         
1110706GF0000003,                    ,0.0,,,,,,,16.0,
1110707GF0000001,VTRXFV              ,2.0,500.0,組   ,120.0,,,,1.0,行車記錄器線                                                      
1110707GF0000001,EY                  ,1.0,1000.0,次   ,0.0,,,,2.0,工資                                                          
1110707GF0000001,V1                  ,1.0,1000.0,組   ,500.0,,,,3.0,線包                                                          
1110707GF0000001,AV5VC               ,1.0,500.0,組   ,150.0,,,,4.0,AV轉換器                                                       
1110707GF0000001,MP35C1NS13          ,1.0,1000.0,組   ,580.0,,,,5.0,倍思T貓頭S13-快衝音樂撥放器                                            
1110707GF0000001,A094                ,1.0,400.0,條   ,100.0,,,,6.0,A094方向盤套                                                    
1110707GF0000001,VYRXFVQ             ,1.0,500.0,各   ,120.0,,,,7.0,行車記錄器吸盤                                                     
1110708GF0000001,NB1040              ,4.0,500.0,罐   ,200.0,,,,1.0,NB 10/40機油                                                  
1110708GF0000001,12FVRU5XR           ,1.0,550.0,罐   ,100.0,,,,2.0,八大全效機油精                                                     
1110708GF0000001,SAXOQUYFRR          ,1.0,400.0,罐   ,80.0,,,,3.0,SAXO噴油嘴清潔劑                                                  
1110708GF0000001,ABROUFFVR           ,1.0,400.0,罐   ,95.0,,,,4.0,ABRO引擎清洗劑                                                   
1110708GF0000001,82VADFV2.0          ,1.0,400.0,各   ,200.0,,,,5.0,8代喜美2.0空氣芯                                                  
1110708GF0000001,82VAUV              ,1.0,200.0,各   ,80.0,,,,6.0,8代喜美油芯                                                      
1110708GF0000001,DP009Z22TWW         ,1.0,750.0,組   ,180.0,,,,7.0,防盜節能電池銅頭(負電斷電器)                                             
1110708GF0000002,2TXWSDXU            ,1.0,750.0,組   ,380.0,,,,1.0,倒車雷達內崁兩眼-禾麟                                                 
1110711GF0000001,ZV5G539HNF          ,1.0,2800.0,組   ,1900.0,,,,1.0,發現者F-539測速器                                                 
1110711GF0000001,593GUSBY            ,1.0,400.0,組   ,140.0,,,,2.0,593雙USB一分三座載充(黑白)                                           
1110711GF0000001,VBDVATX-2           ,1.0,200.0,罐   ,65.0,,,,4.0,向日葵細目粗蠟二代                                                   
1110711GF0000001,F203BFHZG           ,1.0,300.0,組   ,150.0,,,,5.0,F203B七彩多功能風扇                                                
1110711GF0000001,HY889Q2CW           ,1.0,150.0,組   ,70.0,,,,6.0,HY-889排檔桿護套                                                 
1110711GF0000002,K00173              ,1.0,100.0,張   ,50.0,,,,1.0,4*4/二入貼紙                                                    
1110711GF0000002,H00868              ,1.0,60.0,張   ,30.0,,,,2.0,HKS power/二入貼紙                                              
1110711GF0000002,K00428              ,1.0,100.0,張   ,50.0,,,,3.0,老鷹/翅膀 立體黑紅                                                  
1110711GF0000002,K00172              ,2.0,100.0,張   ,50.0,,,,4.0,BL TZ/貼紙                                                    
1110711GF0000002,H00342              ,2.0,60.0,張   ,30.0,,,,5.0,TRD貼紙                                                       
1110712GF0000001,S27CTYZ1VNY         ,1.0,150.0,組   ,55.0,,,,3.0,S27C插式附(管式含10A)保險絲座                                         
1110712GF0000002,SAXO1040            ,4.0,350.0,罐   ,120.0,,,,1.0,SAXO 10W/40機油                                               
1110712GF0000002,TIDADFV             ,1.0,350.0,各   ,180.0,,,,2.0,TIDA空氣芯                                                     
1110712GF0000002,TIDARUV             ,1.0,100.0,各   ,40.0,,,,3.0,TIDA機油芯                                                     
1110712GF0000002,SENFINCEOXFZVFRR    ,1.0,1000.0,罐   ,350.0,,,,4.0,西德SENFINCEO冷氣風箱清潔劑                                          
1110712GF0000002,XA                  ,1.0,800.0,次   ,350.0,,,,5.0,冷媒                                                          
1110712GF0000002,3D5U1               ,1.0,300.0,組   ,113.0,,,,6.0,3D遮陽板                                                       
1110712GF0000002,POSEN16H            ,0.5,400.0,組   ,70.0,,,,7.0,POSEN 16吋雨刷                                                 
1110712GF0000002,POSEN20H            ,0.5,400.0,組   ,70.0,,,,8.0,POSEN 20吋雨刷                                                 
1110713GF0000002,V37TDGUVTRXF        ,1.0,3000.0,組   ,1500.0,,,,1.0,V37觸控雙眼行車紀錄器                                                
1110713GF0000003,3M12*15             ,2.0,150.0,組   ,80.0,,,,1.0,3M膠12*15mm(2入)                                              
1110713GF0000003,DAYL60XU2           ,1.0,2000.0,組   ,520.0,,,,2.0,DAYL-60超薄雙色LED白/黃                                           
1110714GF0000001,05WISHNQFMT         ,1.0,1200.0,組   ,600.0,,,,1.0,05WISH(四片)晴雨窗                                               
1110714GF0000003,XA                  ,1.0,800.0,次   ,350.0,,,,1.0,冷媒                                                          
1110713GF0000001,CAR5205R            ,1.0,1500.0,組   ,550.0,,,,1.0,CAR MP3 520無碟主機                                             
1110714GF0000003,PS252F25U           ,1.0,200.0,組   ,78.0,,,,2.0,PS-252前檔遮陽隔熱紙                                               
1110714GF0000002,2TXW5R              ,1.0,1400.0,各   ,250.0,,,,1.0,倒車雷達主機                                                      
1110715GF0000001,H00377              ,2.0,60.0,張   ,30.0,,,,1.0,SPORT(17CM)貼紙                                               
1110715GF0000001,H00352              ,1.0,60.0,張   ,30.0,,,,2.0,HKS/貼紙                                                      
1110715GF0000001,E00648              ,2.0,30.0,張   ,15.0,,,,3.0,POLIN貼紙                                                     
1110715GF0000001,F00453              ,2.0,40.0,張   ,20.0,,,,4.0,SPEED MASTER貼紙                                              
1110714GF0000002,3DVXT5U1            ,1.0,400.0,各   ,150.0,,,,2.0,3D休旅車遮陽板                                                    
1110714GF0000002,VBD22TBCR           ,1.0,200.0,罐   ,100.0,,,,3.0,向日葵電動窗潤滑劑                                                   
1110715GF0000002,LD4VTRXF            ,1.0,2500.0,組   ,1300.0,,,,1.0,LD-4行車紀錄器                                                   
1110715GF0000003,RSEND24300K         ,1.0,500.0,各   ,250.0,,,,1.0,RSEN D2 4300K燈泡                                             
1110622GF0000001,12FVRU5XR           ,1.0,550.0,罐   ,100.0,,,,19.0,八大全效機油精                                                     
1110622GF0000001,VBDC1MGR2000ML      ,1.0,300.0,罐   ,85.0,,,,22.0,向日葵雨刷精[車牌]                                                
1110622GF0000001,08ALTISDFV          ,1.0,350.0,各   ,100.0,,,,24.0,08ALTIS空氣芯                                                  
1110623GF0000001,FTZEW5              ,6.0,350.0,張   ,120.0,,,,1.0,汽車反光貼紙                                                      
1110622GF0000001,10WISHXA            ,1.0,1300.0,次   ,1199.0,,,,25.0,10WISH冷媒                                                    
1110622GF0000001,10WISHXFH5EY        ,1.0,1500.0,次   ,800.0,,,,26.0,10WISH拆裝工資                                                  
1110622GF0000001,10WISHXQ            ,1.0,5500.0,組   ,3500.0,,,,27.0,10WISH冷排                                                    
1110622GF0000001,10WUSHD12HZ         ,1.0,3500.0,組   ,2200.0,,,,28.0,10WISH可變電磁閥                                                 
1110622GF0000001,OBT2FHWWVGF         ,1.0,3000.0,組   ,1000.0,,,,29.0,OBT抬頭顯示器(七彩)                                                
1110622GF0000001,10WISHXFFV          ,1.0,1000.0,次   ,0.0,,,,30.0,10WISH冷氣清洗                                                  
1110718GF0000002,DAYQQWW             ,1.0,700.0,組   ,280.0,,,,1.0,卡夢自排檔頭                                                      
1110718GF0000003,RSEN02F             ,2.0,1000.0,各   ,400.0,,[已隱蔽],,1.0,RSEN安定器                                                     
1110718GF0000003,RSENH113000K2Q      ,2.0,500.0,各   ,200.0,,,,2.0,RSEN H11 3000K燈泡                                            
1110718GF0000003,J2WV18CM            ,1.0,450.0,支   ,190.0,,,,3.0,屋頂天線 18CM                                                   
1110718GF0000003,ZJTUA               ,1.0,300.0,罐   ,85.0,,,,4.0,防霧除油膜                                                       
1110718GF0000004,LD7GVVTRXF          ,1.0,5000.0,組   ,2000.0,,,,1.0,LD-7雙眼行車記錄器                                                 
1110718GF0000004,V81VTRXFGPS         ,1.0,1200.0,各   ,800.0,,,,2.0,V81雙眼行車紀錄器GPS                                               
1110718GF0000004,07COLTPLUSTA1E2     ,1.0,800.0,組   ,240.0,,,,3.0,07COLT PLUS長毛避光墊                                            
1110718GF0000004,HY662               ,2.0,1100.0,組   ,520.0,,,,4.0,HY-662簡便連結式椅套                                               
1110719GF0000001,PNSSUN006           ,1.0,650.0,組   ,270.0,,,,1.0,6.5CM百摺式前擋風玻璃遮陽簾                                            
1110719GF0000002,14HXE               ,1.0,500.0,組   ,500.0,,,,1.0,14吋輪蓋                                                       
1110719GF0000003,CARDIU69525R        ,1.0,7000.0,組   ,4000.0,,,,1.0,CAR[車牌]DVD主機                                            
1110719GF0000003,GN007J2WV           ,1.0,500.0,隻   ,75.0,,,,3.0,GN-007屋頂天線                                                  
1110722GF0000001,J00384              ,3.0,80.0,張   ,40.0,,,,1.0,TANABE/(6*16CM)貼紙                                           
1110722GF0000001,E00648              ,1.0,80.0,張   ,15.0,,,,2.0,POLIN貼紙                                                     
1110722GF0000001,3M2CM               ,1.0,180.0,捲   ,90.0,,,,3.0,3M膠*2CM                                                     
1110722GF0000001,VBDXEX              ,5.0,100.0,罐   ,55.0,,,,4.0,向日葵橘油亮光蠟  [車牌]                                             
1110722GF0000001,GHA313VRW           ,1.0,500.0,組   ,90.0,,,,5.0,GH-A313 台灣製 富開關電源雪茄投/吊卡                                     
1110722GF0000001,S27CTYZ1VNY         ,1.0,500.0,組   ,55.0,,,,6.0,S27C插式附(管式含10A)保險絲座                                         
1110722GF0000002,ZV5F53HNF           ,1.0,6300.0,組   ,4300.0,,,,1.0,發現者F-53全頻測速器                                                
1110723GF0000001,NXUR                ,1.0,100.0,各   ,45.0,,,,3.0,三菱油芯                                                        
1110723GF0000001,ZERORFFVR           ,1.0,650.0,罐   ,320.0,,,,4.0,ZERO鉬元素+進氣閥除垢劑                                              
1110723GF0000001,ABROUFFVR           ,1.0,400.0,罐   ,95.0,,,,5.0,ABRO引擎清洗劑                                                   
1110723GF0000001,ZEROFV1UUR          ,1.0,400.0,罐   ,180.0,,,,6.0,ZERO全效保養汽車精[車牌]                                            
1110723GF0000001,KYOROKU530RU        ,5.0,600.0,罐   ,160.5,,,,7.0,巨力5/30汽柴機油                                                  
1110725GF0000001,SAXO1040            ,4.0,350.0,罐   ,120.0,,,,1.0,SAXO 10W/40機油                                               
1110725GF0000002,H00347              ,2.0,60.0,張   ,30.0,,,,1.0,班尼頓貼紙                                                       
1110725GF0000002,J00386              ,1.0,80.0,張   ,40.0,,,,2.0,5ZIGEN/二入貼紙                                                 
1110725GF0000002,K00372              ,1.0,100.0,各   ,50.0,,,,3.0,彩繪貼紙/XX貼紙                                                   
1110725GF0000002,PNSSW001            ,1.0,500.0,條   ,164.0,,,,4.0,黑色真皮方向盤套                                                    
1110729GF0000001,LD9CRW              ,1.0,1800.0,組   ,800.0,,,,1.0,LD-9後鏡頭                                                     
1110729GF0000001,EY                  ,1.0,200.0,次   ,0.0,,,,2.0,工資                                                          
1110729GF0000002,5SR                 ,4.0,250.0,各   ,48.0,,,,1.0,助黏劑                                                         
1110729GF0000003,SENFINCEOXFZVFRR    ,1.0,1000.0,罐   ,350.0,,,,2.0,西德SENFINCEO冷氣風箱清潔劑                                          
1110729GF0000003,UX0GVR              ,1.0,200.0,罐   ,80.0,,,,3.0,亞力安水箱精                                                      
1110729GF0000003,ABTE069             ,1.0,1500.0,組   ,851.0,,,,4.0,ABT E069太極K3臭氧殺菌無限                                          
1110729GF0000003,XFXJALTIS           ,1.0,450.0,各   ,120.0,,,,5.0,冷氣濾01-07ALTIS                                               
1110729GF0000003,DR0AZVQWM           ,1.0,650.0,各   ,350.0,,,,6.0,開吉按摩(蘭珠)M                                                   
1110729GF0000003,ABTA0401R+GR        ,1.0,500.0,組   ,200.0,,,,7.0,ABT A040伸縮手機架                                               
1110729GF0000004,QWZG                ,1.0,650.0,組   ,450.0,,[已隱蔽],,1.0,普通扶手                                                        
1110729GF0000005,TEANA2.0XQ          ,1.0,3000.0,次   ,1199.0,,,,1.0,TEANA2.0冷媒                                                  
1110730GF0000001,ERQ574H28           ,1.0,3500.0,組   ,3000.0,,,,1.0,國際牌574H28電瓶                                                 
1110730GF0000002,SAXO1040            ,4.0,350.0,罐   ,120.0,,,,1.0,SAXO 10W/40機油                                               
1110730GF0000002,ALTISDFV            ,1.0,400.0,各   ,75.0,,,,2.0,01 ALTIS空氣芯                                                 
1110730GF0000002,ZWUV                ,1.0,100.0,各   ,40.0,,,,3.0,豐田油芯                                                        
1110730GF0000002,XFXJALTIS           ,1.0,450.0,各   ,120.0,,,,4.0,冷氣濾01-07ALTIS                                               
1110730GF0000002,ABROUF1EUR          ,1.0,350.0,罐   ,140.0,,,,5.0,ABRO 引擎補缸油精                                                 
1110730GF0000002,ZEROFV1UUR          ,1.0,400.0,罐   ,180.0,,,,6.0,ZERO全效保養汽車精[車牌]                                            
1110730GF0000002,ZEROVRMG16          ,1.0,600.0,支   ,325.0,,,,7.0,ZERO矽膠雨刷16吋                                                 
1110730GF0000002,ZEROVRMG26          ,1.0,900.0,支   ,415.0,,,,8.0,ZERO 26吋矽膠雨刷                                                
1110730GF0000002,MISSIONCVT          ,4.0,600.0,罐   ,230.0,,,,9.0,MISSION CVT-F自排油X+++                                        
1110802GF0000001,DAY2F               ,1.0,900.0,各   ,520.0,,,,1.0,檜木座墊(前)                                                     
1110802GF0000001,DAY2C               ,1.0,900.0,組   ,520.0,,,,2.0,檜木坐墊(後)                                                     
1110802GF0000001,2TXWSDXU            ,1.0,2500.0,組   ,380.0,,,,3.0,倒車雷達內崁兩眼-禾麟                                                 
1110802GF0000002,K00133              ,2.0,100.0,張   ,50.0,,,,1.0,火焰/貼紙                                                       
1110802GF0000002,H00861              ,2.0,60.0,張   ,30.0,,,,2.0,鶴/一對 立體 貼紙                                                  
1110802GF0000002,K00371              ,1.0,100.0,張   ,50.0,,,,3.0,彩繪貼紙/樂譜                                                     
1110802GF0000002,J00384              ,1.0,80.0,張   ,40.0,,,,4.0,TANABE/(6*16CM)貼紙                                           
1110802GF0000002,K00173              ,1.0,100.0,張   ,50.0,,,,5.0,4*4/二入貼紙                                                    
1110802GF0000002,K00374              ,1.0,100.0,張   ,50.0,,,,6.0,彩繪貼紙/火貼紙                                                    
1110725GF0000002,                    ,0.0,,,,,,,5.0,
1110727GF0000001,WF55D23L2Q          ,1.0,2500.0,各   ,1800.0,,,,1.0,湯淺55D23電瓶                                                   
1110727GF0000002,ZV5G539HNF          ,1.0,2400.0,組   ,1900.0,,,,1.0,發現者F-539測速器                                                 
1110727GF0000002,KMWTV               ,1.0,100.0,各   ,40.0,,,,2.0,鱷魚頭出線                                                       
1110728GF0000001,J00384              ,1.0,80.0,張   ,40.0,,,,1.0,TANABE/(6*16CM)貼紙                                           
1110728GF0000001,K00372              ,1.0,100.0,各   ,50.0,,,,2.0,彩繪貼紙/XX貼紙                                                   
1110728GF0000001,EY                  ,1.0,500.0,次   ,0.0,,,,3.0,工資                                                          
1110728GF0000002,W51EFFVR            ,1.0,300.0,罐   ,150.0,,,,1.0,特種兵鋼圈清洗劑                                                    
1110728GF0000002,RSENC1XWU           ,1.0,200.0,罐   ,95.0,,,,2.0,RSEN環保輪胎油                                                   
1110728GF0000003,RSEND24300K         ,1.0,500.0,各   ,250.0,,,,1.0,RSEN D2 4300K燈泡                                             
1110802GF0000002,K00281              ,2.0,100.0,張   ,50.0,,,,7.0,火焰/藍紅                                                       
1110802GF0000002,3M2CM               ,1.0,180.0,捲   ,90.0,,,,8.0,3M膠*2CM                                                     
1110802GF0000002,EY                  ,1.0,20.0,次   ,0.0,,,,9.0,工資                                                          
1110802GF0000003,2UFY4.8A            ,1.0,650.0,組   ,290.0,,,,2.0,點煙座 4.8A 12V 1+2+1 NIKE                                     
1110802GF0000004,SAXO1040            ,4.0,500.0,罐   ,120.0,,,,1.0,SAXO 10W/40機油                                               
1110802GF0000004,MISSIONCVT          ,5.0,600.0,罐   ,230.0,,,,2.0,MISSION CVT-F自排油X+++                                        
1110802GF0000004,XGDFV               ,1.0,350.0,各   ,150.0,,,,3.0,菱帥空氣芯                                                       
1110802GF0000004,XGRUV               ,1.0,100.0,各   ,60.0,,,,4.0,菱帥機油芯                                                       
1110802GF0000004,ABROUFFVR           ,1.0,400.0,罐   ,95.0,,,,5.0,ABRO引擎清洗劑                                                   
1110802GF0000004,SENFINECOFURFFVR    ,1.0,1800.0,罐   ,400.0,,,,8.0,西德SENFINECO汽油進氣系統清洗劑9921                                    
1110804GF0000001,WUSWU5TF            ,1.0,3000.0,組   ,900.0,,,,1.0,太陽能胎壓偵測器                                                    
1110804GF0000002,04WISHTA1E2         ,1.0,800.0,組   ,220.0,,,,1.0,04WISH長毛避光墊                                                 
1110804GF0000002,VBDVATX-2           ,1.0,200.0,罐   ,65.0,,,,2.0,向日葵細目粗蠟二代                                                   
1110804GF0000002,XFXJALTIS           ,1.0,450.0,各   ,120.0,,,,3.0,冷氣濾01-07ALTIS                                               
1110804GF0000002,XA                  ,1.0,800.0,次   ,200.0,,,,4.0,冷媒                                                          
1110805GF0000001,H00861              ,2.0,60.0,張   ,30.0,,,,1.0,鶴/一對 立體 貼紙                                                  
1110805GF0000001,K00173              ,1.0,100.0,張   ,50.0,,,,2.0,4*4/二入貼紙                                                    
1110805GF0000001,H00864              ,2.0,60.0,張   ,30.0,,,,3.0,5ZIGEN                                                      
1110805GF0000001,J00386              ,1.0,100.0,張   ,40.0,,,,4.0,5ZIGEN/二入貼紙                                                 
1110805GF0000001,DAW510*50           ,1.0,100.0,張   ,20.0,,,,5.0,卡夢貼紙10*50cm                                                 
1110805GF0000002,V81VTRXF            ,1.0,5700.0,組   ,1200.0,,,,1.0,V81行車記錄器雙眼(V37)                                             
1110805GF0000003,2TVUJE              ,1.0,1000.0,組   ,450.0,,,,1.0,倒車顯影(外掛)                                                    
1110805GF0000002,PS255R2W            ,1.0,300.0,組   ,80.0,,,,2.0,PS-255靜電貼                                                   
1110808GF0000001,H00861              ,1.0,60.0,張   ,30.0,,,,1.0,鶴/一對 立體 貼紙                                                  
1110808GF0000001,J00385              ,1.0,80.0,張   ,40.0,,,,2.0,tanabe                                                      
1110808GF0000001,H00330              ,2.0,60.0,張   ,30.0,,,,3.0,火焰/籃紫                                                       
1110808GF0000001,F00315B             ,2.0,40.0,張   ,20.0,,,,4.0,班尼頓/二人黑                                                     
1110808GF0000001,K00172              ,2.0,100.0,張   ,50.0,,,,5.0,BL TZ/貼紙                                                    
1110808GF0000001,M00111B             ,1.0,150.0,張   ,80.0,,,,6.0,HKS POWER/貼紙                                                
1110808GF0000001,EY                  ,1.0,210.0,次   ,0.0,,,,7.0,工資                                                          
1110802GF0000004,SENFINCEODFFRR      ,1.0,1200.0,罐   ,180.0,,,,7.0,西德SENFINCEO空氣清潔劑9980                                        
1110802GF0000004,VBDVATX-2           ,1.0,200.0,罐   ,65.0,,,,9.0,向日葵細目粗蠟二代                                                   
1110802GF0000004,ZEROAMN+RFC         ,1.0,1050.0,罐   ,320.0,,,,10.0,ZERO鉬元素+噴油嘴除扣劑                                              
1110802GF0000004,RSENBEMG            ,1.0,350.0,支   ,90.0,,,,11.0,RSEN軟骨雨刷 18吋                                                
1110802GF0000004,RSENBEMG24H         ,1.0,550.0,支   ,90.0,,,,12.0,RSEN軟骨雨刷 24吋                                                
1110802GF0000004,02XGXFXJ            ,1.0,450.0,各   ,250.0,,,,13.0,02菱帥冷氣濾網                                                    
1110802GF0000002,K00133              ,2.0,100.0,張   ,50.0,,,,10.0,火焰/貼紙                                                       
1110802GF0000002,J00385              ,1.0,80.0,張   ,40.0,,,,11.0,tanabe                                                      
1110802GF0000002,H00861              ,1.0,60.0,張   ,30.0,,,,12.0,鶴/一對 立體 貼紙                                                  
1110802GF0000002,J00384              ,1.0,80.0,張   ,40.0,,,,13.0,TANABE/(6*16CM)貼紙                                           
1110810GF0000001,RSENH76000K         ,1.0,300.0,各   ,150.0,,,,1.0,RSEN H7 6000K燈泡                                             
1110810GF0000002,RW22DE              ,1.0,1850.0,組   ,950.0,,,,1.0,96監達電動窗開關                                                   
1110810GF0000002,PNSHDF21            ,1.0,300.0,組   ,90.0,,,,2.0,儀錶板磁吸手機架-碳纖黑                                                
1110810GF0000002,OBLRUR              ,1.0,650.0,罐   ,240.0,,,,3.0,OBL機油精                                                      
1110810GF0000002,NB1040              ,1.0,0.0,罐   ,200.0,,,,4.0,NB 10/40機油                                                  
1110810GF0000002,ABROHUR             ,1.0,350.0,罐   ,130.0,,,,5.0,ABRO 柴油精                                                    
1110815GF0000001,MIO848              ,1.0,5000.0,組   ,3750.0,,,,1.0,高速星光及區間測速含記憶卡                                               
1110816GF0000001,3313-T9Z2RQ2        ,1.0,3500.0,組   ,1200.0,,,,1.0,3313-T9綜合皮帶                                                 
1110816GF0000002,TAD013              ,1.0,1200.0,組   ,600.0,,,,1.0,象王5T千斤頂                                                     
1110817GF0000001,DWGJ2WV2V           ,1.0,700.0,組   ,350.0,,,,1.0,可調式屋頂天線(帶線)                                                 
1110817GF0000002,VJ5UTZ              ,1.0,5250.0,次   ,1550.0,,,,1.0,許文哲驗車費                                                      
1110817GF0000003,RSEND23000K         ,1.0,1000.0,各   ,300.0,,,,1.0,RSEN D2 3000K燈泡                                             
1110818GF0000001,7085YX055R          ,1.0,13500.0,組   ,8000.0,,,,1.0,[車牌] CARDIO 3+32安卓主機                                     
1110818GF0000001,055MVTRXF           ,1.0,6000.0,組   ,3000.0,,,,2.0,安卓專用雙眼行車紀錄器                                                 
1110819GF0000001,NHGX                ,1.0,110.0,罐   ,85.0,,,,1.0,三彩水蠟                                                        
1110819GF0000001,VBDXEX              ,1.0,90.0,罐   ,55.0,,,,2.0,向日葵橘油亮光蠟  [車牌]                                             
1110819GF0000002,RSEND48000K         ,1.0,1000.0,各   ,500.0,,[已隱蔽],,1.0,RSEN D4 8000K燈泡                                             
1110824GF0000001,EY                  ,1.0,1200.0,次   ,0.0,,,,1.0,工資                                                          
1110824GF0000001,3D1F1               ,1.0,200.0,支   ,110.0,,,,2.0,3D補漆筆                                                       
1110819GF0000002,GVXJ                ,1.0,400.0,組   ,230.0,,,,2.0,水箱鋁網                                                        
1110819GF0000002,EY                  ,1.0,600.0,次   ,0.0,,,,3.0,工資                                                          
1110824GF0000003,DAYL60BV2           ,1.0,2000.0,組   ,520.0,,,,1.0,DAYL-60冰藍淚眼日行燈                                              
1110824GF0000003,G2DE                ,1.0,100.0,各   ,0.0,,,,4.0,水滴開關                                                        
1110824GF0000003,AS1VNY              ,1.0,100.0,組   ,20.0,,,,5.0,迷你保險絲座                                                      
1110826GF0000001,P70GUVTRXF          ,1.0,6800.0,組   ,3500.0,,,,1.0,P70 12吋雙眼行車紀錄器                                              
1110826GF0000001,TAA068              ,1.0,200.0,組   ,120.0,,,,2.0,手機架                                                         
1110824GF0000002,7231HEXW            ,4.0,2800.0,條   ,2500.0,,,,1.0,195/55-15普利司通輪胎                                             
1110824GF0000002,EY                  ,1.0,400.0,次   ,0.0,,,,2.0,工資                                                          
1110830GF0000001,GARMIN55GD2C        ,1.0,7490.0,組   ,6370.0,,,,1.0,GARMIN 55聲控導航                                               
1110830GF0000001,SR346WFJ2DUSB       ,1.0,750.0,組   ,470.0,,,,4.0,SR-346碳纖維可遮飾2USB(6.2A)+2孔插座                                 
1110830GF0000001,N2G2YX1             ,1.0,2000.0,組   ,450.0,,,,3.0,四段式電子喇叭                                                     
1110831GF0000001,ZEROFV1UUR          ,1.0,400.0,罐   ,180.0,,,,1.0,ZERO全效保養汽車精[車牌]                                            
1110831GF0000002,CARDIOCA700.1A      ,1.0,12000.0,組   ,7600.0,,,,1.0,CARDIO CA-700.1A 8核+2+32安卓主機                                
1110831GF0000002,2UY24.8A            ,1.0,500.0,組   ,310.0,,,,2.0,點煙座 2+2+1 4.8A KIKE                                         
1110831GF0000002,32G                 ,1.0,450.0,各   ,250.0,,,,3.0,32G卡片                                                       
1110831GF0000002,W15ZX5R             ,1.0,7800.0,組   ,5000.0,,,,4.0,W15分離主機                                                     
1110831GF0000002,RSENBEMG14          ,1.0,200.0,支   ,90.0,,,,5.0,RSEN軟骨雨刷 14吋                                                
1110831GF0000002,RSENBEMG22          ,1.0,400.0,支   ,90.0,,,,6.0,RSEN軟骨雨刷 22吋                                                
1110831GF0000002,VIOSTA1E2           ,1.0,600.0,組   ,220.0,,,,7.0,VIOS長毛避光墊                                                   
1110831GF0000002,VBDVATX-2           ,1.0,200.0,罐   ,65.0,,,,8.0,向日葵細目粗蠟二代                                                   
1110831GF0000002,V37GRR              ,1.0,300.0,組   ,100.0,,,,9.0,V37儀表板手機架                                                   
1110831GF0000003,V37TDGUVTRXF        ,2.0,3000.0,組   ,1500.0,,,,2.0,V37觸控雙眼行車紀錄器                                                
1110831GF0000002,7652FR              ,1.0,1150.0,組   ,450.0,,,,10.0,765打氣機                                                      
1110831GF0000004,AFL4PL-VC-C         ,1.0,2500.0,組   ,430.0,,,,1.0,1對4汽車車內七彩氣氛燈-遙控/聲控                                          
1110831GF0000004,AFL5050FH           ,2.0,600.0,條   ,98.2,,,,2.0,[車牌]12七彩LED                                             
1110831GF0000004,PNSHDF31            ,1.0,300.0,組   ,130.0,,,,3.0,重力式 長桿出風口手機架360度旋轉                                          
1110831GF0000004,H00688              ,2.0,50.0,張   ,30.0,,,,4.0,翅膀/愛心(大)立體貼紙                                                
1110831GF0000004,LEDXG2W             ,1.0,1500.0,組   ,170.0,,,,5.0,LED流水燈條1.2MM                                                
1110831GF0000004,S283WGG5V           ,1.0,100.0,組   ,65.0,,,,6.0,S28-3貼式上中下附線開關                                              
1110902GF0000001,GARMIN530VTRXF      ,1.0,3200.0,組   ,2650.0,,,,1.0,GARMIN 530行車記錄器                                             
1110906GF0000001,14HXE               ,1.0,500.0,組   ,500.0,,,,1.0,14吋輪蓋                                                       
1110907GF0000001,V37TDGUVTRXF        ,1.0,3000.0,組   ,1500.0,,,,1.0,V37觸控雙眼行車紀錄器                                                
1110907GF0000003,SD2505TMU1GD        ,1.0,150.0,組   ,50.0,,,,1.0,SD-2505車用椅背雙勾                                               
1110907GF0000003,V33GRR              ,1.0,300.0,組   ,150.0,,,,2.0,V33手機架                                                      
1110907GF0000003,ZEROFV1UUR          ,1.0,400.0,罐   ,180.0,,,,4.0,ZERO全效保養汽車精[車牌]                                            
1110907GF0000003,PNS003              ,1.0,550.0,條   ,190.0,,,,5.0,黑色 真皮方向盤套                                                   
1110907GF0000003,NO167VG             ,1.0,150.0,各   ,55.0,,,,6.0,NO167單晶冷氣香水                                                 
1110907GF0000003,12EAXTA1E2DZ        ,1.0,1000.0,組   ,350.0,,,,9.0,12冠美麗長毛避光墊(咖啡)                                              
1110907GF0000002,V15XCRVTRXF         ,1.0,3000.0,組   ,1500.0,,,,1.0,V15鋁合金行車紀錄器                                                 
1130309GF0000002,Z1010H2YGVTRXF      ,1.0,5000.0,組   ,2300.0,,,,1.0,10吋電子後視行車紀錄器                                                
1110907GF0000003,HJX028XR            ,1.0,450.0,組   ,200.0,,,,7.0,HJX-028藍鏡                                                   
1110907GF0000003,PNSE016             ,1.0,250.0,組   ,70.0,,,,8.0,TYPE C手機充電線                                                 
1110910GF0000001,DAYL60BV2           ,1.0,2450.0,組   ,520.0,,,,1.0,DAYL-60冰藍淚眼日行燈                                              
1110910GF0000001,FAGEUW1.4           ,2.0,550.0,捲   ,180.0,,,,2.0,氣密式隔音條1.4                                                   
1110910GF0000001,VBDVATX-2           ,1.0,200.0,罐   ,65.0,,,,3.0,向日葵細目粗蠟二代                                                   
1110910GF0000001,TVJ1                ,1.0,50.0,條   ,15.0,,,,4.0,超纖維布                                                        
1110910GF0000002,DAYL60BV2           ,1.0,2500.0,組   ,520.0,,,,1.0,DAYL-60冰藍淚眼日行燈                                              
1110914GF0000001,NXSAVRAN            ,1.0,1000.0,組   ,1000.0,,,,2.0,三菱SAVRAN外框                                                  
1110914GF0000001,CAR5205R            ,1.0,3000.0,組   ,550.0,,,,3.0,CAR MP3 520無碟主機                                             
1110914GF0000001,LD7GVVTRXF          ,1.0,4500.0,組   ,2000.0,,,,4.0,LD-7雙眼行車記錄器                                                 
1110802GF0000002,K00295              ,1.0,100.0,張   ,50.0,,,,14.0,火焰/立體黑紅白                                                    
1110802GF0000002,K00374              ,1.0,100.0,張   ,50.0,,,,15.0,彩繪貼紙/火貼紙                                                    
1110802GF0000002,K00371              ,1.0,100.0,張   ,50.0,,,,16.0,彩繪貼紙/樂譜                                                     
1110802GF0000002,K00281              ,2.0,100.0,張   ,50.0,,,,17.0,火焰/藍紅                                                       
1110802GF0000002,H00377              ,1.0,60.0,張   ,30.0,,,,18.0,SPORT(17CM)貼紙                                               
1110802GF0000002,J00336              ,1.0,80.0,張   ,40.0,,,,19.0,方格旗/立體                                                      
1110803GF0000001,XA                  ,1.0,800.0,次   ,1199.0,,,,1.0,冷媒                                                          
1110802GF0000001,DAY2F               ,1.0,1200.0,各   ,700.0,,,,4.0,檜木座墊(前)                                                     
1110803GF0000002,05WISHCGRR          ,1.0,2350.0,組   ,1300.0,,,,1.0,05WISH(R)後視鏡                                                
1110803GF0000002,LEDV2Q72WCN         ,1.0,2500.0,組   ,750.0,,,,2.0,LED小單排(黃光)72W 12/24v                                        
1110914GF0000002,90062Q              ,2.0,300.0,各   ,80.0,,,,1.0,9006燈泡                                                      
1110914GF0000002,ABT563FYQD          ,1.0,200.0,組   ,84.0,,,,2.0,ABT-563七字牌框                                                 
1110914GF0000002,LN01Q5XN4B          ,1.0,300.0,組   ,105.0,,,,3.0,LN-01牌照螺絲/白鐵 4入                                             
1110914GF0000002,EY                  ,1.0,700.0,次   ,0.0,,,,4.0,工資                                                          
1110914GF0000002,3MR1CM              ,1.0,100.0,卷   ,55.0,,,,5.0,3M膠*1CM                                                     
1110914GF0000002,TAA091              ,1.0,700.0,組   ,260.0,,,,6.0,後車廂防碰護條-防護大師                                                
1110914GF0000002,GT0831RW1           ,1.0,600.0,組   ,250.0,,,,7.0,GT-0831腳踏板                                                  
1110915GF0000001,2TX2NU              ,1.0,1250.0,組   ,580.0,,[已隱蔽],,1.0,倒車雷達(四眼)崁入                                                  
1110915GF0000002,2TVUAHDJE           ,1.0,2500.0,組   ,600.0,,,,1.0,AHD倒車顯影(8燈外掛)寶馬頭                                            
1110915GF0000002,2TXWSDXU            ,1.0,2500.0,組   ,380.0,,,,2.0,倒車雷達內崁兩眼-禾麟                                                 
1110915GF0000002,A094                ,1.0,500.0,條   ,100.0,,,,3.0,A094方向盤套                                                    
1110915GF0000002,3D1F1               ,1.0,200.0,支   ,110.0,,,,4.0,3D補漆筆                                                       
1110915GF0000003,NB1040              ,3.0,500.0,罐   ,200.0,,,,1.0,NB 10/40機油                                                  
1110915GF0000003,XA                  ,1.0,500.0,次   ,200.0,,,,2.0,冷媒                                                          
1110916GF0000001,14TIDAEZR           ,1.0,3000.0,組   ,2600.0,,,,1.0,[車牌]A冷氣鼓風機                                               
1110916GF0000001,EY                  ,1.0,1600.0,次   ,0.0,,,,2.0,工資                                                          
1110916GF0000002,NB1040              ,5.0,500.0,罐   ,200.0,,,,1.0,NB 10/40機油                                                  
1110916GF0000002,ZINGERDFV           ,1.0,350.0,各   ,200.0,,,,2.0,ZINGER空氣芯                                                   
1110916GF0000002,ZEROFV1UUR          ,1.0,400.0,罐   ,180.0,,,,3.0,ZERO全效保養汽車精[車牌]                                            
1110916GF0000002,16G                 ,1.0,300.0,組   ,180.0,,,,6.0,16G                                                         
1110916GF0000002,ZINGERCGRE          ,1.0,850.0,各   ,450.0,,,,5.0,ZINGER後視鏡蓋                                                  
1110920GF0000001,RSENH116000K        ,2.0,300.0,各   ,150.0,,,,1.0,RSEB H11 6000K HID燈泡                                        
1110920GF0000001,RSEN02F             ,2.0,500.0,各   ,400.0,,[已隱蔽],,2.0,RSEN安定器                                                     
1110921GF0000001,ASQ-8068            ,1.0,2300.0,條   ,1750.0,,,,1.0,FOUTS綜合皮帶                                                   
1110921GF0000001,VTTRFORTISXXQ       ,1.0,2200.0,組   ,450.0,,,,2.0,VTTR FORTIS來令片                                              
1110921GF0000002,VUGQ2W              ,1.0,900.0,組   ,280.0,,,,1.0,下壓式排檔頭                                                      
1110922GF0000001,10ALTISA1D          ,1.0,1000.0,組   ,1000.0,,,,1.0,10ALTIS面板框                                                  
1110922GF0000001,H16059H5R           ,1.0,6000.0,組   ,4200.0,,,,2.0,H16-9吋安卓主機                                                  
1110923GF0000001,FS580+GUVTRXF       ,2.0,8000.0,組   ,5000.0,,,,1.0,極光星 FS 580+雙眼型車記錄器                                          
1110927GF0000001,WUSWU5TF            ,1.0,3000.0,組   ,900.0,,,,1.0,太陽能胎壓偵測器                                                    
1110924GF0000001,COLTPOLS2+32055R    ,1.0,11000.0,組   ,7500.0,,,,1.0,COLT POLS2+32安卓主機                                           
1110924GF0000001,16G                 ,1.0,350.0,組   ,180.0,,,,2.0,16G                                                         
1110924GF0000001,2DR                 ,1.0,350.0,各   ,250.0,,,,3.0,讀卡機                                                         
1110926GF0000001,F501TAZQW           ,2.0,400.0,捲   ,140.0,,,,1.0,F501車門碰條                                                    
1110923GF0000001,ACC2XV              ,2.0,800.0,組   ,950.0,,,,3.0,ACC電力線                                                      
1110927GF0000001,10AY23TA1E2         ,1.0,600.0,組   ,220.0,,,,2.0,10馬自達3長毛避光墊                                                 
1110927GF0000001,3D5U1               ,1.0,300.0,組   ,113.0,,,,3.0,3D遮陽板                                                       
1110927GF0000001,OBT2FHWWVGF         ,1.0,3000.0,組   ,1000.0,,,,4.0,OBT抬頭顯示器(七彩)                                                
1110928GF0000001,V1                  ,1.0,700.0,組   ,500.0,,,,1.0,線包                                                          
1110928GF0000001,AV5VC               ,1.0,350.0,組   ,150.0,,,,2.0,AV轉換器                                                       
1111003GF0000001,ZEROVRMG26          ,1.0,1000.0,支   ,415.0,,,,1.0,ZERO 26吋矽膠雨刷                                                
1111003GF0000001,ZERO14VRMG          ,1.0,600.0,支   ,290.0,,,,2.0,ZERO矽膠雨刷14吋                                                 
1111003GF0000001,J00350CMG           ,1.0,400.0,支   ,130.0,,,,3.0,J00350後雨刷                                                   
1111003GF0000001,13TIDATA1E2         ,1.0,600.0,組   ,220.0,,,,4.0,13 TIDA長毛避光墊                                                
1111004GF0000001,DP009Z22TWW         ,1.0,300.0,組   ,180.0,,,,1.0,防盜節能電池銅頭(負電斷電器)                                             
1111005GF0000001,ABTE075             ,1.0,1200.0,組   ,650.0,,,,1.0,百變手持打氣機                                                     
1111005GF0000001,ZV5Q3VTRXF          ,1.0,4500.0,組   ,2500.0,,,,2.0,發現者Q3行車紀錄器                                                  
1111005GF0000001,PNSSFIN0010F2D      ,1.0,200.0,組   ,50.0,,,,3.0,多功能安全帶扣                                                     
1111005GF0000001,TVJ1                ,1.0,50.0,條   ,15.0,,,,4.0,超纖維布                                                        
1111005GF0000001,KMWTV               ,1.0,150.0,各   ,40.0,,,,5.0,鱷魚頭出線                                                       
1111008GF0000002,2TXWSDXU            ,1.0,750.0,組   ,380.0,,,,1.0,倒車雷達內崁兩眼-禾麟                                                 
1111011GF0000001,RSEN4.352           ,1.0,2500.0,組   ,700.0,,,,1.0,RSEN 4.3吋折疊電視                                               
1111011GF0000001,2TVUJE              ,1.0,2500.0,組   ,450.0,,,,2.0,倒車顯影(蝴蝶外掛)寶馬頭                                               
1111011GF0000001,2UW                 ,1.0,500.0,組   ,17.0,,,,3.0,點菸頭出線                                                       
1111011GF0000001,15ZINGER            ,1.0,500.0,組   ,210.0,,,,4.0,15ZINGER長毛避光墊                                               
1111011GF0000001,GN152EF             ,1.0,150.0,組   ,75.0,,,,5.0,GN-15雨刷頂高器                                                  
1111012GF0000001,16G                 ,2.0,300.0,組   ,180.0,,,,1.0,16G                                                         
1111014GF0000001,CARDIOCA700.1A      ,1.0,11500.0,組   ,7000.0,,[已隱蔽],,1.0,CARDIO CA-700.1A 8核+2+32安卓主機                                
1111008GF0000003,LC3.1USB2U1         ,1.0,400.0,組   ,180.0,,,,3.0,LC3.1A雙USB+電壓表                                              
1111008GF0000003,J00353CMG           ,1.0,400.0,支   ,140.0,,,,4.0,J00353 I30後雨刷                                               
1111014GF0000002,ZEROVRMG16          ,1.0,800.0,支   ,325.0,,,,1.0,ZERO矽膠雨刷16吋                                                 
1111014GF0000002,ZEROVRMG26          ,1.0,1000.0,支   ,415.0,,,,2.0,ZERO 26吋矽膠雨刷                                                
1111014GF0000002,ZJTUA               ,1.0,300.0,罐   ,85.0,,,,3.0,防霧除油膜                                                       
1111014GF0000002,VBDC1MGR2000ML      ,1.0,300.0,罐   ,85.0,,,,4.0,向日葵雨刷精[車牌]                                                
1111014GF0000003,V15XCRVTRXF         ,1.0,3000.0,組   ,1500.0,,,,1.0,V15鋁合金行車紀錄器                                                 
1111018GF0000001,90052Q              ,1.0,500.0,各   ,0.0,,,,1.0,9005燈泡                                                      
1111018GF0000001,RSEN02F             ,1.0,1000.0,各   ,400.0,,,,2.0,RSEN安定器                                                     
1111018GF0000001,RSENUG24HMG         ,1.0,300.0,支   ,100.0,,,,3.0,RSEN硬式雨刷 24吋                                                
1111018GF0000001,POSEN18H            ,0.5,400.0,組   ,60.0,,,,4.0,POSEN 18吋雨刷                                                 
1111018GF0000001,A094                ,1.0,500.0,條   ,100.0,,,,5.0,A094方向盤套                                                    
1111018GF0000001,J00342              ,1.0,500.0,支   ,130.0,,,,6.0,J00342後雨刷 LEXUS                                             
1111019GF0000001,RSEN90063000K2Q     ,1.0,1200.0,各   ,200.0,,,,1.0,R[車牌] 3000K燈泡                                           
1111019GF0000001,1MY2C               ,1.0,550.0,組   ,280.0,,,,2.0,冰玉座墊(後)                                                     
1111026GF0000001,RSENHID5RF          ,1.0,500.0,各   ,100.0,,,,2.0,RSEN HID轉接器                                                 
1111026GF0000001,RSEN02F             ,1.0,1100.0,各   ,400.0,,,,3.0,RSEN安定器                                                     
1111026GF0000001,RSEND24300K         ,1.0,1200.0,各   ,250.0,,,,4.0,RSEN D2 4300K燈泡                                             
1111027GF0000001,ERJGNIDN            ,1.0,6500.0,組   ,4500.0,,,,1.0,鋼甲武士鎖ID鎖                                                    
1111027GF0000002,EY                  ,1.0,300.0,次   ,0.0,,,,1.0,工資                                                          
1111027GF0000002,ZWUV                ,1.0,100.0,各   ,40.0,,,,2.0,豐田油芯                                                        
1111027GF0000002,PNSCT001CTTWTX      ,1.0,400.0,組   ,130.0,,,,3.0,星球磁鐵窗簾                                                      
1111027GF0000002,MISSIONYQU          ,4.0,300.0,罐   ,95.8,,,,4.0,MISSIOM自排油                                                  
1111028GF0000001,OBLRUR              ,1.0,500.0,罐   ,240.0,,,,1.0,OBL機油精                                                      
1111028GF0000001,PNSSCUP04           ,1.0,500.0,組   ,220.0,,,,2.0,PU皮革椅縫邊置物盒 2USB 2.4A                                        
1111028GF0000001,XB572ZR2V           ,1.0,1200.0,組   ,350.0,,,,3.0,XB-572負極導線                                                  
1111028GF0000001,R1S2X               ,1.0,1200.0,組   ,650.0,,,,4.0,R-1逆電流                                                      
1111031GF0000001,ZEROVRMG28          ,2.0,1100.0,支   ,450.0,,,,1.0,ZERO矽膠雨刷28吋                                                 
1111101GF0000001,96R2FMT             ,1.0,700.0,組   ,350.0,,,,1.0,96堅達晴雨窗                                                     
1111101GF0000001,POSEN18H            ,0.5,300.0,組   ,60.0,,,,2.0,POSEN 18吋雨刷                                                 
1111101GF0000001,POSEN20H            ,0.5,300.0,組   ,70.0,,,,3.0,POSEN 20吋雨刷                                                 
1111101GF0000002,NB1040              ,4.0,500.0,罐   ,200.0,,,,1.0,NB 10/40機油                                                  
1111101GF0000002,YARISDFV            ,1.0,350.0,各   ,150.0,,,,2.0,YARIS空氣芯                                                    
1111101GF0000002,ZWUV                ,1.0,100.0,各   ,40.0,,,,3.0,豐田油芯                                                        
1111101GF0000002,MISSIONCVT          ,4.0,600.0,罐   ,230.0,,,,4.0,MISSION CVT-F自排油X+++                                        
1111101GF0000002,J00350CMG           ,1.0,450.0,支   ,130.0,,,,5.0,J00350後雨刷                                                   
1111101GF0000002,12FVRU5XR           ,1.0,350.0,罐   ,120.0,,,,6.0,八大全效機油精                                                     
1111101GF0000002,ZJTUA               ,1.0,200.0,罐   ,85.0,,,,7.0,防霧除油膜                                                       
1111101GF0000002,PNSHDF26            ,1.0,350.0,組   ,140.0,,,,8.0,夾扣式出風口手機架                                                   
1111101GF0000002,DRG15FCTFC          ,1.0,1400.0,組   ,450.0,,,,9.0,DRG(二入)避震器緩衝器/C                                             
1111101GF0000002,NOIDNRMG14          ,1.0,300.0,支   ,100.0,,,,10.0,NOID三節雨刷 14吋                                                
1111101GF0000002,NOIDNRMG24          ,1.0,400.0,支   ,100.0,,,,11.0,NOID三節雨刷 24吋                                                
1111103GF0000001,16322T              ,4.0,250.0,各   ,25.0,,,,3.0,1632電池                                                      
1111103GF0000002,VUFMT               ,1.0,600.0,組   ,350.0,,,,1.0,雄鷹晴雨窗                                                       
1111102GF0000002,A88EUX1             ,1.0,3000.0,組   ,1200.0,,,,6.0,A-88美國高音喇叭                                                  
1111104GF0000001,VTRXFV              ,1.0,300.0,組   ,120.0,,,,1.0,行車記錄器線                                                      
1111104GF0000002,BLD6389VIOS1C4+64   ,1.0,15000.0,組   ,10500.0,,,,1.0,[車牌] VIOS 八核4+64安卓主機                                    
1111104GF0000002,2TVUAHDVTA          ,1.0,2000.0,組   ,600.0,,,,2.0,AHD倒車顯影(帶燈小草帽)寶馬頭                                           
1111104GF0000003,ZERO14VRMG          ,1.0,600.0,支   ,290.0,,,,1.0,ZERO矽膠雨刷14吋                                                 
1111104GF0000003,ZEROVRMG24          ,1.0,900.0,支   ,415.0,,,,2.0,ZERO矽膠雨刷24吋                                                 
1111105GF0000002,ID300K5252U         ,1.0,6500.0,組   ,4200.0,,,,1.0,ID-300K主動重低音                                                
1111105GF0000002,52UDTY              ,1.0,1200.0,組   ,350.0,,,,2.0,重低音快拆組                                                      
1111105GF0000002,V1                  ,1.0,1000.0,組   ,500.0,,,,3.0,線包                                                          
1111105GF0000002,EY                  ,1.0,1000.0,次   ,0.0,,,,4.0,工資                                                          
1111105GF0000002,AV5F2               ,1.0,500.0,組   ,250.0,,,,5.0,AV轉換附啟動                                                     
1111108GF0000001,32G                 ,1.0,500.0,各   ,180.0,,,,1.0,32G卡片                                                       
1111108GF0000002,ZEROFV1UUR          ,2.0,400.0,罐   ,180.0,,,,1.0,ZERO全效保養汽車精[車牌]                                            
1111108GF0000002,SENFINECOCUFFVR     ,1.0,1000.0,罐   ,80.0,,,,2.0,德國SENFINECO化油器清洗劑9938                                       
1111108GF0000002,SENFINECOFURFFVR    ,1.0,1700.0,罐   ,400.0,,,,3.0,西德SENFINECO汽油進氣系統清洗劑9921                                    
1111108GF0000002,02EAXDFV            ,1.0,500.0,各   ,120.0,,,,4.0,02冠美麗空氣芯                                                    
1111105GF0000002,ID1.52B             ,1.0,3000.0,各   ,1200.0,,,,6.0,ID 1.5電容                                                    
1111105GF0000002,3DWMZGHJL           ,1.0,500.0,各   ,320.0,,,,7.0,3D通用防水通用防水槽 [車牌]                                          
1111109GF0000001,5REV                ,1.0,800.0,次   ,0.0,,,,1.0,主機更新                                                        
1111105GF0000002,T202VCQ             ,1.0,200.0,各   ,15.0,,,,8.0,T20單芯琥珀                                                     
1111110GF0000001,KY8210XYJ2          ,1.0,560.0,組   ,350.0,,,,1.0,KY-8210藍鑽霧燈                                                 
1111110GF0000003,2387-DWEAXGTYT      ,1.0,3000.0,組   ,800.0,,,,1.0,[車牌]冠美麗煞車總成+檢測                                           
1111110GF0000003,VBDQEE5CX           ,1.0,500.0,罐   ,150.0,,,,2.0,向日葵皮革光澤護蠟                                                   
1111112GF0000001,2022OUTLANDERNTUW   ,1.0,7000.0,組   ,4000.0,,,,1.0,2022三菱 OUTALNDER賽車椅套                                        
1111112GF0000001,AH62CCZVQ           ,1.0,700.0,條   ,360.0,,,,2.0,AH-62紅黑方向盤套                                                 
1111116GF0000001,SAXO1040            ,4.0,400.0,罐   ,120.0,,,,1.0,SAXO 10W/40機油                                               
1111116GF0000001,10AY23DFV           ,1.0,450.0,各   ,200.0,,,,2.0,10馬自達3空氣芯                                                   
1111116GF0000001,10AY23FXXQ          ,1.0,2500.0,組   ,900.0,,,,3.0,10馬自達3(前)來令片                                                
1111116GF0000001,T202V2Q             ,1.0,200.0,各   ,16.0,,,,4.0,T20單芯燈泡                                                     
1111116GF0000001,H11OSARM2Q          ,1.0,400.0,各   ,120.0,,,,5.0,H11 OSARM燈泡                                                 
1111116GF0000001,FCOUSUV             ,1.0,250.0,各   ,100.0,,,,6.0,FCOUS油芯                                                     
1111116GF0000002,2TVUJE              ,1.0,2500.0,組   ,450.0,,,,1.0,倒車顯影(蝴蝶外掛)寶馬頭                                               
1111117GF0000001,V37TDGUVTRXF        ,1.0,3000.0,組   ,1500.0,,,,1.0,V37觸控雙眼行車紀錄器                                                
1111117GF0000002,14CRV8C4+64055R     ,1.0,15500.0,組   ,11500.0,,,,1.0,[車牌] 8核4+64安卓主機                                          
1111117GF0000002,055MVTRXF           ,1.0,7500.0,組   ,3000.0,,,,2.0,安卓專用雙眼行車紀錄器                                                 
1111117GF0000002,05CAMW.6            ,1.0,1500.0,各   ,0.0,,,,3.0,CAM頭                                                        
1111118GF0000001,SENFINECOFURFFVR    ,1.0,1800.0,罐   ,400.0,,,,1.0,西德SENFINECO汽油進氣系統清洗劑9921                                    
1111118GF0000002,IX35Z2R             ,1.0,14000.0,組   ,9400.0,,,,1.0,[車牌]發電機                                                 
1111118GF0000002,16322T              ,2.0,150.0,各   ,25.0,,,,2.0,1632電池                                                      
1111118GF0000002,NB1040              ,5.0,500.0,罐   ,200.0,,,,3.0,NB 10/40機油                                                  
1111118GF0000002,NXUR                ,1.0,100.0,各   ,45.0,,,,4.0,三菱油芯                                                        
1111118GF0000002,SAXOQUYFRR          ,1.0,550.0,罐   ,80.0,,,,5.0,SAXO噴油嘴清潔劑                                                  
1111118GF0000002,ZERORURAMN          ,1.0,850.0,罐   ,270.0,,,,6.0,ZERO 匠有機鉬元素                                                 
1111118GF0000002,ELANTRDFV           ,1.0,450.0,各   ,250.0,,,,7.0,ELANTR空氣芯                                                   
1111122GF0000001,W15ZX5R             ,1.0,8500.0,組   ,5000.0,,,,1.0,W15分離主機                                                     
1111122GF0000001,307DTV              ,1.0,400.0,組   ,180.0,,,,2.0,307快充線                                                      
1111122GF0000001,KMWTV               ,1.0,500.0,各   ,40.0,,,,3.0,鱷魚頭出線                                                       
1111123GF0000001,DP009Z22TWW         ,1.0,300.0,組   ,180.0,,,,1.0,防盜節能電池銅頭(負電斷電器)                                             
1111101GF0000002,XFXJALTIS           ,1.0,450.0,各   ,120.0,,,,12.0,冷氣濾01-07ALTIS                                               
1111101GF0000002,SAXOQUYFRR          ,1.0,450.0,罐   ,80.0,,,,13.0,SAXO噴油嘴清潔劑                                                  
1111102GF0000001,TYPER90062Q         ,1.0,1000.0,組   ,170.0,,,,1.0,TYPE-R9006黃金燈泡                                              
1111102GF0000002,ID12H52U            ,1.0,6500.0,組   ,3800.0,,,,1.0,ID 12吋重低音(藍)                                                
1111102GF0000002,V1                  ,1.0,1000.0,組   ,500.0,,,,2.0,線包                                                          
1111102GF0000002,EY                  ,1.0,1000.0,次   ,0.0,,,,3.0,工資                                                          
1111102GF0000002,AV5F2               ,1.0,500.0,組   ,250.0,,,,4.0,AV轉換附啟動                                                     
1111102GF0000002,IDRH6K              ,1.0,4000.0,組   ,900.0,,,,5.0,ID RH6K分音喇叭                                                 
1111102GF0000001,RSEN90062TY         ,1.0,500.0,組   ,90.0,,,,2.0,R[車牌]陶瓷座                                                
1111103GF0000001,FTZQWZEQ            ,5.0,350.0,組   ,125.0,,,,1.0,汽車防碰反光片                                                     
1111123GF0000002,2TX2NU              ,1.0,1250.0,組   ,580.0,,,,1.0,倒車雷達(四眼)崁入                                                  
1111124GF0000001,AH59ZVQW            ,1.0,750.0,條   ,340.0,,,,1.0,AH-59方向盤套                                                   
1111124GF0000001,AFL283578           ,1.0,700.0,組   ,81.8,,,,2.0,軟條燈2835-78LED                                               
1111124GF0000001,NOIDNRMG16          ,1.0,250.0,支   ,100.0,,,,3.0,NOID三節雨刷 16吋                                                
1111124GF0000001,NOIDNRMG24          ,1.0,400.0,支   ,100.0,,,,4.0,NOID三節雨刷 24吋                                                
1111124GF0000001,05AY2FMT            ,1.0,700.0,組   ,170.0,,,,6.0,05馬自達晴雨窗                                                    
1111124GF0000001,C55AWFTR            ,1.0,300.0,組   ,128.0,,,,7.0,黑珍珠毛毯清潔劑                                                    
1111124GF0000001,VBDQEYB1UR          ,1.0,300.0,罐   ,120.0,,,,8.0,向日葵皮革滋潤保養液                                                  
1111125GF0000001,EY                  ,1.0,2000.0,次   ,0.0,,,,1.0,工資                                                          
1111129GF0000003,05AY23SE1           ,2.0,1000.0,各   ,600.0,,,,1.0,10馬自達3內龜粄(R)(L)                                             
1111125GF0000001,AVVCV4.5M           ,1.0,500.0,條   ,130.0,,,,2.0,AV訊號線4.5M                                                   
1111125GF0000002,05TEANAD-           ,1.0,3000.0,組   ,1400.0,,,,1.0,05 TEANA 2.0 點火線圈(考耳)                                       
1111125GF0000002,3MCUFFVR            ,1.0,2000.0,罐   ,60.0,,,,2.0,3M化油器清洗劑(8896)                                              
1111125GF0000002,05TEANACVN          ,4.0,600.0,各   ,180.0,,,,3.0,05 TEANA 2.0火星塞                                             
1111125GF0000003,2TXWJX              ,1.0,700.0,組   ,380.0,,,,1.0,倒車雷達外露                                                      
1111126GF0000001,SAXO1040            ,4.0,350.0,罐   ,120.0,,,,1.0,SAXO 10W/40機油                                               
1111126GF0000002,KMWTV               ,1.0,300.0,各   ,40.0,,,,2.0,鱷魚頭出線                                                       
1111126GF0000002,A094                ,1.0,500.0,條   ,100.0,,,,3.0,A094方向盤套                                                    
1111126GF0000002,V37TDGUVTRXF        ,1.0,4500.0,組   ,1500.0,,,,4.0,V37觸控雙眼行車紀錄器                                                
1111126GF0000003,05AYW3F1E           ,1.0,1000.0,組   ,900.0,,,,1.0,05馬自達3前保桿                                                   
1111126GF0000003,T20GV2Q             ,1.0,100.0,各   ,16.0,,,,2.0,T20雙芯燈泡                                                     
1111126GF0000003,10AY23TA1E2         ,1.0,800.0,組   ,220.0,,,,3.0,10馬自達3長毛避光墊                                                 
1111126GF0000003,LY903               ,1.0,40.0,組   ,25.0,,,,4.0,LY-903大圓鏡                                                   
1111126GF0000002,HY655               ,1.0,1100.0,組   ,295.0,,,,5.0,HY-655藍海風情-椅背                                               
1111126GF0000002,06EAXTA1E2          ,1.0,600.0,組   ,220.0,,,,6.0,06冠美麗長毛避光墊                                                  
1111126GF0000002,EVEW2               ,1.0,500.0,組   ,260.0,,,,7.0,EVE踏墊                                                       
1111126GF0000002,WF55D23L2Q          ,1.0,2500.0,各   ,1850.0,,,,8.0,湯淺55D23電瓶                                                   
1111126GF0000002,VBDVATX-2           ,1.0,100.0,罐   ,65.0,,,,10.0,向日葵細目粗蠟二代                                                   
1111126GF0000002,F00456              ,1.0,40.0,張   ,20.0,,,,11.0,Ferrari貼紙                                                   
1111128GF0000001,BCG-2057CXXQ        ,1.0,3000.0,組   ,1500.0,,,,1.0,得利卡後來令片                                                     
1111128GF0000001,BCG-2057FXXQ        ,1.0,1500.0,組   ,1200.0,,,,2.0,得利卡前來令片                                                     
1111129GF0000001,M00128BL            ,1.0,150.0,張   ,80.0,,,,1.0,火焰/藍貼紙                                                      
1111129GF0000001,EY                  ,1.0,1100.0,次   ,0.0,,,,2.0,工資                                                          
1111129GF0000002,TURBO900622         ,1.0,2500.0,組   ,1200.0,,,,1.0,TU[車牌]LED大燈                                             
1111130GF0000001,WF55D23L2Q          ,1.0,2600.0,各   ,1850.0,,,,1.0,湯淺55D23電瓶                                                   
1111130GF0000002,PNSSFIN0010F2D      ,1.0,150.0,組   ,50.0,,,,1.0,多功能安全帶扣                                                     
1111201GF0000001,ZWUV                ,1.0,100.0,各   ,40.0,,,,2.0,豐田油芯                                                        
1111201GF0000001,ALTISDFV            ,1.0,400.0,各   ,75.0,,,,3.0,01 ALTIS空氣芯                                                 
1111201GF0000001,XFXJALTIS           ,1.0,450.0,各   ,120.0,,,,4.0,冷氣濾01-07ALTIS                                               
1111201GF0000001,KYOROKU530RU        ,4.0,600.0,罐   ,160.5,,,,11.0,巨力5/30汽柴機油                                                  
1111201GF0000001,SENFINCEOXFZVFRR    ,1.0,1000.0,罐   ,350.0,,,,5.0,西德SENFINCEO冷氣風箱清潔劑                                          
1111201GF0000001,12FVRU5XR           ,1.0,450.0,罐   ,120.0,,,,6.0,八大全效機油精                                                     
1111201GF0000001,SAXOQUYFRR          ,1.0,400.0,罐   ,80.0,,,,7.0,SAXO噴油嘴清潔劑                                                  
1111201GF0000001,3032YXZ2R           ,1.0,8800.0,組   ,4800.0,,,,8.0,[車牌]發電機                                                  
1111201GF0000001,3032YXZ2RQ2         ,1.0,2200.0,條   ,1000.0,,,,9.0,[車牌]發電機皮帶                                                
1111201GF0000001,LASTS2DVG           ,2.0,50.0,各   ,30.0,,,,10.0,LASTS吊卡香水                                                   
1111205GF0000001,2012WISH2+32055R    ,1.0,11500.0,組   ,7500.0,,,,1.0,[車牌]H 2+32安卓主機八核                                         
1111206GF0000001,PNSHDF19            ,1.0,400.0,組   ,160.0,,,,1.0,4-6吋機械手臂手機架                                                 
1111206GF0000001,307DTV              ,1.0,400.0,組   ,180.0,,,,2.0,307快充線                                                      
1111206GF0000001,EY                  ,1.0,200.0,次   ,0.0,,,,3.0,工資                                                          
1111206GF0000002,WF55D23L2Q          ,1.0,2500.0,各   ,1850.0,,,,1.0,湯淺55D23電瓶                                                   
1111206GF0000002,VBDVATX-2           ,1.0,200.0,罐   ,65.0,,,,2.0,向日葵細目粗蠟二代                                                   
1111206GF0000002,ZXR                 ,1.0,150.0,罐   ,73.0,,,,3.0,防落膠                                                         
1111206GF0000003,ID6.5KZUX1          ,1.0,5500.0,組   ,1800.0,,,,1.0,ID 6.5K分音喇叭                                                 
1111206GF0000003,6H2EF               ,1.0,500.0,組   ,200.0,,,,2.0,6吋墊高器                                                       
1111206GF0000003,3DWMZGHJL           ,1.0,800.0,各   ,320.0,,,,4.0,3D通用防水通用防水槽 [車牌]                                          
1111206GF0000003,BNE-7087EB5         ,1.0,1500.0,片   ,800.0,,,,5.0,L前隔熱紙                                                       
1111207GF0000001,2TXWSDXU            ,1.0,750.0,組   ,380.0,,,,1.0,倒車雷達內崁兩眼-禾麟                                                 
1111207GF0000002,RSEN02F             ,1.0,3000.0,各   ,400.0,,,,1.0,RSEN安定器                                                     
1111207GF0000002,RSENHID5RF          ,1.0,500.0,各   ,100.0,,,,2.0,RSEN HID轉接器                                                 
1111207GF0000002,NOIDNRMG24          ,1.0,400.0,支   ,100.0,,,,4.0,NOID三節雨刷 24吋                                                
1111207GF0000002,RSEND24300K         ,1.0,1500.0,各   ,250.0,,,,5.0,RSEN D2 4300K燈泡                                             
1111207GF0000002,                    ,0.0,,,,,,,8.0,
1111207GF0000002,NOIDNRMG18          ,1.0,300.0,支   ,100.0,,,,6.0,NOID三節雨刷 18吋                                                
1111208GF0000001,SAXO1040            ,4.0,400.0,罐   ,120.0,,,,1.0,SAXO 10W/40機油                                               
1111208GF0000001,ZWUV                ,1.0,100.0,各   ,50.0,,,,2.0,豐田油芯                                                        
1111208GF0000001,MISSIONCVT          ,4.0,600.0,罐   ,230.0,,,,3.0,MISSION CVT-F自排油X+++                                        
1111208GF0000001,NOIDNRMG18          ,1.0,300.0,支   ,100.0,,,,4.0,NOID三節雨刷 18吋                                                
1111208GF0000001,NOIDNRMG26          ,1.0,350.0,支   ,100.0,,,,5.0,NOID三節雨刷 26吋                                                
1111208GF0000001,02EAXDFV            ,1.0,400.0,各   ,120.0,,,,8.0,02冠美麗空氣芯                                                    
1111208GF0000001,SAXOQUYFRR          ,1.0,150.0,罐   ,80.0,,,,7.0,SAXO噴油嘴清潔劑                                                  
1111208GF0000002,VBDSAA1X            ,1.0,500.0,罐   ,250.0,,,,1.0,向日葵奈米美白蠟                                                    
1111208GF0000002,RSEN2W              ,1.0,300.0,組   ,120.0,,,,2.0,RSEN2l3陶土                                                   
1111209GF0000001,2TVUJE              ,1.0,3000.0,組   ,450.0,,,,1.0,倒車顯影(蝴蝶外掛)寶馬頭                                               
1111211GF0000002,X2VTRXF             ,1.0,2500.0,組   ,1200.0,,,,1.0,追蹤者X2行車紀錄器                                                  
1111211GF0000001,DAYQQWW             ,1.0,700.0,組   ,280.0,,,,1.0,卡夢自排檔頭                                                      
1111210GF0000001,15EAX4+32DVD5R      ,1.0,15500.0,組   ,7000.0,,,,1.0,15冠美麗4+32核 DVD主機                                            
1111210GF0000001,055MVTRXF           ,1.0,6500.0,組   ,3000.0,,,,2.0,安卓專用雙眼行車紀錄器                                                 
1111212GF0000001,K00133              ,1.0,100.0,張   ,50.0,,,,1.0,火焰/貼紙                                                       
1111212GF0000001,20252T              ,1.0,200.0,各   ,22.0,,,,2.0,2025電池                                                      
1111212GF0000002,Z1GUVTRXF           ,1.0,5000.0,組   ,2900.0,,,,1.0,追蹤者 Z1 10吋觸控雙眼行車紀錄器                                         
1111213GF0000001,2TX23UDB            ,1.0,1050.0,組   ,480.0,,,,1.0,倒車雷達3眼崁入                                                    
1111214GF0000001,RSENS2569ZGG2V5RCQ  ,1.0,1000.0,組   ,450.0,,,,1.0,RSEN S25 69燈防快閃單芯正角琥珀                                       
1111214GF0000001,IN312835GS2         ,1.0,400.0,組   ,180.0,,,,2.0,IN31AL-2835 6顆LED室內燈 白光 歐規                                  
1111214GF0000001,RSEN56ZVQW          ,1.0,600.0,條   ,250.0,,,,3.0,RSEN-56牛皮方向盤套                                               
1111214GF0000001,RSENS25692V5R1      ,1.0,1000.0,組   ,450.0,,,,4.0,RSEN S25 69燈防快閃單芯正角白                                        
1111214GF0000002,ABTE021             ,1.0,2000.0,組   ,1600.0,,,,1.0,ABT-E021汽車緊急救車電源                                            
1111214GF0000003,KY228MUX1           ,1.0,800.0,組   ,630.0,,,,1.0,KY-228語音喇叭                                                  
1111214GF0000004,SAXO1040            ,4.0,400.0,罐   ,120.0,,,,1.0,SAXO 10W/40機油                                               
1111214GF0000004,ZWUV                ,1.0,100.0,各   ,50.0,,,,2.0,豐田油芯                                                        
1111214GF0000005,GARMIN530VTRXF      ,1.0,3500.0,組   ,2690.0,,,,1.0,GARMIN 530行車記錄器                                             
1111214GF0000006,2TVUSD              ,1.0,3000.0,組   ,450.0,,,,1.0,倒車顯影(內砍)                                                    
1111214GF0000006,IX35TA1E2           ,1.0,800.0,組   ,260.0,,,,2.0,IX-35長毛避光墊                                                  
1111215GF0000001,WF602Q              ,1.0,2100.0,各   ,1500.0,,,,1.0,湯淺60電瓶                                                      
1111216GF0000001,SAXO1040            ,5.0,400.0,罐   ,120.0,,,,1.0,SAXO 10W/40機油                                               
1111216GF0000001,ZINGERDFV           ,1.0,400.0,各   ,200.0,,,,2.0,ZINGER空氣芯                                                   
1111216GF0000001,NXUR                ,1.0,200.0,各   ,45.0,,,,3.0,三菱油芯                                                        
1111216GF0000001,16162T              ,1.0,100.0,各   ,35.0,,,,4.0,1616電池                                                      
1111217GF0000001,2TXWSDXU            ,1.0,750.0,組   ,380.0,,,,1.0,倒車雷達內崁兩眼-禾麟                                                 
1111209GF0000002,ZV5F53HNF           ,1.0,6500.0,組   ,4300.0,,,,1.0,發現者F-53全頻測速器                                                
1111222GF0000001,SAXO1040            ,5.0,400.0,罐   ,120.0,,,,1.0,SAXO 10W/40機油                                               
1111222GF0000001,ZINGERDFV           ,1.0,400.0,各   ,150.0,,,,2.0,ZINGER空氣芯                                                   
1111222GF0000001,12FVRU5XR           ,1.0,550.0,罐   ,120.0,,,,3.0,八大全效機油精                                                     
1111222GF0000001,ZEROFV1UUR          ,1.0,400.0,罐   ,180.0,,,,4.0,ZERO全效保養汽車精[車牌]                                            
1111222GF0000001,02XGXFXJ            ,1.0,450.0,各   ,250.0,,,,5.0,02菱帥冷氣濾網                                                    
1111222GF0000001,XVUV                ,1.0,200.0,各   ,0.0,,,,6.0,領袖機油芯                                                       
1111223GF0000001,MIOC316VTRXF        ,1.0,3000.0,組   ,1848.0,,,,1.0,MIO C316行車紀錄器                                               
1111223GF0000001,ES122VG             ,1.0,250.0,組   ,125.0,,,,2.0,ES-122香水                                                    
1111223GF0000001,AH59ZVQW            ,1.0,750.0,條   ,340.0,,,,4.0,AH-59方向盤套                                                   
1111223GF0000001,M1YFS1G             ,1.0,1000.0,組   ,300.0,,,,7.0,M1(左)前內把手                                                   
1111223GF0000001,T20GV2Q             ,1.0,200.0,各   ,16.0,,,,5.0,T20雙芯燈泡                                                     
1111223GF0000001,TC6683NDTY          ,1.0,300.0,組   ,120.0,,,,6.0,TC-6683三孔插座                                                 
1111224GF0000001,K00372              ,1.0,100.0,各   ,50.0,,,,1.0,彩繪貼紙/XX貼紙                                                   
1111224GF0000001,FTZEW5              ,2.0,350.0,張   ,140.0,,,,2.0,汽車反光貼紙                                                      
1111224GF0000001,H00861              ,2.0,100.0,張   ,30.0,,,,3.0,鶴/一對 立體 貼紙                                                  
1111224GF0000001,AFL5050FH           ,2.0,550.0,條   ,98.2,,,,4.0,[車牌]12七彩LED                                             
1111224GF0000002,2TXWSDXU            ,1.0,3000.0,組   ,380.0,,,,1.0,倒車雷達內崁兩眼-禾麟                                                 
1111224GF0000002,2TVUSD              ,1.0,3000.0,組   ,450.0,,,,3.0,倒車顯影(內砍)                                                    
1111224GF0000002,2013FCOUSMG         ,1.0,1000.0,組   ,350.0,,,,4.0,[車牌]US專用雨刷                                               
1111226GF0000002,RSEN02FCANBUS       ,2.0,2000.0,各   ,700.0,,,,1.0,RSEN(CANBUS)安定器35W                                          
1111226GF0000002,RSENH76000K         ,1.0,1000.0,各   ,150.0,,,,2.0,RSEN H7 6000K燈泡                                             
1111226GF0000001,TIDA8C4+64          ,1.0,13400.0,組   ,10500.0,,,,1.0,TIDA 8核 4+64安卓主機                                            
1111226GF0000001,055MVTRXF           ,1.0,6000.0,組   ,3000.0,,,,2.0,安卓專用雙眼行車紀錄器                                                 
1111226GF0000003,2TVUJE              ,1.0,2500.0,組   ,450.0,,,,1.0,倒車顯影(蝴蝶外掛)寶馬頭                                               
1111227GF0000001,X2VTRXF             ,1.0,2600.0,組   ,1200.0,,,,1.0,追蹤者X2行車紀錄器                                                  
1111228GF0000001,05WISHNQFMT         ,1.0,1100.0,組   ,600.0,,,,1.0,05WISH(四片)晴雨窗                                               
1111228GF0000002,ZV5D                ,1.0,1500.0,組   ,500.0,,,,1.0,方形中控                                                        
1111228GF0000003,055R                ,1.0,800.0,次   ,0.0,,,,1.0,安卓主機更新                                                      
1111229GF0000001,SAXOC35W30FHU       ,6.0,750.0,罐   ,220.0,,,,1.0,SAXO C3 5W30柴油共用遊                                           
1111229GF0000001,ZEROAMN+RFC         ,1.0,850.0,罐   ,320.0,,,,5.0,ZERO鉬元素+噴油嘴除扣劑                                              
1111229GF0000001,CLA2500UV           ,1.0,750.0,各   ,300.0,,,,3.0,CLA-250專用油芯                                                 
1111229GF0000001,CLA250DFV           ,1.0,950.0,各   ,350.0,,,,4.0,CLA-250空氣芯                                                  
1111229GF0000001,CLA250YQU           ,1.0,6600.0,次   ,2000.0,,,,6.0,CLA 250自排油                                                  
1111229GF0000001,CLA250RFABSYT       ,1.0,7500.0,組   ,4500.0,,,,7.0,CLA250(R)前ABS總成                                             
1111229GF0000001,EY                  ,1.0,2000.0,次   ,0.0,,,,8.0,工資                                                          
1111230GF0000001,NB1040              ,4.0,500.0,罐   ,200.0,,,,1.0,NB 10/40機油                                                  
1111230GF0000001,12FVRU5XR           ,1.0,550.0,罐   ,120.0,,,,3.0,八大全效機油精                                                     
1111230GF0000001,ABROQGUR            ,1.0,400.0,罐   ,90.0,,,,4.0,ABRO噴射油精                                                    
1111230GF0000001,08ALTISDFV          ,1.0,400.0,各   ,100.0,,,,5.0,08ALTIS空氣芯                                                  
1111230GF0000001,WISHUV              ,1.0,200.0,各   ,65.0,,,,6.0,WISH油芯                                                      
1111230GF0000001,WUSWU5TF            ,1.0,3000.0,組   ,900.0,,,,7.0,太陽能胎壓偵測器                                                    
1111230GF0000001,XFXJALTIS           ,1.0,450.0,各   ,120.0,,,,8.0,冷氣濾01-07ALTIS                                               
1111231GF0000001,TYPERH4CR           ,1.0,1000.0,組   ,170.0,,,,1.0,TYPE-R H4黃金燈泡                                               
1111231GF0000001,V3910BGWFZ2         ,1.0,300.0,各   ,220.0,,,,2.0,V-3910軟式透氣方墊                                                
1111231GF0000001,V33GRR              ,1.0,300.0,組   ,150.0,,,,3.0,V33手機架                                                      
1111231GF0000002,ABTE040             ,1.0,1200.0,組   ,580.0,,,,1.0,ABT-E040Q3.0黑(3孔4USB)                                       
1111231GF0000002,MP35C1NS13          ,1.0,1200.0,組   ,580.0,,,,2.0,倍思T貓頭S13-快衝音樂撥放器                                            
1111231GF0000002,HY-555GGNTW         ,1.0,1250.0,組   ,550.0,,,,3.0,HY-555時尚賽車座墊                                                
1111231GF0000002,V37GRR              ,1.0,350.0,組   ,100.0,,,,4.0,V37儀表板手機架                                                   
1111231GF0000003,2TVUJE              ,1.0,3000.0,組   ,450.0,,,,1.0,倒車顯影(蝴蝶外掛)寶馬頭                                               
1111231GF0000003,16G                 ,1.0,300.0,組   ,180.0,,,,2.0,16G                                                         
1111206GF0000004,OBT2FHWWVGF         ,1.0,3000.0,組   ,1000.0,,,,1.0,OBT抬頭顯示器(七彩)                                                
1120104GF0000001,ZINGER054+64        ,1.0,15000.0,組   ,10500.0,,,,1.0,ZINGER 8核4+64主機                                             
1120104GF0000001,USBUVGTF            ,1.0,500.0,組   ,300.0,,,,2.0,USB影像輸出器                                                    
1120105GF0000001,AFL283578           ,1.0,200.0,組   ,81.8,,,,1.0,軟條燈2835-78LED                                               
1120105GF0000002,F1W84+64055R        ,1.0,16500.0,組   ,10500.0,,,,1.0,邱比特 8核4+64安卓主機                                              
1120105GF0000002,2TVUAHDVTA          ,1.0,2400.0,組   ,600.0,,,,3.0,AHD倒車顯影(帶燈小草帽)寶馬頭                                           
1120105GF0000003,GOLTPLUST2R         ,1.0,4500.0,組   ,3850.0,,,,1.0,GOLT PLUS車頂架 OPS01                                          
1120105GF0000002,G2DE                ,1.0,100.0,各   ,80.0,,,,4.0,水滴開關                                                        
1120105GF0000002,YH680               ,1.0,4000.0,組   ,2600.0,,,,5.0,YH-680全功能電力公司                                               
1120106GF0000001,1VNYTG              ,1.0,100.0,組   ,25.0,,,,2.0,保險絲座插式                                                      
1120106GF0000001,DEW32               ,1.0,400.0,各   ,25.0,,,,3.0,鐵桿３段式開關                                                     
1120106GF0000001,BOSCHX1             ,1.0,1000.0,組   ,380.0,,,,4.0,BOSCH喇叭                                                     
1120107GF0000001,LD7VTRXF            ,1.0,2500.0,組   ,1500.0,,,,1.0,LD-7前行車紀錄器                                                  
1120107GF0000002,02EAX20565R15       ,2.0,2600.0,各   ,2250.0,,,,1.0,02冠美麗205/65R/15輪胎                                           
1120109GF0000001,HK800JGX1           ,1.0,1000.0,組   ,190.0,,,,2.0,HK-800 WRC渦式喇叭                                              
1120109GF0000002,RSEN02F             ,1.0,700.0,各   ,400.0,,,,2.0,RSEN安定器                                                     
1120109GF0000003,K00133              ,3.0,100.0,張   ,50.0,,,,1.0,火焰/貼紙                                                       
1120109GF0000001,X1VY                ,1.0,1000.0,組   ,120.0,,,,3.0,喇叭線組                                                        
1120106GF0000001,X1VY                ,1.0,500.0,組   ,120.0,,,,5.0,喇叭線組                                                        
1120109GF0000003,K00172              ,1.0,100.0,張   ,50.0,,,,2.0,BL TZ/貼紙                                                    
1120104GF0000001,ZINGER5MZG          ,1.0,1700.0,組   ,1050.0,,,,3.0,ZINGER專用扶手                                                  
1120104GF0000001,ZINGERTA1E2         ,1.0,600.0,組   ,350.0,,,,4.0,ZINGER長毛避光墊                                                 
1120110GF0000001,TYPERH11CR2Q        ,1.0,1200.0,組   ,200.0,,,,1.0,TYPE-R H11黃金燈泡                                              
1120110GF0000001,12VAMG              ,1.0,800.0,組   ,350.0,,,,2.0,八代喜美專用雨刷                                                    
1120112GF0000001,2013FCOUS055R       ,1.0,18500.0,組   ,12000.0,,,,1.0,[車牌]US八核4+64安卓主機                                         
1120112GF0000002,ALTIS2055R16        ,4.0,3000.0,各   ,2600.0,,,,1.0,ALTIS 205/55R/16輪胎                                          
1120113GF0000001,SAXO1040            ,4.0,400.0,罐   ,120.0,,,,1.0,SAXO 10W/40機油                                               
1120113GF0000001,12FVRU5XR           ,1.0,500.0,罐   ,120.0,,,,2.0,八大全效機油精                                                     
1120113GF0000001,SAXOQUYFRR          ,1.0,0.0,罐   ,80.0,,,,3.0,SAXO噴油嘴清潔劑                                                  
1120113GF0000001,T10552              ,1.0,0.0,各   ,2.0,,,,4.0,T10中炸彈                                                      
1120113GF0000002,3D1F1               ,1.0,180.0,支   ,90.0,,,,1.0,3D補漆筆                                                       
1120113GF0000002,EY                  ,1.0,200.0,次   ,0.0,,,,3.0,工資                                                          
1120113GF0000002,99AMMG              ,1.0,360.0,罐   ,220.0,,,,4.0,99塗膜式乾燥免雨刷                                                  
1120113GF0000002,SY56402UW           ,1.0,310.0,各   ,150.0,,,,5.0,SY-5640點菸頭                                                  
1120113GF0000002,2UY24.8A            ,1.0,650.0,組   ,310.0,,,,6.0,點煙座 2+2+1 4.8A KIKE                                         
1120114GF0000001,MISSIONCVT          ,5.0,600.0,罐   ,230.0,,,,1.0,MISSION CVT-F自排油X+++                                        
1120114GF0000001,2TVUAHDVTA          ,1.0,3000.0,組   ,600.0,,,,2.0,AHD倒車顯影(帶燈小草帽)寶馬頭                                           
1120115GF0000001,ID5*7X1             ,1.0,3000.0,組   ,900.0,,,,1.0,ID5*7喇叭                                                     
1120115GF0000001,ID5*7X1             ,1.0,3500.0,組   ,900.0,,,,2.0,ID5*7喇叭                                                     
1120115GF0000001,TET20               ,1.0,1000.0,組   ,500.0,,,,3.0,TE-T20高音喇叭                                                  
1120210GF0000001,X2VTRXF             ,1.0,2800.0,組   ,1200.0,,,,1.0,追蹤者X2行車紀錄器                                                  
1120210GF0000001,ZV5G539HNF          ,1.0,2800.0,組   ,1900.0,,,,2.0,發現者F-539測速器                                                 
1120210GF0000001,TAE026WVGGJ2FR      ,1.0,1300.0,組   ,683.0,,,,3.0,TA-E026提箱式數位打氣機位打氣機                                         
1120210GF0000001,ABTE072VVZVTF       ,1.0,1000.0,組   ,450.0,,,,4.0,ABT-E072小旋風手持無限吸塵器                                          
1120210GF0000001,PNSCP280P           ,1.0,700.0,組   ,310.0,,,,5.0,太空梭打氣機280P三合一DC12V                                          
1120210GF0000001,WUSWU5TF            ,1.0,2000.0,組   ,900.0,,,,6.0,太陽能胎壓偵測器                                                    
1120210GF0000001,ABTD027             ,1.0,1000.0,組   ,630.0,,,,7.0,噴射+泡沫高壓水槍                                                   
1120210GF0000001,5Y5T02GUVTRXF       ,1.0,6000.0,組   ,2900.0,,,,8.0,追蹤者 T02雙眼行車紀錄器                                              
1120210GF0000001,ABTE069             ,1.0,1200.0,組   ,851.0,,,,9.0,ABT E069太極K3臭氧殺菌無限                                          
1120117GF0000002,D00392              ,2.0,25.0,張   ,12.0,,,,2.0,班尼頓貼紙                                                       
1120117GF0000002,J00384              ,1.0,80.0,張   ,40.0,,,,3.0,TANABE/(6*16CM)貼紙                                           
1120117GF0000002,K00172              ,1.0,100.0,張   ,50.0,,,,4.0,BL TZ/貼紙                                                    
1120117GF0000001,TAXZUW              ,1.0,250.0,組   ,120.0,,,,1.0,超魔力隔音條                                                      
1120117GF0000003,1WW                 ,2.0,80.0,各   ,40.0,,,,1.0,補胎條                                                         
1120117GF0000004,SENFINCEOXFZVFRR    ,1.0,800.0,罐   ,350.0,,,,1.0,西德SENFINCEO冷氣風箱清潔劑                                          
1120118GF0000001,YL100ZZX2           ,1.0,20000.0,組   ,11000.0,,,,1.0,YL-100反反雷達                                                  
1120118GF0000002,LD9CRW              ,1.0,1500.0,組   ,800.0,,,,1.0,LD-9後鏡頭                                                     
1120118GF0000003,ZERO14VRMG          ,1.0,600.0,支   ,290.0,,,,1.0,ZERO矽膠雨刷14吋                                                 
1120118GF0000003,ZEROVRMG22G         ,1.0,900.0,支   ,350.0,,,,2.0,ZERO矽膠雨刷22吋                                                 
1120119GF0000002,RSEN02FCANBUS       ,1.0,2000.0,各   ,700.0,,,,1.0,RSEN(CANBUS)安定器35W                                          
1120119GF0000003,TYPERH7CR2Q         ,1.0,1000.0,組   ,200.0,,,,1.0,TYPE-R H7黃金燈泡                                               
1120119GF0000003,HK800JGX1           ,1.0,1200.0,組   ,190.0,,,,2.0,HK-800 WRC渦式喇叭                                              
1120119GF0000003,STAREX22E5T         ,1.0,800.0,各   ,400.0,,,,3.0,現代 STAEX 大燈蓋正廠                                              
1120119GF0000003,LY707YQW1           ,1.0,700.0,組   ,300.0,,,,4.0,LY-707鱷魚自排止滑板                                               
1120120GF0000001,NB1040              ,3.0,500.0,罐   ,200.0,,,,1.0,NB 10/40機油                                                  
1120120GF0000001,SAXOQUYFRR          ,1.0,0.0,罐   ,80.0,,,,2.0,SAXO噴油嘴清潔劑                                                  
1120120GF0000002,LD7GVVTRXF          ,1.0,5000.0,組   ,2000.0,,,,1.0,LD-7雙眼行車記錄器                                                 
1120120GF0000002,MCJVY2              ,1.0,675.0,組   ,340.0,,,,2.0,遠紅外線竹炭極品座墊                                                  
1120119GF0000001,YH368FDS2XEN        ,1.0,1850.0,組   ,1550.0,,,,1.0,YH-368全功能電力公司                                               
1120121GF0000001,ZEROVRMG20          ,1.0,900.0,支   ,350.0,,,,2.0,ZERO矽膠雨刷20吋                                                 
1120129GF0000001,LEDXG2W1.5M         ,1.0,2500.0,組   ,240.0,,,,1.0,LED流水燈條1.5MM                                                
1120131GF0000001,LD7GVVTRXF          ,1.0,5500.0,組   ,2000.0,,,,1.0,LD-7雙眼行車記錄器                                                 
1120131GF0000002,15HXFE              ,1.0,600.0,組   ,350.0,,,,1.0,15吋輪圈蓋                                                      
1120201GF0000002,XA                  ,1.0,1000.0,次   ,200.0,,,,1.0,冷媒                                                          
1120202GF0000001,E01099              ,2.0,30.0,張   ,15.0,,,,1.0,GReDdy(3.8*7.5cm)貼紙                                         
1120202GF0000001,D00392              ,2.0,25.0,張   ,12.0,,,,2.0,班尼頓貼紙                                                       
1120202GF0000001,F00315B             ,1.0,40.0,張   ,20.0,,,,3.0,班尼頓/二人黑                                                     
1120202GF0000001,J00384              ,1.0,80.0,張   ,40.0,,,,5.0,TANABE/(6*16CM)貼紙                                           
1120202GF0000001,3M12*15             ,1.0,180.0,組   ,80.0,,,,8.0,3M膠12*15mm(2入)                                              
1120116GF0000001,K00370              ,1.0,100.0,張   ,50.0,,,,1.0,彩繪貼紙/樂譜                                                     
1120116GF0000001,K00374              ,1.0,100.0,張   ,50.0,,,,2.0,彩繪貼紙/火貼紙                                                    
1120116GF0000001,K00173              ,1.0,100.0,張   ,50.0,,,,3.0,4*4/二入貼紙                                                    
1120116GF0000001,K00428              ,1.0,100.0,張   ,50.0,,,,4.0,老鷹/翅膀 立體黑紅                                                  
1120116GF0000001,J00384              ,1.0,80.0,張   ,40.0,,,,5.0,TANABE/(6*16CM)貼紙                                           
1120116GF0000001,K00172              ,1.0,100.0,張   ,50.0,,,,6.0,BL TZ/貼紙                                                    
1120116GF0000001,F00315B             ,1.0,40.0,張   ,20.0,,,,7.0,班尼頓/二人黑                                                     
1120116GF0000001,VC351ENVTF          ,1.0,1000.0,組   ,410.0,,,,8.0,VC-351乾濕吸塵器                                                 
1120117GF0000002,E01020              ,1.0,30.0,張   ,15.0,,,,1.0,EMax貼紙                                                      
1120121GF0000001,ZEROVRMG22G         ,1.0,1000.0,支   ,350.0,,,,1.0,ZERO矽膠雨刷22吋                                                 
1120202GF0000001,FTZEW5              ,3.0,350.0,張   ,140.0,,,,6.0,汽車反光貼紙                                                      
1120202GF0000001,EY                  ,1.0,1040.0,次   ,0.0,,,,7.0,工資                                                          
1120202GF0000002,ZWHIACEFMT          ,1.0,1000.0,組   ,500.0,,,,1.0,豐田HIACE晴雨窗                                                  
1120203GF0000001,NOIDNRMG14          ,1.0,300.0,支   ,70.0,,,,1.0,NOID三節雨刷 14吋                                                
1120203GF0000001,NOIDNRMG26          ,1.0,400.0,支   ,100.0,,,,2.0,NOID三節雨刷 26吋                                                
1120203GF0000001,RSENT105630         ,1.0,400.0,卡   ,120.0,,,,3.0,RSEN T10 5630 10燈                                           
1120203GF0000001,DAYL60BV2           ,1.0,1000.0,組   ,520.0,,,,4.0,DAYL-60冰藍淚眼日行燈                                              
1120203GF0000002,1276-THEB5          ,1.0,10000.0,組   ,7000.0,,,,1.0,[車牌]全車隔熱紙                                                
1120202GF0000001,5SR                 ,2.0,250.0,各   ,80.0,,,,9.0,助黏劑                                                         
1120203GF0000003,NB1040              ,4.0,500.0,罐   ,200.0,,,,1.0,NB 10/40機油                                                  
1120203GF0000003,ELANTRDFV           ,1.0,450.0,各   ,250.0,,,,2.0,ELANTR空氣芯                                                   
1120203GF0000003,ELANTRXFXJ          ,1.0,500.0,各   ,250.0,,,,3.0,ELANTRA冷氣濾網                                                 
1120203GF0000003,ABROUFFVR           ,1.0,400.0,罐   ,95.0,,,,4.0,ABRO引擎清洗劑                                                   
1120203GF0000003,RSENUE14H           ,1.0,200.0,支   ,70.0,,,,5.0,RSEN14吋硬骨雨刷                                                 
1120203GF0000003,POSEN20H            ,0.5,500.0,組   ,70.0,,,,6.0,POSEN 20吋雨刷                                                 
1120203GF0000003,12FVRU5XR           ,1.0,550.0,罐   ,120.0,,,,7.0,八大全效機油精                                                     
1120203GF0000003,NXUR                ,1.0,100.0,各   ,45.0,,,,8.0,三菱油芯                                                        
1120203GF0000003,XE2MGG250CC         ,1.0,50.0,罐   ,28.0,,,,9.0,Xe2雨刷水 [車牌]                                                
1120204GF0000001,RSEND28000K         ,2.0,1200.0,各   ,250.0,,,,1.0,RSEN D2 8000K燈泡                                             
1120204GF0000002,XTRAIL5U1R          ,1.0,2500.0,各   ,1500.0,,,,1.0,X-TRAIL遮陽板(R)                                               
1120204GF0000002,XTRAILC5U1          ,1.0,2500.0,組   ,1500.0,,,,2.0,X-TRAIL後遮陽板(L)                                              
1120204GF0000001,OB617               ,1.0,500.0,組   ,200.0,,,,2.0,OB-617門邊飾板                                                  
1120207GF0000002,SAXO1040            ,4.0,400.0,罐   ,120.0,,,,1.0,SAXO 10W/40機油                                               
1120207GF0000002,ALTISDFV            ,1.0,350.0,各   ,100.0,,,,2.0,01 ALTIS空氣芯                                                 
1120207GF0000002,ZWUV                ,1.0,100.0,各   ,50.0,,,,3.0,豐田油芯                                                        
1120207GF0000002,XFXJALTIS           ,1.0,500.0,各   ,120.0,,,,4.0,冷氣濾01-07ALTIS                                               
1120207GF0000002,ZEROFV1UUR          ,1.0,400.0,罐   ,180.0,,,,5.0,ZERO全效保養汽車精[車牌]                                            
1120207GF0000002,ZEROVRMG22G         ,1.0,950.0,支   ,350.0,,,,6.0,ZERO矽膠雨刷22吋                                                 
1120207GF0000002,ZEROVRMG16          ,1.0,850.0,支   ,325.0,,,,7.0,ZERO矽膠雨刷16吋                                                 
1120208GF0000001,INNONANQFMT         ,1.0,1500.0,組   ,700.0,,,,1.0,INNONA(四片)晴雨窗                                               
1120207GF0000002,12FVRU5XR           ,1.0,550.0,罐   ,120.0,,,,8.0,八大全效機油精                                                     
1120210GF0000001,ABTE035             ,1.0,1200.0,組   ,900.0,,,,10.0,炫彩空氣清淨機                                                     
1120210GF0000001,                    ,0.0,,,,,,,11.0,
1120216GF0000001,P1010HVTRXF         ,1.0,6000.0,組   ,3300.0,,,,1.0,王牌 P-10 10吋觸控雙眼行車紀錄器                                        
1120216GF0000002,V2008CGR            ,1.0,650.0,各   ,110.0,,,,1.0,V-2008後視鏡                                                   
1120216GF0000002,N1MUX1              ,1.0,1500.0,組   ,350.0,,,,2.0,N1語音喇叭                                                      
1120216GF0000002,2TXW24V             ,1.0,3500.0,組   ,700.0,,,,4.0,24V倒車雷達外露兩眼                                                 
1120216GF0000002,HINO5TTA1E2         ,1.0,850.0,組   ,300.0,,,,5.0,HINO 5頓長毛避光墊                                                
1120216GF0000003,RSEN02F             ,1.0,1500.0,各   ,400.0,,,,1.0,RSEN安定器                                                     
1120216GF0000002,ZV5G539HNF          ,1.0,4000.0,組   ,1900.0,,,,6.0,發現者F-539測速器                                                 
1120216GF0000002,KMWTV               ,1.0,600.0,各   ,40.0,,,,7.0,鱷魚頭出線                                                       
1120216GF0000004,RSENT105630         ,1.0,400.0,卡   ,120.0,,,,1.0,RSEN T10 5630 10燈                                           
1120216GF0000002,245122UW            ,1.0,500.0,組   ,300.0,,,,8.0,24V轉12V點菸頭                                                  
1120217GF0000002,X1E                 ,1.0,700.0,各   ,100.0,,,,1.0,喇叭蓋                                                         
1120217GF0000003,RSEND44300K         ,1.0,1200.0,各   ,500.0,,,,1.0,RSEN D4 4300K燈泡                                             
1120220GF0000001,DAYL60BV2           ,1.0,1800.0,組   ,520.0,,,,1.0,DAYL-60冰藍淚眼日行燈                                              
1120221GF0000001,992XDCT2.45MW2      ,1.0,750.0,組   ,430.0,,,,1.0,99得利卡2.4專用踏墊                                                
1120221GF0000002,NB1040              ,5.0,500.0,罐   ,200.0,,,,1.0,NB 10/40機油                                                  
1120221GF0000002,MISSIONCVT          ,4.0,600.0,罐   ,230.0,,,,2.0,MISSION CVT-F自排油X+++                                        
1120221GF0000002,SENFINECORU5X       ,1.0,550.0,罐   ,160.0,,,,3.0,西德SENFINECO機油止漏劑                                            
1120222GF0000001,H00799              ,2.0,60.0,張   ,30.0,,,,1.0,JORGE LORENZO 貼紙                                            
1120222GF0000001,H00864              ,2.0,60.0,張   ,30.0,,,,2.0,5ZIGEN                                                      
1120222GF0000001,K00428              ,1.0,100.0,張   ,50.0,,,,3.0,老鷹/翅膀 立體黑紅                                                  
1120222GF0000001,FTZEW5              ,1.0,350.0,張   ,140.0,,,,4.0,汽車反光貼紙                                                      
1120222GF0000001,GARMIN2MV           ,1.0,1210.0,條   ,600.0,,,,5.0,GARMIN電源線                                                   
1120223GF0000001,V1                  ,1.0,2000.0,組   ,500.0,,,,1.0,線包                                                          
1120223GF0000001,52UDTY              ,1.0,1500.0,組   ,450.0,,,,2.0,重低音快拆組                                                      
1120223GF0000001,AV5F2               ,1.0,500.0,組   ,250.0,,,,3.0,AV轉換附啟動                                                     
1120223GF0000001,AFL283578           ,4.0,550.0,組   ,81.8,,,,4.0,軟條燈2835-78LED                                               
1120223GF0000001,RSENH78000K         ,2.0,650.0,各   ,150.0,,,,5.0,RSEN h7 8000K 燈泡                                            
1120223GF0000001,H75RY               ,2.0,100.0,各   ,30.0,,,,6.0,H7轉接座                                                       
1120223GF0000001,RSEN02F             ,4.0,1000.0,各   ,400.0,,,,8.0,RSEN安定器                                                     
1120223GF0000001,03AY23GVC5          ,1.0,3500.0,組   ,1050.0,,,,9.0,03-07馬自達 2.0水箱罩                                             
1120223GF0000001,03AY23XXQ           ,1.0,3500.0,組   ,900.0,,,,10.0,03-07馬自達2.0來令片                                              
1120223GF0000001,06AY235MW2          ,1.0,950.0,組   ,300.0,,,,11.0,06馬自達3專用踏墊                                                  
1120223GF0000001,LD72UVTRXF          ,1.0,4000.0,組   ,1500.0,,,,12.0,LD-7單眼行車記錄器                                                 
1120223GF0000001,2UY24.8A            ,1.0,850.0,組   ,310.0,,,,13.0,點煙座 2+2+1 4.8A KIKE                                         
1120223GF0000001,RSENGR16R           ,1.0,500.0,組   ,80.0,,,,14.0,RSEN雙尖室內燈16晶(31mm)                                          
1120222GF0000002,RSEND44300K         ,1.0,1500.0,各   ,500.0,,,,1.0,RSEN D4 4300K燈泡                                             
1120223GF0000001,RSENH118000K        ,2.0,750.0,各   ,150.0,,,,22.0,RSEN H11 8000K燈泡                                            
1120223GF0000002,WF48D26R2Q          ,2.0,2800.0,各   ,1900.0,,,,1.0,湯淺48R26R加水電瓶                                                
1120223GF0000001,PNSS17              ,1.0,650.0,組   ,280.0,,,,15.0,QC4.03.4A 2USB車充                                            
1120223GF0000001,ABTA069-1           ,1.0,1200.0,組   ,650.0,,,,16.0,智慧應感彈力出風口                                                   
1120223GF0000001,ZEROVRMG22G         ,1.0,1000.0,支   ,350.0,,,,17.0,ZERO矽膠雨刷22吋                                                 
1120223GF0000001,ZEROVRMG18          ,1.0,800.0,支   ,325.0,,,,18.0,ZERO矽膠雨刷18吋                                                 
1120223GF0000001,S52211ASRG1VN       ,2.0,0.0,各   ,55.0,,,,19.0,S52 211迷你插式保險絲座/新型                                          
1120223GF0000001,VWDVV1              ,1.0,0.0,組   ,80.0,,,,20.0,小太空香薰杯                                                      
1120223GF0000001,03AY23TA1E2         ,1.0,600.0,組   ,210.0,,,,21.0,03馬自達3長毛避光墊                                                 
1120223GF0000003,GARMIN55GD2C        ,1.0,7700.0,組   ,6500.0,,,,1.0,GARMIN 55聲控導航                                               
1120223GF0000001,NB1040              ,1.0,500.0,罐   ,200.0,,,,23.0,NB 10/40機油                                                  
1120223GF0000001,UX02XZVQU           ,1.0,150.0,罐   ,100.0,,,,24.0,亞力安動力方向盤油                                                   
1120223GF0000001,CARGTUV             ,1.0,200.0,罐   ,90.0,,,,25.0,CAR煞車油(小)                                                   
1120223GF0000001,MISSIONYQU          ,1.0,450.0,罐   ,95.8,,,,26.0,MISSIOM自排油                                                  
1120225GF0000001,BW2                 ,1.0,150.0,條   ,68.0,,,,1.0,軟條燈                                                         
1120228GF0000001,H00330              ,2.0,50.0,張   ,30.0,,,,1.0,火焰/籃紫                                                       
1120228GF0000001,ABROQGUR            ,1.0,350.0,罐   ,90.0,,,,2.0,ABRO噴射油精                                                    
1120228GF0000001,TAA096              ,1.0,150.0,條   ,65.0,,,,3.0,超細纖維打蠟/洗車兩用布                                                
1120301GF0000001,99RVFUW             ,1.0,3000.0,組   ,1400.0,,,,1.0,99進行曲布椅套                                                    
1120301GF0000001,AH59ZVQW            ,1.0,700.0,條   ,340.0,,,,2.0,AH-59方向盤套                                                   
1120301GF0000001,ECC9922TBCR         ,1.0,150.0,罐   ,65.0,,,,3.0,ECC-992防鏽潤滑劑                                                
1120303GF0000001,ZWHIACETX           ,1.0,3000.0,組   ,1650.0,,,,1.0,豐田HIACE窗簾                                                   
1120303GF0000002,PNSS24TY            ,1.0,400.0,組   ,130.0,,,,1.0,大功率雙孔插座+雙USB                                                
1120303GF0000002,H00847              ,1.0,60.0,張   ,30.0,,,,2.0,卡通/粉紅                                                       
1120304GF0000001,2TXWJX              ,1.0,700.0,組   ,380.0,,,,1.0,倒車雷達外露                                                      
1120304GF0000002,T105630MU           ,1.0,350.0,組   ,180.0,,,,1.0,T10 [車牌]插式12/24                                         
1120304GF0000002,G74435630           ,1.0,550.0,卡   ,240.0,,,,2.0,7443後煞車燈 魚眼10各5630                                          
1120304GF0000001,T20N                ,1.0,600.0,組   ,300.0,,,,2.0,觸控暗鎖                                                        
1120306GF0000001,2TXWSDXU            ,1.0,750.0,組   ,380.0,,,,1.0,倒車雷達內崁兩眼-禾麟                                                 
1120306GF0000002,SAXO1040            ,3.0,400.0,罐   ,120.0,,,,1.0,SAXO 10W/40機油                                               
1120306GF0000002,12FVRU5XR           ,1.0,550.0,罐   ,120.0,,,,2.0,八大全效機油精                                                     
1120306GF0000002,ZEROFV1UUR          ,1.0,400.0,罐   ,180.0,,,,3.0,ZERO全效保養汽車精[車牌]                                            
1120306GF0000002,ERC2XZVQU           ,1.0,150.0,罐   ,70.0,,,,4.0,ERC進口動力方向盤油                                                 
1120306GF0000002,TEANACV2E           ,2.0,950.0,支   ,550.0,,,,5.0,TEANA後廂頂桿                                                   
1120308GF0000001,2011WISHCE          ,1.0,3000.0,支   ,2200.0,,,,1.0,[車牌]H (前)平衡桿                                             
1120309GF0000001,K00173              ,1.0,100.0,張   ,50.0,,,,1.0,4*4/二入貼紙                                                    
1120309GF0000001,H00864              ,1.0,80.0,張   ,30.0,,,,2.0,5ZIGEN                                                      
1120309GF0000001,3M2CM               ,1.0,200.0,捲   ,90.0,,,,3.0,3M膠*2CM                                                     
1120309GF0000001,K00133              ,2.0,100.0,張   ,50.0,,,,4.0,火焰/貼紙                                                       
1120309GF0000001,H00861              ,2.0,80.0,張   ,30.0,,,,5.0,鶴/一對 立體 貼紙                                                  
1120309GF0000001,K00295              ,2.0,100.0,張   ,50.0,,,,8.0,火焰/立體黑紅白                                                    
1120309GF0000001,K00374              ,1.0,100.0,張   ,50.0,,,,7.0,彩繪貼紙/火貼紙                                                    
1120309GF0000001,K00371              ,1.0,100.0,張   ,50.0,,,,9.0,彩繪貼紙/樂譜                                                     
1120309GF0000001,J00384              ,2.0,100.0,張   ,40.0,,,,10.0,TANABE/(6*16CM)貼紙                                           
1120309GF0000001,EY                  ,1.0,660.0,次   ,0.0,,,,11.0,工資                                                          
1120311GF0000001,NB1040              ,4.0,500.0,罐   ,200.0,,,,1.0,NB 10/40機油                                                  
1120311GF0000001,ZWUV                ,1.0,100.0,各   ,50.0,,,,2.0,豐田油芯                                                        
1120311GF0000001,YARISDFV            ,1.0,450.0,各   ,150.0,,,,3.0,YARIS空氣芯                                                    
1120311GF0000001,UX0GVR              ,1.0,300.0,罐   ,80.0,,,,4.0,亞力安水箱精                                                      
1120311GF0000001,ZEROFV1UUR          ,1.0,400.0,罐   ,180.0,,,,5.0,ZERO全效保養汽車精[車牌]                                            
1120311GF0000001,12FVRU5XR           ,1.0,550.0,罐   ,120.0,,,,6.0,八大全效機油精                                                     
1120311GF0000001,ABROUFFVR           ,1.0,450.0,罐   ,95.0,,,,7.0,ABRO引擎清洗劑                                                   
1120311GF0000001,XE2MGG250CC         ,1.0,450.0,罐   ,28.0,,,,8.0,Xe2雨刷水 [車牌]                                                
1120311GF0000001,ZEROVRMG24          ,1.0,1000.0,支   ,415.0,,,,9.0,ZERO矽膠雨刷24吋                                                 
1120311GF0000001,ZEROVRMG18          ,1.0,800.0,支   ,325.0,,,,10.0,ZERO矽膠雨刷18吋                                                 
1120313GF0000001,RSEN90058000K       ,2.0,750.0,各   ,150.0,,,,1.0,R[車牌] 8000K燈泡                                           
1120313GF0000001,RSEN02FCANBUS       ,2.0,1000.0,各   ,700.0,,,,2.0,RSEN(CANBUS)安定器35W                                          
1120313GF0000001,AFL283578           ,1.0,500.0,組   ,81.8,,,,3.0,軟條燈2835-78LED                                               
1120313GF0000001,DAYL60XU2           ,1.0,1500.0,組   ,520.0,,,,4.0,DAYL-60超薄雙色LED白/黃                                           
1120313GF0000001,H422VY              ,1.0,1000.0,組   ,200.0,,,,5.0,H4大燈線組                                                      
1120313GF0000002,ABTA116WVJFYQD      ,1.0,550.0,組   ,250.0,,,,1.0,ABT-A116碳纖維卡夢七字牌框(2入)                                       
1120313GF0000002,RSENT105630         ,2.0,400.0,卡   ,120.0,,,,2.0,RSEN T10 5630 10燈                                           
1120313GF0000002,RF-LN01Q3XN         ,1.0,300.0,組   ,150.0,,,,3.0,RF-LN05牌照螺絲                                                 
1120315GF0000001,ID6.5KZUX1          ,1.0,5500.0,組   ,1800.0,,,,1.0,ID 6.5K分音喇叭                                                 
1120315GF0000001,ID6HZUX1            ,1.0,5500.0,組   ,1600.0,,,,2.0,ID 6K分音喇叭                                                   
1120315GF0000002,PNSHUDL1            ,1.0,1200.0,組   ,680.0,,,,1.0,抬頭顯示器 ODB11 水溫表                                             
1120315GF0000002,13ALTISTA1E2        ,1.0,500.0,組   ,220.0,,,,2.0,13ALTIS長毛避光墊                                                
1120315GF0000003,RSENS25692V5R1      ,1.0,900.0,組   ,450.0,,,,1.0,RSEN S25 69燈防快閃單芯正角白                                        
1120315GF0000003,RSENS2569ZGG2V5RCQ  ,1.0,900.0,組   ,450.0,,,,2.0,RSEN S25 69燈防快閃單芯正角琥珀                                       
1120315GF0000001,ID300K5252U         ,1.0,7000.0,組   ,4500.0,,,,3.0,ID-300K主動重低音                                                
1120317GF0000001,A10BV2              ,2.0,800.0,各   ,450.0,,,,1.0,A-10日型燈                                                     
1120316GF0000001,SD2505TMU1GD        ,2.0,250.0,組   ,50.0,,,,1.0,SD-2505車用椅背雙勾                                               
1120316GF0000001,A094                ,1.0,500.0,條   ,100.0,,,,2.0,A094方向盤套                                                    
1120316GF0000001,XXTA1E2             ,1.0,600.0,組   ,300.0,,,,3.0,菱利長毛避光墊                                                     
1120318GF0000001,P1010HVTRXF         ,1.0,8500.0,組   ,3300.0,,,,1.0,王牌 P-10 10吋觸控雙眼行車紀錄器                                        
1120320GF0000001,OBT2FHWWVGF         ,1.0,3000.0,組   ,1000.0,,,,1.0,OBT抬頭顯示器(七彩)                                                
1120320GF0000002,ABTE075             ,1.0,1200.0,組   ,650.0,,,,1.0,百變手持吸塵器                                                     
1120320GF0000001,VBDVATX200G         ,1.0,200.0,組   ,38.0,,,,3.0,向日葵細目粗蠟 200G                                                
1120322GF0000001,04AY23GRRRL         ,1.0,3500.0,組   ,1150.0,,,,1.0,04-09馬自達3電動升降機(RL)                                          
1120322GF0000001,WUSWU5TF            ,1.0,3500.0,組   ,900.0,,,,2.0,太陽能胎壓偵測器                                                    
1120320GF0000001,TYPERH11CR2Q        ,1.0,1000.0,組   ,200.0,,,,4.0,TYPE-R H11黃金燈泡                                              
1120322GF0000001,OBT2FHWWVGF         ,1.0,3500.0,組   ,1000.0,,,,3.0,OBT抬頭顯示器(七彩)                                                
1120323GF0000001,VCQ84+64            ,1.0,15500.0,組   ,10000.0,,,,1.0,小悍馬 8核4+64主機                                                
1120323GF0000001,055MVTRXF           ,1.0,7500.0,組   ,3000.0,,,,2.0,安卓專用雙眼行車紀錄器                                                 
1120323GF0000002,XFRV                ,1.0,1000.0,組   ,0.0,,,,2.0,冷氣檢修測漏                                                      
1120323GF0000002,XF2Q                ,1.0,1000.0,各   ,0.0,,,,3.0,冷氣墊片                                                        
1120323GF0000002,XA                  ,1.0,2000.0,次   ,1200.0,,,,4.0,冷媒                                                          
1120327GF0000001,CARDIU69525R        ,1.0,8000.0,組   ,4000.0,,,,1.0,CAR[車牌]DVD主機                                            
1120327GF0000001,ZINGERTA1E2         ,1.0,500.0,組   ,350.0,,,,2.0,ZINGER長毛避光墊                                                 
1120328GF0000001,MIOC316VTRXF        ,1.0,4000.0,組   ,1796.0,,,,1.0,MIO C316行車紀錄器                                               
1120328GF0000001,EY                  ,1.0,500.0,次   ,0.0,,,,2.0,工資                                                          
1120328GF0000002,H3OSRAM5RCR2Q       ,1.0,1500.0,組   ,700.0,,,,1.0,H3 OSRAM 終極黃金燈泡                                             
1120328GF0000002,G185630             ,1.0,650.0,卡   ,230.0,,,,2.0,G18-魚眼5630-10顆 白光 2入                                        
1120328GF0000002,T20Y                ,1.0,250.0,各   ,20.0,,,,3.0,T20燈座                                                       
1120328GF0000002,CARGTUV             ,1.0,200.0,罐   ,90.0,,,,4.0,CAR煞車油(小)                                                   
1120329GF0000001,32G                 ,2.0,500.0,各   ,180.0,,,,1.0,32G卡片                                                       
1120329GF0000001,307DTV              ,1.0,400.0,組   ,180.0,,,,2.0,307快充線                                                      
1120329GF0000001,ABTE040             ,1.0,1200.0,組   ,580.0,,,,3.0,ABT-E040Q3.0黑(3孔4USB)                                       
1120329GF0000001,RSEN57ZVQW          ,1.0,600.0,組   ,250.0,,,,4.0,RSEN 57方向盤套                                                 
1120329GF0000001,EY                  ,1.0,250.0,次   ,0.0,,,,5.0,工資                                                          
1120329GF0000001,LD9CRW              ,1.0,2000.0,組   ,800.0,,,,6.0,LD-9後鏡頭                                                     
1120329GF0000001,J00350CMG           ,1.0,400.0,支   ,130.0,,,,7.0,J00350後雨刷                                                   
1120329GF0000001,NO167VG             ,1.0,150.0,各   ,55.0,,,,8.0,NO167單晶冷氣香水                                                 
1120330GF0000002,TAA053              ,1.0,300.0,各   ,142.0,,,,1.0,安全帶便捷插銷-鋅合金                                                 
1120331GF0000001,RSEND26000K         ,1.0,1500.0,各   ,250.0,,,,1.0,RSEN D2 6000K燈泡                                             
1120331GF0000001,EY                  ,1.0,300.0,次   ,0.0,,,,2.0,工資                                                          
1120331GF0000001,VBD1WFRR            ,1.0,200.0,罐   ,38.0,,,,3.0,向日葵白鐵亮光清潔劑                                                  
1120331GF0000001,V29GRR              ,1.0,300.0,組   ,150.0,,,,4.0,V29手機架                                                      
1120331GF0000002,CARDIOCA700.1A      ,1.0,11500.0,組   ,7000.0,,,,1.0,CADIO 7吋 2+32安卓主機                                           
1120331GF0000002,WISH-2              ,1.0,500.0,組   ,100.0,,,,2.0,WISH耳朵                                                      
1121102GF0000001,MIOC580VTRXF        ,1.0,4000.0,組   ,2818.0,,,,1.0,MIO C580行車紀錄器                                               
1120331GF0000002,PNSSUN11            ,1.0,400.0,組   ,95.0,,,,3.0,前車窗遮陽防蚊罩-L轎車用(後視鏡開)                                         
1120331GF0000003,W210C2DRH           ,1.0,2800.0,組   ,1200.0,,,,1.0,賓士W210 後燈殼(RH)                                              
1120331GF0000003,5A-9666DF           ,1.0,22400.0,次   ,11000.0,,,,2.0,前保桿 後廂蓋 又頁子版(後)後保桿 板金                                       
1120331GF0000004,LD4VTRXF            ,1.0,3000.0,組   ,1300.0,,,,1.0,LD-4行車紀錄器                                                   
1120331GF0000004,929TX               ,1.0,100.0,罐   ,58.0,,,,2.0,929粗蠟                                                       
1120401GF0000001,VBD1UFRR            ,1.0,250.0,罐   ,60.0,,,,1.0,向日葵柏油清潔劑                                                    
1120401GF0000001,DAW510*50           ,2.0,100.0,張   ,20.0,,,,2.0,卡夢貼紙10*50cm                                                 
1120401GF0000001,EY                  ,1.0,1000.0,次   ,0.0,,[已隱蔽],,3.0,工資                                                          
1120401GF0000001,C28024R2Q           ,1.0,3600.0,各   ,2800.0,,,,4.0,華達 VARTA 80B24R N55電瓶                                       
1120401GF0000001,GN777R5QD           ,1.0,450.0,組   ,220.0,,,,5.0,GN-777精緻牌框                                                  
1120401GF0000001,3DXWQD              ,1.0,650.0,各   ,350.0,,,,6.0,3D立體牌框                                                      
1120401GF0000001,POSENSD2246*20      ,2.0,180.0,捲   ,55.0,,,,7.0,POSEN 黏扣帶[車牌]*20cm                                         
1120401GF0000001,PNSDBC0251R         ,1.0,550.0,組   ,240.0,,,,8.0,一分二旋轉置杯架                                                    
1120401GF0000001,RG212V2Q            ,1.0,800.0,組   ,480.0,,,,9.0,12V大龜燈泡式警示燈                                                 
1120401GF0000001,VVXN                ,1.0,200.0,組   ,100.0,,,,10.0,星形螺絲                                                        
1120403GF0000001,LD9SGUVTRXF         ,1.0,9000.0,組   ,3980.0,,,,1.0,LD-9S雙眼行車紀錄器+GPS                                            
1120403GF0000002,NB1040              ,5.0,500.0,罐   ,200.0,,,,1.0,NB 10/40機油                                                  
1120403GF0000002,V2IX35CXXQ          ,1.0,2500.0,組   ,800.0,,,,2.0,2010現代 IX35 後來令片                                            
1120403GF0000002,V2IX35DFV           ,1.0,450.0,各   ,250.0,,,,3.0,2010 現代 IX35空氣芯                                             
1120403GF0000002,V2IX35FXXQ          ,1.0,2500.0,組   ,900.0,,,,4.0,2010現代 IX35前來令片                                             
1120403GF0000002,V2IX35XFXJ          ,1.0,550.0,各   ,250.0,,,,5.0,2010 現代IX35 冷氣濾網                                            
1120403GF0000002,12FVRU5XR           ,1.0,550.0,罐   ,120.0,,,,6.0,八大全效機油精                                                     
1120403GF0000002,ZEROFV1UUR          ,1.0,400.0,罐   ,180.0,,,,7.0,ZERO全效保養汽車精[車牌]                                            
1120403GF0000002,16322T              ,3.0,150.0,各   ,25.0,,,,8.0,1632電池                                                      
1120403GF0000002,CARMATGTU2          ,1.0,1000.0,罐   ,120.0,,,,9.0,CARMAT煞車油(大)                                                
1120403GF0000002,MISSIONCVT          ,5.0,600.0,罐   ,230.0,,,,10.0,MISSION CVT-F自排油X+++                                        
1120403GF0000002,RSEN1GR             ,1.0,300.0,組   ,75.0,,,,11.0,RSEN撥水劑                                                     
1120403GF0000002,XGRUV               ,1.0,100.0,各   ,60.0,,,,12.0,菱帥機油芯                                                       
1120403GF0000001,EVEW2               ,1.0,600.0,組   ,260.0,,,,2.0,EVE踏墊                                                       
1120404GF0000001,RSENH33000K2Q       ,2.0,750.0,各   ,200.0,,[已隱蔽],,1.0,RSEN H3 3000K燈泡                                             
1120408GF0000001,EY                  ,1.0,200.0,次   ,0.0,,,,3.0,工資                                                          
1120408GF0000002,W2XEUA              ,2.0,450.0,各   ,250.0,,,,1.0,特多龍汽車隔音棉                                                    
1120412GF0000001,PNSJW220R2UG        ,2.0,150.0,各   ,70.0,,,,1.0,PNS-JW220靜電鑰匙                                               
1120412GF0000002,PNST1070202Q        ,1.0,500.0,組   ,120.0,,,,1.0,T10-[車牌]燈泡                                              
1120412GF0000002,RSENT104014242      ,1.0,500.0,組   ,160.0,,,,2.0,RSEN T10 4014 24燈                                           
1120412GF0000002,TURBOH7LED          ,1.0,3000.0,組   ,1200.0,,,,3.0,TURBO LED H7大燈                                              
1120412GF0000002,IN39LED             ,1.0,500.0,組   ,210.0,,,,4.0,39MM 6科[車牌]室內燈                                           
1120413GF0000001,RG2DL120            ,4.0,650.0,各   ,350.0,,,,1.0,DL-120警示燈 12V                                               
1120413GF0000001,G185630             ,2.0,800.0,卡   ,230.0,,,,2.0,G18-魚眼5630-10顆 白光 2入                                        
1120413GF0000002,2010ALTISHXFV       ,1.0,2000.0,次   ,2199.0,,,,1.0,[車牌]IS測漏+清洗                                              
1120404GF0000001,RSEN02F             ,2.0,1000.0,各   ,400.0,,,,2.0,RSEN安定器                                                     
1120406GF0000001,RSENH13000K2Q       ,2.0,750.0,各   ,200.0,,,,1.0,RSEN H1 3000K燈泡                                             
1120406GF0000001,RSEN02F             ,2.0,1000.0,各   ,400.0,,,,2.0,RSEN安定器                                                     
1120406GF0000001,FAGEUW              ,1.0,350.0,組   ,180.0,,,,3.0,氣密式隔音條1.0cm                                                 
1120406GF0000001,ERC2XZVQU           ,1.0,150.0,罐   ,70.0,,,,4.0,ERC進口動力方向盤油                                                 
1120406GF0000002,OBT2FHWWVGF         ,1.0,2000.0,組   ,1000.0,,,,1.0,OBT抬頭顯示器(七彩)                                                
1120403GF0000002,H422                ,1.0,200.0,各   ,35.0,,,,13.0,H4大燈燈泡 55W                                                  
1120404GF0000002,XA                  ,1.0,800.0,次   ,150.0,,,,1.0,冷媒                                                          
1120408GF0000001,2V2Q                ,1.0,100.0,各   ,4.5,,,,1.0,單芯燈泡                                                        
1120408GF0000001,2VY                 ,1.0,100.0,個   ,15.0,,,,2.0,單芯座                                                         
1120413GF0000002,2010ALTISJ2E5F      ,1.0,4800.0,組   ,2800.0,,,,2.0,[車牌]IS溫度感知器                                              
1120413GF0000002,2010ALTISXA         ,1.0,800.0,各   ,600.0,,,,3.0,[車牌]IS添加冷媒                                               
1120413GF0000002,EY                  ,1.0,2000.0,次   ,0.0,,,,4.0,工資                                                          
1120411GF0000001,2010WISH1C4+64      ,1.0,15500.0,組   ,9500.0,,,,1.0,[車牌]H 八核4+64安卓主機                                        
1120411GF0000001,055MVTRXF           ,1.0,6500.0,組   ,3000.0,,,,2.0,安卓專用雙眼行車紀錄器                                                 
1120411GF0000001,2010WISHCGRRZ2      ,1.0,3000.0,組   ,1500.0,,,,3.0,[車牌]H後視鏡(RH)電折附燈 副廠                                     
1120411GF0000001,YH3702XENVY         ,1.0,3000.0,組   ,1925.0,,,,4.0,YH-370全功能電力公司線頭                                             
1120415GF0000001,2015RAV48C4+64055R  ,1.0,15000.0,組   ,9500.0,,,,1.0,[車牌]4 8核4+64安卓主機                                        
1120418GF0000001,BHD-5719XFUNR       ,1.0,22000.0,組   ,18000.0,,,,1.0,[車牌]壓縮機總成                                               
1120418GF0000001,XA                  ,1.0,800.0,次   ,150.0,,,,2.0,冷媒                                                          
1120418GF0000001,XFRV                ,1.0,2000.0,組   ,0.0,,,,3.0,冷氣檢修測漏                                                      
1120418GF0000001,XFFV                ,1.0,2000.0,次   ,0.0,,,,4.0,冷氣清洗                                                        
1120422GF0000001,2TVUJE              ,1.0,2500.0,組   ,450.0,,,,1.0,倒車顯影(蝴蝶外掛)寶馬頭                                               
1120422GF0000001,Z2FX1               ,1.0,1200.0,組   ,120.0,,,,2.0,防盜器喇叭                                                       
1120426GF0000001,MP3XURGF            ,3.0,1300.0,組   ,780.0,,,,1.0,FIREFLY LDAC 藍芽5.0音樂接收器                                     
1120427GF0000001,EY                  ,1.0,300.0,次   ,0.0,,,,1.0,工資                                                          
1120427GF0000001,ERQ602Q             ,1.0,2300.0,各   ,1750.0,,,,2.0,國際牌60電瓶                                                     
1120427GF0000002,RSEND44300K         ,1.0,1500.0,各   ,500.0,,,,1.0,RSEN D4 4300K燈泡                                             
1120427GF0000002,TYPERH16CR2Q        ,1.0,1200.0,組   ,350.0,,,,2.0,TYPE-R H16黃金燈泡                                              
1120427GF0000002,NOID0118SND         ,1.0,300.0,組   ,150.0,,,,3.0,NOID-01 18 SMD室內燈                                           
1120427GF0000002,10WISH5MW2          ,1.0,1000.0,組   ,550.0,,,,4.0,10WISH專用踏墊                                                  
1120502GF0000001,RSEND43000K2Q       ,2.0,1500.0,各   ,500.0,,,,1.0,RSEN D4 3000K燈泡                                             
1120502GF0000002,TYPERH7CR2Q         ,1.0,800.0,組   ,200.0,,,,1.0,TYPE-R H7黃金燈泡                                               
1120429GF0000001,NB1040              ,4.0,500.0,罐   ,200.0,,,,1.0,NB 10/40機油                                                  
1120429GF0000001,MISSIONCVT          ,4.0,600.0,罐   ,230.0,,,,3.0,MISSION CVT-F自排油X+++                                        
1120429GF0000001,SAXOQUYFRR          ,1.0,400.0,罐   ,80.0,,,,4.0,SAXO噴油嘴清潔劑                                                  
1120429GF0000001,ABROUF1EUR          ,1.0,550.0,罐   ,140.0,,,,5.0,ABRO 引擎補缸油精                                                 
1120429GF0000001,ABROUFFVR           ,1.0,400.0,罐   ,95.0,,,,6.0,ABRO引擎清洗劑                                                   
1120429GF0000001,SENFINECOFURFFVR    ,1.0,1800.0,罐   ,400.0,,,,7.0,西德SENFINECO汽油進氣系統清洗劑9921                                    
1120503GF0000001,LD7GVVTRXF          ,0.0,0.0,組   ,2000.0,,,,1.0,LD-7雙眼行車記錄器                                                 
1120429GF0000001,82VADFV2.0          ,1.0,400.0,各   ,200.0,,,,9.0,8代喜美2.0空氣芯                                                  
1120429GF0000001,82VAUV              ,1.0,200.0,各   ,80.0,,,,10.0,8代喜美油芯                                                      
1120429GF0000001,82VAXFXJ            ,1.0,600.0,組   ,200.0,,,,11.0,8代喜美冷氣濾網                                                    
1120503GF0000002,MIOR460GUVTRXF      ,1.0,4500.0,組   ,2305.0,,,,1.0,MIO R46D雙眼行車紀錄器                                             
1120504GF0000001,NB1040              ,4.0,500.0,罐   ,200.0,,,,1.0,NB 10/40機油                                                  
1120504GF0000001,AYW3DFV             ,1.0,450.0,各   ,200.0,,,,2.0,馬自達3空氣芯                                                     
1120504GF0000001,FCOUSUV             ,1.0,250.0,各   ,100.0,,,,3.0,FCOUS油芯                                                     
1120504GF0000001,MISSIONCVT          ,4.0,600.0,罐   ,230.0,,,,4.0,MISSION CVT-F自排油X+++                                        
1120504GF0000001,03AY2322R           ,1.0,4500.0,各   ,2300.0,,,,5.0,03馬自達3 大燈(R)                                                
1120504GF0000001,03QY2322            ,1.0,4500.0,各   ,2300.0,,,,6.0,03馬自達3 大燈(L)                                                
1120504GF0000001,EY                  ,1.0,500.0,次   ,0.0,,,,7.0,工資                                                          
1120504GF0000001,T105630MU           ,1.0,500.0,組   ,180.0,,,,8.0,T10 [車牌]插式12/24                                         
1120504GF0000001,12FVRU5XR           ,1.0,550.0,罐   ,120.0,,,,9.0,八大全效機油精                                                     
1120504GF0000001,SAXOQUYFRR          ,1.0,400.0,罐   ,80.0,,,,10.0,SAXO噴油嘴清潔劑                                                  
1120504GF0000001,LEO813              ,1.0,200.0,組   ,70.0,,,,11.0,牌照螺絲                                                        
1120504GF0000002,ID6HW5              ,1.0,3000.0,組   ,700.0,,,,1.0,ID-6吋同軸喇叭                                                   
1120504GF0000002,V37GRR              ,1.0,400.0,組   ,100.0,,,,2.0,V37儀表板手機架                                                   
1120504GF0000002,R5VG                ,1.0,200.0,組   ,55.0,,,,3.0,精緻香水                                                        
1120506GF0000001,FTA11CW             ,8.0,250.0,組   ,115.0,,,,1.0,汽車門把保護貼                                                     
1120506GF0000001,FTCGRZEQ            ,4.0,350.0,組   ,115.0,,,,2.0,汽車後視鏡反光貼片                                                   
1120530GF0000002,SAXOQUYFRR          ,1.0,400.0,罐   ,80.0,,,,6.0,SAXO噴油嘴清潔劑                                                  
1120530GF0000002,XFXJALTIS           ,1.0,450.0,各   ,120.0,,,,7.0,冷氣濾01-07ALTIS                                               
1120530GF0000002,XA                  ,1.0,800.0,次   ,150.0,,,,8.0,冷媒                                                          
1120530GF0000002,T10552              ,2.0,50.0,各   ,2.0,,,,9.0,T10中炸彈                                                      
1120530GF0000003,PNSSC020            ,1.0,1850.0,組   ,780.0,,,,1.0,真涼汽車風扇冰絲座墊-黑(按摩款)                                           
1120531GF0000001,92BG1E2L            ,1.0,800.0,組   ,300.0,,,,1.0,92瑞獅(L)保桿燈                                                  
1120531GF0000001,92BG1E2R            ,1.0,800.0,組   ,300.0,,,,2.0,92瑞獅(R)保桿燈                                                  
1120531GF0000001,92BGR2              ,1.0,750.0,組   ,300.0,,,,3.0,92瑞獅(右)角燈                                                   
1120531GF0000001,92BGR22             ,1.0,3000.0,組   ,750.0,,,,4.0,92瑞獅(右)大燈                                                   
1120531GF0000001,92BGEJR             ,2.0,850.0,各   ,400.0,,,,5.0,92瑞獅彎角                                                      
1120628GF0000002,02EAXDFXXR          ,1.0,2300.0,各   ,1500.0,,[已隱蔽],,2.0,02冠美麗空氣流量器                                                  
1120628GF0000003,GVE1.12             ,1.0,500.0,各   ,100.0,,,,1.0,水箱蓋1.1(大頭)                                                  
1120628GF0000003,ABRORU5XR           ,1.0,500.0,罐   ,150.0,,,,2.0,ABRO機油止漏劑                                                   
1120628GF0000001,S28WGDE             ,2.0,250.0,組   ,40.0,,,,1.0,S-28貼式二段開關                                                  
1120628GF0000004,MIOC316VTRXF        ,1.0,4000.0,組   ,1796.0,,,,1.0,MIO C316行車紀錄器                                               
1120628GF0000004,EY                  ,1.0,500.0,次   ,0.0,,,,2.0,工資                                                          
1120704GF0000001,SAXO1040            ,4.0,500.0,罐   ,120.0,,,,1.0,SAXO 10W/40機油                                               
1120704GF0000001,ZWUV                ,1.0,100.0,各   ,50.0,,,,2.0,豐田油芯                                                        
1120704GF0000001,02EAXDFV            ,1.0,450.0,各   ,120.0,,,,3.0,02冠美麗空氣芯                                                    
1120704GF0000001,MISSIONCVT          ,4.0,600.0,罐   ,230.0,,,,4.0,MISSION CVT-F自排油X+++                                        
1120506GF0000001,FTXDZEW5            ,4.0,350.0,各   ,170.0,,,,3.0,汽車輪弧反光貼紙                                                    
1120506GF0000001,FTZQWZEQ            ,13.0,350.0,組   ,170.0,,,,4.0,汽車防碰反光片                                                     
1120506GF0000001,H00861              ,2.0,80.0,張   ,30.0,,,,5.0,鶴/一對 立體 貼紙                                                  
1120506GF0000001,                    ,0.0,,,,,,,7.0,
1120509GF0000001,LD72UVTRXF          ,1.0,3500.0,組   ,1500.0,,,,1.0,LD-7單眼行車記錄器                                                 
1120509GF0000001,08RAV4TA1E2         ,1.0,600.0,組   ,210.0,,,,2.0,08RAV4長毛避光墊                                                 
1120509GF0000002,X2VTRXF             ,1.0,3000.0,組   ,1200.0,,,,1.0,追蹤者X2行車紀錄器                                                  
1120509GF0000002,3D1F1               ,1.0,200.0,支   ,90.0,,,,2.0,3D補漆筆                                                       
1120509GF0000003,RSEND24300K         ,1.0,1500.0,各   ,250.0,,,,1.0,RSEN D2 4300K燈泡                                             
1120509GF0000003,T10552              ,2.0,50.0,各   ,2.0,,,,2.0,T10中炸彈                                                      
1120509GF0000004,NB1040              ,4.0,500.0,罐   ,200.0,,,,1.0,NB 10/40機油                                                  
1120509GF0000004,2782-VZ             ,1.0,1900.0,組   ,850.0,,,,2.0,VIOS後來令片                                                    
1120509GF0000004,XW2J                ,1.0,600.0,次   ,400.0,,,,4.0,輪胎定位                                                        
1120509GF0000004,2782VZXW            ,2.0,2750.0,各   ,2300.0,,,,5.0,[車牌]輪胎                                                   
1120510GF0000001,03AY2LF1GDF         ,1.0,800.0,次   ,200.0,,,,1.0,03馬自達3(L)前外把手烤漆                                             
1120510GF0000001,03AY2LFJ1G          ,1.0,2500.0,組   ,500.0,,,,2.0,03馬自達外把手(L前)                                                
1120510GF0000001,EY                  ,1.0,1000.0,次   ,0.0,,,,3.0,工資                                                          
1120510GF0000001,03AY2MG1            ,2.0,2200.0,組   ,750.0,,,,4.0,03馬自達雨刷臂(L/R)                                               
1120510GF0000001,PNSSC020            ,1.0,1850.0,組   ,780.0,,,,5.0,真涼汽車風扇冰絲座墊-黑(按摩款)                                           
1120510GF0000001,NO95RCVG            ,1.0,300.0,各   ,145.0,,,,6.0,NO-95金幻香水                                                   
1120510GF0000002,PNSSC020            ,2.0,1850.0,組   ,780.0,,,,1.0,真涼汽車風扇冰絲座墊-黑(按摩款)                                           
1120510GF0000003,ZEROVRMG26          ,1.0,1100.0,支   ,415.0,,,,1.0,ZERO 26吋矽膠雨刷                                                
1120510GF0000003,ZEROVRMG16          ,1.0,900.0,支   ,325.0,,,,2.0,ZERO矽膠雨刷16吋                                                 
1120510GF0000003,HY886UTW            ,1.0,400.0,組   ,145.0,,,,3.0,HY-88-6豪華鑰匙套加大版                                             
1120510GF0000003,ZJTUA               ,1.0,300.0,罐   ,85.0,,,,4.0,防霧除油膜                                                       
1120511GF0000001,04TOUCSNQFMT        ,1.0,1200.0,組   ,600.0,,,,1.0,[車牌]CS 2.0(四片)晴雨窗                                       
1120511GF0000002,CLA25022545R17XW    ,4.0,5500.0,各   ,4350.0,,,,1.0,CLA250 225/45R/17 馬牌輪胎                                      
1120511GF0000002,SAXOC35W30FHU       ,6.0,750.0,罐   ,220.0,,,,2.0,SAXO C3 5W30柴油共用遊                                           
1120511GF0000002,CLA2500UV           ,1.0,750.0,各   ,300.0,,,,3.0,CLA-250專用油芯                                                 
1120511GF0000002,1GCLAW117DFV        ,1.0,900.0,各   ,350.0,,,,4.0,賓士CLAW117空氣芯                                                
1120511GF0000002,ZEROAMN+RFC         ,1.0,850.0,罐   ,320.0,,,,5.0,ZERO鉬元素+噴油嘴除扣劑                                              
1120511GF0000002,EY                  ,1.0,1000.0,次   ,0.0,,,,6.0,工資                                                          
1120511GF0000002,5SR                 ,1.0,500.0,各   ,80.0,,,,7.0,助黏劑                                                         
1120511GF0000002,LEDXG2W1.5M         ,1.0,2500.0,組   ,240.0,,,,8.0,LED流水燈條1.5MM                                                
1120512GF0000001,AH59ZVQW            ,1.0,650.0,條   ,340.0,,,,1.0,AH-59方向盤套                                                   
1120512GF0000001,EVEW2               ,1.0,500.0,組   ,260.0,,,,2.0,EVE踏墊                                                       
1120512GF0000002,RSENH78000K         ,2.0,1000.0,各   ,150.0,,,,1.0,RSEN h7 8000K 燈泡                                            
1120512GF0000003,PNS2156             ,1.0,300.0,組   ,60.0,,,,1.0,碳纖維後視鏡遮雨片                                                   
1120512GF0000003,G185630             ,1.0,650.0,卡   ,230.0,,,,2.0,G18-魚眼5630-10顆 白光 2入                                        
1120512GF0000004,RSEND24300K         ,1.0,1500.0,各   ,250.0,,,,1.0,RSEN D2 4300K燈泡                                             
1120513GF0000001,P1010HVTRXF         ,1.0,7000.0,組   ,3300.0,,,,1.0,王牌 P-10 10吋觸控雙眼行車紀錄器                                        
1120515GF0000001,V81GUVTRXFC         ,1.0,1000.0,組   ,200.0,,,,1.0,V81雙眼行車記錄器(後)                                               
1120518GF0000001,2TXWVTAVU           ,1.0,2500.0,組   ,450.0,,,,1.0,倒車顯影(帶燈小草帽)寶馬頭                                              
1120518GF0000002,2TXWSDXU            ,1.0,750.0,組   ,380.0,,,,1.0,倒車雷達內崁兩眼-禾麟                                                 
1120519GF0000001,SAXO1040            ,4.0,350.0,罐   ,120.0,,,,1.0,SAXO 10W/40機油                                               
1120519GF0000001,ZWUV                ,1.0,100.0,各   ,50.0,,,,2.0,豐田油芯                                                        
1120519GF0000001,ALTISDFV            ,1.0,400.0,各   ,100.0,,,,3.0,01 ALTIS空氣芯                                                 
1120519GF0000001,MISSIONCVT          ,4.0,600.0,罐   ,230.0,,,,4.0,MISSION CVT-F自排油X+++                                        
1120519GF0000001,XFXJALTIS           ,1.0,450.0,各   ,120.0,,,,5.0,冷氣濾01-07ALTIS                                               
1120519GF0000001,SAXOQUYFRR          ,1.0,400.0,罐   ,80.0,,,,6.0,SAXO噴油嘴清潔劑                                                  
1120519GF0000001,12FVRU5XR           ,1.0,550.0,罐   ,120.0,,,,7.0,八大全效機油精                                                     
1120519GF0000001,XW1E                ,1.0,300.0,次   ,100.0,,,,8.0,輪胎補胎                                                        
1120519GF0000002,ZV5Q3VTRXF          ,1.0,4800.0,組   ,2500.0,,,,1.0,發現者Q3行車紀錄器                                                  
1120520GF0000001,OBT2FHWWVGF         ,1.0,2000.0,組   ,1000.0,,,,1.0,OBT抬頭顯示器(七彩)                                                
1120520GF0000002,LEDNN22H116000K     ,1.0,4000.0,組   ,1500.0,,,,1.0,RS LED 三色變換大燈CANBUS H11 6000K                               
1120520GF0000003,10HJV5R             ,1.0,15000.0,組   ,10000.0,,,,1.0,10吋萬象主機                                                     
1120520GF0000003,EVEW2               ,1.0,500.0,組   ,280.0,,,,2.0,EVE踏墊                                                       
1120520GF0000003,VA62FMTF            ,1.0,600.0,組   ,300.0,,,,3.0,喜美六代(前)晴雨窗                                                  
1120520GF0000003,ID6HW5              ,1.0,2000.0,組   ,700.0,,,,4.0,ID-6吋同軸喇叭                                                   
1120522GF0000001,PNSHXT205F          ,1.0,550.0,組   ,350.0,,,,1.0,雙風扇-椅背枕頭用 DC12V                                             
1120523GF0000001,NOID36GS2           ,1.0,500.0,組   ,280.0,,,,1.0,NOID 36MM室內燈                                                
1120523GF0000001,EY                  ,1.0,100.0,次   ,0.0,,,,2.0,工資                                                          
1120523GF0000001,5MZVQW              ,1.0,500.0,組   ,50.0,,,,3.0,卓越方向盤套                                                      
1120523GF0000002,TURBOH4LED          ,1.0,3000.0,組   ,1200.0,,,,1.0,TURBO H4 LED大燈                                              
1120525GF0000001,LY328GSR            ,1.0,250.0,各   ,45.0,,,,1.0,LY-328 室內鏡                                                  
1120525GF0000002,VBDVRW1CR           ,1.0,120.0,罐   ,38.0,,,,1.0,向日葵橡膠條還原劑                                                   
1120526GF0000001,2782VZQ2YT          ,1.0,2000.0,組   ,700.0,,,,1.0,[車牌]皮帶總成                                                 
1120526GF0000001,2782-VZUF15F        ,1.0,5500.0,組   ,3950.0,,,,2.0,[車牌](右前)避震器                                              
1120526GF0000001,2782-VZYF15F        ,1.0,5500.0,組   ,3950.0,,,,3.0,[車牌](左前)避震器                                              
1120526GF0000001,2782VZXYTLF         ,1.0,1200.0,組   ,600.0,,,,4.0,[車牌] (右前)李仔串                                             
1120526GF0000001,2782-VZYFXYT        ,1.0,1200.0,組   ,600.0,,,,5.0,[車牌](左前)李子串                                              
1120526GF0000001,XW2J                ,1.0,600.0,次   ,400.0,,,,6.0,輪胎定位                                                        
1120526GF0000002,X2VTRXF             ,1.0,2200.0,組   ,1200.0,,,,1.0,追蹤者X2行車紀錄器                                                  
1120526GF0000003,SAXO1040            ,5.0,450.0,罐   ,120.0,,,,1.0,SAXO 10W/40機油                                               
1120526GF0000003,UX0GVR              ,1.0,200.0,罐   ,80.0,,,,2.0,亞力安水箱精                                                      
1120527GF0000001,2GE                 ,1.0,1500.0,組   ,400.0,,,,1.0,大聲公(918)                                                    
1120529GF0000001,YH370FES2XEN        ,1.0,3000.0,組   ,1925.0,,,,1.0,YH-370全功能電力公司                                               
1120529GF0000002,PNSHXT205F          ,1.0,750.0,組   ,350.0,,,,1.0,雙風扇-椅背枕頭用 DC12V                                             
1120529GF0000002,NO16375TGGD         ,1.0,350.0,組   ,150.0,,,,2.0,NO-1637(直插式)雙孔+USB 12V/12V插座                                
1120529GF0000002,ID5*7X1             ,1.0,4000.0,組   ,900.0,,,,3.0,ID5*7喇叭                                                     
1120620GF0000002,16G                 ,1.0,450.0,組   ,180.0,,,,2.0,16G                                                         
1120620GF0000003,RSEN02F             ,1.0,1000.0,各   ,400.0,,,,2.0,RSEN安定器                                                     
1120620GF0000003,RSENHID5RF          ,1.0,500.0,各   ,100.0,,,,3.0,RSEN HID轉接器                                                 
1120624GF0000001,WISH8C4+64055R      ,1.0,15000.0,組   ,9500.0,,,,1.0,WISH 8核 4+64安卓主機                                            
1120624GF0000002,SAXOC35W30FHU       ,5.0,600.0,罐   ,220.0,,,,1.0,SAXO C3 5W30柴油共用遊                                           
1120624GF0000002,16322T              ,1.0,100.0,各   ,25.0,,,,2.0,1632電池                                                      
1120624GF0000002,12FVRU5XR           ,1.0,550.0,罐   ,120.0,,,,3.0,八大全效機油精                                                     
1120624GF0000002,ZEROFV1UUR          ,1.0,400.0,罐   ,180.0,,,,4.0,ZERO全效保養汽車精[車牌]                                            
1120624GF0000002,FORTISDFV           ,1.0,400.0,各   ,180.0,,,,5.0,FORTIS空氣芯                                                   
1120624GF0000002,NXUR                ,1.0,100.0,各   ,45.0,,,,6.0,三菱油芯                                                        
1120725GF0000002,G2VY                ,1.0,400.0,組   ,200.0,,,,2.0,水滴線組                                                        
1120725GF0000002,EY                  ,1.0,500.0,次   ,0.0,,,,3.0,工資                                                          
1120726GF0000001,Z1010H2YGVTRXF      ,1.0,7000.0,組   ,2300.0,,,,1.0,10吋電子後視行車紀錄器                                                
1120726GF0000001,AFL283578           ,2.0,500.0,組   ,81.8,,,,2.0,軟條燈2835-78LED                                               
1120726GF0000001,H7LED3N             ,1.0,2500.0,組   ,800.0,,,,3.0,H7 LED 3色                                                   
1120726GF0000002,H11LED3N            ,1.0,2500.0,組   ,800.0,,,,1.0,H11 LED 3色                                                  
1120729GF0000001,LD72UVTRXF          ,1.0,3000.0,組   ,1500.0,,,,1.0,LD-7單眼行車記錄器                                                 
1120729GF0000001,PNSF6037TY          ,1.0,300.0,組   ,120.0,,,,2.0,PNS-F6037三孔插座                                               
1120729GF0000001,S52211ASRG1VN       ,1.0,200.0,各   ,55.0,,,,3.0,S52 211迷你插式保險絲座/新型                                          
1120731GF0000001,FTA11CW             ,3.0,350.0,組   ,150.0,,,,1.0,汽車門把保護貼                                                     
1120812GF0000003,BSD-77GHZ           ,1.0,12000.0,組   ,4000.0,,,,1.0,[車牌]盲點偵測                                                
1120812GF0000003,929TX               ,1.0,100.0,罐   ,58.0,,,,2.0,929粗蠟                                                       
1120812GF0000003,SP702               ,1.0,200.0,罐   ,110.0,,,,3.0,SP-702電動窗潤滑劑                                                
1120812GF0000003,ZJTUA               ,2.0,300.0,罐   ,85.0,,,,4.0,防霧除油膜                                                       
1120814GF0000001,ZXD1WRJ1G           ,1.0,1000.0,組   ,250.0,,,,1.0,菲力卡備胎架 外把手                                                  
1120814GF0000002,AFL4PL-VC-C         ,1.0,2000.0,組   ,430.0,,,,1.0,1對4汽車車內七彩氣氛燈-遙控/聲控                                          
1120814GF0000002,15AY24QFMT          ,1.0,1800.0,組   ,700.0,,,,2.0,15馬自達3(四)晴雨窗                                                
1120814GF0000002,T10552              ,2.0,10.0,各   ,2.0,,,,3.0,T10中炸彈                                                      
1120815GF0000001,EY                  ,1.0,500.0,次   ,0.0,,,,1.0,工資                                                          
1120814GF0000003,RSCUV               ,1.0,100.0,各   ,40.0,,,,1.0,嘉年華油芯                                                       
1120804GF0000001,GSLN1               ,1.0,2300.0,各   ,1800.0,,,,1.0,GS LN-1電瓶                                                   
1120804GF0000002,07V2TUCSONQUW       ,1.0,3500.0,組   ,2200.0,,,,1.0,07現代 TUCOS皮椅套                                               
1120805GF0000001,LD7GVVTRXF          ,1.0,3500.0,組   ,2000.0,,,,1.0,LD-7雙眼行車記錄器                                                 
1120802GF0000002,S5RU6DFV            ,1.0,550.0,各   ,250.0,,,,1.0,納智傑 U6空氣芯                                                   
1120802GF0000002,DAYL60BV2           ,1.0,2000.0,組   ,520.0,,,,2.0,DAYL-60冰藍淚眼日行燈                                              
1120807GF0000001,COLTPLUST2R         ,1.0,5000.0,組   ,3850.0,,,,1.0,COLT PIUS QPS01KIS車頂架                                       
1120807GF0000001,UR                  ,1.0,1200.0,組   ,800.0,,,,2.0,羊角(4支)                                                      
1120807GF0000002,02EAXCGRQL          ,1.0,800.0,各   ,400.0,,,,1.0,02冠美麗(L)原廠鏡片                                                
1120807GF0000003,VTRXFV              ,1.0,500.0,組   ,120.0,,,,1.0,行車記錄器線                                                      
1120808GF0000001,NB1040              ,4.0,500.0,罐   ,200.0,,,,1.0,NB 10/40機油                                                  
1120530GF0000001,FTCGRZEQ            ,1.0,250.0,組   ,115.0,,,,1.0,汽車後視鏡反光貼片                                                   
1120530GF0000001,FTZQWZEQ            ,2.0,350.0,組   ,170.0,,,,2.0,汽車防碰反光片                                                     
1120530GF0000001,FTA11CW             ,1.0,250.0,組   ,115.0,,,,3.0,汽車門把保護貼                                                     
1120530GF0000001,3M12*15             ,2.0,180.0,組   ,80.0,,,,4.0,3M膠12*15mm(2入)                                              
1120530GF0000001,GN131ZEW5           ,1.0,200.0,張   ,30.0,,,,5.0,GN-131反光貼紙                                                  
1120530GF0000002,NB1040              ,4.0,500.0,罐   ,200.0,,,,1.0,NB 10/40機油                                                  
1120530GF0000002,ALTISDFV            ,1.0,450.0,各   ,100.0,,,,2.0,01 ALTIS空氣芯                                                 
1120530GF0000002,ZWUV                ,1.0,100.0,各   ,50.0,,,,3.0,豐田油芯                                                        
1120530GF0000002,MISSIONCVT          ,4.0,600.0,罐   ,230.0,,,,4.0,MISSION CVT-F自排油X+++                                        
1120530GF0000002,12FVRU5XR           ,1.0,550.0,罐   ,120.0,,,,5.0,八大全效機油精                                                     
1120531GF0000001,92BGF1E             ,1.0,2500.0,組   ,800.0,,,,6.0,92瑞獅前保桿                                                     
1120531GF0000001,EY                  ,1.0,1300.0,次   ,0.0,,[已隱蔽],,7.0,工資                                                          
1120531GF0000002,OBT2FHWWVGF         ,1.0,3000.0,組   ,1000.0,,,,1.0,OBT抬頭顯示器(七彩)                                                
1120531GF0000002,WUSWU5TF            ,1.0,3000.0,組   ,900.0,,,,2.0,太陽能胎壓偵測器                                                    
1120531GF0000002,307DTV              ,1.0,400.0,組   ,180.0,,,,3.0,307快充線                                                      
1120531GF0000001,92BGZV2R2F          ,1.0,900.0,各   ,400.0,,,,8.0,92瑞獅方向燈繼電器                                                  
1120531GF0000003,ASM2723XW           ,2.0,4100.0,各   ,3500.0,,,,1.0,[車牌] 215/65/16輪胎                                        
1120601GF0000001,G2DE                ,1.0,500.0,各   ,80.0,,,,1.0,水滴開關                                                        
1120601GF0000001,DR0AZVQWL           ,1.0,700.0,各   ,350.0,,,,2.0,開吉按摩方向盤套(藍珠)L                                               
1120605GF0000001,FTCGRZEQ            ,1.0,250.0,組   ,115.0,,,,1.0,汽車後視鏡反光貼片                                                   
1120605GF0000001,FTA11CW             ,1.0,350.0,組   ,115.0,,,,2.0,汽車門把保護貼                                                     
1120605GF0000001,FTZEW5              ,1.0,350.0,張   ,140.0,,,,3.0,汽車反光貼紙                                                      
1120605GF0000001,E01020              ,2.0,25.0,張   ,15.0,,,,4.0,EMax貼紙                                                      
1120605GF0000001,3M2CM               ,2.0,180.0,捲   ,90.0,,,,5.0,3M膠*2CM                                                     
1120605GF0000001,EY                  ,1.0,140.0,次   ,0.0,,,,6.0,工資                                                          
1120607GF0000001,VAK14CJU            ,1.0,4000.0,組   ,2800.0,,,,1.0,喜美K14 後尾翼                                                   
1120607GF0000002,2782-VZUNR          ,1.0,16500.0,組   ,12500.0,,,,1.0,[車牌]壓縮機                                                  
1120607GF0000003,SAXO1040            ,5.0,400.0,罐   ,120.0,,,,1.0,SAXO 10W/40機油                                               
1120607GF0000003,NXUR                ,1.0,100.0,各   ,45.0,,,,2.0,三菱油芯                                                        
1120607GF0000003,ZXDDFV              ,1.0,450.0,各   ,150.0,,,,3.0,菲利卡空氣芯                                                      
1120607GF0000003,NOIDNRMG18          ,1.0,350.0,支   ,100.0,,,,4.0,NOID三節雨刷 18吋                                                
1120607GF0000003,NOIDNRMG20          ,1.0,450.0,組   ,100.0,,,,5.0,NOID三節雨刷 20吋                                                
1120607GF0000003,SAXOQUYFRR          ,1.0,400.0,罐   ,80.0,,,,6.0,SAXO噴油嘴清潔劑                                                  
1120607GF0000003,12FVRU5XR           ,1.0,550.0,罐   ,120.0,,,,7.0,八大全效機油精                                                     
1120607GF0000003,V33GRR              ,1.0,500.0,組   ,150.0,,,,8.0,V33手機架                                                      
1120607GF0000003,EY                  ,1.0,200.0,次   ,0.0,,,,9.0,工資                                                          
1120608GF0000001,2GE                 ,1.0,1500.0,組   ,400.0,,,,1.0,大聲公(918)                                                    
1120609GF0000001,APPWWVGF            ,1.0,3500.0,組   ,1900.0,,,,1.0,APP抬頭顯示 OBT四代                                               
1120609GF0000002,05VW                ,1.0,1000.0,組   ,0.0,,,,1.0,安卓線頭                                                        
1120609GF0000002,GPSWV               ,1.0,1000.0,條   ,500.0,,,,2.0,GPS天線                                                       
1120609GF0000002,EY                  ,1.0,1000.0,次   ,0.0,,,,3.0,工資                                                          
1120609GF0000002,2TVUJE              ,1.0,2500.0,組   ,450.0,,,,4.0,倒車顯影(蝴蝶外掛)寶馬頭                                               
1120611GF0000001,AFL5050FH           ,2.0,1000.0,條   ,108.0,,,,1.0,[車牌]12七彩LED                                             
1120614GF0000001,ZV5G539HNF          ,1.0,3500.0,組   ,1900.0,,,,1.0,發現者F-539測速器                                                 
1120614GF0000002,ZXDLFJ1G            ,1.0,1000.0,各   ,280.0,,,,1.0,菲力卡(L前)外把手                                                  
1120613GF0000001,VIOSFMT             ,1.0,600.0,組   ,300.0,,,,1.0,VIOS晴雨窗                                                     
1120615GF0000001,VIOS84+64055R       ,1.0,15500.0,組   ,9500.0,,,,1.0,VIOS 8核 4+64安卓主機                                            
1120615GF0000001,3D1F1               ,1.0,200.0,支   ,90.0,,,,2.0,3D補漆筆                                                       
1120616GF0000001,ABTE082DXGAGDJUNRV2 ,1.0,15500.0,組   ,11000.0,,                                                  ,,1.0,ABT-E082酷樂雙門雙槽控溫壓縮機行動                                       
1120616GF0000001,S27CTYZ1VNY         ,1.0,700.0,組   ,55.0,,,,5.0,S27C插式附(管式含10A)保險絲座                                         
1120616GF0000001,ABTE040             ,1.0,1200.0,組   ,580.0,,,,4.0,ABT-E040Q3.0黑(3孔4USB)                                       
1120617GF0000001,NOID24GS2           ,1.0,450.0,組   ,200.0,,,,1.0,NOID-01 24SMD室內燈                                            
1120617GF0000001,NOID36GS2           ,1.0,550.0,組   ,280.0,,,,2.0,NOID 36MM室內燈                                                
1120619GF0000001,SAXO5W50            ,5.0,600.0,罐   ,220.0,,,,1.0,SAXO 5W/50機油                                                
1120619GF0000001,WISHUV              ,1.0,200.0,各   ,65.0,,,,2.0,WISH油芯                                                      
1120619GF0000001,XFXJALTIS           ,1.0,500.0,各   ,120.0,,,,3.0,冷氣濾01-07ALTIS                                               
1120619GF0000001,GUNKFUR             ,1.0,450.0,組   ,150.0,,,,4.0,GUNK汽油精                                                     
1120619GF0000001,ABROUFFVR           ,1.0,450.0,罐   ,95.0,,,,5.0,ABRO引擎清洗劑                                                   
1120619GF0000001,12FVRU5XR           ,1.0,550.0,罐   ,120.0,,,,6.0,八大全效機油精                                                     
1120619GF0000001,ALTISDFV            ,1.0,450.0,各   ,100.0,,,,7.0,01 ALTIS空氣芯                                                 
1120619GF0000002,RSENT105SMD         ,2.0,275.0,卡   ,110.0,,,,1.0,RSEN T105 SMD                                               
1120619GF0000003,LD7GVVTRXF          ,1.0,6000.0,組   ,2000.0,,,,1.0,LD-7雙眼行車記錄器                                                 
1120619GF0000003,NO16375TGGD         ,1.0,350.0,組   ,150.0,,,,2.0,NO-1637(直插式)雙孔+USB 12V/12V插座                                
1120619GF0000003,ZV5F53HNF           ,1.0,8000.0,組   ,4300.0,,,,3.0,發現者F-53全頻測速器                                                
1120619GF0000004,AFL283578           ,4.0,450.0,組   ,81.8,,,,1.0,軟條燈2835-78LED                                               
1120620GF0000001,VTRXFV              ,1.0,300.0,組   ,120.0,,,,1.0,行車記錄器線                                                      
1120620GF0000001,PNSS23TY            ,1.0,250.0,組   ,160.0,,,,2.0,車用單孔插座+雙USB                                                 
1120620GF0000001,2UW                 ,1.0,100.0,組   ,45.0,,,,3.0,點菸頭出線                                                       
1120402GF0000001,TURBO900622         ,1.0,1800.0,組   ,1200.0,,,,1.0,TU[車牌]LED大燈                                             
1120620GF0000002,VTRXFV              ,1.0,500.0,組   ,120.0,,,,1.0,行車記錄器線                                                      
1120624GF0000002,AFL283578           ,2.0,350.0,組   ,81.8,,,,7.0,軟條燈2835-78LED                                               
1120624GF0000002,FORTISXFXJ          ,1.0,500.0,各   ,250.0,,,,8.0,FORTIS冷氣濾網                                                  
1120624GF0000002,ABROZVQU            ,1.0,200.0,罐   ,100.0,,,,9.0,ABRO方向盤油(含止漏)                                               
1120626GF0000001,5SR                 ,1.0,250.0,各   ,80.0,,,,1.0,助黏劑                                                         
1120626GF0000001,EY                  ,1.0,250.0,次   ,0.0,,,,2.0,工資                                                          
1120626GF0000002,08ALTIST2GW         ,1.0,1700.0,組   ,700.0,,,,1.0,08ALTIS 車頂飾條                                                
1120626GF0000002,08ALTIST2GWL        ,1.0,1700.0,條   ,700.0,,,,2.0,08ALTIS 車頂飾條(L)                                             
1120626GF0000003,DRG15FCTFC          ,2.0,750.0,組   ,450.0,,,,1.0,DRG(二入)避震器緩衝器/C                                             
1120626GF0000004,05AYW3F15F          ,1.0,4950.0,組   ,3350.0,,,,1.0,05罵自達3 (L)前避震器                                              
1120626GF0000004,05AY23RF15F         ,1.0,4950.0,組   ,3350.0,,,,2.0,05馬自達3(R)前避震器                                               
1120626GF0000004,05AY23LC15F         ,1.0,4450.0,組   ,2650.0,,,,3.0,05馬自達3(L)後避震器                                               
1120626GF0000004,05AY23RC15F         ,1.0,4450.0,組   ,2650.0,,,,4.0,05馬自達3(R)後避震器                                               
1120626GF0000004,05AY23FXYT          ,2.0,1500.0,支   ,500.0,,,,5.0,05馬自達3前裏子串                                                  
1120626GF0000004,05AY23CXYT          ,2.0,2000.0,支   ,600.0,,,,6.0,05馬自達3後李仔串                                                  
1120626GF0000004,03AY23GVC5          ,1.0,2500.0,組   ,1050.0,,,,7.0,03-07馬自達 2.0水箱罩                                             
1120626GF0000004,VBDVATX-2           ,1.0,200.0,罐   ,65.0,,,,8.0,向日葵細目粗蠟二代                                                   
1120626GF0000004,04AYW3GSR           ,1.0,1650.0,組   ,650.0,,,,9.0,04-09馬自達3 室內鏡                                               
1120626GF0000004,XW2J                ,1.0,600.0,次   ,400.0,,,,10.0,輪胎定位                                                        
1120626GF0000004,WF55D23L2Q          ,1.0,2500.0,各   ,1850.0,,,,11.0,湯淺70D23L電瓶                                                  
1120628GF0000002,02EAXS1G            ,1.0,850.0,組   ,350.0,,,,1.0,02冠美麗內把手(L前)                                                
1120704GF0000001,12FVRU5XR           ,1.0,550.0,罐   ,120.0,,,,5.0,八大全效機油精                                                     
1120704GF0000001,ZEROFV1UUR          ,1.0,400.0,罐   ,180.0,,,,6.0,ZERO全效保養汽車精[車牌]                                            
1120704GF0000002,GARMINDRIVE52       ,1.0,3999.0,組   ,3450.0,,,,1.0,GARMIN DRIVE 52導航                                           
1120704GF0000002,90052Q              ,1.0,500.0,各   ,80.0,,,,2.0,9005燈泡                                                      
1120704GF0000002,SF0025              ,1.0,100.0,卡   ,36.0,,,,3.0,SF-0025豐田保桿固定扣                                              
1120705GF0000001,92BGHV              ,1.0,5000.0,組   ,2100.0,,,,1.0,92瑞獅水箱                                                      
1120705GF0000001,G204GVR             ,1.0,1000.0,罐   ,180.0,,,,2.0,G204水箱精                                                     
1120705GF0000001,EY                  ,1.0,1000.0,次   ,0.0,,,,3.0,工資                                                          
1120705GF0000001,94BGGGE             ,1.0,900.0,各   ,300.0,,,,4.0,94瑞獅上水管                                                     
1120705GF0000001,94BGGRGY            ,2.0,50.0,各   ,25.0,,,,5.0,94瑞獅水管束子                                                    
1120706GF0000001,RSEN02F             ,1.0,1500.0,各   ,400.0,,,,1.0,RSEN安定器                                                     
1120706GF0000001,RSENT105630         ,1.0,500.0,卡   ,120.0,,,,2.0,RSEN T10 5630 10燈                                           
1120707GF0000001,J-NABX              ,1.0,700.0,罐   ,450.0,,,,1.0,威爾森騎士美容蠟                                                    
1120707GF0000001,2XAF                ,1.0,100.0,組   ,68.0,,,,2.0,打蠟棉球                                                        
1120707GF0000002,Z1010H2YGVTRXF      ,1.0,7000.0,組   ,2300.0,,,,1.0,10吋電子後視行車紀錄器                                                
1120707GF0000002,EY                  ,1.0,1000.0,次   ,0.0,,,,2.0,工資                                                          
1120707GF0000002,AV5F2               ,1.0,500.0,組   ,250.0,,,,3.0,AV轉換附啟動                                                     
1120707GF0000002,2UFY4.8A            ,1.0,650.0,組   ,290.0,,,,4.0,點煙座 4.8A 12V 1+2+1 NIKE                                     
1120711GF0000001,FTZQWZEQ            ,8.0,350.0,組   ,182.0,,,,1.0,汽車防碰反光片                                                     
1120711GF0000001,FTA11CW             ,6.0,350.0,組   ,150.0,,,,2.0,汽車門把保護貼                                                     
1120711GF0000001,D00392              ,3.0,25.0,張   ,12.0,,,,3.0,班尼頓貼紙                                                       
1120711GF0000001,E01020              ,2.0,30.0,張   ,15.0,,,,4.0,EMax貼紙                                                      
1120711GF0000001,D00501              ,2.0,22.5,張   ,12.0,,,,5.0,SIMPSON/紅                                                   
1120711GF0000001,F00315B             ,3.0,40.0,張   ,20.0,,,,6.0,班尼頓/二人黑                                                     
1120711GF0000002,ID5*7X1             ,1.0,2000.0,組   ,900.0,,,,1.0,ID5*7喇叭                                                     
1120711GF0000003,DAYQQWW             ,1.0,750.0,組   ,280.0,,,,1.0,卡夢自排檔頭                                                      
1120712GF0000001,ZV5G539HNF          ,1.0,2800.0,組   ,1900.0,,,,1.0,發現者F-539測速器                                                 
1120712GF0000002,EY                  ,1.0,1000.0,次   ,0.0,,,,1.0,工資                                                          
1120712GF0000002,RAV4JD              ,1.0,2000.0,組   ,1000.0,,,,2.0,RAV4 外框                                                     
1120712GF0000002,H8222Q              ,2.0,350.0,各   ,50.0,,,,3.0,H8大燈燈泡                                                      
1120712GF0000002,055REY              ,1.0,2000.0,次   ,0.0,,,,4.0,安卓主機工資                                                      
1120713GF0000001,WUSWU5TF            ,1.0,3000.0,組   ,900.0,,,,1.0,太陽能胎壓偵測器                                                    
1120713GF0000001,KY330FE             ,2.0,250.0,組   ,115.0,,,,2.0,KY-330旗桿                                                    
1120713GF0000001,RSEN55ZVQW          ,1.0,650.0,條   ,250.0,,,,3.0,RSEN55方向盤套(黑紅平線)                                            
1120713GF0000001,Z1212H2YVTRXF       ,1.0,9000.0,組   ,3300.0,,,,4.0,12吋電子後視行車紀錄器                                                
1120713GF0000001,SF0035AD            ,1.0,100.0,組   ,40.0,,,,5.0,SF-0035門扣                                                   
1120713GF0000001,NOID12R             ,2.0,400.0,組   ,100.0,,,,6.0,NOID 12晶室內燈                                                 
1120713GF0000001,ZEROVRMG22G         ,1.0,900.0,支   ,350.0,,,,7.0,ZERO矽膠雨刷22吋                                                 
1120713GF0000001,ZEROVRMG26          ,1.0,1100.0,支   ,415.0,,,,8.0,ZERO 26吋矽膠雨刷                                                
1120714GF0000001,5SR                 ,2.0,250.0,各   ,100.0,,,,1.0,助黏劑                                                         
1120715GF0000001,LD4VTRXF            ,1.0,2500.0,組   ,1300.0,,,,1.0,LD-4行車紀錄器                                                   
1120715GF0000002,HK902DUX1           ,1.0,1000.0,組   ,260.0,,,,1.0,HK-902快音喇叭 WRC                                              
1120713GF0000002,TIERRATA1E2         ,1.0,450.0,組   ,300.0,,,,1.0,TIERRA長毛避光墊                                                 
1120715GF0000003,EY                  ,1.0,500.0,次   ,0.0,,,,1.0,工資                                                          
1120718GF0000001,T152UKUERL          ,1.0,3600.0,組   ,1982.0,,,,1.0,KUERL 超薄重低音                                                 
1120718GF0000001,EY                  ,1.0,400.0,次   ,0.0,,,,2.0,工資                                                          
1120719GF0000001,2TXWMTNU            ,1.0,1850.0,組   ,1050.0,,,,2.0,原廠型倒車雷達16.5mm(四眼)                                           
1120720GF0000001,H326812VX1          ,1.0,1400.0,各   ,400.0,,,,1.0,12V45CM單音喇叭                                                 
1120720GF0000002,WF55D23L2Q          ,1.0,2700.0,各   ,1850.0,,,,1.0,湯淺55D23L電瓶                                                  
1120808GF0000002,IDRH6.5T            ,1.0,5000.0,組   ,1200.0,,,,1.0,ID RH6.5T分音喇叭                                               
1120720GF0000001,R2F                 ,1.0,200.0,組   ,25.0,,,,2.0,繼電器                                                         
1120720GF0000001,R2FVW               ,1.0,200.0,條   ,10.0,,,,3.0,繼電器線頭                                                       
1120720GF0000002,CC321USB31A         ,1.0,450.0,組   ,120.0,,,,2.0,CC-321 USB2孔 3.1A+電壓表                                       
1120719GF0000002,LD72UVTRXF          ,1.0,3500.0,組   ,1500.0,,,,1.0,LD-7單眼行車記錄器                                                 
1120721GF0000001,EY                  ,1.0,200.0,次   ,0.0,,[已隱蔽],,1.0,工資                                                          
1120722GF0000001,OBT2FHWWVGF         ,1.0,3000.0,組   ,1000.0,,,,1.0,OBT抬頭顯示器(七彩)                                                
1120724GF0000002,RSENH118000K        ,1.0,1000.0,各   ,150.0,,,,1.0,RSEN H11 8000K燈泡                                            
1120724GF0000003,13TIDAFMT           ,1.0,500.0,組   ,300.0,,,,1.0,13TIDA 晴雨窗                                                  
1120725GF0000001,2TVUJE              ,1.0,1000.0,組   ,450.0,,,,1.0,倒車顯影(蝴蝶外掛)寶馬頭                                               
1120725GF0000002,LEDV2Q72WCN         ,1.0,2000.0,組   ,750.0,,,,1.0,LED小單排(黃光)72W 12/24v                                        
1120731GF0000001,FTCGRZEQ            ,3.0,250.0,組   ,117.0,,,,2.0,汽車後視鏡反光貼片                                                   
1120731GF0000001,FTZEW5              ,3.0,350.0,張   ,182.0,,,,3.0,汽車反光貼紙                                                      
1120731GF0000001,FTXDZEW5            ,3.0,350.0,各   ,170.0,,,,4.0,汽車輪弧反光貼紙                                                    
1120731GF0000001,FTZQWZEQ            ,6.0,350.0,組   ,182.0,,,,5.0,汽車防碰反光片                                                     
1120731GF0000001,EY                  ,1.0,300.0,次   ,0.0,,,,6.0,工資                                                          
1120731GF0000001,3M2CM               ,1.0,200.0,捲   ,90.0,,,,7.0,3M膠*2CM                                                     
1120731GF0000002,ZEROVRMG24          ,1.0,1000.0,支   ,415.0,,,,1.0,ZERO矽膠雨刷24吋                                                 
1120731GF0000002,ZEROVRMG16          ,1.0,800.0,支   ,325.0,,,,2.0,ZERO矽膠雨刷16吋                                                 
1120731GF0000002,EY                  ,1.0,200.0,次   ,0.0,,,,3.0,工資                                                          
1120731GF0000002,2021ZINGERTX        ,1.0,4300.0,組   ,2950.0,,,,4.0,[車牌]GER 窗簾                                              
1120901GF0000002,05VTRXFCVU          ,1.0,0.0,各   ,0.0,,[已隱蔽],,1.0,安卓行車紀錄器後顯影                                                  
1120905GF0000001,RET5                ,1.0,650.0,各   ,350.0,,,,1.0,佳固車罩                                                        
1120831GF0000001,ZINGEFUFEDF         ,1.0,5000.0,次   ,2200.0,,,,3.0,ZINGER引擎蓋烤漆                                                 
1120906GF0000001,RSENH78000K         ,2.0,300.0,各   ,150.0,,,,1.0,RSEN h7 8000K 燈泡                                            
1120906GF0000001,RSEN02F             ,2.0,700.0,各   ,400.0,,,,2.0,RSEN安定器                                                     
1120907GF0000001,16322T              ,4.0,150.0,各   ,25.0,,,,1.0,1632電池                                                      
1120908GF0000001,ZXDCVN              ,4.0,450.0,各   ,100.0,,,,1.0,菲利卡火星塞                                                      
1120908GF0000001,G204GVR             ,1.0,550.0,罐   ,180.0,,,,2.0,G204水箱精                                                     
1120908GF0000001,MISSIONYQU          ,4.0,450.0,罐   ,95.8,,,,3.0,MISSIOM自排油                                                  
1120908GF0000001,ZXDFU1Q             ,1.0,5500.0,組   ,3400.0,,,,4.0,菲利卡汽油幫浦                                                     
1120801GF0000001,ZV5F53HNF           ,1.0,7000.0,組   ,4300.0,,,,1.0,發現者F-53全頻測速器                                                
1120801GF0000001,N1MUX1              ,1.0,1500.0,組   ,350.0,,,,2.0,N1語音喇叭                                                      
1120801GF0000001,2TXWJX              ,1.0,2500.0,組   ,380.0,,,,3.0,倒車雷達外露                                                      
1120801GF0000002,H355W2Q             ,1.0,500.0,各   ,28.0,,,,1.0,H3 55W燈泡                                                    
1120801GF0000002,SP5510              ,1.0,1000.0,組   ,250.0,,,,2.0,SP-5510排氣管                                                  
1120802GF0000001,CC2AGM80A           ,1.0,9500.0,各   ,6600.0,,,,1.0,華達AGM80A 賓士W117電瓶                                           
1120801GF0000003,03AY23GVC5          ,1.0,3300.0,組   ,1050.0,,,,1.0,03-07馬自達 2.0水箱罩                                             
1120801GF0000003,04-07AY23J1GYT5T    ,1.0,1500.0,組   ,1000.0,,,,2.0,04-07馬自達3外把手(L前 正廠)                                         
1120801GF0000003,04-07AY3WTE         ,1.0,750.0,組   ,350.0,,,,3.0,04-07馬自達3拖車蓋                                                
1120801GF0000003,PNSFB001            ,1.0,1200.0,組   ,520.0,,,,4.0,磁吸面紙盒 碳纖維黑色                                                 
1120801GF0000003,ERQ55D23L2Q         ,1.0,3000.0,各   ,2100.0,,,,5.0,國際牌70D23L電瓶瓶                                                
1120801GF0000003,04-07AY23LFCGR25    ,1.0,4000.0,組   ,1800.0,,,,6.0,04-07馬自達3(L前)電折附燈(副廠)                                       
1120801GF0000003,0960-MNDF           ,1.0,1000.0,次   ,800.0,,,,7.0,[車牌]後視鏡水箱烤漆                                              
1120801GF0000003,CC0023DTY           ,1.0,450.0,組   ,150.0,,,,8.0,CC002 3孔插座                                                  
1120801GF0000003,M00199              ,1.0,200.0,張   ,80.0,,,,9.0,藤原豆腐店(自家用)                                                  
1120803GF0000001,RSEN02F             ,1.0,1500.0,各   ,400.0,,,,1.0,RSEN安定器                                                     
1120803GF0000001,RSENH76000K         ,1.0,1000.0,各   ,150.0,,,,2.0,RSEN H7 6000K燈泡                                             
1120803GF0000001,NOID24GS2           ,1.0,450.0,組   ,200.0,,,,3.0,NOID-01 24SMD室內燈                                            
1120808GF0000001,NXUR                ,1.0,100.0,各   ,45.0,,,,2.0,三菱油芯                                                        
1120808GF0000001,ABROUFFVR           ,1.0,400.0,罐   ,95.0,,,,3.0,ABRO引擎清洗劑                                                   
1120808GF0000001,ZEROFV1UUR          ,1.0,400.0,罐   ,180.0,,,,4.0,ZERO全效保養汽車精[車牌]                                            
1120808GF0000001,12FVRU5XR           ,1.0,650.0,罐   ,120.0,,,,5.0,八大全效機油精                                                     
1120808GF0000001,NOIDNRMG18          ,1.0,300.0,支   ,100.0,,,,6.0,NOID三節雨刷 18吋                                                
1120808GF0000001,NOIDNRMG24          ,1.0,450.0,支   ,100.0,,,,7.0,NOID三節雨刷 24吋                                                
1120808GF0000001,ERQ55D23L2Q         ,1.0,2800.0,各   ,2100.0,,,,8.0,國際牌70D23L電瓶瓶                                                
1120808GF0000001,XGDFV               ,1.0,350.0,各   ,150.0,,,,9.0,菱帥空氣芯                                                       
1120808GF0000001,FORTISXFXJ          ,1.0,450.0,各   ,250.0,,,,10.0,FORTIS冷氣濾網                                                  
1120808GF0000001,SENFINCEOXFZVFRR    ,1.0,1100.0,罐   ,350.0,,,,11.0,西德SENFINCEO冷氣風箱清潔劑                                          
1120810GF0000001,AFL283578           ,2.0,600.0,組   ,81.8,,,,1.0,軟條燈2835-78LED                                               
1120810GF0000002,AFL283578           ,2.0,600.0,組   ,81.8,,,,1.0,軟條燈2835-78LED                                               
1120810GF0000002,RSENT104014242      ,2.0,420.0,組   ,160.0,,,,2.0,RSEN T10 4014 24燈                                           
1120810GF0000002,FS81TFE             ,1.0,150.0,組   ,40.0,,,,3.0,FS-6426氣嘴蓋                                                  
1120810GF0000002,RSENT105630         ,1.0,400.0,卡   ,120.0,,,,4.0,RSEN T10 5630 10燈                                           
1120810GF0000002,J2WV2               ,1.0,300.0,組   ,100.0,,,,5.0,屋頂天線(短)                                                     
1120810GF0000002,E00692              ,1.0,0.0,張   ,15.0,,,,6.0,騰原豆腐店(自家用)/黑紅白                                              
1120810GF0000003,X1E                 ,1.0,250.0,各   ,100.0,,,,1.0,喇叭蓋                                                         
1120812GF0000001,LE-75125V5T         ,1.0,800.0,組   ,200.0,,,,1.0,LE-7512中心軸承                                                 
1120812GF0000001,LE-7512GX5T         ,1.0,1300.0,組   ,850.0,,,,3.0,LE-7512釋放軸承                                                 
1120812GF0000001,LE-7512XCFQY        ,1.0,4000.0,組   ,2800.0,,,,4.0,LE-7512離合器組                                                 
1120812GF0000001,LE-7512XCFEY        ,1.0,4000.0,次   ,1200.0,,,,5.0,LE-7512離合器工資                                                
1120812GF0000001,LE-7512XCFU         ,1.0,1400.0,次   ,899.0,,,,6.0,LE-7512離合器油                                                 
1120812GF0000001,LE-7512CFUZ         ,1.0,1200.0,各   ,600.0,,,,7.0,LE-7512後區油封                                                 
1120812GF0000002,NB1040              ,5.0,500.0,罐   ,200.0,,,,1.0,NB 10/40機油                                                  
1120812GF0000002,IX35DFV             ,1.0,450.0,各   ,250.0,,,,2.0,IX35 空氣芯                                                    
1120812GF0000002,IX35XFXJ            ,1.0,550.0,各   ,250.0,,,,3.0,IX35冷氣濾網                                                    
1120812GF0000002,IX35CVN             ,4.0,600.0,各   ,250.0,,,,4.0,IX35 火星塞                                                    
1120812GF0000002,ZEROFV1UUR          ,1.0,400.0,罐   ,180.0,,,,5.0,ZERO全效保養汽車精[車牌]                                            
1120812GF0000002,12FVRU5XR           ,1.0,600.0,罐   ,120.0,,,,6.0,八大全效機油精                                                     
1120812GF0000002,XGRUV               ,1.0,100.0,各   ,60.0,,,,7.0,菱帥機油芯                                                       
1120812GF0000001,CHEERS1540RU        ,1.0,300.0,罐   ,104.3,,,,8.0,CHEERS 15/40機油                                              
1120814GF0000003,EY                  ,1.0,300.0,次   ,0.0,,,,2.0,工資                                                          
1120814GF0000003,TIERRADFV           ,1.0,250.0,各   ,150.0,,,,3.0,TIERRA空氣芯                                                   
1120815GF0000001,GV2Q                ,1.0,100.0,各   ,3.5,,,,2.0,雙芯燈泡                                                        
1120818GF0000001,WUSWU5TF            ,1.0,2000.0,組   ,900.0,,,,1.0,太陽能胎壓偵測器                                                    
1120818GF0000002,SONY12005R          ,1.0,4800.0,組   ,3300.0,,,,1.0,SONY G1200主機                                                
1120818GF0000002,1UF1A               ,1.0,500.0,組   ,250.0,,,,3.0,變壓器1A                                                       
1120818GF0000002,2UW                 ,1.0,50.0,組   ,45.0,,,,4.0,點菸頭出線                                                       
1120818GF0000003,8391-N8XFEY         ,1.0,2000.0,次   ,800.0,,,,1.0,8391-N8冷氣拆裝工資                                               
1120818GF0000003,8391-N8ZG           ,1.0,3800.0,組   ,2000.0,,,,2.0,8391-N8風扇                                                   
1120818GF0000002,SL-702GXGWV         ,1.0,399.0,組   ,100.0,,,,5.0,SL-702手拉式天線                                                 
1120818GF0000003,XA                  ,1.0,1500.0,次   ,150.0,,,,3.0,冷媒                                                          
1120818GF0000003,SENFINCEOXFZVFRR    ,1.0,2500.0,罐   ,350.0,,,,4.0,西德SENFINCEO冷氣風箱清潔劑                                          
1120821GF0000001,CLA25022545R17XW    ,1.0,5500.0,各   ,4200.0,,,,1.0,CLA250 225/45R/17 馬牌輪胎                                      
1120821GF0000002,A094                ,1.0,400.0,條   ,100.0,,,,1.0,A094方向盤套                                                    
1120822GF0000001,RSENHID90066000K2Q  ,2.0,500.0,各   ,150.0,,,,1.0,R[車牌] 6000K燈泡                                           
1120822GF0000001,RSEN02F             ,2.0,750.0,各   ,400.0,,,,2.0,RSEN安定器                                                     
1120823GF0000002,VJ5UTZ              ,1.0,2000.0,次   ,1050.0,,,,1.0,許文哲驗車費                                                      
1120823GF0000002,3M12*15             ,2.0,200.0,組   ,80.0,,,,2.0,3M膠12*15mm(2入)                                              
1120823GF0000002,EY                  ,1.0,600.0,次   ,0.0,,,,3.0,工資                                                          
1120818GF0000004,Z1010H2YGVTRXF      ,1.0,5500.0,組   ,2300.0,,,,1.0,10吋電子後視行車紀錄器                                                
1120825GF0000001,D2ROSRAM4300K       ,1.0,2000.0,各   ,1100.0,,,,1.0,D2R OR[車牌]K 燈泡                                           
1120824GF0000001,HJX030GSR           ,1.0,300.0,組   ,120.0,,,,2.0,HJX-030清鏡室內鏡                                                
1120829GF0000002,SAXOC35W30FHU       ,6.0,750.0,罐   ,220.0,,,,1.0,SAXO C3 5W30柴油共用遊                                           
1120829GF0000002,1GCLAW117DFV        ,1.0,900.0,各   ,350.0,,,,2.0,賓士CLAW117空氣芯                                                
1120829GF0000002,CLA2500UV           ,1.0,750.0,各   ,300.0,,,,3.0,CLA-250專用油芯                                                 
1120829GF0000002,ZEROAMN+RFC         ,1.0,850.0,罐   ,320.0,,,,4.0,ZERO鉬元素+噴油嘴除扣劑                                              
1120829GF0000001,1MT5F               ,1.0,2000.0,組   ,1280.0,,,,2.0,白雲防水車照/F                                                    
1120831GF0000001,ID6HW5              ,1.0,3000.0,組   ,700.0,,,,2.0,ID-6吋同軸喇叭                                                   
1120901GF0000001,2TVUAHDVTA          ,1.0,600.0,組   ,600.0,,[已隱蔽],,1.0,AHD倒車顯影(帶燈小草帽)寶馬頭                                           
1120908GF0000001,ZXDXQ               ,1.0,5800.0,組   ,2800.0,,,,5.0,菲利卡冷排                                                       
1121003GF0000001,H00861              ,2.0,60.0,張   ,30.0,,,,1.0,鶴/一對 立體 貼紙                                                  
1121003GF0000001,F00315B             ,1.0,40.0,張   ,20.0,,,,2.0,班尼頓/二人黑                                                     
1121003GF0000001,D00501              ,1.0,25.0,張   ,12.0,,,,3.0,SIMPSON/紅                                                   
1121003GF0000002,IX35S1G             ,1.0,3000.0,組   ,600.0,,,,1.0,10IX35 內把手(正廠)                                              
1121004GF0000001,DRG15FCTFE          ,2.0,600.0,組   ,400.0,,,,1.0,DRG(二入)避震器緩衝器/E                                             
1121005GF0000001,SAXO1040            ,5.0,400.0,罐   ,120.0,,,,1.0,SAXO 10W/40機油                                               
1121005GF0000001,ALTISDFV            ,1.0,450.0,各   ,100.0,,,,2.0,01 ALTIS空氣芯                                                 
1121005GF0000001,XFXJALTIS           ,1.0,500.0,各   ,120.0,,,,3.0,冷氣濾01-07ALTIS                                               
1121005GF0000002,ERQ55D23L2Q         ,1.0,2800.0,各   ,2100.0,,,,1.0,國際牌70D23L電瓶瓶                                                
1121005GF0000002,20162T              ,2.0,100.0,各   ,27.0,,,,2.0,2016電池                                                      
1120908GF0000001,ZXDXA               ,1.0,2000.0,次   ,1199.0,,,,6.0,菲利卡冷媒                                                       
1120908GF0000001,ZXDGVXQEY           ,1.0,2000.0,次   ,900.0,,,,7.0,菲利卡冷排+水箱拆裝工資                                                
1120908GF0000001,ZXDZ2RQ2            ,1.0,600.0,條   ,550.0,,,,8.0,菲利卡發電機皮帶                                                    
1120908GF0000001,ZXDUNRQ2            ,1.0,600.0,條   ,550.0,,,,9.0,菲利卡壓縮機皮帶                                                    
1120908GF0000001,ZXDZVRQ2            ,1.0,850.0,條   ,550.0,,,,10.0,菲利卡方向機皮帶                                                    
1120908GF0000001,ZXDGV               ,1.0,5500.0,組   ,2500.0,,,,11.0,菲力卡水箱                                                       
1120908GF0000002,IX35XA              ,1.0,1500.0,次   ,800.0,,,,2.0,IX35 冷媒                                                     
1120908GF0000002,IX35XF2Q            ,1.0,1500.0,各   ,0.0,,,,3.0,IX35 冷氣墊片                                                   
1120908GF0000002,IX35TXEY            ,1.0,2000.0,次   ,0.0,,,,4.0,IX35 查漏工資                                                   
1120908GF0000003,97R2C2E             ,1.0,350.0,各   ,200.0,,,,1.0,97監達後燈蓋                                                     
1120913GF0000001,2011CRV5MW2         ,1.0,850.0,組   ,450.0,,,,1.0,[車牌]專用踏墊                                                 
1120914GF0000002,OBT2FHWWVGF         ,1.0,3000.0,組   ,1000.0,,,,1.0,OBT抬頭顯示器(七彩)                                                
1120914GF0000003,01-07ALTISQUWCN     ,1.0,3500.0,組   ,2100.0,,,,1.0,01-07ALTIS(後四)米色皮椅套                                         
1120918GF0000001,CARDIU69525R        ,1.0,8000.0,組   ,4000.0,,,,1.0,CAR[車牌] DVD主機                                           
1120918GF0000001,PNSHXT205F          ,1.0,750.0,組   ,350.0,,,,2.0,雙風扇-椅背枕頭用 DC12V                                             
1120918GF0000001,AY25A1D             ,1.0,2000.0,組   ,1200.0,,,,3.0,馬自達5音響面板框                                                   
1120922GF0000001,OBT2FHWWVGF         ,1.0,2000.0,組   ,1000.0,,,,1.0,OBT抬頭顯示器(七彩)                                                
1120923GF0000001,NB1040              ,4.0,500.0,罐   ,200.0,,,,1.0,NB 10/40機油                                                  
1120923GF0000001,NXUR                ,1.0,100.0,各   ,45.0,,,,2.0,三菱油芯                                                        
1120914GF0000001,ZEROVRMG16          ,1.0,800.0,支   ,325.0,,,,1.0,ZERO矽膠雨刷16吋                                                 
1120923GF0000001,FORTISDFV           ,1.0,450.0,各   ,180.0,,,,3.0,FORTIS空氣芯                                                   
1120923GF0000001,FORTISXFXJ          ,1.0,500.0,各   ,250.0,,,,4.0,FORTIS冷氣濾網                                                  
1120923GF0000001,RWFVR               ,1.0,1000.0,罐   ,350.0,,,,5.0,泡沫事積碳清洗劑                                                    
1120923GF0000001,MISSIONCVT          ,4.0,600.0,罐   ,230.0,,,,6.0,MISSION CVT-F自排油X+++                                        
1120925GF0000001,RSEND48000K         ,2.0,1000.0,各   ,500.0,,,,1.0,RSEN D4 8000K燈泡                                             
1120925GF0000002,TYPERH7CR2Q         ,1.0,1000.0,組   ,200.0,,,,1.0,TYPE-R H7黃金燈泡                                               
1120925GF0000002,SF0025              ,2.0,100.0,卡   ,36.0,,,,2.0,SF-0025豐田保桿固定扣                                              
1120926GF0000001,2TVUJE              ,1.0,2000.0,組   ,450.0,,,,2.0,倒車顯影(蝴蝶外掛)寶馬頭                                               
1120926GF0000001,Z1212H2YVTRXF       ,1.0,9500.0,組   ,3300.0,,,,3.0,12吋電子後視行車紀錄器                                                
1120927GF0000001,NB1040              ,5.0,500.0,罐   ,200.0,,,,1.0,NB 10/40機油                                                  
1120927GF0000001,NXUR                ,2.0,100.0,各   ,45.0,,,,2.0,三菱油芯                                                        
1120927GF0000001,ZINGERDFV           ,1.0,450.0,各   ,150.0,,,,3.0,ZINGER空氣芯                                                   
1120927GF0000001,MISSIONCVT          ,5.0,600.0,罐   ,230.0,,,,4.0,MISSION CVT-F自排油X+++                                        
1120927GF0000001,G204GVR             ,1.0,500.0,罐   ,180.0,,,,5.0,G204水箱精                                                     
1120927GF0000001,ZEROFV1UUR          ,1.0,400.0,罐   ,180.0,,,,6.0,ZERO全效保養汽車精[車牌]                                            
1120927GF0000001,12FVRU5XR           ,1.0,550.0,罐   ,120.0,,,,7.0,八大全效機油精                                                     
1120927GF0000001,FORTISXFXJ          ,1.0,650.0,各   ,250.0,,,,8.0,FORTIS冷氣濾網                                                  
1120927GF0000001,EY                  ,1.0,1200.0,次   ,0.0,,,,11.0,工資                                                          
1120927GF0000001,RSENBEMG            ,1.0,200.0,支   ,90.0,,,,12.0,RSEN軟骨雨刷 18吋                                                
1120927GF0000001,RSENBEMG20          ,1.0,350.0,支   ,90.0,,,,13.0,"RSEN軟骨雨刷 20""                                                "
1121006GF0000001,U00070              ,1.0,450.0,各   ,250.0,,,,1.0,VINA飛航安全帶插扣(1入裝)                                            
1121006GF0000001,3M12*15             ,1.0,200.0,組   ,80.0,,,,2.0,3M膠12*15mm(2入)                                              
1121006GF0000001,VBDXEX              ,2.0,100.0,罐   ,55.0,,,,3.0,向日葵橘油亮光蠟  [車牌]                                             
1120914GF0000001,ZEROVRMG26          ,1.0,1100.0,支   ,415.0,,,,2.0,ZERO 26吋矽膠雨刷                                                
1120914GF0000001,ZJTUA               ,1.0,300.0,罐   ,85.0,,,,3.0,防霧除油膜                                                       
1121010GF0000001,AYW34+64055R        ,1.0,17500.0,組   ,11000.0,,,,1.0,馬自達3 4+64安桌主機+框                                             
1121010GF0000001,055MVTRXF           ,1.0,7000.0,組   ,3000.0,,,,2.0,安卓專用雙眼行車紀錄器                                                 
1121010GF0000001,WUSWU5TF            ,1.0,3000.0,組   ,900.0,,,,3.0,太陽能胎壓偵測器                                                    
1121010GF0000001,ACP300XR            ,1.0,500.0,各   ,250.0,,,,4.0,ACP-300藍鏡                                                   
1121011GF0000001,S27CTYZ1VNY         ,1.0,140.0,組   ,55.0,,,,1.0,S27C插式附(管式含10A)保險絲母頭座                                       
1121012GF0000001,VTRXFV              ,1.0,300.0,組   ,120.0,,,,1.0,行車記錄器線                                                      
1121012GF0000002,APPWWVGF            ,1.0,2800.0,組   ,1900.0,,,,1.0,APP抬頭顯示 OBT四代                                               
1121012GF0000003,AFL283578           ,1.0,250.0,組   ,90.0,,,,1.0,軟條燈2835-78LED                                               
1121005GF0000003,ABT-D060USBVW       ,1.0,500.0,ek4 ,200.0,,,,1.0,ABT-D060 USB電源線頭(行者無限)                                      
1121014GF0000001,07AYW32+325R        ,1.0,14700.0,組   ,8700.0,,,,1.0,07馬自達4+32安卓著機                                               
1121016GF0000001,ZEROFV1UUR          ,1.0,400.0,罐   ,180.0,,,,1.0,ZERO全效保養汽車精[車牌]                                            
1121016GF0000001,LD9CRW              ,1.0,2000.0,組   ,800.0,,,,2.0,LD-9後鏡頭                                                     
1121017GF0000001,OUTLANDERT2R        ,1.0,5500.0,組   ,4500.0,,,,1.0,RS-Q125車頂架                                                  
1121018GF0000001,LD7GVVTRXF          ,1.0,3500.0,組   ,2000.0,,[已隱蔽],,1.0,LD-7雙眼行車記錄器                                                 
1121019GF0000001,NB1040              ,4.0,500.0,罐   ,200.0,,,,1.0,NB 10/40機油                                                  
1121019GF0000001,ZEROVRMG18          ,1.0,800.0,支   ,325.0,,,,2.0,ZERO矽膠雨刷18吋                                                 
1121019GF0000001,ZEROVRMG22G         ,1.0,1000.0,支   ,350.0,,,,3.0,ZERO矽膠雨刷22吋                                                 
1121020GF0000001,RSENH116000K        ,2.0,500.0,各   ,150.0,,,,1.0,RSEB H11 6000K HID燈泡                                        
1121020GF0000001,RSEN02F             ,2.0,1000.0,各   ,400.0,,,,2.0,RSEN安定器                                                     
1121020GF0000002,2TVUJE              ,1.0,3000.0,組   ,450.0,,,,1.0,倒車顯影(蝴蝶外掛)寶馬頭                                               
1121020GF0000003,WUSWU5TF            ,1.0,3000.0,組   ,900.0,,,,1.0,太陽能胎壓偵測器                                                    
1121020GF0000001,WISHC2G1D           ,20.0,60.0,各   ,35.0,,,,3.0,WISH互定飾板扣                                                   
1121021GF0000002,10ALTISA1D          ,1.0,1800.0,組   ,700.0,,,,1.0,10ALTIS面板框                                                  
1121021GF0000002,EY                  ,1.0,1500.0,次   ,0.0,,,,2.0,工資                                                          
1121021GF0000001,5Y5VTRXF            ,1.0,3000.0,組   ,1250.0,,,,1.0,追蹤者行車紀錄器                                                    
1121023GF0000001,GN115ZVQW2L         ,1.0,600.0,條   ,280.0,,,,1.0,GN-115精選牛皮方向盤套 2L                                           
1121023GF0000002,5Y5X8GUVTRXF        ,1.0,7000.0,組   ,2900.0,,[已隱蔽],,1.0,追蹤者X8雙眼型車記錄器                                                
1121023GF0000002,PNS1704HD           ,1.0,500.0,組   ,110.0,,,,2.0,點菸器插座車用延長線-帶開關                                              
1121026GF0000001,ZV5G539HNF          ,1.0,3500.0,組   ,1900.0,,,,1.0,發現者F-539測速器                                                 
1121027GF0000001,NB1040              ,1.0,500.0,罐   ,200.0,,,,1.0,NB 10/40機油                                                  
1121027GF0000001,ABROZVQU            ,1.0,200.0,罐   ,100.0,,,,2.0,ABRO方向盤油(含止漏)                                               
1121027GF0000001,NOIDNRMG20          ,1.0,300.0,組   ,100.0,,,,3.0,NOID三節雨刷 20吋                                                
1121027GF0000002,BUU-8103EB5         ,1.0,3000.0,各   ,1200.0,,,,1.0,[車牌](前兩片)隔熱紙                                            
1121027GF0000001,NOIDNRMG18          ,1.0,300.0,支   ,100.0,,,,4.0,NOID三節雨刷 18吋                                                
1121027GF0000004,LE7512XECGW         ,2.0,1500.0,各   ,600.0,,,,1.0,LE-7512拉桿和上頭                                                
1120908GF0000003,GN119WFQW2L         ,1.0,650.0,條   ,148.0,,,,2.0,GN-119透氣方向盤套 2L                                             
1120912GF0000001,TURBO900622         ,1.0,2700.0,組   ,1200.0,,,,1.0,TU[車牌]LED大燈                                             
1120912GF0000002,A095                ,1.0,400.0,條   ,100.0,,,,1.0,A095方向盤套                                                    
1120912GF0000002,PNSHDS04            ,1.0,800.0,組   ,380.0,,,,2.0,機車避震八爪固定手機架                                                 
1120912GF0000003,SAXO1040            ,4.0,400.0,罐   ,120.0,,,,1.0,SAXO 10W/40機油                                               
1120912GF0000003,ZWUV                ,1.0,100.0,各   ,50.0,,,,2.0,豐田油芯                                                        
1120912GF0000003,ALTISDFV            ,1.0,350.0,各   ,100.0,,,,3.0,01 ALTIS空氣芯                                                 
1120912GF0000003,XFXJALTIS           ,1.0,500.0,各   ,120.0,,,,4.0,冷氣濾01-07ALTIS                                               
1120912GF0000003,ZEROFV1UUR          ,1.0,400.0,罐   ,180.0,,,,5.0,ZERO全效保養汽車精[車牌]                                            
1120912GF0000003,CARMACSARUR         ,1.0,550.0,罐   ,140.0,,,,6.0,CARMATE奈米科技機油精                                              
1120927GF0000002,2TXWSDXU            ,1.0,750.0,組   ,380.0,,,,1.0,倒車雷達內崁兩眼-禾麟                                                 
1120926GF0000002,ID3002UMX1          ,1.0,4500.0,各   ,1300.0,,,,1.0,ID-300K低音喇叭單體                                               
1120926GF0000002,DAYL60XU2           ,1.0,2200.0,組   ,520.0,,,,2.0,DAYL-60超薄雙色LED白/黃                                           
1120927GF0000003,ANF52652XQ2         ,1.0,950.0,組   ,500.0,,,,1.0,ZINGER 動力皮帶                                                 
1120927GF0000003,ANF5265XFQ2         ,1.0,950.0,條   ,500.0,,,,2.0,ZUNGER 冷氣皮帶                                                 
1120927GF0000003,ANF5265Z2RQ2        ,1.0,950.0,條   ,500.0,,,,3.0,ZINGER 發電機皮帶                                                
1120927GF0000003,ANF5265UFGV1        ,1.0,5300.0,組   ,4500.0,,,,4.0,ZUNGER 引擎上修包                                                
1120927GF0000003,ANF5265U1E          ,1.0,30500.0,組   ,25500.0,,,,5.0,ZINGER 搖臂蓋(全新)                                              
1120927GF0000003,ANF5265FARVW5       ,1.0,5500.0,次   ,3000.0,,,,6.0,ZINGER 汽門間隙調整                                               
1120927GF0000003,ANF52655GQ2         ,1.0,2550.0,組   ,1550.0,,,,7.0,ZINGER 正時皮帶                                                 
1121027GF0000004,XW2J                ,1.0,600.0,次   ,400.0,,,,2.0,輪胎定位                                                        
1121027GF0000004,GV2Q                ,1.0,100.0,各   ,3.5,,,,3.0,雙芯燈泡                                                        
1121028GF0000001,PD1066500W1UF       ,1.0,2299.0,組   ,1500.0,,,,2.0,PD-1065 500W變壓器                                             
1121030GF0000001,10WISHSE1UF         ,1.0,1500.0,各   ,450.0,,,,1.0,10WISH(右前)內龜板                                               
1121030GF0000001,10WISHUFVC1L        ,1.0,1500.0,各   ,500.0,,,,2.0,10WISH(L)下護板                                                
1121030GF0000001,10WISHUFVC1R        ,1.0,1500.0,各   ,500.0,,,,3.0,10WISH(R)下護板                                                
1121030GF0000001,EY                  ,1.0,500.0,次   ,0.0,,,,4.0,工資                                                          
1121030GF0000001,SF0012              ,2.0,100.0,組   ,50.0,,,,5.0,SF-00122頂蓬通用型固定扣                                            
1121027GF0000001,AH59ZVQW            ,1.0,700.0,條   ,340.0,,,,5.0,AH-59方向盤套                                                   
1121101GF0000001,RSENT105R22U        ,1.0,180.0,卡   ,110.0,,,,1.0,RSEN T10 5晶定電壓二極體                                           
1121101GF0000001,RSENT105SMD         ,2.0,160.0,卡   ,110.0,,,,2.0,RSEN T105 SMD                                               
1121101GF0000002,SAXO1040            ,4.0,400.0,罐   ,120.0,,,,1.0,SAXO 10W/40機油                                               
1121101GF0000002,RSCUV               ,1.0,100.0,各   ,40.0,,,,2.0,嘉年華油芯                                                       
1121101GF0000002,TIERRADFV           ,1.0,300.0,各   ,150.0,,,,3.0,TIERRA空氣芯                                                   
1121101GF0000002,CARMACSARUR         ,1.0,450.0,罐   ,140.0,,,,4.0,CARMATE奈米科技機油精                                              
1121101GF0000002,ABROUFFVR           ,1.0,300.0,罐   ,95.0,,,,5.0,ABRO引擎清洗劑                                                   
1121101GF0000002,ABROYQUV            ,1.0,350.0,罐   ,130.0,,,,7.0,ABRO自排變速箱油防漏油精                                              
1121101GF0000002,MISSIONYQU          ,4.0,400.0,罐   ,95.8,,,,8.0,MISSIOM自排油                                                  
1121101GF0000002,ABROZVQU            ,1.0,200.0,罐   ,100.0,,,,9.0,ABRO方向盤油(含止漏)                                               
1121101GF0000002,SAXOQUYFRR          ,1.0,300.0,罐   ,80.0,,,,11.0,SAXO噴油嘴清潔劑                                                  
1120927GF0000003,ANF52655GQ225       ,1.0,2500.0,各   ,950.0,,,,8.0,ZINGER 正時皮帶惰輪(調整)                                           
1120927GF0000003,ANF52655GQ22X       ,1.0,2500.0,各   ,950.0,,,,9.0,ZINGER 正時皮帶惰輪(固定)                                           
1120927GF0000003,ANF5265QC5QW        ,1.0,1100.0,組   ,600.0,,,,10.0,ZINGER 平橫軸皮帶                                                
1120927GF0000003,ANF5265QC5Q22X      ,1.0,1800.0,各   ,850.0,,,,11.0,ZIGER 平橫軸皮帶惰輪                                               
1120927GF0000003,ANF5265G1Q          ,1.0,4500.0,各   ,2500.0,,,,12.0,ZINGER 水泵浦                                                  
1120927GF0000003,ANF5265RJF          ,1.0,2850.0,各   ,850.0,,,,13.0,ZINGER 節溫器                                                  
1120927GF0000003,ANF5265UFH5EY       ,1.0,6050.0,次   ,2250.0,,,,14.0,ZINGER 引擎拆裝工資                                               
1121002GF0000001,ERQ55D23L2Q         ,1.0,3000.0,各   ,2100.0,,,,1.0,國際牌70D23L電瓶瓶                                                
1121002GF0000002,RSEN02F             ,1.0,1500.0,各   ,400.0,,,,1.0,RSEN安定器                                                     
1121002GF0000001,2009RAVWZ2R         ,1.0,12500.0,組   ,7800.0,,,,2.0,[車牌]4發電機                                                 
1121101GF0000002,ERQ55D23L2Q         ,1.0,2800.0,各   ,2100.0,,,,10.0,國際牌70D23L電瓶瓶                                                
1120330GF0000001,MIOC580VTRXF        ,1.0,4000.0,組   ,2818.0,,,,2.0,MIO C580行車紀錄器                                               
1121102GF0000002,04WISH5MW2          ,1.0,1100.0,組   ,600.0,,,,1.0,04WISH專用踏墊                                                  
1121102GF0000002,FAGEUW1.4           ,2.0,750.0,捲   ,180.0,,,,2.0,氣密式隔音條1.4                                                   
1121102GF0000002,16G                 ,1.0,400.0,組   ,180.0,,,,3.0,16G                                                         
1121102GF0000002,ABTE060             ,1.0,2000.0,組   ,1350.0,,,,4.0,天行者無限定磅打氣機                                                  
1121103GF0000001,2012FORTISNQFMT     ,1.0,1200.0,組   ,700.0,,,,1.0,[車牌]TIS(四片)晴雨窗                                          
1121103GF0000002,CLA25022545R17XW    ,2.0,5500.0,各   ,4200.0,,,,1.0,CLA250 225/45R/17 馬牌輪胎                                      
1121103GF0000002,CLA250WT            ,1.0,3500.0,次   ,2500.0,,,,2.0,CLA-250拖車                                                   
1121103GF0000002,LEO695              ,1.0,300.0,卷   ,40.0,,,,8.0,車身貼線/螢光粉(30尺)                                               
1130120GF0000002,2TXWSDXU            ,1.0,2500.0,組   ,380.0,,,,1.0,倒車雷達內崁兩眼-禾麟                                                 
1130123GF0000001,Z1212H2YVTRXF       ,1.0,10000.0,組   ,4000.0,,,,1.0,12吋電子後視行車紀錄器                                                
1130123GF0000002,LD4VTRXF            ,1.0,3500.0,組   ,1400.0,,,,1.0,LD-4行車紀錄器                                                   
1130124GF0000001,2TVUSD              ,1.0,3500.0,組   ,450.0,,,,1.0,倒車顯影(內砍)                                                    
1130124GF0000001,EY                  ,1.0,500.0,次   ,0.0,,,,2.0,工資                                                          
1130124GF0000002,2TVUJE              ,1.0,2000.0,組   ,450.0,,,,1.0,倒車顯影(蝴蝶外掛)寶馬頭                                               
1130124GF0000003,ERQ602Q             ,1.0,2800.0,各   ,1750.0,,,,1.0,國際牌60電瓶                                                     
1130125GF0000001,NB1040              ,4.0,500.0,罐   ,200.0,,,,1.0,NB 10/40機油                                                  
1130125GF0000001,08ALTISDFV          ,1.0,400.0,各   ,100.0,,,,2.0,08ALTIS空氣芯                                                  
1130125GF0000001,RSENT105630         ,1.0,400.0,卡   ,120.0,,,,3.0,RSEN T10 5630 10燈                                           
1121103GF0000002,K00371              ,1.0,100.0,張   ,50.0,,,,4.0,彩繪貼紙/樂譜                                                     
1121103GF0000002,16322T              ,4.0,250.0,各   ,25.0,,,,5.0,1632電池                                                      
1121103GF0000002,5SR                 ,1.0,300.0,各   ,100.0,,,,6.0,助黏劑                                                         
1121103GF0000002,EY                  ,1.0,300.0,次   ,0.0,,,,7.0,工資                                                          
1121106GF0000001,3M2CM               ,1.0,120.0,捲   ,90.0,,,,1.0,3M膠*2CM                                                     
1121109GF0000001,2014WISHC2E         ,2.0,1000.0,支   ,400.0,,,,1.0,[車牌]H後頂桿                                                 
1121109GF0000002,LI568GSR            ,1.0,350.0,組   ,90.0,,,,1.0,LI-568室內鏡-核                                                 
1121109GF0000003,FTX1QADD            ,1.0,600.0,組   ,120.0,,,,1.0,平面汽車DD12V喇叭                                                 
1121110GF0000001,RVFFMT              ,1.0,600.0,組   ,300.0,,,,1.0,進行曲晴雨窗                                                      
1121110GF0000001,NOID36GS2           ,1.0,550.0,組   ,280.0,,,,2.0,NOID 36MM室內燈                                                
1121110GF0000001,AH59ZVQW            ,1.0,750.0,條   ,340.0,,,,3.0,AH-59方向盤套                                                   
1121103GF0000003,CARNXT2Y            ,1.0,450.0,組   ,160.0,,,,1.0,CAR 三菱2USB3.1A充電座                                           
1121111GF0000001,G7743CROSSBV2       ,1.0,600.0,卡   ,300.0,,[已隱蔽],,1.0,TOYOTA CROSS日型登LED12顆高亮度                                    
1121113GF0000001,10WISHNQGFMT        ,1.0,2000.0,組   ,700.0,,,,1.0,10WISH(四片)晴雨窗                                               
1121113GF0000002,2TXWSDXU            ,1.0,750.0,組   ,380.0,,,,1.0,倒車雷達內崁兩眼-禾麟                                                 
1121113GF0000003,TUBRO9012LED22      ,1.0,2500.0,組   ,1200.0,,,,1.0,TU[車牌]LED大燈                                             
1121114GF0000001,5Y5VTRXF            ,1.0,3000.0,組   ,1200.0,,,,1.0,追蹤者X2行車紀錄器                                                  
1121116GF0000001,LD72UVTRXF          ,1.0,3500.0,組   ,1500.0,,,,1.0,LD-7單眼行車記錄器                                                 
1121116GF0000001,VIOSTA1E2           ,1.0,600.0,組   ,220.0,,,,2.0,VIOS長毛避光墊                                                   
1121117GF0000001,BCF-16165TQ2        ,1.0,3500.0,條   ,1850.0,,,,1.0,[車牌]正廠皮帶                                                
1121117GF0000001,BCF-1616Q2EY        ,1.0,2800.0,次   ,600.0,,,,2.0,[車牌]皮帶工資                                                
1121117GF0000001,BCF-1616CVN         ,4.0,1550.0,各   ,650.0,,,,3.0,[車牌]火星塞                                                 
1121117GF0000001,BCF-1616CVNEY       ,1.0,3000.0,次   ,600.0,,,,4.0,[車牌]火星塞工資                                               
1121117GF0000001,F2W5                ,1.0,2500.0,張   ,400.0,,,,5.0,前檔貼紙                                                        
1121120GF0000001,055MVTRXF           ,1.0,6000.0,組   ,3000.0,,,,1.0,安卓專用雙眼行車紀錄器                                                 
1121120GF0000001,ERQ55D23L2Q         ,1.0,2500.0,各   ,2100.0,,,,2.0,國際牌70D23L電瓶瓶                                                
1121118GF0000001,RWFVEY              ,1.0,3000.0,次   ,0.0,,,,1.0,積碳清洗工資                                                      
1121121GF0000001,ERQ602Q             ,1.0,2300.0,各   ,1750.0,,,,1.0,國際牌60電瓶                                                     
1121122GF0000002,D4OSRAM4300K        ,1.0,2500.0,各   ,1300.0,,,,1.0,D4R OS[車牌]K燈泡                                           
1121122GF0000001,Z1212H2YVTRXF       ,1.0,8000.0,組   ,4000.0,,,,1.0,Z12電子後視行車紀錄器                                                
1121123GF0000001,Z1010H2YGVTRXF      ,1.0,6500.0,組   ,2300.0,,,,1.0,10吋電子後視行車紀錄器                                                
1121116GF0000001,RSENBEMG16          ,1.0,250.0,支   ,90.0,,,,3.0,RSEN軟骨雨刷 16吋                                                
1121116GF0000001,RSENBEMG24H         ,1.0,350.0,支   ,90.0,,,,4.0,RSEN軟骨雨刷 24吋                                                
1121128GF0000001,93XGXXQF            ,1.0,1500.0,組   ,500.0,,,,1.0,93菱帥來令片(前)                                                  
1121128GF0000001,CARMATGTU2          ,1.0,1000.0,罐   ,130.0,,,,2.0,CARMAT煞車油(大)                                                
1121128GF0000002,2TXWVTAVU           ,1.0,2500.0,組   ,450.0,,,,1.0,倒車顯影(帶燈小草帽)寶馬頭                                              
1121128GF0000002,4.3H52TV            ,1.0,2000.0,組   ,600.0,,,,2.0,4.3吋折疊TV                                                    
1121127GF0000001,2004EAXCXXQ         ,1.0,2500.0,組   ,2000.0,,,,1.0,2004冠美麗後煞車皮                                                 
1121127GF0000001,2004EAXUFT25        ,1.0,3500.0,各   ,3500.0,,,,2.0,2004冠美麗傳動軸(R前)                                              
1121123GF0000001,CX5TX               ,1.0,4500.0,組   ,3150.0,,,,2.0,CX-5窗簾+運費                                                   
1121130GF0000001,7H2G                ,1.0,6000.0,組   ,2500.0,,,,1.0,7吋電視                                                        
1121130GF0000001,USBGTV              ,1.0,500.0,組   ,500.0,,,,2.0,USB輸出線                                                      
1121205GF0000001,2TVUSD              ,1.0,3000.0,組   ,450.0,,,,1.0,倒車顯影(內砍)                                                    
1121205GF0000001,ZJTUA               ,1.0,300.0,罐   ,80.0,,,,2.0,防霧除油膜                                                       
1121205GF0000002,ABTE021CB           ,1.0,2900.0,組   ,2000.0,,,,1.0,卡夢旗艦版汽柴油啟動電源                                                
1121205GF0000003,RSENT105630         ,1.0,400.0,卡   ,120.0,,,,1.0,RSEN T10 5630 10燈                                           
1121205GF0000003,TYPERH11T1E         ,1.0,1000.0,組   ,170.0,,,,2.0,TYPE-R H11超白光燈泡                                             
1121206GF0000001,16162T              ,1.0,100.0,各   ,33.0,,,,1.0,1616電池                                                      
1121206GF0000001,AFLS150JV2          ,1.0,2500.0,組   ,410.0,,,,2.0,AFL-S150微笑燈                                                 
1121206GF0000002,OUTUNDERY55R        ,1.0,12500.0,組   ,7000.0,,,,1.0,OUTUNDER8+32安卓主機                                            
1121207GF0000001,APPWWVGF            ,1.0,3500.0,組   ,1900.0,,,,1.0,APP抬頭顯示 OBT四代                                               
1121207GF0000001,EY                  ,1.0,400.0,次   ,0.0,,,,2.0,工資                                                          
1121207GF0000001,S83PDE              ,1.0,100.0,各   ,8.0,,,,3.0,S8 3P附燈開關                                                   
1121207GF0000002,X2VTRXF             ,1.0,3000.0,組   ,1200.0,,,,1.0,追蹤者X2行車紀錄器                                                  
1121207GF0000002,RSENT104014242      ,1.0,450.0,組   ,160.0,,,,2.0,RSEN T10 4014 24燈                                           
1121207GF0000002,RSEN02F             ,2.0,1000.0,各   ,400.0,,,,3.0,RSEN安定器                                                     
1121207GF0000002,PNSE012             ,1.0,200.0,組   ,70.0,,,,4.0,I PHONE6/7手機充電線                                             
1121207GF0000002,SR347WVJT2F         ,1.0,800.0,組   ,510.0,,,,5.0,SR-347碳纖維有線2孔(6.2A)USB插座                                    
1121207GF0000002,RSENH48000K2Q       ,2.0,500.0,各   ,150.0,,,,6.0,RSEN H4 8000K燈泡                                             
1121208GF0000001,ERQ55D23L2Q         ,1.0,2800.0,各   ,2100.0,,,,1.0,國際牌70D23L電瓶瓶                                                
1121211GF0000001,SAXO1040            ,4.0,400.0,罐   ,120.0,,,,1.0,SAXO 10W/40機油                                               
1121211GF0000001,ZWUV                ,1.0,100.0,各   ,50.0,,,,2.0,豐田油芯                                                        
1121211GF0000001,XFXJALTIS           ,1.0,550.0,各   ,120.0,,,,3.0,冷氣濾01-07ALTIS                                               
1121211GF0000001,ZEROAMN+RFC         ,1.0,800.0,罐   ,320.0,,,,4.0,ZERO鉬元素+噴油嘴除扣劑                                              
1121211GF0000001,EAXDFV              ,1.0,450.0,各   ,150.0,,,,5.0,冠美麗2.0空氣芯                                                   
1121212GF0000001,SAXO1040            ,5.0,400.0,罐   ,120.0,,,,1.0,SAXO 10W/40機油                                               
1121209GF0000001,OBT2FHWWVGF         ,1.0,2000.0,組   ,1000.0,,,,1.0,OBT抬頭顯示器(七彩)                                                
1121213GF0000001,V1                  ,1.0,800.0,組   ,500.0,,,,1.0,線包                                                          
1121214GF0000001,WUSWU5TF            ,1.0,2000.0,組   ,900.0,,,,1.0,太陽能胎壓偵測器                                                    
1121215GF0000001,LD72UVTRXF          ,1.0,3500.0,組   ,1500.0,,,,1.0,LD-7單眼行車記錄器                                                 
1121216GF0000001,BUW-7317            ,1.0,2000.0,次   ,1199.0,,,,1.0,[車牌]冷媒                                                  
1121216GF0000001,BUW73172Q           ,1.0,1500.0,各   ,0.0,,,,2.0,TIDA冷氣墊片                                                    
1121216GF0000001,BUW-7317XFGBQ       ,1.0,5500.0,組   ,3000.0,,,,3.0,TIDAx/3冷氣散熱片                                                
1121216GF0000001,BUW-7317XFH5EY      ,1.0,5500.0,次   ,4800.0,,,,4.0,TIDA冷氣拆裝工資                                                  
1121216GF0000001,BUW-7317UFEXRN      ,1.0,2500.0,組   ,1050.0,,,,5.0,TIDA引擎蓋六角鎖                                                  
1121216GF0000001,BUW-7317XFZG        ,1.0,5800.0,組   ,4800.0,,,,6.0,TIDA冷氣風扇                                                    
1121216GF0000001,BUW-7317XFXV        ,1.0,750.0,各   ,600.0,,,,7.0,TIDA冷氣濾芯                                                    
1121216GF0000001,ZEROFV1UUR          ,1.0,400.0,罐   ,180.0,,,,8.0,ZERO全效保養汽車精[車牌]                                            
1121216GF0000001,06TIDATA1E2         ,1.0,450.0,組   ,210.0,,,,9.0,06TIDA長毛避光墊                                                 
1121216GF0000002,RSEN90063000K2Q     ,1.0,1000.0,各   ,200.0,,,,1.0,R[車牌] 3000K燈泡                                           
1130202GF0000001,K00172              ,1.0,100.0,張   ,50.0,,,,4.0,BL TZ/貼紙                                                    
1130202GF0000002,NB1040              ,5.0,450.0,罐   ,200.0,,,,1.0,NB 10/40機油                                                  
1130202GF0000002,ZINGERDFV           ,1.0,450.0,各   ,150.0,,,,2.0,ZINGER空氣芯                                                   
1130202GF0000002,CARMATERUR          ,1.0,350.0,罐   ,300.0,,,,3.0,CARMATE機油精                                                  
1130202GF0000002,ZEROFV1UUR          ,1.0,350.0,罐   ,180.0,,,,4.0,ZERO全效保養汽車精[車牌]                                            
1130202GF0000002,MISSIONCVT          ,4.0,600.0,罐   ,230.0,,,,5.0,MISSION CVT-F自排油X+++                                        
1130202GF0000002,ZINGERUV            ,1.0,200.0,各   ,60.0,,,,6.0,ZINGER油芯                                                    
1130202GF0000003,SAXO1040            ,4.0,400.0,罐   ,120.0,,,,1.0,SAXO 10W/40機油                                               
1130202GF0000003,VR1RUV              ,1.0,100.0,各   ,50.0,,,,2.0,新尖兵機油芯                                                      
1130202GF0000003,TIDADFV             ,1.0,350.0,各   ,180.0,,,,3.0,TIDA空氣芯                                                     
1130202GF0000003,TIDARUV             ,1.0,100.0,各   ,40.0,,,,4.0,TIDA機油芯                                                     
1130202GF0000003,ZEROFV1UUR          ,1.0,400.0,罐   ,180.0,,,,5.0,ZERO全效保養汽車精[車牌]                                            
1130202GF0000003,MISSIONYQU          ,4.0,400.0,罐   ,95.8,,,,6.0,MISSIOM自排油                                                  
1130203GF0000001,WISH701QUW          ,1.0,600.0,組   ,3450.0,,,,1.0,WISH(701)皮椅套                                                
1130203GF0000001,RSEN57ZVQW          ,1.0,585.0,組   ,250.0,,,,2.0,RSEN 57方向盤套                                                 
1130203GF0000001,3M1UFTR             ,1.0,315.0,各   ,160.0,,,,3.0,3M柏油清除劑                                                     
1130204GF0000001,2TXWGJG             ,1.0,3500.0,組   ,750.0,,,,1.0,數位倒車雷達兩眼                                                    
1130204GF0000001,929TX               ,1.0,100.0,罐   ,58.0,,,,2.0,929粗蠟                                                       
1130204GF0000001,3D1F1               ,1.0,215.0,支   ,90.0,,,,3.0,3D補漆筆                                                       
1130204GF0000001,2UY24.8A            ,1.0,750.0,組   ,330.0,,,,4.0,點煙座 2+2+1 4.8A KIKE                                         
1130316GF0000002,NB1040              ,5.0,600.0,罐   ,200.0,,,,4.0,NB 10/40機油                                                  
1130316GF0000002,08ALTISDFV          ,1.0,450.0,各   ,100.0,,,,5.0,08ALTIS空氣芯                                                  
1130319GF0000002,W2XEUA              ,1.0,1400.0,各   ,300.0,,,,1.0,特多龍汽車隔音棉                                                    
1130319GF0000002,SF0035AD            ,1.0,100.0,組   ,40.0,,,,2.0,SF-0035門扣                                                   
1130321GF0000001,PNSS25              ,1.0,500.0,組   ,170.0,,,,1.0,S24大功率三孔插座四USB4.8A                                          
1130322GF0000001,WF602Q              ,1.0,2100.0,各   ,1500.0,,,,1.0,湯淺60電瓶                                                      
1130323GF0000001,MIOC316VTRXF        ,1.0,3400.0,組   ,1796.0,,,,1.0,MIO C316行車紀錄器                                               
1130323GF0000002,RSEN02F             ,2.0,750.0,各   ,400.0,,,,1.0,RSEN安定器                                                     
1130323GF0000002,RSEN90068000K2Q     ,2.0,500.0,各   ,150.0,,,,2.0,R[車牌] 8000K燈泡                                           
1130323GF0000003,SAXO1040            ,5.0,400.0,罐   ,120.0,,,,1.0,SAXO 10W/40機油                                               
1130406GF0000001,EY                  ,1.0,1000.0,次   ,0.0,,,,5.0,工資                                                          
1130406GF0000001,T10506FHUD2         ,1.0,650.0,組   ,100.0,,,,6.0,T10 506七彩遙控燈                                                
1130406GF0000001,AFL5050FH           ,2.0,550.0,條   ,108.0,,,,7.0,[車牌]12七彩LED                                             
1130406GF0000001,1G5MYQU             ,6.0,1100.0,罐   ,650.0,,,,8.0,賓士專用自排油                                                     
1130406GF0000001,ZEROAMN+RFC         ,1.0,850.0,罐   ,320.0,,,,9.0,ZERO鉬元素+噴油嘴除扣劑                                              
1130406GF0000002,NB1040              ,4.0,550.0,罐   ,200.0,,,,1.0,NB 10/40機油                                                  
1130406GF0000002,ELANTRDFV           ,1.0,450.0,各   ,250.0,,,,2.0,ELANTR空氣芯                                                   
1130406GF0000002,12FVRU5XR           ,1.0,550.0,罐   ,120.0,,,,4.0,八大全效機油精                                                     
1130406GF0000002,XGRUV               ,1.0,100.0,各   ,60.0,,,,5.0,菱帥機油芯                                                       
1130406GF0000002,20322T              ,1.0,100.0,各   ,27.0,,,,6.0,2032電池                                                      
1130408GF0000002,WUSWU5TF            ,1.0,2500.0,組   ,900.0,,,,1.0,太陽能胎壓偵測器                                                    
1130408GF0000002,VIOSTA1E2           ,1.0,500.0,組   ,220.0,,,,2.0,VIOS長毛避光墊                                                   
1130406GF0000001,K00133              ,3.0,100.0,張   ,50.0,,,,10.0,火焰/貼紙                                                       
1130406GF0000001,D00392              ,2.0,25.0,張   ,12.0,,,,11.0,班尼頓貼紙                                                       
1130408GF0000003,FIT2+32055R         ,1.0,12500.0,組   ,7000.0,,,,1.0,FIT 2+32安卓主機                                                
1130408GF0000003,2TVUAHDVTA          ,1.0,3000.0,組   ,600.0,,,,2.0,AHD倒車顯影(帶燈小草帽)寶馬頭                                           
1130408GF0000004,RSEND46000K         ,2.0,1000.0,各   ,500.0,,,,1.0,RSEN D4 6000K燈泡                                             
1130408GF0000005,BGFTDFV             ,1.0,400.0,各   ,200.0,,,,1.0,瑞獅空氣芯                                                       
1130408GF0000005,BGFUV               ,1.0,500.0,各   ,200.0,,,,2.0,瑞獅汽油芯                                                       
1130409GF0000001,WISH4+64+CR5R       ,1.0,25000.0,組   ,20000.0,,,,1.0,WISH 4+64+c環景安卓主機                                           
1130423GF0000002,RSEN02F             ,1.0,2000.0,各   ,400.0,,,,1.0,RSEN安定器                                                     
1130424GF0000001,Z1010H2YGVTRXF      ,1.0,5000.0,組   ,2300.0,,,,1.0,10吋電子後視行車紀錄器                                                
1130423GF0000002,RSEND243000K2Q      ,1.0,1500.0,各   ,250.0,,,,2.0,RSEN D2H 4300K22燈泡                                          
1130423GF0000002,RSENT105630         ,1.0,350.0,卡   ,120.0,,,,3.0,RSEN T10 5630 10燈                                           
1130425GF0000001,EY                  ,1.0,4000.0,次   ,0.0,,,,1.0,工資                                                          
1130425GF0000001,2015RAV4JD          ,1.0,2000.0,組   ,1000.0,,,,2.0,[車牌]4外框                                                  
1130425GF0000001,2015RAV4TA1E2       ,1.0,600.0,組   ,210.0,,,,3.0,[車牌]4長毛避光墊                                               
1130429GF0000001,Z1010H2YGVTRXF      ,1.0,7500.0,組   ,2300.0,,,,1.0,10吋電子後視行車紀錄器                                                
1130429GF0000002,DAYQQWW             ,1.0,1000.0,組   ,280.0,,,,1.0,卡夢自排檔頭                                                      
1130501GF0000001,ZEROVRMG18          ,1.0,790.0,支   ,325.0,,,,1.0,ZERO矽膠雨刷18吋                                                 
1121218GF0000001,SAXO1040            ,5.0,400.0,罐   ,120.0,,,,1.0,SAXO 10W/40機油                                               
1121218GF0000001,ZINGERDFV           ,1.0,400.0,各   ,150.0,,,,2.0,ZINGER空氣芯                                                   
1121218GF0000001,ZEROFV1UUR          ,1.0,400.0,罐   ,180.0,,,,3.0,ZERO全效保養汽車精[車牌]                                            
1121218GF0000001,FCOUSUV             ,1.0,200.0,各   ,100.0,,,,4.0,FCOUS油芯                                                     
1121218GF0000002,2TXWSDXU            ,1.0,750.0,組   ,380.0,,,,1.0,倒車雷達內崁兩眼-禾麟                                                 
1121219GF0000001,RSEN02F             ,2.0,1000.0,各   ,400.0,,,,2.0,RSEN安定器                                                     
1121223GF0000001,CLA2500UV           ,1.0,750.0,各   ,300.0,,,,2.0,CLA-250專用油芯                                                 
1121223GF0000001,CLA250DFV           ,1.0,1250.0,各   ,350.0,,,,3.0,CLA-250空氣芯                                                  
1121223GF0000001,SAXOC35W30FHU       ,6.0,750.0,罐   ,220.0,,,,5.0,SAXO C3 5W30柴油共用遊                                           
1121219GF0000001,RSENH116000K        ,2.0,500.0,各   ,150.0,,,,3.0,RSEB H11 6000K HID燈泡                                        
1121223GF0000001,ZEROAMN+RFC         ,1.0,850.0,罐   ,320.0,,,,4.0,ZERO鉬元素+噴油嘴除扣劑                                              
1121223GF0000001,2XGW                ,1.0,650.0,卷   ,80.0,,,,6.0,鍍洛門邊飾條                                                      
1121223GF0000002,2TXWVTAVU           ,1.0,4000.0,組   ,450.0,,,,1.0,倒車顯影(帶燈小草帽)寶馬頭                                              
1121223GF0000002,OBT2FHWWVGF         ,1.0,3000.0,組   ,1000.0,,,,2.0,OBT抬頭顯示器(七彩)                                                
1121223GF0000003,LD7GVVTRXF          ,1.0,7500.0,組   ,2000.0,,,,1.0,LD-7雙眼行車記錄器                                                 
1121223GF0000004,APPWWVGF            ,1.0,2800.0,組   ,1900.0,,,,1.0,APP抬頭顯示 OBT四代                                               
1121225GF0000001,SAXO1040            ,4.0,400.0,罐   ,120.0,,,,1.0,SAXO 10W/40機油                                               
1121225GF0000001,ZWUV                ,1.0,100.0,各   ,50.0,,,,2.0,豐田油芯                                                        
1121225GF0000001,ABRORU5XR           ,1.0,550.0,罐   ,150.0,,,,3.0,ABRO機油止漏劑                                                   
1121227GF0000001,ZJTUA               ,1.0,300.0,罐   ,80.0,,,,1.0,防霧除油膜                                                       
1121227GF0000001,EY                  ,1.0,250.0,次   ,0.0,,,,2.0,工資                                                          
1121227GF0000001,FT1CWJE             ,1.0,450.0,組   ,113.0,,,,3.0,汽車保護貼碗公                                                     
1121229GF0000001,LD-9JVGSR           ,1.0,1800.0,次   ,800.0,,,,1.0,LD-9後視鏡維修                                                   
1121229GF0000001,LD9VTRXFV           ,1.0,700.0,各   ,150.0,,,,2.0,LD-9行車紀錄器線                                                  
1121229GF0000002,SAXO1040            ,4.0,400.0,罐   ,120.0,,,,1.0,SAXO 10W/40機油                                               
1121229GF0000002,AYW3DFV             ,1.0,450.0,各   ,200.0,,,,2.0,馬自達3空氣芯                                                     
1121229GF0000002,CARGTUV             ,1.0,200.0,罐   ,90.0,,,,3.0,CAR煞車油(小)                                                   
1121229GF0000002,ABROZVQU            ,1.0,200.0,罐   ,140.0,,,,4.0,ABRO方向盤油(含止漏)                                               
1121229GF0000002,V37GRR              ,1.0,400.0,組   ,100.0,,,,5.0,V37儀表板手機架                                                   
1121229GF0000002,GN12036ZVQW         ,1.0,350.0,條   ,90.0,,,,6.0,GN-120 36節方向盤套                                              
1121229GF0000002,MP3XUXW             ,1.0,1000.0,組   ,520.0,,,,7.0,樂團FM藍芽音樂播放器                                                 
1121230GF0000001,2TVUAHDVTA          ,1.0,3000.0,組   ,600.0,,,,1.0,AHD倒車顯影(帶燈小草帽)寶馬頭                                           
1121229GF0000003,05GUVTRXFVW         ,1.0,1500.0,條   ,500.0,,,,1.0,安卓雙眼行車紀錄器線頭                                                 
1121230GF0000001,VBDEFFVE            ,1.0,300.0,各   ,55.0,,,,2.0,向日葵鋼圈清洗劑 500G                                               
1121230GF0000002,NB1040              ,5.0,500.0,罐   ,200.0,,,,1.0,NB 10/40機油                                                  
1121230GF0000002,NXUR                ,1.0,100.0,各   ,45.0,,,,2.0,三菱油芯                                                        
1121230GF0000002,IX35DFV             ,1.0,450.0,各   ,250.0,,,,3.0,IX35 空氣芯                                                    
1121230GF0000002,IX35XFXJ            ,1.0,550.0,各   ,250.0,,,,4.0,IX35冷氣濾網                                                    
1121230GF0000002,ZEROFV1UUR          ,1.0,400.0,罐   ,180.0,,,,5.0,ZERO全效保養汽車精[車牌]                                            
1121230GF0000002,12FVRU5XR           ,1.0,650.0,罐   ,120.0,,,,6.0,八大全效機油精                                                     
1121230GF0000002,SENFINCEODFFRR      ,1.0,1500.0,罐   ,180.0,,,,7.0,西德SENFINCEO空氣清潔劑9980                                        
1121230GF0000001,H422                ,2.0,100.0,各   ,35.0,,,,3.0,H4大燈燈泡 55W                                                  
1121230GF0000003,Z1010H2YGVTRXF      ,1.0,7000.0,組   ,2300.0,,,,1.0,10吋電子後視行車紀錄器                                                
1121230GF0000004,RSENT105630         ,2.0,300.0,卡   ,120.0,,,,1.0,RSEN T10 5630 10燈                                           
1121230GF0000003,2UFY4.8A            ,1.0,600.0,組   ,290.0,,,,2.0,點煙座 4.8A 12V 1+2+1 NIKE                                     
1130103GF0000001,2013EAX055R         ,1.0,15500.0,組   ,9500.0,,,,1.0,2013冠美麗安卓主機4+64                                             
1130105GF0000001,CXAZVQAWMA          ,1.0,750.0,各   ,410.0,,,,1.0,好力馬方向盤曼陀(原木)                                                
1130106GF0000001,MP3XUXW             ,1.0,1000.0,組   ,520.0,,,,1.0,樂團FM藍芽音樂播放器                                                 
1130106GF0000001,2012TIDANQFMT       ,1.0,1500.0,組   ,700.0,,,,2.0,[車牌]A(四片)晴雨窗                                             
1130106GF0000001,13TIDATA1E2         ,1.0,600.0,組   ,300.0,,,,5.0,13 TIDA長毛避光墊                                                
1130106GF0000001,T09GRR              ,1.0,200.0,組   ,120.0,,,,4.0,T09手機出風口手機架                                                 
1130106GF0000002,EY                  ,1.0,1400.0,次   ,0.0,,[已隱蔽],,1.0,工資                                                          
1130106GF0000002,ABTE040             ,1.0,1100.0,組   ,580.0,,,,2.0,ABT-E040Q3.0黑(3孔4USB)                                       
1130108GF0000001,RSEN02F             ,2.0,1000.0,各   ,400.0,,,,4.0,RSEN安定器                                                     
1130105GF0000002,AH59ZVQW            ,1.0,850.0,條   ,340.0,,,,2.0,AH-59方向盤套                                                   
1130105GF0000002,SR-348TY            ,1.0,900.0,組   ,510.0,,,,3.0,SR-348(6.2A)有線開關+2孔插座                                       
1130105GF0000002,S5RU7GT2WQ          ,1.0,750.0,組   ,400.0,,,,4.0,娜智傑煞車踏板橡膠皮                                                  
1130105GF0000002,ZEROVRMG16          ,1.0,880.0,支   ,325.0,,,,5.0,ZERO矽膠雨刷16吋                                                 
1130105GF0000002,S5RM7FMT            ,1.0,2000.0,組   ,700.0,,,,9.0,納智傑U7(四片)晴雨窗                                                
1130511GF0000001,RSEND44300K         ,1.0,1500.0,各   ,500.0,,,,1.0,RSEN D4 4300K燈泡                                             
1130110GF0000001,JA-16VTF            ,1.0,900.0,組   ,450.0,,,,3.0,JA-16吸塵器                                                    
1130110GF0000001,J00350CMG           ,1.0,400.0,支   ,130.0,,,,4.0,J00350後雨刷                                                   
1130110GF0000001,NOIDNRMG26          ,1.0,350.0,支   ,100.0,,,,5.0,NOID三節雨刷 26吋                                                
1130105GF0000002,S5RM7TA1E2          ,1.0,1000.0,組   ,300.0,,,,10.0,那智傑M7長毛避光墊                                                  
1130110GF0000002,HF007TA1Y           ,1.0,300.0,組   ,64.0,,,,1.0,拆面板組                                                        
1130110GF0000002,GN400VU552          ,2.0,300.0,各   ,100.0,,,,2.0,GN-400消音制震墊                                                 
1130110GF0000002,IEB001X1EUH         ,1.0,600.0,組   ,310.0,,,,3.0,IEB-2A車之首鋁箔隔音材 90CM*120M                                    
1130110GF0000002,GARMINVQR           ,1.0,600.0,各   ,52.0,,,,4.0,GARMIN吸盤架                                                   
1130111GF0000001,ERQ602Q             ,1.0,2600.0,各   ,1750.0,,,,1.0,國際牌60電瓶                                                     
1130113GF0000001,15FCOUSTA1E2        ,1.0,800.0,組   ,300.0,,,,1.0,15FCOUS長毛避光墊                                                
1130113GF0000002,ABTE091ZDJMAIGDJVJF ,1.0,1000.0,組   ,650.0,,,,1.0,ABT-E091芳香物語AI雙孔無限霧化機                                       
1130113GF0000002,ZEROVRMG16          ,1.0,880.0,支   ,325.0,,,,2.0,ZERO矽膠雨刷16吋                                                 
1130113GF0000002,ZEROVRMG24          ,1.0,1120.0,支   ,415.0,,,,3.0,ZERO矽膠雨刷24吋                                                 
1130113GF0000002,LD-9JVGSR           ,1.0,1800.0,次   ,800.0,,,,4.0,LD-9後視鏡維修                                                   
1130113GF0000002,LD9VTRXFV           ,1.0,700.0,各   ,150.0,,,,5.0,LD-9行車紀錄器線                                                  
1130106GF0000001,TJ6185J2            ,1.0,350.0,組   ,125.0,,,,6.0,TJ-618置物袋                                                   
1130106GF0000001,PNSHG03             ,1.0,150.0,組   ,20.0,,,,7.0,萬用掛勾 後頭枕 無私角                                                
1130106GF0000001,8YCA                ,1.0,50.0,各   ,30.0,,,,8.0,8字海棉                                                        
1130106GF0000001,RSENA1FTU11A5W      ,1.0,350.0,組   ,120.0,,,,9.0,RSEN A1汽車背面紙套                                               
1130113GF0000003,ZV5G539HNF          ,1.0,3000.0,組   ,1900.0,,,,1.0,發現者F-539測速器                                                 
1130105GF0000002,ZEROVRMG24          ,1.0,1120.0,支   ,415.0,,,,6.0,ZERO矽膠雨刷24吋                                                 
1130108GF0000002,2TXWSDXU            ,1.0,3500.0,組   ,380.0,,,,2.0,倒車雷達內崁兩眼-禾麟                                                 
1130108GF0000002,3D1F1               ,1.0,250.0,支   ,90.0,,,,3.0,3D補漆筆                                                       
1130108GF0000002,929TX               ,1.0,150.0,罐   ,58.0,,,,4.0,929粗蠟                                                       
1130108GF0000003,2XDC2D              ,1.0,750.0,各   ,450.0,,,,1.0,得利卡(L)後燈殼                                                   
1130105GF0000002,LD72UVTRXF          ,1.0,3500.0,組   ,1500.0,,,,8.0,LD-7單眼行車記錄器                                                 
1130110GF0000001,NOIDNRMG16          ,1.0,250.0,支   ,100.0,,,,1.0,NOID三節雨刷 16吋                                                
1130105GF0000002,U75MW2              ,1.0,750.0,組   ,480.0,,,,11.0,U7專用踏墊                                                      
1130116GF0000001,NB1040              ,5.0,550.0,罐   ,200.0,,,,1.0,NB 10/40機油                                                  
1130501GF0000001,ZEROVRMG24          ,1.0,1000.0,支   ,415.0,,,,2.0,ZERO矽膠雨刷24吋                                                 
1130116GF0000001,CRVUV               ,1.0,200.0,各   ,50.0,,,,2.0,CRV油芯                                                       
1130116GF0000001,HRADFV              ,1.0,450.0,各   ,250.0,,,,3.0,HRV空氣芯                                                      
1130116GF0000001,UX0GVR              ,1.0,200.0,罐   ,80.0,,,,4.0,亞力安水箱精                                                      
1130117GF0000001,CARDIOCA700.1A      ,1.0,11000.0,組   ,7000.0,,,,1.0,CADIO 7吋 2+32安卓主機                                           
1130117GF0000001,055MVTRXF           ,1.0,6000.0,組   ,3000.0,,,,2.0,安卓專用雙眼行車紀錄器                                                 
1130118GF0000001,EY                  ,1.0,300.0,次   ,0.0,,,,1.0,工資                                                          
1130118GF0000001,ZWUV                ,1.0,100.0,各   ,50.0,,,,2.0,豐田油芯                                                        
1130118GF0000001,VUDFV               ,1.0,350.0,各   ,200.0,,,,5.0,雄鷹空氣芯                                                       
1130118GF0000001,RSENUEMG20H         ,1.0,200.0,各   ,70.0,,,,6.0,RSEN硬骨20吋雨刷                                                 
1130118GF0000002,32G                 ,2.0,500.0,各   ,180.0,,,,1.0,32G卡片                                                       
1130118GF0000002,NO16375TGGD         ,1.0,400.0,組   ,150.0,,,,2.0,NO-1637(直插式)雙孔+USB 12V/12V插座                                
1130118GF0000003,NB1040              ,4.0,500.0,罐   ,200.0,,,,1.0,NB 10/40機油                                                  
1130118GF0000003,RSENGVR             ,1.0,150.0,罐   ,70.0,,,,2.0,RSEN水箱精                                                     
1130118GF0000003,ABROUFFVR           ,1.0,350.0,罐   ,95.0,,,,3.0,ABRO引擎清洗劑                                                   
1130118GF0000003,VR1RUV              ,1.0,150.0,各   ,50.0,,,,4.0,新尖兵機油芯                                                      
1130118GF0000003,TIDADFV             ,1.0,350.0,各   ,180.0,,,,5.0,TIDA空氣芯                                                     
1130119GF0000001,ZV5G539HNF          ,1.0,2800.0,組   ,1900.0,,,,1.0,發現者F-539測速器                                                 
1130120GF0000001,NB1040              ,4.0,500.0,罐   ,200.0,,,,1.0,NB 10/40機油                                                  
1130120GF0000001,ABROGV5X            ,1.0,200.0,罐   ,80.0,,,,2.0,ABRO水箱止漏劑                                                   
1130120GF0000001,G74435630           ,1.0,900.0,卡   ,240.0,,,,3.0,7443後煞車燈 魚眼10各5630                                          
1130125GF0000001,EY                  ,1.0,500.0,次   ,0.0,,,,4.0,工資                                                          
1130125GF0000001,WISHUV              ,1.0,200.0,各   ,65.0,,,,5.0,WISH油芯                                                      
1130125GF0000002,CARDIOCA700.1A      ,1.0,11500.0,組   ,7000.0,,,,1.0,CADIO 7吋 2+32安卓主機                                           
1130125GF0000002,055MVTRXF           ,1.0,7500.0,組   ,3000.0,,,,2.0,安卓專用雙眼行車紀錄器                                                 
1130125GF0000002,NOIDNRMG16          ,1.0,250.0,支   ,100.0,,,,3.0,NOID三節雨刷 16吋                                                
1130125GF0000002,NOIDNRMG24          ,1.0,350.0,支   ,100.0,,,,4.0,NOID三節雨刷 24吋                                                
1130125GF0000002,RSENMGR             ,1.0,200.0,罐   ,70.0,,,,5.0,RSEN雨刷精                                                     
1130126GF0000001,EY                  ,1.0,500.0,次   ,0.0,,,,1.0,工資                                                          
1130128GF0000001,ZV5G539HNF          ,1.0,3500.0,組   ,1900.0,,,,1.0,發現者F-539測速器                                                 
1130128GF0000001,ERQ55D23L2Q         ,1.0,3000.0,各   ,2100.0,,,,2.0,國際牌70D23L電瓶瓶                                                
1130128GF0000001,32G                 ,1.0,500.0,各   ,180.0,,,,3.0,32G卡片                                                       
1130130GF0000001,2TXWSDXU            ,1.0,750.0,組   ,380.0,,,,1.0,倒車雷達內崁兩眼-禾麟                                                 
1130130GF0000002,F501TAZQW           ,1.0,300.0,捲   ,140.0,,,,1.0,F501車門碰條                                                    
1130131GF0000001,4.3H52TV            ,1.0,3000.0,組   ,600.0,,,,1.0,4.3吋折疊TV                                                    
1130201GF0000001,3D1F1               ,1.0,250.0,支   ,90.0,,,,1.0,3D補漆筆                                                       
1130201GF0000001,EY                  ,1.0,750.0,次   ,0.0,,,,2.0,工資                                                          
1130201GF0000002,FY2T2R              ,1.0,2571.0,組   ,1800.0,,,,1.0,全自動電瓶充電器                                                    
1130202GF0000001,E00729              ,1.0,30.0,張   ,15.0,,,,1.0,AKRAPOVIC貼紙                                                 
1130202GF0000001,E01020              ,2.0,30.0,張   ,15.0,,,,2.0,EMax貼紙                                                      
1130202GF0000001,D00392              ,4.0,25.0,張   ,12.0,,,,3.0,班尼頓貼紙                                                       
1130204GF0000002,WISH8C4+64055R      ,1.0,15500.0,組   ,9500.0,,,,1.0,WISH 8核 4+64安卓主機                                            
1130204GF0000002,2TVUAHDJE           ,1.0,3000.0,組   ,450.0,,,,2.0,AHD倒車顯影(8燈外掛)寶馬頭                                            
1130205GF0000001,H1135W22Q           ,1.0,300.0,各   ,90.0,,,,1.0,H11 55W 燈泡                                                  
1130205GF0000001,UTEY                ,1.0,300.0,次   ,0.0,,,,2.0,驗車工資                                                        
1130205GF0000002,16322T              ,4.0,250.0,各   ,25.0,,,,1.0,1632電池                                                      
1130205GF0000002,XWH5EY              ,1.0,500.0,次   ,200.0,,,,2.0,輪胎拆裝工資                                                      
1130205GF0000002,CLA25022545R17XW    ,1.0,5500.0,各   ,4200.0,,,,3.0,CLA250 225/45R/17 馬牌輪胎                                      
1130206GF0000001,NB1040              ,4.0,550.0,罐   ,200.0,,,,1.0,NB 10/40機油                                                  
1130206GF0000001,XGRUV               ,1.0,100.0,各   ,60.0,,,,2.0,菱帥機油芯                                                       
1130206GF0000001,FORTISDFV           ,1.0,400.0,各   ,180.0,,,,3.0,FORTIS空氣芯                                                   
1130206GF0000001,FORTISXFXJ          ,1.0,500.0,各   ,250.0,,,,4.0,FORTIS冷氣濾網                                                  
1130206GF0000001,SENFINECOFURFFVR    ,1.0,1800.0,罐   ,400.0,,,,5.0,西德SENFINECO汽油進氣系統清洗劑9921                                    
1130206GF0000001,ZEROVRMG16          ,1.0,800.0,支   ,325.0,,,,6.0,ZERO矽膠雨刷16吋                                                 
1130206GF0000001,ZEROVRMG24          ,1.0,1000.0,支   ,415.0,,,,7.0,ZERO矽膠雨刷24吋                                                 
1130207GF0000001,RSENH118000K        ,2.0,500.0,各   ,150.0,,,,1.0,RSEN H11 8000K燈泡                                            
1130207GF0000001,RSEN02F             ,2.0,1000.0,各   ,400.0,,,,2.0,RSEN安定器                                                     
1130208GF0000001,V18LEDH7            ,1.0,2499.0,組   ,1700.0,,,,1.0,V18 LED H7燈炮                                                
1130208GF0000002,LE-7512Z2R          ,1.0,5000.0,組   ,2500.0,,,,1.0,LE-7512發電機                                                  
1130208GF0000002,LE-7512Z2REY        ,1.0,1000.0,次   ,600.0,,,,2.0,LE-7512發電機安裝工資                                              
1130208GF0000002,LE-7512R2F          ,1.0,2000.0,各   ,1200.0,,,,3.0,LE-7512繼電器                                                  
1130208GF0000003,RSENHID55WUADG      ,2.0,2000.0,各   ,600.0,,,,1.0,RSEN HID 55W安定器(一秒快閃)                                       
1130208GF0000003,AH64ZVQW            ,1.0,750.0,條   ,280.0,,,,2.0,AH-64方向盤套                                                   
1130208GF0000003,NO16375TGGD         ,1.0,400.0,組   ,150.0,,,,4.0,NO-1637(直插式)雙孔+USB 12V/12V插座                                
1130208GF0000003,NOIDNRMG18          ,1.0,300.0,支   ,100.0,,,,5.0,NOID三節雨刷 18吋                                                
1130208GF0000003,NOIDNRMG22          ,1.0,350.0,支   ,100.0,,,,6.0,NOID三節雨刷 22吋                                                
1130208GF0000004,V1                  ,1.0,800.0,組   ,500.0,,,,1.0,線包                                                          
1130208GF0000004,LP6920F2D           ,1.0,120.0,各   ,35.0,,,,2.0,LP-692安全帶扣                                                  
1130208GF0000004,NO771WVG            ,1.0,200.0,各   ,75.0,,,,3.0,NO-77備長炭香水                                                  
1130208GF0000004,EX0085JC            ,1.0,500.0,組   ,250.0,,,,4.0,EX-008置物盒                                                   
1130209GF0000001,AY25054+645R        ,1.0,16500.0,組   ,9500.0,,,,1.0,馬自達5 4+64安卓主機                                               
1130523GF0000003,ABTE040             ,1.0,1200.0,組   ,580.0,,,,4.0,ABT-E040Q3.0黑(3孔4USB)                                       
1130523GF0000003,ABTA077             ,1.0,500.0,組   ,130.0,,,,5.0,mini電動型萬用冷氣口手機架                                             
1130523GF0000002,RSENHID5RF          ,1.0,500.0,各   ,100.0,,,,2.0,RSEN HID轉接器                                                 
1130524GF0000001,302DTV              ,1.0,300.0,組   ,150.0,,,,1.0,302快充線                                                      
1130524GF0000001,PNSE014             ,1.0,350.0,組   ,100.0,,,,2.0,90度彎頭安著手機線                                                  
1130524GF0000001,ABT-E094            ,1.0,350.0,組   ,200.0,,,,3.0,車門防撞語音警報器                                                   
1130527GF0000001,OB59G1              ,1.0,1000.0,組   ,189.0,,,,1.0,OB-59門邊飾板                                                   
1130527GF0000001,K00295              ,1.0,200.0,張   ,50.0,,,,2.0,火焰/立體黑紅白                                                    
1130527GF0000002,BNF-6175055R        ,1.0,14200.0,組   ,9000.0,,,,1.0,[車牌] 4+64馬自達3安卓主機                                       
1130527GF0000002,M00199              ,1.0,200.0,張   ,80.0,,,,2.0,藤原豆腐店(自家用)                                                  
1130209GF0000002,ABTE091ZDJMAIGDJVJF ,1.0,1000.0,組   ,650.0,,,,1.0,ABT-E091芳香物語AI雙孔無限霧化機                                       
1130209GF0000002,HNFVW               ,1.0,1000.0,條   ,150.0,,,,2.0,測速器線頭                                                       
1130215GF0000001,5Y5VTRXF            ,1.0,2500.0,組   ,1200.0,,,,1.0,追蹤者X2行車紀錄器                                                  
1130215GF0000002,ABTE040             ,1.0,1500.0,組   ,580.0,,,,1.0,ABT-E040Q3.0黑(3孔4USB)                                       
1130217GF0000001,GARMIN532C          ,1.0,4999.0,組   ,4500.0,,,,1.0,GARMIN 53導航                                                 
1130217GF0000001,LD72UVTRXF          ,1.0,3500.0,組   ,1500.0,,,,2.0,LD-7單眼行車記錄器                                                 
1130217GF0000002,RSENT105630         ,1.0,400.0,卡   ,120.0,,,,2.0,RSEN T10 5630 10燈                                           
1130217GF0000002,IN312835GS2         ,2.0,400.0,組   ,180.0,,,,3.0,IN31AL-2835 6顆LED室內燈 白光 歐規                                  
1130217GF0000002,AFL283578           ,1.0,500.0,組   ,90.0,,,,4.0,軟條燈2835-78LED                                               
1130222GF0000001,2TX23UDB            ,1.0,1000.0,組   ,480.0,,,,1.0,倒車雷達3眼崁入                                                    
1130217GF0000002,RSENT104014242      ,1.0,450.0,組   ,160.0,,,,5.0,RSEN T10 4014 24燈                                           
1130217GF0000003,DAYQQWW             ,1.0,700.0,組   ,280.0,,,,1.0,卡夢自排檔頭                                                      
1130219GF0000001,WF602Q              ,1.0,2300.0,各   ,1500.0,,,,2.0,湯淺60電瓶                                                      
1130220GF0000001,Z1010H2YGVTRXF      ,1.0,5000.0,組   ,2300.0,,,,1.0,10吋電子後視行車紀錄器                                                
1130220GF0000002,5HMVGXCA            ,2.0,120.0,各   ,60.0,,,,2.0,5吋圓形上蠟海棉                                                    
1130220GF0000002,6HMVGXCA            ,2.0,120.0,各   ,60.0,,,,3.0,6吋圓型上蠟海棉                                                    
1130220GF0000002,ABT563FYQD          ,1.0,150.0,組   ,84.0,,,,4.0,ABT-563七字牌框                                                 
1130220GF0000002,6YQD                ,1.0,150.0,各   ,80.0,,,,5.0,6字牌框                                                        
1130221GF0000001,2XDFMT              ,1.0,750.0,組   ,450.0,,,,1.0,得利卡晴雨窗                                                      
1130217GF0000002,H11LED3N            ,1.0,2500.0,組   ,800.0,,,,6.0,H11 LED 3色                                                  
1130226GF0000001,Z10GUVTRXF20A       ,1.0,5500.0,組   ,2600.0,,,,1.0,Z10雙眼行車紀錄器(15米)                                             
1130227GF0000001,RSEND1S8000K        ,1.0,1500.0,各   ,450.0,,,,1.0,RSEN D1S 8000K燈泡                                            
1130227GF0000002,01ALTIS5MW2         ,1.0,600.0,組   ,300.0,,,,1.0,01ALTIS專用踏墊                                                 
1130227GF0000003,ZEROFV1UUR          ,1.0,400.0,罐   ,180.0,,,,1.0,ZERO全效保養汽車精[車牌]                                            
1130229GF0000001,2TXWSDXU            ,1.0,750.0,組   ,380.0,,[已隱蔽],,1.0,倒車雷達內崁兩眼-禾麟                                                 
1130301GF0000001,82VACVN             ,4.0,850.0,各   ,460.0,,,,1.0,8代喜美火星塞                                                     
1130301GF0000001,NB1040              ,4.0,550.0,罐   ,200.0,,,,2.0,NB 10/40機油                                                  
1130301GF0000001,82VADFV             ,1.0,450.0,各   ,130.0,,,,3.0,8代喜美空氣芯1.8                                                  
1130301GF0000001,82VAUV              ,1.0,200.0,各   ,80.0,,,,4.0,8代喜美油芯                                                      
1130301GF0000001,ABROUFFVR           ,1.0,450.0,罐   ,95.0,,,,5.0,ABRO引擎清洗劑                                                   
1130301GF0000001,ZEROFV1UUR          ,1.0,400.0,罐   ,180.0,,,,6.0,ZERO全效保養汽車精[車牌]                                            
1130301GF0000001,H8222Q              ,1.0,400.0,各   ,50.0,,,,7.0,H8大燈燈泡                                                      
1130301GF0000001,82VAXFXJ            ,1.0,600.0,組   ,200.0,,,,8.0,8代喜美冷氣濾網                                                    
1130301GF0000001,12FVRU5XR           ,1.0,500.0,罐   ,120.0,,,,9.0,八大全效機油精                                                     
1130304GF0000001,MIOD20VTRXF         ,1.0,4000.0,組   ,2000.0,,,,1.0,MIO D20(GPS)行車紀錄器                                           
1130304GF0000001,VTRXFCGRV           ,1.0,300.0,組   ,150.0,,,,2.0,後視鏡行車紀錄器架                                                   
1130304GF0000002,Z1010H2YGVTRXF      ,1.0,7000.0,組   ,2300.0,,,,1.0,10吋電子後視行車紀錄器                                                
1130304GF0000002,UJGYXCR             ,4.0,70.0,各   ,35.0,,,,2.0,英文數字/鋁合金                                                    
1130304GF0000002,LW-P001             ,1.0,220.0,各   ,100.0,,,,3.0,置物架                                                         
1130305GF0000001,2TX2NU              ,1.0,1250.0,組   ,580.0,,[已隱蔽],,1.0,倒車雷達(四眼)崁入                                                  
1130305GF0000001,2TXWSDXU            ,1.0,750.0,組   ,380.0,,[已隱蔽],,2.0,倒車雷達內崁兩眼-禾麟                                                 
1130305GF0000002,5SR                 ,2.0,250.0,各   ,52.0,,,,1.0,助黏劑                                                         
1130306GF0000001,RSEND1S8000K        ,1.0,1500.0,各   ,450.0,,,,1.0,RSEN D1S 8000K燈泡                                            
1130307GF0000001,A7MVEY2             ,2.0,700.0,各   ,400.0,,,,1.0,A-7圓形27W9顆工作燈(24V/12V)                                      
1130307GF0000002,Z1010H2YGVTRXF      ,1.0,6667.0,組   ,2300.0,,,,1.0,10吋電子後視行車紀錄器                                                
1130308GF0000001,2GE                 ,1.0,1800.0,組   ,400.0,,,,1.0,大聲公(918)                                                    
1130308GF0000001,LEDXG2W             ,1.0,2000.0,組   ,170.0,,,,2.0,LED流水燈條1.2MM                                                
1110817GF0000004,RSEND23000K         ,1.0,1000.0,各   ,250.0,,,,1.0,RSEN D2 3000K燈泡                                             
1130309GF0000002,KMWTV               ,2.0,100.0,各   ,40.0,,,,2.0,鱷魚頭出線                                                       
1130308GF0000001,S28WGDE             ,1.0,200.0,組   ,40.0,,,,3.0,S-28貼式二段開關                                                  
1130309GF0000003,RSEND23000K         ,1.0,1200.0,各   ,250.0,,,,1.0,RSEN D2 3000K燈泡                                             
1130309GF0000003,RSEN02F             ,1.0,1500.0,各   ,400.0,,,,2.0,RSEN安定器                                                     
1130309GF0000003,EY                  ,1.0,500.0,次   ,0.0,,,,4.0,工資                                                          
1130311GF0000001,FS81TFE             ,1.0,150.0,組   ,40.0,,,,1.0,FS-6426氣嘴蓋                                                  
1130311GF0000001,MP3XUXW             ,1.0,1000.0,組   ,520.0,,,,2.0,樂團FM藍芽音樂播放器                                                 
1130311GF0000001,OBLRUR              ,1.0,650.0,罐   ,300.0,,,,3.0,OBL機油精                                                      
1130311GF0000001,VVXN                ,1.0,200.0,組   ,100.0,,,,4.0,星形螺絲                                                        
1130311GF0000001,FORTISTA1E2         ,1.0,500.0,組   ,220.0,,,,5.0,FORTIS長毛避光墊                                                 
1130311GF0000001,EY                  ,1.0,200.0,次   ,0.0,,,,6.0,工資                                                          
1130311GF0000002,V18H4LED22          ,1.0,2499.0,組   ,1700.0,,,,1.0,V18 H4LED 大燈                                                
1130311GF0000002,DAW510*50           ,1.0,200.0,張   ,20.0,,,,2.0,卡夢貼紙10*50cm                                                 
1130311GF0000002,EY                  ,1.0,201.0,次   ,0.0,,,,3.0,工資                                                          
1130311GF0000003,CAR5205R            ,1.0,3500.0,組   ,550.0,,,,1.0,CAR MP3 520無碟主機                                             
1130311GF0000003,EY                  ,1.0,500.0,次   ,0.0,,,,2.0,工資                                                          
1130311GF0000004,Z10GUVTRXF20A       ,1.0,5500.0,組   ,2600.0,,,,1.0,Z10雙眼行車紀錄器(15米)                                             
1130313GF0000001,V1                  ,1.0,1200.0,組   ,500.0,,,,1.0,線包                                                          
1130313GF0000001,EY                  ,1.0,1000.0,次   ,0.0,,,,3.0,工資                                                          
1130313GF0000001,ID1.52B             ,1.0,2500.0,各   ,900.0,,,,4.0,ID 1.5電容                                                    
1130313GF0000002,Z1212H2YVTRXF       ,1.0,10000.0,組   ,4000.0,,,,1.0,12吋電子後視行車紀錄器                                                
1130313GF0000001,AV5VC               ,1.0,600.0,組   ,180.0,,,,5.0,AV轉換器                                                       
1130313GF0000002,VBDXEX              ,4.0,100.0,罐   ,55.0,,,,2.0,向日葵橘油亮光蠟  [車牌]                                             
1130313GF0000002,VBD1UFRR            ,2.0,300.0,罐   ,60.0,,,,3.0,向日葵柏油清潔劑                                                    
1130313GF0000002,U00075              ,2.0,850.0,組   ,400.0,,,,4.0,VINA飛航安全帶扣(2入裝)                                             
1130313GF0000001,EY                  ,1.0,1200.0,次   ,0.0,,,,6.0,工資                                                          
1130315GF0000001,LD7GVVTRXF          ,1.0,3500.0,組   ,2000.0,,,,1.0,LD-7雙眼行車記錄器                                                 
1130315GF0000002,09011LEDXR2         ,1.0,1250.0,組   ,650.0,,,,1.0,0[車牌]兩節燈(紅藍)12/24V                                      
1130316GF0000001,D2LDE6000K2Q        ,1.0,3000.0,組   ,1100.0,,,,1.0,D2 [車牌]K燈泡                                              
1130316GF0000002,WISHUV              ,1.0,200.0,各   ,65.0,,,,2.0,WISH油芯                                                      
1130316GF0000002,ZEROFV1UUR          ,1.0,350.0,罐   ,180.0,,,,3.0,ZERO全效保養汽車精[車牌]                                            
1130323GF0000003,ZXDDFV              ,1.0,450.0,各   ,150.0,,,,2.0,菲利卡空氣芯                                                      
1130606GF0000002,HK902DUX1           ,1.0,700.0,組   ,260.0,,,,2.0,HK-902快音喇叭 WRC                                              
1130606GF0000002,G2DE                ,1.0,150.0,各   ,80.0,,,,3.0,水滴開關                                                        
1130607GF0000001,AWL-57724+645R      ,1.0,15500.0,組   ,9500.0,,,,1.0,[車牌] 4+64安卓主機                                           
1130607GF0000001,EY                  ,1.0,500.0,次   ,0.0,,,,2.0,工資                                                          
1130611GF0000001,HK902DUX1           ,1.0,1300.0,組   ,260.0,,,,1.0,HK-902快音喇叭 WRC                                              
1130611GF0000002,RSEND44300K         ,1.0,1500.0,各   ,500.0,,,,1.0,RSEN D4 4300K燈泡                                             
1130611GF0000002,RSENHID5RF          ,1.0,500.0,各   ,100.0,,,,2.0,RSEN HID轉接器                                                 
1130611GF0000002,RSEN02F             ,1.0,1000.0,各   ,400.0,,,,3.0,RSEN安定器                                                     
1130612GF0000001,NB1040              ,4.0,550.0,罐   ,200.0,,,,1.0,NB 10/40機油                                                  
1130612GF0000001,ZWUV                ,1.0,100.0,各   ,50.0,,,,2.0,豐田油芯                                                        
1130613GF0000004,H-326111X1          ,1.0,600.0,組   ,160.0,,,,1.0,H-32611嗶嗶喇叭                                                 
1130613GF0000004,ABROHUR             ,1.0,350.0,罐   ,130.0,,,,2.0,ABRO 柴油精                                                    
1130614GF0000001,KH-8281WERY         ,1.0,250.0,組   ,120.0,,,,1.0,KH-828補胎工具組                                                 
1130614GF0000002,SENFINECORU5X       ,1.0,600.0,罐   ,160.0,,,,1.0,西德SENFINECO機油止漏劑                                            
1130614GF0000002,ZEROFV1UUR          ,1.0,400.0,罐   ,180.0,,,,2.0,ZERO全效保養汽車精[車牌]                                            
1130614GF0000002,RSEND243000K2Q      ,1.0,1500.0,各   ,250.0,,,,3.0,RSEN D2H 4300K22燈泡                                          
1130615GF0000003,2280-MR             ,1.0,5800.0,組   ,2500.0,,,,1.0,[車牌]冠美麗冷氣散熱馬達                                            
1130615GF0000003,2280-MRG1Q          ,1.0,4000.0,組   ,2500.0,,,,2.0,[車牌]冠美麗水邦浦                                               
1130615GF0000003,2280-MRGVR2         ,1.0,1000.0,罐   ,600.0,,,,3.0,[車牌]冠美麗水箱精(大)                                            
1130615GF0000003,2280-MRVGE          ,1.0,1500.0,支   ,700.0,,,,4.0,[車牌]冠美麗下水管(正廠)                                           
1130619GF0000001,Z1010H2YGVTRXF      ,1.0,5000.0,組   ,2300.0,,,,1.0,10吋電子後視行車紀錄器                                                
1130619GF0000002,96R2CGRE            ,1.0,1000.0,組   ,550.0,,,,1.0,96監達後視鏡桿                                                    
1130619GF0000002,96R2CGRQ            ,1.0,1000.0,各   ,300.0,,,,2.0,96堅達後視鏡                                                     
1130620GF0000001,CLA250ABSE5F        ,1.0,9500.0,組   ,2800.0,,,,1.0,CLA-250(左)感知器正廠                                             
1130621GF0000001,ROGUE055R           ,1.0,15500.0,組   ,9000.0,,,,1.0,ROGUE 安卓 4+64主機                                             
1130626GF0000001,UU262               ,1.0,600.0,組   ,350.0,,,,1.0,鷹眼方形燈(1對2)                                                  
1130628GF0000001,SAXO1040            ,4.0,450.0,罐   ,120.0,,,,1.0,SAXO 10W/40機油                                               
1130628GF0000001,ZWUV                ,1.0,100.0,各   ,50.0,,,,2.0,豐田油芯                                                        
1130628GF0000001,ALTISDFV            ,1.0,350.0,各   ,100.0,,,,3.0,01 ALTIS空氣芯                                                 
1130628GF0000001,XFXJALTIS           ,1.0,500.0,各   ,120.0,,,,4.0,冷氣濾01-07ALTIS                                               
1130628GF0000002,SENFINECOFURFFVR    ,1.0,1800.0,罐   ,400.0,,,,8.0,西德SENFINECO汽油進氣系統清洗劑9921                                    
1130628GF0000002,12FVRU5XR           ,1.0,550.0,罐   ,120.0,,,,9.0,八大全效機油精                                                     
1130628GF0000003,EY                  ,1.0,300.0,次   ,0.0,,,,1.0,工資                                                          
1130615GF0000003,2280-MRZ2R          ,1.0,9700.0,組   ,5500.0,,,,5.0,[車牌]冠美麗發電機(士電)                                           
1130701GF0000001,CARMATGTU2          ,1.0,300.0,罐   ,130.0,,,,2.0,CARMAT煞車油(大)                                                
1130701GF0000001,EY                  ,1.0,1200.0,次   ,0.0,,,,3.0,工資                                                          
1130701GF0000002,AFK-2537EZR         ,1.0,6500.0,組   ,3000.0,,,,1.0,[車牌]鼓風機                                                 
1130701GF0000002,AFK-2537EZREY       ,1.0,800.0,次   ,600.0,,,,2.0,[車牌]鼓風機工資                                               
1130701GF0000001,12ELANTRAGTUE5      ,1.0,4500.0,組   ,900.0,,,,4.0,12ELANTR煞車油管(正廠)                                            
1130702GF0000001,Z1010H2YGVTRXF      ,1.0,5000.0,組   ,2300.0,,,,1.0,10吋電子後視行車紀錄器                                                
1130323GF0000003,XGRUV               ,1.0,100.0,各   ,60.0,,,,3.0,菱帥機油芯                                                       
1130323GF0000003,SAXOQUYFRR          ,1.0,400.0,罐   ,80.0,,,,4.0,SAXO噴油嘴清潔劑                                                  
1130323GF0000003,12FVRU5XR           ,1.0,550.0,罐   ,120.0,,,,5.0,八大全效機油精                                                     
1130323GF0000003,EY                  ,1.0,200.0,次   ,0.0,,,,6.0,工資                                                          
1130325GF0000001,03LANCH058C3+325R   ,1.0,10500.0,組   ,7000.0,,,,1.0,03LANCH 0 8核2+32安卓主機                                        
1130325GF0000001,03LANCHXFVE         ,1.0,2000.0,各   ,1800.0,,,,2.0,03LANCH 冷氣下蓋框                                               
1130327GF0000001,XA                  ,1.0,800.0,次   ,150.0,,,,1.0,冷媒                                                          
1130327GF0000001,ERQ602Q             ,1.0,2500.0,各   ,1750.0,,,,2.0,國際牌60電瓶                                                     
1130327GF0000002,RSENGR1539MM        ,2.0,500.0,卡   ,120.0,,,,1.0,RSEN 雙尖 15晶 39mm CANBUS                                     
1130327GF0000003,RSENH42TY           ,1.0,300.0,組   ,70.0,,,,1.0,RSEN H4陶瓷座                                                  
1130330GF0000001,LD9CRW              ,1.0,2500.0,組   ,800.0,,,,1.0,LD-9後鏡頭                                                     
1130330GF0000002,PS301GS2            ,1.0,300.0,各   ,100.0,,,,1.0,PS-301室內鏡                                                   
1130330GF0000003,ZEROVRMG24          ,1.0,1000.0,支   ,415.0,,,,1.0,ZERO矽膠雨刷24吋                                                 
1130330GF0000003,ZERO14VRMG          ,1.0,700.0,支   ,290.0,,,,2.0,ZERO矽膠雨刷14吋                                                 
1130330GF0000002,ESCAPE2+32055R      ,1.0,12000.0,組   ,7000.0,,,,2.0,ESCAPE 2+32安卓主機                                             
1130330GF0000002,055MVTRXF           ,1.0,7500.0,組   ,3000.0,,,,3.0,安卓專用雙眼行車紀錄器                                                 
1130330GF0000002,TYPERH4CR           ,1.0,1000.0,組   ,200.0,,,,4.0,TYPE-R H4黃金燈泡                                               
1130330GF0000002,GXGWV               ,1.0,500.0,組   ,150.0,,,,5.0,手拉式天線                                                       
1130330GF0000002,KY165LED2Q          ,2.0,500.0,卡   ,45.0,,,,6.0,KY-165 LED儀表板燈泡                                             
1130401GF0000001,ZEROVRMG24          ,1.0,1000.0,支   ,415.0,,,,1.0,ZERO矽膠雨刷24吋                                                 
1130401GF0000001,J00350CMG           ,1.0,400.0,支   ,130.0,,,,2.0,J00350後雨刷                                                   
1130401GF0000001,2TVUJE              ,1.0,2650.0,組   ,450.0,,,,3.0,倒車顯影(蝴蝶外掛)                                                  
1130401GF0000001,NO16375TGGD         ,1.0,400.0,組   ,150.0,,,,4.0,NO-1637(直插式)雙孔+USB 12V/12V插座                                
1130401GF0000001,LD72UVTRXF          ,1.0,3500.0,組   ,1500.0,,,,5.0,LD-7單眼行車記錄器                                                 
1130401GF0000001,07LIVINAGTQ         ,1.0,550.0,組   ,250.0,,,,6.0,07LIVINA煞車橡皮                                                
1130401GF0000002,15EAXNQFMT          ,1.0,1200.0,組   ,700.0,,,,1.0,2015冠美麗(四片)晴雨窗                                              
1130406GF0000001,SAXOC35W30FHU       ,6.0,750.0,罐   ,220.0,,,,1.0,SAXO C3 5W30柴油共用遊                                           
1130406GF0000001,CLA2500UV           ,1.0,750.0,各   ,300.0,,,,2.0,CLA-250專用油芯                                                 
1130406GF0000001,CLA250DFV           ,1.0,1250.0,各   ,350.0,,,,3.0,CLA-250空氣芯                                                  
1130408GF0000001,RSEND14300K2Q       ,1.0,1500.0,各   ,450.0,,,,1.0,RSEN D1S 4300K燈泡                                            
1130408GF0000005,EY                  ,1.0,950.0,次   ,0.0,,,,4.0,工資                                                          
1130408GF0000005,3MCUFFVR            ,1.0,150.0,罐   ,60.0,,,,5.0,3M化油器清洗劑(8896)                                              
1130412GF0000001,D1SLED22            ,1.0,3000.0,組   ,1100.0,,,,1.0,D1S LED大燈                                                   
1130412GF0000002,3MR1CM              ,1.0,500.0,卷   ,50.0,,,,1.0,3M膠*1CM                                                     
1130413GF0000001,EY                  ,1.0,100.0,次   ,0.0,,,,2.0,工資                                                          
1130413GF0000001,V15LEDD46000K2Q     ,1.0,2700.0,組   ,1100.0,,,,3.0,V15 LED D4 6000K大燈                                          
1130415GF0000001,BGN-19025GQ2        ,1.0,2500.0,條   ,1500.0,,,,2.0,[車牌]正時皮帶(正)                                             
1130415GF0000001,BGN-19025GQ22X      ,1.0,2000.0,個   ,700.0,,,,3.0,[車牌]正時皮帶惰輪(固定)                                          
1130415GF0000001,BGN-1902QC5Q2       ,1.0,1500.0,個   ,600.0,,,,5.0,[車牌]平衡輪皮帶                                               
1130415GF0000001,BGN-19025GQ2252X    ,1.0,2500.0,個   ,700.0,,,,11.0,[車牌]調整皮帶惰輪                                              
1130415GF0000001,BGN-1902            ,1.0,2500.0,個   ,700.0,,,,6.0,[車牌]平衡輪皮帶惰輪                                             
1130415GF0000001,BGN-1902RU1UZ       ,1.0,1000.0,個   ,400.0,,,,7.0,[車牌]機油泵油封                                               
1130415GF0000001,BGN-1902Z2QYT       ,1.0,4500.0,個   ,2500.0,,,,8.0,[車牌]分電盤總成                                               
1130415GF0000001,BGN-1902DFXXE5F     ,1.0,2500.0,個   ,1500.0,,,,9.0,[車牌]空氣流量感知器(中古)                                         
1130415GF0000001,BGN-19025GEY        ,1.0,3000.0,次   ,1400.0,,,,10.0,[車牌]正時工資                                                
1130416GF0000001,1998TGEUR5          ,1.0,3500.0,組   ,1150.0,,,,1.0,1998瑞獅高壓線組                                                  
1130416GF0000001,1998Z2QE            ,1.0,2000.0,組   ,650.0,,,,2.0,1998瑞獅分電盤愾                                                  
1130416GF0000001,1998BGZCW           ,1.0,2000.0,組   ,350.0,,,,3.0,1998瑞獅分火頭                                                   
1130417GF0000001,GPSWV               ,1.0,1000.0,條   ,500.0,,,,1.0,GPS天線                                                       
1130417GF0000001,PD1136GMFWV         ,1.0,300.0,組   ,130.0,,,,2.0,鯊魚鰭天線(有收訊)                                                  
1130417GF0000001,NXGRANDTA1E2        ,1.0,600.0,組   ,240.0,,,,3.0,三菱 GRAMD長毛避光墊                                               
1130417GF0000002,KY-227-CUX1         ,1.0,400.0,各   ,230.0,,,,1.0,KY-227煞車二合一喇叭                                               
1130419GF0000001,F1WFRGRR            ,1.0,3500.0,組   ,1300.0,,,,1.0,02邱比特伸降機                                                    
1130419GF0000002,RSEND48000K         ,1.0,1000.0,各   ,500.0,,,,1.0,RSEN D4 8000K燈泡                                             
1130422GF0000001,ERQ60J2U            ,1.0,2500.0,各   ,1650.0,,,,1.0,國際牌60無電眼電瓶                                                  
1130422GF0000002,NB1040              ,4.0,550.0,罐   ,200.0,,,,1.0,NB 10/40機油                                                  
1130422GF0000002,ZWUV                ,1.0,100.0,各   ,50.0,,,,2.0,豐田油芯                                                        
1130422GF0000002,08ALTISDFV          ,1.0,450.0,各   ,100.0,,,,3.0,08ALTIS空氣芯                                                  
1130422GF0000002,XFXJALTIS           ,1.0,550.0,各   ,120.0,,,,4.0,冷氣濾01-07ALTIS                                               
1130422GF0000002,SENFINCEODFFRR      ,1.0,1200.0,罐   ,180.0,,,,5.0,西德SENFINCEO空氣清潔劑9980                                        
1130422GF0000002,SENFINECOFURFFVR    ,1.0,1800.0,罐   ,400.0,,,,6.0,西德SENFINECO汽油進氣系統清洗劑9921                                    
1130422GF0000002,12FVRU5XR           ,1.0,550.0,罐   ,120.0,,,,7.0,八大全效機油精                                                     
1130422GF0000002,ABROUFFVR           ,1.0,550.0,罐   ,95.0,,,,8.0,ABRO引擎清洗劑                                                   
1130422GF0000002,ABROQGUR            ,1.0,450.0,罐   ,90.0,,,,9.0,ABRO噴射油精                                                    
1130422GF0000003,LE7512QFE           ,1.0,5000.0,支   ,1900.0,,,,1.0,LE-7512排氣管                                                  
1130419GF0000001,AR002QFE2-          ,0.3,1500.0,組   ,280.0,,,,2.0,AR-002排氣管吊耳                                                 
1130419GF0000001,AR003QFE2-          ,0.3,1500.0,組   ,280.0,,,,3.0,AR-003排氣管吊耳                                                 
1130419GF0000001,EY                  ,1.0,100.0,次   ,0.0,,,,4.0,工資                                                          
1130423GF0000001,ERQ55D23L2Q         ,1.0,3000.0,各   ,2100.0,,,,1.0,國際牌70D23L電瓶瓶                                                
1130423GF0000001,ABROZVQU            ,1.0,200.0,罐   ,140.0,,,,2.0,ABRO方向盤油(含止漏)                                               
1130501GF0000001,J00342              ,1.0,410.0,支   ,130.0,,,,3.0,J00342後雨刷 LEXUS                                             
1130503GF0000001,NB1040              ,5.0,550.0,罐   ,200.0,,,,1.0,NB 10/40機油                                                  
1130503GF0000001,IX35DFV             ,1.0,450.0,各   ,200.0,,,,2.0,IX35 空氣芯                                                    
1130503GF0000001,ZEROFV1UUR          ,1.0,400.0,罐   ,180.0,,,,3.0,ZERO全效保養汽車精[車牌]                                            
1130503GF0000001,16322T              ,2.0,50.0,各   ,25.0,,,,4.0,1632電池                                                      
1130503GF0000001,IX35XFXJ            ,1.0,550.0,各   ,250.0,,,,5.0,IX35冷氣濾網                                                    
1130503GF0000001,IX35RUV             ,1.0,100.0,組   ,100.0,,,,6.0,IX35機油芯                                                     
1130503GF0000001,12FVRU5XR           ,1.0,650.0,罐   ,120.0,,,,7.0,八大全效機油精                                                     
1130506GF0000001,EY                  ,1.0,200.0,次   ,0.0,,,,2.0,工資                                                          
1130506GF0000001,LE-7512UT           ,1.0,4000.0,次   ,2500.0,,,,3.0,LE-7512驗車                                                   
1130507GF0000001,TN20T12U            ,1.0,6000.0,組   ,3400.0,,,,1.0,TN-20AXB超薄低音                                                
1130507GF0000001,EY                  ,1.0,1500.0,次   ,0.0,,,,3.0,工資                                                          
1130507GF0000001,ID6.5KZUX1          ,1.0,6000.0,組   ,1800.0,,,,4.0,ID 6.5K分音喇叭                                                 
1130507GF0000001,2UFY4.8A            ,1.0,600.0,組   ,290.0,,,,5.0,點煙座 4.8A 12V 1+2+1 NIKE                                     
1130507GF0000002,NB1040              ,4.0,550.0,罐   ,200.0,,,,1.0,NB 10/40機油                                                  
1130507GF0000002,H7OSRARN2Q          ,1.0,400.0,各   ,70.0,,,,2.0,H7 OSRARN燈泡                                                 
1130507GF0000002,V33GRR              ,1.0,300.0,組   ,150.0,,,,3.0,V33手機架                                                      
1130507GF0000002,T10552              ,1.0,50.0,各   ,2.0,,,,4.0,T10中炸彈                                                      
1130507GF0000001,6H2EF               ,1.0,500.0,組   ,200.0,,,,6.0,6吋墊高器                                                       
1130108GF0000001,RSENH116000K        ,2.0,500.0,各   ,150.0,,,,1.0,RSEB H11 6000K HID燈泡                                        
1130511GF0000002,NB1040              ,6.0,550.0,罐   ,200.0,,,,1.0,NB 10/40機油                                                  
1130511GF0000002,ZV5G539HNF          ,1.0,3500.0,組   ,1900.0,,,,2.0,發現者F-539測速器                                                 
1130514GF0000001,ERQ80D23LUCR2T      ,1.0,3200.0,各   ,2400.0,,,,1.0,國際牌80D23L 日本銀合金電池                                           
1130514GF0000001,RSENH116000K        ,1.0,1000.0,各   ,150.0,,[已隱蔽],,2.0,RSEB H11 6000K HID燈泡                                        
1130515GF0000001,VTRXFV              ,1.0,500.0,組   ,120.0,,,,1.0,行車記錄器線                                                      
1130515GF0000001,32G                 ,1.0,450.0,各   ,180.0,,,,2.0,32G卡片                                                       
1130516GF0000001,Z1010H2YGVTRXF      ,1.0,5000.0,組   ,2300.0,,,,1.0,10吋電子後視行車紀錄器                                                
1130517GF0000002,XA                  ,1.0,800.0,次   ,150.0,,,,1.0,冷媒                                                          
1130517GF0000002,SENFINCEODFFRR      ,1.0,500.0,罐   ,180.0,,,,2.0,西德SENFINCEO空氣清潔劑9980                                        
1130517GF0000001,EY                  ,1.0,800.0,次   ,0.0,,,,1.0,工資                                                          
1130518GF0000001,RSEN02F             ,1.0,1000.0,各   ,400.0,,,,1.0,RSEN安定器                                                     
1130518GF0000001,EVEW2               ,1.0,600.0,組   ,280.0,,,,2.0,EVE踏墊                                                       
1130518GF0000001,EY                  ,1.0,100.0,次   ,0.0,,,,3.0,工資                                                          
1130518GF0000002,2TX23UDB            ,1.0,1050.0,組   ,480.0,,,,1.0,倒車雷達3眼崁入                                                    
1130518GF0000003,ZEROVRMG16          ,1.0,800.0,支   ,325.0,,,,1.0,ZERO矽膠雨刷16吋                                                 
1130518GF0000003,ZEROVRMG26          ,1.0,1000.0,支   ,415.0,,,,2.0,ZERO 26吋矽膠雨刷                                                
1130518GF0000003,ZJTUA               ,1.0,300.0,罐   ,80.0,,,,3.0,防霧除油膜                                                       
1130520GF0000001,H4OSRAM2Q           ,1.0,476.0,各   ,48.0,,,,1.0,H4 OSRAM燈泡                                                  
1130521GF0000001,LD7GVVTRXF          ,1.0,3500.0,組   ,2000.0,,,,1.0,LD-7雙眼行車記錄器                                                 
1130522GF0000001,Z1010H2YGVTRXF      ,1.0,7500.0,組   ,2300.0,,,,1.0,10吋電子後視行車紀錄器                                                
1130523GF0000001,PNSS36              ,1.0,550.0,組   ,190.0,,,,1.0,三孔點菸器+3USB(TYPE-R)                                          
1130523GF0000001,FA002               ,1.0,200.0,組   ,60.0,,,,2.0,椅背掛勾(黑色)                                                    
1130522GF0000001,ZEROVRMG18          ,1.0,800.0,支   ,325.0,,,,3.0,ZERO矽膠雨刷18吋                                                 
1130522GF0000001,ZEROVRMG22G         ,1.0,1000.0,支   ,350.0,,,,4.0,ZERO矽膠雨刷22吋                                                 
1130523GF0000001,307DTV              ,1.0,450.0,組   ,180.0,,,,3.0,307快充線                                                      
1130522GF0000001,5287-EQ4+64055R     ,1.0,15000.0,組   ,9000.0,,,,5.0,[車牌] 4+64安卓主機 PREAMCY                                    
1130523GF0000002,RSEN02F             ,1.0,1000.0,各   ,400.0,,,,1.0,RSEN安定器                                                     
1130523GF0000003,307DTV              ,1.0,450.0,組   ,180.0,,,,1.0,307快充線                                                      
1130523GF0000003,PNSHXT205F          ,2.0,750.0,組   ,350.0,,,,2.0,雙風扇-椅背枕頭用 DC12V                                             
1130523GF0000003,PNSHXT303           ,1.0,550.0,組   ,210.0,,,,3.0,雙風扇-儀錶板用DC12V                                               
1130527GF0000002,EY                  ,1.0,500.0,次   ,0.0,,,,3.0,工資                                                          
1130528GF0000001,BHD-5719Q5Z         ,1.0,2800.0,組   ,1500.0,,,,1.0,[車牌]膨脹閥                                                 
1130528GF0000001,BHD-5719XA          ,1.0,2000.0,次   ,1199.0,,,,2.0,[車牌]冷媒                                                  
1130528GF0000001,BHD-5719XFFR        ,1.0,2500.0,次   ,1200.0,,,,3.0,[車牌]冷氣清洗                                                
1130528GF0000001,BHD-5719XFNBQ       ,1.0,7500.0,組   ,4500.0,,,,4.0,[車牌]冷氣散熱片                                               
1130528GF0000002,2TVUJE              ,1.0,2500.0,組   ,450.0,,,,1.0,倒車顯影(蝴蝶外掛)                                                  
1130528GF0000002,EY                  ,1.0,300.0,次   ,0.0,,,,2.0,工資                                                          
1130528GF0000001,EY                  ,1.0,2800.0,次   ,0.0,,,,5.0,工資                                                          
1130603GF0000001,T202VCQ             ,1.0,100.0,各   ,15.0,,,,1.0,T20單芯琥珀                                                     
1130603GF0000001,2V2Q                ,1.0,50.0,各   ,4.5,,,,2.0,單芯燈泡                                                        
1130603GF0000001,EY                  ,1.0,150.0,次   ,0.0,,,,3.0,工資                                                          
1130604GF0000001,CAR5205R            ,1.0,3500.0,組   ,550.0,,,,1.0,CAR MP3 520無碟主機                                             
1130605GF0000001,T202VCQ             ,2.0,100.0,各   ,15.0,,,,1.0,T20單芯琥珀                                                     
1130605GF0000002,RSEND46000K         ,1.0,2000.0,各   ,500.0,,[已隱蔽],,1.0,RSEN D4 6000K燈泡                                             
1130605GF0000002,RSENHID5RF          ,1.0,400.0,各   ,100.0,,,,2.0,RSEN HID轉接器                                                 
1130605GF0000002,RSENHID55WUADG      ,1.0,2000.0,各   ,600.0,,[已隱蔽],,3.0,RSEN HID 55W安定器(一秒快閃)                                       
1130605GF0000002,G18.52Q             ,1.0,100.0,各   ,5.0,,,,4.0,G18.5燈泡                                                     
1130606GF0000001,5Y5VTRXF            ,1.0,2500.0,組   ,1200.0,,,,1.0,追蹤者X2行車紀錄器                                                  
1130606GF0000001,NOIDNRMG20          ,1.0,300.0,組   ,100.0,,,,2.0,NOID三節雨刷 20吋                                                
1130606GF0000002,2TX2NU              ,1.0,1250.0,組   ,580.0,,,,1.0,倒車雷達(四眼)崁入                                                  
1130612GF0000001,EAXDFV              ,1.0,450.0,各   ,150.0,,,,3.0,冠美麗2.0空氣芯                                                   
1130612GF0000001,ZEROFV1UUR          ,1.0,400.0,罐   ,180.0,,,,4.0,ZERO全效保養汽車精[車牌]                                            
1130612GF0000001,12FVRU5XR           ,1.0,550.0,罐   ,120.0,,,,5.0,八大全效機油精                                                     
1130613GF0000001,SENFINCEOXFZVFRR    ,1.0,700.0,罐   ,350.0,,,,1.0,西德SENFINCEO冷氣風箱清潔劑                                          
1130613GF0000002,3MGAR8*33           ,1.0,850.0,捲   ,450.0,,,,1.0,3M雙面膠(8mm*33)                                               
1130613GF0000002,5SR                 ,1.0,300.0,各   ,52.0,,,,2.0,助黏劑                                                         
1130613GF0000002,3M12*15             ,0.0,200.0,組   ,80.0,,,,3.0,3M膠12*15mm(2入)                                              
1130613GF0000002,EY                  ,1.0,1850.0,次   ,0.0,,,,4.0,工資                                                          
1130613GF0000003,RSEN02F             ,1.0,1000.0,各   ,400.0,,,,1.0,RSEN安定器                                                     
1130613GF0000003,RSEN90063000K2Q     ,1.0,1000.0,各   ,200.0,,,,2.0,R[車牌] 3000K燈泡                                           
1130615GF0000002,1E2A                ,2.0,120.0,各   ,50.0,,,,1.0,1公2母                                                        
1130617GF0000001,ZINGERCVC2          ,1.0,900.0,支   ,300.0,,,,1.0,ZINGER 後箱後檔                                                 
1130617GF0000001,ZINGERCYCE          ,1.0,900.0,支   ,450.0,,,,2.0,ZINGER後座護桿                                                  
1130617GF0000002,6802-QKGTU1U        ,1.0,1800.0,組   ,599.0,,,,1.0,[車牌]煞車系統保養                                               
1130617GF0000002,6802-QJRFA1U        ,1.0,1800.0,次   ,702.0,,,,2.0,[車牌]喉管及節氣門燃油噴油嘴保養                                        
1130617GF0000002,6802-QKQUYVW1U      ,1.0,1800.0,次   ,999.0,,,,3.0,[車牌]噴油嘴燃油系統保養                                            
1130617GF0000002,6802-QKXFQ2         ,1.0,2650.0,條   ,1150.0,,,,4.0,[車牌]冷氣皮帶                                                 
1130617GF0000002,6802-QKYCQ2         ,1.0,2550.0,組   ,1050.0,,,,5.0,[車牌]綜合皮帶                                                 
1130618GF0000001,UU262               ,1.0,600.0,組   ,350.0,,,,1.0,鷹眼方形燈(1對2)                                                  
1130702GF0000002,VXTWAF5             ,1.0,300.0,組   ,95.0,,,,1.0,休旅車透明前遮                                                     
1130628GF0000001,ZEROFV1UUR          ,1.0,400.0,罐   ,180.0,,,,5.0,ZERO全效保養汽車精[車牌]                                            
1130628GF0000001,12FVRU5XR           ,1.0,450.0,罐   ,120.0,,,,6.0,八大全效機油精                                                     
1130628GF0000001,MISSIONCVT          ,4.0,600.0,罐   ,230.0,,,,7.0,MISSION CVT-F自排油X+++                                        
1130628GF0000002,NB1040              ,5.0,600.0,罐   ,200.0,,,,1.0,NB 10/40機油                                                  
1130628GF0000002,NXUR                ,1.0,100.0,各   ,45.0,,,,2.0,三菱油芯                                                        
1130628GF0000002,FORTISDFV           ,1.0,450.0,各   ,180.0,,,,3.0,FORTIS空氣芯                                                   
1130628GF0000002,FORTISXFXJ          ,1.0,500.0,各   ,200.0,,,,4.0,FORTIS冷氣濾網                                                  
1130628GF0000002,MISSIONCVT          ,5.0,600.0,罐   ,230.0,,,,5.0,MISSION CVT-F自排油X+++                                        
1130628GF0000002,ZEROFV1UUR          ,1.0,400.0,罐   ,180.0,,,,6.0,ZERO全效保養汽車精[車牌]                                            
1130628GF0000002,FORTISCVN           ,4.0,750.0,各   ,400.0,,,,7.0,FORTIS火星塞                                                   
1130702GF0000002,VXTX15U             ,1.0,150.0,組   ,60.0,,,,2.0,休旅車鋁箔遮陽                                                     
1130702GF0000002,1VNV                ,2.0,10.0,各   ,2.0,,,,3.0,保險絲(小)                                                      
1130702GF0000003,CS376USB5R          ,1.0,6500.0,組   ,1800.0,,,,1.0,CS-376 USB主機                                                
1130702GF0000004,2TXWGJVNU           ,1.0,1850.0,組   ,1050.0,,,,1.0,原廠型數位四眼倒車雷達                                                 
1130704GF0000001,RSEND44300K         ,1.0,1500.0,各   ,500.0,,,,1.0,RSEN D4 4300K燈泡                                             
1130706GF0000001,08ALTISFMT          ,1.0,400.0,組   ,180.0,,,,1.0,08ALTIS晴雨窗                                                  
1130706GF0000002,X2VTRXF             ,1.0,2800.0,組   ,1200.0,,,,1.0,追蹤者X2行車紀錄器                                                  
1130706GF0000002,LD4VTRXF            ,1.0,2800.0,組   ,1400.0,,,,2.0,LD-4行車紀錄器                                                   
1130706GF0000002,YC013DAEGA5C        ,1.0,200.0,組   ,100.0,,,,3.0,YC-013卡夢掛式面紙套                                               
1130706GF0000002,PNSHDF17            ,1.0,400.0,組   ,180.0,,,,4.0,飛機款出風口重力手機架                                                 
1130706GF0000002,S27CTYZ1VNY         ,1.0,200.0,組   ,55.0,,,,5.0,S27C插式保險絲母頭座                                                
1130708GF0000001,XA                  ,1.0,800.0,次   ,150.0,,,,1.0,冷媒                                                          
1130708GF0000001,08ALTISXFXJ         ,1.0,500.0,各   ,120.0,,,,2.0,08ALTIS冷氣濾網                                                 
1130709GF0000001,LD72UVTRXF          ,1.0,3000.0,組   ,1500.0,,,,1.0,LD-7單眼行車記錄器                                                 
1130709GF0000001,ZEROVRMG16          ,1.0,700.0,支   ,325.0,,,,2.0,ZERO矽膠雨刷16吋                                                 
1130709GF0000001,ZEROVRMG26          ,1.0,1000.0,支   ,415.0,,,,3.0,ZERO 26吋矽膠雨刷                                                
1130708GF0000002,TYPERH7CR2Q         ,1.0,1000.0,組   ,200.0,,,,1.0,TYPE-R H7黃金燈泡                                               
1130710GF0000001,2TX2NU              ,1.0,1250.0,組   ,580.0,,,,1.0,倒車雷達(四眼)崁入                                                  
1130710GF0000002,NB1040              ,4.0,550.0,罐   ,200.0,,,,1.0,NB 10/40機油                                                  
1130710GF0000002,ZWUV                ,1.0,100.0,各   ,50.0,,,,2.0,豐田油芯                                                        
1130710GF0000002,VIOSDFV             ,1.0,200.0,組   ,150.0,,,,3.0,VIOS空氣芯                                                     
1130710GF0000002,XFXJALTIS           ,1.0,500.0,各   ,120.0,,,,4.0,冷氣濾01-07ALTIS                                               
1130710GF0000002,ABROUF1EUR          ,1.0,500.0,罐   ,140.0,,,,5.0,ABRO 引擎補缸油精                                                 
1130710GF0000002,05VIOSCGRQR         ,1.0,700.0,片   ,400.0,,,,6.0,05VIOS後視鏡片(R)                                               
1130711GF0000001,ZXDCGRR             ,1.0,2200.0,組   ,1000.0,,,,1.0,菲力卡後視鏡(R)電動                                                 
1130712GF0000001,16322T              ,4.0,150.0,各   ,25.0,,,,1.0,1632電池                                                      
1130712GF0000001,EY                  ,1.0,500.0,次   ,0.0,,,,2.0,工資                                                          
1130712GF0000001,RSENT105630         ,1.0,400.0,卡   ,120.0,,,,3.0,RSEN T10 5630 10燈                                           
1130712GF0000002,TX002BGXGWV         ,1.0,1000.0,組   ,100.0,,,,1.0,TX-002B手拉式天線                                                
1130712GF0000002,PNSSUN14-L          ,1.0,500.0,組   ,130.0,,,,2.0,雙層鋁箔遮陽板- RV SUV雙層                                           
1130713GF0000001,PNSCP280P           ,1.0,750.0,組   ,310.0,,,,1.0,太空梭打氣機280P三合一DC12V                                          
1130715GF0000002,EY                  ,1.0,300.0,次   ,0.0,,,,1.0,工資                                                          
1130715GF0000001,3D1F1               ,1.0,200.0,支   ,90.0,,,,1.0,3D補漆筆                                                       
1130715GF0000001,2TXWSDXU            ,1.0,1500.0,組   ,380.0,,,,2.0,倒車雷達內崁兩眼-禾麟                                                 
1130715GF0000003,Z1010H2YGVTRXF      ,1.0,7000.0,組   ,2300.0,,,,1.0,10吋電子後視行車紀錄器                                                
1130715GF0000003,OBT2FHWWVGF         ,1.0,3000.0,組   ,1000.0,,,,2.0,OBT抬頭顯示器(七彩)                                                
1130713GF0000002,NB1040              ,4.0,600.0,罐   ,200.0,,,,1.0,NB 10/40機油                                                  
1130713GF0000002,PRIUS1.5TA1E2       ,1.0,600.0,組   ,300.0,,,,2.0,[車牌]US 1.5長毛避光墊                                          
1130713GF0000002,PRUISDFV            ,1.0,650.0,各   ,300.0,,,,3.0,PRUIS空氣芯                                                    
1130713GF0000002,PRUISXFV            ,1.0,650.0,各   ,250.0,,,,4.0,PRUIS冷氣芯                                                    
1130713GF0000002,ZEROVRMG26          ,1.0,1000.0,支   ,415.0,,,,5.0,ZERO 26吋矽膠雨刷                                                
1130713GF0000002,ZERO14VRMG          ,1.0,700.0,支   ,290.0,,,,6.0,ZERO矽膠雨刷14吋                                                 
1130713GF0000002,ZEROFV1UUR          ,1.0,400.0,罐   ,180.0,,,,7.0,ZERO全效保養汽車精[車牌]                                            
1130713GF0000002,12FVRU5XR           ,1.0,550.0,罐   ,120.0,,,,8.0,八大全效機油精                                                     
1130713GF0000002,ZWUV                ,1.0,250.0,各   ,50.0,,,,9.0,豐田油芯                                                        
1130715GF0000003,AFL283578           ,1.0,500.0,組   ,90.0,,,,3.0,軟條燈2835-78LED                                               
1130716GF0000001,TYPERH11CR2Q        ,1.0,1200.0,組   ,200.0,,,,1.0,TYPE-R H11黃金燈泡                                              
1130716GF0000001,R2F                 ,1.0,200.0,組   ,25.0,,,,2.0,繼電器                                                         
1130716GF0000001,EY                  ,1.0,100.0,次   ,0.0,,,,3.0,工資                                                          
1130716GF0000002,6HSDGQE             ,2.0,120.0,組   ,65.0,,,,1.0,6吋黏貼式拋光                                                     
1130716GF0000002,6HMVGXCA            ,3.0,120.0,各   ,60.0,,,,2.0,6吋圓型上蠟海棉                                                    
1130716GF0000002,2XAX                ,3.0,200.0,各   ,120.0,,,,3.0,打蠟棉輪                                                        
1130716GF0000002,ABT563FYQD          ,1.0,200.0,組   ,90.0,,,,4.0,ABT-563七字牌框                                                 
1130717GF0000001,EY                  ,1.0,1500.0,次   ,0.0,,,,1.0,工資                                                          
1130717GF0000001,01ALTISTA1E2        ,1.0,600.0,組   ,220.0,,,,2.0,01-06ALTIS長毛避光墊                                             
1130717GF0000001,03ALTISERR          ,1.0,750.0,組   ,300.0,,,,3.0,03ALTS廣角鏡                                                   
1130718GF0000001,YH368FDS2XEN        ,1.0,2300.0,組   ,1500.0,,,,1.0,YH-368全功能電力公司                                               
1130718GF0000001,WF55D23L2Q          ,1.0,2700.0,各   ,1850.0,,,,2.0,湯淺55D23L電瓶                                                  
1130718GF0000001,TYPERH4CR           ,1.0,1000.0,組   ,200.0,,,,3.0,TYPE-R H4黃金燈泡                                               
1130724GF0000001,MISSIONCVT          ,5.0,650.0,罐   ,230.0,,,,1.0,MISSION CVT-F自排油X+++                                        
1130718GF0000002,TA-E015             ,1.0,600.0,組   ,350.0,,,,1.0,汽車循環扇                                                       
1130718GF0000001,500APRTV            ,1.0,500.0,組   ,220.0,,,,5.0,[車牌]救車線                                                    
1130722GF0000002,G2DE                ,1.0,200.0,各   ,80.0,,,,1.0,水滴開關                                                        
1130722GF0000002,06AY235MW2          ,1.0,600.0,組   ,450.0,,,,2.0,06馬自達3專用踏墊                                                  
1130722GF0000003,NOIDNRMG14          ,1.0,200.0,支   ,100.0,,,,1.0,NOID三節雨刷 14吋                                                
1130722GF0000003,NOIDNRMG24          ,1.0,400.0,支   ,100.0,,,,2.0,NOID三節雨刷 24吋                                                
1130723GF0000001,PNSHG305            ,1.0,200.0,組   ,60.0,,,,1.0,雙掛勾 後頭枕 360度旋轉                                              
1130723GF0000001,TVJ1                ,1.0,70.0,條   ,22.0,,,,2.0,超纖維布                                                        
1130723GF0000001,RSEN02F             ,2.0,1000.0,各   ,400.0,,,,3.0,RSEN安定器                                                     
1130723GF0000001,VBDVTX1000ML        ,1.0,300.0,罐   ,80.0,,,,4.0,向日葵汽車洗車蠟[車牌]                                              
1130723GF0000001,08ALTIS5MW2         ,1.0,800.0,組   ,300.0,,,,5.0,08ALTIS專用踏墊                                                 
1130723GF0000001,T-137               ,1.0,430.0,罐   ,220.0,,,,6.0,T-137新棕梠速亮噴蠟[車牌]                                           
1130723GF0000002,VUGQ2W              ,1.0,800.0,組   ,280.0,,,,1.0,下壓式排檔頭                                                      
1130723GF0000003,MIOD20VTRXF         ,1.0,4000.0,組   ,2000.0,,,,1.0,MIO D20(GPS)行車紀錄器                                           
1130724GF0000001,WUSWU5TF            ,1.0,2000.0,組   ,900.0,,,,2.0,太陽能胎壓偵測器                                                    
1130725GF0000001,Z1010H2YGVTRXF      ,1.0,7500.0,組   ,2300.0,,,,1.0,10吋電子後視行車紀錄器                                                
1130726GF0000001,LD7VTRXF            ,1.0,2500.0,組   ,1500.0,,,,1.0,LD-7前行車紀錄器                                                  
1130726GF0000001,W2XEUA              ,1.0,450.0,各   ,300.0,,,,2.0,特多龍汽車隔音棉                                                    
1130726GF0000002,2017FCOUSRABSE5F    ,1.0,3000.0,組   ,1500.0,,[已隱蔽],,1.0,[車牌]US(R)感知器                                            
1130728GF0000001,RAV48128            ,1.0,21500.0,組   ,14000.0,,,,1.0,RAV4 8核8+128G主機+CAN                                         
1130729GF0000001,WUSWU5TF            ,1.0,3000.0,組   ,900.0,,,,1.0,太陽能胎壓偵測器                                                    
1130729GF0000001,KH826UTVGW          ,1.0,500.0,組   ,150.0,,,,2.0,KH-826延長線雙頭(附夾子)3米                                          
1130730GF0000001,ZERO14VRMG          ,1.0,700.0,支   ,290.0,,,,1.0,ZERO矽膠雨刷14吋                                                 
1130730GF0000001,ZEROVRMG24          ,1.0,1000.0,支   ,415.0,,,,2.0,ZERO矽膠雨刷24吋                                                 
1130730GF0000001,ZJTUA               ,1.0,300.0,罐   ,80.0,,,,3.0,防霧除油膜                                                       
1130730GF0000001,RSEN1GR             ,1.0,200.0,組   ,75.0,,,,4.0,RSEN撥水劑                                                     
1130730GF0000001,03ALTISERR          ,0.5,600.0,組   ,300.0,,,,5.0,03ALTS廣角鏡                                                   
1130731GF0000001,WF55D23L2Q          ,1.0,3000.0,各   ,1850.0,,,,1.0,湯淺55D23L電瓶                                                  
1130731GF0000002,WISH8+128055R       ,1.0,20000.0,組   ,13000.0,,,,1.0,WISH 8核8+128安卓主機                                            
1130807GF0000001,EXXTA1E2            ,1.0,800.0,組   ,270.0,,,,1.0,冠樂拉長毛避光墊                                                    
1130731GF0000003,CHEERS1540RU        ,4.0,350.0,罐   ,104.3,,,,1.0,CHEERS 15/40機油                                              
1130731GF0000003,YARISDFV            ,1.0,450.0,各   ,150.0,,,,2.0,YARIS空氣芯                                                    
1130731GF0000003,ZWUV                ,1.0,100.0,各   ,50.0,,,,3.0,豐田油芯                                                        
1130731GF0000003,XFXJALTIS           ,1.0,450.0,各   ,120.0,,,,4.0,冷氣濾01-07ALTIS                                               
1130731GF0000003,ABROUF1EUR          ,1.0,500.0,罐   ,140.0,,,,5.0,ABRO 引擎補缸油精                                                 
1130731GF0000004,LD-7FJV             ,1.0,800.0,次   ,0.0,,,,1.0,LD-7維修                                                      
1130802GF0000001,RSEN02F             ,1.0,700.0,各   ,400.0,,,,1.0,RSEN安定器                                                     
1130802GF0000002,VTRXFV              ,1.0,500.0,組   ,120.0,,,,1.0,行車記錄器線                                                      
1130805GF0000001,13A2-8+32+CAN       ,1.0,14500.0,組   ,8000.0,,,,1.0,13蒙地爾8核2+32+CAN                                             
1130808GF0000001,ERQ80D23LUCR2T      ,1.0,3400.0,各   ,2400.0,,,,1.0,國際牌80D23L 日本銀合金電池                                           
1130805GF0000001,V81GUVTRXFC         ,1.0,2500.0,組   ,200.0,,,,2.0,V81雙眼行車記錄器(後)                                               
1130805GF0000001,13A2-NQFMT          ,1.0,1800.0,組   ,800.0,,,,3.0,2013蒙地爾(四片)晴雨窗                                              
1130806GF0000001,FORTISTA1E2         ,1.0,500.0,組   ,220.0,,,,1.0,FORTIS長毛避光墊                                                 
1130806GF0000002,GN12036ZVQW         ,1.0,300.0,條   ,90.0,,,,1.0,GN-120 36節方向盤套                                              
1130808GF0000001,ABTE091ZDJMAIGDJVJF ,1.0,1000.0,組   ,650.0,,,,2.0,ABT-E091芳香物語AI雙孔無限霧化機                                       
1130808GF0000001,RSENGVR             ,1.0,100.0,罐   ,70.0,,,,3.0,RSEN水箱精                                                     
1130808GF0000002,SAXOC35W30FHU       ,6.0,750.0,罐   ,220.0,,,,1.0,SAXO C3 5W30柴油共用遊                                           
1130808GF0000002,CLA2500UV           ,1.0,750.0,各   ,300.0,,,,2.0,CLA-250專用油芯                                                 
1130808GF0000002,CLA250DFV           ,1.0,1250.0,各   ,350.0,,,,3.0,CLA-250空氣芯                                                  
1130808GF0000002,CLA250XFXJ          ,1.0,1450.0,各   ,500.0,,,,4.0,CLA-250冷氣濾網(W17)                                            
1130808GF0000002,ZEROAMN+RFC         ,1.0,850.0,罐   ,320.0,,,,5.0,ZERO鉬元素+噴油嘴除扣劑                                              
1130808GF0000003,2TVUJE              ,1.0,1500.0,組   ,450.0,,,,1.0,倒車顯影(蝴蝶外掛)                                                  
1130809GF0000001,2TXWSDXU            ,1.0,750.0,組   ,380.0,,,,1.0,倒車雷達內崁兩眼-禾麟                                                 
1130810GF0000001,Z1010H2YGVTRXF      ,1.0,7000.0,組   ,2300.0,,,,1.0,10吋電子後視行車紀錄器                                                
1130810GF0000002,Z1010H2YGVTRXF      ,1.0,7000.0,組   ,2300.0,,,,1.0,10吋電子後視行車紀錄器                                                
1130810GF0000001,SAXO1040            ,4.0,450.0,罐   ,120.0,,,,2.0,SAXO 10W/40機油                                               
1130810GF0000001,SAXOQUYFRR          ,1.0,450.0,罐   ,80.0,,,,3.0,SAXO噴油嘴清潔劑                                                  
1130810GF0000001,ERQ60UCR2Q          ,1.0,3000.0,各   ,1900.0,,,,4.0,國際牌 60銥合金電瓶                                                 
1130810GF0000001,2ZSIRIONDFV         ,1.0,450.0,各   ,250.0,,,,5.0,大發 SIRION 空氣芯                                               
1130903GF0000002,OBT2FHWWVGF         ,1.0,2800.0,組   ,1000.0,,,,1.0,OBT抬頭顯示器(七彩)                                                
1130810GF0000003,2017FCOUSYE5F       ,1.0,3000.0,組   ,1500.0,,,,1.0,2017(左前)FCOUS感知器                                            
1130812GF0000001,Z1010H2YGVTRXF      ,1.0,5000.0,組   ,2300.0,,,,1.0,10吋電子後視行車紀錄器                                                
1130813GF0000001,VTRXFV              ,1.0,300.0,組   ,120.0,,,,1.0,行車記錄器線                                                      
1130813GF0000001,1VNV                ,1.0,200.0,各   ,2.0,,,,2.0,保險絲(小)                                                      
1130813GF0000001,NO16375TGGD         ,1.0,500.0,組   ,150.0,,,,3.0,NO-1637(直插式)雙孔+USB 12V/12V插座                                
1130814GF0000001,RSEN02F             ,1.0,1500.0,各   ,400.0,,,,1.0,RSEN安定器                                                     
1130814GF0000001,EY                  ,1.0,300.0,次   ,0.0,,,,2.0,工資                                                          
1130814GF0000001,SF0043              ,1.0,100.0,組   ,40.0,,,,3.0,豐田固定扣                                                       
1130814GF0000002,HK902DUX1           ,1.0,1500.0,組   ,340.0,,,,2.0,HK-902快音喇叭 WRC                                              
1130814GF0000002,V18LEDH7            ,1.0,2500.0,組   ,1700.0,,,,6.0,V18 LED H7燈炮                                                
1130814GF0000002,RSENT104014242      ,1.0,450.0,組   ,160.0,,,,3.0,RSEN T10 4014 24燈                                           
1130814GF0000002,RSENT105630         ,1.0,400.0,卡   ,120.0,,,,4.0,RSEN T10 5630 10燈                                           
1130814GF0000002,NOID36GS2           ,1.0,550.0,組   ,280.0,,,,5.0,NOID 36MM室內燈                                                
1130814GF0000003,FCOUS5MRU           ,5.0,680.0,罐   ,380.0,,,,1.0,FCOUS專用機油                                                   
1130814GF0000003,FCOUS5MXFXJ         ,1.0,850.0,各   ,400.0,,,,2.0,FCOUS冷氣濾網                                                   
1130814GF0000003,FCOUSDFV            ,1.0,600.0,各   ,0.0,,,,3.0,FCOUS空氣芯                                                    
1130814GF0000003,ZEROAMN+RFC         ,1.0,600.0,罐   ,320.0,,,,4.0,ZERO鉬元素+噴油嘴除扣劑                                              
1130814GF0000003,FCOUSUV             ,1.0,550.0,各   ,250.0,,,,5.0,FCOUS油芯                                                     
1130816GF0000001,Z1010H2YGVTRXF      ,1.0,7500.0,組   ,2300.0,,,,1.0,10吋電子後視行車紀錄器                                                
1130817GF0000001,ERQ60UCR2Q          ,1.0,3000.0,各   ,1900.0,,,,1.0,國際牌 60銥合金電瓶                                                 
1130820GF0000001,HY8910FCW           ,1.0,350.0,組   ,120.0,,,,1.0,HY-891安全護套                                                  
1130820GF0000001,32G                 ,1.0,550.0,各   ,180.0,,,,2.0,32G卡片                                                       
1130820GF0000001,NO2112GRR           ,1.0,450.0,組   ,200.0,,,,3.0,NO-[車牌]手機架                                              
1130820GF0000001,5011GUSB            ,1.0,650.0,組   ,180.0,,,,4.0,5011雙USB一分三點座充                                              
1130820GF0000001,HNFVW               ,1.0,650.0,條   ,150.0,,,,5.0,測速器線頭                                                       
1130820GF0000002,VBDEFFVE            ,1.0,500.0,各   ,55.0,,,,1.0,向日葵鋼圈清洗劑 500G                                               
1130820GF0000002,EY                  ,1.0,1000.0,次   ,0.0,,,,2.0,工資                                                          
1130820GF0000002,VJ5UTZ              ,1.0,2500.0,次   ,1050.0,,,,3.0,許文哲驗車費                                                      
1130821GF0000001,ERQ60UCR2Q          ,1.0,3300.0,各   ,1900.0,,,,1.0,國際牌 60銥合金電瓶                                                 
1130821GF0000001,RSEN90066000K2Q     ,2.0,1200.0,各   ,150.0,,,,2.0,R[車牌] 6000K燈泡                                           
1130821GF0000002,GWA                 ,1.0,100.0,各   ,30.0,,,,2.0,雙頭母                                                         
1130821GF0000003,RSEND28000K         ,1.0,1000.0,各   ,250.0,,[已隱蔽],,1.0,RSEN D2 8000K燈泡                                             
1130821GF0000003,EY                  ,1.0,500.0,次   ,0.0,,,,2.0,工資                                                          
1130821GF0000004,02EAX2XUE           ,1.0,1800.0,組   ,800.0,,,,1.0,02冠美麗POWER油管                                                
1130821GF0000004,ABROZVQU            ,1.0,200.0,罐   ,140.0,,,,2.0,ABRO方向盤油(含止漏)                                               
1130822GF0000001,055MVTRXF           ,1.0,7500.0,組   ,3000.0,,,,1.0,安卓專用雙眼行車紀錄器                                                 
1130824GF0000001,Z1010H2YGVTRXF      ,1.0,5000.0,組   ,2300.0,,,,1.0,10吋電子後視行車紀錄器                                                
1130826GF0000001,RSEN02F             ,1.0,700.0,各   ,400.0,,,,1.0,RSEN安定器                                                     
1130826GF0000002,VBDVATX-2           ,1.0,200.0,罐   ,65.0,,,,1.0,向日葵細目粗蠟二代                                                   
1130827GF0000002,S28WGDE             ,2.0,300.0,組   ,40.0,,,,10.0,S-28貼式二段開關                                                  
1130826GF0000002,SF0044              ,1.0,100.0,組   ,50.0,,,,2.0,SF-0044內板通用扣                                                
1130826GF0000002,01ALTISUD5D         ,1.0,1800.0,各   ,450.0,,,,3.0,01ALTIS(右後)遙控中控                                             
1130826GF0000002,G204GVR             ,1.0,800.0,罐   ,180.0,,,,4.0,G206水箱精                                                     
1130827GF0000001,Z1212H2YVTRXF       ,1.0,10000.0,組   ,4000.0,,,,1.0,12吋電子後視行車紀錄器                                                
1130827GF0000002,PNSTK3072-12        ,2.0,450.0,組   ,80.0,,,,1.0,72顆LED車內閱讀燈                                                 
1130827GF0000002,PNSSCUP03           ,1.0,350.0,組   ,130.0,,,,2.0,多功能PU皮革椅縫置物架                                                
1130827GF0000002,DAYL60XU2           ,1.0,2000.0,組   ,520.0,,,,3.0,DAYL-60超薄雙色LED白/黃                                           
1130827GF0000002,PNSS312018          ,1.0,1500.0,組   ,450.0,,,,6.0,TOYOTA全車系USB升級套件                                            
1130827GF0000002,EY                  ,1.0,600.0,次   ,0.0,,,,7.0,工資                                                          
1130828GF0000001,2TXWSDXU            ,1.0,750.0,組   ,380.0,,,,1.0,倒車雷達內崁兩眼-禾麟                                                 
1130827GF0000002,VBDXEX              ,6.0,100.0,罐   ,65.0,,,,8.0,向日葵橘油亮光蠟  [車牌]                                             
1130827GF0000002,ABT-A130            ,1.0,250.0,組   ,60.0,,,,9.0,碳纖魂動-卡夢後視鏡雨遮                                                
1130828GF0000001,S28WGDE             ,1.0,100.0,組   ,40.0,,,,2.0,S-28貼式二段開關                                                  
1130829GF0000001,PNSHDF31            ,1.0,300.0,組   ,130.0,,,,1.0,重力式 長桿出風口手機架360度旋轉                                          
1130829GF0000002,G2DE                ,1.0,500.0,各   ,80.0,,,,1.0,水滴開關                                                        
1130829GF0000003,TYPERH7CR2Q         ,1.0,1200.0,組   ,200.0,,,,1.0,TYPE-R H7黃金燈泡                                               
1130830GF0000001,S27CTYZ1VNY         ,1.0,500.0,組   ,61.3,,,,1.0,S27C插式保險絲母頭座                                                
1130830GF0000001,EY                  ,1.0,1000.0,次   ,0.0,,,,2.0,工資                                                          
1130830GF0000001,3D1F1               ,1.0,200.0,支   ,90.0,,,,3.0,3D補漆筆                                                       
1130830GF0000002,2TVUJE              ,1.0,2000.0,組   ,450.0,,,,1.0,倒車顯影(蝴蝶外掛)                                                  
1130831GF0000001,5Y5VTRXF            ,1.0,3000.0,組   ,1200.0,,,,1.0,追蹤者X2行車紀錄器                                                  
1130831GF0000001,NO16375TGGD         ,1.0,350.0,組   ,150.0,,,,2.0,NO-1637(直插式)雙孔+USB 12V/12V插座                                
1130831GF0000001,MP3XUXW             ,1.0,1200.0,組   ,520.0,,,,3.0,樂團FM藍芽音樂播放器                                                 
1130831GF0000001,NOIDNRMG20          ,1.0,350.0,組   ,100.0,,,,4.0,NOID三節雨刷 20吋                                                
1130831GF0000001,NOIDNRMG24          ,1.0,400.0,支   ,100.0,,,,5.0,NOID三節雨刷 24吋                                                
1130830GF0000001,XB572ZR2V           ,1.0,900.0,組   ,350.0,,,,4.0,XB-572負極導線                                                  
1130902GF0000001,OB59G1              ,1.0,1000.0,組   ,189.0,,,,1.0,OB-59門邊飾板                                                   
1130902GF0000001,K00371              ,1.0,100.0,張   ,50.0,,,,2.0,彩繪貼紙/樂譜                                                     
1130902GF0000001,E01108              ,1.0,80.0,張   ,15.0,,,,3.0,藤原豆腐店(自家用)(1.3X9CM)                                         
1130902GF0000001,F00315B             ,1.0,40.0,張   ,20.0,,,,4.0,班尼頓/二人黑                                                     
1130902GF0000001,K00372              ,1.0,100.0,各   ,50.0,,,,5.0,彩繪貼紙/XX貼紙                                                   
1130902GF0000001,K00371              ,1.0,100.0,張   ,50.0,,,,6.0,彩繪貼紙/樂譜                                                     
1130902GF0000001,J00336              ,1.0,80.0,張   ,40.0,,,,7.0,方格旗/立體                                                      
1130902GF0000001,F00315B             ,1.0,40.0,張   ,20.0,,,,8.0,班尼頓/二人黑                                                     
1130902GF0000001,K00370              ,1.0,100.0,張   ,50.0,,,,9.0,彩繪貼紙/樂譜                                                     
1130902GF0000001,EY                  ,1.0,860.0,次   ,0.0,,,,10.0,工資                                                          
1130831GF0000002,0760-TPGV5R         ,1.0,500.0,各   ,500.0,,,,2.0,[車牌]水箱支架                                                 
1130831GF0000002,0760-TPGVE          ,1.0,450.0,各   ,200.0,,,,3.0,[車牌]水箱蓋                                                  
1130831GF0000002,0760-TPGVWNE        ,1.0,950.0,各   ,350.0,,,,4.0,[車牌]水箱鐵三管                                                
1130831GF0000002,0760-TPGV           ,1.0,4800.0,組   ,1800.0,,,,11.0,[車牌]水箱                                                   
1130831GF0000002,G204GVR             ,1.0,800.0,罐   ,180.0,,,,7.0,G206水箱精                                                     
1130831GF0000002,0762-TPEY           ,1.0,3000.0,次   ,3000.0,,,,8.0,[車牌]工資                                                   
1130831GF0000002,0760-TPZ2R          ,1.0,6500.0,組   ,4000.0,,,,9.0,[車牌]發電機                                                  
1130831GF0000002,0760-TPYFT25        ,1.0,4500.0,組   ,2100.0,,,,10.0,[車牌](左前)傳動軸                                              
1130903GF0000001,16322T              ,4.0,100.0,各   ,25.0,,,,1.0,1632電池                                                      
1130903GF0000001,3D1F1               ,1.0,250.0,支   ,90.0,,,,2.0,3D補漆筆                                                       
1130904GF0000001,3M2CM               ,1.0,120.0,捲   ,90.0,,,,1.0,3M膠*2CM                                                     
1130905GF0000001,TC1208FY2T2R        ,1.0,3000.0,組   ,1800.0,,,,1.0,TC-1208全自動充電機 麻新                                            
1130905GF0000001,2QG                 ,1.0,100.0,罐   ,15.0,,,,2.0,電瓶水                                                         
1130905GF0000001,2QT2                ,1.0,400.0,次   ,0.0,,,,3.0,電瓶充電                                                        
1130906GF0000001,OB59G1              ,2.0,650.0,組   ,189.0,,,,1.0,OB-59門邊飾板                                                   
1130909GF0000001,Z1010H2YGVTRXF      ,1.0,8500.0,組   ,2091.0,,,,1.0,10吋電子後視行車紀錄器                                                
1130909GF0000001,S27CTYZ1VNY         ,1.0,500.0,組   ,61.3,,,,2.0,S27C插式保險絲母頭座                                                
1130909GF0000002,SAXO5W50            ,5.0,600.0,罐   ,220.0,,,,1.0,SAXO 5W/50機油                                                
1130909GF0000002,WISHUV              ,1.0,200.0,各   ,65.0,,,,2.0,WISH油芯                                                      
1130909GF0000002,ALTISDFV            ,1.0,450.0,各   ,100.0,,,,3.0,01 ALTIS空氣芯                                                 
1130909GF0000002,XFXJALTIS           ,1.0,550.0,各   ,120.0,,,,4.0,冷氣濾01-07ALTIS                                               
1130909GF0000002,12FVRU5XR           ,1.0,550.0,罐   ,120.0,,,,5.0,八大全效機油精                                                     
1130909GF0000002,ABROQGUR            ,1.0,450.0,罐   ,90.0,,,,6.0,ABRO噴射油精                                                    
1130909GF0000002,3313-TPF1E          ,1.0,4300.0,組   ,1600.0,,,,7.0,[車牌]前保桿                                                  
1130909GF0000002,3313-TPF1EDF        ,1.0,4000.0,次   ,1800.0,,,,8.0,[車牌]前保桿烤漆                                                
1130909GF0000002,3313-TPUCA1D        ,1.0,6500.0,次   ,2500.0,,,,9.0,[車牌]右後門板烤                                                
1130911GF0000001,DRG15CTFB           ,1.0,900.0,組   ,450.0,,,,1.0,DRG(二入)避震器緩衝器/B                                             
1130912GF0000001,XUG3UVTRXF          ,1.0,10000.0,組   ,3800.0,,,,1.0,路易視3眼後視鏡行記錄器                                                
1130912GF0000001,HY662               ,1.0,1000.0,組   ,520.0,,,,2.0,HY-662簡便連結式椅套                                               
1130913GF0000001,NB1040              ,5.0,600.0,罐   ,200.0,,,,1.0,NB 10/40機油                                                  
1130913GF0000001,ABROUFFVR           ,1.0,650.0,罐   ,95.0,,,,2.0,ABRO引擎清洗劑                                                   
1130913GF0000001,ABROUF1EUR          ,1.0,550.0,罐   ,140.0,,,,3.0,ABRO 引擎補缸油精                                                 
1130913GF0000001,OBROFUR             ,1.0,450.0,罐   ,150.0,,,,4.0,OBRO汽油精                                                     
1130913GF0000001,05FCOUSDFV          ,1.0,650.0,各   ,450.0,,,,5.0,05FCOU空氣芯                                                   
1130913GF0000001,05FCOUSUV           ,1.0,300.0,各   ,150.0,,,,6.0,05FCOUS油芯                                                   
1130913GF0000001,EY                  ,1.0,500.0,次   ,0.0,,,,7.0,工資                                                          
1130913GF0000001,05FCOUSCVA1         ,1.0,1500.0,組   ,500.0,,,,8.0,05FCOUS後箱門把                                                 
1130918GF0000001,GPSWV               ,1.0,2000.0,條   ,500.0,,,,1.0,GPS天線                                                       
1130919GF0000001,HY662               ,1.0,1000.0,組   ,520.0,,,,1.0,HY-662簡便連結式椅套                                               
1130920GF0000001,SENFINECOFURFFVR    ,1.0,1800.0,罐   ,400.0,,,,1.0,西德SENFINECO汽油進氣系統清洗劑9921                                    
1130920GF0000001,ABROYQUV            ,1.0,400.0,罐   ,130.0,,,,2.0,ABRO自排變速箱油防漏油精                                              
1130920GF0000001,20252T              ,1.0,100.0,各   ,22.0,,,,3.0,2025電池                                                      
1130920GF0000001,ZEROFV1UUR          ,1.0,400.0,罐   ,180.0,,,,4.0,ZERO全效保養汽車精[車牌]                                            
1130920GF0000001,CHEERS1540RU        ,1.0,450.0,罐   ,104.3,,,,7.0,CHEERS 15/40機油                                              
1130920GF0000001,ABROUF1EUR          ,1.0,550.0,罐   ,140.0,,,,6.0,ABRO 引擎補缸油精                                                 
1130920GF0000002,RSENH76000K         ,1.0,500.0,各   ,150.0,,,,1.0,RSEN H7 6000K燈泡                                             
1130924GF0000001,H1255W              ,1.0,120.0,各   ,28.0,,,,1.0,H1 55W燈泡                                                    
1130920GF0000003,VIOSUCSG1           ,1.0,2500.0,次   ,1500.0,,,,1.0,VIOS(右後)內室板換皮                                               
1130924GF0000002,Z1010H2YGVTRXF      ,1.0,7000.0,組   ,2091.0,,,,1.0,10吋電子後視行車紀錄器                                                
1130924GF0000002,TURBO900622         ,1.0,2500.0,組   ,1200.0,,,,2.0,TU[車牌]LED大燈                                             
1130924GF0000002,20322T              ,1.0,100.0,各   ,27.0,,,,3.0,2032電池                                                      
1130924GF0000002,PNSS30              ,1.0,500.0,組   ,150.0,,,,4.0,大功率雙孔插座+2USB 1A                                             
1130925GF0000001,ZV5K5DGUVTRXF       ,1.0,8400.0,組   ,4200.0,,,,1.0,發現者K5D雙眼行車紀錄器                                               
1130925GF0000001,K00219              ,1.0,100.0,張   ,50.0,,,,2.0,新手駕駛多包涵/立體                                                  
1130919GF0000001,08ALTISCUW          ,1.0,2800.0,組   ,1100.0,,,,2.0,08ALTIS後座椅皮椅套                                               
1130925GF0000001,ZEROVRMG22G         ,2.0,850.0,支   ,350.0,,[已隱蔽],,3.0,ZERO矽膠雨刷22吋                                                 
1130925GF0000001,ZJTUA               ,1.0,300.0,罐   ,80.0,,,,4.0,防霧除油膜                                                       
1130925GF0000002,NB1040              ,4.0,600.0,罐   ,200.0,,,,1.0,NB 10/40機油                                                  
1130925GF0000002,12FVRU5XR           ,1.0,550.0,罐   ,120.0,,,,2.0,八大全效機油精                                                     
1130925GF0000002,MISSIONCVT          ,4.0,600.0,罐   ,230.0,,,,3.0,MISSION CVT-F自排油X+++                                        
1130926GF0000001,Z1010H2YGVTRXF      ,1.0,6500.0,組   ,2091.0,,,,1.0,10吋電子後視行車紀錄器                                                
1130926GF0000001,08LIVINATA1E2       ,1.0,800.0,組   ,220.0,,,,2.0,08LIVINA長毛避光墊                                               
1130926GF0000001,ABT-517HWA5W        ,1.0,1000.0,各   ,500.0,,,,3.0,ABT-517磁吸熊貓面紙套                                              
1130927GF0000001,Z1010H2YGVTRXF      ,1.0,7500.0,組   ,2091.0,,,,1.0,10吋電子後視行車紀錄器                                                
1130927GF0000001,EY                  ,1.0,500.0,次   ,0.0,,,,2.0,工資                                                          
1130928GF0000001,S27CTYZ1VNY         ,1.0,150.0,組   ,61.3,,,,1.0,S27C插式保險絲母頭座                                                
1131001GF0000001,2TVUJE              ,1.0,2500.0,組   ,450.0,,,,1.0,倒車顯影(蝴蝶外掛)                                                  
1131001GF0000001,32G                 ,1.0,500.0,各   ,180.0,,,,2.0,32G卡片                                                       
1131001GF0000002,5E2Q                ,1.0,1000.0,組   ,0.0,,,,1.0,中古電瓶                                                        
1130101GF0000001,ERQ602Q             ,1.0,2300.0,各   ,1750.0,,,,1.0,國際牌60電瓶                                                     
1131001GF0000003,6069-RG             ,1.0,6500.0,組   ,4100.0,,,,1.0,[車牌]啟動馬達                                                 
1131001GF0000004,PNSS212UF           ,1.0,450.0,組   ,160.0,,,,1.0,PNS-S21大功率獨立開關+雙USB                                         
1131002GF0000001,Z1010H2YGVTRXF      ,1.0,7500.0,組   ,2091.0,,,,1.0,10吋電子後視行車紀錄器                                                
1131001GF0000005,HNFJV               ,1.0,1000.0,次   ,0.0,,,,1.0,測速器喇叭維修                                                     
1131002GF0000001,RSEN56ZVQW          ,1.0,500.0,條   ,250.0,,,,2.0,RSEN-56牛皮方向盤套(黑紅)                                           
1131003GF0000001,TYPERH7CR2Q         ,1.0,1200.0,組   ,200.0,,,,1.0,TYPE-R H7黃金燈泡                                               
1131003GF0000001,LN01Q5XN4B          ,1.0,300.0,組   ,105.0,,,,2.0,LN-01牌照螺絲/白鐵 4入                                             
1131003GF0000002,TYPERH4CR           ,1.0,1200.0,組   ,200.0,,,,1.0,TYPE-R H4黃金燈泡                                               
1131003GF0000002,ZERO14VRMG          ,1.0,700.0,支   ,290.0,,,,2.0,ZERO矽膠雨刷14吋                                                 
1131003GF0000002,ZEROVRMG24          ,1.0,1000.0,支   ,415.0,,,,3.0,ZERO矽膠雨刷24吋                                                 
1131003GF0000002,VBDVATX-2           ,1.0,200.0,罐   ,65.0,,,,4.0,向日葵細目粗蠟二代                                                   
1131004GF0000001,SAXO1040            ,5.0,450.0,罐   ,120.0,,[已隱蔽],,1.0,SAXO 10W/40機油                                               
1131004GF0000001,XGRUV               ,1.0,100.0,各   ,60.0,,,,3.0,菱帥機油芯                                                       
1131004GF0000001,FORTISDFV           ,1.0,450.0,各   ,180.0,,,,9.0,FORTIS空氣芯                                                   
1131004GF0000001,NO16375TGGD         ,1.0,400.0,組   ,150.0,,,,4.0,NO-1637(直插式)雙孔+USB 12V/12V插座                                
1131004GF0000001,VTRXFV2DE           ,1.0,700.0,條   ,150.0,,,,5.0,行車紀錄器線帶開關                                                   
1131004GF0000001,EY                  ,1.0,500.0,次   ,0.0,,[已隱蔽],,7.0,工資                                                          
1131004GF0000001,JXFYE               ,1.0,100.0,組   ,40.0,,,,8.0,JX 充氣嘴                                                      
1131004GF0000002,2TXWJX              ,1.0,3000.0,組   ,380.0,,,,1.0,倒車雷達外露                                                      
1131007GF0000001,GXYGUX              ,1.0,600.0,罐   ,320.0,,,,1.0,舒亮鑽石釉蠟                                                      
1131007GF0000001,2XAF                ,1.0,100.0,組   ,68.0,,,,2.0,打蠟棉球                                                        
1131007GF0000001,JGWA5               ,1.0,3500.0,組   ,1400.0,,,,3.0,萬事通A5行車紀錄器                                                  
1131007GF0000002,XASX4054+645R       ,1.0,15500.0,組   ,9000.0,,,,1.0,鈴木 SX4 4+64安卓主機                                             
1131007GF0000002,055MVTRXF           ,1.0,7500.0,組   ,3000.0,,,,2.0,安卓專用雙眼行車紀錄器                                                 
1131202GF0000001,IX35XFXJ            ,1.0,550.0,各   ,250.0,,,,6.0,IX35冷氣濾網                                                    
1131202GF0000001,16322T              ,4.0,150.0,各   ,25.0,,,,7.0,1632電池                                                      
1131202GF0000001,ZEROFV1UUR          ,1.0,400.0,罐   ,180.0,,,,8.0,ZERO全效保養汽車精[車牌]                                            
1131202GF0000001,ABROZVQU            ,1.0,300.0,罐   ,140.0,,,,9.0,ABRO方向盤油(含止漏)                                               
1131202GF0000002,2TXWSDXU            ,1.0,3000.0,組   ,380.0,,,,1.0,倒車雷達內崁兩眼-禾麟                                                 
1131202GF0000003,2TXWJX              ,1.0,1500.0,組   ,380.0,,,,1.0,倒車雷達外露                                                      
1131127GF0000001,BCF161617XF         ,4.0,6500.0,各   ,3900.0,,,,1.0,[車牌] 17吋鋁圈                                              
1131203GF0000001,RSEN02F             ,1.0,1000.0,各   ,400.0,,,,2.0,RSEN安定器                                                     
1131203GF0000001,RSEND26000K         ,1.0,600.0,各   ,250.0,,,,3.0,RSEN D2 6000K燈泡                                             
1131210GF0000001,SAXOC35W30FHU       ,6.0,750.0,罐   ,220.0,,,,1.0,SAXO C3 5W30柴油共用遊                                           
1131009GF0000001,2TXWSDXU            ,1.0,750.0,組   ,380.0,,,,1.0,倒車雷達內崁兩眼-禾麟                                                 
1131009GF0000002,MIOD20VTRXF         ,1.0,4000.0,組   ,2000.0,,,,1.0,MIO D20(GPS)行車紀錄器                                           
1131009GF0000002,5E5R                ,1.0,2000.0,組   ,0.0,,,,2.0,中古主機                                                        
1131009GF0000003,2TVUJE              ,1.0,2500.0,組   ,450.0,,,,1.0,倒車顯影(蝴蝶外掛)                                                  
1131009GF0000003,GWA                 ,1.0,100.0,各   ,30.0,,,,2.0,雙頭母                                                         
1131009GF0000003,AVV1.0              ,1.0,400.0,條   ,60.0,,,,3.0,AV線1.0mm                                                    
1131012GF0000001,AV5VC               ,2.0,350.0,組   ,180.0,,,,1.0,AV轉換器                                                       
1131012GF0000001,AVVCV4.5M           ,3.0,200.0,條   ,130.0,,[已隱蔽],,2.0,AV訊號線4.5M                                                   
1131014GF0000001,VBDVATX-2           ,1.0,200.0,罐   ,65.0,,,,1.0,向日葵細目粗蠟二代                                                   
1131014GF0000001,AFL5050FH           ,2.0,550.0,條   ,108.0,,,,2.0,[車牌]12七彩LED                                             
1131014GF0000001,EY                  ,1.0,500.0,次   ,0.0,,,,3.0,工資                                                          
1131017GF0000001,ABROQAG1XTUA        ,1.0,300.0,組   ,95.0,,,,1.0,ABRO泡沫式玻璃除油膜[車牌]                                           
1131017GF0000002,ZEROFV1UUR          ,1.0,400.0,罐   ,180.0,,,,1.0,ZERO全效保養汽車精[車牌]                                            
1131019GF0000001,MIOD20VTRXF         ,1.0,5000.0,組   ,2000.0,,,,1.0,MIO D20(GPS)行車紀錄器                                           
1131019GF0000001,S27CTYZ1VNY         ,1.0,500.0,組   ,61.3,,,,2.0,S27C插式保險絲母頭座                                                
1131021GF0000001,GPSWVEY             ,1.0,2000.0,次   ,0.0,,,,1.0,范光榮天線                                                       
1131021GF0000002,DRG15FCTFC          ,1.0,700.0,組   ,400.0,,,,1.0,DRG(二入)避震器緩衝器/C D                                           
1131021GF0000002,                    ,0.0,,,,,,,2.0,
1131022GF0000001,LD72UVTRXF          ,1.0,3500.0,組   ,1500.0,,,,1.0,LD-7單眼行車記錄器                                                 
1131022GF0000002,22EY                ,1.0,300.0,次   ,0.0,,,,1.0,大燈工資                                                        
1131029GF0000001,GN5V                ,1.0,350.0,罐   ,140.0,,,,1.0,雙色之星香水                                                      
1131029GF0000001,NO167VG             ,2.0,150.0,各   ,55.0,,,,2.0,NO167單晶冷氣香水                                                 
1131029GF0000001,VTRXFV              ,1.0,500.0,組   ,150.0,,,,3.0,行車記錄器線                                                      
1131029GF0000002,NB1040              ,4.0,550.0,罐   ,200.0,,,,1.0,NB 10/40機油                                                  
1131029GF0000002,82VADFV2.0          ,1.0,450.0,各   ,200.0,,,,2.0,8代喜美2.0空氣芯                                                  
1131029GF0000002,82VAUV              ,1.0,200.0,各   ,80.0,,,,3.0,8代喜美油芯                                                      
1131029GF0000002,ABROUFFVR           ,1.0,450.0,罐   ,95.0,,,,4.0,ABRO引擎清洗劑                                                   
1131029GF0000002,82VAXFXJ            ,1.0,600.0,組   ,200.0,,,,5.0,8代喜美冷氣濾網                                                    
1131029GF0000002,SENFINECOFURFFVR    ,1.0,1800.0,罐   ,400.0,,,,6.0,西德SENFINECO汽油進氣系統清洗劑9921                                    
1131028GF0000001,ERQ560L252Q         ,1.0,3500.0,各   ,2500.0,,,,1.0,國際牌 560L25電瓶                                                
1131029GF0000002,12FVRU5XR           ,1.0,550.0,罐   ,120.0,,,,7.0,八大全效機油精                                                     
1131029GF0000002,ABROQGUR            ,1.0,400.0,罐   ,90.0,,,,8.0,ABRO噴射油精                                                    
1131029GF0000002,NOIDNRMG20          ,1.0,450.0,組   ,100.0,,,,9.0,NOID三節雨刷 20吋                                                
1131029GF0000002,NOIDNRMG26          ,1.0,550.0,支   ,100.0,,,,10.0,NOID三節雨刷 26吋                                                
1131029GF0000002,MISSIONCVT          ,4.0,600.0,罐   ,230.0,,,,11.0,MISSION CVT-F自排油X+++                                        
1131105GF0000001,MIMI2Q              ,1.0,7500.0,各   ,5000.0,,,,1.0,MIMI電瓶                                                      
1131108GF0000001,APPWWVGF            ,1.0,3000.0,組   ,1900.0,,,,1.0,APP抬頭顯示 OBT四代                                               
1131107GF0000001,RSEND46000K         ,1.0,1500.0,各   ,500.0,,,,1.0,RSEN D4 6000K燈泡                                             
1131107GF0000001,J00352CMG           ,1.0,400.0,支   ,140.0,,,,2.0,J0[車牌]4後雨刷                                              
1131108GF0000002,ERQ60UCR2Q          ,1.0,3000.0,各   ,1900.0,,,,1.0,國際牌 60銀合金電瓶                                                 
1131111GF0000001,07LIVINA5MW2        ,1.0,900.0,組   ,300.0,,,,1.0,07LIVINA專用踏墊                                                
1131111GF0000002,YH3702XENJV         ,1.0,1000.0,次   ,0.0,,,,1.0,YH-370電力公司維修                                                
1131111GF0000003,08ALTIS5MW2         ,1.0,900.0,組   ,300.0,,,,1.0,08ALTIS專用踏墊                                                 
1131111GF0000004,TYPERH7CR2Q         ,1.0,600.0,組   ,200.0,,,,1.0,TYPE-R H7黃金燈泡                                               
1131112GF0000001,96R2CGRQ            ,1.0,1000.0,各   ,300.0,,[已隱蔽],,1.0,96堅達後視鏡(廣角)                                                 
1131112GF0000001,ECC9922TBCR         ,1.0,250.0,罐   ,80.0,,,,2.0,ECC-992防鏽潤滑劑                                                
1131113GF0000001,CHEERS1540RU        ,4.0,450.0,罐   ,104.3,,                                                  ,,1.0,CHEERS 15/40機油                                              
1131113GF0000001,7D3237Q2            ,1.0,4500.0,組   ,2000.0,,,,2.0,發電機皮帶 冷氣皮帶 壓縮皮帶                                             
1131113GF0000002,AFL283578           ,1.0,200.0,組   ,90.0,,,,1.0,軟條燈2835-78LED                                               
1131113GF0000002,S28WGDE             ,1.0,100.0,組   ,48.0,,,,2.0,S-28貼式二段開關                                                  
1131114GF0000001,EY                  ,1.0,100.0,次   ,0.0,,,,2.0,工資                                                          
1131114GF0000001,HG002MGR            ,1.0,200.0,罐   ,60.0,,,,3.0,日本進口KYK去油膜雨刷精 [車牌]                                         
1131113GF0000001,SUFECUEY            ,1.0,200.0,次   ,200.0,,,,3.0,SUFE換油工資                                                    
1131113GF0000001,SUFEUV              ,1.0,200.0,各   ,180.0,,,,4.0,SUFE油芯                                                      
1131114GF0000002,ZEROVRMG18          ,1.0,800.0,支   ,325.0,,,,1.0,ZERO矽膠雨刷18吋                                                 
1131115GF0000001,WUSWU5TF            ,1.0,3000.0,組   ,900.0,,,,1.0,太陽能胎壓偵測器                                                    
1131115GF0000001,ZEROFV1UUR          ,1.0,400.0,罐   ,180.0,,,,2.0,ZERO全效保養汽車精[車牌]                                            
1131116GF0000001,CHEERS1540RU        ,4.0,350.0,罐   ,104.3,,,,1.0,CHEERS 15/40機油                                              
1131116GF0000001,T10552              ,2.0,50.0,各   ,2.0,,,,2.0,T10中炸彈                                                      
1131114GF0000002,ZEROVRMG20          ,1.0,1000.0,支   ,350.0,,,,2.0,ZERO矽膠雨刷20吋                                                 
1131211GF0000002,Z1010H2YGVTRXF      ,1.0,7200.0,組   ,2091.0,,,,4.0,10吋電子後視行車紀錄器                                                
1131211GF0000002,HK800JGX1           ,1.0,700.0,組   ,190.0,,,,5.0,HK-800 WRC渦式喇叭                                              
1131212GF0000001,EY                  ,1.0,1000.0,次   ,0.0,,,,1.0,工資                                                          
1131212GF0000002,510Z2F              ,1.0,3800.0,組   ,650.0,,,,1.0,510防盜器                                                      
1131212GF0000002,CARW2               ,1.0,1000.0,組   ,650.0,,,,2.0,海馬腳踏板                                                       
1131212GF0000003,ZEROVRMG20          ,1.0,800.0,支   ,350.0,,,,1.0,ZERO矽膠雨刷20吋                                                 
1131212GF0000003,ZEROVRMG24          ,1.0,800.0,支   ,415.0,,,,2.0,ZERO矽膠雨刷24吋                                                 
1131219GF0000001,TYPERH4CR           ,1.0,600.0,組   ,200.0,,,,1.0,TYPE-R H4黃金燈泡                                               
1131213GF0000001,24V2V2Q             ,10.0,20.0,各   ,3.5,,,,1.0,24V單芯燈泡                                                     
1131213GF0000002,2XDR2F              ,1.0,1800.0,組   ,500.0,,,,1.0,得利卡繼電器                                                      
1131227GF0000001,ZWUV                ,1.0,100.0,各   ,50.0,,,,2.0,豐田油芯                                                        
1131227GF0000001,EAXDFV              ,1.0,450.0,各   ,150.0,,,,3.0,冠美麗2.0空氣芯                                                   
1131227GF0000002,BCF-1616V2Q         ,1.0,5900.0,各   ,2950.0,,,,1.0,[車牌]小電瓶                                                 
1131227GF0000002,LEDXG2W1.5M         ,1.0,2000.0,組   ,240.0,,,,2.0,LED流水燈條1.5MM                                                
1131227GF0000002,EY                  ,1.0,1500.0,次   ,0.0,,,,3.0,工資                                                          
1131227GF0000002,K00172              ,2.0,100.0,張   ,50.0,,,,4.0,BL TZ/貼紙                                                    
1131227GF0000002,H00861              ,2.0,100.0,張   ,30.0,,,,5.0,鶴/一對 立體 貼紙                                                  
1131227GF0000003,NOID6SND            ,1.0,200.0,組   ,60.0,,,,1.0,NOID 6SND室內燈                                                
1131231GF0000001,RSENH78000K         ,1.0,1000.0,各   ,150.0,,,,1.0,RSEN h7 8000K 燈泡                                            
1131231GF0000001,12AY25TA1E2         ,1.0,800.0,組   ,220.0,,,,2.0,12馬自達5長毛避光墊                                                 
1131116GF0000001,T20GV2Q             ,2.0,150.0,各   ,20.0,,,,3.0,T20雙芯燈泡                                                     
1131116GF0000001,82VAUV              ,1.0,200.0,各   ,80.0,,,,4.0,8代喜美油芯                                                      
1131116GF0000002,02XGXFXJ            ,1.0,600.0,各   ,250.0,,,,1.0,02菱帥冷氣濾網                                                    
1131118GF0000001,YH1682XEN           ,1.0,3500.0,組   ,2500.0,,,,1.0,YH168電力公司                                                   
1131119GF0000001,OULLANDERW2         ,1.0,1200.0,組   ,630.0,,,,1.0,OUTLANDER專用踏墊+運費                                            
1131119GF0000002,5SR                 ,1.0,250.0,各   ,100.0,,,,1.0,助黏劑                                                         
1131119GF0000002,A12XGW1CM           ,1.0,650.0,捲   ,180.0,,,,2.0,門邊鍍烙飾條10公尺(1CM)                                             
1131119GF0000002,EY                  ,1.0,300.0,次   ,0.0,,,,3.0,工資                                                          
1131119GF0000003,ABT563FYQD          ,1.0,300.0,組   ,90.0,,,,1.0,ABT-563七字牌框                                                 
1131121GF0000001,2TXWSDXU            ,1.0,750.0,組   ,380.0,,,,1.0,倒車雷達內崁兩眼-禾麟                                                 
1131121GF0000002,345LNDU2T2Q         ,1.0,3700.0,各   ,2400.0,,,,1.0,PRUIS C油電車[車牌]電瓶車                                          
1131121GF0000002,PNSSC002            ,1.0,300.0,組   ,160.0,,,,2.0,雙層3D蜂巢椅座墊-冰涼氣墊                                              
1131121GF0000002,Z1010H2YGVTRXF      ,1.0,7000.0,組   ,2091.0,,,,3.0,10吋電子後視行車紀錄器                                                
1131122GF0000001,Z1010H2YGVTRXF      ,1.0,7500.0,組   ,2091.0,,,,1.0,10吋電子後視行車紀錄器                                                
1131202GF0000001,NB1040              ,5.0,550.0,罐   ,200.0,,,,1.0,NB 10/40機油                                                  
1131202GF0000001,IX35DFV             ,1.0,450.0,各   ,200.0,,,,2.0,IX35 空氣芯                                                    
1131202GF0000001,IX35RUV             ,1.0,100.0,組   ,100.0,,,,3.0,IX35機油芯                                                     
1131202GF0000001,CARGTUV             ,1.0,250.0,罐   ,90.0,,,,4.0,CAR煞車油(小)                                                   
1131202GF0000001,12FVRU5XR           ,1.0,600.0,罐   ,120.0,,,,5.0,八大全效機油精                                                     
1131203GF0000001,RSEND48000K         ,1.0,1000.0,各   ,500.0,,[已隱蔽],,4.0,RSEN D4 8000K燈泡                                             
1131210GF0000001,ZEROAMN+RFC         ,1.0,950.0,罐   ,320.0,,,,4.0,ZERO鉬元素+噴油嘴除扣劑                                              
1131210GF0000001,CLA2500UV           ,1.0,750.0,各   ,300.0,,,,5.0,CLA-250專用油芯                                                 
1131210GF0000001,CLA250DFV           ,1.0,1250.0,各   ,350.0,,,,6.0,CLA-250空氣芯                                                  
1131210GF0000001,CLA250XFXJ          ,1.0,1450.0,各   ,500.0,,,,7.0,CLA-250冷氣濾網(W17)                                            
1131211GF0000001,ZEROVRMG22G         ,2.0,950.0,支   ,350.0,,,,1.0,ZERO矽膠雨刷22吋                                                 
1131211GF0000001,RFLN01Q5XN          ,1.0,300.0,組   ,75.0,,,,2.0,RF-LN01牌照螺絲                                                 
1131209GF0000001,13TIDA4QFMT         ,1.0,1200.0,組   ,700.0,,,,1.0,13TIDA(4片)晴雨窗                                               
1131211GF0000002,99R2CAW2            ,1.0,1100.0,各   ,700.0,,,,1.0,99堅達海馬專用踏墊                                                  
1131211GF0000002,GN116DAJZVQW2L      ,1.0,500.0,條   ,160.0,,,,2.0,GN-116卡孟文方向盤套 2L(40CM)                                      
1131211GF0000002,Z10CTUTV            ,1.0,1000.0,條   ,200.0,,,,3.0,Z10貨車專用延長線20米                                               
1130425GF0000002,SAXO1040            ,5.0,400.0,罐   ,120.0,,,,1.0,SAXO 10W/40機油                                               
1130425GF0000002,NXUR                ,1.0,100.0,各   ,45.0,,,,2.0,三菱油芯                                                        
1130425GF0000002,ZINGERDFV           ,1.0,450.0,各   ,150.0,,,,3.0,ZINGER空氣芯                                                   
1131217GF0000001,RSENH116000K        ,1.0,800.0,各   ,150.0,,[已隱蔽],,1.0,RSEB H11 6000K HID燈泡                                        
1131216GF0000001,RSENH116000K        ,1.0,800.0,各   ,150.0,,,,1.0,RSEB H11 6000K HID燈泡                                        
1131217GF0000002,AH59ZVQW            ,1.0,700.0,條   ,340.0,,,,1.0,AH-59方向盤套                                                   
1131217GF0000002,SENFINCEOXFZVFRR    ,1.0,1500.0,罐   ,350.0,,,,3.0,西德SENFINCEO冷氣風箱清潔劑                                          
1131217GF0000003,SAXO1040            ,4.0,450.0,罐   ,120.0,,,,4.0,SAXO 10W/40機油                                               
1131217GF0000003,ZWUV                ,1.0,100.0,各   ,50.0,,,,5.0,豐田油芯                                                        
1131217GF0000002,EY                  ,1.0,2000.0,次   ,0.0,,,,4.0,工資                                                          
1131217GF0000003,VIOSDFV             ,1.0,350.0,組   ,150.0,,,,9.0,VIOS空氣芯                                                     
1131217GF0000003,MISSIONCVT          ,4.0,600.0,罐   ,230.0,,,,2.0,MISSION CVT-F自排油X+++                                        
1131217GF0000003,5Y5VTRXF            ,1.0,3350.0,組   ,1200.0,,,,7.0,追蹤者X2行車紀錄器                                                  
1131217GF0000004,BHD-5917            ,1.0,5000.0,個   ,3400.0,,,,1.0,225/60R/17輪胎                                                
1131218GF0000001,CHEERS1540RU        ,5.0,350.0,罐   ,104.3,,,,1.0,CHEERS 15/40機油                                              
1131218GF0000001,ZINGERDFV           ,1.0,400.0,各   ,150.0,,,,2.0,ZINGER空氣芯                                                   
1131218GF0000001,NXUR                ,1.0,200.0,各   ,45.0,,,,3.0,三菱油芯                                                        
1131217GF0000005,12BMWX55MW2         ,1.0,2500.0,1   ,1000.0,,,,1.0,12BMWX5專用踏墊                                                 
1131217GF0000005,TYPERH7CR2Q         ,1.0,1000.0,組   ,200.0,,,,2.0,TYPE-R H7黃金燈泡                                               
1131218GF0000002,S27CTYZ1VNY         ,1.0,150.0,組   ,61.3,,,,1.0,S27C插式保險絲母頭座                                                
1131219GF0000002,ZWUV                ,1.0,100.0,各   ,50.0,,,,3.0,豐田油芯                                                        
1131219GF0000002,EY                  ,1.0,300.0,次   ,0.0,,,,4.0,工資                                                          
1131219GF0000003,17SU5FL             ,1.0,1500.0,個   ,1000.0,,,,4.0,17年U5輪弧FL/有雷孔                                               
1131219GF0000003,17SXCFR             ,1.0,1500.0,個   ,1000.0,,,,5.0,17年U5輪弧FR/有雷孔                                               
1131219GF0000003,17SXCRL             ,1.0,1200.0,個   ,500.0,,,,1.0,17年輪弧RL                                                     
1131219GF0000003,17SXCRR             ,1.0,1200.0,個   ,500.0,,,,2.0,17年輪弧RR                                                     
1131219GF0000004,2TBB                ,1.0,200.0,各   ,100.0,,,,1.0,倒車BIBI                                                      
1131220GF0000001,V1                  ,1.0,800.0,組   ,500.0,,,,1.0,線包                                                          
1131220GF0000002,2015CRVCAFT+CV      ,1.0,2800.0,組   ,2100.0,,,,1.0,[車牌]全車+後箱海馬踏墊雙層                                          
1131217GF0000001,RSENH116000K        ,1.0,0.0,各   ,150.0,,[已隱蔽],,2.0,RSEB H11 6000K HID燈泡                                        
1131223GF0000001,GOLTPLUSGSR         ,1.0,1300.0,個   ,500.0,,,,1.0,GOLTPLUS室內鏡                                                 
1131223GF0000001,ERQ80D23LUCR2T      ,1.0,3500.0,各   ,2400.0,,,,2.0,國際牌80D23L 日本銀合金電池                                           
1131223GF0000002,TYPERH11CR2Q        ,1.0,1200.0,組   ,200.0,,                                                  ,,1.0,TYPE-R H11黃金燈泡                                              
1131223GF0000003,ERQ60UCR2Q          ,1.0,2800.0,各   ,1900.0,,,,1.0,國際牌 60銀合金電瓶                                                 
1131224GF0000001,WJD                 ,1.0,1000.0,組   ,350.0,,,,1.0,拖車勾                                                         
1131224GF0000002,2TX23UDB            ,1.0,1050.0,組   ,480.0,,,,1.0,倒車雷達3眼崁入                                                    
1131224GF0000002,AFL283578           ,1.0,200.0,組   ,90.0,,,,2.0,軟條燈2835-78LED                                               
1131224GF0000003,XUG3UVTRXF          ,1.0,10500.0,組   ,3800.0,,,,1.0,路易視3眼後視鏡行記錄器                                                
1131225GF0000001,EY                  ,1.0,1500.0,次   ,0.0,,,,1.0,工資                                                          
1131227GF0000001,SAXO1040            ,4.0,450.0,罐   ,120.0,,,,1.0,SAXO 10W/40機油                                               
1140102GF0000001,5SR                 ,2.0,250.0,各   ,100.0,,,,1.0,助黏劑                                                         
1140102GF0000001,QAJFTNFTR           ,1.0,450.0,罐   ,180.0,,,,2.0,泡沫頑強蟲屍去除劑                                                   
1140102GF0000001,RSENEFFVR           ,1.0,200.0,罐   ,75.0,,,,3.0,RSEN鋼圈清洗劑                                                   
1140102GF0000001,LEO695              ,1.0,50.0,卷   ,40.0,,,,4.0,車身貼線/螢光粉(30尺)                                               
1140102GF0000001,H00861              ,1.0,60.0,張   ,30.0,,,,5.0,鶴/一對 立體 貼紙                                                  
1140102GF0000001,K00133              ,1.0,100.0,張   ,50.0,,,,6.0,火焰/貼紙                                                       
1140102GF0000001,K00371              ,1.0,100.0,張   ,50.0,,,,7.0,彩繪貼紙/樂譜                                                     
1140102GF0000001,F00710              ,1.0,40.0,張   ,20.0,,,,8.0,請家95/正方黑                                                    
1140102GF0000001,EY                  ,1.0,1000.0,次   ,0.0,,,,9.0,工資                                                          
1140102GF0000001,K00370              ,2.0,100.0,張   ,50.0,,,,10.0,彩繪貼紙/樂譜                                                     
1140207GF0000001,WISHUV              ,1.0,200.0,各   ,65.0,,,,3.0,WISH油芯                                                      
1140207GF0000001,08ALTISDFV          ,1.0,400.0,各   ,100.0,,,,4.0,08ALTIS空氣芯                                                  
1140207GF0000001,08ALTISXFXJ         ,1.0,450.0,各   ,120.0,,,,5.0,08ALTIS冷氣濾網                                                 
1140207GF0000001,16322T              ,1.0,200.0,各   ,25.0,,,,6.0,1632電池                                                      
1140207GF0000001,12FVRU5XR           ,1.0,550.0,罐   ,120.0,,,,7.0,八大全效機油精                                                     
1140207GF0000001,EY                  ,1.0,500.0,次   ,0.0,,,,8.0,工資                                                          
1140207GF0000001,CARGTUV             ,1.0,200.0,罐   ,90.0,,,,9.0,CAR煞車油(小)                                                   
1140207GF0000001,SAXOQUYFRR          ,1.0,400.0,罐   ,80.0,,,,10.0,SAXO噴油嘴清潔劑                                                  
1140208GF0000001,ERQ602Q             ,1.0,2500.0,各   ,1750.0,,,,1.0,國際牌60電瓶                                                     
1140208GF0000002,XFXJALTIS           ,1.0,450.0,各   ,120.0,,,,1.0,冷氣濾01-07ALTIS                                               
1140414GF0000001,AXZ7328EY           ,0.0,200.0,各   ,0.0,,,,9.0,工資                                                          
1140414GF0000001,LEO720GR            ,1.0,100.0,卷   ,50.0,,,,4.0,車身貼紙/螢光綠                                                    
1140414GF0000001,LEO695              ,2.0,100.0,卷   ,40.0,,,,2.0,車身貼線/螢光粉(30尺)                                               
1140416GF0000001,LY9862HC            ,1.0,750.0,組   ,280.0,,,,1.0,LY-986大餐盒                                                   
1140416GF0000001,DIY4BTX             ,1.0,1300.0,組   ,100.0,,,,2.0,DIY(四入)窗簾                                                   
1140417GF0000001,AXZ7328EY           ,1.0,300.0,各   ,0.0,,,,2.0,工資                                                          
1140416GF0000002,2010LRXUSRX450      ,1.0,2700.0,組   ,700.0,,,,3.0,[車牌]USRX450專用踏墊                                          
1140416GF0000002,ZEROVRMG22G         ,1.0,950.0,支   ,350.0,,,,4.0,ZERO矽膠雨刷22吋                                                 
1140416GF0000002,ZEROVRMG26          ,1.0,1050.0,支   ,415.0,,,,5.0,ZERO 26吋矽膠雨刷                                                
1140417GF0000001,GS-562202Q          ,1.0,3700.0,各   ,2600.0,,,,3.0,GS-5622電瓶                                                   
1140429GF0000001,SAXOQUYFRR          ,0.0,405.0,罐   ,80.0,,,,4.0,SAXO噴油嘴清潔劑                                                  
1140429GF0000001,01-08ALTISDFV       ,1.0,450.0,各   ,75.0,,,,2.0,01-08ALTIS空氣芯                                               
1140429GF0000002,RSENGVR             ,1.0,300.0,罐   ,80.0,,,,14.0,RSEN水箱精                                                     
1140429GF0000002,NXUR                ,1.0,200.0,各   ,45.0,,,,10.0,三菱油芯                                                        
1140429GF0000002,12FVRU5XR           ,1.0,410.0,罐   ,120.0,,,,11.0,八大全效機油精                                                     
1140429GF0000002,SAXOQUYFRR          ,1.0,360.0,罐   ,80.0,,,,7.0,SAXO噴油嘴清潔劑                                                  
1140429GF0000002,NOIDNRMG20          ,2.0,315.0,組   ,100.0,,,,3.0,NOID三節雨刷 20吋                                                
1140429GF0000002,SAXO1040            ,5.0,450.0,罐   ,120.0,,,,1.0,SAXO 10W/40機油                                               
1140429GF0000002,ZXDDFV              ,1.0,450.0,各   ,150.0,,,,15.0,菲利卡空氣芯                                                      
1140429GF0000001,SENFINECORU5X       ,1.0,405.0,罐   ,160.0,,,,19.0,西德SENFINECO機油止漏劑                                            
1140429GF0000004,PNS-TAIR002         ,1.0,1000.0,組   ,660.0,,,,1.0,手持式無線胎壓偵測打氣機                                                
1140429GF0000004,ABT-D007            ,1.0,400.0,組   ,260.0,,,,2.0,補胎釘工具組                                                      
1140429GF0000005,2TXWSDXU            ,2.0,2850.0,組   ,380.0,,,,1.0,倒車雷達內崁兩眼-禾麟                                                 
1140502GF0000001,HK915X1             ,1.0,1200.0,組   ,250.0,,,,2.0,HK-915 BMW快音喇叭                                              
1140502GF0000001,RSENT105630         ,1.0,400.0,卡   ,120.0,,,,3.0,RSEN T10 5630 10燈                                           
1140502GF0000002,E00948              ,1.0,30.0,張   ,15.0,,,,1.0,德國國旗/二入                                                     
1140502GF0000002,AXZ7328EY           ,1.0,270.0,各   ,0.0,,,,2.0,工資                                                          
1140502GF0000003,18BMWX25MW2         ,1.0,2500.0,個   ,750.0,,,,1.0,18BMWX25專用踏墊                                                
1140502GF0000004,ERQ602Q             ,1.0,2500.0,各   ,1750.0,,,,1.0,國際牌60電瓶                                                     
1140502GF0000004,2MT                 ,2.0,200.0,各   ,80.0,,,,2.0,電源夾 (JK-40-S27)小                                            
1140211GF0000001,0760-T9UCADF        ,1.0,4500.0,次   ,2500.0,,,,4.0,0760-T9(右)後門烤漆                                              
1140211GF0000001,0760-T9UCAEWDF      ,1.0,4000.0,次   ,1500.0,,,,5.0,0760-T9(右)後門骨頭烤漆                                            
1140211GF0000001,0760-T9UCAEW1R      ,1.0,4500.0,次   ,1000.0,,,,6.0,0760-T9(右)後門骨頭板金                                            
1140211GF0000001,10WISHXF15H15       ,1.0,7500.0,各   ,5000.0,,,,7.0,10WISH鋁圈15吋/8爪正廠                                            
1140204GF0000001,DC021MVWU1          ,1.0,850.0,各   ,290.0,,,,1.0,DC-021專業級圓形胎壓表                                              
1140214GF0000001,ZERO14VRMG          ,1.0,700.0,支   ,290.0,,,,1.0,ZERO矽膠雨刷14吋                                                 
1140214GF0000001,ZEROVRMG26          ,1.0,1100.0,支   ,415.0,,,,2.0,ZERO 26吋矽膠雨刷                                                
1140214GF0000002,TYPERH11CR2Q        ,1.0,1200.0,組   ,200.0,,,,1.0,TYPE-R H11黃金燈泡                                              
1140215GF0000001,NB1040              ,5.0,550.0,罐   ,200.0,,,,1.0,NB 10/40機油                                                  
1140215GF0000001,ZINGERDFV           ,1.0,450.0,各   ,150.0,,,,2.0,ZINGER空氣芯                                                   
1140102GF0000001,K00372              ,2.0,100.0,各   ,50.0,,,,11.0,彩繪貼紙/XX貼紙                                                   
1140103GF0000001,10WISHCW            ,1.0,2500.0,各   ,1000.0,,,,1.0,10WISH(後)椅座椅套                                               
1140103GF0000002,0760-T9WISHF2EB5    ,1.0,6000.0,次   ,3000.0,,,,1.0,0760-T9WISH前檔隔熱紙                                            
1140104GF0000001,RSENH78000K         ,1.0,1000.0,各   ,150.0,,,,1.0,RSEN h7 8000K 燈泡                                            
1140104GF0000002,2TXWSD1AW           ,1.0,1800.0,組   ,450.0,,,,1.0,倒車顯影(內砍)寶馬頭                                                 
1140104GF0000002,ABROUF1EUR          ,1.0,500.0,罐   ,150.0,,,,2.0,ABRO 引擎補缸油精                                                 
1140104GF0000003,RSENHID5RF          ,1.0,500.0,各   ,100.0,,,,2.0,RSEN HID轉接器                                                 
1140104GF0000003,RSEND26000K         ,1.0,1000.0,各   ,250.0,,,,3.0,RSEN D2 6000K燈泡                                             
1140103GF0000003,13RAV45MW2          ,1.0,550.0,組   ,300.0,,,,1.0,13RAV4專用踏墊                                                  
1140106GF0000001,BEV-83298C+128055R  ,1.0,18000.0,組   ,12500.0,,,,1.0,[車牌] 8+128安卓主機                                            
1140106GF0000001,EY                  ,1.0,2000.0,次   ,0.0,,[已隱蔽],,2.0,工資                                                          
1140106GF0000001,RSEN55ZVQW          ,1.0,600.0,條   ,250.0,,,,3.0,RSEN55方向盤套(黑紅平線)                                            
1140106GF0000002,01ALTISTA5DYF       ,1.0,4500.0,各   ,1100.0,,,,1.0,01ALTIS(左前)車門六角鎖/附中控                                        
1140108GF0000001,HK915X1             ,1.0,1200.0,組   ,250.0,,,,1.0,HK-915 BMW快音喇叭                                              
1140108GF0000002,2TX23UDB            ,1.0,1050.0,組   ,480.0,,,,1.0,倒車雷達3眼崁入                                                    
1140109GF0000001,K00428              ,1.0,100.0,張   ,50.0,,,,1.0,老鷹/翅膀 立體黑紅                                                  
1140109GF0000001,F01051              ,2.0,40.0,張   ,20.0,,,,2.0,ROCK/STAR粉紅                                                 
1140109GF0000001,F00315B             ,6.0,40.0,張   ,20.0,,,,3.0,班尼頓/二人黑                                                     
1140109GF0000001,D00392              ,2.0,25.0,張   ,12.0,,,,4.0,班尼頓貼紙                                                       
1140109GF0000001,LEO695              ,2.0,80.0,卷   ,40.0,,,,5.0,車身貼線/螢光粉(30尺)                                               
1140109GF0000001,H00861              ,2.0,60.0,張   ,30.0,,,,6.0,鶴/一對 立體 貼紙                                                  
1140109GF0000002,0760-T9CREY         ,1.0,1000.0,次   ,1000.0,,,,1.0,0760-T9環璟工資                                                 
1140109GF0000002,0760-T9WISH0513H5R  ,1.0,30000.0,組   ,15500.0,,,,2.0,0760-T9 WISH 13吋安卓主機                                        
1140109GF0000002,V18H11LED22         ,1.0,4000.0,組   ,1700.0,,,,3.0,V18Ⅲ H11LED大燈                                               
1140109GF0000003,CAR5205R            ,1.0,1500.0,組   ,550.0,,,,1.0,CAR MP3 520無碟主機                                             
1140109GF0000004,SF00112QE2D         ,1.0,80.0,組   ,25.0,,,,1.0,SF-0011頂棚通用型固定扣                                             
1140109GF0000005,GARMIN532C          ,1.0,4990.0,組   ,4500.0,,,,1.0,GARMIN 53導航                                                 
1140111GF0000001,NB1040              ,4.0,550.0,罐   ,200.0,,,,1.0,NB 10/40機油                                                  
1140111GF0000001,ELANTRXFXJ          ,1.0,550.0,各   ,200.0,,,,2.0,ELANTRA冷氣濾網                                                 
1140111GF0000001,12FVRU5XR           ,1.0,550.0,罐   ,120.0,,,,3.0,八大全效機油精                                                     
1140111GF0000001,NXUR                ,1.0,100.0,各   ,45.0,,,,4.0,三菱油芯                                                        
1140111GF0000001,RWFVR               ,1.0,1000.0,罐   ,350.0,,,,5.0,泡沫事積碳清洗劑                                                    
1140113GF0000001,ID4HX1              ,1.0,1500.0,組   ,500.0,,,,1.0,ID4吋喇叭                                                      
1140114GF0000001,FAGEUW1.4           ,2.0,1000.0,捲   ,180.0,,,,1.0,氣密式隔音條1.4                                                   
1140114GF0000002,ZEROVRMG22G         ,2.0,750.0,支   ,350.0,,,,1.0,ZERO矽膠雨刷22吋                                                 
1140114GF0000003,V1                  ,1.0,1200.0,組   ,500.0,,,,1.0,線包                                                          
1140114GF0000003,AV5F2               ,1.0,800.0,組   ,250.0,,,,2.0,AV轉換附啟動                                                     
1140114GF0000003,EY                  ,1.0,1000.0,次   ,0.0,,,,3.0,工資                                                          
1140115GF0000001,2TX2NU              ,1.0,1250.0,組   ,580.0,,,,1.0,倒車雷達(四眼)崁入                                                  
1140116GF0000001,GARMIN532C          ,1.0,4990.0,組   ,4500.0,,,,1.0,GARMIN 53導航                                                 
1140115GF0000002,AFL283578           ,1.0,500.0,組   ,98.0,,                                                  ,,1.0,軟條燈2835-78LED                                               
1140117GF0000001,Z1010H2YGVTRXF      ,1.0,7500.0,組   ,2091.0,,,,1.0,10吋電子後視行車紀錄器                                                
1140117GF0000002,V81GUVTRXFC         ,1.0,1000.0,組   ,200.0,,,,1.0,V81雙眼行車記錄器(後)                                               
1140118GF0000001,TURBOH11            ,1.0,2500.0,組   ,1200.0,,,,1.0,TURBO H11 LED燈泡                                             
1140120GF0000001,LEO695              ,3.0,80.0,卷   ,40.0,,,,1.0,車身貼線/螢光粉(30尺)                                               
1140120GF0000001,J00384              ,1.0,80.0,張   ,40.0,,,,2.0,TANABE/(6*16CM)貼紙                                           
1140120GF0000001,H00861              ,1.0,60.0,張   ,30.0,,,,3.0,鶴/一對 立體 貼紙                                                  
1140120GF0000001,E01020              ,3.0,30.0,張   ,15.0,,,,4.0,EMax貼紙                                                      
1140120GF0000001,D00501              ,3.0,25.0,張   ,12.0,,,,5.0,SIMPSON/紅                                                   
1140120GF0000001,                    ,0.0,,,,,,,6.0,
1140121GF0000001,BAL-7633EB5         ,1.0,6000.0,組   ,4500.0,,,,1.0,[車牌]隔熱紙                                                 
1140121GF0000002,WISH2E              ,2.0,1450.0,組   ,400.0,,,,1.0,WISH引擎頂桿                                                    
1140121GF0000002,SENFINCEODFFRR      ,1.0,500.0,罐   ,180.0,,,,2.0,西德SENFINCEO空氣清潔劑9980                                        
1140121GF0000002,DR0AZVQWM           ,1.0,600.0,各   ,350.0,,,,3.0,開吉按摩(蘭珠)M                                                   
1140121GF0000002,XFXJALTIS           ,1.0,500.0,各   ,120.0,,,,4.0,冷氣濾01-07ALTIS                                               
1140121GF0000003,PG10671UF           ,1.0,2800.0,各   ,1800.0,,,,1.0,PG-1067變壓器600W                                              
1140121GF0000003,PD12012MRW          ,1.0,200.0,各   ,120.0,,,,2.0,PD-1201電源接頭                                                 
1140122GF0000001,ZERO14VRMG          ,1.0,780.0,支   ,290.0,,,,1.0,ZERO矽膠雨刷14吋                                                 
1140122GF0000001,ZEROVRMG24          ,1.0,1130.0,支   ,415.0,,,,2.0,ZERO矽膠雨刷24吋                                                 
1140122GF0000001,RSENT1018RMU        ,1.0,450.0,卡   ,150.0,,,,3.0,RSEN T10 魚眼 18晶CANBUS                                       
1140122GF0000001,DAYL60BV2           ,1.0,2500.0,組   ,520.0,,,,4.0,DAYL-60冰藍淚眼日行燈                                              
1140122GF0000001,T10-3030            ,1.0,500.0,組   ,160.0,,,,5.0,T10-3030-10顆 魚眼LED                                          
1140122GF0000001,2TXWSDXU            ,1.0,3000.0,組   ,380.0,,,,6.0,倒車雷達內崁兩眼-禾麟                                                 
1140122GF0000001,J00346              ,1.0,400.0,支   ,130.0,,,,7.0,J00346後雨刷 WISH                                              
1140122GF0000002,VBDXEX              ,1.0,120.0,罐   ,65.0,,,,2.0,向日葵橘油亮光蠟  [車牌]                                             
1140122GF0000002,ZEROFV1UUR          ,1.0,400.0,罐   ,180.0,,,,3.0,ZERO全效保養汽車精[車牌]                                            
1140123GF0000001,WUSWU5TF            ,1.0,3000.0,組   ,900.0,,,,1.0,太陽能胎壓偵測器                                                    
1140123GF0000002,GARMIN762C          ,1.0,9500.0,組   ,7900.0,,,,1.0,GARMIN 76導航                                                 
1140123GF0000002,16322T              ,4.0,250.0,各   ,25.0,,,,2.0,1632電池                                                      
1140123GF0000002,16162T              ,1.0,300.0,各   ,33.0,,,,3.0,1616電池                                                      
1140123GF0000002,ZEROVRMG20          ,1.0,960.0,支   ,350.0,,,,4.0,ZERO矽膠雨刷20吋                                                 
1140123GF0000002,ZEROVRMG26          ,1.0,1100.0,支   ,415.0,,,,5.0,ZERO 26吋矽膠雨刷                                                
1140123GF0000002,EY                  ,1.0,1000.0,次   ,0.0,,                                                  ,,6.0,工資                                                          
1140123GF0000002,J00384              ,3.0,80.0,張   ,40.0,,,,7.0,TANABE/(6*16CM)貼紙                                           
1140123GF0000002,K00428              ,2.0,100.0,張   ,50.0,,,,8.0,老鷹/翅膀 立體黑紅                                                  
1140124GF0000001,TYPERH7CR2Q         ,1.0,1200.0,組   ,200.0,,,,1.0,TYPE-R H7黃金燈泡                                               
1140125GF0000001,ERQ60UCR2Q          ,1.0,2800.0,各   ,1900.0,,,,1.0,國際牌 60銀合金電瓶                                                 
1140203GF0000001,RSEN90066000K2Q     ,1.0,500.0,各   ,150.0,,,,1.0,R[車牌] 6000K燈泡                                           
1140203GF0000002,5SR                 ,3.0,250.0,各   ,100.0,,,,2.0,助黏劑                                                         
1140203GF0000002,LEDXG2W1.5M         ,1.0,2000.0,組   ,240.0,,,,3.0,LED流水燈條1.5MM                                                
1140203GF0000002,K00370              ,1.0,100.0,張   ,50.0,,,,4.0,彩繪貼紙/樂譜                                                     
1140203GF0000002,EY                  ,1.0,150.0,次   ,0.0,,,,5.0,工資                                                          
1140204GF0000002,ID6*9W5X1           ,1.0,5800.0,組   ,1300.0,,,,3.0,ID6*9同軸喇叭                                                   
1140204GF0000002,IN362835GS2         ,2.0,450.0,卡   ,200.0,,,,4.0,IN36-[車牌]室內燈                                            
1140204GF0000002,RSENT104RQ          ,1.0,200.0,卡   ,80.0,,,,5.0,RSEN T10 4晶                                                 
1140205GF0000001,H1255W              ,1.0,150.0,各   ,30.0,,,,1.0,H1 55W燈泡                                                    
1140206GF0000001,RSEND14300K2Q       ,2.0,1500.0,各   ,450.0,,,,1.0,RSEN D1S 4300K燈泡                                            
1140207GF0000001,NB1040              ,4.0,550.0,罐   ,200.0,,,,1.0,NB 10/40機油                                                  
1140207GF0000001,MISSIONCVT          ,4.0,600.0,罐   ,230.0,,,,2.0,MISSION CVT-F自排油X+++                                        
1140215GF0000001,ZINGERUV            ,1.0,200.0,各   ,60.0,,,,3.0,ZINGER油芯                                                    
1140208GF0000002,ERC2XZVQU           ,1.0,300.0,罐   ,70.0,,,,2.0,ERC進口動力方向盤油                                                 
1140208GF0000002,CHEERS1540RU        ,5.0,350.0,罐   ,104.3,,,,3.0,CHEERS 15/40機油                                              
1140208GF0000002,01-08ALTISDFV       ,1.0,450.0,各   ,100.0,,,,4.0,01-08ALTIS空氣芯                                               
1140210GF0000001,UTEY                ,1.0,300.0,次   ,0.0,,,,1.0,驗車工資                                                        
1140210GF0000002,SAXO1040            ,5.0,450.0,罐   ,120.0,,,,1.0,SAXO 10W/40機油                                               
1140210GF0000002,ABROUF1EUR          ,1.0,550.0,罐   ,150.0,,,,2.0,ABRO 引擎補缸油精                                                 
1140210GF0000002,ZINGERDFV           ,1.0,450.0,各   ,150.0,,,,3.0,ZINGER空氣芯                                                   
1140210GF0000003,RSENH116000K        ,1.0,0.0,各   ,150.0,,[已隱蔽],,1.0,RSEB H11 6000K HID燈泡                                        
1140211GF0000001,0760-T9UCA1R        ,1.0,3500.0,次   ,1500.0,,,,2.0,0760-T9(右)後門板金                                              
1140215GF0000001,12FVRU5XR           ,1.0,550.0,罐   ,120.0,,,,4.0,八大全效機油精                                                     
1140215GF0000001,SAXOQUYFRR          ,1.0,400.0,罐   ,80.0,,,,5.0,SAXO噴油嘴清潔劑                                                  
1140215GF0000001,01XGXFXJ            ,1.0,450.0,組   ,250.0,,,,6.0,01菱帥冷氣濾網                                                    
1140219GF0000001,SAXO1040            ,5.0,400.0,罐   ,120.0,,,,1.0,SAXO 10W/40機油                                               
1140219GF0000001,WISHUV              ,1.0,250.0,各   ,65.0,,,,2.0,WISH油芯                                                      
1140219GF0000001,08ALTISDFV          ,1.0,450.0,各   ,100.0,,,,3.0,08ALTIS空氣芯                                                  
1140219GF0000001,10WISH5MW2          ,1.0,1100.0,組   ,450.0,,,,4.0,10WISH專用踏墊                                                  
1140219GF0000001,PNSHDF29            ,1.0,400.0,組   ,130.0,,,,5.0,磁吸式 常感出風口手機架                                                
1140219GF0000001,RSEN66ZVQW          ,1.0,750.0,條   ,250.0,,,,6.0,RSEN-66方向盤套                                                 
1140219GF0000001,VBDXEX              ,3.0,120.0,罐   ,65.0,,,,7.0,向日葵橘油亮光蠟  [車牌]                                             
1140219GF0000001,08ALTISXFXJ         ,1.0,450.0,各   ,120.0,,,,8.0,08ALTIS冷氣濾網                                                 
1140219GF0000002,PNSHDF31            ,1.0,400.0,組   ,130.0,,,,1.0,重力式 長桿出風口手機架360度旋轉                                          
1140219GF0000002,DR0AZVQWL           ,1.0,750.0,各   ,350.0,,,,2.0,開吉按摩方向盤套(藍珠)L                                               
1140219GF0000002,HY898               ,2.0,200.0,組   ,55.0,,,,3.0,HY-898手煞車護套                                                 
1140219GF0000002,PNSTK5012LED2       ,2.0,550.0,組   ,120.0,,,,4.0,PNS TK-[車牌]室內燈                                          
1140219GF0000002,EY                  ,1.0,1000.0,次   ,0.0,,,,5.0,工資                                                          
1140219GF0000002,S28WGDE             ,1.0,200.0,組   ,48.0,,,,6.0,S-28貼式二段開關                                                  
1140219GF0000002,NOID24GS2           ,2.0,450.0,組   ,200.0,,,,7.0,NOID-01 24SMD室內燈                                            
1140220GF0000001,ZEROVRMG18          ,1.0,800.0,支   ,325.0,,,,1.0,ZERO矽膠雨刷18吋                                                 
1140220GF0000001,ZEROVRMG24          ,1.0,1000.0,支   ,415.0,,,,2.0,ZERO矽膠雨刷24吋                                                 
1140220GF0000001,32G                 ,1.0,450.0,各   ,180.0,,,,3.0,32G卡片                                                       
1140219GF0000003,RSENHID5RF          ,1.0,700.0,各   ,100.0,,,,1.0,RSEN HID轉接器                                                 
1140224GF0000001,2TXWJX              ,1.0,4000.0,組   ,380.0,,,,1.0,倒車雷達外露                                                      
1140224GF0000002,2QG                 ,10.0,35.0,罐   ,15.0,,,,1.0,電瓶水                                                         
1140219GF0000002,V2QWV1JTURW2        ,1.0,850.0,組   ,450.0,,,,8.0,現代波特柴油小霸王專用踏墊                                               
1140305GF0000001,2DR                 ,1.0,500.0,各   ,199.0,,,,1.0,讀卡機                                                         
1140305GF0000001,64GRUD              ,1.0,650.0,各   ,0.0,,,,2.0,64G記憶卡                                                      
1140305GF0000001,5SR                 ,3.0,250.0,各   ,100.0,,,,3.0,助黏劑                                                         
1140305GF0000001,EY                  ,1.0,500.0,次   ,0.0,,,,4.0,工資                                                          
1140305GF0000001,512G                ,1.0,1000.0,ek4 ,0.0,,,,5.0,512G                                                        
1140307GF0000001,NB1040              ,5.0,600.0,罐   ,200.0,,,,1.0,NB 10/40機油                                                  
1140307GF0000001,10WISHRUV           ,1.0,200.0,各   ,0.0,,,,2.0,10WISH機油芯                                                   
1140307GF0000001,08ALTISDFV          ,1.0,350.0,各   ,100.0,,,,3.0,08ALTIS空氣芯                                                  
1140307GF0000001,ABROUFFVR           ,1.0,300.0,罐   ,95.0,,,,4.0,ABRO引擎清洗劑                                                   
1140307GF0000001,SENFINECOFURFFVR    ,1.0,1800.0,罐   ,400.0,,,,5.0,西德SENFINECO汽油進氣系統清洗劑9921                                    
1140307GF0000001,08ALTISXFXJ         ,1.0,550.0,各   ,120.0,,,,6.0,08ALTIS冷氣濾網                                                 
1140307GF0000001,12FVRU5XR           ,1.0,550.0,罐   ,120.0,,,,7.0,八大全效機油精                                                     
1140307GF0000001,SENFINECOCUFFVR     ,1.0,1800.0,罐   ,80.0,,,,8.0,德國SENFINECO化油器清洗劑9938                                       
1140307GF0000001,10WISHRUVE          ,1.0,3000.0,各   ,900.0,,,,9.0,10WISH機油芯蓋                                                  
1140307GF0000001,MISSIONCVT          ,5.0,600.0,罐   ,230.0,,,,10.0,MISSION CVT-F自排油X+++                                        
1140307GF0000001,SAXOQUYFRR          ,1.0,450.0,罐   ,80.0,,,,11.0,SAXO噴油嘴清潔劑                                                  
1140313GF0000002,AV5VC               ,1.0,350.0,組   ,180.0,,,,1.0,AV轉換器                                                       
1140313GF0000001,USB095              ,2.0,500.0,條   ,0.0,,,,3.0,USB安卓                                                       
1140313GF0000003,G74435630           ,1.0,750.0,卡   ,240.0,,,,1.0,7443後煞車燈 魚眼10各5630                                          
1140313GF0000003,RSENT2069DGCQ       ,1.0,1000.0,組   ,450.0,,,,2.0,RSEN T20 69燈防快閃單芯琥珀                                         
1140314GF0000001,OBT2FHWWVGF         ,1.0,3000.0,組   ,1000.0,,,,1.0,OBT抬頭顯示器(七彩)                                                
1140314GF0000001,NOID0118SND         ,1.0,600.0,組   ,150.0,,,,2.0,NOID-01 18 SMD室內燈                                           
1140314GF0000001,RSENT1018RMU        ,1.0,600.0,卡   ,150.0,,,,3.0,RSEN T10 魚眼 18晶CANBUS                                       
1140314GF0000002,AV5VC               ,2.0,350.0,組   ,180.0,,,,1.0,AV轉換器                                                       
1140315GF0000001,S27CTYZ1VNY         ,2.0,150.0,組   ,58.0,,,,1.0,S27C插式保險絲母頭座                                                
1140321GF0000001,TOWNZG              ,1.0,1350.0,各   ,600.0,,,,1.0,TOWN專用扶手                                                    
1140322GF0000001,ZEROVRMG26          ,1.0,900.0,支   ,415.0,,,,2.0,ZERO 26吋矽膠雨刷                                                
1140321GF0000001,U00075              ,1.0,800.0,組   ,400.0,,,,2.0,VINA飛航安全帶扣(2入裝)                                             
1140324GF0000001,3313-T9             ,1.0,2000.0,次   ,0.0,,,,7.0,3319-T9保桿拆裝工資                                               
1140324GF0000001,3313-TPF1E          ,1.0,4000.0,組   ,1800.0,,,,8.0,[車牌]前保桿                                                  
1140324GF0000001,3313-TPF1EDF        ,1.0,4500.0,次   ,1800.0,,,,9.0,[車牌]前保桿烤漆                                                
1140324GF0000001,3313-T9F            ,1.0,1500.0,個   ,0.0,,,,10.0,3319-T9前保桿扣子                                                
1140324GF0000001,J00345              ,1.0,550.0,支   ,130.0,,,,4.0,j0[車牌]A後雨刷                                              
1140324GF0000001,3313-T9XW           ,4.0,3350.0,個   ,2350.0,,,,5.0,3313-T9 195/65R15 NH100輪胎                                   
1140326GF0000001,2TXWSDXU            ,1.0,750.0,組   ,380.0,,,,1.0,倒車雷達內崁兩眼-禾麟                                                 
1140326GF0000001,2TXWSDXU            ,1.0,750.0,組   ,380.0,,,,2.0,倒車雷達內崁兩眼-禾麟                                                 
1131215GF0000001,SAXOQUYFRR          ,1.0,500.0,罐   ,80.0,,,,2.0,SAXO噴油嘴清潔劑                                                  
1131215GF0000001,WF55D23L2Q          ,1.0,3500.0,各   ,1850.0,,,,3.0,湯淺55D23L電瓶                                                  
1140311GF0000001,8391-N8UER          ,1.0,1650.0,次   ,450.0,,,,1.0,8391-N8螢光劑                                                  
1140311GF0000001,8391-N8UNFR2F       ,1.0,2850.0,各   ,400.0,,,,2.0,8391-N8壓縮機繼電器                                               
1140311GF0000001,8391-N8XA           ,1.0,1450.0,次   ,699.0,,,,3.0,8391-N8冷媒                                                   
1140311GF0000001,8391-N8XAHXEY       ,1.0,1000.0,次   ,0.0,,,,4.0,8391-N8冷媒測漏工資                                               
1140311GF0000001,8391-N8XAFV         ,1.0,1650.0,次   ,0.0,,,,5.0,8391-N8冷媒清洗                                                 
1140313GF0000001,EY                  ,1.0,1000.0,次   ,0.0,,,,2.0,工資                                                          
1140312GF0000001,GV5XJ               ,2.0,500.0,片   ,230.0,,,,1.0,水箱罩鋁網                                                       
1140322GF0000001,ZEROVRMG20          ,1.0,700.0,支   ,350.0,,                                                  ,,1.0,ZERO矽膠雨刷20吋                                                 
1140327GF0000001,2TXWSDXU            ,1.0,750.0,組   ,380.0,,,,1.0,倒車雷達內崁兩眼-禾麟                                                 
1140329GF0000001,JGWA5               ,1.0,3000.0,組   ,1400.0,,,,1.0,萬事通A5行車紀錄器                                                  
1140329GF0000001,FIESTA5MMG          ,1.0,950.0,組   ,280.0,,,,2.0,FIESTA 26/15專用雨刷                                            
1140331GF0000001,TYPERH7CR2Q         ,1.0,1000.0,組   ,200.0,,,,1.0,TYPE-R H7黃金燈泡                                               
1140331GF0000002,EY                  ,1.0,300.0,次   ,0.0,,,,1.0,工資                                                          
1140331GF0000003,X2VTRXF             ,1.0,2999.0,組   ,1200.0,,,,1.0,追蹤者X2行車紀錄器                                                  
1140331GF0000003,PNSS30              ,1.0,450.0,組   ,150.0,,,,2.0,大功率雙孔插座+2USB 1A                                             
1140402GF0000001,A094                ,1.0,500.0,條   ,100.0,,,,1.0,A094方向盤套                                                    
1140402GF0000002,09WISHFMT           ,1.0,500.0,組   ,0.0,,,,1.0,09WISH(兩片)晴雨窗                                               
1140402GF0000002,V18H11LED22         ,1.0,3500.0,組   ,1700.0,,,,2.0,V18Ⅲ H11LED大燈                                               
1140402GF0000002,RSENH113000K2Q      ,2.0,750.0,各   ,200.0,,,,3.0,RSEN H11 3000K燈泡                                            
1140402GF0000002,RSEN02F             ,2.0,1000.0,各   ,400.0,,,,4.0,RSEN安定器                                                     
1140402GF0000002,1VNY                ,1.0,500.0,各   ,100.0,,,,5.0,圓保險絲座                                                       
1140402GF0000003,BPT-3788XW          ,4.0,3350.0,各   ,3000.0,,,,1.0,[車牌] 195/50/R16輪胎                                       
1140403GF0000001,SAXOC35W30FHU       ,6.0,750.0,罐   ,220.0,,,,6.0,SAXO C3 5W30柴油共用遊                                           
1140403GF0000001,1GCLAW117DFV        ,1.0,1250.0,各   ,350.0,,,,7.0,賓士CLAW117空氣芯                                                
1140403GF0000001,ZERORFFVR           ,1.0,950.0,罐   ,320.0,,,,8.0,ZERO鉬元素+進氣閥除垢劑                                              
1140403GF0000001,LEDXG2W             ,1.0,2000.0,組   ,170.0,,,,4.0,LED流水燈條1.2MM                                                
1140403GF0000001,CLA2500UV           ,1.0,750.0,各   ,300.0,,,,1.0,CLA-250專用油芯                                                 
1140403GF0000001,CLA250XFXJ          ,1.0,1450.0,各   ,500.0,,,,2.0,CLA-250冷氣濾網(W17)                                            
1140421GF0000001,12ELANTRATA1E2      ,1.0,650.0,組   ,220.0,,,,1.0,12ELANTRA長毛避光墊                                              
1140421GF0000001,DAW510*50           ,1.0,150.0,張   ,20.0,,,,2.0,卡夢貼紙10*50cm                                                 
1140422GF0000001,BCF1616EFDF         ,1.0,12000.0,組   ,2400.0,,,,1.0,[車牌]鋼圈烤漆                                                
1140422GF0000001,LEO694Y             ,2.0,60.0,卷   ,30.0,,,,2.0,車身貼線/螢光黃                                                    
1140422GF0000001,LEO695Y             ,1.0,80.0,卷   ,40.0,,,,3.0,車身貼線/螢光黃                                                    
1140423GF0000001,XW2FRNO193841       ,1.0,1300.0,組   ,950.0,,,,1.0,NO:193841專業打氣機                                              
1140502GF0000005,RSEND26000K         ,1.0,1000.0,各   ,250.0,,,,1.0,RSEN D2 6000K燈泡                                             
1140502GF0000005,RSENHID5RF          ,1.0,500.0,各   ,100.0,,,,2.0,RSEN HID轉接器                                                 
1140503GF0000001,ID6HZUX1            ,1.0,5500.0,組   ,1700.0,,,,1.0,ID 6K分音喇叭                                                   
1140503GF0000001,6H2EF               ,1.0,500.0,組   ,200.0,,,,2.0,6吋墊高器                                                       
1140422GF0000002,T5GEBA              ,1.0,350.0,張   ,220.0,,,,2.0,IEB-008車之首隔熱棉                                               
1140426GF0000001,Q8H11LED3N2Q        ,1.0,4000.0,組   ,950.0,,,,1.0,Q8 H11 LED三色燈炮                                              
1140429GF0000001,WISHUV              ,1.0,250.0,各   ,65.0,,,,17.0,WISH油芯                                                      
1140429GF0000001,NB1040              ,5.0,600.0,罐   ,200.0,,,,18.0,NB 10/40機油                                                  
1140429GF0000001,VBDGVR              ,1.0,250.0,罐   ,60.0,,,,15.0,向日葵水箱精                                                      
1140429GF0000001,MISSIONCVT          ,5.0,600.0,罐   ,230.0,,,,12.0,MISSION CVT-F自排油X+++                                        
1140429GF0000001,SENFINECORU5X       ,1.0,450.0,罐   ,160.0,,,,9.0,西德SENFINECO機油止漏劑                                            
1140429GF0000001,12FVRU5XR           ,1.0,495.0,罐   ,120.0,,,,10.0,八大全效機油精                                                     
1140429GF0000003,4RR2F               ,1.0,100.0,各   ,35.0,,,,1.0,4角繼電器                                                       
1140429GF0000003,1VNV                ,1.0,50.0,各   ,2.0,,,,2.0,保險絲(小)                                                      
1140508GF0000002,ZV5G539HNF          ,1.0,4000.0,組   ,1900.0,,,,1.0,發現者F-539測速器                                                 
1140508GF0000003,AFL283578           ,1.0,200.0,組   ,98.0,,,,1.0,軟條燈2835-78LED                                               
1140509GF0000001,RSENH16000K2Q       ,1.0,600.0,組   ,150.0,,,,1.0,RSEN H1 6000K燈泡                                             
1140512GF0000001,RSEN02F             ,1.0,1500.0,各   ,400.0,,,,1.0,RSEN安定器                                                     
1140512GF0000002,JX5E9006CR2Q        ,1.0,1000.0,組   ,170.0,,,,1.0,未來之光9006黃金燈泡                                                
1140513GF0000001,V1                  ,1.0,850.0,組   ,500.0,,,,1.0,線包                                                          
1140513GF0000001,AV5VC               ,1.0,450.0,組   ,180.0,,,,2.0,AV轉換器                                                       
1140513GF0000002,ZEROVRMG18          ,1.0,700.0,支   ,325.0,,,,1.0,ZERO矽膠雨刷18吋                                                 
1140513GF0000002,ZEROVRMG26          ,1.0,900.0,支   ,415.0,,,,2.0,ZERO 26吋矽膠雨刷                                                
1140514GF0000001,GN119WFQW2L         ,1.0,450.0,條   ,148.0,,,,1.0,GN-119透氣方向盤套 2L                                             
1140514GF0000002,RSEND26000K         ,1.0,600.0,各   ,250.0,,,,1.0,RSEN D2 6000K燈泡                                             
1140514GF0000003,T1GUVTRXF           ,1.0,3000.0,組   ,1500.0,,,,1.0,T1雙眼行車紀錄器                                                   
1140520GF0000001,CORSS5W2            ,1.0,850.0,組   ,250.0,,,,1.0,CORSS專用踏墊                                                   
1140520GF0000001,YARISCORSS1E2       ,1.0,800.0,組   ,220.0,,,,2.0,YARIS CORSS長毛避光墊                                            
1140520GF0000001,64GRUD              ,1.0,600.0,各   ,0.0,,,,3.0,64G記憶卡                                                      
1140520GF0000001,RSEN57ZVQW          ,1.0,650.0,組   ,250.0,,,,4.0,RSEN 57方向盤套                                                 
1140520GF0000001,HY662               ,1.0,1100.0,組   ,520.0,,,,5.0,HY-662簡便連結式椅套                                               
1140522GF0000001,BG1UW               ,1.0,4000.0,組   ,2600.0,,,,1.0,瑞獅5人布椅套                                                     
1140522GF0000001,H1135W22Q           ,1.0,150.0,各   ,90.0,,,,2.0,H11 55W 燈泡                                                  
1140522GF0000002,10WISHZ2R           ,1.0,9500.0,個   ,4800.0,,,,4.0,10WISH發電機                                                   
1140524GF0000001,VR1RUV              ,1.0,150.0,各   ,50.0,,,,2.0,新尖兵機油芯                                                      
1140526GF0000001,CARMATGTU2          ,1.0,1000.0,罐   ,130.0,,,,1.0,CARMAT煞車油(大)                                                
1140526GF0000001,TEANAXXQ            ,1.0,2000.0,組   ,600.0,,,,2.0,Teana來令片                                                    
1140526GF0000002,PNSHXT303           ,1.0,450.0,組   ,210.0,,,,1.0,雙風扇-儀錶板用DC12V                                               
1140531GF0000001,RSENT105630         ,1.0,350.0,卡   ,120.0,,,,2.0,RSEN T10 5630 10燈                                           
1140602GF0000001,PNS-CS150FAC        ,1.0,1000.0,組   ,270.0,,,,1.0,[車牌]引擎蓋貫穿式APP+遙控器氣壩燈+七彩光                                   
1140602GF0000001,AXZ7328EY           ,1.0,1000.0,各   ,0.0,,,,2.0,工資                                                          
1140602GF0000002,NB1040              ,5.0,550.0,罐   ,200.0,,,,15.0,NB 10/40機油                                                  
1140602GF0000002,NXUR                ,1.0,150.0,各   ,45.0,,,,16.0,三菱油芯                                                        
1140605GF0000001,XTRAILS51UW         ,1.0,7500.0,組   ,4800.0,,,,1.0,X-TRAIL 牛仔布椅套套                                              
1140403GF0000002,V189005LED22        ,1.0,3500.0,組   ,1700.0,,,,1.0,V18Ⅲ [車牌]大燈                                             
1140403GF0000002,RSENT105630         ,1.0,400.0,卡   ,120.0,,,,2.0,RSEN T10 5630 10燈                                           
1140408GF0000001,WUSWU5TF            ,1.0,2000.0,組   ,900.0,,,,2.0,太陽能胎壓偵測器                                                    
1140408GF0000002,ZV5G539HNF          ,1.0,3500.0,組   ,1900.0,,,,1.0,發現者F-539測速器                                                 
1140408GF0000002,LD72UVTRXF          ,1.0,3500.0,組   ,1500.0,,,,2.0,LD-7單眼行車記錄器                                                 
1140408GF0000003,02EAXXXQ            ,1.0,2500.0,各   ,950.0,,,,1.0,02冠美麗來令片                                                    
1140208GF0000003,DUCA2HW2            ,1.0,2800.0,組   ,1000.0,,,,1.0,凱燕16 [車牌]海馬單層踏墊                                            
1140416GF0000002,MP3XUXW             ,1.0,1200.0,組   ,520.0,,,,1.0,樂團FM藍芽音樂播放器                                                 
1140503GF0000002,RSEND48000K         ,2.0,1100.0,各   ,500.0,,,,1.0,RSEN D4 8000K燈泡                                             
1140508GF0000001,ERQ60UCR2Q          ,1.0,3500.0,各   ,1900.0,,,,1.0,國際牌 60銀合金電瓶                                                 
1140522GF0000002,10WISHZ2REY         ,1.0,1500.0,次   ,600.0,,,,5.0,10WISH發電機拆裝工資                                               
1140522GF0000002,10WISHUNR2TZ        ,1.0,4500.0,個   ,2200.0,,,,6.0,10WISH壓縮機電池閥                                                
1140522GF0000002,10WISHUNR2TZT5EY    ,1.0,1500.0,次   ,600.0,,,,11.0,10WISH壓縮機電池閥拆裝工資                                            
1140522GF0000002,10WISHXA            ,1.0,1500.0,次   ,800.0,,,,7.0,10WISH冷媒                                                    
1140522GF0000002,10WISHXFFV          ,1.0,2000.0,次   ,1000.0,,,,8.0,10WISH冷氣清洗                                                  
1140522GF0000002,10WISH2QT5EY        ,1.0,1000.0,次   ,600.0,,,,9.0,10WISH碟盤拆裝工資                                                
1140522GF0000002,10WISHGTQ           ,2.0,3000.0,組   ,700.0,,,,1.0,10WISH煞車盤                                                   
1140522GF0000002,10WISHXXQ           ,1.0,2500.0,個   ,900.0,,,,2.0,10WISH來令片                                                   
1140522GF0000003,NHGX                ,1.0,150.0,罐   ,85.0,,,,1.0,三彩水蠟                                                        
1140524GF0000001,SAXO1040            ,4.0,450.0,罐   ,120.0,,,,1.0,SAXO 10W/40機油                                               
1140617GF0000001,K00172              ,1.0,100.0,張   ,50.0,,,,2.0,BL TZ/貼紙                                                    
1140617GF0000001,EY                  ,1.0,100.0,次   ,0.0,,,,3.0,工資                                                          
1140619GF0000001,HK915X1             ,1.0,1500.0,組   ,250.0,,,,1.0,HK-915 BMW快音喇叭                                              
1140619GF0000002,OBROFUR             ,1.0,450.0,罐   ,150.0,,,,1.0,OBRO汽油精                                                     
1140620GF0000001,AFL283578           ,1.0,250.0,組   ,98.0,,,,1.0,軟條燈2835-78LED                                               
1140624GF0000001,GPSWV               ,1.0,1800.0,條   ,500.0,,,,1.0,GPS天線                                                       
1140624GF0000002,YARISCXXQ           ,1.0,2800.0,組   ,1600.0,,,,1.0,YARIS後來令片                                                   
1140624GF0000002,YARISGTUEC          ,1.0,2000.0,次   ,800.0,,,,2.0,YARIS煞車油更換                                                  
1140624GF0000002,AFL283578           ,1.0,700.0,組   ,98.0,,,,3.0,軟條燈2835-78LED                                               
1140625GF0000001,01ALTISQUW          ,1.0,3700.0,組   ,2200.0,,,,1.0,01ALTIS皮椅套                                                  
1140708GF0000001,EY                  ,1.0,600.0,次   ,0.0,,,,5.0,工資                                                          
1140708GF0000001,USBW                ,1.0,100.0,條   ,0.0,,,,6.0,USB頭                                                        
1140708GF0000002,H1135W22Q           ,2.0,350.0,各   ,90.0,,,,1.0,H11 55W 燈泡                                                  
1140708GF0000002,EY                  ,1.0,300.0,次   ,0.0,,,,2.0,工資                                                          
1140708GF0000003,AFL283578           ,4.0,200.0,組   ,81.8,,,,1.0,軟條燈2835-78LED                                               
1140709GF0000001,ID6.5HW5X1          ,1.0,2000.0,組   ,700.0,,,,1.0,ID6.5吋同軸喇叭                                                  
1140709GF0000002,TYPERH7CR2Q         ,1.0,1000.0,組   ,200.0,,,,1.0,TYPE-R H7黃金燈泡                                               
1140712GF0000001,Z1010H2YGVTRXF      ,1.0,4000.0,組   ,2300.0,,,,1.0,Z10吋電子後視行車紀錄器                                               
1140714GF0000001,RSENT105630         ,1.0,300.0,卡   ,120.0,,,,1.0,RSEN T10 5630 10燈                                           
1140714GF0000001,RSENH76000K         ,1.0,300.0,各   ,150.0,,                                                  ,,2.0,RSEN H7 6000K燈泡                                             
1140904GF0000001,ZGR2F               ,1.0,1200.0,組   ,0.0,,,,7.0,風扇繼電器                                                       
1140904GF0000001,W2XEUA              ,1.0,700.0,各   ,300.0,,,,8.0,特多龍汽車隔音棉                                                    
1140906GF0000001,S27CTYZ1VNY         ,1.0,150.0,組   ,58.0,,,,1.0,S27C插式保險絲母頭座                                                
1140908GF0000001,TYPER90062Q         ,1.0,1000.0,組   ,200.0,,,,1.0,TYPE-R9006黃金燈泡                                              
1140908GF0000001,EY                  ,1.0,200.0,次   ,0.0,,,,2.0,工資                                                          
1140908GF0000001,4RR2F               ,1.0,150.0,各   ,35.0,,,,3.0,4角繼電器                                                       
1140908GF0000001,S52211ASRG1VN       ,1.0,150.0,各   ,55.0,,,,4.0,S52 211迷你插式保險絲座/新型                                          
1140909GF0000001,ERQ80D23LUCR2T      ,1.0,3500.0,各   ,2400.0,,,,1.0,國際牌80D23L 日本銀合金電池                                           
1140911GF0000001,ID6HW5              ,1.0,2000.0,組   ,700.0,,,,2.0,ID-6吋同軸喇叭                                                   
1140911GF0000001,JK40USBDT           ,1.0,400.0,組   ,200.0,,,,3.0,JK-40-W-1置物箱USB貼式充電3.0/12                                   
1140602GF0000002,IX35DFV             ,1.0,450.0,各   ,200.0,,,,17.0,IX35 空氣芯                                                    
1140602GF0000002,MISSIONCVT          ,5.0,600.0,罐   ,230.0,,,,12.0,MISSION CVT-F自排油X+++                                        
1140602GF0000002,12FVRU5XR           ,1.0,650.0,罐   ,120.0,,,,11.0,八大全效機油精                                                     
1140602GF0000002,SAXOQUYFRR          ,1.0,400.0,罐   ,80.0,,,,9.0,SAXO噴油嘴清潔劑                                                  
1140602GF0000002,IX35XFXJ            ,1.0,500.0,各   ,250.0,,,,7.0,IX35冷氣濾網                                                    
1140602GF0000002,IX35TA1E2           ,1.0,800.0,組   ,220.0,,,,5.0,IX-35長毛避光墊                                                  
1140602GF0000002,LASTS2DVG           ,1.0,50.0,各   ,30.0,,,,3.0,LASTS吊卡香水                                                   
1140602GF0000003,16322T              ,4.0,150.0,各   ,25.0,,,,8.0,1632電池                                                      
1140602GF0000003,NB1040              ,4.0,550.0,罐   ,200.0,,,,9.0,NB 10/40機油                                                  
1140602GF0000003,82VAUV              ,1.0,200.0,各   ,80.0,,,,10.0,8代喜美油芯                                                      
1140605GF0000003,G2DE                ,1.0,1000.0,各   ,80.0,,,,1.0,水滴開關                                                        
1140605GF0000003,EY                  ,1.0,300.0,次   ,0.0,,,,2.0,工資                                                          
1140605GF0000004,PNSSUN15XL          ,1.0,1000.0,組   ,530.0,,,,1.0,後車箱防蚊網-XL                                                   
1140605GF0000004,PNSSUN11            ,1.0,350.0,組   ,95.0,,,,2.0,前車窗遮陽防蚊罩-L轎車用(後視鏡開)                                         
1140605GF0000005,2TXWSDXU            ,1.0,750.0,組   ,380.0,,,,1.0,倒車雷達內崁兩眼-禾麟                                                 
1140605GF0000006,S27CTYZ1VNY         ,1.0,150.0,組   ,58.0,,,,1.0,S27C插式保險絲母頭座                                                
1140605GF0000002,3D1F1               ,1.0,250.0,支   ,90.0,,,,2.0,3D補漆筆                                                       
1140606GF0000001,PNSS23TY            ,1.0,300.0,組   ,150.0,,,,1.0,車用單孔插座+雙USB                                                 
1140606GF0000001,TAE0062FR           ,1.0,2000.0,組   ,1300.0,,,,2.0,TA-E006極光數位打氣機                                              
1140606GF0000001,RSENT104014242      ,1.0,500.0,組   ,160.0,,,,3.0,RSEN T10 4014 24燈                                           
1140606GF0000002,EY                  ,1.0,300.0,次   ,0.0,,[已隱蔽],,1.0,工資                                                          
1140610GF0000001,RSENT1018RMU        ,1.0,450.0,卡   ,150.0,,,,2.0,RSEN T10 魚眼 18晶CANBUS                                       
1140611GF0000001,HK915X1             ,1.0,1500.0,組   ,250.0,,,,1.0,HK-915 BMW快音喇叭                                              
1140611GF0000001,PNSSUN05            ,1.0,100.0,組   ,36.0,,,,2.0,雙面隔熱靜電隨意貼/2入                                                
1140611GF0000002,Z10GUVTRXF20A       ,1.0,6800.0,組   ,2600.0,,,,1.0,Z10雙眼行車紀錄器(15米)                                             
1140610GF0000001,TURBOH7LED          ,1.0,3000.0,組   ,1200.0,,,,3.0,TURBO LED H7大燈                                              
1140611GF0000003,RSEND243000K2Q      ,2.0,1500.0,各   ,250.0,,,,1.0,RSEN D2H 4300K燈泡                                            
1140613GF0000001,ELANTRAJU           ,1.0,3300.0,組   ,2300.0,,,,1.0,ELANTRA尾翼                                                   
1140613GF0000002,SAXO5W50            ,5.0,600.0,罐   ,220.0,,,,1.0,SAXO 5W/50機油                                                
1140613GF0000002,WISHUV              ,1.0,200.0,各   ,65.0,,,,2.0,WISH油芯                                                      
1140613GF0000002,08ALTISDFV          ,1.0,450.0,各   ,100.0,,,,3.0,08ALTIS空氣芯                                                  
1140613GF0000002,08ALTISXFXJ         ,1.0,550.0,各   ,120.0,,,,4.0,08ALTIS冷氣濾網                                                 
1140613GF0000002,12FVRU5XR           ,1.0,650.0,罐   ,120.0,,,,5.0,八大全效機油精                                                     
1140613GF0000002,RSEN02F             ,1.0,1500.0,各   ,400.0,,,,6.0,RSEN安定器                                                     
1140613GF0000002,G206GVR             ,1.0,2500.0,罐   ,230.0,,,,7.0,G-206 一加侖水箱精                                                
1140613GF0000002,SENFINECOFURFFVR    ,1.0,2500.0,罐   ,400.0,,,,8.0,西德SENFINECO汽油進氣系統清洗劑9921                                    
1140613GF0000002,SENFINCEOXFZVFRR    ,1.0,2500.0,罐   ,350.0,,,,9.0,西德SENFINCEO冷氣風箱清潔劑                                          
1140613GF0000002,CARMATGTU2          ,1.0,2150.0,罐   ,130.0,,,,10.0,CARMAT煞車油(大)                                                
1140614GF0000001,WF602Q              ,1.0,2200.0,各   ,1500.0,,,,1.0,湯淺60電瓶                                                      
1140617GF0000001,ABT-D2330WR2F22M    ,1.0,4000.0,組   ,2600.0,,,,1.0,ABT-D2330台極電啟動電源                                            
1140625GF0000002,TC1208FY2T2R        ,1.0,2800.0,組   ,1880.0,,,,1.0,TC-1208全自動充電機 麻新                                            
1140625GF0000002,NOIDNRMG18          ,1.0,300.0,支   ,100.0,,,,2.0,NOID三節雨刷 18吋                                                
1140625GF0000002,NOIDNRMG20          ,1.0,300.0,組   ,100.0,,,,3.0,NOID三節雨刷 20吋                                                
1140627GF0000001,BW2                 ,1.0,150.0,條   ,68.0,,,,1.0,軟條燈                                                         
1140628GF0000001,NB1040              ,5.0,600.0,罐   ,200.0,,[已隱蔽],,1.0,NB 10/40機油                                                  
1140628GF0000001,FORTISDFV           ,1.0,450.0,各   ,180.0,,,,2.0,FORTIS空氣芯                                                   
1140628GF0000001,NXUR                ,1.0,100.0,各   ,45.0,,,,3.0,三菱油芯                                                        
1140628GF0000001,FORTISXFXJ          ,1.0,500.0,各   ,200.0,,,,4.0,FORTIS冷氣濾網                                                  
1140628GF0000001,ABROZVQU            ,1.0,250.0,罐   ,140.0,,,,5.0,ABRO方向盤油(含止漏)                                               
1140628GF0000001,ZEROFV1UUR          ,1.0,400.0,罐   ,180.0,,,,6.0,ZERO全效保養汽車精[車牌]                                            
1140628GF0000001,SENFINCEOXFZVFRR    ,1.0,1500.0,罐   ,350.0,,,,7.0,西德SENFINCEO冷氣風箱清潔劑                                          
1140628GF0000001,1W                  ,1.0,150.0,組   ,70.0,,,,8.0,補土                                                          
1140628GF0000001,3D1F1               ,1.0,250.0,支   ,90.0,,,,9.0,3D補漆筆                                                       
1140628GF0000001,ABROUF1EUR          ,1.0,400.0,罐   ,150.0,,,,10.0,ABRO 引擎補缸油精                                                 
1140628GF0000001,ERQ80D23LUCR2T      ,1.0,3000.0,各   ,2400.0,,,,11.0,國際牌80D23L 日本銀合金電池                                           
1140628GF0000002,ZV5G539HNF          ,1.0,4000.0,組   ,1900.0,,,,1.0,發現者F-539測速器                                                 
1140630GF0000001,ZWHILUXTA1E2        ,1.0,800.0,組   ,300.0,,,,1.0,豐田 HILUX長毛避光墊                                               
1140630GF0000001,M00243              ,1.0,150.0,張   ,80.0,,,,2.0,3D立體/惡魔貼飾                                                   
1140630GF0000001,K00295              ,1.0,100.0,張   ,50.0,,,,3.0,火焰/立體黑紅白                                                    
1140630GF0000001,K00372              ,1.0,100.0,各   ,50.0,,,,4.0,彩繪貼紙/XX貼紙                                                   
1140630GF0000001,NOIDNRMG22          ,1.0,350.0,支   ,100.0,,,,6.0,NOID三節雨刷 22吋                                                
1140630GF0000001,NOIDNRMG16          ,1.0,250.0,支   ,100.0,,,,7.0,NOID三節雨刷 16吋                                                
1140630GF0000001,GN5400FCW           ,1.0,300.0,組   ,75.0,,,,8.0,GN-540安全護套                                                  
1140630GF0000001,PNS-CS150FW         ,1.0,1500.0,組   ,220.0,,,,9.0,[車牌]引擎蓋貫穿式氣壩燈-迎賓款                                          
1140701GF0000002,Z1010H2YGVTRXF      ,1.0,4000.0,組   ,2300.0,,,,1.0,Z10吋電子後視行車紀錄器                                               
1140701GF0000001,NB1040              ,4.0,550.0,罐   ,200.0,,,,1.0,NB 10/40機油                                                  
1140701GF0000001,02EAXDFV            ,1.0,450.0,各   ,120.0,,,,2.0,02冠美麗空氣芯                                                    
1140701GF0000001,02EAXXFXJ           ,1.0,450.0,各   ,120.0,,,,3.0,02冠美麗冷氣濾網                                                   
1140701GF0000001,ZWUV                ,1.0,150.0,各   ,80.0,,,,4.0,豐田油芯                                                        
1140701GF0000001,ABROUF1EUR          ,1.0,550.0,罐   ,150.0,,,,5.0,ABRO 引擎補缸油精                                                 
1140714GF0000001,RSEN02F             ,1.0,700.0,各   ,400.0,,,,3.0,RSEN安定器                                                     
1140715GF0000001,3D1F1               ,1.0,250.0,支   ,90.0,,,,1.0,3D補漆筆                                                       
1140715GF0000001,PNSSUN14-L          ,1.0,350.0,組   ,130.0,,,,2.0,雙層鋁箔遮陽板- RV SUV雙層                                           
1140715GF0000001,X1VY                ,1.0,500.0,組   ,120.0,,,,3.0,喇叭線組                                                        
1140721GF0000001,AFLS150JV2          ,1.0,2000.0,組   ,410.0,,,,1.0,AFL-S150微笑燈                                                 
1140721GF0000001,EY                  ,1.0,500.0,次   ,0.0,,,,2.0,工資                                                          
1140721GF0000002,2TX2NU              ,1.0,1250.0,組   ,580.0,,,,1.0,倒車雷達(四眼)崁入                                                  
1140721GF0000003,CARMATGTU2          ,1.0,500.0,罐   ,130.0,,,,1.0,CARMAT煞車油(大)                                                
1140721GF0000003,EY                  ,1.0,1000.0,次   ,0.0,,,,2.0,工資                                                          
1140721GF0000003,UX02XZVQU           ,1.0,350.0,罐   ,120.0,,,,3.0,亞力安動力方向盤油                                                   
1140602GF0000003,82VADFV2.0          ,1.0,450.0,各   ,200.0,,,,11.0,8代喜美2.0空氣芯                                                  
1140602GF0000003,2055516BSNH100      ,4.0,3350.0,個   ,2700.0,,,,6.0,205/55-16 BS NH100輪胎                                        
1140602GF0000003,ABROUFFVR           ,1.0,450.0,罐   ,95.0,,,,1.0,ABRO引擎清洗劑                                                   
1140602GF0000003,82VAXFXJ            ,1.0,650.0,組   ,200.0,,,,2.0,8代喜美冷氣濾網                                                    
1140602GF0000003,12FVRU5XR           ,1.0,550.0,罐   ,120.0,,,,3.0,八大全效機油精                                                     
1140602GF0000003,ZEROFV1UUR          ,1.0,400.0,罐   ,180.0,,,,4.0,ZERO全效保養汽車精[車牌]                                            
1140531GF0000001,RSEND46000K         ,1.0,1500.0,各   ,500.0,,,,3.0,RSEN D4 6000K燈泡                                             
1140531GF0000001,                    ,0.0,,,,,,,4.0,
1140604GF0000001,RSEN02F             ,1.0,1500.0,各   ,400.0,,,,1.0,RSEN安定器                                                     
1140605GF0000002,H355W2Q             ,1.0,650.0,各   ,25.0,,,,1.0,H3 55W燈泡                                                    
1140701GF0000001,ABROQGUR            ,1.0,400.0,罐   ,110.0,,,,6.0,ABRO噴射油精                                                    
1140701GF0000001,MISSIONCVT          ,4.0,600.0,罐   ,230.0,,,,7.0,MISSION CVT-F自排油X+++                                        
1140701GF0000001,UX0GVR              ,1.0,200.0,罐   ,80.0,,,,8.0,亞力安水箱精                                                      
1140704GF0000001,SAXO1040            ,4.0,450.0,罐   ,120.0,,,,1.0,SAXO 10W/40機油                                               
1140704GF0000001,08ALTISXFXJ         ,1.0,450.0,各   ,120.0,,,,2.0,08ALTIS冷氣濾網                                                 
1140704GF0000001,SP3098IDFRTMXRW     ,1.0,300.0,各   ,140.0,,,,3.0,SP-[車牌]R車用拉圾桶                                            
1140708GF0000001,RSEN57ZVQW          ,1.0,650.0,組   ,250.0,,,,1.0,RSEN 57方向盤套                                                 
1140708GF0000001,UZ2ES5JR            ,1.0,200.0,組   ,80.0,,,,2.0,椅縫多功能飲料置物架                                                  
1140708GF0000001,VBDG2A              ,1.0,300.0,各   ,130.0,,,,3.0,向日葵水鍍膜                                                      
1140708GF0000001,ABTA077             ,1.0,550.0,組   ,130.0,,,,4.0,mini電動型萬用冷氣口手機架                                             
1140721GF0000004,SAXO1040            ,5.0,450.0,罐   ,120.0,,,,1.0,SAXO 10W/40機油                                               
1140721GF0000004,SENFINECOGV5XR      ,1.0,450.0,罐   ,150.0,,,,2.0,西德SENFINECO水箱止漏劑                                            
1140721GF0000004,UX0GVR              ,1.0,350.0,罐   ,80.0,,,,3.0,亞力安水箱精                                                      
1140721GF0000004,EY                  ,1.0,125.0,次   ,0.0,,,,4.0,工資                                                          
1140721GF0000004,H355W2Q             ,1.0,300.0,各   ,25.0,,,,5.0,H3 55W燈泡                                                    
1140721GF0000004,RSEN02F             ,2.0,1000.0,各   ,400.0,,,,6.0,RSEN安定器                                                     
1140721GF0000004,RSEN90066000K2Q     ,2.0,500.0,各   ,150.0,,,,7.0,R[車牌] 6000K燈泡                                           
1140721GF0000004,6BCA                ,0.5,150.0,包   ,38.0,,,,8.0,6入海棉                                                        
1140721GF0000004,VBDVATX-2           ,1.0,200.0,罐   ,65.0,,,,9.0,向日葵細目粗蠟二代                                                   
1140721GF0000004,3MR1CM              ,1.0,100.0,卷   ,60.0,,,,10.0,3M膠*1CM                                                     
1140721GF0000004,DIY4BTX             ,1.0,1000.0,組   ,100.0,,,,11.0,DIY(四入)窗簾                                                   
1140721GF0000004,929TX               ,1.0,150.0,罐   ,58.0,,,,12.0,929粗蠟                                                       
1140721GF0000004,SAXOQUYFRR          ,1.0,300.0,罐   ,80.0,,,,13.0,SAXO噴油嘴清潔劑                                                  
1140721GF0000004,2MT                 ,1.0,100.0,各   ,80.0,,,,14.0,電源夾 (JK-40-S27)小                                            
1140721GF0000004,SP702               ,1.0,200.0,罐   ,110.0,,,,15.0,SP-702電動窗潤滑劑                                                
1140722GF0000001,PNSSC020            ,1.0,1700.0,組   ,780.0,,,,1.0,真涼汽車風扇冰絲座墊-黑(按摩款)                                           
1140723GF0000001,BCF-1616CVN         ,4.0,950.0,各   ,450.0,,,,1.0,[車牌]火星塞                                                 
1140723GF0000001,BCF-1616CVNEY       ,1.0,3000.0,次   ,600.0,,,,2.0,[車牌]火星塞工資                                               
1140723GF0000001,BCF-16162CVF        ,4.0,3500.0,各   ,1800.0,,,,3.0,[車牌]點火線圈                                                
1140723GF0000002,RSEND243000K2Q      ,1.0,600.0,各   ,250.0,,,,1.0,RSEN D2H 4300K燈泡                                            
1140723GF0000003,MIOD22GPSVTRXF      ,1.0,4000.0,組   ,2000.0,,,,1.0,MIO D22 GPS行車紀錄器                                            
1140723GF0000003,V33GRR              ,1.0,300.0,組   ,150.0,,,,2.0,V33手機架                                                      
1140723GF0000004,PNS07HD69           ,1.0,300.0,組   ,100.0,,,,1.0,9吋手機平板架                                                     
1140724GF0000001,RSENH76000K         ,1.0,1000.0,各   ,150.0,,,,1.0,RSEN H7 6000K燈泡                                             
1140725GF0000001,GV5XJ               ,2.0,550.0,片   ,255.0,,,,1.0,水箱罩鋁網                                                       
1140725GF0000002,ANW-0195TUYT        ,1.0,12500.0,組   ,8500.0,,,,1.0,[車牌]賓士250抽油總成                                           
1140726GF0000001,ZV5G539HNF          ,1.0,3300.0,組   ,1900.0,,,,1.0,發現者F-539測速器                                                 
1140729GF0000001,SAXOC35W30FHU       ,6.0,750.0,罐   ,220.0,,,,1.0,SAXO C3 5W30柴油共用遊                                           
1140729GF0000001,CLA2500UV           ,1.0,750.0,各   ,300.0,,,,2.0,CLA-250專用油芯                                                 
1140725GF0000002,ANW-01955EXW        ,1.0,1000.0,各   ,500.0,,,,2.0,[車牌]中古輪胎                                                
1140729GF0000001,CLA250DFV           ,1.0,1250.0,各   ,350.0,,,,3.0,CLA-250空氣芯                                                  
1140729GF0000001,ZEROAMN+RFC         ,1.0,950.0,罐   ,320.0,,,,4.0,ZERO鉬元素+噴油嘴除扣劑                                              
1140729GF0000001,CLA250XFXJ          ,1.0,1450.0,各   ,500.0,,,,5.0,CLA-250冷氣濾網(W17)                                            
1140729GF0000001,AFLS150JV2          ,1.0,1400.0,組   ,410.0,,,,6.0,AFL-S150微笑燈                                                 
1140729GF0000001,CLA250RUT           ,1.0,1300.0,組   ,1300.0,,,,8.0,CLA(W117)機油尺                                                
1140729GF0000002,ZJTUA               ,1.0,300.0,罐   ,78.6,,,,1.0,防霧除油膜                                                       
1140729GF0000002,6BCA                ,0.5,150.0,包   ,38.0,,,,2.0,6入海棉                                                        
1140729GF0000003,COROLLACROSSXC      ,1.0,2500.0,組   ,1100.0,,,,1.0,COROLLA CROSS輪弧                                             
1140729GF0000004,ZNT62-QUW           ,1.0,2000.0,各   ,700.0,,,,1.0,2016 T6第二排皮椅套                                               
1140729GF0000001,CLA25022545R17XW    ,2.0,5500.0,各   ,4200.0,,,,9.0,CLA250 225/45R/17 馬牌輪胎                                      
1140731GF0000001,TYPERH1CR2Q         ,1.0,1000.0,組   ,170.0,,,,1.0,TYPE-R H1黃金燈泡                                               
1140731GF0000001,VBDVATX-2           ,1.0,200.0,罐   ,65.0,,,,2.0,向日葵細目粗蠟二代                                                   
1140731GF0000001,SPAGEGEARFMT        ,1.0,850.0,組   ,450.0,,,,3.0,SPAGE GEAR(兩片)晴雨窗                                           
1140731GF0000001,ID202T152U          ,1.0,6000.0,組   ,3400.0,,,,4.0,ID-202超薄重低音                                                 
1140731GF0000002,GN7440T20           ,1.0,1000.0,組   ,240.0,,,,1.0,T20 G7440 5630雙芯(紅)                                         
1140731GF0000002,J00346              ,1.0,450.0,支   ,130.0,,,,2.0,J00346後雨刷 WISH                                              
1140731GF0000002,RSENT1018RMU        ,1.0,450.0,卡   ,150.0,,,,3.0,RSEN T10 魚眼 18晶CANBUS                                       
1140731GF0000002,H11LED3N            ,1.0,3000.0,組   ,800.0,,,,4.0,H11 LED 3色                                                  
1140801GF0000002,JC005GMFWV          ,1.0,500.0,組   ,180.0,,,,1.0,鯊魚鰭屋頂強波天線                                                   
1140801GF0000001,5Y5VTRXF            ,1.0,2000.0,組   ,1200.0,,,,1.0,追蹤者X2行車紀錄器                                                  
1140802GF0000001,GS125D31L2Q         ,1.0,4300.0,各   ,3400.0,,,,1.0,GS 125D31L電瓶                                                
1140804GF0000001,RSEN02F             ,2.0,1500.0,各   ,400.0,,,,1.0,RSEN安定器                                                     
1140804GF0000001,CHEERS1540RU        ,1.0,350.0,罐   ,104.3,,,,3.0,CHEERS 15/40機油                                              
1140804GF0000001,RSEND26000K         ,1.0,2000.0,各   ,250.0,,[已隱蔽],,4.0,RSEN D2 6000K燈泡                                             
1140805GF0000001,NB1040              ,5.0,600.0,罐   ,200.0,,,,1.0,NB 10/40機油                                                  
1140805GF0000001,FCOUSDFV            ,1.0,650.0,各   ,0.0,,,,2.0,FCOUS空氣芯                                                    
1140805GF0000001,FCOUSUV             ,1.0,300.0,各   ,250.0,,,,3.0,FCOUS油芯                                                     
1140805GF0000001,MISSIONCVT          ,4.0,600.0,罐   ,230.0,,,,4.0,MISSION CVT-F自排油X+++                                        
1140805GF0000001,SAXOQUYFRR          ,1.0,0.0,罐   ,80.0,,,,5.0,SAXO噴油嘴清潔劑                                                  
1140805GF0000001,ABRORU5XR           ,1.0,300.0,罐   ,170.0,,,,6.0,ABRO機油止漏劑                                                   
1140922GF0000001,EY                  ,1.0,550.0,次   ,0.0,,,,1.0,工資                                                          
1140922GF0000002,NOIDNRMG16          ,1.0,250.0,支   ,100.0,,,,1.0,NOID三節雨刷 16吋                                                
1140922GF0000002,NOIDNRMG24          ,1.0,400.0,支   ,100.0,,,,2.0,NOID三節雨刷 24吋                                                
1140925GF0000002,JGWA5               ,1.0,2500.0,組   ,1300.0,,,,1.0,萬事通A5行車紀錄器                                                  
1140925GF0000002,32G                 ,1.0,450.0,各   ,180.0,,,,2.0,32G卡片                                                       
1140927GF0000001,VTRXFV              ,1.0,500.0,組   ,150.0,,,,1.0,行車記錄器線                                                      
1140929GF0000001,C13.12UTY           ,1.0,250.0,組   ,0.0,,,,1.0,C-1 3.1USB電壓插頭                                              
1140929GF0000001,NO16375TGGD         ,1.0,300.0,組   ,150.0,,,,2.0,NO-1637(直插式)雙孔+USB 12V/12V插座                                
1140920GF0000001,PNSSUNF002M         ,1.0,650.0,組   ,140.0,,,,1.0,汽車前黨遮陽片-磁吸與後視鏡罩-M視鏡照-M                                      
1140930GF0000001,Q8H11LED3N2Q        ,1.0,2499.0,組   ,950.0,,,,1.0,Q8 H11 LED三色燈炮                                              
1140805GF0000001,ZV5G539HNF          ,1.0,3500.0,組   ,1900.0,,,,7.0,發現者F-539測速器                                                 
1140805GF0000002,ERQ80D23LUCR2T      ,1.0,3500.0,各   ,2400.0,,,,1.0,國際牌80D23L 日本銀合金電池                                           
1140805GF0000001,S27CTYZ1VNY         ,1.0,100.0,組   ,58.0,,,,8.0,S27C插式保險絲母頭座                                                
1140805GF0000001,S27C-1TG1VNY        ,1.0,150.0,組   ,95.0,,,,9.0,S27C-1插式附迷你(211)保險絲座                                        
1140806GF0000001,3MWAGAR             ,1.0,200.0,捲   ,18.0,,,,1.0,3M 透明壓克力雙面膠2CM*1CM*3M                                       
1140806GF0000001,PNSSC020            ,1.0,1700.0,組   ,780.0,,,,2.0,真涼汽車風扇冰絲座墊-黑(按摩款)                                           
1140806GF0000002,RSEND26000K         ,1.0,2000.0,各   ,250.0,,[已隱蔽],,1.0,RSEN D2 6000K燈泡                                             
1140806GF0000003,2TXWSDXU            ,1.0,750.0,組   ,380.0,,,,1.0,倒車雷達內崁兩眼-禾麟                                                 
1140807GF0000001,2TXWSDXU            ,1.0,750.0,組   ,380.0,,,,1.0,倒車雷達內崁兩眼-禾麟                                                 
1140807GF0000002,AVVCV4.5M           ,1.0,1000.0,條   ,130.0,,,,1.0,AV訊號線4.5M                                                   
1140807GF0000002,5ED2R               ,1.0,3000.0,組   ,0.0,,,,2.0,中古擴大機                                                       
1140807GF0000002,EY                  ,1.0,1000.0,次   ,0.0,,,,3.0,工資                                                          
1140809GF0000001,T1GUVTRXFF          ,1.0,2800.0,組   ,1200.0,,,,1.0,T1雙眼型紀錄器(前)                                                 
1140811GF0000001,VAXMG1              ,2.0,1500.0,支   ,700.0,,,,1.0,西米露雨刷臂                                                      
1140813GF0000001,19ALTIS5MW2         ,1.0,650.0,組   ,250.0,,,,1.0,19ALTIS專用踏墊                                                 
1140813GF0000002,12VACGRU            ,1.0,5500.0,組   ,2100.0,,,,1.0,2009年八代喜美(右)後視鏡                                             
1140813GF0000002,8391-M8EB5          ,1.0,4500.0,片   ,2000.0,,[已隱蔽],,2.0,8391-M8八代喜美隔熱紙                                              
1140813GF0000003,ZEROVRMG20          ,2.0,950.0,支   ,350.0,,,,1.0,ZERO矽膠雨刷20吋                                                 
1140814GF0000001,SAXOC35W30FHU       ,5.0,650.0,罐   ,220.0,,,,1.0,SAXO C3 5W30柴油共用遊                                           
1140814GF0000001,FCOUSUV             ,1.0,200.0,各   ,250.0,,,,2.0,FCOUS油芯                                                     
1140814GF0000001,SAXOQUYFRR          ,1.0,0.0,罐   ,80.0,,,,3.0,SAXO噴油嘴清潔劑                                                  
1140814GF0000002,ZEROVRMG20          ,1.0,850.0,支   ,350.0,,,,1.0,ZERO矽膠雨刷20吋                                                 
1140814GF0000002,ZEROVRMG22G         ,1.0,850.0,支   ,350.0,,,,2.0,ZERO矽膠雨刷22吋                                                 
1140814GF0000002,ZJTUA               ,1.0,270.0,罐   ,78.6,,,,3.0,防霧除油膜                                                       
1140814GF0000002,GN290GVR            ,1.0,150.0,罐   ,80.0,,,,4.0,長效型水箱精 1L                                                   
1140815GF0000001,WUSWU5TF            ,1.0,2000.0,組   ,1200.0,,,,1.0,太陽能胎壓偵測器                                                    
1140819GF0000001,ID6.5KZUX1          ,1.0,6000.0,組   ,1800.0,,,,1.0,ID 6.5K分音喇叭                                                 
1140819GF0000002,Z1010H2YGVTRXF      ,1.0,8000.0,組   ,2300.0,,,,1.0,Z10吋電子後視行車紀錄器                                               
1140819GF0000002,OBT2FHWWVGF         ,1.0,3000.0,組   ,1000.0,,,,2.0,OBT抬頭顯示器(七彩)                                                
1140820GF0000001,UTEY                ,1.0,500.0,次   ,0.0,,,,1.0,驗車工資                                                        
1140820GF0000001,16322T              ,4.0,100.0,各   ,25.0,,,,2.0,1632電池                                                      
1140820GF0000002,UTEY                ,1.0,500.0,次   ,0.0,,                                                  ,,1.0,驗車工資                                                        
1140820GF0000002,T10552              ,2.0,50.0,各   ,4.0,,,,2.0,T10中炸彈                                                      
1140820GF0000003,NB1040              ,5.0,600.0,罐   ,200.0,,,,1.0,NB 10/40機油                                                  
1140820GF0000003,WISHUV              ,1.0,200.0,各   ,65.0,,,,2.0,WISH油芯                                                      
1140820GF0000003,08ALTISDFV          ,1.0,450.0,各   ,100.0,,,,3.0,08ALTIS空氣芯                                                  
1140820GF0000003,08ALTISXFXJ         ,1.0,550.0,各   ,120.0,,,,4.0,08ALTIS冷氣濾網                                                 
1140820GF0000003,SAXOQUYFRR          ,1.0,0.0,罐   ,80.0,,,,5.0,SAXO噴油嘴清潔劑                                                  
1140820GF0000003,12FVRU5XR           ,1.0,550.0,罐   ,120.0,,,,6.0,八大全效機油精                                                     
1140820GF0000003,0760-T9XW2J         ,1.0,1200.0,次   ,400.0,,,,7.0,0760-T9輪胎定位                                                 
1140821GF0000002,UJGYXCR             ,9.0,100.0,各   ,35.0,,,,6.0,英文數字/鋁合金                                                    
1140821GF0000002,EY                  ,1.0,1000.0,次   ,0.0,,,,7.0,工資                                                          
1140823GF0000001,NB1040              ,2.0,550.0,罐   ,200.0,,,,1.0,NB 10/40機油                                                  
1140823GF0000001,SAXOC35W30FHU       ,2.0,550.0,罐   ,220.0,,,,2.0,SAXO C3 5W30柴油共用遊                                           
1140823GF0000001,XGRUV               ,1.0,150.0,各   ,60.0,,,,3.0,菱帥機油芯                                                       
1140823GF0000001,12FVRU5XR           ,1.0,550.0,罐   ,120.0,,,,4.0,八大全效機油精                                                     
1140823GF0000001,SAXOQUYFRR          ,1.0,0.0,罐   ,80.0,,,,5.0,SAXO噴油嘴清潔劑                                                  
1140823GF0000001,BOSCHX1             ,1.0,1000.0,組   ,330.0,,,,6.0,BOSCH喇叭                                                     
1140823GF0000001,ELANTRXFXJ          ,1.0,550.0,各   ,200.0,,,,7.0,ELANTRA冷氣濾網                                                 
1140823GF0000001,ELANTRDFV           ,1.0,550.0,各   ,250.0,,,,8.0,ELANTR空氣芯12-16年                                             
1140825GF0000001,SF12501VNY          ,1.0,200.0,組   ,15.0,,,,1.0,SF-1250保險絲座                                                 
1140825GF0000001,4RR2F               ,1.0,100.0,各   ,35.0,,,,2.0,4角繼電器                                                       
1140825GF0000001,EY                  ,1.0,200.0,次   ,0.0,,,,3.0,工資                                                          
1140825GF0000002,DAYQQWW             ,1.0,700.0,組   ,280.0,,,,1.0,卡夢自排檔頭                                                      
1140827GF0000001,AZE-7328EZR         ,1.0,3500.0,組   ,3000.0,,,,1.0,[車牌]鼓風機                                                 
1140827GF0000001,AZE-7328XA          ,1.0,1200.0,次   ,800.0,,,,2.0,[車牌]冷媒                                                  
1140827GF0000001,X2UR                ,1.0,600.0,罐   ,140.0,,,,3.0,冷凍油精                                                        
1140827GF0000001,AZE-7328XFHX        ,1.0,1500.0,次   ,0.0,,,,4.0,[車牌]冷氣測漏                                                
1140827GF0000001,XFFV                ,1.0,2500.0,次   ,0.0,,,,5.0,冷氣清洗                                                        
1140901GF0000001,ZEROVRMG16          ,1.0,800.0,支   ,325.0,,,,1.0,ZERO矽膠雨刷16吋                                                 
1140901GF0000001,ZEROVRMG26          ,1.0,1000.0,支   ,415.0,,,,2.0,ZERO 26吋矽膠雨刷                                                
1140901GF0000001,ABT-A079EUT2GRR     ,1.0,1000.0,個   ,580.0,,,,3.0,ABT-A079感應連棟無線充電手機架                                         
1140901GF0000001,ABTA159JMXFDGRR     ,1.0,200.0,ek4 ,130.0,,,,4.0,ABT-A159萬用冷氣口手機架(下座)                                        
1140903GF0000001,2TXWSDXU            ,1.0,3000.0,組   ,380.0,,,,1.0,倒車雷達內崁兩眼-禾麟                                                 
1140904GF0000001,UTEY                ,1.0,300.0,次   ,0.0,,,,1.0,驗車工資                                                        
1140904GF0000001,RSENH112TY          ,1.0,300.0,組   ,90.0,,,,2.0,RSEN H11陶瓷座                                                 
1140904GF0000001,10WISHVBN           ,1.0,2600.0,組   ,1000.0,,,,3.0,10WISH SC20HR11火星賽                                          
1140904GF0000001,EY                  ,1.0,600.0,次   ,0.0,,,,4.0,工資                                                          
1140904GF0000001,SENFINECOFURFFVR    ,1.0,1800.0,罐   ,400.0,,,,5.0,西德SENFINECO汽油進氣系統清洗劑9921                                    
1140904GF0000001,T5EY                ,1.0,500.0,次   ,0.0,,,,6.0,拆裝工資                                                        
1140911GF0000002,2GE                 ,1.0,1500.0,組   ,400.0,,,,1.0,大聲公(918)                                                    
1140915GF0000001,EY                  ,1.0,2000.0,次   ,0.0,,,,1.0,工資                                                          
1140916GF0000001,RSENT10MU6R         ,1.0,300.0,卡   ,120.0,,,,1.0,RSEN T10魚眼 6晶 CANBUS                                        
1140916GF0000001,Q8H11LED3N2Q        ,1.0,2000.0,組   ,950.0,,,,2.0,Q8 H11 LED三色燈炮                                              
1140916GF0000002,ID202T152U          ,1.0,7000.0,組   ,3400.0,,,,1.0,ID-202超薄重低音                                                 
1140918GF0000001,2VY                 ,30.0,40.0,個   ,16.0,,,,1.0,單芯座                                                         
1140918GF0000001,G18.52Q             ,30.0,20.0,各   ,5.0,,,,2.0,G18.5燈泡                                                     
1140918GF0000002,XA                  ,1.0,1200.0,kg  ,250.0,,,,1.0,冷媒(R134)                                                    
1140919GF0000001,SENFINCEOXFZVFRR    ,1.0,1500.0,罐   ,350.0,,                                                  ,,1.0,西德SENFINCEO冷氣風箱清潔劑                                          
1140919GF0000001,EY                  ,1.0,500.0,次   ,0.0,,,,2.0,工資                                                          
1140820GF0000003,PNS-ATY01VVR        ,1.0,550.0,組   ,290.0,,,,8.0,PNS-ATY01香燻機                                                
1140821GF0000001,VBDUMN              ,1.0,599.0,罐   ,300.0,,,,1.0,向日葵釉元素                                                      
1140821GF0000002,VJ5UTZ              ,1.0,2500.0,次   ,1050.0,,,,1.0,許文哲驗車費                                                      
1140821GF0000003,Z1010H2YGVTRXF      ,1.0,8000.0,組   ,2300.0,,,,1.0,Z10吋電子後視行車紀錄器                                               
1140822GF0000001,MIO6VTRXFR          ,1.0,600.0,各   ,150.0,,,,1.0,MIO 6/7/887行車紀錄器架                                           
1140822GF0000001,MIOD35              ,1.0,8000.0,組   ,2800.0,,,,2.0,MIOD35雙眼型車紀錄器+GPS                                           
1140821GF0000002,K00173              ,1.0,150.0,張   ,50.0,,,,2.0,4*4/二入貼紙                                                    
1140821GF0000002,M00247              ,1.0,150.0,張   ,80.0,,,,3.0,3D天使立體貼紙                                                    
1140821GF0000002,J00336              ,1.0,150.0,張   ,40.0,,,,4.0,方格旗/立體                                                      
1140821GF0000002,K00428              ,1.0,150.0,張   ,50.0,,,,5.0,老鷹/翅膀 立體黑紅                                                  
1141004GF0000001,RSEN02F             ,1.0,800.0,各   ,400.0,,,,1.0,RSEN安定器                                                     
1141004GF0000002,NOIDNRMG16          ,1.0,250.0,支   ,100.0,,,,1.0,NOID三節雨刷 16吋                                                
1141004GF0000002,NOIDNRMG24          ,1.0,450.0,支   ,100.0,,,,2.0,NOID三節雨刷 24吋                                                
1141004GF0000002,JOHNSE2XZVQU        ,1.0,250.0,罐   ,115.0,,,,3.0,JOHNSEN 止漏行動力方向盤油                                           
1141004GF0000002,RSENGVR             ,1.0,200.0,罐   ,80.0,,,,4.0,RSEN水箱精                                                     
1141004GF0000002,CHEERS1540RU        ,4.0,350.0,罐   ,104.3,,,,5.0,CHEERS 15/40機油                                              
1141004GF0000002,T10552              ,1.0,50.0,各   ,4.0,,,,6.0,T10中炸彈                                                      
1141004GF0000002,RSEND24300K         ,1.0,1500.0,各   ,250.0,,,,7.0,RSEN D2 4300K燈泡                                             
1141008GF0000001,ZEROVRMG22G         ,1.0,950.0,支   ,350.0,,,,1.0,ZERO矽膠雨刷22吋                                                 
1141009GF0000001,S27CTYZ1VNY         ,1.0,150.0,組   ,58.0,,,,1.0,S27圓形保險絲母頭座                                                 
1141009GF0000002,3M12*15             ,1.0,180.0,組   ,80.0,,,,1.0,3M膠12*15mm(2入)                                              
1141009GF0000002,K00133              ,1.0,90.0,張   ,50.0,,,,2.0,火焰/貼紙                                                       
1141009GF0000002,E00948              ,1.0,27.0,張   ,15.0,,,,3.0,德國國旗/二入                                                     
1141009GF0000002,EY                  ,1.0,1000.0,次   ,0.0,,,,5.0,工資                                                          
1141009GF0000003,EY                  ,1.0,1300.0,次   ,0.0,,[已隱蔽],,1.0,工資                                                          
1141010GF0000001,PNS-TAIR002         ,1.0,1299.0,組   ,660.0,,,,1.0,手持式無線胎壓偵測打氣機                                                
1141011GF0000001,NO771WVG            ,1.0,225.0,各   ,75.0,,,,1.0,NO-77備長炭香水                                                  
1141009GF0000002,NO771WVG            ,1.0,225.0,各   ,75.0,,,,6.0,NO-77備長炭香水                                                  
1141014GF0000001,HK915X1             ,1.0,1300.0,組   ,250.0,,,,1.0,HK-915 BMW快音喇叭                                              
1141016GF0000001,SAXO1040            ,5.0,400.0,罐   ,120.0,,,,1.0,SAXO 10W/40機油                                               
1141016GF0000001,XGRUV               ,1.0,200.0,各   ,60.0,,,,2.0,菱帥機油芯                                                       
1141016GF0000001,ZINGERDFV           ,1.0,400.0,各   ,150.0,,,,3.0,ZINGER空氣芯                                                   
1141016GF0000001,T10552              ,5.0,20.0,各   ,4.0,,,,4.0,T10中炸彈                                                      
1141016GF0000001,RSENUE26MG          ,1.0,550.0,支   ,100.0,,,,5.0,RSEN 硬式 26吋雨刷                                               
1141017GF0000002,TYPERH7CR2Q         ,1.0,1200.0,組   ,200.0,,,,1.0,TYPE-R H7黃金燈泡                                               
1141017GF0000001,T1GUVTRXF           ,1.0,2800.0,組   ,1500.0,,,,1.0,T1雙眼行車紀錄器                                                   
1141018GF0000001,NB1040              ,4.0,600.0,罐   ,200.0,,,,1.0,NB 10/40機油                                                  
1141018GF0000001,HRVTUV              ,1.0,0.0,各   ,50.0,,,,2.0,HRV機油芯                                                      
1141018GF0000001,HRADFV              ,1.0,400.0,各   ,250.0,,,,3.0,HRV空氣芯                                                      
1141020GF0000001,ERQ80D23LUCR2T      ,1.0,3200.0,各   ,2400.0,,,,1.0,國際牌80D23L 日本銀合金電池                                           
1141020GF0000001,ABROUF1EUR          ,1.0,495.0,罐   ,150.0,,,,2.0,ABRO 引擎補缸油精                                                 
1141020GF0000001,ZEROFV1UUR          ,1.0,360.0,罐   ,180.0,,,,3.0,ZERO全效保養汽車精[車牌]                                            
1141020GF0000002,16G                 ,1.0,400.0,組   ,180.0,,,,1.0,16G                                                         
1141020GF0000002,EY                  ,1.0,300.0,次   ,0.0,,,,2.0,工資                                                          
1141021GF0000001,NB1040              ,4.0,600.0,罐   ,200.0,,,,1.0,NB 10/40機油                                                  
1141021GF0000001,90122Q              ,1.0,400.0,各   ,120.0,,,,2.0,9012燈泡                                                      
1141021GF0000002,06EAX2+32105R       ,1.0,9000.0,組   ,5700.0,,,,1.0,06冠美麗10吋安卓主機+框                                              
1141021GF0000002,2TVUAHDJE           ,1.0,2000.0,組   ,450.0,,,,2.0,AHD倒車顯影(8燈外掛)寶馬頭                                            
1141022GF0000001,ZERO14VRMG          ,1.0,800.0,支   ,290.0,,,,1.0,ZERO矽膠雨刷14吋                                                 
1141022GF0000001,ZEROVRMG26          ,1.0,1000.0,支   ,415.0,,,,2.0,ZERO 26吋矽膠雨刷                                                
1141022GF0000001,ZJTUA               ,1.0,300.0,罐   ,78.6,,,,3.0,防霧除油膜                                                       
1141022GF0000001,13ALTISTA1E2        ,1.0,500.0,組   ,220.0,,,,4.0,13ALTIS長毛避光墊                                                
1141023GF0000001,Z1010H2YGVTRXF      ,1.0,6500.0,組   ,2300.0,,,,1.0,Z10吋電子後視行車紀錄器                                               
1141023GF0000002,EY                  ,1.0,500.0,次   ,0.0,,,,1.0,工資                                                          
1141023GF0000002,TIERRADFV           ,1.0,350.0,各   ,120.0,,,,3.0,TIERRA空氣芯                                                   
1141023GF0000002,RSCUV               ,1.0,150.0,各   ,40.0,,,,4.0,嘉年華油芯                                                       
1141023GF0000002,ABROUF1EUR          ,1.0,500.0,罐   ,150.0,,,,5.0,ABRO 引擎補缸油精                                                 
1141023GF0000002,3M12*15             ,1.0,200.0,組   ,80.0,,,,6.0,3M膠12*15mm(2入)                                              
1141027GF0000001,EY                  ,1.0,500.0,次   ,0.0,,,,1.0,工資                                                          
1141027GF0000002,VBDUMN              ,1.0,599.0,罐   ,300.0,,,,1.0,向日葵釉元素                                                      
1141027GF0000002,VBDVTX1000ML        ,1.0,200.0,罐   ,50.0,,,,2.0,向日葵汽車洗車蠟[車牌]                                              
1141027GF0000003,EY                  ,1.0,1000.0,次   ,0.0,,[已隱蔽],,1.0,工資                                                          
1141029GF0000001,08ALTISQGWYT        ,1.0,1700.0,組   ,700.0,,,,1.0,08ALTIS噴水桶總成                                                
1141029GF0000001,ZERO14VRMG          ,1.0,700.0,支   ,290.0,,,,2.0,ZERO矽膠雨刷14吋                                                 
1141029GF0000001,ZEROVRMG26          ,1.0,1000.0,支   ,415.0,,,,3.0,ZERO 26吋矽膠雨刷                                                
1141029GF0000001,08ALTISTA1E2        ,1.0,500.0,組   ,220.0,,,,4.0,08ALTIS長毛避光墊                                                
1141028GF0000001,VTRXFV              ,1.0,600.0,組   ,150.0,,,,1.0,行車記錄器線                                                      
1141029GF0000002,EY                  ,1.0,500.0,次   ,0.0,,[已隱蔽],,1.0,工資                                                          
1141029GF0000002,1VNV                ,2.0,100.0,各   ,2.0,,,,2.0,保險絲(小)                                                      
1141029GF0000002,GV2Q                ,2.0,100.0,各   ,4.5,,,,3.0,雙芯燈泡                                                        
1141029GF0000002,H722                ,2.0,150.0,各   ,35.0,,,,4.0,H7 55W大燈燈泡                                                  
1141031GF0000001,V1                  ,1.0,1000.0,組   ,500.0,,,,1.0,線包                                                          
1141031GF0000001,EY                  ,1.0,2000.0,次   ,0.0,,,,2.0,工資                                                          
1141031GF0000001,AV5F2               ,1.0,500.0,組   ,250.0,,,,3.0,AV轉換附啟動                                                     
1141031GF0000002,YH1682XEN           ,1.0,3800.0,組   ,2500.0,,,,1.0,YH168電力公司                                                   
1141031GF0000001,HNFVW               ,1.0,500.0,條   ,150.0,,,,4.0,測速器線頭                                                       
1141103GF0000001,AFL283578           ,1.0,500.0,組   ,81.8,,[已隱蔽],,1.0,軟條燈2835-78LED                                               
1141103GF0000002,SP702               ,1.0,300.0,罐   ,110.0,,,,1.0,SP-702電動窗潤滑劑                                                
1141103GF0000002,C55GXCMR            ,1.0,300.0,罐   ,105.0,,,,2.0,黑珍珠朔料還原劑                                                    
1141104GF0000001,RSEN02F             ,1.0,1200.0,各   ,400.0,,,,1.0,RSEN安定器                                                     
1141104GF0000001,RSEN90063000K2Q     ,1.0,1000.0,各   ,200.0,,,,2.0,R[車牌] 3000K燈泡                                           
1141104GF0000002,3MR1CM              ,1.0,100.0,卷   ,60.0,,,,1.0,3M膠*1CM                                                     
1141104GF0000002,EY                  ,1.0,300.0,次   ,0.0,,,,2.0,工資                                                          
1141104GF0000002,RSENH113000K2Q      ,1.0,1000.0,各   ,200.0,,,,3.0,RSEN H11 3000K燈泡                                            
1141104GF0000002,XE2MGG250CC         ,1.0,100.0,罐   ,28.0,,,,4.0,Xe2雨刷水 [車牌]                                                
1141104GF0000003,X2VTRXF             ,1.0,2200.0,組   ,1200.0,,,,1.0,追蹤者X2行車紀錄器                                                  
1141105GF0000001,XB572ZR2V           ,1.0,650.0,組   ,280.0,,,,1.0,XB-572負極導線                                                  
1141111GF0000001,H7OSRARN2Q          ,1.0,400.0,各   ,70.0,,,,1.0,H7 OSRARN燈泡                                                 
1141111GF0000001,RSENH72HY           ,1.0,300.0,組   ,50.0,,,,2.0,RSEN H7陶瓷座                                                  
1141111GF0000001,EY                  ,1.0,200.0,次   ,0.0,,,,3.0,工資                                                          
1141112GF0000001,PNSTAIR001          ,1.0,999.0,組   ,450.0,,,,1.0,胎壓偵測打氣機手握款                                                  
1141112GF0000001,2QG                 ,6.0,35.0,罐   ,15.0,,,,2.0,電瓶水                                                         
1141112GF0000002,1GW117FE5V          ,2.0,1800.0,各   ,900.0,,,,1.0,賓士W117前感知線                                                  
1141112GF0000002,1GW117FWQ           ,2.0,5500.0,組   ,3400.0,,,,3.0,賓士W117前碟盤                                                   
1141112GF0000002,1GW117FXXQ          ,2.0,2700.0,組   ,2500.0,,,,4.0,賓士W117前來令片                                                  
1141112GF0000002,UTEY                ,1.0,2500.0,次   ,0.0,,,,5.0,驗車工資                                                        
1141112GF0000002,EY                  ,1.0,2000.0,次   ,0.0,,,,6.0,工資                                                          
1141112GF0000002,S28WGDE             ,1.0,500.0,組   ,48.0,,,,7.0,S-28貼式二段開關                                                  
1141112GF0000002,JS033152            ,1.0,1000.0,組   ,300.0,,,,8.0,[車牌]5燈                                                    
1141113GF0000001,4AWCYW              ,20.0,40.0,各   ,20.0,,,,1.0,4AMG Y頭                                                     
1141113GF0000001,832YW               ,20.0,30.0,各   ,15.0,,,,2.0,8#端子頭                                                       
1141113GF0000002,NB1040              ,5.0,680.0,罐   ,200.0,,,,1.0,NB 10/40機油                                                  
1141113GF0000002,FCOUSDFV            ,1.0,600.0,各   ,0.0,,,,2.0,FCOUS空氣芯                                                    
1141113GF0000002,FCOUS5MXFXJ         ,1.0,850.0,各   ,400.0,,,,3.0,FCOUS冷氣濾網                                                   
1141113GF0000002,FCOUSUV             ,1.0,550.0,各   ,250.0,,,,4.0,FCOUS油芯                                                     
1141113GF0000002,ZEROFV1UUR          ,1.0,600.0,罐   ,180.0,,,,5.0,ZERO全效保養汽車精[車牌]                                            
1141114GF0000001,NB1040              ,5.0,600.0,罐   ,200.0,,,,1.0,NB 10/40機油                                                  
1141114GF0000001,WISHUV              ,1.0,200.0,各   ,65.0,,,,2.0,WISH油芯                                                      
1141114GF0000001,08ALTISDFV          ,1.0,450.0,各   ,100.0,,,,3.0,08ALTIS空氣芯                                                  
1141114GF0000001,SENFINECOCUFFVR     ,1.0,1800.0,罐   ,80.0,,,,4.0,德國SENFINECO化油器清洗劑9938                                       
1141114GF0000001,ABROUF1EUR          ,1.0,550.0,罐   ,150.0,,,,5.0,ABRO 引擎補缸油精                                                 
1141114GF0000001,ZEROFV1UUR          ,1.0,450.0,罐   ,180.0,,,,6.0,ZERO全效保養汽車精[車牌]                                            
1141114GF0000001,SENFINCEOXFZVFRR    ,1.0,1800.0,罐   ,350.0,,,,7.0,西德SENFINCEO冷氣風箱清潔劑                                          
1141114GF0000001,08ALTISXFXJ         ,1.0,550.0,各   ,120.0,,,,10.0,08ALTIS冷氣濾網                                                 
1141115GF0000001,08WISHA1E           ,1.0,800.0,各   ,500.0,,,,1.0,08WISH面板框                                                   
1141115GF0000001,EY                  ,1.0,500.0,次   ,0.0,,,,2.0,工資                                                          
1141115GF0000001,2TVUAHDVTA          ,1.0,2000.0,組   ,600.0,,,,3.0,AHD倒車顯影(帶燈小草帽)寶馬頭                                           
1141115GF0000001,CARDIOCA700.1A      ,1.0,8990.0,組   ,7000.0,,,,4.0,CADIO 7吋 2+32安卓主機                                           
1141117GF0000001,USB095              ,2.0,720.0,條   ,0.0,,,,1.0,USB安卓                                                       
1141117GF0000001,LEDXG2W1.5M         ,1.0,1800.0,組   ,240.0,,,,2.0,LED流水燈條1.5MM                                                
1141117GF0000001,EY                  ,1.0,460.0,次   ,0.0,,,,3.0,工資                                                          
1141117GF0000002,PNSTK5012LED2       ,1.0,550.0,組   ,120.0,,,,1.0,PNS TK-[車牌]室內燈                                          
1141117GF0000002,PNSTK3012LEDDT5M    ,1.0,350.0,組   ,80.0,,,,2.0,LED室內燈條 DC12V卡車貨車專用                                         
1141117GF0000002,S28WGDE             ,1.0,150.0,組   ,48.0,,,,3.0,S-28貼式二段開關                                                  
1141117GF0000002,EY                  ,1.0,950.0,次   ,0.0,,,,4.0,工資                                                          
1141117GF0000003,RSENT1018RMU        ,1.0,450.0,卡   ,150.0,,,,1.0,RSEN T10 魚眼 18晶CANBUS                                       
1141117GF0000003,NOID24GS2           ,1.0,500.0,組   ,200.0,,,,2.0,NOID-01 24SMD室內燈                                            
1141117GF0000003,G18.52Q             ,1.0,100.0,各   ,5.0,,,,3.0,G18.5燈泡                                                     
1141117GF0000003,EY                  ,1.0,400.0,次   ,0.0,,,,4.0,工資                                                          
1141117GF0000003,RSENH112TY          ,1.0,400.0,組   ,90.0,,,,5.0,RSEN H11陶瓷座                                                 
1141120GF0000001,RSENUEMG20H         ,1.0,300.0,各   ,70.0,,,,2.0,RSEN硬骨20吋雨刷                                                 
1141121GF0000001,Z10CVU              ,1.0,1500.0,組   ,800.0,,,,1.0,Z10後顯影                                                      
1141124GF0000001,NO16375TGGD         ,1.0,200.0,組   ,150.0,,,,1.0,NO-1637(直插式)雙孔+USB 12V/12V插座                                
1141124GF0000001,MIOD22GPSVTRXF      ,1.0,4000.0,組   ,2000.0,,,,2.0,MIO D22 GPS行車紀錄器                                            
1141124GF0000001,ZINGERT2R           ,1.0,4800.0,組   ,3850.0,,,,3.0,ZINGER 車頂架                                                  
1141124GF0000001,UR                  ,1.0,1500.0,組   ,800.0,,,,4.0,羊角(4支)                                                      
1141127GF0000001,PD1136GMFWV         ,1.0,350.0,組   ,130.0,,,,1.0,鯊魚鰭天線(有收訊)                                                  
1141127GF0000002,13HXE               ,1.0,550.0,組   ,350.0,,,,1.0,13吋輪蓋                                                       
1141201GF0000001,SAXO5W50            ,6.0,750.0,罐   ,220.0,,,,1.0,SAXO 5W/50機油                                                
1141201GF0000001,1GCLAW117DFV        ,1.0,1250.0,各   ,350.0,,,,2.0,賓士CLAW117空氣芯                                                
1141201GF0000001,CLA2500UV           ,1.0,750.0,各   ,300.0,,,,3.0,CLA-250專用油芯                                                 
1141201GF0000001,ZEROAMN+RFC         ,1.0,950.0,罐   ,320.0,,,,4.0,ZERO鉬元素+噴油嘴除扣劑                                              
1141201GF0000001,CLA250XFXJ          ,1.0,1450.0,各   ,500.0,,,,5.0,CLA-250冷氣濾網(W17)                                            
1141201GF0000001,UJGYXCR             ,1.0,100.0,各   ,35.0,,,,6.0,英文數字/鋁合金                                                    
1141201GF0000001,EY                  ,1.0,1000.0,次   ,0.0,,,,7.0,工資                                                          
1141201GF0000001,1GW117C2Q           ,1.0,8000.0,組   ,3400.0,,,,8.0,賓士W117後碟盤                                                   
1141201GF0000001,1GW117CE5V          ,1.0,3000.0,組   ,900.0,,,,9.0,賓士W117後感知線                                                  
1141201GF0000001,1GW117CXXQ          ,1.0,5000.0,組   ,1800.0,,,,10.0,賓士W117後來令片                                                  
1141201GF0000001,1G117CXXQ05EY       ,1.0,6000.0,次   ,5900.0,,,,11.0,賓士W117後來令片安裝工資                                              
1141201GF0000002,2TVUAHDVTA          ,1.0,2000.0,組   ,600.0,,,,1.0,AHD倒車顯影(帶燈小草帽)寶馬頭                                           
1141212GF0000001,ZERO14VRMG          ,1.0,700.0,支   ,290.0,,,,2.0,ZERO矽膠雨刷14吋                                                 
1141212GF0000001,J00346              ,1.0,400.0,支   ,130.0,,,,3.0,J00346後雨刷 WISH                                              
1141212GF0000002,ABTE069             ,1.0,1350.0,組   ,850.0,,,,1.0,ABT E069太極K3臭氧殺菌無限                                          
1141215GF0000001,ESCAPE2.3DFV        ,1.0,400.0,各   ,200.0,,,,1.0,RSCAPE2.3空氣芯                                                
1141215GF0000001,FCOUSUV             ,1.0,250.0,各   ,250.0,,,,2.0,FCOUS油芯                                                     
1141215GF0000001,EY                  ,1.0,500.0,次   ,0.0,,                                                  ,,3.0,工資                                                          
1141215GF0000002,SAXO1040            ,4.0,450.0,罐   ,120.0,,,,1.0,SAXO 10W/40機油                                               
1141215GF0000002,ZWUV                ,1.0,150.0,各   ,80.0,,,,2.0,豐田油芯                                                        
1141215GF0000002,YARISDFV            ,1.0,350.0,各   ,150.0,,,,3.0,YARIS空氣芯                                                    
1141215GF0000002,ZERO14VRMG          ,1.0,700.0,支   ,290.0,,,,4.0,ZERO矽膠雨刷14吋                                                 
1141117GF0000003,TYPERH11CR2Q        ,1.0,1000.0,組   ,200.0,,,,6.0,TYPE-R H11黃金燈泡                                              
1141119GF0000001,AYJ-7187YQU         ,1.0,8500.0,次   ,4500.0,,,,1.0,[車牌]自排油                                                 
1141119GF0000002,12EAXFM4Q           ,1.0,1200.0,組   ,700.0,,,,1.0,12冠美麗晴雨窗(四片)                                                
1141119GF0000003,5338-M3EB5          ,1.0,7000.0,組   ,4500.0,,,,1.0,5338-M3隔熱紙                                                  
1141119GF0000003,TIERRATA1E2         ,1.0,600.0,組   ,300.0,,,,2.0,TIERRA長毛避光墊                                                 
1141119GF0000003,NOIDNRMG16          ,1.0,300.0,支   ,100.0,,,,3.0,NOID三節雨刷 16吋                                                
1141119GF0000003,NOIDNRMG24          ,1.0,300.0,支   ,100.0,,,,4.0,NOID三節雨刷 24吋                                                
1141119GF0000003,J00353CMG           ,1.0,400.0,支   ,140.0,,,,5.0,J00353 I30後雨刷                                               
1141119GF0000003,V38U1GRR            ,1.0,400.0,組   ,150.0,,,,6.0,V38儀板手機架                                                    
1141120GF0000001,RSENUE18HMG         ,1.0,300.0,支   ,70.0,,,,1.0,RSEN硬骨18吋雨刷                                                 
1141203GF0000001,64GRUD              ,1.0,500.0,各   ,0.0,,,,1.0,64G記憶卡                                                      
1141203GF0000001,EY                  ,1.0,1000.0,次   ,0.0,,[已隱蔽],,2.0,工資                                                          
1141204GF0000001,UJGYXCR             ,16.0,90.0,各   ,35.0,,,,1.0,英文數字/鋁合金                                                    
1141205GF0000001,20PORTER            ,1.0,850.0,組   ,450.0,,,,1.0,20PORTER 專用踏墊                                               
1141208GF0000001,F501TAZQW           ,1.0,350.0,捲   ,140.0,,,,1.0,F501車門碰條                                                    
1141206GF0000001,V18N9012LED22       ,1.0,3000.0,組   ,1700.0,,,,1.0,V18Ⅲ [車牌]大燈                                             
1141209GF0000001,2ZTERIOSQUW         ,1.0,3500.0,組   ,2450.0,,,,1.0,大發TERIOS皮椅套                                                 
1141209GF0000001,EVEW2               ,1.0,700.0,組   ,280.0,,,,2.0,EVE踏墊                                                       
1141210GF0000001,Z1010H2YGVTRXF      ,1.0,3999.0,組   ,2300.0,,,,1.0,Z10吋電子後視行車紀錄器                                               
1141212GF0000001,ZEROVRMG26          ,1.0,1000.0,支   ,415.0,,,,1.0,ZERO 26吋矽膠雨刷                                                
1141215GF0000002,ZEROVRMG24          ,1.0,1000.0,支   ,415.0,,,,5.0,ZERO矽膠雨刷24吋                                                 
1141215GF0000002,06YARISCXXQ         ,1.0,1800.0,組   ,600.0,,,,6.0,06YARIS後來令片                                                 
1141215GF0000002,06YARISFXXQ         ,1.0,1500.0,組   ,600.0,,,,7.0,06YARIS(前)來令片                                               
1141215GF0000002,CARMATGTU2          ,1.0,1000.0,罐   ,130.0,,,,8.0,CARMAT煞車油(大)                                                
1141216GF0000001,VTRXFV              ,1.0,600.0,組   ,150.0,,,,1.0,行車記錄器線                                                      
1141216GF0000001,KMWTV               ,1.0,350.0,各   ,40.0,,,,2.0,鱷魚頭出線                                                       
1141217GF0000001,06YARISCGTZ1        ,1.0,3000.0,組   ,1400.0,,,,1.0,06YARIS後煞車分泵(整理)                                            
1141217GF0000001,06YARISCYGTZ1       ,1.0,3000.0,組   ,1400.0,,,,2.0,06YARIS(後左)分泵整理                                             
1141217GF0000001,EY                  ,1.0,1000.0,次   ,0.0,,,,3.0,工資                                                          
1141217GF0000001,XW0FFYFAA           ,1.0,300.0,組   ,114.0,,,,4.0,輪胎安全氣嘴帽                                                     
1141218GF0000001,TYPERH11T1E         ,1.0,1000.0,組   ,200.0,,,,1.0,TYPE-R H11超白光燈泡                                             
1141218GF0000001,F150F2TQ            ,1.0,200.0,組   ,50.0,,,,2.0,F-15安全帶插片(卡朋)                                               
1141218GF0000001,0052DSGRR           ,0.0,0.0,組   ,120.0,,,,3.0,005多功能手機架                                                   
1141218GF0000001,TYPER9005T1E        ,1.0,1000.0,組   ,170.0,,,,4.0,TYPE-R 9005超白光                                              
1141218GF0000001,ZERO14VRMG          ,1.0,780.0,支   ,290.0,,,,5.0,ZERO矽膠雨刷14吋                                                 
1141218GF0000001,ZEROVRMG26          ,1.0,1130.0,支   ,415.0,,,,6.0,ZERO 26吋矽膠雨刷                                                
1141218GF0000001,T101E               ,1.0,190.0,卡   ,100.0,,,,7.0,T10白光                                                       
1141218GF0000002,NB1040              ,4.0,550.0,罐   ,200.0,,,,1.0,NB 10/40機油                                                  
1141218GF0000002,82VADFV2.0          ,1.0,450.0,各   ,200.0,,,,2.0,8代喜美2.0空氣芯                                                  
1141218GF0000002,82VAUV              ,1.0,200.0,各   ,80.0,,,,3.0,8代喜美油芯                                                      
1141218GF0000002,ABROUFFVR           ,1.0,450.0,罐   ,95.0,,,,4.0,ABRO引擎清洗劑                                                   
1141218GF0000002,ZEROFV1UUR          ,1.0,400.0,罐   ,180.0,,,,5.0,ZERO全效保養汽車精[車牌]                                            
1141218GF0000002,12VAXXQ             ,1.0,2000.0,組   ,500.0,,,,6.0,8喜美來令片                                                      
1141218GF0000002,82VAXFXJ            ,1.0,650.0,組   ,200.0,,,,7.0,8代喜美冷氣濾網                                                    
1141218GF0000002,12FVRU5XR           ,1.0,550.0,罐   ,120.0,,,,8.0,八大全效機油精                                                     
1141218GF0000002,XE2MGR500           ,1.0,100.0,罐   ,42.0,,,,9.0,XE2雙管超濃雨刷精 [車牌]                                            
1141219GF0000001,WUSWU5TF            ,1.0,3000.0,組   ,900.0,,,,1.0,太陽能胎壓偵測器                                                    
1141219GF0000002,Z1010H2YGVTRXF      ,1.0,7000.0,組   ,2300.0,,,,1.0,Z10吋電子後視行車紀錄器                                               
1141219GF0000002,GN-091-W0F2         ,1.0,200.0,組   ,100.0,,,,2.0,GN-091兒童安全帶                                                 
1141219GF0000002,S27CTYZ1VNY         ,1.0,300.0,組   ,58.0,,,,3.0,S27圓形保險絲母頭座                                                 
1141219GF0000002,15XTRAILTA1E2       ,1.0,700.0,組   ,300.0,,,,4.0,15 X-TRAIL長毛避光墊                                             
1141222GF0000001,19ALTIS8C05R        ,1.0,9500.0,組   ,5800.0,,,,1.0,19ALTIS 10吋 8核3+32主機                                        
1141225GF0000001,Z1010H2YGVTRXF      ,1.0,5500.0,組   ,2300.0,,,,1.0,Z10吋電子後視行車紀錄器                                               
1141225GF0000002,CLA250YQU           ,1.0,20000.0,次   ,8500.0,,,,1.0,CLA 250自排油                                                  
1141225GF0000002,3M2CM               ,2.0,250.0,捲   ,90.0,,,,2.0,3M膠*2CM                                                     
1141225GF0000002,3MR1CM              ,2.0,150.0,卷   ,60.0,,,,3.0,3M膠*1CM                                                     
1141225GF0000002,16322T              ,4.0,250.0,各   ,25.0,,,,4.0,1632電池                                                      
1141225GF0000002,EY                  ,1.0,1000.0,次   ,0.0,,,,5.0,工資                                                          
1141225GF0000002,K00371              ,2.0,100.0,張   ,50.0,,,,6.0,彩繪貼紙/樂譜                                                     
1141225GF0000002,PNS-CS150FAC        ,2.0,2000.0,組   ,270.0,,,,7.0,[車牌]引擎蓋貫穿式APP+遙控器氣壩燈+七彩光                                   
1141225GF0000002,S27CTYZ1VNY         ,1.0,1000.0,組   ,58.0,,,,8.0,S27圓形保險絲母頭座                                                 
1141225GF0000002,NV5RW               ,1.0,1000.0,各   ,450.0,,,,9.0,三星轉接頭                                                       
1141225GF0000003,SIENTAJ1G           ,1.0,650.0,組   ,350.0,,,,1.0,SIENTA外把手/後                                                 
1141225GF0000003,J00346              ,1.0,400.0,支   ,130.0,,,,2.0,J00346後雨刷 WISH                                              
1141227GF0000001,ZV5G539HNF          ,1.0,3150.0,組   ,1900.0,,,,1.0,發現者F-539測速器                                                 
1141229GF0000001,D00392              ,5.0,22.5,張   ,12.0,,,,1.0,班尼頓貼紙                                                       
1141229GF0000001,D00501              ,2.0,22.5,張   ,12.0,,,,2.0,SIMPSON/紅                                                   
1141229GF0000001,F00315B             ,2.0,36.0,張   ,20.0,,,,3.0,班尼頓/二人黑                                                     
1141229GF0000001,E00729              ,1.0,27.0,張   ,15.0,,,,4.0,AKRAPOVIC貼紙                                                 
1141229GF0000001,LEO695              ,1.0,72.0,卷   ,40.0,,,,5.0,車身貼線/螢光粉(30尺)                                               
1141229GF0000001,E01020              ,2.0,27.0,張   ,15.0,,,,6.0,EMax貼紙                                                      
1141231GF0000001,ERQ60UCR2Q          ,1.0,2800.0,各   ,1900.0,,,,1.0,國際牌 60銀合金電瓶                                                 
1141231GF0000001,1000APRTV           ,1.0,650.0,組   ,350.0,,,,2.0,[車牌]救車線                                                   
1141231GF0000001,ABROGTU             ,1.0,200.0,罐   ,88.0,,,,3.0,ABRO煞車油                                                     
1141231GF0000002,FCOUS2Q             ,1.0,8000.0,各   ,5500.0,,,,1.0,FCOUS E46電瓶                                                 
1150102GF0000001,NB1040              ,5.0,600.0,罐   ,200.0,,,,1.0,NB 10/40機油                                                  
1150102GF0000001,IX35DFV             ,1.0,450.0,各   ,200.0,,,,2.0,IX35 空氣芯                                                    
1150102GF0000001,IX35RUV             ,1.0,150.0,組   ,100.0,,,,3.0,IX35機油芯                                                     
1150102GF0000001,ZEROFV1UUR          ,1.0,400.0,罐   ,180.0,,,,4.0,ZERO全效保養汽車精[車牌]                                            
1150102GF0000001,ABRORU5XR           ,1.0,650.0,罐   ,170.0,,,,5.0,ABRO機油止漏劑                                                   
1150102GF0000001,IX35XFXJ            ,1.0,550.0,各   ,250.0,,,,6.0,IX35冷氣濾網                                                    
1150102GF0000001,20322T              ,1.0,200.0,各   ,27.0,,,,7.0,2032電池                                                      
1150102GF0000001,16322T              ,4.0,150.0,各   ,25.0,,,,8.0,1632電池                                                      
1150105GF0000001,GARMINVQ2Y          ,1.0,800.0,各   ,145.0,,,,3.0,GARMIN吸盤底座                                                  
1150106GF0000001,DAYL60BV2           ,1.0,2300.0,組   ,520.0,,,,1.0,DAYL-60冰藍淚眼日行燈                                              
1150105GF0000001,LD72UVTRXF          ,1.0,3500.0,組   ,1500.0,,,,4.0,LD-7單眼行車記錄器                                                 
1150107GF0000001,DP009Z22TWW         ,1.0,400.0,組   ,180.0,,,,1.0,防盜節能電池銅頭(負電斷電器)                                             
1150107GF0000002,16322T              ,4.0,150.0,各   ,45.0,,,,1.0,1632電池                                                      
1150107GF0000002,GYQ2W               ,1.0,1500.0,各   ,450.0,,,,2.0,水鑽排檔頭                                                       
1150107GF0000002,HK915X1             ,1.0,1500.0,組   ,250.0,,,,3.0,HK-915 BMW快音喇叭                                              
1150107GF0000002,R48JE               ,1.0,1500.0,支   ,350.0,,,,4.0,R-48尾管                                                      
1150107GF0000002,08ALTISUC2S1        ,1.0,800.0,各   ,400.0,,,,5.0,08ALTIS(右後)擋泥板                                              
1150108GF0000001,0769-T9F1EDF        ,1.0,8000.0,次   ,4000.0,,,,1.0,0769-T9前保桿烤漆                                                
1150108GF0000002,AV5VC               ,2.0,350.0,組   ,180.0,,,,2.0,AV轉換器                                                       
1150110GF0000001,Z1010H2YGVTRXF      ,1.0,7000.0,組   ,2300.0,,,,1.0,Z10吋電子後視行車紀錄器                                               
1150112GF0000001,EY                  ,1.0,1000.0,次   ,0.0,,,,1.0,工資                                                          
1150112GF0000002,ZEROVRMG18          ,1.0,800.0,支   ,325.0,,,,1.0,ZERO矽膠雨刷18吋                                                 
1150112GF0000002,ZEROVRMG24          ,1.0,1000.0,支   ,415.0,,,,2.0,ZERO矽膠雨刷24吋                                                 
1150115GF0000001,PNSTL60120          ,1.0,250.0,條   ,86.0,,,,1.0,超細高密度珊瑚絨毛巾-雙色毛巾(大)                                          
1150115GF0000001,PNSS33              ,1.0,599.0,組   ,280.0,,,,2.0,QC3.0*1USB+TYPE-C*1USB電壓偵測                                  
1150115GF0000001,C5590WABX           ,1.0,350.0,罐   ,188.0,,,,3.0,黑珍珠 90天美容蠟                                                  
1150115GF0000001,NO2112GRR           ,1.0,550.0,組   ,200.0,,,,4.0,NO-[車牌]手機架                                              
1150116GF0000001,08GOLF10055R        ,1.0,13500.0,組   ,6500.0,,,,1.0,05-08GOLF 4+6410吋安卓主機                                       
1150117GF0000001,GE881J22Q           ,1.0,400.0,各   ,80.0,,,,1.0,GE-881美國霧燈燈泡                                                
1150120GF0000001,TURBO900622         ,1.0,3000.0,組   ,1200.0,,,,1.0,TU[車牌]LED大燈                                             
1150120GF0000001,EY                  ,1.0,500.0,次   ,0.0,,,,2.0,工資                                                          
1150120GF0000002,TURBOH1LED          ,1.0,2500.0,組   ,1200.0,,,,1.0,TURBO H1 LED大燈                                              
1150124GF0000001,CROSS4QFMT          ,1.0,1500.0,組   ,700.0,,,,1.0,CROSS(四片)晴雨窗                                                
1150124GF0000001,PNSTPC004           ,1.0,225.0,組   ,130.0,,,,2.0,PNS-TPC004停車告示牌                                             
1150120GF0000002,PNS-CS150FAC        ,1.0,1500.0,組   ,270.0,,,,2.0,[車牌]引擎蓋貫穿式APP+遙控器氣壩燈+七彩光                                   
1150127GF0000001,VUXXQ               ,1.0,1500.0,組   ,400.0,,,,1.0,雄鷹來令片                                                       
1150127GF0000001,EY                  ,1.0,300.0,次   ,0.0,,,,2.0,工資                                                          
1150127GF0000001,ZWUV                ,1.0,150.0,各   ,80.0,,,,3.0,豐田油芯                                                        
1150127GF0000001,MISSIONYQU          ,4.0,350.0,罐   ,95.8,,,,4.0,MISSIOM自排油                                                  
1150127GF0000002,H1135W22Q           ,1.0,250.0,各   ,90.0,,,,1.0,H11 55W 燈泡                                                  
1150128GF0000001,S27CTYZ1VNY         ,1.0,150.0,組   ,58.0,,,,1.0,S27圓形保險絲母頭座                                                 
1150129GF0000001,RSENH76000K         ,1.0,500.0,各   ,150.0,,,,1.0,RSEN H7 6000K燈泡                                             
1150130GF0000001,SA6105UX            ,1.0,650.0,組   ,250.0,,,,1.0,SA-610遮陽簾                                                   
1150131GF0000001,2TXWSDXU            ,1.0,750.0,組   ,380.0,,,,1.0,倒車雷達內崁兩眼-禾麟                                                 
1150131GF0000002,RSEN02F             ,2.0,1000.0,各   ,400.0,,,,1.0,RSEN安定器                                                     
1150131GF0000002,NOIDNRMG20          ,1.0,350.0,組   ,100.0,,,,2.0,NOID三節雨刷 20吋                                                
1150131GF0000002,NOIDNRMG24          ,1.0,400.0,支   ,100.0,,,,3.0,NOID三節雨刷 24吋                                                
1150202GF0000001,AVA7H055R           ,1.0,12000.0,組   ,5800.0,,,,1.0,AVA 7吋安卓主機2+32                                              
1150202GF0000002,SIENTA054+645R      ,1.0,12000.0,組   ,6000.0,,,,1.0,SINEATA 4+64安卓主機                                            
1150202GF0000002,055MVTRXF           ,1.0,6000.0,組   ,2000.0,,,,2.0,安卓專用雙眼行車紀錄器                                                 
1150203GF0000001,ACP301              ,1.0,200.0,各   ,100.0,,,,1.0,ACP-301室內鏡                                                  
1150204GF0000001,EY                  ,1.0,300.0,次   ,0.0,,,,1.0,工資                                                          
1150204GF0000002,JGWA5               ,1.0,2500.0,組   ,1300.0,,,,1.0,萬事通A5行車紀錄器                                                  
1150205GF0000001,2020RAV4FMTNQ       ,1.0,2500.0,組   ,1200.0,,,,1.0,[車牌]4(四片)晴雨窗                                             
1150205GF0000001,97EAXFMT            ,1.0,650.0,組   ,300.0,,,,2.0,97冠美麗晴雨窗                                                    
1150206GF0000001,Z1212H2YVTRXF       ,1.0,12000.0,組   ,4200.0,,,,1.0,Z12電子後視行車紀錄器                                                
1150206GF0000002,G185630             ,1.0,650.0,卡   ,230.0,,,,1.0,G18-魚眼5630-10顆 白光 2入                                        
1150207GF0000001,Z10CVU              ,1.0,1500.0,組   ,800.0,,,,1.0,Z10後顯影                                                      
1150207GF0000002,NB1040              ,4.0,600.0,罐   ,200.0,,,,1.0,NB 10/40機油                                                  
1150207GF0000002,ZWUV                ,1.0,200.0,各   ,80.0,,,,2.0,豐田油芯                                                        
1150207GF0000002,08ALTISDFV          ,1.0,350.0,各   ,100.0,,,,3.0,08ALTIS空氣芯                                                  
1150207GF0000002,08ALTISXFXJ         ,1.0,450.0,各   ,120.0,,,,4.0,08ALTIS WISH冷氣濾網                                            
1150207GF0000002,SENFINECOFURFFVR    ,1.0,1800.0,罐   ,400.0,,,,5.0,西德SENFINECO汽油進氣系統清洗劑9921                                    
1150207GF0000002,JOHNSENSNTRRU       ,1.0,550.0,罐   ,140.0,,,,6.0,JOHNSEN賽車級增點抗磨機油精                                           
1150207GF0000002,ABROUF1EUR          ,1.0,400.0,罐   ,150.0,,,,7.0,ABRO 引擎補缸油精                                                 
1150207GF0000003,2TVUJE              ,1.0,1000.0,組   ,450.0,,,,1.0,倒車顯影(蝴蝶外掛)                                                  
1150207GF0000004,07CRV4+645R         ,1.0,10000.0,組   ,6000.0,,,,1.0,07CRV 4+64安卓主機                                              
1150210GF0000001,UTEY                ,1.0,2500.0,次   ,0.0,,,,1.0,驗車工資                                                        
1150210GF0000001,EY                  ,1.0,2000.0,次   ,0.0,,,,2.0,工資                                                          
1150210GF0000001,UJGY                ,36.0,100.0,各   ,35.0,,,,3.0,英文數字                                                        
1150210GF0000001,RSENEFFVR           ,1.0,400.0,罐   ,75.0,,,,4.0,RSEN鋼圈清洗劑                                                   
1150210GF0000001,PNSS36              ,1.0,500.0,組   ,190.0,,,,5.0,三孔點菸器+3USB(TYPE-R)                                          
1150211GF0000001,SAXO1040            ,4.0,450.0,罐   ,120.0,,,,1.0,SAXO 10W/40機油                                               
1150211GF0000001,VTRXFV              ,1.0,250.0,組   ,150.0,,,,2.0,行車記錄器線                                                      
1150211GF0000001,2V2Q                ,1.0,50.0,各   ,5.0,,,,3.0,單芯燈泡                                                        
1150211GF0000001,R2F                 ,1.0,100.0,組   ,35.0,,,,4.0,繼電器                                                         
1150211GF0000002,RSEN55ZVQW          ,1.0,550.0,條   ,250.0,,,,1.0,RSEN55方向盤套(黑紅平線)                                            
1150211GF0000003,LEO695              ,1.0,80.0,卷   ,40.0,,,,1.0,車身貼線/螢光粉(30尺)                                               
1150211GF0000003,F01051              ,1.0,40.0,張   ,20.0,,,,2.0,ROCK/STAR粉紅                                                 
1150211GF0000003,E00897              ,1.0,30.0,張   ,15.0,,,,3.0,OHLIN/銀龍                                                    
1150211GF0000003,D00501              ,1.0,25.0,張   ,12.0,,,,4.0,SIMPSON/紅                                                   
1150211GF0000003,H00861              ,3.0,60.0,張   ,30.0,,,,5.0,鶴/一對 立體 貼紙                                                  
1150211GF0000003,K00374              ,1.0,100.0,張   ,50.0,,,,6.0,彩繪貼紙/火貼紙                                                    
1150211GF0000003,5SR                 ,2.0,250.0,各   ,100.0,,,,7.0,助黏劑                                                         
1150214GF0000001,20502XR             ,1.0,1400.0,組   ,850.0,,,,1.0,NO 2050 110V打蠟機 6吋                                          
1150214GF0000001,HK902DUX1           ,1.0,1300.0,組   ,340.0,,,,2.0,HK-902快音喇叭 WRC                                              
1150215GF0000001,5Y5T1CVU15A         ,1.0,4000.0,組   ,250.0,,,,1.0,追蹤者T1後顯影頭線組                                                 
1150215GF0000002,Z1010H2YGVTRXF      ,1.0,6000.0,組   ,2300.0,,,,1.0,Z10吋電子後視行車紀錄器                                               
1150215GF0000002,ZEROVRMG16          ,1.0,800.0,支   ,325.0,,,,2.0,ZERO矽膠雨刷16吋                                                 
1150215GF0000002,ZEROVRMG26          ,1.0,1000.0,支   ,415.0,,,,3.0,ZERO 26吋矽膠雨刷                                                
1150221GF0000001,10WISHTA1E2         ,1.0,800.0,組   ,220.0,,,,1.0,10WISH長毛避光墊                                                 
1150224GF0000001,YH1682XEN           ,1.0,3800.0,組   ,2500.0,,,,1.0,YH168電力公司                                                   
1150224GF0000001,Z1212H2YVTRXF       ,1.0,13000.0,組   ,4200.0,,,,2.0,Z12電子後視行車紀錄器                                                
1150224GF0000001,REDGD1005           ,1.0,6000.0,組   ,2400.0,,,,3.0,[車牌]A(US)-U14路數位H265                                     
1150224GF0000001,RY-GT2225           ,1.0,2500.0,組   ,950.0,,,,4.0,RY-[車牌][車牌] 3.6MMmm雙光+聲音                              
1150224GF0000001,COWD2T              ,1.0,6000.0,組   ,3500.0,,,,5.0,WD 2TB SATA紫標監控硬碟                                           
1150224GF0000001,CO2M-B              ,1.0,100.0,條   ,30.0,,,,6.0,2M/5M HD出線行網路傳輸線/BNC接頭                                      
1150224GF0000001,RDTV3               ,4.0,100.0,支   ,17.0,,,,7.0,TV-3電話條(白)                                                  
1150224GF0000001,EY                  ,1.0,3000.0,次   ,0.0,,,,8.0,工資                                                          
1150224GF0000002,Z10CTUTV            ,1.0,952.0,條   ,200.0,,,,1.0,Z10貨車專用延長線20米                                               
1150224GF0000002,Z1010H2YGVTRXF      ,1.0,4000.0,組   ,2300.0,,,,2.0,Z10吋電子後視行車紀錄器                                               
1150302GF0000001,NOID36GS2           ,1.0,600.0,組   ,280.0,,,,1.0,NOID 36MM室內燈                                                
1150302GF0000001,PNSTPC004           ,1.0,300.0,組   ,70.0,,,,2.0,PNS-TPC004停車告示牌                                             
1150302GF0000001,EY                  ,1.0,100.0,次   ,0.0,,[已隱蔽],,3.0,工資                                                          
1150302GF0000002,YARISCROSS055R4+64  ,1.0,12000.0,組   ,6000.0,,,,1.0,YARIS CORSS 4+64 安卓主機                                       
1150302GF0000003,510Z2F              ,1.0,3500.0,組   ,850.0,,,,1.0,510防盜器                                                      
1150304GF0000001,2TXWSDXU            ,1.0,750.0,組   ,380.0,,,,1.0,倒車雷達內崁兩眼-禾麟                                                 
1150305GF0000001,MP3XUXW             ,1.0,999.0,組   ,520.0,,,,1.0,樂團FM藍芽音樂播放器                                                 
1150305GF0000001,EY                  ,1.0,200.0,次   ,0.0,,,,2.0,工資                                                          
1150306GF0000001,SOLIOCGTV           ,2.0,1500.0,條   ,950.0,,,,1.0,SOLIO後煞車線                                                   
1150306GF0000001,SOLIOCXXQ           ,1.0,1500.0,組   ,1050.0,,,,2.0,SOLIO後來令片                                                   
1150306GF0000001,BEQ-7162XXQ05EY     ,1.0,2000.0,次   ,1500.0,,,,3.0,[車牌]安裝工資                                                
1150306GF0000002,BSD-77GHZ           ,1.0,6500.0,組   ,4500.0,,,,1.0,[車牌]盲點偵測                                                
1150307GF0000001,F01051              ,4.0,40.0,張   ,20.0,,,,1.0,ROCK/STAR粉紅                                                 
1150307GF0000001,F00315B             ,3.0,40.0,張   ,20.0,,,,2.0,班尼頓/二人黑                                                     
1150307GF0000001,J00384              ,1.0,80.0,張   ,40.0,,,,3.0,TANABE/(6*16CM)貼紙                                           
1150307GF0000001,3M12*15             ,1.0,200.0,組   ,80.0,,,,4.0,3M膠12*15mm(2入)                                              
1150307GF0000001,EY                  ,1.0,440.0,次   ,0.0,,,,5.0,工資                                                          
1150309GF0000001,UTEY                ,1.0,300.0,次   ,0.0,,,,1.0,驗車工資                                                        
1150306GF0000003,2TXWSDXU            ,1.0,750.0,組   ,380.0,,,,1.0,倒車雷達內崁兩眼-禾麟                                                 
1150309GF0000002,ZERO14VRMG          ,1.0,700.0,支   ,290.0,,,,1.0,ZERO矽膠雨刷14吋                                                 
1150309GF0000002,ZEROVRMG24          ,1.0,1000.0,支   ,415.0,,,,2.0,ZERO矽膠雨刷24吋                                                 
1150309GF0000002,H11OSARM2Q          ,1.0,400.0,各   ,120.0,,,,3.0,H11 OSARM燈泡                                                 
1150310GF0000001,LIVINARC2D          ,1.0,1500.0,各   ,1100.0,,,,1.0,14LIVINA(R)後燈殼                                              
1150310GF0000001,GV2Q                ,1.0,100.0,各   ,5.5,,,,2.0,雙芯燈泡                                                        
1150310GF0000002,WF602Q              ,1.0,2200.0,各   ,1500.0,,,,1.0,湯淺60電瓶                                                      
1150310GF0000002,NOIDNRMG16          ,1.0,250.0,支   ,100.0,,,,2.0,NOID三節雨刷 16吋                                                
1150310GF0000002,NOIDNRMG24          ,1.0,450.0,支   ,100.0,,,,3.0,NOID三節雨刷 24吋                                                
1150310GF0000003,DH26TGGW            ,2.0,350.0,組   ,290.0,,,,1.0,DH-26 1.2車身飾條                                               
1150310GF0000003,EY                  ,1.0,500.0,次   ,0.0,,,,2.0,工資                                                          
1150313GF0000001,RSEND48000K         ,2.0,1500.0,各   ,500.0,,,,1.0,RSEN D4 8000K燈泡                                             
1150313GF0000001,RSENT1018RMU        ,1.0,500.0,卡   ,150.0,,,,2.0,RSEN T10 魚眼 18晶CANBUS                                       
1150314GF0000001,TYPERH3CR2Q         ,1.0,1200.0,組   ,170.0,,,,1.0,TYPE-R H3黃金燈泡                                               
1150314GF0000002,EY                  ,1.0,2000.0,次   ,0.0,,,,1.0,工資                                                          
1150314GF0000003,Z1010H2YGVTRXF      ,1.0,6000.0,組   ,2500.0,,,,1.0,Z10吋電子後視行車紀錄器                                               
1150321GF0000001,PNSATY01VG1T1       ,1.0,200.0,各   ,49.0,,,,4.0,PNS-ATY01香水補充液                                              
1150324GF0000001,NOID15GS2           ,1.0,250.0,卡   ,130.0,,,,1.0,NOID-01 15 SMD室內燈                                           
1150326GF0000001,JGWA5               ,1.0,3499.0,組   ,1300.0,,,,1.0,萬事通A5行車紀錄器                                                  
1150328GF0000001,XUG3UVTRXF          ,1.0,10500.0,組   ,3800.0,,,,1.0,路易視3眼後視鏡行記錄器                                                
1150330GF0000001,RSEND46000K         ,2.0,1200.0,各   ,500.0,,,,1.0,RSEN D4 6000K燈泡                                             
1150330GF0000002,Z1010H2YGVTRXF      ,1.0,7500.0,組   ,2500.0,,,,1.0,Z10吋電子後視行車紀錄器                                               
1150330GF0000002,180TA1E2DZ          ,1.0,1000.0,組   ,350.0,,,,2.0,180(咖啡)長毛避光墊                                                
1150401GF0000001,2TXWSDXU            ,1.0,750.0,組   ,380.0,,,,1.0,倒車雷達內崁兩眼-禾麟                                                 
1150401GF0000002,EUX1                ,1.0,500.0,組   ,0.0,,,,1.0,高音喇叭                                                        
1150404GF0000001,C55GXCMR            ,1.0,270.0,罐   ,105.0,,,,1.0,黑珍珠朔料還原劑                                                    
1150316GF0000001,FORTIS05+CR         ,1.0,24000.0,組   ,11000.0,,[已隱蔽],,1.0,FORTIS安卓+環景                                                 
1150316GF0000001,Z1010H2YGVTRXF      ,1.0,7000.0,組   ,2500.0,,,,3.0,Z10吋電子後視行車紀錄器                                               
1150317GF0000001,F00533              ,3.0,40.0,張   ,20.0,,,,1.0,邊條                                                          
1150317GF0000001,D00501              ,3.0,25.0,張   ,12.0,,,,2.0,SIMPSON/紅                                                   
1150317GF0000001,F00428              ,2.0,40.0,張   ,20.0,,,,3.0,EASYRIDERS/紅                                                
1150317GF0000001,D00392              ,3.0,25.0,張   ,12.0,,,,4.0,班尼頓貼紙                                                       
1150317GF0000001,F00315B             ,3.0,40.0,張   ,20.0,,,,5.0,班尼頓/二人黑                                                     
1150317GF0000001,E00897              ,2.0,30.0,張   ,15.0,,,,6.0,OHLIN/銀龍                                                    
1150317GF0000001,E00897              ,2.0,30.0,張   ,15.0,,,,7.0,OHLIN/銀龍                                                    
1150317GF0000001,E01020              ,4.0,30.0,張   ,15.0,,,,8.0,EMax貼紙                                                      
1150317GF0000001,C00436              ,3.0,20.0,張   ,10.0,,,,9.0,普利司通                                                        
1150317GF0000001,E00678              ,2.0,30.0,張   ,15.0,,,,10.0,龍/二入                                                        
1150317GF0000001,E00472              ,3.0,30.0,張   ,15.0,,,,11.0,德國國旗                                                        
1150317GF0000001,UJGYXCR             ,8.0,70.0,各   ,35.0,,,,12.0,英文數字/鋁合金                                                    
1150317GF0000001,5SR                 ,2.0,250.0,各   ,100.0,,,,13.0,助黏劑                                                         
1150317GF0000002,PF154QGW            ,3.0,120.0,組   ,63.0,,,,1.0,PF-154噴水頭                                                   
1150319GF0000001,RSENT104014242      ,1.0,450.0,組   ,160.0,,,,1.0,RSEN T10 4014 24燈                                           
1150321GF0000001,ZEROVRMG22G         ,1.0,900.0,支   ,350.0,,,,1.0,ZERO矽膠雨刷22吋                                                 
1150321GF0000001,ZEROVRMG26          ,1.0,1000.0,支   ,415.0,,,,2.0,ZERO 26吋矽膠雨刷                                                
1150321GF0000001,PNSS33              ,1.0,500.0,組   ,280.0,,,,3.0,QC3.0*1USB+TYPE-C*1USB電壓偵測                                  
1150406GF0000001,LEDXG2W1.5M         ,1.0,2000.0,組   ,240.0,,,,2.0,LED流水燈條1.5MM                                                
1150406GF0000001,EY                  ,1.0,1000.0,次   ,0.0,,,,3.0,工資                                                          
1150409GF0000001,WF55D23L2Q          ,1.0,2300.0,各   ,1850.0,,,,1.0,湯淺55D23L電瓶                                                  
1150408GF0000001,SAXOC35W30FHU       ,6.0,750.0,罐   ,220.0,,,,1.0,SAXO C3 5W30柴油共用遊                                           
1150408GF0000001,CLA2500UV           ,1.0,750.0,各   ,300.0,,,,2.0,CLA-250專用油芯                                                 
1150408GF0000001,CLA250DFV           ,1.0,1250.0,各   ,350.0,,,,3.0,CLA-250空氣芯                                                  
1150408GF0000001,UJGYXCR             ,5.0,70.0,各   ,35.0,,,,4.0,英文數字/鋁合金                                                    
1150408GF0000001,3M12*15             ,1.0,200.0,組   ,80.0,,,,5.0,3M膠12*15mm(2入)                                              
1150408GF0000001,K00374              ,2.0,200.0,張   ,50.0,,,,6.0,彩繪貼紙/火貼紙                                                    
1150408GF0000001,CLA250XFXJ          ,1.0,1450.0,各   ,500.0,,,,7.0,CLA-250冷氣濾網(W17)                                            
1150408GF0000001,ZEROAMN+RFC         ,1.0,950.0,罐   ,320.0,,,,8.0,ZERO鉬元素+噴油嘴除扣劑                                              
1150408GF0000001,EY                  ,1.0,1650.0,次   ,0.0,,,,9.0,工資                                                          
1150408GF0000001,CLARF2E             ,1.0,8500.0,組   ,2300.0,,,,10.0,CLA250進氣導管                                                  
1150410GF0000001,08ALTISTA1E2        ,1.0,600.0,組   ,220.0,,,,1.0,08ALTIS長毛避光墊                                                
1150410GF0000002,09ALTIS1UW          ,1.0,4500.0,組   ,3150.0,,,,1.0,2835156 09ALTIS布椅套                                          
1150410GF0000002,CARDIO84+645R       ,1.0,12000.0,組   ,6000.0,,,,2.0,CARDIO 8核4+64安卓主機                                           
1150410GF0000002,2TXWVTAVU           ,1.0,2500.0,組   ,450.0,,,,3.0,倒車顯影(帶燈小草帽)寶馬頭                                              
1150411GF0000001,SAXO1040            ,5.0,450.0,罐   ,120.0,,,,1.0,SAXO 10W/40機油                                               
1150411GF0000001,ZINGERDFV           ,1.0,450.0,各   ,150.0,,,,2.0,ZINGER空氣芯                                                   
1150411GF0000001,ZINGERUV            ,1.0,200.0,各   ,60.0,,,,3.0,ZINGER油芯                                                    
1150411GF0000001,ZINGERXXQ           ,1.0,1650.0,組   ,650.0,,,,4.0,ZINGER來令片                                                   
1150411GF0000001,GVE0.9              ,1.0,300.0,各   ,110.0,,,,5.0,水箱蓋0.9                                                      
1150411GF0000001,PEAKGVR             ,1.0,300.0,罐   ,100.0,,,,6.0,PEAK 33%水箱精                                                 
1150411GF0000001,WF55D23L2Q          ,1.0,2700.0,各   ,1850.0,,,,7.0,湯淺55D23L電瓶                                                  
1150411GF0000001,ABROQGUR            ,1.0,350.0,罐   ,110.0,,,,8.0,ABRO噴射油精                                                    
1150411GF0000001,12FVRU5XR           ,1.0,400.0,罐   ,120.0,,,,9.0,八大全效機油精                                                     
1150411GF0000001,MISSIONCVT          ,4.0,600.0,罐   ,230.0,,,,10.0,MISSION CVT-F自排油X+++                                        
