salno,sdate,stockno,cusno,busno,tot,ttot,setday,wno,tprice,smoney,price,apcost,adrs2,note1,anote,cnew,toacc,dusno,reno,reindex
1090731GF0000001,2020-07-31 00:00:00,GF ,CUS_00588,01      ,3000.0,3000.0,202007.0,,3000.0,0.0,3000.0,2600.0,[已隱蔽],,,,,01      ,,
1090731GF0000002,2020-07-31 00:00:00,GF ,CUS_00693,01      ,2000.0,2000.0,202007.0,,2000.0,0.0,2000.0,450.0,                                                            ,,,,,01      ,,
1090730GF0000001,2020-07-30 00:00:00,GF ,CUS_00076,01      ,2500.0,2500.0,202007.0,,2500.0,0.0,2500.0,1500.0,[已隱蔽],,,,,        ,,
1090703GF0000001,2020-07-03 00:00:00,GF ,CUS_00682,01      ,300.0,300.0,202007.0,,300.0,0.0,300.0,120.0,[已隱蔽],,,,,01      ,,
1090804GF0000001,2020-08-04 00:00:00,GF ,CUS_00084,        ,199.0,199.0,202008.0,,199.0,0.0,199.0,50.0,[已隱蔽],,,,,        ,,
1090805GF0000001,2020-08-05 00:00:00,GF ,CUS_00260,01      ,1600.0,1600.0,202008.0,,1600.0,0.0,1600.0,250.0,                                                            ,,,,,01      ,,
1090805GF0000002,2020-08-05 00:00:00,GF ,CUS_00076,02      ,2500.0,2500.0,202008.0,,2500.0,0.0,2500.0,1091.0,[已隱蔽],,,,,        ,,
1090806GF0000001,2020-08-06 00:00:00,GF ,CUS_00615,        ,4200.0,4200.0,202008.0,,4200.0,0.0,4200.0,780.0,                                                            ,,,,,        ,,
1090806GF0000002,2020-08-06 00:00:00,GF ,CUS_00260,01      ,8300.0,8300.0,202008.0,,8300.0,0.0,8300.0,3900.0,                                                            ,,,,,        ,,
1090807GF0000001,2020-08-07 00:00:00,GF ,CUS_00674,01      ,600.0,600.0,202008.0,,600.0,0.0,600.0,350.0,                                                            ,,,,,        ,,
1090715GF0000001,2020-07-15 00:00:00,GF ,CUS_00674,        ,31200.0,31200.0,202007.0,,31200.0,0.0,31200.0,3530.0,                                                            ,,,,,        ,,
1090812GF0000001,2020-08-12 00:00:00,GF ,CUS_00704,        ,400.0,400.0,202008.0,,400.0,0.0,400.0,170.0,                                                            ,,,,,        ,,
1090812GF0000002,2020-08-12 00:00:00,GF ,CUS_00722,        ,3000.0,3000.0,202008.0,,3000.0,0.0,3000.0,600.0,                                                            ,,,,,        ,,
1090812GF0000003,2020-08-12 00:00:00,GF ,CUS_00558,        ,3000.0,3000.0,202008.0,,3000.0,0.0,3000.0,2100.0,                                                            ,,,,,        ,,
1090813GF0000001,2020-08-13 00:00:00,GF ,CUS_00674,        ,9450.0,9450.0,202008.0,,9450.0,0.0,9450.0,4120.0,                                                            ,,,,,        ,,
1090817GF0000001,2020-08-17 00:00:00,GF ,CUS_00154,        ,2000.0,2000.0,202008.0,,2000.0,0.0,2000.0,380.0,                                                            ,,,,,        ,,
1090818GF0000001,2020-08-18 00:00:00,GF ,CUS_00074,        ,550.0,550.0,202008.0,,550.0,0.0,550.0,260.0,[已隱蔽],,,,,        ,,
1090818GF0000002,2020-08-18 00:00:00,GF ,CUS_00682,01      ,560.0,560.0,202008.0,,560.0,0.0,560.0,300.0,[已隱蔽],,,,,01      ,,
1090819GF0000001,2020-08-19 00:00:00,GF ,CUS_00437,        ,12300.0,12300.0,202008.0,,12300.0,0.0,12300.0,4050.0,[已隱蔽],,,,,        ,,
1090820GF0000001,2020-08-20 00:00:00,GF ,CUS_00076,        ,250.0,250.0,202008.0,,250.0,0.0,250.0,200.0,[已隱蔽],,,,,        ,,
1090824GF0000001,2020-08-24 00:00:00,GF ,CUS_00682,01      ,400.0,400.0,202008.0,,400.0,0.0,400.0,240.0,[已隱蔽],,,,,01      ,,
1090825GF0000001,2020-08-25 00:00:00,GF ,CUS_00564,        ,1500.0,1500.0,202008.0,,1500.0,0.0,1500.0,1000.0,                                                            ,,,,,        ,,
1090826GF0000001,2020-08-26 00:00:00,GF ,CUS_00733,        ,2700.0,2700.0,202008.0,,2700.0,0.0,2700.0,670.0,                                                            ,,,,,        ,,
1091010GF0000001,2020-10-10 00:00:00,GF ,CUS_00694,        ,2050.0,2050.0,202010.0,,2050.0,0.0,2050.0,335.0,                                                            ,,,,,        ,,
1090826GF0000002,2020-08-26 00:00:00,GF ,CUS_00132,        ,3000.0,3000.0,202008.0,,3000.0,0.0,3000.0,1500.0,                                                            ,,,,,        ,,
1090827GF0000001,2020-08-27 00:00:00,GF ,CUS_00636,        ,5600.0,5600.0,202008.0,,5600.0,0.0,5600.0,1800.0,                                                            ,,,,,        ,,
1090804GF0000002,2020-08-04 00:00:00,GF ,CUS_00636,        ,9000.0,9000.0,202008.0,,9000.0,0.0,9000.0,4430.0,                                                            ,,,,,        ,,
1090818GF0000003,2020-08-18 00:00:00,GF ,CUS_00636,        ,5600.0,5600.0,202008.0,,5600.0,0.0,5600.0,1800.0,                                                            ,,,,,        ,,
1090828GF0000001,2020-08-28 00:00:00,GF ,CUS_00712,        ,9000.0,9000.0,202008.0,,9000.0,0.0,9000.0,4350.0,                                                            ,,,,,        ,,
1090828GF0000002,2020-08-28 00:00:00,GF ,CUS_00211,        ,9500.0,9500.0,202008.0,,9500.0,0.0,9500.0,4271.0,                                                            ,,,,,        ,,
1090831GF0000001,2020-08-31 00:00:00,GF ,CUS_00549,        ,90.0,90.0,202008.0,,90.0,0.0,90.0,75.0,[已隱蔽],,,,,        ,,
1090907GF0000001,2020-09-07 00:00:00,GF ,CUS_00074,        ,750.0,750.0,202009.0,,750.0,0.0,750.0,300.0,[已隱蔽],,,,,        ,,
1090907GF0000002,2020-09-07 00:00:00,GF ,CUS_00254,        ,5200.0,5200.0,202009.0,,5200.0,0.0,5200.0,2150.0,                                                            ,,,,,        ,,
1090908GF0000001,2020-09-08 00:00:00,GF ,CUS_00646,        ,1000.0,1000.0,202009.0,,1000.0,0.0,1000.0,150.0,                                                            ,,,,,        ,,
1090909GF0000001,2020-09-09 00:00:00,GF ,CUS_00678,        ,1000.0,1000.0,202009.0,,1000.0,0.0,1000.0,500.0,[已隱蔽],,,,,        ,,
1090908GF0000002,2020-09-08 00:00:00,GF ,CUS_00697,        ,550.0,550.0,202009.0,,550.0,0.0,550.0,270.0,                                                            ,,,,,        ,,
1090912GF0000001,2020-09-12 00:00:00,GF ,CUS_00348,        ,1700.0,1700.0,202009.0,,1700.0,0.0,1700.0,300.0,                                                            ,,,,,        ,,
1090912GF0000002,2020-09-12 00:00:00,GF ,CUS_00031,        ,3000.0,3000.0,202009.0,,3000.0,0.0,3000.0,1150.0,                                                            ,,,,,        ,,
1090914GF0000001,2020-09-14 00:00:00,GF ,CUS_00693,        ,450.0,450.0,202009.0,,450.0,0.0,450.0,242.0,                                                            ,,,,,        ,,
1090917GF0000001,2020-09-17 00:00:00,GF ,CUS_00076,        ,800.0,800.0,202009.0,,800.0,0.0,800.0,360.0,[已隱蔽],,,,,        ,,
1090921GF0000001,2020-09-21 00:00:00,GF ,CUS_00254,        ,2250.0,2250.0,202009.0,,2250.0,0.0,2250.0,850.0,                                                            ,,,,,        ,,
1090921GF0000002,2020-09-21 00:00:00,GF ,CUS_00682,01      ,700.0,700.0,202009.0,,700.0,0.0,700.0,380.0,[已隱蔽],,,,,01      ,,
1090923GF0000001,2020-09-23 00:00:00,GF ,CUS_00630,        ,2000.0,2000.0,202009.0,,2000.0,0.0,2000.0,450.0,[已隱蔽],,,,,        ,,
1090923GF0000002,2020-09-23 00:00:00,GF ,CUS_00076,        ,1050.0,1050.0,202009.0,,1050.0,0.0,1050.0,300.0,[已隱蔽],,,,,        ,,
1090923GF0000003,2020-09-23 00:00:00,GF ,CUS_00682,01      ,350.0,350.0,202009.0,,350.0,0.0,350.0,150.0,[已隱蔽],,,,,01      ,,
1090925GF0000001,2020-09-25 00:00:00,GF ,CUS_00086,        ,20000.0,20000.0,202009.0,,20000.0,0.0,20000.0,13070.0,                                                            ,,,,,        ,,
1090928GF0000001,2020-09-28 00:00:00,GF ,CUS_00587,01      ,1800.0,1800.0,202010.0,,1800.0,0.0,1800.0,1300.0,                                                            ,,,,,        ,,
1091002GF0000001,2020-10-02 00:00:00,GF ,CUS_00598,        ,150.0,150.0,202010.0,,150.0,0.0,150.0,0.0,                                                            ,,,,,        ,,
1091004GF0000001,2020-10-04 00:00:00,GF ,CUS_00733,        ,3500.0,3500.0,202010.0,,3500.0,0.0,3500.0,1500.0,                                                            ,,,,,        ,,
1091005GF0000001,2020-10-05 00:00:00,GF ,CUS_00601,        ,3000.0,3000.0,202010.0,,3000.0,0.0,3000.0,1180.0,                                                            ,,,,,        ,,
1091012GF0000001,2020-10-12 00:00:00,GF ,CUS_00689,        ,7600.0,7600.0,202010.0,,7600.0,0.0,7600.0,3270.0,                                                            ,,,,,        ,,
1090925GF0000002,2020-09-25 00:00:00,GF ,CUS_00602,        ,1800.0,1800.0,202009.0,,1800.0,0.0,1800.0,250.0,                                                            ,,,,,        ,,
1091013GF0000001,2020-10-13 00:00:00,GF ,CUS_00076,        ,2500.0,2500.0,202010.0,,2500.0,0.0,2500.0,1091.0,[已隱蔽],,,,,        ,,
1091013GF0000002,2020-10-13 00:00:00,GF ,CUS_00370,01      ,500.0,500.0,202010.0,,500.0,0.0,500.0,0.0,                                                            ,,,,,        ,,
1091015GF0000001,2020-10-15 00:00:00,GF ,CUS_00189,        ,11300.0,11300.0,202010.0,,11300.0,0.0,11300.0,6970.0,                                                            ,,,,,        ,,
1091015GF0000002,2020-10-15 00:00:00,GF ,CUS_00171,        ,6700.0,6700.0,202010.0,,6700.0,0.0,6700.0,2780.0,                                                            ,,,,,        ,,
1091016GF0000001,2020-10-16 00:00:00,GF ,CUS_00630,        ,1000.0,1000.0,202010.0,,1000.0,0.0,1000.0,650.0,[已隱蔽],,,,,        ,,
1091016GF0000002,2020-10-16 00:00:00,GF ,CUS_00322,        ,6200.0,6200.0,202010.0,,6200.0,0.0,6200.0,2130.0,                                                            ,,,,,        ,,
1091016GF0000003,2020-10-16 00:00:00,GF ,CUS_00285,        ,1200.0,1200.0,202010.0,,1200.0,0.0,1200.0,260.0,                                                            ,,,,,        ,,
1091021GF0000001,2020-10-21 00:00:00,GF ,CUS_00076,        ,500.0,500.0,202010.0,,500.0,0.0,500.0,180.0,[已隱蔽],,,,,        ,,
1091022GF0000001,2020-10-22 00:00:00,GF ,CUS_00370,        ,5000.0,5000.0,202010.0,,5000.0,0.0,5000.0,2300.0,                                                            ,,,,,        ,,
1091023GF0000001,2020-10-23 00:00:00,GF ,CUS_00383,        ,2400.0,2400.0,202010.0,,2400.0,0.0,2400.0,525.0,                                                            ,,,,,        ,,
1091023GF0000002,2020-10-23 00:00:00,GF ,CUS_00682,01      ,250.0,250.0,202010.0,,250.0,0.0,250.0,110.0,[已隱蔽],,,,,01      ,,
1091024GF0000001,2020-10-24 00:00:00,GF ,CUS_00463,        ,6800.0,6800.0,202010.0,,6800.0,0.0,6800.0,1326.0,                                                            ,,,,,        ,,
1091026GF0000001,2020-10-26 00:00:00,GF ,CUS_00021,        ,6000.0,6000.0,202010.0,,6000.0,0.0,6000.0,1580.0,                                                            ,,,,,        ,,
1091027GF0000001,2020-10-27 00:00:00,GF ,CUS_00004,        ,2350.0,2350.0,202010.0,,2350.0,0.0,2350.0,980.0,                                                            ,,,,,        ,,
1091031GF0000001,2020-10-31 00:00:00,GF ,CUS_00719,        ,3500.0,3500.0,202010.0,,3500.0,0.0,3500.0,3000.0,                                                            ,,,,,        ,,
1091031GF0000002,2020-10-31 00:00:00,GF ,CUS_00726,        ,6500.0,6500.0,202010.0,,6500.0,0.0,6500.0,4200.0,                                                            ,,,,,        ,,
1091102GF0000002,2020-11-02 00:00:00,GF ,CUS_00460,        ,4000.0,4000.0,202011.0,,4000.0,0.0,4000.0,1660.0,                                                            ,,,,,        ,,
1091102GF0000003,2020-11-02 00:00:00,GF ,CUS_00066,        ,8750.0,8750.0,202011.0,,8750.0,0.0,8750.0,5720.0,                                                            ,,,,,        ,,
1091102GF0000004,2020-11-02 00:00:00,GF ,CUS_00572,        ,400.0,400.0,202011.0,,400.0,0.0,400.0,150.0,[已隱蔽],,,,,        ,,
1091029GF0000001,2020-10-29 00:00:00,GF ,CUS_00074,        ,2900.0,2900.0,202010.0,,2900.0,0.0,2900.0,1790.0,[已隱蔽],,,,,        ,,
1091103GF0000001,2020-11-03 00:00:00,GF ,CUS_00084,        ,700.0,700.0,202011.0,,700.0,0.0,700.0,380.0,[已隱蔽],,,,,        ,,
1091105GF0000001,2020-11-05 00:00:00,GF ,CUS_00189,        ,1500.0,1500.0,202011.0,,1500.0,0.0,1500.0,450.0,                                                            ,,,,,        ,,
1091105GF0000002,2020-11-05 00:00:00,GF ,CUS_00630,        ,2500.0,2500.0,202011.0,,2500.0,0.0,2500.0,1091.0,[已隱蔽],,,,,        ,,
1091106GF0000001,2020-11-06 00:00:00,GF ,CUS_00694,        ,300.0,300.0,202011.0,,300.0,0.0,300.0,132.0,                                                            ,,,,,        ,,
1091109GF0000001,2020-11-09 00:00:00,GF ,CUS_00640,        ,3760.0,3760.0,202011.0,,3760.0,0.0,3760.0,1115.0,                                                            ,,,,,        ,,
1091111GF0000002,2020-11-11 00:00:00,GF ,CUS_00615,        ,3000.0,3000.0,202011.0,,3000.0,0.0,3000.0,330.0,                                                            ,,,,,        ,,
1091112GF0000001,2020-11-12 00:00:00,GF ,CUS_00342,        ,2500.0,2500.0,202011.0,,2500.0,0.0,2500.0,1200.0,                                                            ,,,,,        ,,
1091112GF0000002,2020-11-12 00:00:00,GF ,CUS_00370,        ,3000.0,3000.0,202011.0,,3000.0,0.0,3000.0,1260.0,                                                            ,,,,,        ,,
1091113GF0000001,2020-11-13 00:00:00,GF ,CUS_00076,        ,5000.0,5000.0,202011.0,,5000.0,0.0,5000.0,2800.0,[已隱蔽],,,,,        ,,
1091113GF0000002,2020-11-13 00:00:00,GF ,CUS_00694,        ,21000.0,21000.0,202011.0,,21000.0,0.0,21000.0,11740.0,                                                            ,,,,,        ,,
1091114GF0000001,2020-11-14 00:00:00,GF ,CUS_00624,        ,12000.0,12000.0,202011.0,,12000.0,0.0,12000.0,7200.0,                                                            ,,,,,        ,,
1091113GF0000003,2020-11-13 00:00:00,GF ,CUS_00132,        ,1600.0,1600.0,202011.0,,1600.0,0.0,1600.0,1200.0,                                                            ,,,,,        ,,
1091114GF0000002,2020-11-14 00:00:00,GF ,CUS_00692,        ,10650.0,10650.0,202011.0,,10650.0,0.0,10650.0,5290.0,                                                            ,,,,,        ,,
1091118GF0000001,2020-11-18 00:00:00,GF ,CUS_00682,01      ,5000.0,5000.0,202011.0,,5000.0,0.0,5000.0,4000.0,[已隱蔽],,,,,01      ,,
1091121GF0000001,2020-11-21 00:00:00,GF ,CUS_00136,        ,4800.0,4800.0,202011.0,,4800.0,0.0,4800.0,1210.0,                                                            ,,,,,        ,,
1091125GF0000001,2020-11-25 00:00:00,GF ,CUS_00618,        ,1500.0,1500.0,202011.0,,1500.0,0.0,1500.0,600.0,[已隱蔽],,,,,        ,,
1091125GF0000002,2020-11-25 00:00:00,GF ,CUS_00682,01      ,1600.0,1600.0,202011.0,,1600.0,0.0,1600.0,600.0,[已隱蔽],,,,,01      ,,
1091125GF0000003,2020-11-25 00:00:00,GF ,CUS_00694,        ,1500.0,1500.0,202011.0,,1500.0,0.0,1500.0,480.0,                                                            ,,,,,        ,,
1091126GF0000001,2020-11-26 00:00:00,GF ,CUS_00021,        ,900.0,900.0,202011.0,,900.0,0.0,900.0,280.0,                                                            ,,,,,        ,,
1091126GF0000002,2020-11-26 00:00:00,GF ,CUS_00076,        ,400.0,400.0,202012.0,,400.0,0.0,400.0,230.0,[已隱蔽],,,,,        ,,
1091127GF0000001,2020-11-27 00:00:00,GF ,CUS_00458,        ,3550.0,3550.0,202011.0,,3550.0,0.0,3550.0,1315.0,                                                            ,,,,,        ,,
1091130GF0000001,2020-11-30 00:00:00,GF ,CUS_00588,        ,3000.0,3000.0,202012.0,,3000.0,0.0,3000.0,2600.0,[已隱蔽],,,,,        ,,
1091130GF0000002,2020-11-30 00:00:00,GF ,CUS_00202,        ,4850.0,4850.0,202011.0,,4850.0,0.0,4850.0,1282.0,                                                            ,,,,,        ,,
1091201GF0000001,2020-12-01 00:00:00,GF ,CUS_00694,        ,2000.0,2000.0,202012.0,,2000.0,0.0,2000.0,220.0,                                                            ,,,,,        ,,
1091201GF0000002,2020-12-01 00:00:00,GF ,CUS_00347,        ,3500.0,3500.0,202012.0,,3500.0,0.0,3500.0,2050.0,                                                            ,,,,,        ,,
1091201GF0000003,2020-12-01 00:00:00,GF ,CUS_00084,        ,2500.0,2500.0,202012.0,,2500.0,0.0,2500.0,1091.0,[已隱蔽],,,,,        ,,
1091203GF0000001,2020-12-03 00:00:00,GF ,CUS_00310,        ,2450.0,2450.0,202012.0,,2450.0,0.0,2450.0,902.0,                                                            ,,,,,        ,,
1091203GF0000002,2020-12-03 00:00:00,GF ,CUS_00682,01      ,1480.0,1480.0,202012.0,,1480.0,0.0,1480.0,590.0,[已隱蔽],,,,,01      ,,
1091204GF0000001,2020-12-04 00:00:00,GF ,CUS_00171,        ,13500.0,13500.0,202012.0,,13500.0,0.0,13500.0,5930.0,                                                            ,,,,,        ,,
1091205GF0000001,2020-12-05 00:00:00,GF ,CUS_00219,        ,3800.0,3800.0,202012.0,,3800.0,0.0,3800.0,1091.0,                                                            ,,,,,        ,,
1091205GF0000002,2020-12-05 00:00:00,GF ,CUS_00656,        ,1850.0,1850.0,202012.0,,1850.0,0.0,1850.0,850.0,                                                            ,,,,,        ,,
1091207GF0000001,2020-12-07 00:00:00,GF ,CUS_00351,        ,3450.0,3450.0,202012.0,,3450.0,0.0,3450.0,735.0,                                                            ,,,,,        ,,
1091209GF0000001,2020-12-09 00:00:00,GF ,CUS_00121,        ,6800.0,6800.0,202012.0,,6800.0,0.0,6800.0,1993.0,                                                            ,,,,,        ,,
1091209GF0000002,2020-12-09 00:00:00,GF ,CUS_00347,        ,2300.0,2300.0,202012.0,,2300.0,0.0,2300.0,1000.0,                                                            ,,,,,        ,,
1091209GF0000003,2020-12-09 00:00:00,GF ,CUS_00145,        ,2600.0,2600.0,202012.0,,2600.0,0.0,2600.0,1200.0,                                                            ,,,,,        ,,
1091209GF0000004,2020-12-09 00:00:00,GF ,CUS_00598,        ,140.0,140.0,202012.0,,140.0,0.0,140.0,27.0,                                                            ,,,,,        ,,
1091210GF0000001,2020-12-10 00:00:00,GF ,CUS_00533,        ,400.0,400.0,202012.0,,400.0,0.0,400.0,250.0,                                                            ,,,,,        ,,
1091212GF0000001,2020-12-12 00:00:00,GF ,CUS_00587,01      ,8000.0,8000.0,202012.0,,8000.0,0.0,8000.0,8000.0,                                                            ,,,,,        ,,
1091212GF0000002,2020-12-12 00:00:00,GF ,CUS_00610,        ,1998.0,1998.0,202012.0,,1998.0,0.0,1998.0,900.0,                                                            ,,,,,        ,,
1091212GF0000003,2020-12-12 00:00:00,GF ,CUS_00682,01      ,380.0,380.0,202012.0,,380.0,0.0,380.0,0.0,[已隱蔽],,,,,01      ,,
1091216GF0000001,2020-12-16 00:00:00,GF ,CUS_00602,        ,10650.0,10650.0,202012.0,,10650.0,0.0,10650.0,3410.0,                                                            ,,,,,        ,,
1091218GF0000002,2020-12-18 00:00:00,GF ,CUS_00588,        ,150.0,150.0,202012.0,,150.0,0.0,150.0,0.0,[已隱蔽],,,,,        ,,
1091218GF0000003,2020-12-18 00:00:00,GF ,CUS_00659,        ,1700.0,1700.0,202012.0,GD[電話]      ,1700.0,0.0,1785.0,700.0,                                                            ,,,,,        ,,
1091221GF0000001,2020-12-21 00:00:00,GF ,CUS_00630,        ,2500.0,2500.0,202012.0,,2500.0,0.0,2500.0,1091.0,[已隱蔽],,,,,        ,,
1091222GF0000001,2020-12-22 00:00:00,GF ,CUS_00554,        ,700.0,700.0,202012.0,,700.0,0.0,700.0,450.0,[已隱蔽],,,,,        ,,
1091222GF0000002,2020-12-22 00:00:00,GF ,CUS_00462,        ,7800.0,7800.0,202012.0,,7800.0,0.0,7800.0,3800.0,                                                            ,,,,,        ,,
1091224GF0000001,2020-12-24 00:00:00,GF ,CUS_00237,        ,3300.0,3300.0,202012.0,,3300.0,0.0,3300.0,1800.0,                                                            ,,,,,        ,,
1091217GF0000001,2020-12-17 00:00:00,GF ,CUS_00682,01      ,1550.0,1550.0,202012.0,,1550.0,0.0,1550.0,630.0,[已隱蔽],,,,,01      ,,
1091224GF0000002,2020-12-24 00:00:00,GF ,CUS_00010,        ,8800.0,8800.0,202012.0,,8800.0,0.0,8800.0,6170.0,                                                            ,,,,,        ,,
1091224GF0000003,2020-12-24 00:00:00,GF ,CUS_00197,        ,5000.0,5000.0,202012.0,,5000.0,0.0,5000.0,1890.0,                                                            ,,,,,        ,,
1091225GF0000001,2020-12-25 00:00:00,GF ,CUS_00587,01      ,3500.0,3500.0,202012.0,,3500.0,0.0,3500.0,1920.0,                                                            ,,,,,        ,,
1091225GF0000002,2020-12-25 00:00:00,GF ,CUS_00694,        ,2000.0,2000.0,202012.0,,2000.0,0.0,2000.0,585.0,                                                            ,,,,,        ,,
1091225GF0000003,2020-12-25 00:00:00,GF ,CUS_00682,01      ,550.0,550.0,202012.0,,550.0,0.0,550.0,250.0,[已隱蔽],,,,,01      ,,
1091225GF0000004,2020-12-25 00:00:00,GF ,CUS_00450,        ,12150.0,12150.0,202012.0,,12150.0,0.0,12150.0,4400.0,                                                            ,,,,,        ,,
1091226GF0000001,2020-12-26 00:00:00,GF ,CUS_00354,        ,2300.0,2300.0,202012.0,,2300.0,0.0,2300.0,980.0,                                                            ,,,,,        ,,
1091126GF0000003,2020-11-26 00:00:00,GF ,CUS_00694,        ,1400.0,1400.0,202011.0,,1400.0,0.0,1400.0,380.0,                                                            ,,,,,        ,,
1091228GF0000001,2020-12-28 00:00:00,GF ,CUS_00682,01      ,1500.0,1500.0,202101.0,,1500.0,0.0,1500.0,760.0,[已隱蔽],,,,,01      ,,
1091228GF0000002,2020-12-28 00:00:00,GF ,CUS_00450,        ,5200.0,5200.0,202012.0,,5200.0,0.0,5200.0,1406.0,                                                            ,,,,,        ,,
1091229GF0000001,2020-12-29 00:00:00,GF ,CUS_00175,        ,5400.0,5400.0,202012.0,,5400.0,0.0,5400.0,1805.0,                                                            ,,,,,        ,,
1091227GF0000001,2020-12-27 00:00:00,GF ,CUS_00647,        ,3800.0,3800.0,202012.0,,3800.0,0.0,3800.0,3360.0,                                                            ,,,,,        ,,
1091229GF0000003,2020-12-29 00:00:00,GF ,CUS_00015,        ,6850.0,6850.0,202012.0,,6850.0,0.0,6850.0,1750.0,                                                            ,,,,,        ,,
1091229GF0000004,2020-12-29 00:00:00,GF ,CUS_00086,        ,5200.0,5200.0,202012.0,,5200.0,0.0,5200.0,1575.0,                                                            ,,,,,        ,,
1091226GF0000002,2020-12-26 00:00:00,GF ,CUS_00662,        ,5500.0,5500.0,202012.0,,5500.0,0.0,5500.0,3800.0,                                                            ,,,,,        ,,
1091230GF0000001,2020-12-30 00:00:00,GF ,CUS_00032,        ,31200.0,31200.0,202012.0,,31200.0,0.0,31200.0,20400.0,                                                            ,,,,,        ,,
1100102GF0000001,2021-01-02 00:00:00,GF ,CUS_00576,        ,4000.0,4000.0,202101.0,,4000.0,0.0,4000.0,1050.0,                                                            ,,,,,        ,,
1100104GF0000001,2021-01-04 00:00:00,GF ,CUS_00338,        ,2800.0,2800.0,202101.0,,2800.0,0.0,2800.0,1310.0,                                                            ,,,,,        ,,
1100105GF0000001,2021-01-05 00:00:00,GF ,CUS_00694,        ,44000.0,44000.0,202101.0,,44000.0,0.0,44000.0,26400.0,                                                            ,,,,,        ,,
1100105GF0000002,2021-01-05 00:00:00,GF ,CUS_00695,        ,200.0,200.0,202101.0,,200.0,0.0,200.0,82.0,[已隱蔽],,,,,        ,,
1100105GF0000003,2021-01-05 00:00:00,GF ,CUS_00665,        ,35000.0,35000.0,202101.0,,35000.0,0.0,35000.0,23000.0,                                                            ,,,,,        ,,
1100106GF0000001,2021-01-06 00:00:00,GF ,CUS_00132,        ,600.0,600.0,202101.0,,600.0,0.0,600.0,400.0,                                                            ,,,,,        ,,
1100107GF0000001,2021-01-07 00:00:00,GF ,CUS_00569,        ,600.0,600.0,202101.0,,600.0,0.0,600.0,190.0,                                                            ,,,,,        ,,
1100107GF0000002,2021-01-07 00:00:00,GF ,CUS_00714,        ,4300.0,4300.0,202101.0,,4300.0,0.0,4300.0,1150.0,                                                            ,,,,,        ,,
1100108GF0000001,2021-01-08 00:00:00,GF ,CUS_00076,        ,5000.0,5000.0,202101.0,,5000.0,0.0,5000.0,2182.0,[已隱蔽],,,,,        ,,
1100108GF0000002,2021-01-08 00:00:00,GF ,CUS_00731,        ,11250.0,11250.0,202101.0,,11250.0,0.0,11250.0,4294.0,                                                            ,,,,,        ,,
1100109GF0000001,2021-01-09 00:00:00,GF ,CUS_00365,        ,5050.0,5050.0,202101.0,,5050.0,0.0,5050.0,1710.0,                                                            ,,,,,        ,,
1100109GF0000002,2021-01-09 00:00:00,GF ,CUS_00194,        ,4000.0,4000.0,202101.0,,4000.0,0.0,4000.0,2900.0,                                                            ,,,,,        ,,
1100109GF0000003,2021-01-09 00:00:00,GF ,CUS_00693,        ,700.0,700.0,202101.0,,700.0,0.0,700.0,320.0,                                                            ,,,,,        ,,
1100111GF0000001,2021-01-11 00:00:00,GF ,CUS_00663,        ,2300.0,2300.0,202101.0,,2300.0,0.0,2300.0,800.0,[已隱蔽],,,,,        ,,
1100111GF0000002,2021-01-11 00:00:00,GF ,CUS_00143,        ,2575.0,2575.0,202101.0,,2575.0,0.0,2575.0,900.0,                                                            ,,,,,        ,,
1100111GF0000003,2021-01-11 00:00:00,GF ,CUS_00076,        ,4200.0,4200.0,202101.0,,4200.0,0.0,4200.0,2900.0,[已隱蔽],,,,,        ,,
1100112GF0000001,2021-01-12 00:00:00,GF ,CUS_00694,        ,2000.0,2000.0,202101.0,,2000.0,0.0,2000.0,350.0,                                                            ,,,,,        ,,
1100113GF0000001,2021-01-13 00:00:00,GF ,CUS_00020,        ,4000.0,4000.0,202101.0,,4000.0,0.0,4000.0,1091.0,                                                            ,,,,,        ,,
1100113GF0000002,2021-01-13 00:00:00,GF ,CUS_00424,        ,6000.0,6000.0,202101.0,,6000.0,0.0,6000.0,2130.0,                                                            ,,,,,        ,,
1100113GF0000003,2021-01-13 00:00:00,GF ,CUS_00158,        ,2350.0,2350.0,202101.0,,2350.0,0.0,2350.0,880.0,                                                            ,,,,,        ,,
1100114GF0000001,2021-01-14 00:00:00,GF ,CUS_00706,        ,2550.0,2550.0,202101.0,,2550.0,0.0,2550.0,750.0,                                                            ,,,,,        ,,
1100114GF0000002,2021-01-14 00:00:00,GF ,CUS_00678,        ,3000.0,3000.0,202101.0,,3000.0,0.0,3000.0,1950.0,[已隱蔽],,,,,        ,,
1100114GF0000003,2021-01-14 00:00:00,GF ,CUS_00550,        ,5350.0,5350.0,202101.0,,5350.0,0.0,5350.0,2165.0,                                                            ,,,,,        ,,
1100115GF0000001,2021-01-15 00:00:00,GF ,CUS_00337,        ,7350.0,7350.0,202101.0,,7350.0,0.0,7350.0,5200.0,                                                            ,,,,,        ,,
1100122GF0000001,2021-01-22 00:00:00,GF ,CUS_00533,        ,3400.0,3400.0,202101.0,,3400.0,0.0,3400.0,2100.0,                                                            ,,,,,        ,,
1100123GF0000001,2021-01-23 00:00:00,GF ,CUS_00076,        ,5000.0,5000.0,202101.0,,5000.0,0.0,5000.0,2600.0,[已隱蔽],,,,,        ,,
1100123GF0000002,2021-01-23 00:00:00,GF ,CUS_00674,        ,27000.0,27000.0,202101.0,,27000.0,0.0,27000.0,14580.0,                                                            ,,,,,        ,,
1100123GF0000003,2021-01-23 00:00:00,GF ,CUS_00239,        ,9300.0,9300.0,202101.0,,9300.0,0.0,9300.0,3650.0,                                                            ,,,,,        ,,
1100125GF0000001,2021-01-25 00:00:00,GF ,CUS_00011,        ,4250.0,4250.0,202101.0,,4250.0,0.0,4250.0,2930.0,                                                            ,,,,,        ,,
1100125GF0000002,2021-01-25 00:00:00,GF ,CUS_00598,        ,300.0,300.0,202101.0,,300.0,0.0,300.0,120.0,                                                            ,,,,,        ,,
1100125GF0000003,2021-01-25 00:00:00,GF ,CUS_00682,01      ,1500.0,1500.0,202101.0,,1500.0,0.0,1500.0,1000.0,[已隱蔽],,,,,01      ,,
1100105GF0000004,2021-01-05 00:00:00,GF ,CUS_00076,        ,2500.0,2500.0,202101.0,,2500.0,0.0,2500.0,1091.0,[已隱蔽],,,,,        ,,
1100115GF0000002,2021-01-15 00:00:00,GF ,CUS_00682,01      ,200.0,200.0,202101.0,,200.0,0.0,200.0,82.0,[已隱蔽],,,,,01      ,,
1100116GF0000001,2021-01-16 00:00:00,GF ,CUS_00555,        ,1500.0,1500.0,202101.0,,1500.0,0.0,1500.0,300.0,[已隱蔽],,,,,        ,,
1100117GF0000001,2021-01-17 00:00:00,GF ,CUS_00624,        ,3700.0,3700.0,202101.0,,3700.0,0.0,3700.0,2600.0,                                                            ,,,,,        ,,
1100116GF0000002,2021-01-16 00:00:00,GF ,CUS_00685,        ,3300.0,3300.0,202101.0,,3300.0,0.0,3300.0,720.0,                                                            ,,,,,        ,,
1100118GF0000001,2021-01-18 00:00:00,GF ,CUS_00682,01      ,450.0,450.0,202101.0,,450.0,0.0,450.0,210.0,[已隱蔽],,,,,01      ,,
1100119GF0000001,2021-01-19 00:00:00,GF ,CUS_00694,        ,2000.0,2000.0,202101.0,,2000.0,0.0,2000.0,345.0,                                                            ,,,,,        ,,
1100119GF0000002,2021-01-19 00:00:00,GF ,CUS_00066,        ,4350.0,4350.0,202101.0,,4350.0,0.0,4350.0,1290.0,                                                            ,,,,,        ,,
1100121GF0000001,2021-01-21 00:00:00,GF ,CUS_00656,        ,1250.0,1250.0,202101.0,,1250.0,0.0,1250.0,580.0,                                                            ,,,,,        ,,
1100204GF0000001,2021-02-04 00:00:00,GF ,CUS_00283,        ,4400.0,4400.0,202102.0,,4400.0,0.0,4400.0,1440.0,                                                            ,,,,,        ,,
1100204GF0000002,2021-02-04 00:00:00,GF ,CUS_00694,        ,2000.0,2000.0,202102.0,,2000.0,0.0,2000.0,180.0,                                                            ,,,,,        ,,
1100205GF0000001,2021-02-05 00:00:00,GF ,CUS_00630,        ,2500.0,2500.0,202102.0,,2500.0,0.0,2500.0,1300.0,[已隱蔽],,,,,        ,,
1100205GF0000002,2021-02-05 00:00:00,GF ,CUS_00598,        ,250.0,250.0,202102.0,,250.0,0.0,250.0,70.0,                                                            ,,,,,        ,,
1100205GF0000003,2021-02-05 00:00:00,GF ,CUS_00427,        ,2900.0,2900.0,202102.0,,2900.0,0.0,2900.0,1320.0,                                                            ,,,,,        ,,
1100205GF0000004,2021-02-05 00:00:00,GF ,CUS_00656,        ,750.0,750.0,202102.0,,750.0,0.0,750.0,380.0,                                                            ,,,,,        ,,
1100206GF0000001,2021-02-06 00:00:00,GF ,CUS_00233,        ,2500.0,2500.0,202102.0,,2500.0,0.0,2500.0,800.0,                                                            ,,,,,        ,,
1100206GF0000002,2021-02-06 00:00:00,GF ,CUS_00230,        ,4850.0,4850.0,202102.0,,4850.0,0.0,4850.0,2280.0,                                                            ,,,,,        ,,
1100126GF0000001,2021-01-26 00:00:00,GF ,CUS_00076,        ,5000.0,5000.0,202102.0,,5000.0,0.0,5000.0,2600.0,[已隱蔽],,,,,        ,,
1100126GF0000002,2021-01-26 00:00:00,GF ,CUS_00682,01      ,1000.0,1000.0,202102.0,,1000.0,0.0,1000.0,450.0,[已隱蔽],,,,,01      ,,
1100126GF0000003,2021-01-26 00:00:00,GF ,CUS_00076,        ,400.0,400.0,202102.0,,400.0,0.0,400.0,230.0,[已隱蔽],,,,,        ,,
1100126GF0000004,2021-01-26 00:00:00,GF ,CUS_00588,        ,1100.0,1100.0,202102.0,,1100.0,0.0,1100.0,730.0,[已隱蔽],,,,,        ,,
1100127GF0000001,2021-01-27 00:00:00,GF ,CUS_00342,        ,2500.0,2500.0,202101.0,,2500.0,0.0,2500.0,1200.0,                                                            ,,,,,        ,,
1100127GF0000002,2021-01-27 00:00:00,GF ,CUS_00031,        ,2000.0,2000.0,202101.0,,2000.0,0.0,2000.0,380.0,                                                            ,,,,,        ,,
1100128GF0000001,2021-01-28 00:00:00,GF ,CUS_00354,        ,1800.0,1800.0,202101.0,,1800.0,0.0,1800.0,495.0,                                                            ,,,,,        ,,
1100129GF0000001,2021-01-29 00:00:00,GF ,CUS_00021,        ,6150.0,6150.0,202101.0,,6150.0,0.0,6150.0,2470.0,                                                            ,,,,,        ,,
1100129GF0000002,2021-01-29 00:00:00,GF ,CUS_00682,01      ,750.0,750.0,202102.0,,750.0,0.0,750.0,380.0,[已隱蔽],,,,,01      ,,
1100129GF0000003,2021-01-29 00:00:00,GF ,CUS_00265,        ,1350.0,1350.0,202101.0,,1350.0,0.0,1350.0,1185.0,                                                            ,,,,,        ,,
1100202GF0000001,2021-02-02 00:00:00,GF ,CUS_00618,        ,1850.0,1850.0,202102.0,,1850.0,0.0,1850.0,850.0,[已隱蔽],,,,,        ,,
1100202GF0000002,2021-02-02 00:00:00,GF ,CUS_00694,        ,6500.0,6500.0,202102.0,,6500.0,0.0,6500.0,1405.0,                                                            ,,,,,        ,,
1100202GF0000003,2021-02-02 00:00:00,GF ,CUS_00682,01      ,1000.0,1000.0,202102.0,,1000.0,0.0,1000.0,600.0,[已隱蔽],,,,,01      ,,
1100203GF0000001,2021-02-03 00:00:00,GF ,CUS_00653,        ,1000.0,1000.0,202102.0,,1000.0,0.0,1000.0,600.0,[已隱蔽],,,,,        ,,
1100203GF0000002,2021-02-03 00:00:00,GF ,CUS_00614,        ,6900.0,6900.0,202102.0,,6900.0,0.0,6900.0,1903.0,                                                            ,,,,,        ,,
1100203GF0000003,2021-02-03 00:00:00,GF ,CUS_00682,01      ,300.0,300.0,202102.0,,300.0,0.0,300.0,200.0,[已隱蔽],,,,,01      ,,
1100206GF0000003,2021-02-06 00:00:00,GF ,CUS_00682,01      ,1000.0,1000.0,202102.0,,1000.0,0.0,1000.0,435.0,[已隱蔽],,,,,01      ,,
1100208GF0000001,2021-02-08 00:00:00,GF ,CUS_00102,        ,3400.0,3400.0,202102.0,,3400.0,0.0,3400.0,1400.0,                                                            ,,,,,        ,,
1100208GF0000002,2021-02-08 00:00:00,GF ,CUS_00333,        ,12000.0,12000.0,202102.0,,12000.0,0.0,12000.0,7450.0,                                                            ,,,,,        ,,
1100209GF0000001,2021-02-09 00:00:00,GF ,CUS_00434,        ,2000.0,2000.0,202102.0,,2000.0,0.0,2000.0,780.0,                                                            ,,,,,        ,,
1100209GF0000002,2021-02-09 00:00:00,GF ,CUS_00319,        ,12500.0,12500.0,202102.0,,12500.0,0.0,12500.0,11500.0,                                                            ,,,,,        ,,
1100209GF0000003,2021-02-09 00:00:00,GF ,CUS_00132,        ,4600.0,4600.0,202102.0,,4600.0,0.0,4600.0,1793.0,                                                            ,,,,,        ,,
1100210GF0000001,2021-02-10 00:00:00,GF ,CUS_00694,        ,5300.0,5300.0,202102.0,,5300.0,0.0,5300.0,2790.0,                                                            ,,,,,        ,,
1100210GF0000002,2021-02-10 00:00:00,GF ,CUS_00104,        ,1999.0,1999.0,202102.0,,1999.0,0.0,1999.0,1100.0,                                                            ,,,,,        ,,
1100217GF0000001,2021-02-17 00:00:00,GF ,CUS_00118,        ,3850.0,3850.0,202102.0,,3850.0,0.0,3850.0,1260.0,                                                            ,,,,,        ,,
1100218GF0000001,2021-02-18 00:00:00,GF ,CUS_00694,        ,2000.0,2000.0,202102.0,,2000.0,0.0,2000.0,275.0,                                                            ,,,,,        ,,
1100218GF0000002,2021-02-18 00:00:00,GF ,CUS_00084,        ,3500.0,3500.0,202102.0,,3500.0,0.0,3500.0,1200.0,[已隱蔽],,,,,        ,,
1100218GF0000003,2021-02-18 00:00:00,GF ,CUS_00055,        ,10500.0,10500.0,202102.0,,10500.0,0.0,10500.0,6900.0,                                                            ,,,,,        ,,
1100224GF0000001,2021-02-24 00:00:00,GF ,CUS_00074,        ,600.0,600.0,202102.0,,600.0,0.0,600.0,340.0,[已隱蔽],,,,,        ,,
1100224GF0000002,2021-02-24 00:00:00,GF ,CUS_00694,        ,16975.0,16975.0,202102.0,,16975.0,0.0,16975.0,5530.0,                                                            ,,,,,        ,,
1100225GF0000001,2021-02-25 00:00:00,GF ,CUS_00682,01      ,450.0,450.0,202102.0,,450.0,0.0,450.0,100.0,[已隱蔽],,,,,01      ,,
1100227GF0000001,2021-02-27 00:00:00,GF ,CUS_00155,        ,3200.0,3200.0,202102.0,,3200.0,0.0,3200.0,1052.4,                                                            ,,,,,        ,,
1100301GF0000001,2021-03-01 00:00:00,GF ,CUS_00394,        ,700.0,700.0,202103.0,,700.0,0.0,700.0,210.0,                                                            ,,,,,        ,,
1100301GF0000002,2021-03-01 00:00:00,GF ,CUS_00064,        ,9500.0,9500.0,202103.0,,9500.0,0.0,9500.0,5840.0,                                                            ,,,,,        ,,
1100301GF0000003,2021-03-01 00:00:00,GF ,CUS_00561,        ,5500.0,5500.0,202103.0,,5500.0,0.0,5500.0,2230.0,                                                            ,,,,,        ,,
1100304GF0000001,2021-03-04 00:00:00,GF ,CUS_00076,        ,2500.0,2500.0,202103.0,,2500.0,0.0,2500.0,1200.0,[已隱蔽],,,,,        ,,
1100305GF0000001,2021-03-05 00:00:00,GF ,CUS_00703,        ,2500.0,2500.0,202103.0,,2500.0,0.0,2500.0,1500.0,                                                            ,,,,,        ,,
1100305GF0000002,2021-03-05 00:00:00,GF ,CUS_00315,        ,800.0,800.0,202103.0,,800.0,0.0,800.0,170.0,                                                            ,,,,,        ,,
1100305GF0000003,2021-03-05 00:00:00,GF ,CUS_00556,        ,4500.0,4500.0,202103.0,,4500.0,0.0,4500.0,3000.0,                                                            ,,,,,        ,,
1100308GF0000001,2021-03-08 00:00:00,GF ,CUS_00181,        ,21700.0,21700.0,202103.0,,21700.0,0.0,21700.0,13140.0,                                                            ,,,,,        ,,
1100316GF0000001,2021-03-16 00:00:00,GF ,CUS_00694,        ,4900.0,4900.0,202103.0,,4900.0,0.0,4900.0,707.4,                                                            ,,,,,        ,,
1100316GF0000002,2021-03-16 00:00:00,GF ,CUS_00076,        ,2900.0,2900.0,202103.0,,2900.0,0.0,2900.0,1430.0,[已隱蔽],,,,,        ,,
1100318GF0000001,2021-03-18 00:00:00,GF ,CUS_00555,        ,2500.0,2500.0,202103.0,,2500.0,0.0,2500.0,600.0,[已隱蔽],,,,,        ,,
1100319GF0000001,2021-03-19 00:00:00,GF ,CUS_00074,        ,650.0,650.0,202103.0,,650.0,0.0,650.0,300.0,[已隱蔽],,,,,        ,,
1100320GF0000001,2021-03-20 00:00:00,GF ,CUS_00021,        ,2800.0,2800.0,202103.0,,2800.0,0.0,2800.0,2100.0,                                                            ,,,,,        ,,
1100320GF0000002,2021-03-20 00:00:00,GF ,CUS_00630,        ,2500.0,2500.0,202103.0,,2500.0,0.0,2500.0,1200.0,[已隱蔽],,,,,        ,,
1100320GF0000003,2021-03-20 00:00:00,GF ,CUS_00533,        ,750.0,750.0,202103.0,,750.0,0.0,750.0,380.0,                                                            ,,,,,        ,,
1100320GF0000004,2021-03-20 00:00:00,GF ,CUS_00533,        ,2500.0,2500.0,202103.0,,2500.0,0.0,2500.0,1200.0,                                                            ,,,,,        ,,
1100308GF0000002,2021-03-08 00:00:00,GF ,CUS_00618,        ,5000.0,5000.0,202103.0,,5000.0,0.0,5000.0,4000.0,[已隱蔽],,,,,        ,,
1100309GF0000001,2021-03-09 00:00:00,GF ,CUS_00181,        ,2850.0,2850.0,202103.0,,2850.0,0.0,2850.0,1650.0,                                                            ,,,,,        ,,
1100310GF0000001,2021-03-10 00:00:00,GF ,CUS_00694,        ,4350.0,4350.0,202103.0,,4350.0,0.0,4350.0,832.4,                                                            ,,,,,        ,,
1100310GF0000002,2021-03-10 00:00:00,GF ,CUS_00006,        ,5500.0,5500.0,202103.0,,5500.0,0.0,5500.0,880.0,                                                            ,,,,,        ,,
1100312GF0000001,2021-03-12 00:00:00,GF ,CUS_00074,        ,700.0,700.0,202103.0,,700.0,0.0,700.0,380.0,[已隱蔽],,,,,        ,,
1100313GF0000001,2021-03-13 00:00:00,GF ,CUS_00313,        ,7000.0,7000.0,202103.0,,7000.0,0.0,7000.0,3000.0,                                                            ,,,,,        ,,
1100315GF0000001,2021-03-15 00:00:00,GF ,CUS_00556,        ,1200.0,1200.0,202103.0,,1200.0,0.0,1200.0,150.0,                                                            ,,,,,        ,,
1100315GF0000002,2021-03-15 00:00:00,GF ,CUS_00382,        ,2100.0,2100.0,202103.0,,2100.0,0.0,2100.0,821.0,                                                            ,,,,,        ,,
1100612GF0000001,2021-06-12 00:00:00,GF ,CUS_00137,        ,250.0,250.0,202106.0,,250.0,0.0,250.0,110.0,                                                            ,,,,,        ,,
1100612GF0000002,2021-06-12 00:00:00,GF ,CUS_00691,        ,5700.0,5700.0,202106.0,,5700.0,0.0,5700.0,4170.0,                                                            ,,,,,        ,,
1100614GF0000001,2021-06-14 00:00:00,GF ,CUS_00694,        ,1500.0,1500.0,202106.0,,1500.0,0.0,1500.0,290.0,                                                            ,,,,,        ,,
1100615GF0000001,2021-06-15 00:00:00,GF ,CUS_00723,        ,3450.0,3450.0,202106.0,,3450.0,0.0,3450.0,698.0,                                                            ,,,,,        ,,
1100617GF0000001,2021-06-17 00:00:00,GF ,CUS_00630,        ,300.0,300.0,202106.0,,300.0,0.0,300.0,150.0,[已隱蔽],,,,,        ,,
1100619GF0000001,2021-06-19 00:00:00,GF ,CUS_00730,        ,4900.0,4900.0,202106.0,,4900.0,0.0,4900.0,2120.0,                                                            ,,,,,        ,,
1100620GF0000001,2021-06-20 00:00:00,GF ,CUS_00644,        ,3000.0,3000.0,202106.0,,3000.0,0.0,3000.0,2600.0,                                                            ,,,,,        ,,
1100621GF0000001,2021-06-21 00:00:00,GF ,CUS_00646,        ,2600.0,2600.0,202106.0,,2600.0,0.0,2600.0,710.0,                                                            ,,,,,        ,,
1100320GF0000005,2021-03-20 00:00:00,GF ,CUS_00239,        ,4000.0,4000.0,202103.0,,4000.0,0.0,4000.0,1598.0,                                                            ,,,,,        ,,
1100322GF0000001,2021-03-22 00:00:00,GF ,CUS_00149,        ,4000.0,4000.0,202103.0,,4000.0,0.0,4000.0,1314.0,                                                            ,,,,,        ,,
1100322GF0000002,2021-03-22 00:00:00,GF ,CUS_00576,        ,7150.0,7150.0,202103.0,,7150.0,0.0,7150.0,2190.0,                                                            ,,,,,        ,,
1100323GF0000001,2021-03-23 00:00:00,GF ,CUS_00666,        ,16999.0,16999.0,202103.0,,16999.0,0.0,16999.0,10870.0,[已隱蔽],,,,,        ,,
1100323GF0000002,2021-03-23 00:00:00,GF ,CUS_00694,        ,800.0,800.0,202103.0,,800.0,0.0,800.0,50.0,                                                            ,,,,,        ,,
1100324GF0000001,2021-03-24 00:00:00,GF ,CUS_00021,        ,3200.0,3200.0,202103.0,,3200.0,0.0,3200.0,820.0,                                                            ,,,,,        ,,
1100325GF0000001,2021-03-25 00:00:00,GF ,CUS_00694,        ,800.0,800.0,202103.0,,800.0,0.0,800.0,30.0,                                                            ,,,,,        ,,
1100327GF0000001,2021-03-27 00:00:00,GF ,CUS_00197,        ,2900.0,2900.0,202103.0,,2900.0,0.0,2900.0,920.0,                                                            ,,,,,        ,,
1100331GF0000001,2021-03-31 00:00:00,GF ,CUS_00694,        ,18300.0,18300.0,202103.0,,18300.0,0.0,18300.0,6830.0,                                                            ,,,,,        ,,
1100401GF0000001,2021-04-01 00:00:00,GF ,CUS_00352,        ,500.0,500.0,202104.0,,500.0,0.0,500.0,300.0,                                                            ,,,,,        ,,
1100401GF0000002,2021-04-01 00:00:00,GF ,CUS_00656,        ,750.0,750.0,202104.0,,750.0,0.0,750.0,380.0,                                                            ,,,,,        ,,
1100401GF0000003,2021-04-01 00:00:00,GF ,CUS_00326,        ,10800.0,10800.0,202104.0,,10800.0,0.0,10800.0,6800.0,                                                            ,,,,,        ,,
1100406GF0000001,2021-04-06 00:00:00,GF ,CUS_00694,        ,3000.0,3000.0,202104.0,,3000.0,0.0,3000.0,240.0,                                                            ,,,,,        ,,
1100408GF0000001,2021-04-08 00:00:00,GF ,CUS_00630,        ,1500.0,1500.0,202104.0,,1500.0,0.0,1500.0,400.0,[已隱蔽],,,,,        ,,
1100407GF0000001,2021-04-07 00:00:00,GF ,CUS_00555,        ,1500.0,1500.0,202104.0,,1500.0,0.0,1500.0,500.0,[已隱蔽],,,,,        ,,
1100412GF0000001,2021-04-12 00:00:00,GF ,CUS_00694,        ,3000.0,3000.0,202104.0,,3000.0,0.0,3000.0,568.0,                                                            ,,,,,        ,,
1100408GF0000002,2021-04-08 00:00:00,GF ,CUS_00565,        ,3500.0,3500.0,202104.0,,3500.0,0.0,3500.0,1570.0,                                                            ,,,,,        ,,
1100413GF0000001,2021-04-13 00:00:00,GF ,CUS_00333,        ,1200.0,1200.0,202104.0,,1200.0,0.0,1200.0,280.0,                                                            ,,,,,        ,,
1100414GF0000001,2021-04-14 00:00:00,GF ,CUS_00598,        ,2500.0,2500.0,202104.0,,2500.0,0.0,2500.0,1200.0,                                                            ,,,,,        ,,
1100414GF0000002,2021-04-14 00:00:00,GF ,CUS_00682,01      ,120.0,120.0,202104.0,,120.0,0.0,120.0,65.0,[已隱蔽],,,,,01      ,,
1100415GF0000001,2021-04-15 00:00:00,GF ,CUS_00117,        ,6000.0,6000.0,202104.0,,6000.0,0.0,6000.0,2260.0,                                                            ,,,,,        ,,
1100415GF0000002,2021-04-15 00:00:00,GF ,CUS_00670,        ,10000.0,10000.0,202104.0,,10000.0,0.0,10000.0,6850.0,                                                            ,,,,,        ,,
1100416GF0000001,2021-04-16 00:00:00,GF ,CUS_00076,        ,2500.0,2500.0,202104.0,,2500.0,0.0,2500.0,1200.0,[已隱蔽],,,,,        ,,
1100417GF0000001,2021-04-17 00:00:00,GF ,CUS_00125,        ,2300.0,2300.0,202104.0,,2300.0,0.0,2300.0,760.0,                                                            ,,,,,        ,,
1100419GF0000001,2021-04-19 00:00:00,GF ,CUS_00694,        ,2000.0,2000.0,202104.0,,2000.0,0.0,2000.0,108.0,                                                            ,,,,,        ,,
1100419GF0000002,2021-04-19 00:00:00,GF ,CUS_00618,        ,1500.0,1500.0,202104.0,,1500.0,0.0,1500.0,600.0,[已隱蔽],,,,,        ,,
1100421GF0000001,2021-04-21 00:00:00,GF ,CUS_00076,        ,2500.0,2500.0,202104.0,,2500.0,0.0,2500.0,1200.0,[已隱蔽],,,,,        ,,
1100421GF0000002,2021-04-21 00:00:00,GF ,CUS_00694,        ,2000.0,2000.0,202104.0,,2000.0,0.0,2000.0,300.0,                                                            ,,,,,        ,,
1100423GF0000001,2021-04-23 00:00:00,GF ,CUS_00476,        ,11000.0,11000.0,202104.0,,11000.0,0.0,11000.0,7810.0,                                                            ,,,,,        ,,
1100422GF0000001,2021-04-22 00:00:00,GF ,CUS_00682,01      ,650.0,650.0,202104.0,,650.0,0.0,650.0,400.0,[已隱蔽],,,,,01      ,,
1100422GF0000002,2021-04-22 00:00:00,GF ,CUS_00630,        ,2500.0,2500.0,202104.0,,2500.0,0.0,2500.0,1200.0,[已隱蔽],,,,,        ,,
1100428GF0000001,2021-04-28 00:00:00,GF ,CUS_00576,        ,2500.0,2500.0,202104.0,,2500.0,0.0,2500.0,1242.0,                                                            ,,,,,        ,,
1100428GF0000002,2021-04-28 00:00:00,GF ,CUS_00066,        ,7000.0,7000.0,202104.0,,7000.0,0.0,7000.0,4500.0,                                                            ,,,,,        ,,
1100427GF0000001,2021-04-27 00:00:00,GF ,CUS_00624,        ,1800.0,1800.0,202104.0,,1800.0,0.0,1800.0,800.0,                                                            ,,,,,        ,,
1100429GF0000001,2021-04-29 00:00:00,GF ,CUS_00704,        ,1000.0,1000.0,202104.0,,1000.0,0.0,1000.0,600.0,                                                            ,,,,,        ,,
1100429GF0000002,2021-04-29 00:00:00,GF ,CUS_00045,        ,2300.0,2300.0,202104.0,,2300.0,0.0,2300.0,510.0,                                                            ,,,,,        ,,
1100429GF0000003,2021-04-29 00:00:00,GF ,CUS_00097,        ,7000.0,7000.0,202104.0,,7000.0,0.0,7000.0,2700.0,                                                            ,,,,,        ,,
1100503GF0000001,2021-05-03 00:00:00,GF ,CUS_00192,        ,11600.0,11600.0,202105.0,,11600.0,0.0,11600.0,6815.0,                                                            ,,,,,        ,,
1100503GF0000002,2021-05-03 00:00:00,GF ,CUS_00694,        ,700.0,700.0,202105.0,,700.0,0.0,700.0,30.0,                                                            ,,,,,        ,,
1100430GF0000001,2021-04-30 00:00:00,GF ,CUS_00076,        ,4400.0,4400.0,202105.0,,4400.0,0.0,4400.0,2908.0,[已隱蔽],,,,,        ,,
1100505GF0000001,2021-05-05 00:00:00,GF ,CUS_00694,        ,3000.0,3000.0,202105.0,,3000.0,0.0,3000.0,1000.0,                                                            ,,,,,        ,,
1100510GF0000001,2021-05-10 00:00:00,GF ,CUS_00630,        ,1500.0,1500.0,202105.0,,1500.0,0.0,1500.0,500.0,[已隱蔽],,,,,        ,,
1100510GF0000002,2021-05-10 00:00:00,GF ,CUS_00260,        ,2000.0,2000.0,202105.0,,2000.0,0.0,2000.0,1100.0,                                                            ,,,,,        ,,
1100512GF0000001,2021-05-12 00:00:00,GF ,CUS_00452,        ,3300.0,3300.0,202105.0,,3300.0,0.0,3300.0,1100.0,                                                            ,,,,,        ,,
1100512GF0000002,2021-05-12 00:00:00,GF ,CUS_00420,        ,2350.0,2350.0,202105.0,,2350.0,0.0,2350.0,800.0,                                                            ,,,,,        ,,
1100513GF0000001,2021-05-13 00:00:00,GF ,CUS_00021,        ,3000.0,3000.0,202105.0,,3000.0,0.0,3000.0,1000.0,                                                            ,,,,,        ,,
1100511GF0000001,2021-05-11 00:00:00,GF ,CUS_00682,01      ,1000.0,1000.0,202105.0,,1000.0,0.0,1000.0,450.0,[已隱蔽],,,,,01      ,,
1100513GF0000002,2021-05-13 00:00:00,GF ,CUS_00682,01      ,750.0,750.0,202105.0,,750.0,0.0,750.0,500.0,[已隱蔽],,,,,01      ,,
1100515GF0000001,2021-05-15 00:00:00,GF ,CUS_00197,        ,6400.0,6400.0,202105.0,,6400.0,0.0,6400.0,2240.0,                                                            ,,,,,        ,,
1100518GF0000001,2021-05-18 00:00:00,GF ,CUS_00694,        ,3200.0,3200.0,202105.0,,3200.0,0.0,3200.0,450.0,                                                            ,,,,,        ,,
1100518GF0000002,2021-05-18 00:00:00,GF ,CUS_00556,        ,3000.0,3000.0,202105.0,,3000.0,0.0,3000.0,650.0,                                                            ,,,,,        ,,
1100519GF0000001,2021-05-19 00:00:00,GF ,CUS_00533,        ,400.0,400.0,202105.0,,400.0,0.0,400.0,120.0,                                                            ,,,,,        ,,
1100520GF0000001,2021-05-20 00:00:00,GF ,CUS_00076,        ,750.0,750.0,202105.0,,750.0,0.0,750.0,380.0,[已隱蔽],,,,,        ,,
1100521GF0000001,2021-05-21 00:00:00,GF ,CUS_00212,        ,1000.0,1000.0,202105.0,,1000.0,0.0,1000.0,500.0,                                                            ,,,,,        ,,
1100521GF0000002,2021-05-21 00:00:00,GF ,CUS_00076,        ,2000.0,2000.0,202105.0,,2000.0,0.0,2000.0,1080.0,[已隱蔽],,,,,        ,,
1100521GF0000003,2021-05-21 00:00:00,GF ,CUS_00533,        ,1000.0,1000.0,202105.0,,1000.0,0.0,1000.0,600.0,                                                            ,,,,,        ,,
1100521GF0000004,2021-05-21 00:00:00,GF ,CUS_00132,        ,1800.0,1800.0,202105.0,,1800.0,0.0,1800.0,400.0,                                                            ,,,,,        ,,
1100522GF0000001,2021-05-22 00:00:00,GF ,CUS_00076,        ,2500.0,2500.0,202105.0,,2500.0,0.0,2500.0,1200.0,[已隱蔽],,,,,        ,,
1100524GF0000001,2021-05-24 00:00:00,GF ,CUS_00698,        ,2000.0,2000.0,202105.0,,2000.0,0.0,2000.0,400.0,                                                            ,,,,,        ,,
1100524GF0000002,2021-05-24 00:00:00,GF ,CUS_00453,        ,9150.0,9150.0,202105.0,,9150.0,0.0,9150.0,4175.0,                                                            ,,,,,        ,,
1100525GF0000001,2021-05-25 00:00:00,GF ,CUS_00171,        ,3500.0,3500.0,202105.0,,3500.0,0.0,3500.0,1190.0,                                                            ,,,,,        ,,
1100527GF0000001,2021-05-27 00:00:00,GF ,CUS_00705,        ,1500.0,1500.0,202105.0,,1500.0,0.0,1500.0,1200.0,                                                            ,,,,,        ,,
1100527GF0000002,2021-05-27 00:00:00,GF ,CUS_00598,        ,200.0,200.0,202106.0,,200.0,0.0,200.0,80.0,                                                            ,,,,,        ,,
1100528GF0000001,2021-05-28 00:00:00,GF ,CUS_00076,        ,700.0,700.0,202106.0,,700.0,0.0,700.0,280.0,[已隱蔽],,,,,        ,,
1100628GF0000002,2021-06-28 00:00:00,GF ,CUS_00682,01      ,1000.0,1000.0,202107.0,,1000.0,0.0,1000.0,600.0,[已隱蔽],,,,,01      ,,
1100630GF0000001,2021-06-30 00:00:00,GF ,CUS_00682,01      ,200.0,200.0,202107.0,,200.0,0.0,200.0,100.0,[已隱蔽],,,,,01      ,,
1100630GF0000002,2021-06-30 00:00:00,GF ,CUS_00638,        ,2500.0,2500.0,202106.0,,2500.0,0.0,2500.0,1800.0,                                                            ,,,,,        ,,
1100701GF0000001,2021-07-01 00:00:00,GF ,CUS_00694,        ,2000.0,2000.0,202107.0,,2000.0,0.0,2000.0,680.0,                                                            ,,,,,        ,,
1100701GF0000002,2021-07-01 00:00:00,GF ,CUS_00730,        ,1300.0,1300.0,202107.0,,1300.0,0.0,1300.0,263.5,                                                            ,,,,,        ,,
1100702GF0000001,2021-07-02 00:00:00,GF ,CUS_00704,        ,350.0,350.0,202107.0,,350.0,0.0,350.0,170.0,[已隱蔽],,,,,        ,,
1100702GF0000002,2021-07-02 00:00:00,GF ,CUS_00615,        ,8500.0,8500.0,202107.0,,8500.0,0.0,8500.0,1813.0,                                                            ,,,,,        ,,
1100702GF0000003,2021-07-02 00:00:00,GF ,CUS_00058,        ,5900.0,5900.0,202107.0,,5900.0,0.0,5900.0,2082.0,                                                            ,,,,,        ,,
1100730GF0000002,2021-07-30 00:00:00,GF ,CUS_00558,        ,2000.0,2000.0,202107.0,,2000.0,0.0,2000.0,700.0,                                                            ,,,,,        ,,
1100731GF0000001,2021-07-31 00:00:00,GF ,CUS_00657,        ,5000.0,5000.0,202107.0,,5000.0,0.0,5000.0,2400.0,                                                            ,,,,,        ,,
1100731GF0000002,2021-07-31 00:00:00,GF ,CUS_00561,        ,1500.0,1500.0,202107.0,,1500.0,0.0,1500.0,0.0,                                                            ,,,,,        ,,
1100731GF0000003,2021-07-31 00:00:00,GF ,CUS_00197,        ,1850.0,1850.0,202107.0,,1850.0,0.0,1850.0,580.0,                                                            ,,,,,        ,,
1100802GF0000001,2021-08-02 00:00:00,GF ,CUS_00694,        ,800.0,800.0,202108.0,,800.0,0.0,800.0,155.0,                                                            ,,,,,        ,,
1100803GF0000001,2021-08-03 00:00:00,GF ,CUS_00718,        ,2700.0,2700.0,202108.0,,2700.0,0.0,2700.0,2200.0,                                                            ,,,,,        ,,
1100803GF0000002,2021-08-03 00:00:00,GF ,CUS_00231,        ,4000.0,4000.0,202108.0,,4000.0,0.0,4000.0,1080.0,                                                            ,,,,,        ,,
1100805GF0000001,2021-08-05 00:00:00,GF ,CUS_00431,        ,2000.0,2000.0,202108.0,,2000.0,0.0,2000.0,920.0,                                                            ,,,,,        ,,
1110503GF0000003,2022-05-03 00:00:00,GF ,CUS_00615,        ,3000.0,3000.0,202205.0,,3000.0,0.0,3000.0,900.0,                                                            ,,,,,        ,,
1110503GF0000004,2022-05-03 00:00:00,GF ,CUS_00389,        ,1000.0,1000.0,202205.0,,1000.0,0.0,1000.0,0.0,                                                            ,,,,,        ,,
1110504GF0000001,2022-05-04 00:00:00,GF ,CUS_00087,        ,6400.0,6400.0,202205.0,,6400.0,0.0,6400.0,2105.0,                                                            ,,,,,        ,,
1110504GF0000002,2022-05-04 00:00:00,GF ,CUS_00598,        ,1600.0,1600.0,202205.0,,1600.0,0.0,1600.0,1040.0,                                                            ,,,,,        ,,
1110505GF0000001,2022-05-05 00:00:00,GF ,CUS_00436,        ,10000.0,10000.0,202205.0,,10000.0,0.0,10000.0,4500.0,                                                            ,,,,,        ,,
1110505GF0000002,2022-05-05 00:00:00,GF ,CUS_00367,        ,200.0,200.0,202205.0,,200.0,0.0,200.0,100.0,                                                            ,,,,,        ,,
1110506GF0000001,2022-05-06 00:00:00,GF ,CUS_00694,        ,700.0,700.0,202205.0,,700.0,0.0,700.0,260.0,                                                            ,,,,,        ,,
1110506GF0000002,2022-05-06 00:00:00,GF ,CUS_00656,        ,750.0,750.0,202205.0,,750.0,0.0,750.0,380.0,                                                            ,,,,,        ,,
1100529GF0000001,2021-05-29 00:00:00,GF ,CUS_00677,        ,4300.0,4300.0,202105.0,,4300.0,0.0,4300.0,2240.0,                                                            ,,,,,        ,,
1100531GF0000001,2021-05-31 00:00:00,GF ,CUS_00086,        ,14000.0,14000.0,202105.0,,14000.0,0.0,14000.0,5125.0,                                                            ,,,,,        ,,
1100531GF0000002,2021-05-31 00:00:00,GF ,CUS_00074,        ,450.0,450.0,202105.0,,450.0,0.0,450.0,260.0,[已隱蔽],,,,,        ,,
1100601GF0000001,2021-06-01 00:00:00,GF ,CUS_00705,        ,900.0,900.0,202106.0,,900.0,0.0,900.0,280.0,                                                            ,,,,,        ,,
1100601GF0000002,2021-06-01 00:00:00,GF ,CUS_00561,        ,16000.0,16000.0,202106.0,,16000.0,0.0,16000.0,9850.0,                                                            ,,,,,        ,,
1100603GF0000001,2021-06-03 00:00:00,GF ,CUS_00694,        ,1200.0,1200.0,202106.0,,1200.0,0.0,1200.0,120.0,                                                            ,,,,,        ,,
1100603GF0000002,2021-06-03 00:00:00,GF ,CUS_00533,        ,300.0,300.0,202106.0,,300.0,0.0,300.0,75.0,                                                            ,,,,,        ,,
1100513GF0000003,2021-05-13 00:00:00,GF ,CUS_00137,        ,1700.0,1700.0,202105.0,,1700.0,0.0,1700.0,950.0,                                                            ,,,,,        ,,
1100607GF0000001,2021-06-07 00:00:00,GF ,CUS_00730,        ,4300.0,4300.0,202106.0,,4300.0,0.0,4300.0,1178.0,                                                            ,,,,,        ,,
1100607GF0000002,2021-06-07 00:00:00,GF ,CUS_00682,01      ,360.0,360.0,202106.0,,360.0,0.0,360.0,150.0,[已隱蔽],,,,,01      ,,
1100608GF0000001,2021-06-08 00:00:00,GF ,CUS_00598,        ,80.0,80.0,202106.0,,80.0,0.0,80.0,18.0,                                                            ,,,,,        ,,
1100608GF0000002,2021-06-08 00:00:00,GF ,CUS_00682,01      ,300.0,300.0,202106.0,,300.0,0.0,300.0,200.0,[已隱蔽],,,,,01      ,,
1100609GF0000001,2021-06-09 00:00:00,GF ,CUS_00694,        ,1000.0,1000.0,202106.0,,1000.0,0.0,1000.0,30.0,                                                            ,,,,,        ,,
1100609GF0000002,2021-06-09 00:00:00,GF ,CUS_00730,        ,1200.0,1200.0,202106.0,,1200.0,0.0,1200.0,200.0,                                                            ,,,,,        ,,
1100610GF0000001,2021-06-10 00:00:00,GF ,CUS_00374,        ,3000.0,3000.0,202106.0,,3000.0,0.0,3000.0,1250.0,                                                            ,,,,,        ,,
1100611GF0000001,2021-06-11 00:00:00,GF ,CUS_00712,        ,7000.0,7000.0,202106.0,,7000.0,0.0,7000.0,3500.0,                                                            ,,,,,        ,,
1100621GF0000002,2021-06-21 00:00:00,GF ,CUS_00255,        ,3500.0,3500.0,202106.0,,3500.0,0.0,3500.0,2000.0,                                                            ,,,,,        ,,
1100622GF0000001,2021-06-22 00:00:00,GF ,CUS_00134,        ,950.0,950.0,202106.0,,950.0,0.0,950.0,600.0,                                                            ,,,,,        ,,
1100622GF0000002,2021-06-22 00:00:00,GF ,CUS_00384,        ,2700.0,2700.0,202106.0,,2700.0,0.0,2700.0,650.0,                                                            ,,,,,        ,,
1100623GF0000001,2021-06-23 00:00:00,GF ,CUS_00618,        ,1000.0,1000.0,202106.0,,1000.0,0.0,1000.0,286.6,[已隱蔽],,,,,        ,,
1100623GF0000002,2021-06-23 00:00:00,GF ,CUS_00389,        ,6200.0,6200.0,202106.0,,6200.0,0.0,6200.0,1845.0,                                                            ,,,,,        ,,
1100625GF0000001,2021-06-25 00:00:00,GF ,CUS_00149,        ,2800.0,2800.0,202106.0,,2800.0,0.0,2800.0,980.0,                                                            ,,,,,        ,,
1100626GF0000001,2021-06-26 00:00:00,GF ,CUS_00266,        ,11500.0,11500.0,202106.0,,11500.0,0.0,11500.0,5750.0,                                                            ,,,,,        ,,
1100628GF0000001,2021-06-28 00:00:00,GF ,CUS_00694,        ,3000.0,3000.0,202106.0,,3000.0,0.0,3000.0,800.0,                                                            ,,,,,        ,,
1100702GF0000004,2021-07-02 00:00:00,GF ,CUS_00682,01      ,750.0,750.0,202107.0,,750.0,0.0,750.0,380.0,[已隱蔽],,,,,01      ,,
1100703GF0000001,2021-07-03 00:00:00,GF ,CUS_00076,        ,2500.0,2500.0,202107.0,,2500.0,0.0,2500.0,1200.0,[已隱蔽],,,,,        ,,
1100705GF0000001,2021-07-05 00:00:00,GF ,CUS_00009,        ,3000.0,3000.0,202107.0,,3000.0,0.0,3000.0,2150.0,                                                            ,,,,,        ,,
1100706GF0000001,2021-07-06 00:00:00,GF ,CUS_00694,        ,1400.0,1400.0,202107.0,,1400.0,0.0,1400.0,550.0,                                                            ,,,,,        ,,
1100708GF0000001,2021-07-08 00:00:00,GF ,CUS_00618,        ,2500.0,2500.0,202107.0,,2500.0,0.0,2500.0,2000.0,[已隱蔽],,,,,        ,,
1100709GF0000001,2021-07-09 00:00:00,GF ,CUS_00694,        ,500.0,500.0,202107.0,,500.0,0.0,500.0,100.0,                                                            ,,,,,        ,,
1100710GF0000001,2021-07-10 00:00:00,GF ,CUS_00554,        ,1000.0,1000.0,202107.0,,1000.0,0.0,1000.0,450.0,[已隱蔽],,,,,        ,,
1100710GF0000002,2021-07-10 00:00:00,GF ,CUS_00694,        ,1500.0,1500.0,202107.0,,1500.0,0.0,1500.0,160.0,                                                            ,,,,,        ,,
1100713GF0000001,2021-07-13 00:00:00,GF ,CUS_00694,        ,900.0,900.0,202107.0,,900.0,0.0,900.0,290.0,                                                            ,,,,,        ,,
1100714GF0000001,2021-07-14 00:00:00,GF ,CUS_00488,        ,3500.0,3500.0,202107.0,,3500.0,0.0,3500.0,1500.0,                                                            ,,,,,        ,,
1100715GF0000001,2021-07-15 00:00:00,GF ,CUS_00158,        ,16900.0,16900.0,202107.0,,16900.0,0.0,16900.0,5987.0,                                                            ,,,,,        ,,
1100717GF0000001,2021-07-17 00:00:00,GF ,CUS_00247,        ,3500.0,3500.0,202107.0,,3500.0,0.0,3500.0,2800.0,                                                            ,,,,,        ,,
1100717GF0000002,2021-07-17 00:00:00,GF ,CUS_00346,        ,5500.0,5500.0,202107.0,,5500.0,0.0,5500.0,2140.0,                                                            ,,,,,        ,,
1100719GF0000001,2021-07-19 00:00:00,GF ,CUS_00617,        ,800.0,800.0,202107.0,,800.0,0.0,800.0,400.0,                                                            ,,,,,        ,,
1100722GF0000001,2021-07-22 00:00:00,GF ,CUS_00231,        ,4800.0,4800.0,202107.0,,4800.0,0.0,4800.0,1695.0,                                                            ,,,,,        ,,
1100723GF0000001,2021-07-23 00:00:00,GF ,CUS_00199,        ,9550.0,9550.0,202107.0,,9550.0,0.0,9550.0,3085.0,                                                            ,,,,,        ,,
1100723GF0000002,2021-07-23 00:00:00,GF ,CUS_00630,        ,400.0,400.0,202107.0,,400.0,0.0,400.0,100.0,[已隱蔽],,,,,        ,,
1100724GF0000001,2021-07-24 00:00:00,GF ,CUS_00031,        ,6850.0,6850.0,202107.0,,6850.0,0.0,6850.0,3820.0,                                                            ,,,,,        ,,
1100724GF0000002,2021-07-24 00:00:00,GF ,CUS_00424,        ,2450.0,2450.0,202107.0,,2450.0,0.0,2450.0,1020.0,                                                            ,,,,,        ,,
1100726GF0000001,2021-07-26 00:00:00,GF ,CUS_00694,        ,900.0,900.0,202107.0,,900.0,0.0,900.0,250.0,                                                            ,,,,,        ,,
1100724GF0000003,2021-07-24 00:00:00,GF ,CUS_00694,        ,2500.0,2500.0,202107.0,,2500.0,0.0,2500.0,930.0,                                                            ,,,,,        ,,
1100726GF0000002,2021-07-26 00:00:00,GF ,CUS_00086,        ,2000.0,2000.0,202107.0,,2000.0,0.0,2000.0,1350.0,                                                            ,,,,,        ,,
1100726GF0000003,2021-07-26 00:00:00,GF ,CUS_00333,        ,3600.0,3600.0,202107.0,,3600.0,0.0,3600.0,1450.0,                                                            ,,,,,        ,,
1100730GF0000001,2021-07-30 00:00:00,GF ,CUS_00461,        ,900.0,900.0,202107.0,,900.0,0.0,900.0,400.0,                                                            ,,,,,        ,,
1100806GF0000001,2021-08-06 00:00:00,GF ,CUS_00410,        ,2800.0,2800.0,202108.0,,2800.0,0.0,2800.0,900.0,                                                            ,,,,,        ,,
1100807GF0000001,2021-08-07 00:00:00,GF ,CUS_00636,        ,1700.0,1700.0,202108.0,,1700.0,0.0,1700.0,440.0,                                                            ,,,,,        ,,
1100809GF0000001,2021-08-09 00:00:00,GF ,CUS_00694,        ,2000.0,2000.0,202108.0,,2000.0,0.0,2000.0,498.0,                                                            ,,,,,        ,,
1100810GF0000001,2021-08-10 00:00:00,GF ,CUS_00450,        ,3800.0,3800.0,202108.0,,3800.0,0.0,3800.0,2740.0,                                                            ,,,,,        ,,
1100810GF0000002,2021-08-10 00:00:00,GF ,CUS_00648,        ,2000.0,2000.0,202108.0,,2000.0,0.0,2000.0,1000.0,                                                            ,,,,,        ,,
1100810GF0000003,2021-08-10 00:00:00,GF ,CUS_00271,        ,4300.0,4300.0,202108.0,,4300.0,0.0,4300.0,1465.0,                                                            ,,,,,        ,,
1100811GF0000001,2021-08-11 00:00:00,GF ,CUS_00189,        ,22500.0,22500.0,202108.0,,22500.0,0.0,22500.0,11215.5,                                                            ,,,,,        ,,
1100812GF0000001,2021-08-12 00:00:00,GF ,CUS_00078,        ,3700.0,3700.0,202108.0,,3700.0,0.0,3700.0,2230.0,                                                            ,,,,,        ,,
1100812GF0000002,2021-08-12 00:00:00,GF ,CUS_00647,        ,1500.0,1500.0,202108.0,,1500.0,0.0,1500.0,600.0,                                                            ,,,,,        ,,
1100813GF0000001,2021-08-13 00:00:00,GF ,CUS_00598,        ,3500.0,3500.0,202108.0,,3500.0,0.0,3500.0,1700.0,                                                            ,,,,,        ,,
1100816GF0000001,2021-08-16 00:00:00,GF ,CUS_00694,        ,2000.0,2000.0,202108.0,,2000.0,0.0,2000.0,820.0,                                                            ,,,,,        ,,
1100816GF0000002,2021-08-16 00:00:00,GF ,CUS_00428,        ,2650.0,2650.0,202108.0,,2650.0,0.0,2650.0,1031.3,                                                            ,,,,,        ,,
1100820GF0000001,2021-08-20 00:00:00,GF ,CUS_00050,        ,2000.0,2000.0,202108.0,,2000.0,0.0,2000.0,1000.0,                                                            ,,,,,        ,,
1100821GF0000001,2021-08-21 00:00:00,GF ,CUS_00021,        ,4500.0,4500.0,202108.0,,4500.0,0.0,4500.0,1980.0,                                                            ,,,,,        ,,
1100821GF0000002,2021-08-21 00:00:00,GF ,CUS_00630,        ,2500.0,2500.0,202108.0,,2500.0,0.0,2500.0,1200.0,[已隱蔽],,,,,        ,,
1100821GF0000003,2021-08-21 00:00:00,GF ,CUS_00084,        ,640.0,640.0,202108.0,,640.0,0.0,640.0,235.0,[已隱蔽],,,,,        ,,
1100823GF0000001,2021-08-23 00:00:00,GF ,CUS_00074,        ,200.0,200.0,202108.0,,200.0,0.0,200.0,80.0,[已隱蔽],,,,,        ,,
1100823GF0000002,2021-08-23 00:00:00,GF ,CUS_00723,        ,2800.0,2800.0,202108.0,,2800.0,0.0,2800.0,1180.0,                                                            ,,,,,        ,,
1100825GF0000001,2021-08-25 00:00:00,GF ,CUS_00648,        ,550.0,550.0,202108.0,,550.0,0.0,550.0,350.0,                                                            ,,,,,        ,,
1100826GF0000001,2021-08-26 00:00:00,GF ,CUS_00555,        ,400.0,400.0,202108.0,,400.0,0.0,400.0,163.6,[已隱蔽],,,,,        ,,
1100826GF0000002,2021-08-26 00:00:00,GF ,CUS_00704,        ,250.0,250.0,202108.0,,250.0,0.0,250.0,81.8,[已隱蔽],,,,,        ,,
1100826GF0000003,2021-08-26 00:00:00,GF ,CUS_00694,        ,20000.0,20000.0,202108.0,,20000.0,0.0,20000.0,9055.0,                                                            ,,,,,        ,,
1100826GF0000004,2021-08-26 00:00:00,GF ,CUS_00671,        ,19400.0,19400.0,202108.0,,19400.0,0.0,19400.0,11640.0,                                                            ,,,,,        ,,
1100828GF0000001,2021-08-28 00:00:00,GF ,CUS_00694,        ,500.0,500.0,202108.0,,500.0,0.0,500.0,270.0,                                                            ,,,,,        ,,
1100901GF0000001,2021-09-01 00:00:00,GF ,CUS_00086,        ,1000.0,1000.0,202109.0,,1000.0,0.0,1000.0,163.6,                                                            ,,,,,        ,,
1100903GF0000001,2021-09-03 00:00:00,GF ,CUS_00558,        ,7000.0,7000.0,202109.0,,7000.0,0.0,7000.0,2090.0,                                                            ,,,,,        ,,
1100904GF0000001,2021-09-04 00:00:00,GF ,CUS_00608,        ,1400.0,1400.0,202109.0,,1400.0,0.0,1400.0,500.0,                                                            ,,,,,        ,,
1100903GF0000002,2021-09-03 00:00:00,GF ,CUS_00076,        ,2500.0,2500.0,202109.0,,2500.0,0.0,2500.0,1200.0,[已隱蔽],,,,,        ,,
1100908GF0000001,2021-09-08 00:00:00,GF ,CUS_00432,        ,3730.0,3730.0,202109.0,,3730.0,0.0,3730.0,1205.3,                                                            ,,,,,        ,,
1100908GF0000002,2021-09-08 00:00:00,GF ,CUS_00054,        ,6850.0,6850.0,202109.0,,6850.0,0.0,6850.0,3420.0,                                                            ,,,,,        ,,
1100909GF0000001,2021-09-09 00:00:00,GF ,CUS_00533,        ,4500.0,4500.0,202109.0,,4500.0,0.0,4500.0,1200.0,                                                            ,,,,,        ,,
1100909GF0000002,2021-09-09 00:00:00,GF ,CUS_00056,        ,4262.0,4262.0,202109.0,,4262.0,0.0,4262.0,1250.0,                                                            ,,,,,        ,,
1100910GF0000001,2021-09-10 00:00:00,GF ,CUS_00076,        ,5000.0,5000.0,202109.0,,5000.0,0.0,5000.0,2400.0,[已隱蔽],,,,,        ,,
1100910GF0000002,2021-09-10 00:00:00,GF ,CUS_00021,        ,500.0,500.0,202109.0,,500.0,0.0,500.0,75.0,                                                            ,,,,,        ,,
1100911GF0000001,2021-09-11 00:00:00,GF ,CUS_00606,        ,7000.0,7000.0,202109.0,,7000.0,0.0,7000.0,3150.0,                                                            ,,,,,        ,,
1100913GF0000001,2021-09-13 00:00:00,GF ,CUS_00723,        ,2000.0,2000.0,202109.0,,2000.0,0.0,2000.0,900.0,                                                            ,,,,,        ,,
1100914GF0000001,2021-09-14 00:00:00,GF ,CUS_00682,01      ,200.0,200.0,202109.0,,200.0,0.0,200.0,81.8,[已隱蔽],,,,,01      ,,
1100916GF0000001,2021-09-16 00:00:00,GF ,CUS_00365,        ,4000.0,4000.0,202109.0,,4000.0,0.0,4000.0,1690.0,                                                            ,,,,,        ,,
1100917GF0000001,2021-09-17 00:00:00,GF ,CUS_00496,        ,8500.0,8500.0,202109.0,,8500.0,0.0,8500.0,4450.0,                                                            ,,,,,        ,,
1100918GF0000001,2021-09-18 00:00:00,GF ,CUS_00549,        ,1800.0,1800.0,202109.0,,1800.0,0.0,1800.0,1100.0,[已隱蔽],,,,,        ,,
1100918GF0000002,2021-09-18 00:00:00,GF ,CUS_00076,        ,5000.0,5000.0,202109.0,,5000.0,0.0,5000.0,2700.0,[已隱蔽],,,,,        ,,
1100918GF0000003,2021-09-18 00:00:00,GF ,CUS_00424,        ,3800.0,3800.0,202109.0,,3800.0,0.0,3800.0,1556.6,                                                            ,,,,,        ,,
1100920GF0000001,2021-09-20 00:00:00,GF ,CUS_00416,        ,8300.0,8300.0,202109.0,,8300.0,0.0,8300.0,3213.6,                                                            ,,,,,01      ,,
1100923GF0000001,2021-09-23 00:00:00,GF ,CUS_00637,        ,2600.0,2600.0,202109.0,,2600.0,0.0,2600.0,800.0,                                                            ,,,,,        ,,
1100924GF0000001,2021-09-24 00:00:00,GF ,CUS_00159,        ,19300.0,19300.0,202109.0,,19300.0,0.0,19300.0,9800.0,                                                            ,[已隱蔽],,,,        ,,
1100925GF0000001,2021-09-25 00:00:00,GF ,CUS_00086,        ,2700.0,2700.0,202109.0,,2700.0,0.0,2700.0,800.0,                                                            ,,,,,        ,,
1100927GF0000001,2021-09-27 00:00:00,GF ,CUS_00074,        ,100.0,100.0,202109.0,,100.0,0.0,100.0,38.0,[已隱蔽],,,,,        ,,
1100928GF0000001,2021-09-28 00:00:00,GF ,CUS_00471,        ,12000.0,12000.0,202109.0,,12000.0,0.0,12000.0,4220.0,                                                            ,,,,,        ,,
1100929GF0000001,2021-09-29 00:00:00,GF ,CUS_00082,        ,150.0,150.0,202109.0,,150.0,0.0,150.0,90.0,[已隱蔽],,,,,        ,,
1100930GF0000001,2021-09-30 00:00:00,GF ,CUS_00682,01      ,400.0,400.0,202110.0,,400.0,0.0,400.0,100.0,[已隱蔽],,,,,01      ,,
1100930GF0000002,2021-09-30 00:00:00,GF ,CUS_00630,        ,800.0,800.0,202109.0,,800.0,0.0,800.0,280.0,[已隱蔽],,,,,        ,,
1100930GF0000003,2021-09-30 00:00:00,GF ,CUS_00133,        ,16500.0,16500.0,202109.0,,16500.0,0.0,16500.0,10750.0,                                                            ,,,,,        ,,
1101002GF0000001,2021-10-02 00:00:00,GF ,CUS_00086,        ,14100.0,14100.0,202110.0,,14100.0,0.0,14100.0,5190.0,                                                            ,,,,,        ,,
1101001GF0000001,2021-10-01 00:00:00,GF ,CUS_00694,        ,3000.0,3000.0,202110.0,,3000.0,0.0,3000.0,585.0,                                                            ,,,,,        ,,
1101002GF0000002,2021-10-02 00:00:00,GF ,CUS_00197,        ,4000.0,4000.0,202110.0,,4000.0,0.0,4000.0,1510.0,                                                            ,,,,,        ,,
1101004GF0000001,2021-10-04 00:00:00,GF ,CUS_00086,        ,500.0,500.0,202110.0,,500.0,0.0,500.0,100.0,                                                            ,,,,,        ,,
1101004GF0000002,2021-10-04 00:00:00,GF ,CUS_00598,        ,500.0,500.0,202110.0,,500.0,0.0,500.0,170.0,                                                            ,,,,,        ,,
1101005GF0000001,2021-10-05 00:00:00,GF ,CUS_00630,        ,500.0,500.0,202110.0,,500.0,0.0,500.0,150.0,[已隱蔽],,,,,        ,,
1101006GF0000001,2021-10-06 00:00:00,GF ,CUS_00082,        ,400.0,400.0,202110.0,,400.0,0.0,400.0,121.8,[已隱蔽],,,,,        ,,
1101006GF0000002,2021-10-06 00:00:00,GF ,CUS_00694,        ,3100.0,3100.0,202110.0,,3100.0,0.0,3100.0,690.0,                                                            ,,,,,        ,,
1101006GF0000003,2021-10-06 00:00:00,GF ,CUS_00693,        ,1400.0,1400.0,202110.0,,1400.0,0.0,1400.0,560.0,                                                            ,,,,,        ,,
1101007GF0000001,2021-10-07 00:00:00,GF ,CUS_00588,        ,300.0,300.0,202110.0,,300.0,0.0,300.0,0.0,[已隱蔽],,,,,        ,,
1101007GF0000002,2021-10-07 00:00:00,GF ,CUS_00630,        ,10000.0,10000.0,202110.0,,10000.0,0.0,10000.0,7000.0,[已隱蔽],,,,,        ,,
1101008GF0000001,2021-10-08 00:00:00,GF ,CUS_00471,        ,6500.0,6500.0,202110.0,,6500.0,0.0,6500.0,2010.0,                                                            ,,,,,        ,,
1101008GF0000002,2021-10-08 00:00:00,GF ,CUS_00693,        ,3000.0,3000.0,202110.0,,3000.0,0.0,3000.0,1400.0,                                                            ,,,,,        ,,
1101009GF0000001,2021-10-09 00:00:00,GF ,CUS_00076,        ,2500.0,2500.0,202110.0,,2500.0,0.0,2500.0,1200.0,[已隱蔽],,,,,        ,,
1101011GF0000001,2021-10-11 00:00:00,GF ,CUS_00548,        ,3500.0,3500.0,202110.0,,3500.0,0.0,3500.0,2060.0,                                                            ,,,,,        ,,
1101012GF0000001,2021-10-12 00:00:00,GF ,CUS_00694,        ,22680.0,22680.0,202110.0,,22680.0,0.0,22680.0,6300.0,                                                            ,,,,,        ,,
1101012GF0000002,2021-10-12 00:00:00,GF ,CUS_00682,01      ,1000.0,1000.0,202110.0,,1000.0,0.0,1000.0,500.0,[已隱蔽],,,,,01      ,,
1101012GF0000003,2021-10-12 00:00:00,GF ,CUS_00558,        ,5300.0,5300.0,202110.0,,5300.0,0.0,5300.0,2585.0,                                                            ,,,,,        ,,
1101012GF0000004,2021-10-12 00:00:00,GF ,CUS_00659,        ,1000.0,1000.0,202110.0,,1000.0,0.0,1000.0,520.0,                                                            ,,,,,        ,,
1101012GF0000005,2021-10-12 00:00:00,GF ,CUS_00630,        ,180.0,180.0,202110.0,,180.0,0.0,180.0,78.0,[已隱蔽],,,,,        ,,
1101013GF0000001,2021-10-13 00:00:00,GF ,CUS_00689,        ,800.0,800.0,202110.0,,800.0,0.0,800.0,240.0,                                                            ,,,,,        ,,
1081216GF0000001,2019-12-16 00:00:00,GF ,CUS_00171,        ,5400.0,5400.0,201912.0,,5400.0,0.0,5400.0,2170.0,                                                            ,,,,,        ,,
1101014GF0000001,2021-10-14 00:00:00,GF ,CUS_00704,        ,2500.0,2500.0,202110.0,,2500.0,0.0,2500.0,1200.0,[已隱蔽],,,,,        ,,
1101015GF0000001,2021-10-15 00:00:00,GF ,CUS_00076,        ,5300.0,5300.0,202110.0,,5300.0,0.0,5300.0,2520.0,[已隱蔽],,,,,        ,,
1101016GF0000001,2021-10-16 00:00:00,GF ,CUS_00682,01      ,1100.0,1100.0,202110.0,,1100.0,0.0,1100.0,531.8,[已隱蔽],,,,,01      ,,
1101018GF0000001,2021-10-18 00:00:00,GF ,CUS_00626,        ,4200.0,4200.0,202110.0,,4200.0,0.0,4200.0,2225.0,                                                            ,,,,,        ,,
1101020GF0000001,2021-10-20 00:00:00,GF ,CUS_00076,        ,2800.0,2800.0,202110.0,,2800.0,0.0,2800.0,1530.0,[已隱蔽],,,,,        ,,
1101019GF0000001,2021-10-19 00:00:00,GF ,CUS_00533,        ,1200.0,1200.0,202110.0,,1200.0,0.0,1200.0,500.0,                                                            ,,,,,        ,,
1110115GF0000002,2022-01-15 00:00:00,GF ,CUS_00197,        ,4600.0,4600.0,202201.0,,4600.0,0.0,4600.0,2080.0,                                                            ,[已隱蔽],,,,        ,,
1110115GF0000003,2022-01-15 00:00:00,GF ,CUS_00086,        ,7100.0,7100.0,202201.0,,7100.0,0.0,7100.0,1319.2,                                                            ,,,,,        ,,
1110117GF0000001,2022-01-17 00:00:00,GF ,CUS_00628,        ,2700.0,2700.0,202201.0,,2700.0,0.0,2700.0,2100.0,                                                            ,,,,,        ,,
1110118GF0000001,2022-01-18 00:00:00,GF ,CUS_00333,        ,7400.0,7400.0,202201.0,,7400.0,0.0,7400.0,2720.0,                                                            ,,,,,        ,,
1110119GF0000001,2022-01-19 00:00:00,GF ,CUS_00327,        ,1500.0,1500.0,202201.0,,1500.0,0.0,1500.0,490.0,                                                            ,,,,,        ,,
1110119GF0000002,2022-01-19 00:00:00,GF ,CUS_00734,        ,2500.0,2500.0,202201.0,,2500.0,0.0,2500.0,1700.0,                                                            ,,,,,        ,,
1110119GF0000003,2022-01-19 00:00:00,GF ,CUS_00028,        ,18600.0,18600.0,202201.0,,18600.0,0.0,18600.0,11934.0,                                                            ,,,,,        ,,
1110121GF0000001,2022-01-21 00:00:00,GF ,CUS_00502,        ,16000.0,16000.0,202201.0,,16000.0,0.0,16000.0,10100.0,                                                            ,,,,,        ,,
1110125GF0000002,2022-01-25 00:00:00,GF ,CUS_00361,        ,2500.0,2500.0,202201.0,,2500.0,0.0,2500.0,1500.0,                                                            ,,,,,        ,,
1110125GF0000003,2022-01-25 00:00:00,GF ,CUS_00076,        ,2500.0,2500.0,202202.0,,2500.0,0.0,2500.0,1500.0,[已隱蔽],,,,,        ,,
1110126GF0000001,2022-01-26 00:00:00,GF ,CUS_00704,        ,6250.0,6250.0,202201.0,,6250.0,0.0,6250.0,3875.0,[已隱蔽],,,,,        ,,
1110126GF0000002,2022-01-26 00:00:00,GF ,CUS_00694,        ,2500.0,2500.0,202201.0,,2500.0,0.0,2500.0,617.0,                                                            ,,,,,        ,,
1110128GF0000001,2022-01-28 00:00:00,GF ,CUS_00694,        ,3000.0,3000.0,202201.0,,3000.0,0.0,3000.0,440.0,                                                            ,,,,,        ,,
1110128GF0000002,2022-01-28 00:00:00,GF ,CUS_00682,01      ,700.0,700.0,202202.0,,700.0,0.0,700.0,500.0,[已隱蔽],,,,,01      ,,
1110128GF0000003,2022-01-28 00:00:00,GF ,CUS_00031,        ,16600.0,16600.0,202201.0,,16600.0,0.0,16600.0,10710.0,                                                            ,,,,,        ,,
1110128GF0000004,2022-01-28 00:00:00,GF ,CUS_00076,        ,1200.0,1200.0,202202.0,,1200.0,0.0,1200.0,600.0,[已隱蔽],,,,,        ,,
1101020GF0000002,2021-10-20 00:00:00,GF ,CUS_00074,        ,750.0,750.0,202110.0,,750.0,0.0,750.0,380.0,[已隱蔽],,,,,        ,,
1101021GF0000002,2021-10-21 00:00:00,GF ,CUS_00694,        ,2000.0,2000.0,202110.0,,2000.0,0.0,2000.0,655.0,                                                            ,,,,,        ,,
1101024GF0000001,2021-10-24 00:00:00,GF ,CUS_00384,        ,2699.0,2699.0,202110.0,,2699.0,0.0,2699.0,1050.0,                                                            ,,,,,        ,,
1101023GF0000001,2021-10-23 00:00:00,GF ,CUS_00606,        ,1800.0,1800.0,202110.0,,1800.0,0.0,1800.0,740.0,                                                            ,,,,,        ,,
1101025GF0000002,2021-10-25 00:00:00,GF ,CUS_00588,        ,400.0,400.0,202110.0,,400.0,0.0,400.0,230.0,[已隱蔽],,,,,        ,,
1101021GF0000003,2021-10-21 00:00:00,GF ,CUS_00682,01      ,3300.0,3300.0,202110.0,,3300.0,0.0,3300.0,2100.0,[已隱蔽],,,,,01      ,,
1101026GF0000001,2021-10-26 00:00:00,GF ,CUS_00572,        ,2500.0,2500.0,202110.0,,2500.0,0.0,2500.0,1200.0,[已隱蔽],,,,,        ,,
1101026GF0000002,2021-10-26 00:00:00,GF ,CUS_00119,        ,2800.0,2800.0,202110.0,,2800.0,0.0,2800.0,1260.0,                                                            ,,,,,        ,,
1101027GF0000001,2021-10-27 00:00:00,GF ,CUS_00656,        ,750.0,750.0,202110.0,,750.0,0.0,750.0,380.0,                                                            ,,,,,        ,,
1101027GF0000002,2021-10-27 00:00:00,GF ,CUS_00132,        ,2400.0,2400.0,202110.0,,2400.0,0.0,2400.0,1800.0,                                                            ,,,,,        ,,
1101027GF0000003,2021-10-27 00:00:00,GF ,CUS_00329,        ,4000.0,4000.0,202110.0,,4000.0,0.0,4000.0,1200.0,                                                            ,,,,,        ,,
1101029GF0000001,2021-10-29 00:00:00,GF ,CUS_00121,        ,11000.0,11000.0,202110.0,,11000.0,0.0,11000.0,5150.0,                                                            ,,,,,        ,,
1101029GF0000002,2021-10-29 00:00:00,GF ,CUS_00693,        ,1400.0,1400.0,202111.0,,1400.0,0.0,1400.0,560.0,                                                            ,,,,,        ,,
1101029GF0000003,2021-10-29 00:00:00,GF ,CUS_00086,        ,21600.0,21600.0,202110.0,,21600.0,0.0,21600.0,13852.0,                                                            ,,,,,        ,,
1101030GF0000001,2021-10-30 00:00:00,GF ,CUS_00549,        ,350.0,350.0,202110.0,,350.0,0.0,350.0,180.0,[已隱蔽],,,,,        ,,
1101030GF0000002,2021-10-30 00:00:00,GF ,CUS_00533,        ,250.0,250.0,202110.0,,250.0,0.0,250.0,120.0,                                                            ,,,,,        ,,
1101103GF0000001,2021-11-03 00:00:00,GF ,CUS_00694,        ,800.0,800.0,202111.0,,800.0,0.0,800.0,295.0,                                                            ,,,,,        ,,
1101103GF0000002,2021-11-03 00:00:00,GF ,CUS_00555,        ,2500.0,2500.0,202111.0,,2500.0,0.0,2500.0,1200.0,[已隱蔽],,,,,        ,,
1101103GF0000003,2021-11-03 00:00:00,GF ,CUS_00379,        ,3050.0,3050.0,202111.0,,3050.0,0.0,3050.0,740.0,                                                            ,,,,,        ,,
1101105GF0000001,2021-11-05 00:00:00,GF ,CUS_00067,        ,3450.0,3450.0,202111.0,,3450.0,0.0,3450.0,1180.0,                                                            ,,,,,        ,,
1101105GF0000002,2021-11-05 00:00:00,GF ,CUS_00585,        ,1100.0,1100.0,202111.0,,1100.0,0.0,1100.0,480.0,                                                            ,,,,,        ,,
1101105GF0000003,2021-11-05 00:00:00,GF ,CUS_00579,        ,5200.0,5200.0,202111.0,,5200.0,0.0,5200.0,2020.0,                                                            ,,,,,        ,,
1101108GF0000001,2021-11-08 00:00:00,GF ,CUS_00595,01      ,400.0,400.0,202111.0,,400.0,0.0,400.0,140.0,                                                            ,,,,,        ,,
1101108GF0000002,2021-11-08 00:00:00,GF ,CUS_00556,        ,3000.0,3000.0,202111.0,,3000.0,0.0,3000.0,650.0,                                                            ,,,,,        ,,
1101110GF0000001,2021-11-10 00:00:00,GF ,CUS_00334,        ,8300.0,8300.0,202111.0,,8300.0,0.0,8300.0,3150.0,                                                            ,,,,,        ,,
1101110GF0000002,2021-11-10 00:00:00,GF ,CUS_00558,        ,5700.0,5700.0,202111.0,,5700.0,0.0,5700.0,1930.0,                                                            ,,,,,        ,,
1101110GF0000003,2021-11-10 00:00:00,GF ,CUS_00365,        ,2200.0,2200.0,202111.0,,2200.0,0.0,2200.0,920.0,                                                            ,,,,,        ,,
1101112GF0000001,2021-11-12 00:00:00,GF ,CUS_00558,        ,8700.0,8700.0,202111.0,,8700.0,0.0,8700.0,2512.0,                                                            ,,,,,        ,,
1101113GF0000001,2021-11-13 00:00:00,GF ,CUS_00008,        ,3200.0,3200.0,202111.0,,3200.0,0.0,3200.0,1930.0,                                                            ,,,,,        ,,
1101114GF0000001,2021-11-14 00:00:00,GF ,CUS_00008,        ,4600.0,4600.0,202111.0,,4600.0,0.0,4600.0,1650.0,                                                            ,,,,,        ,,
1101115GF0000001,2021-11-15 00:00:00,GF ,CUS_00178,        ,1600.0,1600.0,202111.0,,1600.0,0.0,1600.0,510.0,                                                            ,,,,,        ,,
1101115GF0000002,2021-11-15 00:00:00,GF ,CUS_00694,        ,10560.0,10560.0,202111.0,,10560.0,0.0,10560.0,1095.7,                                                            ,,,,,        ,,
1101116GF0000001,2021-11-16 00:00:00,GF ,CUS_00704,        ,100.0,100.0,202111.0,,100.0,0.0,100.0,48.0,[已隱蔽],,,,,        ,,
1101117GF0000001,2021-11-17 00:00:00,GF ,CUS_00589,        ,900.0,900.0,202111.0,,900.0,0.0,900.0,260.0,                                                            ,,,,,        ,,
1101117GF0000002,2021-11-17 00:00:00,GF ,CUS_00648,        ,2200.0,2200.0,202111.0,,2200.0,0.0,2200.0,1700.0,                                                            ,,,,,        ,,
1101118GF0000001,2021-11-18 00:00:00,GF ,CUS_00336,        ,1999.0,1999.0,202111.0,,1999.0,0.0,1999.0,520.0,                                                            ,,,,,        ,,
1101120GF0000002,2021-11-20 00:00:00,GF ,CUS_00389,        ,4660.0,4660.0,202111.0,,4660.0,0.0,4660.0,1710.0,                                                            ,,,,,        ,,
1101122GF0000001,2021-11-22 00:00:00,GF ,CUS_00533,        ,350.0,350.0,202111.0,,350.0,0.0,350.0,185.0,                                                            ,,,,,        ,,
1101123GF0000001,2021-11-23 00:00:00,GF ,CUS_00648,        ,2200.0,2200.0,202111.0,,2200.0,0.0,2200.0,1700.0,                                                            ,,,,,        ,,
1110115GF0000001,2022-01-15 00:00:00,GF ,CUS_00074,        ,300.0,300.0,202201.0,,300.0,0.0,300.0,180.0,[已隱蔽],,,,,        ,,
1101124GF0000001,2021-11-24 00:00:00,GF ,CUS_00656,        ,750.0,750.0,202111.0,,750.0,0.0,750.0,380.0,                                                            ,,,,,        ,,
1101124GF0000002,2021-11-24 00:00:00,GF ,CUS_00630,        ,500.0,500.0,202111.0,,500.0,0.0,500.0,260.0,[已隱蔽],,,,,        ,,
1101124GF0000003,2021-11-24 00:00:00,GF ,CUS_00682,01      ,1050.0,1050.0,202111.0,,1050.0,0.0,1050.0,480.0,[已隱蔽],,,,,01      ,,
1101125GF0000001,2021-11-25 00:00:00,GF ,CUS_00630,        ,650.0,650.0,202111.0,,650.0,0.0,650.0,175.0,[已隱蔽],,,,,        ,,
1101126GF0000001,2021-11-26 00:00:00,GF ,CUS_00120,        ,4000.0,4000.0,202111.0,,4000.0,0.0,4000.0,1100.0,                                                            ,,,,,        ,,
1101127GF0000001,2021-11-27 00:00:00,GF ,CUS_00197,        ,5000.0,5000.0,202111.0,,5000.0,0.0,5000.0,2523.4,                                                            ,,,,,        ,,
1101201GF0000001,2021-12-01 00:00:00,GF ,CUS_00556,        ,2400.0,2400.0,202112.0,,2400.0,0.0,2400.0,500.0,                                                            ,,,,,        ,,
1101202GF0000001,2021-12-02 00:00:00,GF ,CUS_00694,        ,2300.0,2300.0,202112.0,,2300.0,0.0,2300.0,593.0,                                                            ,,,,,        ,,
1101204GF0000001,2021-12-04 00:00:00,GF ,CUS_00077,        ,600.0,600.0,202112.0,,600.0,0.0,600.0,500.0,                                                            ,,,,,        ,,
1101204GF0000002,2021-12-04 00:00:00,GF ,CUS_00478,        ,16050.0,16050.0,202112.0,,16050.0,0.0,16050.0,9735.0,                                                            ,,,,,        ,,
1101206GF0000001,2021-12-06 00:00:00,GF ,CUS_00693,        ,2500.0,2500.0,202112.0,,2500.0,0.0,2500.0,1000.0,                                                            ,,,,,        ,,
1101206GF0000002,2021-12-06 00:00:00,GF ,CUS_00582,        ,3050.0,3050.0,202112.0,,3050.0,0.0,3050.0,915.0,                                                            ,,,,,        ,,
1101206GF0000003,2021-12-06 00:00:00,GF ,CUS_00024,        ,5400.0,5400.0,202112.0,,5400.0,0.0,5400.0,3750.0,                                                            ,,,,,        ,,
1101207GF0000001,2021-12-07 00:00:00,GF ,CUS_00694,        ,1000.0,1000.0,202112.0,,1000.0,0.0,1000.0,175.0,                                                            ,,,,,        ,,
1101208GF0000001,2021-12-08 00:00:00,GF ,CUS_00588,        ,2500.0,2500.0,202112.0,,2500.0,0.0,2500.0,1400.0,[已隱蔽],,,,,        ,,
1101208GF0000002,2021-12-08 00:00:00,GF ,CUS_00074,        ,300.0,300.0,202112.0,,300.0,0.0,300.0,180.0,[已隱蔽],,,,,        ,,
1101208GF0000003,2021-12-08 00:00:00,GF ,CUS_00656,        ,2500.0,2500.0,202112.0,,2500.0,0.0,2500.0,900.0,                                                            ,,,,,        ,,
1101213GF0000001,2021-12-13 00:00:00,GF ,CUS_00694,        ,9600.0,9600.0,202112.0,,9600.0,0.0,9600.0,4230.0,                                                            ,,,,,        ,,
1101214GF0000001,2021-12-14 00:00:00,GF ,CUS_00367,        ,4500.0,4500.0,202112.0,TB[電話]      ,4500.0,0.0,4725.0,1300.0,                                                            ,,,,,        ,,
1101214GF0000002,2021-12-14 00:00:00,GF ,CUS_00086,        ,300.0,300.0,202112.0,,300.0,0.0,300.0,75.0,                                                            ,,,,,        ,,
1101215GF0000001,2021-12-15 00:00:00,GF ,CUS_00598,        ,400.0,400.0,202112.0,,400.0,0.0,400.0,100.0,                                                            ,,,,,        ,,
1101216GF0000001,2021-12-16 00:00:00,GF ,CUS_00259,        ,5250.0,5250.0,202112.0,,5250.0,0.0,5250.0,1340.0,                                                            ,,,,,        ,,
1101216GF0000002,2021-12-16 00:00:00,GF ,CUS_00549,        ,250.0,250.0,202112.0,,250.0,0.0,250.0,100.0,[已隱蔽],,,,,        ,,
1101210GF0000001,2021-12-10 00:00:00,GF ,CUS_00356,        ,10500.0,10500.0,202112.0,,10500.0,0.0,10500.0,3120.0,                                                            ,,,,,        ,,
1101217GF0000001,2021-12-17 00:00:00,GF ,CUS_00137,        ,1700.0,1700.0,202112.0,,1700.0,0.0,1700.0,1300.0,                                                            ,,,,,        ,,
1101220GF0000001,2021-12-20 00:00:00,GF ,CUS_00141,        ,1780.0,1780.0,202112.0,,1780.0,0.0,1780.0,1040.0,                                                            ,,,,,        ,,
1101220GF0000002,2021-12-20 00:00:00,GF ,CUS_00733,        ,1200.0,1200.0,202112.0,,1200.0,0.0,1200.0,550.0,                                                            ,,,,,        ,,
1101220GF0000003,2021-12-20 00:00:00,GF ,CUS_00478,        ,3750.0,3750.0,202112.0,,3750.0,0.0,3750.0,1780.0,                                                            ,,,,,        ,,
1101220GF0000004,2021-12-20 00:00:00,GF ,CUS_00682,01      ,700.0,700.0,202112.0,,700.0,0.0,700.0,380.0,[已隱蔽],,,,,01      ,,
1101221GF0000001,2021-12-21 00:00:00,GF ,CUS_00694,        ,10000.0,10000.0,202112.0,,10000.0,0.0,10000.0,4095.0,                                                            ,,,,,        ,,
1101221GF0000002,2021-12-21 00:00:00,GF ,CUS_00630,        ,150.0,150.0,202112.0,,150.0,0.0,150.0,55.0,[已隱蔽],,,,,        ,,
1101221GF0000003,2021-12-21 00:00:00,GF ,CUS_00572,        ,2600.0,2600.0,202112.0,,2600.0,0.0,2600.0,1400.0,[已隱蔽],,,,,        ,,
1101222GF0000002,2021-12-22 00:00:00,GF ,CUS_00533,        ,150.0,150.0,202112.0,,150.0,0.0,150.0,85.0,                                                            ,,,,,        ,,
1101223GF0000001,2021-12-23 00:00:00,GF ,CUS_00074,        ,1200.0,1200.0,202112.0,,1200.0,0.0,1200.0,440.0,[已隱蔽],,,,,        ,,
1101222GF0000003,2021-12-22 00:00:00,GF ,CUS_00049,        ,2350.0,2350.0,202112.0,,2350.0,0.0,2350.0,1430.0,                                                            ,,,,,        ,,
1101224GF0000001,2021-12-24 00:00:00,GF ,CUS_00694,        ,800.0,800.0,202112.0,,800.0,0.0,800.0,405.0,                                                            ,,,,,        ,,
1101224GF0000002,2021-12-24 00:00:00,GF ,CUS_00718,        ,500.0,500.0,202112.0,,500.0,0.0,500.0,0.0,                                                            ,,,,,        ,,
1101225GF0000001,2021-12-25 00:00:00,GF ,CUS_00630,        ,1000.0,1000.0,202112.0,,1000.0,0.0,1000.0,600.0,[已隱蔽],,,,,        ,,
1101225GF0000002,2021-12-25 00:00:00,GF ,CUS_00086,        ,150.0,150.0,202112.0,,150.0,0.0,150.0,25.0,                                                            ,,,,,        ,,
1101225GF0000003,2021-12-25 00:00:00,GF ,CUS_00376,        ,2150.0,2150.0,202112.0,,2150.0,0.0,2150.0,810.0,                                                            ,,,,,        ,,
1101227GF0000001,2021-12-27 00:00:00,GF ,CUS_00084,        ,450.0,450.0,202201.0,,450.0,0.0,450.0,160.0,[已隱蔽],,,,,        ,,
1101227GF0000002,2021-12-27 00:00:00,GF ,CUS_00079,        ,15100.0,15100.0,202112.0,,15100.0,0.0,15100.0,4487.0,                                                            ,,,,,        ,,
1101227GF0000003,2021-12-27 00:00:00,GF ,CUS_00711,        ,2750.0,2750.0,202112.0,,2750.0,0.0,2750.0,835.0,                                                            ,,,,,        ,,
1101228GF0000001,2021-12-28 00:00:00,GF ,CUS_00630,        ,1400.0,1400.0,202112.0,,1400.0,0.0,1400.0,740.0,[已隱蔽],,,,,        ,,
1101228GF0000002,2021-12-28 00:00:00,GF ,CUS_00074,        ,100.0,100.0,202112.0,,100.0,0.0,100.0,45.0,[已隱蔽],,,,,        ,,
1101228GF0000003,2021-12-28 00:00:00,GF ,CUS_00236,        ,2100.0,2100.0,202112.0,,2100.0,0.0,2100.0,495.4,                                                            ,,,,,        ,,
1101229GF0000001,2021-12-29 00:00:00,GF ,CUS_00706,        ,2000.0,2000.0,202112.0,,2000.0,0.0,2000.0,603.2,                                                            ,,,,,        ,,
1101230GF0000001,2021-12-30 00:00:00,GF ,CUS_00572,        ,2500.0,2500.0,202112.0,,2500.0,0.0,2500.0,1200.0,[已隱蔽],,,,,        ,,
1101230GF0000002,2021-12-30 00:00:00,GF ,CUS_00694,        ,1300.0,1300.0,202112.0,,1300.0,0.0,1300.0,380.0,                                                            ,,,,,        ,,
1101230GF0000003,2021-12-30 00:00:00,GF ,CUS_00173,        ,4300.0,4300.0,202112.0,,4300.0,0.0,4300.0,1250.0,                                                            ,,,,,        ,,
1101230GF0000004,2021-12-30 00:00:00,GF ,CUS_00555,        ,2000.0,2000.0,202112.0,,2000.0,0.0,2000.0,600.0,[已隱蔽],,,,,        ,,
1101230GF0000005,2021-12-30 00:00:00,GF ,CUS_00076,        ,650.0,650.0,202201.0,,650.0,0.0,650.0,210.0,[已隱蔽],,,,,        ,,
1101231GF0000001,2021-12-31 00:00:00,GF ,CUS_00694,        ,700.0,700.0,202112.0,,700.0,0.0,700.0,230.0,                                                            ,,,,,        ,,
1110103GF0000001,2022-01-03 00:00:00,GF ,CUS_00075,        ,4250.0,4250.0,202201.0,,4250.0,0.0,4250.0,840.0,                                                            ,,,,,        ,,
1110104GF0000001,2022-01-04 00:00:00,GF ,CUS_00694,        ,2400.0,2400.0,202201.0,,2400.0,0.0,2400.0,472.0,                                                            ,,,,,        ,,
1110104GF0000002,2022-01-04 00:00:00,GF ,CUS_00489,        ,3000.0,3000.0,202201.0,,3000.0,0.0,3000.0,2060.0,                                                            ,,,,,        ,,
1101029GF0000004,2021-10-29 00:00:00,GF ,CUS_00557,        ,350.0,350.0,202110.0,,350.0,0.0,350.0,260.0,                                                            ,,,,,        ,,
1110105GF0000001,2022-01-05 00:00:00,GF ,CUS_00036,        ,5000.0,5000.0,202201.0,,5000.0,0.0,5000.0,3100.0,                                                            ,,,,,        ,,
1110106GF0000001,2022-01-06 00:00:00,GF ,CUS_00367,        ,300.0,300.0,202201.0,,300.0,0.0,300.0,100.0,                                                            ,,,,,        ,,
1110108GF0000001,2022-01-08 00:00:00,GF ,CUS_00323,        ,8000.0,8000.0,202201.0,,8000.0,0.0,8000.0,2700.0,                                                            ,,,,,        ,,
1110108GF0000002,2022-01-08 00:00:00,GF ,CUS_00694,        ,500.0,500.0,202201.0,,500.0,0.0,500.0,112.0,                                                            ,,,,,        ,,
1110110GF0000001,2022-01-10 00:00:00,GF ,CUS_00625,        ,2650.0,2650.0,202201.0,,2650.0,0.0,2650.0,630.0,                                                            ,,,,,        ,,
1110110GF0000002,2022-01-10 00:00:00,GF ,CUS_00694,        ,1000.0,1000.0,202201.0,,1000.0,0.0,1000.0,145.0,                                                            ,,,,,        ,,
1110111GF0000001,2022-01-11 00:00:00,GF ,CUS_00086,        ,23500.0,23500.0,202201.0,,23500.0,0.0,23500.0,9950.0,                                                            ,,,,,        ,,
1110111GF0000002,2022-01-11 00:00:00,GF ,CUS_00501,        ,1000.0,1000.0,202201.0,,1000.0,0.0,1000.0,240.0,                                                            ,,,,,        ,,
1110112GF0000001,2022-01-12 00:00:00,GF ,CUS_00248,        ,6800.0,6800.0,202201.0,,6800.0,0.0,6800.0,2640.0,                                                            ,,,,,        ,,
1110112GF0000002,2022-01-12 00:00:00,GF ,CUS_00339,        ,4200.0,4200.0,202201.0,,4200.0,0.0,4200.0,1214.0,                                                            ,,,,,        ,,
1110113GF0000001,2022-01-13 00:00:00,GF ,CUS_00074,        ,100.0,100.0,202201.0,,100.0,0.0,100.0,45.0,[已隱蔽],,,,,        ,,
1110113GF0000002,2022-01-13 00:00:00,GF ,CUS_00086,        ,1000.0,1000.0,202201.0,,1000.0,0.0,1000.0,163.6,                                                            ,,,,,        ,,
1110114GF0000001,2022-01-14 00:00:00,GF ,CUS_00694,        ,1500.0,1500.0,202201.0,,1500.0,0.0,1500.0,247.0,                                                            ,,,,,        ,,
1110114GF0000002,2022-01-14 00:00:00,GF ,CUS_00096,        ,4000.0,4000.0,202201.0,,4000.0,0.0,4000.0,1200.0,                                                            ,,,,,        ,,
1110114GF0000003,2022-01-14 00:00:00,GF ,CUS_00621,        ,1000.0,1000.0,202201.0,,1000.0,0.0,1000.0,190.0,                                                            ,,,,,        ,,
1110121GF0000002,2022-01-21 00:00:00,GF ,CUS_00630,        ,1400.0,1400.0,202201.0,,1400.0,0.0,1400.0,740.0,[已隱蔽],,,,,        ,,
1110121GF0000004,2022-01-21 00:00:00,GF ,CUS_00656,        ,1250.0,1250.0,202201.0,,1250.0,0.0,1250.0,580.0,                                                            ,,,,,        ,,
1110121GF0000005,2022-01-21 00:00:00,GF ,CUS_00682,01      ,120.0,120.0,202201.0,,120.0,0.0,120.0,65.0,[已隱蔽],,,,,01      ,,
1110121GF0000006,2022-01-21 00:00:00,GF ,CUS_00604,        ,4455.0,4455.0,202201.0,,4455.0,0.0,4455.0,1740.0,                                                            ,,,,,        ,,
1110122GF0000001,2022-01-22 00:00:00,GF ,CUS_00694,        ,2000.0,2000.0,202201.0,,2000.0,0.0,2000.0,414.0,                                                            ,,,,,        ,,
1110122GF0000002,2022-01-22 00:00:00,GF ,CUS_00687,        ,900.0,900.0,202201.0,,900.0,0.0,900.0,350.0,                                                            ,,,,,        ,,
1110122GF0000003,2022-01-22 00:00:00,GF ,CUS_00031,        ,2800.0,2800.0,202201.0,,2800.0,0.0,2800.0,900.0,                                                            ,,,,,        ,,
1110122GF0000004,2022-01-22 00:00:00,GF ,CUS_00533,        ,385.0,385.0,202201.0,,385.0,0.0,385.0,190.0,                                                            ,,,,,        ,,
1110122GF0000005,2022-01-22 00:00:00,GF ,CUS_00630,        ,2800.0,2800.0,202201.0,,2800.0,0.0,2800.0,2415.0,[已隱蔽],,,,,        ,,
1110122GF0000006,2022-01-22 00:00:00,GF ,CUS_00355,        ,1850.0,1850.0,202201.0,,1850.0,0.0,1850.0,640.0,                                                            ,,,,,        ,,
1110123GF0000001,2022-01-23 00:00:00,GF ,CUS_00021,        ,11200.0,11200.0,202201.0,,11200.0,0.0,11200.0,7363.4,                                                            ,,,,,        ,,
1110124GF0000001,2022-01-24 00:00:00,GF ,CUS_00401,        ,2300.0,2300.0,202201.0,,2300.0,0.0,2300.0,815.0,                                                            ,,,,,        ,,
1110124GF0000002,2022-01-24 00:00:00,GF ,CUS_00693,        ,400.0,400.0,202201.0,,400.0,0.0,400.0,150.0,                                                            ,,,,,        ,,
1110124GF0000003,2022-01-24 00:00:00,GF ,CUS_00723,        ,3600.0,3600.0,202201.0,,3600.0,0.0,3600.0,1120.0,                                                            ,,,,,        ,,
1110124GF0000004,2022-01-24 00:00:00,GF ,CUS_00694,        ,1000.0,1000.0,202201.0,,1000.0,0.0,1000.0,360.0,                                                            ,,,,,        ,,
1110125GF0000001,2022-01-25 00:00:00,GF ,CUS_00367,        ,1230.0,1230.0,202201.0,,1230.0,0.0,1230.0,220.0,                                                            ,,,,,        ,,
1110129GF0000001,2022-01-29 00:00:00,GF ,CUS_00389,        ,2260.0,2260.0,202201.0,,2260.0,0.0,2260.0,755.0,                                                            ,,,,,        ,,
1110129GF0000002,2022-01-29 00:00:00,GF ,CUS_00682,01      ,2300.0,2300.0,202202.0,,2300.0,0.0,2300.0,1800.0,[已隱蔽],,,,,01      ,,
1110129GF0000003,2022-01-29 00:00:00,GF ,CUS_00133,        ,2900.0,2900.0,202201.0,,2900.0,0.0,2900.0,1430.0,                                                            ,,,,,        ,,
1110130GF0000001,2022-01-30 00:00:00,GF ,CUS_00622,        ,10000.0,10000.0,202201.0,,10000.0,0.0,10000.0,2860.0,                                                            ,,,,,        ,,
1110130GF0000002,2022-01-30 00:00:00,GF ,CUS_00682,01      ,1700.0,1700.0,202202.0,,1700.0,0.0,1700.0,1200.0,[已隱蔽],,,,,01      ,,
1110131GF0000001,2022-01-31 00:00:00,GF ,CUS_00187,        ,3300.0,3300.0,202201.0,,3300.0,0.0,3300.0,1290.0,                                                            ,,,,,        ,,
1110207GF0000001,2022-02-07 00:00:00,GF ,CUS_00254,        ,7600.0,7600.0,202202.0,,7600.0,0.0,7600.0,3210.0,                                                            ,,,,,        ,,
1110208GF0000001,2022-02-08 00:00:00,GF ,CUS_00232,        ,3200.0,3200.0,202202.0,,3200.0,0.0,3200.0,790.0,                                                            ,,,,,        ,,
1110105GF0000002,2022-01-05 00:00:00,GF ,CUS_00131,        ,1500.0,1500.0,202201.0,,1500.0,0.0,1500.0,550.0,                                                            ,,,,,        ,,
1110208GF0000002,2022-02-08 00:00:00,GF ,CUS_00131,        ,1500.0,1500.0,202202.0,,1500.0,0.0,1500.0,500.0,                                                            ,,,,,        ,,
1110209GF0000001,2022-02-09 00:00:00,GF ,CUS_00694,        ,600.0,600.0,202202.0,,600.0,0.0,600.0,223.0,                                                            ,,,,,        ,,
1110209GF0000002,2022-02-09 00:00:00,GF ,CUS_00191,        ,11800.0,11800.0,202202.0,,11800.0,0.0,11800.0,7850.0,                                                            ,,,,,        ,,
1110210GF0000001,2022-02-10 00:00:00,GF ,CUS_00198,        ,3000.0,3000.0,202202.0,,3000.0,0.0,3000.0,1130.0,                                                            ,,,,,        ,,
1110211GF0000001,2022-02-11 00:00:00,GF ,CUS_00694,        ,300.0,300.0,202202.0,,300.0,0.0,300.0,35.0,                                                            ,,,,,        ,,
1110212GF0000001,2022-02-12 00:00:00,GF ,CUS_00076,        ,2500.0,2500.0,202202.0,,2500.0,0.0,2500.0,1500.0,[已隱蔽],,,,,        ,,
1110214GF0000001,2022-02-14 00:00:00,GF ,CUS_00630,        ,1980.0,1980.0,202202.0,,1980.0,0.0,1980.0,985.0,[已隱蔽],,,,,        ,,
1110215GF0000001,2022-02-15 00:00:00,GF ,CUS_00263,        ,4500.0,4500.0,202202.0,,4500.0,0.0,4500.0,1325.0,                                                            ,,,,,        ,,
1110216GF0000001,2022-02-16 00:00:00,GF ,CUS_00549,        ,2000.0,2000.0,202202.0,,2000.0,0.0,2000.0,500.0,[已隱蔽],,,,,        ,,
1110221GF0000001,2022-02-21 00:00:00,GF ,CUS_00331,        ,6300.0,6300.0,202202.0,,6300.0,0.0,6300.0,3090.0,                                                            ,,,,,        ,,
1110221GF0000002,2022-02-21 00:00:00,GF ,CUS_00273,        ,8000.0,8000.0,202202.0,,8000.0,0.0,8000.0,3165.0,                                                            ,,,,,        ,,
1110223GF0000001,2022-02-23 00:00:00,GF ,CUS_00451,        ,9200.0,9200.0,202202.0,,9200.0,0.0,9200.0,3240.0,                                                            ,,,,,        ,,
1110225GF0000001,2022-02-25 00:00:00,GF ,CUS_00656,        ,2250.0,2250.0,202202.0,,2250.0,0.0,2250.0,1060.0,                                                            ,,,,,        ,,
1110225GF0000002,2022-02-25 00:00:00,GF ,CUS_00033,        ,2500.0,2500.0,202202.0,,2500.0,0.0,2500.0,1300.0,                                                            ,,,,,        ,,
1110225GF0000003,2022-02-25 00:00:00,GF ,CUS_00694,        ,5400.0,5400.0,202202.0,,5400.0,0.0,5400.0,1825.0,                                                            ,,,,,        ,,
1110226GF0000001,2022-02-26 00:00:00,GF ,CUS_00503,        ,14500.0,14500.0,202202.0,,14500.0,0.0,14500.0,7350.8,                                                            ,,,,,        ,,
1110226GF0000002,2022-02-26 00:00:00,GF ,CUS_00642,        ,5500.0,5500.0,202202.0,,5500.0,0.0,5500.0,1500.0,                                                            ,,,,,        ,,
1110301GF0000001,2022-03-01 00:00:00,GF ,CUS_00074,        ,150.0,150.0,202203.0,,150.0,0.0,150.0,55.0,[已隱蔽],,,,,        ,,
1110303GF0000001,2022-03-03 00:00:00,GF ,CUS_00682,01      ,900.0,900.0,202203.0,,900.0,0.0,900.0,350.0,[已隱蔽],,,,,01      ,,
1110304GF0000001,2022-03-04 00:00:00,GF ,CUS_00389,        ,2300.0,2300.0,202203.0,,2300.0,0.0,2300.0,810.0,                                                            ,,,,,        ,,
1110305GF0000001,2022-03-05 00:00:00,GF ,CUS_00487,        ,3100.0,3100.0,202203.0,,3100.0,0.0,3100.0,1725.0,                                                            ,,,,,        ,,
1110305GF0000002,2022-03-05 00:00:00,GF ,CUS_00561,        ,3200.0,3200.0,202203.0,,3200.0,0.0,3200.0,1295.0,                                                            ,,,,,        ,,
1110307GF0000001,2022-03-07 00:00:00,GF ,CUS_00316,        ,4290.0,4290.0,202203.0,,4290.0,0.0,4290.0,1765.0,                                                            ,,,,,        ,,
1110307GF0000002,2022-03-07 00:00:00,GF ,CUS_00533,        ,1500.0,1500.0,202203.0,,1500.0,0.0,1500.0,900.0,                                                            ,,,,,        ,,
1110307GF0000003,2022-03-07 00:00:00,GF ,CUS_00656,        ,1500.0,1500.0,202203.0,,1500.0,0.0,1500.0,400.0,                                                            ,,,,,        ,,
1110307GF0000004,2022-03-07 00:00:00,GF ,CUS_00588,        ,3500.0,3500.0,202203.0,,3500.0,0.0,3500.0,2100.0,[已隱蔽],,,,,        ,,
1110309GF0000001,2022-03-09 00:00:00,GF ,CUS_00694,        ,10400.0,10400.0,202203.0,,10400.0,0.0,10400.0,2850.0,                                                            ,,,,,        ,,
1110309GF0000002,2022-03-09 00:00:00,GF ,CUS_00691,        ,7000.0,7000.0,202203.0,,7000.0,0.0,7000.0,2395.0,                                                            ,,,,,        ,,
1110310GF0000001,2022-03-10 00:00:00,GF ,CUS_00588,        ,550.0,550.0,202203.0,,550.0,0.0,550.0,250.0,[已隱蔽],,,,,        ,,
1110310GF0000002,2022-03-10 00:00:00,GF ,CUS_00031,        ,3000.0,3000.0,202203.0,,3000.0,0.0,3000.0,2000.0,                                                            ,[已隱蔽],,,,        ,,
1110312GF0000001,2022-03-12 00:00:00,GF ,CUS_00656,01      ,750.0,750.0,202203.0,,750.0,0.0,750.0,380.0,                                                            ,,,,,01      ,,
1110312GF0000002,2022-03-12 00:00:00,GF ,CUS_00556,        ,1100.0,1100.0,202203.0,,1100.0,0.0,1100.0,150.0,                                                            ,,,,,        ,,
1110312GF0000003,2022-03-12 00:00:00,GF ,CUS_00656,        ,750.0,750.0,202203.0,,750.0,0.0,750.0,380.0,                                                            ,,,,,        ,,
1110312GF0000004,2022-03-12 00:00:00,GF ,CUS_00159,        ,3750.0,3750.0,202203.0,,3750.0,0.0,3750.0,1092.0,                                                            ,,,,,        ,,
1110312GF0000005,2022-03-12 00:00:00,GF ,CUS_00561,        ,500.0,500.0,202203.0,,500.0,0.0,500.0,170.0,                                                            ,,,,,        ,,
1110314GF0000001,2022-03-14 00:00:00,GF ,CUS_00086,        ,14400.0,14400.0,202203.0,,14400.0,0.0,14400.0,4574.0,[已隱蔽],[已隱蔽],,,,        ,,
1110314GF0000002,2022-03-14 00:00:00,GF ,CUS_00369,        ,3000.0,3000.0,202203.0,,3000.0,0.0,3000.0,922.0,                                                            ,[已隱蔽],,,,        ,,
1110315GF0000001,2022-03-15 00:00:00,GF ,CUS_00086,        ,1000.0,1000.0,202203.0,,1000.0,0.0,1000.0,510.0,[已隱蔽],,,,,        ,,
1110315GF0000002,2022-03-15 00:00:00,GF ,CUS_00598,        ,200.0,200.0,202203.0,,200.0,0.0,200.0,120.0,                                                            ,,,,,        ,,
1110318GF0000001,2022-03-18 00:00:00,GF ,CUS_00630,        ,2500.0,2500.0,202203.0,,2500.0,0.0,2500.0,1500.0,[已隱蔽],,,,,        ,,
1110319GF0000001,2022-03-19 00:00:00,GF ,CUS_00694,        ,3000.0,3000.0,202203.0,,3000.0,0.0,3000.0,587.4,                                                            ,,,,,        ,,
1110319GF0000002,2022-03-19 00:00:00,GF ,CUS_00613,        ,5900.0,5900.0,202203.0,,5900.0,0.0,5900.0,1350.0,                                                            ,,,,,        ,,
1110321GF0000001,2022-03-21 00:00:00,GF ,CUS_00648,        ,1600.0,1600.0,202203.0,,1600.0,0.0,1600.0,1000.0,                                                            ,,,,,        ,,
1110321GF0000002,2022-03-21 00:00:00,GF ,CUS_00076,        ,5000.0,5000.0,202203.0,,5000.0,0.0,5000.0,3000.0,[已隱蔽],,,,,        ,,
1110322GF0000001,2022-03-22 00:00:00,GF ,CUS_00678,        ,5500.0,5500.0,202203.0,,5500.0,0.0,5500.0,1030.0,[已隱蔽],,,,,        ,,
1110130GF0000003,2022-01-30 00:00:00,GF ,CUS_00028,        ,3000.0,3000.0,202201.0,,3000.0,0.0,3000.0,1400.0,                                                            ,,,,,        ,,
1110322GF0000002,2022-03-22 00:00:00,GF ,CUS_00028,        ,2200.0,2200.0,202203.0,,2200.0,0.0,2200.0,450.0,                                                            ,,,,,        ,,
1110323GF0000001,2022-03-23 00:00:00,GF ,CUS_00066,        ,3000.0,3000.0,202203.0,,3000.0,0.0,3000.0,1190.0,                                                            ,,,,,        ,,
1110323GF0000002,2022-03-23 00:00:00,GF ,CUS_00067,        ,10000.0,10000.0,202203.0,,10000.0,0.0,10000.0,8600.0,                                                            ,,,,,        ,,
1110323GF0000004,2022-03-23 00:00:00,GF ,CUS_00491,        ,5000.0,5000.0,202203.0,,5000.0,0.0,5000.0,1423.2,                                                            ,[已隱蔽],,,,        ,,
1110323GF0000005,2022-03-23 00:00:00,GF ,CUS_00615,        ,13000.0,13000.0,202203.0,,13000.0,0.0,13000.0,6019.0,                                                            ,,,,,        ,,
1110323GF0000006,2022-03-23 00:00:00,GF ,CUS_00208,        ,5000.0,5000.0,202203.0,,5000.0,0.0,5000.0,650.0,                                                            ,,,,,        ,,
1110324GF0000001,2022-03-24 00:00:00,GF ,CUS_00693,01      ,3500.0,3500.0,202203.0,,3500.0,0.0,3500.0,1800.0,                                                            ,,,,,        ,,
1110322GF0000003,2022-03-22 00:00:00,GF ,CUS_00694,        ,2000.0,2000.0,202203.0,,2000.0,0.0,2000.0,240.0,                                                            ,,,,,        ,,
1110325GF0000001,2022-03-25 00:00:00,GF ,CUS_00694,        ,3000.0,3000.0,202203.0,,3000.0,0.0,3000.0,230.0,                                                            ,,,,,        ,,
1110326GF0000001,2022-03-26 00:00:00,GF ,CUS_00197,        ,2900.0,2900.0,202203.0,,2900.0,0.0,2900.0,730.0,                                                            ,,,,,        ,,
1110328GF0000001,2022-03-28 00:00:00,GF ,CUS_00076,        ,2500.0,2500.0,202204.0,,2500.0,0.0,2500.0,1500.0,[已隱蔽],,,,,        ,,
1110328GF0000002,2022-03-28 00:00:00,GF ,CUS_00694,        ,500.0,500.0,202203.0,,500.0,0.0,500.0,110.0,                                                            ,,,,,        ,,
1110329GF0000001,2022-03-29 00:00:00,GF ,CUS_00328,        ,7500.0,7500.0,202203.0,,7500.0,0.0,7500.0,5600.0,                                                            ,,,,,        ,,
1110330GF0000001,2022-03-30 00:00:00,GF ,CUS_00376,        ,2100.0,2100.0,202203.0,,2100.0,0.0,2100.0,850.0,                                                            ,[已隱蔽],,,,        ,,
1110331GF0000001,2022-03-31 00:00:00,GF ,CUS_00342,        ,2950.0,2950.0,202203.0,,2950.0,0.0,2950.0,1135.0,[已隱蔽],[已隱蔽],,,,        ,,
1110331GF0000002,2022-03-31 00:00:00,GF ,CUS_00179,01      ,2300.0,2300.0,202203.0,,2300.0,0.0,2300.0,80.0,                                                            ,,,,,        ,,
1110401GF0000001,2022-04-01 00:00:00,GF ,CUS_00675,        ,18300.0,18300.0,202204.0,,18300.0,0.0,18300.0,11400.0,                                                            ,,,,,        ,,
1110402GF0000001,2022-04-02 00:00:00,GF ,CUS_00079,        ,15150.0,15150.0,202204.0,,15150.0,0.0,15150.0,11058.6,                                                            ,,,,,        ,,
1110402GF0000002,2022-04-02 00:00:00,GF ,CUS_00615,        ,7600.0,7600.0,202204.0,,7600.0,0.0,7600.0,4510.0,                                                            ,,,,,        ,,
1110406GF0000001,2022-04-06 00:00:00,GF ,CUS_00694,        ,3825.0,3825.0,202204.0,,3825.0,0.0,3825.0,1322.0,                                                            ,,,,,        ,,
1110407GF0000001,2022-04-07 00:00:00,GF ,CUS_00165,        ,14000.0,14000.0,202204.0,,14000.0,0.0,14000.0,8200.0,                                                            ,,,,,        ,,
1110406GF0000002,2022-04-06 00:00:00,GF ,CUS_00451,        ,5750.0,5750.0,202204.0,,5750.0,0.0,5750.0,3300.0,                                                            ,,,,,        ,,
1110409GF0000001,2022-04-09 00:00:00,GF ,CUS_00558,        ,1000.0,1000.0,202204.0,,1000.0,0.0,1000.0,250.0,                                                            ,,,,,        ,,
1110412GF0000001,2022-04-12 00:00:00,GF ,CUS_00694,        ,1400.0,1400.0,202204.0,,1400.0,0.0,1400.0,520.0,                                                            ,,,,,        ,,
1100524GF0000003,2021-05-24 00:00:00,GF ,CUS_00254,        ,3500.0,3500.0,202105.0,,3500.0,0.0,3500.0,1900.0,                                                            ,,,,,        ,,
1110413GF0000001,2022-04-13 00:00:00,GF ,CUS_00254,        ,12000.0,12000.0,202204.0,,12000.0,0.0,12000.0,5000.0,                                                            ,[已隱蔽],,,,        ,,
1110413GF0000002,2022-04-13 00:00:00,GF ,CUS_00615,        ,1500.0,1500.0,202204.0,,1500.0,0.0,1500.0,450.0,                                                            ,,,,,        ,,
1110414GF0000001,2022-04-14 00:00:00,GF ,CUS_00012,        ,9900.0,9900.0,202204.0,,9900.0,0.0,9900.0,6500.0,                                                            ,,,,,        ,,
1110414GF0000002,2022-04-14 00:00:00,GF ,CUS_00086,        ,3400.0,3400.0,202204.0,,3400.0,0.0,3400.0,797.0,[已隱蔽],,,,,        ,,
1110415GF0000001,2022-04-15 00:00:00,GF ,CUS_00693,        ,500.0,500.0,202204.0,,500.0,0.0,500.0,120.0,                                                            ,,,,,        ,,
1110416GF0000001,2022-04-16 00:00:00,GF ,CUS_00555,        ,20000.0,20000.0,202204.0,,20000.0,0.0,20000.0,12000.0,[已隱蔽],,,,,        ,,
1110416GF0000002,2022-04-16 00:00:00,GF ,CUS_00642,        ,800.0,800.0,202204.0,,800.0,0.0,800.0,0.0,                                                            ,,,,,        ,,
1110418GF0000001,2022-04-18 00:00:00,GF ,CUS_00084,        ,450.0,450.0,202204.0,,450.0,0.0,450.0,220.0,[已隱蔽],,,,,        ,,
1110418GF0000002,2022-04-18 00:00:00,GF ,CUS_00694,        ,450.0,450.0,202204.0,,450.0,0.0,450.0,165.0,                                                            ,,,,,        ,,
1110418GF0000003,2022-04-18 00:00:00,GF ,CUS_00064,        ,4700.0,4700.0,202204.0,,4700.0,0.0,4700.0,1130.0,                                                            ,,,,,        ,,
1110418GF0000004,2022-04-18 00:00:00,GF ,CUS_00074,        ,500.0,500.0,202204.0,,500.0,0.0,500.0,250.0,[已隱蔽],,,,,        ,,
1110419GF0000001,2022-04-19 00:00:00,GF ,CUS_00132,        ,1950.0,1950.0,202204.0,,1950.0,0.0,1950.0,620.0,                                                            ,[已隱蔽],,,,        ,,
1110420GF0000001,2022-04-20 00:00:00,GF ,CUS_00070,        ,1500.0,1500.0,202204.0,,1500.0,0.0,1500.0,500.0,                                                            ,,,,,        ,,
1110420GF0000002,2022-04-20 00:00:00,GF ,CUS_00702,        ,5850.0,5850.0,202204.0,,5850.0,0.0,5850.0,2340.0,                                                            ,,,,,        ,,
1110421GF0000001,2022-04-21 00:00:00,GF ,CUS_00615,        ,500.0,500.0,202204.0,,500.0,0.0,500.0,130.0,                                                            ,,,,,        ,,
1110421GF0000002,2022-04-21 00:00:00,GF ,CUS_00074,        ,500.0,500.0,202204.0,,500.0,0.0,500.0,250.0,[已隱蔽],,,,,        ,,
1110422GF0000001,2022-04-22 00:00:00,GF ,CUS_00009,        ,800.0,800.0,202204.0,,800.0,0.0,800.0,170.0,                                                            ,,,,,        ,,
1110422GF0000002,2022-04-22 00:00:00,GF ,CUS_00694,        ,4000.0,4000.0,202204.0,,4000.0,0.0,4000.0,1195.0,                                                            ,,,,,        ,,
1110426GF0000001,2022-04-26 00:00:00,GF ,CUS_00231,        ,5850.0,5850.0,202204.0,,5850.0,0.0,5850.0,1940.0,                                                            ,,,,,        ,,
1110428GF0000001,2022-04-28 00:00:00,GF ,CUS_00554,        ,4000.0,4000.0,202204.0,,4000.0,0.0,4000.0,2500.0,[已隱蔽],,,,,        ,,
1110323GF0000007,2022-03-23 00:00:00,GF ,CUS_00674,        ,5000.0,5000.0,202203.0,,5000.0,0.0,5000.0,3000.0,                                                            ,,,,,        ,,
1110502GF0000001,2022-05-02 00:00:00,GF ,CUS_00694,        ,1500.0,1500.0,202205.0,,1500.0,0.0,1500.0,565.0,                                                            ,,,,,        ,,
1110503GF0000001,2022-05-03 00:00:00,GF ,CUS_00694,        ,700.0,700.0,202205.0,,700.0,0.0,700.0,240.0,                                                            ,,,,,        ,,
1110503GF0000002,2022-05-03 00:00:00,GF ,CUS_00728,        ,1000.0,1000.0,202205.0,,1000.0,0.0,1000.0,280.0,                                                            ,,,,,        ,,
1110507GF0000001,2022-05-07 00:00:00,GF ,CUS_00223,        ,2900.0,2900.0,202205.0,,2900.0,0.0,2900.0,895.0,                                                            ,[已隱蔽],,,,        ,,
1110507GF0000002,2022-05-07 00:00:00,GF ,CUS_00199,        ,2500.0,2500.0,202205.0,,2500.0,0.0,2500.0,1750.0,                                                            ,,,,,        ,,
1110511GF0000001,2022-05-11 00:00:00,GF ,CUS_00365,        ,3250.0,3250.0,202205.0,,3250.0,0.0,3250.0,1315.0,                                                            ,[已隱蔽],,,,        ,,
1110513GF0000001,2022-05-13 00:00:00,GF ,CUS_00133,        ,2500.0,2500.0,202205.0,,2500.0,0.0,2500.0,885.0,                                                            ,,,,,        ,,
1110513GF0000002,2022-05-13 00:00:00,GF ,CUS_00085,        ,7000.0,7000.0,202205.0,,7000.0,0.0,7000.0,2475.0,                                                            ,[已隱蔽],,,,        ,,
1110420GF0000003,2022-04-20 00:00:00,GF ,CUS_00682,01      ,1000.0,1000.0,202204.0,,1000.0,0.0,1000.0,600.0,[已隱蔽],,,,,01      ,,
1110513GF0000003,2022-05-13 00:00:00,GF ,CUS_00367,        ,350.0,350.0,202205.0,,350.0,0.0,350.0,100.0,                                                            ,,,,,        ,,
1110513GF0000004,2022-05-13 00:00:00,GF ,CUS_00478,        ,7100.0,7100.0,202205.0,,7100.0,0.0,7100.0,2618.0,                                                            ,,,,,        ,,
1110514GF0000001,2022-05-14 00:00:00,GF ,CUS_00076,        ,1200.0,1200.0,202205.0,,1200.0,0.0,1200.0,400.0,[已隱蔽],,,,,        ,,
1110517GF0000001,2022-05-17 00:00:00,GF ,CUS_00733,        ,3000.0,3000.0,202205.0,,3000.0,0.0,3000.0,480.0,                                                            ,,,,,        ,,
1110518GF0000001,2022-05-18 00:00:00,GF ,CUS_00086,        ,4300.0,4300.0,202205.0,,4300.0,0.0,4300.0,1003.4,[已隱蔽],,,,,        ,,
1110519GF0000001,2022-05-19 00:00:00,GF ,CUS_00292,        ,15700.0,15700.0,202205.0,,15700.0,0.0,15700.0,5770.0,                                                            ,,,,,        ,,
1110520GF0000001,2022-05-20 00:00:00,GF ,CUS_00254,        ,2200.0,2200.0,202205.0,,2200.0,0.0,2200.0,870.0,                                                            ,,,,,        ,,
1110521GF0000001,2022-05-21 00:00:00,GF ,CUS_00656,        ,750.0,750.0,202205.0,,750.0,0.0,750.0,380.0,                                                            ,,,,,        ,,
1110521GF0000002,2022-05-21 00:00:00,GF ,CUS_00615,        ,4300.0,4300.0,202205.0,,4300.0,0.0,4300.0,3250.0,                                                            ,,,,,        ,,
1110523GF0000001,2022-05-23 00:00:00,GF ,CUS_00139,        ,4000.0,4000.0,202205.0,,4000.0,0.0,4000.0,3450.0,                                                            ,,,,,        ,,
1110524GF0000001,2022-05-24 00:00:00,GF ,CUS_00478,        ,1800.0,1800.0,202205.0,,1800.0,0.0,1800.0,400.0,                                                            ,,,,,        ,,
1110524GF0000002,2022-05-24 00:00:00,GF ,CUS_00086,        ,9200.0,9200.0,202205.0,,9200.0,0.0,9200.0,2992.8,[已隱蔽],,,,,        ,,
1110525GF0000001,2022-05-25 00:00:00,GF ,CUS_00086,        ,5650.0,5650.0,202205.0,,5650.0,0.0,5650.0,1542.0,[已隱蔽],[已隱蔽],,,,        ,,
1110525GF0000002,2022-05-25 00:00:00,GF ,CUS_00577,        ,2999.0,2999.0,202205.0,,2999.0,0.0,2999.0,2100.0,                                                            ,,,,,        ,,
1110527GF0000001,2022-05-27 00:00:00,GF ,CUS_00074,        ,750.0,750.0,202205.0,,750.0,0.0,750.0,380.0,[已隱蔽],,,,,        ,,
1110527GF0000002,2022-05-27 00:00:00,GF ,CUS_00086,        ,0.0,0.0,202205.0,,0.0,0.0,0.0,0.0,[已隱蔽],,,,,        ,,
1110527GF0000003,2022-05-27 00:00:00,GF ,CUS_00500,        ,8600.0,8600.0,202205.0,,8600.0,0.0,8600.0,4230.0,                                                            ,,,,,        ,,
1110527GF0000004,2022-05-27 00:00:00,GF ,CUS_00480,        ,810.0,810.0,202205.0,,810.0,0.0,810.0,325.0,                                                            ,,,,,        ,,
1110527GF0000005,2022-05-27 00:00:00,GF ,CUS_00694,        ,7100.0,7100.0,202205.0,,7100.0,0.0,7100.0,2535.0,                                                            ,,,,,        ,,
1110530GF0000001,2022-05-30 00:00:00,GF ,CUS_00550,        ,2800.0,2800.0,202205.0,,2800.0,0.0,2800.0,1900.0,                                                            ,,,,,        ,,
1110527GF0000006,2022-05-27 00:00:00,GF ,CUS_00086,        ,4000.0,4000.0,202205.0,,4000.0,0.0,4000.0,1500.0,[已隱蔽],,,,,        ,,
1110531GF0000001,2022-05-31 00:00:00,GF ,CUS_00615,        ,7000.0,7000.0,202206.0,,7000.0,0.0,7000.0,2100.0,                                                            ,,,,,        ,,
1110531GF0000002,2022-05-31 00:00:00,GF ,CUS_00389,        ,1200.0,1200.0,202205.0,,1200.0,0.0,1200.0,505.0,                                                            ,,,,,        ,,
1110531GF0000003,2022-05-31 00:00:00,GF ,CUS_00598,        ,450.0,450.0,202206.0,,450.0,0.0,450.0,220.0,                                                            ,,,,,        ,,
1110601GF0000001,2022-06-01 00:00:00,GF ,CUS_00231,        ,2000.0,2000.0,202206.0,,2000.0,0.0,2000.0,500.0,                                                            ,,,,,        ,,
1110602GF0000001,2022-06-02 00:00:00,GF ,CUS_00084,        ,500.0,500.0,202206.0,,500.0,0.0,500.0,250.0,[已隱蔽],,,,,        ,,
1110602GF0000002,2022-06-02 00:00:00,GF ,CUS_00566,        ,1200.0,1200.0,202206.0,,1200.0,0.0,1200.0,600.0,                                                            ,,,,,        ,,
1110604GF0000001,2022-06-04 00:00:00,GF ,CUS_00598,        ,2800.0,2800.0,202206.0,,2800.0,0.0,2800.0,1620.0,                                                            ,,,,,        ,,
1110606GF0000001,2022-06-06 00:00:00,GF ,CUS_00694,        ,700.0,700.0,202206.0,,700.0,0.0,700.0,122.0,                                                            ,,,,,        ,,
1110607GF0000001,2022-06-07 00:00:00,GF ,CUS_00076,        ,400.0,400.0,202206.0,,400.0,0.0,400.0,140.0,[已隱蔽],,,,,        ,,
1110608GF0000001,2022-06-08 00:00:00,GF ,CUS_00682,01      ,900.0,900.0,202206.0,,900.0,0.0,900.0,500.0,[已隱蔽],,,,,01      ,,
1110611GF0000001,2022-06-11 00:00:00,GF ,CUS_00555,        ,22000.0,22000.0,202206.0,,22000.0,0.0,22000.0,13000.0,[已隱蔽],,,,,        ,,
1110613GF0000001,2022-06-13 00:00:00,GF ,CUS_00370,        ,450.0,450.0,202206.0,,450.0,0.0,450.0,165.0,                                                            ,,,,,        ,,
1110614GF0000001,2022-06-14 00:00:00,GF ,CUS_00713,        ,800.0,800.0,202206.0,,800.0,0.0,800.0,400.0,                                                            ,,,,,        ,,
1110614GF0000002,2022-06-14 00:00:00,GF ,CUS_00133,        ,2500.0,2500.0,202206.0,,2500.0,0.0,2500.0,1200.0,                                                            ,,,,,        ,,
1110615GF0000001,2022-06-15 00:00:00,GF ,CUS_00682,01      ,120.0,120.0,202206.0,,120.0,0.0,120.0,65.0,[已隱蔽],,,,,01      ,,
1110616GF0000001,2022-06-16 00:00:00,GF ,CUS_00372,        ,16500.0,16500.0,202206.0,,16500.0,0.0,16500.0,11600.0,                                                            ,,,,,        ,,
1110616GF0000002,2022-06-16 00:00:00,GF ,CUS_00682,01      ,350.0,350.0,202206.0,,350.0,0.0,350.0,180.0,[已隱蔽],,,,,01      ,,
1110617GF0000001,2022-06-17 00:00:00,GF ,CUS_00460,        ,2500.0,2500.0,202206.0,,2500.0,0.0,2500.0,1100.0,                                                            ,,,,,        ,,
1110617GF0000002,2022-06-17 00:00:00,GF ,CUS_00389,        ,1800.0,1800.0,202206.0,,1800.0,0.0,1800.0,500.0,                                                            ,,,,,        ,,
1110622GF0000001,2022-06-22 00:00:00,GF ,CUS_00091,        ,48700.0,48700.0,202206.0,,48700.0,0.0,48700.0,20124.0,                                                            ,,,,,        ,,
1110622GF0000002,2022-06-22 00:00:00,GF ,CUS_00502,        ,5000.0,5000.0,202206.0,,5000.0,0.0,5000.0,2025.0,                                                            ,,,,,        ,,
1110623GF0000001,2022-06-23 00:00:00,GF ,CUS_00694,        ,2100.0,2100.0,202206.0,,2100.0,0.0,2100.0,720.0,                                                            ,,,,,        ,,
1110624GF0000001,2022-06-24 00:00:00,GF ,CUS_00533,        ,0.0,0.0,202206.0,,0.0,0.0,0.0,0.0,                                                            ,,,,,        ,,
1110624GF0000002,2022-06-24 00:00:00,GF ,CUS_00620,        ,3000.0,3000.0,202206.0,,3000.0,0.0,3000.0,3000.0,                                                            ,,,,,        ,,
1110624GF0000003,2022-06-24 00:00:00,GF ,CUS_00533,        ,3600.0,3600.0,202206.0,,3600.0,0.0,3600.0,2600.0,                                                            ,,,,,        ,,
1110704GF0000001,2022-07-04 00:00:00,GF ,CUS_00058,        ,2900.0,2900.0,202207.0,,2900.0,0.0,2900.0,1140.0,                                                            ,[已隱蔽],,,,        ,,
1110705GF0000001,2022-07-05 00:00:00,GF ,CUS_00665,        ,4000.0,4000.0,202207.0,,4000.0,0.0,4000.0,2640.0,                                                            ,,,,,        ,,
1110705GF0000002,2022-07-05 00:00:00,GF ,CUS_00558,        ,2700.0,2700.0,202207.0,,2700.0,0.0,2700.0,870.0,                                                            ,[已隱蔽],,,,        ,,
1110706GF0000003,2022-07-06 00:00:00,GF ,CUS_00694,        ,13500.0,13500.0,202207.0,,13500.0,0.0,13500.0,4541.0,                                                            ,[已隱蔽],,,,        ,,
1110706GF0000002,2022-07-06 00:00:00,GF ,CUS_00682,01      ,1050.0,1050.0,202207.0,,1050.0,0.0,1050.0,460.0,[已隱蔽],,,,,01      ,,
1110707GF0000001,2022-07-07 00:00:00,GF ,CUS_00514,        ,5400.0,5400.0,202207.0,,5400.0,0.0,5400.0,1690.0,                                                            ,,,,,        ,,
1110708GF0000001,2022-07-08 00:00:00,GF ,CUS_00199,        ,4700.0,4700.0,202207.0,,4700.0,0.0,4700.0,1535.0,                                                            ,[已隱蔽],,,,        ,,
1110708GF0000002,2022-07-08 00:00:00,GF ,CUS_00656,        ,750.0,750.0,202207.0,,750.0,0.0,750.0,380.0,                                                            ,,,,,        ,,
1110711GF0000001,2022-07-11 00:00:00,GF ,CUS_00514,        ,3850.0,3850.0,202207.0,,3850.0,0.0,3850.0,2325.0,                                                            ,,,,,        ,,
1110711GF0000002,2022-07-11 00:00:00,GF ,CUS_00694,        ,580.0,580.0,202207.0,,580.0,0.0,580.0,290.0,                                                            ,,,,,        ,,
1110712GF0000001,2022-07-12 00:00:00,GF ,CUS_00074,        ,150.0,150.0,202207.0,,150.0,0.0,150.0,55.0,[已隱蔽],,,,,        ,,
1110712GF0000002,2022-07-12 00:00:00,GF ,CUS_00288,        ,4350.0,4350.0,202207.0,,4350.0,0.0,4350.0,1583.0,                                                            ,,,,,        ,,
1110713GF0000001,2022-07-13 00:00:00,GF ,CUS_00618,        ,1500.0,1500.0,202207.0,,1500.0,0.0,1500.0,550.0,[已隱蔽],,,,,        ,,
1110713GF0000002,2022-07-13 00:00:00,GF ,CUS_00076,        ,3000.0,3000.0,202207.0,,3000.0,0.0,3000.0,1500.0,[已隱蔽],,,,,        ,,
1110713GF0000003,2022-07-13 00:00:00,GF ,CUS_00694,        ,2300.0,2300.0,202207.0,,2300.0,0.0,2300.0,680.0,                                                            ,,,,,        ,,
1110714GF0000001,2022-07-14 00:00:00,GF ,CUS_00682,01      ,1200.0,1200.0,202207.0,,1200.0,0.0,1200.0,600.0,[已隱蔽],,,,,01      ,,
1110714GF0000002,2022-07-14 00:00:00,GF ,CUS_00733,        ,2000.0,2000.0,202207.0,,2000.0,0.0,2000.0,500.0,                                                            ,,,,,        ,,
1110714GF0000003,2022-07-14 00:00:00,GF ,CUS_00561,        ,1000.0,1000.0,202207.0,,1000.0,0.0,1000.0,428.0,                                                            ,,,,,        ,,
1110715GF0000001,2022-07-15 00:00:00,GF ,CUS_00694,        ,320.0,320.0,202207.0,,320.0,0.0,320.0,160.0,                                                            ,,,,,        ,,
1110715GF0000002,2022-07-15 00:00:00,GF ,CUS_00655,        ,2500.0,2500.0,202207.0,,2500.0,0.0,2500.0,1300.0,                                                            ,,,,,        ,,
1110715GF0000003,2022-07-15 00:00:00,GF ,CUS_00533,        ,500.0,500.0,202207.0,,500.0,0.0,500.0,250.0,                                                            ,,,,,        ,,
1110718GF0000002,2022-07-18 00:00:00,GF ,CUS_00630,        ,700.0,700.0,202207.0,,700.0,0.0,700.0,280.0,[已隱蔽],,,,,        ,,
1110718GF0000003,2022-07-18 00:00:00,GF ,CUS_00731,        ,3750.0,3750.0,202207.0,,3750.0,0.0,3750.0,1475.0,                                                            ,,,,,        ,,
1110718GF0000004,2022-07-18 00:00:00,GF ,CUS_00180,        ,9200.0,9200.0,202207.0,,9200.0,0.0,9200.0,4080.0,                                                            ,,,,,        ,,
1110719GF0000001,2022-07-19 00:00:00,GF ,CUS_00694,        ,650.0,650.0,202207.0,,650.0,0.0,650.0,270.0,                                                            ,,,,,        ,,
1110719GF0000002,2022-07-19 00:00:00,GF ,CUS_00557,        ,500.0,500.0,202207.0,,500.0,0.0,500.0,500.0,                                                            ,,,,,        ,,
1110719GF0000003,2022-07-19 00:00:00,GF ,CUS_00681,        ,7500.0,7500.0,202207.0,,7500.0,0.0,7500.0,4075.0,                                                            ,,,,,        ,,
1110722GF0000001,2022-07-22 00:00:00,GF ,CUS_00694,        ,2000.0,2000.0,202207.0,,2000.0,0.0,2000.0,645.0,                                                            ,,,,,        ,,
1110723GF0000001,2022-07-23 00:00:00,GF ,CUS_00031,        ,4550.0,4550.0,202207.0,,4550.0,0.0,4550.0,1442.5,                                                            ,[已隱蔽],,,,        ,,
1110722GF0000002,2022-07-22 00:00:00,GF ,CUS_00135,        ,6300.0,6300.0,202207.0,,6300.0,0.0,6300.0,4300.0,                                                            ,,,,,        ,,
1110725GF0000001,2022-07-25 00:00:00,GF ,CUS_00690,        ,1400.0,1400.0,202207.0,,1400.0,0.0,1400.0,480.0,                                                            ,,,,,        ,,
1110725GF0000002,2022-07-25 00:00:00,GF ,CUS_00694,        ,800.0,800.0,202207.0,,800.0,0.0,800.0,314.0,                                                            ,,,,,        ,,
1110727GF0000001,2022-07-27 00:00:00,GF ,CUS_00436,        ,2500.0,2500.0,202207.0,,2500.0,0.0,2500.0,1800.0,                                                            ,,,,,        ,,
1110727GF0000002,2022-07-27 00:00:00,GF ,CUS_00533,        ,2500.0,2500.0,202207.0,,2500.0,0.0,2500.0,1940.0,                                                            ,,,,,        ,,
1110728GF0000001,2022-07-28 00:00:00,GF ,CUS_00694,        ,680.0,680.0,202207.0,,680.0,0.0,680.0,90.0,                                                            ,,,,,        ,,
1110728GF0000002,2022-07-28 00:00:00,GF ,CUS_00533,        ,500.0,500.0,202207.0,,500.0,0.0,500.0,245.0,                                                            ,,,,,        ,,
1110728GF0000003,2022-07-28 00:00:00,GF ,CUS_00533,        ,500.0,500.0,202207.0,,500.0,0.0,500.0,250.0,                                                            ,,,,,        ,,
1110729GF0000001,2022-07-29 00:00:00,GF ,CUS_00180,        ,2000.0,2000.0,202207.0,,2000.0,0.0,2000.0,800.0,                                                            ,,,,,        ,,
1110729GF0000002,2022-07-29 00:00:00,GF ,CUS_00694,        ,1000.0,1000.0,202207.0,,1000.0,0.0,1000.0,192.0,                                                            ,,,,,        ,,
1110729GF0000003,2022-07-29 00:00:00,GF ,CUS_00086,        ,4300.0,4300.0,202207.0,,4300.0,0.0,4300.0,1951.0,[已隱蔽],[已隱蔽],,,,        ,,
1110729GF0000004,2022-07-29 00:00:00,GF ,CUS_00630,        ,650.0,650.0,202207.0,,650.0,0.0,650.0,450.0,[已隱蔽],,,,,        ,,
1110729GF0000005,2022-07-29 00:00:00,GF ,CUS_00159,        ,3000.0,3000.0,202207.0,,3000.0,0.0,3000.0,1199.0,                                                            ,,,,,        ,,
1110730GF0000001,2022-07-30 00:00:00,GF ,CUS_00130,        ,3500.0,3500.0,202207.0,,3500.0,0.0,3500.0,3000.0,                                                            ,,,,,        ,,
1110730GF0000002,2022-07-30 00:00:00,GF ,CUS_00197,        ,7000.0,7000.0,202207.0,,7000.0,0.0,7000.0,2695.0,                                                            ,[已隱蔽],,,,        ,,
1110802GF0000001,2022-08-02 00:00:00,GF ,CUS_00457,        ,5500.0,5500.0,202208.0,,5500.0,0.0,5500.0,2120.0,                                                            ,,,,,        ,,
1110802GF0000002,2022-08-02 00:00:00,GF ,CUS_00694,        ,2160.0,2160.0,202208.0,,2160.0,0.0,2160.0,1070.0,                                                            ,,,,,        ,,
1110802GF0000003,2022-08-02 00:00:00,GF ,CUS_00086,        ,650.0,650.0,202208.0,,650.0,0.0,650.0,290.0,[已隱蔽],,,,,        ,,
1110802GF0000004,2022-08-02 00:00:00,GF ,CUS_00171,        ,11450.0,11450.0,202208.0,,11450.0,0.0,11450.0,3330.0,                                                            ,[已隱蔽],,,,        ,,
1110803GF0000001,2022-08-03 00:00:00,GF ,CUS_00646,        ,800.0,800.0,202208.0,,800.0,0.0,800.0,1199.0,                                                            ,,,,,        ,,
1110803GF0000002,2022-08-03 00:00:00,GF ,CUS_00231,        ,4850.0,4850.0,202208.0,,4850.0,0.0,4850.0,2050.0,                                                            ,,,,,        ,,
1110804GF0000001,2022-08-04 00:00:00,GF ,CUS_00069,        ,3000.0,3000.0,202208.0,,3000.0,0.0,3000.0,900.0,                                                            ,,,,,        ,,
1110804GF0000002,2022-08-04 00:00:00,GF ,CUS_00032,        ,2250.0,2250.0,202208.0,,2250.0,0.0,2250.0,605.0,                                                            ,,,,,        ,,
1110805GF0000001,2022-08-05 00:00:00,GF ,CUS_00694,        ,540.0,540.0,202208.0,,540.0,0.0,540.0,230.0,                                                            ,,,,,        ,,
1110805GF0000002,2022-08-05 00:00:00,GF ,CUS_00438,        ,6000.0,6000.0,202208.0,,6000.0,0.0,6000.0,1280.0,                                                            ,,,,,        ,,
1110805GF0000003,2022-08-05 00:00:00,GF ,CUS_00682,01      ,1000.0,1000.0,202208.0,,1000.0,0.0,1000.0,450.0,[已隱蔽],,,,,01      ,,
1110808GF0000001,2022-08-08 00:00:00,GF ,CUS_00694,        ,900.0,900.0,202208.0,,900.0,0.0,900.0,350.0,                                                            ,,,,,        ,,
1110810GF0000001,2022-08-10 00:00:00,GF ,CUS_00549,        ,300.0,300.0,202208.0,,300.0,0.0,300.0,150.0,[已隱蔽],,,,,        ,,
1110810GF0000002,2022-08-10 00:00:00,GF ,CUS_00733,        ,3150.0,3150.0,202208.0,,3150.0,0.0,3150.0,1610.0,                                                            ,,,,,        ,,
1110815GF0000001,2022-08-15 00:00:00,GF ,CUS_00720,        ,5000.0,5000.0,202208.0,,5000.0,0.0,5000.0,3750.0,                                                            ,,,,,        ,,
1110816GF0000001,2022-08-16 00:00:00,GF ,CUS_00091,        ,3500.0,3500.0,202208.0,,3500.0,0.0,3500.0,1200.0,                                                            ,,,,,        ,,
1110816GF0000002,2022-08-16 00:00:00,GF ,CUS_00169,        ,1200.0,1200.0,202208.0,,1200.0,0.0,1200.0,600.0,                                                            ,,,,,        ,,
1110817GF0000001,2022-08-17 00:00:00,GF ,CUS_00076,        ,700.0,700.0,202208.0,,700.0,0.0,700.0,350.0,[已隱蔽],,,,,        ,,
1110817GF0000002,2022-08-17 00:00:00,GF ,CUS_00694,        ,5250.0,5250.0,202208.0,,5250.0,0.0,5250.0,1550.0,                                                            ,,,,,        ,,
1110817GF0000003,2022-08-17 00:00:00,GF ,CUS_00218,        ,1000.0,1000.0,202208.0,,1000.0,0.0,1000.0,300.0,                                                            ,,,,,        ,,
1110818GF0000001,2022-08-18 00:00:00,GF ,CUS_00555,        ,19500.0,19500.0,202208.0,,19500.0,0.0,19500.0,11000.0,[已隱蔽],,,,,        ,,
1110819GF0000001,2022-08-19 00:00:00,GF ,CUS_00598,        ,200.0,200.0,202208.0,,200.0,0.0,200.0,140.0,                                                            ,,,,,        ,,
1110819GF0000002,2022-08-19 00:00:00,GF ,CUS_00212,        ,2000.0,2000.0,202208.0,,2000.0,0.0,2000.0,730.0,                                                            ,,,,,        ,,
1110824GF0000001,2022-08-24 00:00:00,GF ,CUS_00003,        ,1400.0,1400.0,202208.0,,1400.0,0.0,1400.0,110.0,                                                            ,,,,,        ,,
1110824GF0000002,2022-08-24 00:00:00,GF ,CUS_00171,        ,11600.0,11600.0,202208.0,,11600.0,0.0,11600.0,10000.0,                                                            ,,,,,        ,,
1110824GF0000003,2022-08-24 00:00:00,GF ,CUS_00470,        ,2200.0,2200.0,202208.0,,2200.0,0.0,2200.0,540.0,                                                            ,,,,,        ,,
1110826GF0000001,2022-08-26 00:00:00,GF ,CUS_00257,        ,7000.0,7000.0,202208.0,,7000.0,0.0,7000.0,3620.0,                                                            ,,,,,        ,,
1110830GF0000001,2022-08-30 00:00:00,GF ,CUS_00370,        ,10240.0,10240.0,202208.0,,10240.0,0.0,10240.0,7290.0,                                                            ,,,,,        ,,
1110831GF0000001,2022-08-31 00:00:00,GF ,CUS_00733,        ,400.0,400.0,202208.0,,400.0,0.0,400.0,180.0,                                                            ,,,,,        ,,
1110831GF0000002,2022-08-31 00:00:00,GF ,CUS_00151,        ,23600.0,23600.0,202208.0,,23600.0,0.0,23600.0,14175.0,                                                            ,,,,,        ,,
1110831GF0000003,2022-08-31 00:00:00,GF ,CUS_00554,        ,6000.0,6000.0,202208.0,,6000.0,0.0,6000.0,3000.0,[已隱蔽],,,,,        ,,
1110831GF0000004,2022-08-31 00:00:00,GF ,CUS_00334,        ,5700.0,5700.0,202208.0,,5700.0,0.0,5700.0,1051.4,                                                            ,,,,,        ,,
1110902GF0000001,2022-09-02 00:00:00,GF ,CUS_00352,        ,3200.0,3200.0,202209.0,,3200.0,0.0,3200.0,2650.0,                                                            ,,,,,        ,,
1110906GF0000001,2022-09-06 00:00:00,GF ,CUS_00557,        ,500.0,500.0,202209.0,,500.0,0.0,500.0,500.0,                                                            ,,,,,        ,,
1110907GF0000001,2022-09-07 00:00:00,GF ,CUS_00598,        ,3000.0,3000.0,202209.0,,3000.0,0.0,3000.0,1500.0,                                                            ,,,,,        ,,
1110907GF0000002,2022-09-07 00:00:00,GF ,CUS_00572,        ,3000.0,3000.0,202209.0,,3000.0,0.0,3000.0,1500.0,[已隱蔽],,,,,        ,,
1110907GF0000003,2022-09-07 00:00:00,GF ,CUS_00683,        ,3250.0,3250.0,202209.0,,3250.0,0.0,3250.0,1245.0,                                                            ,,,,,        ,,
1110910GF0000001,2022-09-10 00:00:00,GF ,CUS_00493,        ,3800.0,3800.0,202209.0,,3800.0,0.0,3800.0,960.0,                                                            ,,,,,        ,,
1110910GF0000002,2022-09-10 00:00:00,GF ,CUS_00334,        ,2500.0,2500.0,202209.0,,2500.0,0.0,2500.0,520.0,                                                            ,,,,,        ,,
1130309GF0000002,2024-03-09 00:00:00,GF ,CUS_00076,        ,5200.0,5200.0,202403.0,,5200.0,0.0,5200.0,2380.0,[已隱蔽],,,,,        ,,
1110914GF0000001,2022-09-14 00:00:00,GF ,CUS_00094,        ,8500.0,8500.0,202209.0,,8500.0,0.0,8500.0,3550.0,                                                            ,,,,,        ,,
1110914GF0000002,2022-09-14 00:00:00,GF ,CUS_00495,        ,3200.0,3200.0,202209.0,,3200.0,0.0,3200.0,914.0,                                                            ,,,,,        ,,
1110915GF0000001,2022-09-15 00:00:00,GF ,CUS_00656,01      ,1250.0,1250.0,202209.0,,1250.0,0.0,1250.0,580.0,                                                            ,,,,,        ,,
1110915GF0000002,2022-09-15 00:00:00,GF ,CUS_00415,        ,5700.0,5700.0,202209.0,,5700.0,0.0,5700.0,1190.0,                                                            ,,,,,        ,,
1110915GF0000003,2022-09-15 00:00:00,GF ,CUS_00376,        ,2000.0,2000.0,202209.0,,2000.0,0.0,2000.0,800.0,                                                            ,[已隱蔽],,,,        ,,
1110916GF0000001,2022-09-16 00:00:00,GF ,CUS_00304,        ,4600.0,4600.0,202209.0,,4600.0,0.0,4600.0,2600.0,                                                            ,,,,,        ,,
1110916GF0000002,2022-09-16 00:00:00,GF ,CUS_00333,        ,4400.0,4400.0,202209.0,,4400.0,0.0,4400.0,2010.0,                                                            ,[已隱蔽],,,,        ,,
1110920GF0000001,2022-09-20 00:00:00,GF ,CUS_00549,        ,1600.0,1600.0,202209.0,,1600.0,0.0,1600.0,1100.0,[已隱蔽],,,,,        ,,
1110921GF0000001,2022-09-21 00:00:00,GF ,CUS_00356,        ,4500.0,4500.0,202209.0,,4500.0,0.0,4500.0,2200.0,                                                            ,,,,,        ,,
1110921GF0000002,2022-09-21 00:00:00,GF ,CUS_00074,        ,900.0,900.0,202209.0,,900.0,0.0,900.0,280.0,[已隱蔽],,,,,        ,,
1110922GF0000001,2022-09-22 00:00:00,GF ,CUS_00600,        ,7000.0,7000.0,202209.0,,7000.0,0.0,7000.0,5200.0,                                                            ,,,,,        ,,
1110923GF0000001,2022-09-23 00:00:00,GF ,CUS_00105,        ,17600.0,17600.0,202209.0,,17600.0,0.0,17600.0,11900.0,[已隱蔽],,,,,        ,,
1110924GF0000001,2022-09-24 00:00:00,GF ,CUS_00179,01      ,11700.0,11700.0,202209.0,,11700.0,0.0,11700.0,7930.0,                                                            ,,,,,        ,,
1110926GF0000001,2022-09-26 00:00:00,GF ,CUS_00084,        ,800.0,800.0,202210.0,,800.0,0.0,800.0,280.0,[已隱蔽],,,,,        ,,
1110927GF0000001,2022-09-27 00:00:00,GF ,CUS_00490,        ,6900.0,6900.0,202209.0,,6900.0,0.0,6900.0,2233.0,                                                            ,,,,,        ,,
1110928GF0000001,2022-09-28 00:00:00,GF ,CUS_00682,01      ,1050.0,1050.0,202210.0,,1050.0,0.0,1050.0,650.0,[已隱蔽],,,,,01      ,,
1111003GF0000001,2022-10-03 00:00:00,GF ,CUS_00314,        ,2600.0,2600.0,202210.0,,2600.0,0.0,2600.0,1055.0,                                                            ,,,,,        ,,
1111004GF0000001,2022-10-04 00:00:00,GF ,CUS_00074,        ,300.0,300.0,202210.0,,300.0,0.0,300.0,180.0,[已隱蔽],,,,,        ,,
1111005GF0000001,2022-10-05 00:00:00,GF ,CUS_00683,        ,10900.0,10900.0,202210.0,,10900.0,0.0,10900.0,5045.0,                                                            ,,,,,        ,,
1111005GF0000002,2022-10-05 00:00:00,GF ,CUS_00091,        ,16000.0,16000.0,202210.0,,16000.0,0.0,16000.0,4126.0,                                                            ,,,,,        ,,
1111006GF0000001,2022-10-06 00:00:00,GF ,CUS_00352,        ,3500.0,3500.0,202210.0,,3500.0,0.0,3500.0,2690.0,                                                            ,,,,,        ,,
1111008GF0000002,2022-10-08 00:00:00,GF ,CUS_00074,        ,750.0,750.0,202210.0,,750.0,0.0,750.0,380.0,[已隱蔽],,,,,        ,,
1111011GF0000001,2022-10-11 00:00:00,GF ,CUS_00350,        ,6150.0,6150.0,202210.0,,6150.0,0.0,6150.0,1452.0,                                                            ,,,,,        ,,
1111008GF0000003,2022-10-08 00:00:00,GF ,CUS_00472,        ,2600.0,2600.0,202210.0,,2600.0,0.0,2600.0,1060.0,                                                            ,,,,,        ,,
1111012GF0000001,2022-10-12 00:00:00,GF ,CUS_00618,        ,600.0,600.0,202210.0,,600.0,0.0,600.0,360.0,[已隱蔽],,,,,        ,,
1111014GF0000001,2022-10-14 00:00:00,GF ,CUS_00630,        ,11500.0,11500.0,202210.0,,11500.0,0.0,11500.0,7000.0,[已隱蔽],,,,,        ,,
1111014GF0000002,2022-10-14 00:00:00,GF ,CUS_00009,        ,2400.0,2400.0,202210.0,,2400.0,0.0,2400.0,910.0,                                                            ,,,,,        ,,
1111014GF0000003,2022-10-14 00:00:00,GF ,CUS_00572,        ,3000.0,3000.0,202210.0,,3000.0,0.0,3000.0,1500.0,[已隱蔽],,,,,        ,,
1111018GF0000001,2022-10-18 00:00:00,GF ,CUS_00379,        ,3000.0,3000.0,202210.0,,3000.0,0.0,3000.0,760.0,                                                            ,,,,,        ,,
1111019GF0000001,2022-10-19 00:00:00,GF ,CUS_00231,        ,1750.0,1750.0,202210.0,,1750.0,0.0,1750.0,480.0,                                                            ,,,,,        ,,
1111026GF0000001,2022-10-26 00:00:00,GF ,CUS_00533,        ,2800.0,2800.0,202210.0,,2800.0,0.0,2800.0,750.0,                                                            ,[已隱蔽],,,,        ,,
1111027GF0000001,2022-10-27 00:00:00,GF ,CUS_00580,        ,6500.0,6500.0,202210.0,,6500.0,0.0,6500.0,4500.0,                                                            ,,,,,        ,,
1111027GF0000002,2022-10-27 00:00:00,GF ,CUS_00706,        ,2000.0,2000.0,202210.0,,2000.0,0.0,2000.0,553.2,                                                            ,,,,,        ,,
1111028GF0000001,2022-10-28 00:00:00,GF ,CUS_00514,        ,3400.0,3400.0,202210.0,,3400.0,0.0,3400.0,1460.0,                                                            ,,,,,        ,,
1111031GF0000001,2022-10-31 00:00:00,GF ,CUS_00720,        ,2200.0,2200.0,202210.0,,2200.0,0.0,2200.0,900.0,                                                            ,,,,,        ,,
1111101GF0000001,2022-11-01 00:00:00,GF ,CUS_00733,        ,1000.0,1000.0,202211.0,,1000.0,0.0,1000.0,415.0,                                                            ,,,,,        ,,
1111101GF0000002,2022-11-01 00:00:00,GF ,CUS_00066,        ,9200.0,9200.0,202211.0,,9200.0,0.0,9200.0,3235.0,                                                            ,[已隱蔽],,,,        ,,
1111102GF0000001,2022-11-02 00:00:00,GF ,CUS_00469,        ,1500.0,1500.0,202211.0,,1500.0,0.0,1500.0,260.0,                                                            ,,,,,        ,,
1111102GF0000002,2022-11-02 00:00:00,GF ,CUS_00404,        ,16000.0,16000.0,202211.0,,16000.0,0.0,16000.0,6650.0,                                                            ,,,,,        ,,
1111103GF0000001,2022-11-03 00:00:00,GF ,CUS_00694,        ,2750.0,2750.0,202211.0,,2750.0,0.0,2750.0,725.0,                                                            ,,,,,        ,,
1111103GF0000002,2022-11-03 00:00:00,GF ,CUS_00706,        ,600.0,600.0,202211.0,,600.0,0.0,600.0,350.0,                                                            ,,,,,        ,,
1111104GF0000001,2022-11-04 00:00:00,GF ,CUS_00588,        ,300.0,300.0,202211.0,,300.0,0.0,300.0,120.0,[已隱蔽],,,,,        ,,
1111104GF0000002,2022-11-04 00:00:00,GF ,CUS_00630,        ,17000.0,17000.0,202211.0,,17000.0,0.0,17000.0,11100.0,[已隱蔽],,,,,        ,,
1111104GF0000003,2022-11-04 00:00:00,GF ,CUS_00630,        ,1500.0,1500.0,202211.0,,1500.0,0.0,1500.0,705.0,[已隱蔽],,,,,        ,,
1111105GF0000002,2022-11-05 00:00:00,GF ,CUS_00731,        ,13900.0,13900.0,202211.0,,13900.0,0.0,13900.0,6835.0,                                                            ,,,,,        ,,
1111108GF0000001,2022-11-08 00:00:00,GF ,CUS_00733,        ,500.0,500.0,202211.0,,500.0,0.0,500.0,180.0,                                                            ,,,,,        ,,
1111108GF0000002,2022-11-08 00:00:00,GF ,CUS_00478,        ,4000.0,4000.0,202211.0,,4000.0,0.0,4000.0,960.0,                                                            ,[已隱蔽],,,,        ,,
1111109GF0000001,2022-11-09 00:00:00,GF ,CUS_00555,        ,800.0,800.0,202211.0,,800.0,0.0,800.0,0.0,[已隱蔽],,,,,        ,,
1111110GF0000001,2022-11-10 00:00:00,GF ,CUS_00704,        ,560.0,560.0,202211.0,,560.0,0.0,560.0,350.0,[已隱蔽],,,,,        ,,
1111110GF0000003,2022-11-10 00:00:00,GF ,CUS_00058,        ,3500.0,3500.0,202211.0,,3500.0,0.0,3500.0,950.0,                                                            ,,,,,        ,,
1111112GF0000001,2022-11-12 00:00:00,GF ,CUS_00513,        ,7700.0,7700.0,202211.0,,7700.0,0.0,7700.0,4360.0,                                                            ,,,,,        ,,
1111116GF0000001,2022-11-16 00:00:00,GF ,CUS_00490,        ,5400.0,5400.0,202211.0,[車牌]203       ,5400.0,0.0,5670.0,1816.0,[已隱蔽],[已隱蔽],,,,        ,,
1111116GF0000002,2022-11-16 00:00:00,GF ,CUS_00511,        ,2500.0,2500.0,202211.0,,2500.0,0.0,2500.0,450.0,                                                            ,,,,,        ,,
1111117GF0000001,2022-11-17 00:00:00,GF ,CUS_00076,        ,3000.0,3000.0,202211.0,,3000.0,0.0,3000.0,1500.0,[已隱蔽],,,,,        ,,
1111117GF0000002,2022-11-17 00:00:00,GF ,CUS_00311,        ,24500.0,24500.0,202211.0,,24500.0,0.0,24500.0,14500.0,                                                            ,,,,,        ,,
1111118GF0000001,2022-11-18 00:00:00,GF ,CUS_00158,        ,1800.0,1800.0,202211.0,,1800.0,0.0,1800.0,400.0,                                                            ,,,,,        ,,
1111118GF0000002,2022-11-18 00:00:00,GF ,CUS_00472,        ,18750.0,18750.0,202211.0,,18750.0,0.0,18750.0,11095.0,                                                            ,[已隱蔽],,,,        ,,
1111122GF0000001,2022-11-22 00:00:00,GF ,CUS_00683,        ,9400.0,9400.0,202211.0,,9400.0,0.0,9400.0,5220.0,                                                            ,,,,,        ,,
1111123GF0000001,2022-11-23 00:00:00,GF ,CUS_00074,        ,300.0,300.0,202211.0,,300.0,0.0,300.0,180.0,[已隱蔽],,,,,        ,,
1111123GF0000002,2022-11-23 00:00:00,GF ,CUS_00656,        ,1250.0,1250.0,202211.0,,1250.0,0.0,1250.0,580.0,                                                            ,,,,,        ,,
1111124GF0000001,2022-11-24 00:00:00,GF ,CUS_00498,        ,3400.0,3400.0,202211.0,,3400.0,0.0,3400.0,1039.8,                                                            ,,,,,        ,,
1111125GF0000001,2022-11-25 00:00:00,GF ,CUS_00091,        ,2500.0,2500.0,202211.0,,2500.0,0.0,2500.0,130.0,                                                            ,,,,,        ,,
1111125GF0000002,2022-11-25 00:00:00,GF ,CUS_00158,        ,7400.0,7400.0,202211.0,,7400.0,0.0,7400.0,2180.0,                                                            ,,,,,        ,,
1111125GF0000003,2022-11-25 00:00:00,GF ,CUS_00682,01      ,700.0,700.0,202211.0,,700.0,0.0,700.0,380.0,[已隱蔽],,,,,01      ,,
1111126GF0000001,2022-11-26 00:00:00,GF ,CUS_00197,        ,1400.0,1400.0,202211.0,,1400.0,0.0,1400.0,480.0,                                                            ,,,,,        ,,
1111126GF0000002,2022-11-26 00:00:00,GF ,CUS_00193,        ,10140.0,10140.0,202211.0,,10140.0,0.0,10140.0,4350.0,                                                            ,,,,,        ,,
1111126GF0000003,2022-11-26 00:00:00,GF ,CUS_00498,        ,1940.0,1940.0,202211.0,,1940.0,0.0,1940.0,1161.0,                                                            ,,,,,        ,,
1111128GF0000001,2022-11-28 00:00:00,GF ,CUS_00425,        ,4500.0,4500.0,202211.0,,4500.0,0.0,4500.0,2700.0,                                                            ,,,,,        ,,
1111129GF0000001,2022-11-29 00:00:00,GF ,CUS_00694,        ,1250.0,1250.0,202211.0,,1250.0,0.0,1250.0,80.0,                                                            ,,,,,        ,,
1111129GF0000002,2022-11-29 00:00:00,GF ,CUS_00427,        ,2500.0,2500.0,202211.0,,2500.0,0.0,2500.0,1200.0,                                                            ,,,,,        ,,
1111129GF0000003,2022-11-29 00:00:00,GF ,CUS_00498,        ,2000.0,2000.0,202211.0,,2000.0,0.0,2000.0,1200.0,                                                            ,,,,,        ,,
1111130GF0000001,2022-11-30 00:00:00,GF ,CUS_00365,        ,2600.0,2600.0,202211.0,,2600.0,0.0,2600.0,1850.0,                                                            ,,,,,        ,,
1111130GF0000002,2022-11-30 00:00:00,GF ,CUS_00648,        ,150.0,150.0,202211.0,,150.0,0.0,150.0,50.0,                                                            ,,,,,        ,,
1111201GF0000001,2022-12-01 00:00:00,GF ,CUS_00086,        ,16300.0,16300.0,202212.0,,16300.0,0.0,16300.0,7287.0,[已隱蔽],,,,,        ,,
1111205GF0000001,2022-12-05 00:00:00,GF ,CUS_00206,        ,11500.0,11500.0,202212.0,,11500.0,0.0,11500.0,7500.0,                                                            ,,,,,        ,,
1111206GF0000001,2022-12-06 00:00:00,GF ,CUS_00086,        ,1000.0,1000.0,202212.0,,1000.0,0.0,1000.0,340.0,[已隱蔽],,,,,        ,,
1111206GF0000002,2022-12-06 00:00:00,GF ,CUS_00498,        ,2850.0,2850.0,202212.0,,2850.0,0.0,2850.0,1988.0,                                                            ,,,,,        ,,
1111206GF0000003,2022-12-06 00:00:00,GF ,CUS_00495,        ,8300.0,8300.0,202212.0,,8300.0,0.0,8300.0,3120.0,                                                            ,,,,,        ,,
1111207GF0000001,2022-12-07 00:00:00,GF ,CUS_00656,        ,750.0,750.0,202212.0,,750.0,0.0,750.0,380.0,                                                            ,,,,,        ,,
1111207GF0000002,2022-12-07 00:00:00,GF ,CUS_00214,        ,5700.0,5700.0,202212.0,,5700.0,0.0,5700.0,950.0,                                                            ,,,,,        ,,
1111208GF0000001,2022-12-08 00:00:00,GF ,CUS_00442,        ,5300.0,5300.0,202212.0,,5300.0,0.0,5300.0,1850.0,                                                            ,,,,,        ,,
1111208GF0000002,2022-12-08 00:00:00,GF ,CUS_00718,        ,800.0,800.0,202212.0,,800.0,0.0,800.0,370.0,                                                            ,,,,,        ,,
1111209GF0000001,2022-12-09 00:00:00,GF ,CUS_00675,        ,3000.0,3000.0,202212.0,,3000.0,0.0,3000.0,450.0,                                                            ,,,,,        ,,
1111211GF0000001,2022-12-11 00:00:00,GF ,CUS_00630,        ,700.0,700.0,202212.0,,700.0,0.0,700.0,280.0,[已隱蔽],,,,,        ,,
1111211GF0000002,2022-12-11 00:00:00,GF ,CUS_00555,        ,2500.0,2500.0,202212.0,,2500.0,0.0,2500.0,1200.0,[已隱蔽],,,,,        ,,
1111210GF0000001,2022-12-10 00:00:00,GF ,CUS_00321,        ,22000.0,22000.0,202212.0,,22000.0,0.0,22000.0,10000.0,                                                            ,,,,,        ,,
1111212GF0000001,2022-12-12 00:00:00,GF ,CUS_00694,        ,300.0,300.0,202212.0,,300.0,0.0,300.0,72.0,                                                            ,,,,,        ,,
1111212GF0000002,2022-12-12 00:00:00,GF ,CUS_00076,        ,5000.0,5000.0,202212.0,,5000.0,0.0,5000.0,2900.0,[已隱蔽],,,,,        ,,
1111213GF0000001,2022-12-13 00:00:00,GF ,CUS_00682,01      ,1050.0,1050.0,202212.0,,1050.0,0.0,1050.0,480.0,[已隱蔽],,,,,01      ,,
1111214GF0000001,2022-12-14 00:00:00,GF ,CUS_00090,        ,3000.0,3000.0,202212.0,,3000.0,0.0,3000.0,1330.0,                                                            ,,,,,        ,,
1111214GF0000002,2022-12-14 00:00:00,GF ,CUS_00650,        ,2000.0,2000.0,202212.0,,2000.0,0.0,2000.0,1600.0,                                                            ,,,,,        ,,
1111214GF0000003,2022-12-14 00:00:00,GF ,CUS_00682,01      ,800.0,800.0,202212.0,,800.0,0.0,800.0,630.0,[已隱蔽],,,,,01      ,,
1111214GF0000004,2022-12-14 00:00:00,GF ,CUS_00223,        ,1700.0,1700.0,202212.0,,1700.0,0.0,1700.0,530.0,                                                            ,[已隱蔽],,,,        ,,
1111214GF0000005,2022-12-14 00:00:00,GF ,CUS_00074,        ,3500.0,3500.0,202212.0,,3500.0,0.0,3500.0,2690.0,[已隱蔽],,,,,        ,,
1111214GF0000006,2022-12-14 00:00:00,GF ,CUS_00037,        ,3800.0,3800.0,202212.0,,3800.0,0.0,3800.0,710.0,                                                            ,,,,,        ,,
1111215GF0000001,2022-12-15 00:00:00,GF ,CUS_00184,        ,2100.0,2100.0,202212.0,,2100.0,0.0,2100.0,1500.0,                                                            ,,,,,        ,,
1111216GF0000001,2022-12-16 00:00:00,GF ,CUS_00355,        ,2700.0,2700.0,202212.0,,2700.0,0.0,2700.0,880.0,                                                            ,[已隱蔽],,,,        ,,
1111217GF0000001,2022-12-17 00:00:00,GF ,CUS_00656,        ,750.0,750.0,202212.0,,750.0,0.0,750.0,380.0,                                                            ,,,,,        ,,
1111209GF0000002,2022-12-09 00:00:00,GF ,CUS_00722,        ,6500.0,6500.0,202212.0,,6500.0,0.0,6500.0,4300.0,                                                            ,,,,,        ,,
1111222GF0000001,2022-12-22 00:00:00,GF ,CUS_00561,        ,4000.0,4000.0,202212.0,,4000.0,0.0,4000.0,1300.0,                                                            ,[已隱蔽],,,,        ,,
1111223GF0000001,2022-12-23 00:00:00,GF ,CUS_00196,        ,5500.0,5500.0,202212.0,,5500.0,0.0,5500.0,2749.0,                                                            ,,,,,        ,,
1111224GF0000001,2022-12-24 00:00:00,GF ,CUS_00694,        ,2100.0,2100.0,202212.0,,2100.0,0.0,2100.0,586.4,                                                            ,,,,,        ,,
1111224GF0000002,2022-12-24 00:00:00,GF ,CUS_00272,        ,7000.0,7000.0,202212.0,,7000.0,0.0,7000.0,1180.0,                                                            ,,,,,        ,,
1111226GF0000001,2022-12-26 00:00:00,GF ,CUS_00035,        ,19400.0,19400.0,202212.0,,19400.0,0.0,19400.0,13500.0,                                                            ,,,,,        ,,
1111226GF0000002,2022-12-26 00:00:00,GF ,CUS_00244,        ,5000.0,5000.0,202212.0,,5000.0,0.0,5000.0,1550.0,                                                            ,,,,,        ,,
1111226GF0000003,2022-12-26 00:00:00,GF ,CUS_00284,        ,2500.0,2500.0,202212.0,,2500.0,0.0,2500.0,450.0,                                                            ,,,,,        ,,
1111227GF0000001,2022-12-27 00:00:00,GF ,CUS_00140,        ,2600.0,2600.0,202212.0,,2600.0,0.0,2600.0,1200.0,                                                            ,,,,,        ,,
1111228GF0000001,2022-12-28 00:00:00,GF ,CUS_00704,        ,1100.0,1100.0,202212.0,,1100.0,0.0,1100.0,600.0,[已隱蔽],,,,,        ,,
1111228GF0000002,2022-12-28 00:00:00,GF ,CUS_00131,        ,1500.0,1500.0,202212.0,,1500.0,0.0,1500.0,500.0,                                                            ,,,,,        ,,
1111228GF0000003,2022-12-28 00:00:00,GF ,CUS_00722,        ,800.0,800.0,202212.0,,800.0,0.0,800.0,0.0,                                                            ,,,,,        ,,
1111229GF0000001,2022-12-29 00:00:00,GF ,CUS_00694,        ,23150.0,23150.0,202212.0,,23150.0,0.0,23150.0,8790.0,                                                            ,,,,,        ,,
1111230GF0000001,2022-12-30 00:00:00,GF ,CUS_00254,        ,7000.0,7000.0,202212.0,,7000.0,0.0,7000.0,2195.0,                                                            ,[已隱蔽],,,,        ,,
1111231GF0000001,2022-12-31 00:00:00,GF ,CUS_00196,        ,1600.0,1600.0,202212.0,,1600.0,0.0,1600.0,540.0,                                                            ,,,,,        ,,
1111231GF0000002,2022-12-31 00:00:00,GF ,CUS_00238,        ,4000.0,4000.0,202212.0,,4000.0,0.0,4000.0,1810.0,                                                            ,,,,,        ,,
1111231GF0000003,2022-12-31 00:00:00,GF ,CUS_00022,        ,3300.0,3300.0,202212.0,,3300.0,0.0,3300.0,630.0,                                                            ,,,,,        ,,
1111206GF0000004,2022-12-06 00:00:00,GF ,CUS_00231,        ,3000.0,3000.0,202212.0,,3000.0,0.0,3000.0,1000.0,                                                            ,,,,,        ,,
1120104GF0000001,2023-01-04 00:00:00,GF ,CUS_00022,        ,17800.0,17800.0,202301.0,,17800.0,0.0,17800.0,12200.0,                                                            ,,,,,        ,,
1120105GF0000001,2023-01-05 00:00:00,GF ,CUS_00682,01      ,200.0,200.0,202301.0,,200.0,0.0,200.0,81.8,[已隱蔽],,,,,01      ,,
1120105GF0000002,2023-01-05 00:00:00,GF ,CUS_00733,        ,23000.0,23000.0,202301.0,,23000.0,0.0,23000.0,13780.0,                                                            ,,,,,        ,,
1120105GF0000003,2023-01-05 00:00:00,GF ,CUS_00618,        ,4500.0,4500.0,202301.0,,4500.0,0.0,4500.0,3850.0,[已隱蔽],,,,,        ,,
1120106GF0000001,2023-01-06 00:00:00,GF ,CUS_00073,        ,2000.0,2000.0,202301.0,,2000.0,0.0,2000.0,550.0,                                                            ,,,,,        ,,
1120107GF0000001,2023-01-07 00:00:00,GF ,CUS_00077,        ,2500.0,2500.0,202301.0,,2500.0,0.0,2500.0,1500.0,                                                            ,,,,,        ,,
1120107GF0000002,2023-01-07 00:00:00,GF ,CUS_00054,        ,5200.0,5200.0,202301.0,,5200.0,0.0,5200.0,4500.0,                                                            ,,,,,        ,,
1120109GF0000001,2023-01-09 00:00:00,GF ,CUS_00007,        ,2000.0,2000.0,202301.0,,2000.0,0.0,2000.0,310.0,                                                            ,,,,,        ,,
1120109GF0000002,2023-01-09 00:00:00,GF ,CUS_00549,        ,700.0,700.0,202301.0,,700.0,0.0,700.0,400.0,[已隱蔽],,,,,        ,,
1120109GF0000003,2023-01-09 00:00:00,GF ,CUS_00694,        ,400.0,400.0,202301.0,,400.0,0.0,400.0,200.0,                                                            ,,,,,        ,,
1120110GF0000001,2023-01-10 00:00:00,GF ,CUS_00508,        ,2000.0,2000.0,202301.0,,2000.0,0.0,2000.0,550.0,                                                            ,,,,,        ,,
1120112GF0000001,2023-01-12 00:00:00,GF ,CUS_00272,        ,18500.0,18500.0,202301.0,,18500.0,0.0,18500.0,12000.0,                                                            ,,,,,        ,,
1120112GF0000002,2023-01-12 00:00:00,GF ,CUS_00254,01      ,12000.0,12000.0,202301.0,,12000.0,0.0,12000.0,10400.0,                                                            ,,,,,        ,,
1120113GF0000001,2023-01-13 00:00:00,GF ,CUS_00067,        ,2100.0,2100.0,202301.0,,2100.0,0.0,2100.0,682.0,                                                            ,[已隱蔽],,,,        ,,
1120113GF0000002,2023-01-13 00:00:00,GF ,CUS_00151,        ,1700.0,1700.0,202301.0,,1700.0,0.0,1700.0,770.0,                                                            ,,,,,        ,,
1120114GF0000001,2023-01-14 00:00:00,GF ,CUS_00031,        ,6000.0,6000.0,202301.0,,6000.0,0.0,6000.0,1750.0,                                                            ,[已隱蔽],,,,        ,,
1120115GF0000001,2023-01-15 00:00:00,GF ,CUS_00733,        ,7500.0,7500.0,202301.0,,7500.0,0.0,7500.0,2300.0,                                                            ,,,,,        ,,
1120116GF0000001,2023-01-16 00:00:00,GF ,CUS_00694,        ,1620.0,1620.0,202301.0,,1620.0,0.0,1620.0,720.0,                                                            ,,,,,        ,,
1120117GF0000001,2023-01-17 00:00:00,GF ,CUS_00076,        ,250.0,250.0,202301.0,,250.0,0.0,250.0,120.0,[已隱蔽],,,,,        ,,
1120210GF0000001,2023-02-10 00:00:00,GF ,CUS_00081,        ,20000.0,20000.0,202302.0,,20000.0,0.0,20000.0,10724.0,                                                            ,,,,,        ,,
1120117GF0000002,2023-01-17 00:00:00,GF ,CUS_00694,        ,260.0,260.0,202301.0,,260.0,0.0,260.0,129.0,                                                            ,,,,,        ,,
1120117GF0000003,2023-01-17 00:00:00,GF ,CUS_00704,        ,160.0,160.0,202301.0,,160.0,0.0,160.0,80.0,[已隱蔽],,,,,        ,,
1120117GF0000004,2023-01-17 00:00:00,GF ,CUS_00074,        ,800.0,800.0,202301.0,,800.0,0.0,800.0,350.0,[已隱蔽],,,,,        ,,
1120118GF0000001,2023-01-18 00:00:00,GF ,CUS_00694,        ,20000.0,20000.0,202301.0,,20000.0,0.0,20000.0,11000.0,                                                            ,,,,,        ,,
1120118GF0000002,2023-01-18 00:00:00,GF ,CUS_00086,        ,1500.0,1500.0,202301.0,,1500.0,0.0,1500.0,800.0,[已隱蔽],,,,,        ,,
1120118GF0000003,2023-01-18 00:00:00,GF ,CUS_00231,        ,1500.0,1500.0,202301.0,,1500.0,0.0,1500.0,640.0,                                                            ,,,,,        ,,
1120119GF0000001,2023-01-19 00:00:00,GF ,CUS_00557,        ,1850.0,1850.0,202301.0,,1850.0,0.0,1850.0,1550.0,                                                            ,,,,,        ,,
1120119GF0000002,2023-01-19 00:00:00,GF ,CUS_00052,        ,2000.0,2000.0,202301.0,,2000.0,0.0,2000.0,700.0,                                                            ,,,,,        ,,
1120119GF0000003,2023-01-19 00:00:00,GF ,CUS_00464,        ,3700.0,3700.0,202301.0,,3700.0,0.0,3700.0,1090.0,                                                            ,,,,,        ,,
1120120GF0000001,2023-01-20 00:00:00,GF ,CUS_00376,        ,1500.0,1500.0,202301.0,,1500.0,0.0,1500.0,680.0,                                                            ,[已隱蔽],,,,        ,,
1120120GF0000002,2023-01-20 00:00:00,GF ,CUS_00088,        ,5675.0,5675.0,202301.0,,5675.0,0.0,5675.0,2340.0,                                                            ,,,,,        ,,
1120121GF0000001,2023-01-21 00:00:00,GF ,CUS_00733,        ,1900.0,1900.0,202301.0,,1900.0,0.0,1900.0,700.0,                                                            ,,,,,        ,,
1120129GF0000001,2023-01-29 00:00:00,GF ,CUS_00694,        ,2500.0,2500.0,202301.0,,2500.0,0.0,2500.0,240.0,                                                            ,,,,,        ,,
1120131GF0000001,2023-01-31 00:00:00,GF ,CUS_00279,        ,5500.0,5500.0,202301.0,,5500.0,0.0,5500.0,2000.0,                                                            ,,,,,        ,,
1120131GF0000002,2023-01-31 00:00:00,GF ,CUS_00557,        ,600.0,600.0,202301.0,,600.0,0.0,600.0,350.0,                                                            ,,,,,        ,,
1120201GF0000002,2023-02-01 00:00:00,GF ,CUS_00681,        ,1000.0,1000.0,202302.0,,1000.0,0.0,1000.0,200.0,                                                            ,,,,,        ,,
1120202GF0000001,2023-02-02 00:00:00,GF ,CUS_00694,        ,3000.0,3000.0,202302.0,,3000.0,0.0,3000.0,774.0,                                                            ,,,,,        ,,
1120202GF0000002,2023-02-02 00:00:00,GF ,CUS_00686,        ,1000.0,1000.0,202302.0,,1000.0,0.0,1000.0,500.0,                                                            ,,,,,        ,,
1120203GF0000001,2023-02-03 00:00:00,GF ,CUS_00409,        ,2100.0,2100.0,202302.0,,2100.0,0.0,2100.0,810.0,                                                            ,,,,,        ,,
1120203GF0000002,2023-02-03 00:00:00,GF ,CUS_00032,        ,10000.0,10000.0,202302.0,,10000.0,0.0,10000.0,7000.0,                                                            ,,,,,        ,,
1120203GF0000003,2023-02-03 00:00:00,GF ,CUS_00365,        ,4500.0,4500.0,202302.0,,4500.0,0.0,4500.0,1693.0,                                                            ,[已隱蔽],,,,        ,,
1120204GF0000001,2023-02-04 00:00:00,GF ,CUS_00408,        ,2900.0,2900.0,202302.0,,2900.0,0.0,2900.0,700.0,                                                            ,,,,,        ,,
1120204GF0000002,2023-02-04 00:00:00,GF ,CUS_00176,        ,5000.0,5000.0,202302.0,,5000.0,0.0,5000.0,3000.0,                                                            ,,,,,        ,,
1120208GF0000001,2023-02-08 00:00:00,GF ,CUS_00035,        ,1500.0,1500.0,202302.0,,1500.0,0.0,1500.0,700.0,                                                            ,,,,,        ,,
1120207GF0000002,2023-02-07 00:00:00,GF ,CUS_00085,        ,5300.0,5300.0,202302.0,,5300.0,0.0,5300.0,1725.0,                                                            ,[已隱蔽],,,,        ,,
1120216GF0000001,2023-02-16 00:00:00,GF ,CUS_00076,        ,6000.0,6000.0,202302.0,,6000.0,0.0,6000.0,3300.0,[已隱蔽],,,,,        ,,
1120216GF0000002,2023-02-16 00:00:00,GF ,CUS_00518,        ,11600.0,11600.0,202302.0,,11600.0,0.0,11600.0,3700.0,                                                            ,,,,,        ,,
1120216GF0000003,2023-02-16 00:00:00,GF ,CUS_00023,        ,1500.0,1500.0,202302.0,,1500.0,0.0,1500.0,400.0,                                                            ,,,,,        ,,
1120216GF0000004,2023-02-16 00:00:00,GF ,CUS_00275,        ,400.0,400.0,202302.0,,400.0,0.0,400.0,120.0,                                                            ,,,,,        ,,
1120217GF0000002,2023-02-17 00:00:00,GF ,CUS_00615,        ,700.0,700.0,202302.0,,700.0,0.0,700.0,100.0,                                                            ,,,,,        ,,
1120217GF0000003,2023-02-17 00:00:00,GF ,CUS_00533,        ,1200.0,1200.0,202302.0,,1200.0,0.0,1200.0,500.0,                                                            ,,,,,        ,,
1120220GF0000001,2023-02-20 00:00:00,GF ,CUS_00210,        ,1800.0,1800.0,202302.0,,1800.0,0.0,1800.0,520.0,                                                            ,,,,,        ,,
1120221GF0000001,2023-02-21 00:00:00,GF ,CUS_00630,        ,750.0,750.0,202302.0,,750.0,0.0,750.0,430.0,[已隱蔽],,,,,        ,,
1120221GF0000002,2023-02-21 00:00:00,GF ,CUS_00217,        ,5450.0,5450.0,202302.0,,5450.0,0.0,5450.0,2080.0,                                                            ,[已隱蔽],,,,        ,,
1120222GF0000001,2023-02-22 00:00:00,GF ,CUS_00694,        ,1900.0,1900.0,202302.0,,1900.0,0.0,1900.0,910.0,                                                            ,,,,,        ,,
1120223GF0000001,2023-02-23 00:00:00,GF ,CUS_00026,        ,32050.0,32050.0,202302.0,,32050.0,0.0,32050.0,10418.0,                                                            ,,,,,        ,,
1120222GF0000002,2023-02-22 00:00:00,GF ,CUS_00482,        ,1500.0,1500.0,202302.0,,1500.0,0.0,1500.0,500.0,                                                            ,,,,,        ,,
1120223GF0000002,2023-02-23 00:00:00,GF ,CUS_00701,        ,5600.0,5600.0,202302.0,HY[電話]      ,5600.0,0.0,5880.0,3800.0,                                                            ,,,,,        ,,
1120223GF0000003,2023-02-23 00:00:00,GF ,CUS_00305,        ,7700.0,7700.0,202302.0,,7700.0,0.0,7700.0,6500.0,                                                            ,,,,,        ,,
1120225GF0000001,2023-02-25 00:00:00,GF ,CUS_00076,        ,150.0,150.0,202302.0,,150.0,0.0,150.0,68.0,[已隱蔽],,,,,        ,,
1120228GF0000001,2023-02-28 00:00:00,GF ,CUS_00694,        ,600.0,600.0,202302.0,,600.0,0.0,600.0,215.0,                                                            ,,,,,        ,,
1120301GF0000001,2023-03-01 00:00:00,GF ,CUS_00607,        ,3850.0,3850.0,202303.0,,3850.0,0.0,3850.0,1805.0,                                                            ,,,,,        ,,
1120303GF0000001,2023-03-03 00:00:00,GF ,CUS_00686,        ,3000.0,3000.0,202303.0,,3000.0,0.0,3000.0,1650.0,                                                            ,,,,,        ,,
1120303GF0000002,2023-03-03 00:00:00,GF ,CUS_00132,        ,460.0,460.0,202303.0,,460.0,0.0,460.0,160.0,                                                            ,,,,,        ,,
1120304GF0000001,2023-03-04 00:00:00,GF ,CUS_00074,        ,1300.0,1300.0,202303.0,,1300.0,0.0,1300.0,680.0,[已隱蔽],,,,,        ,,
1120304GF0000002,2023-03-04 00:00:00,GF ,CUS_00080,        ,900.0,900.0,202303.0,,900.0,0.0,900.0,420.0,                                                            ,,,,,        ,,
1120306GF0000001,2023-03-06 00:00:00,GF ,CUS_00533,        ,750.0,750.0,202303.0,,750.0,0.0,750.0,380.0,                                                            ,,,,,        ,,
1120306GF0000002,2023-03-06 00:00:00,GF ,CUS_00299,        ,4200.0,4200.0,202303.0,,4200.0,0.0,4200.0,1830.0,                                                            ,,,,,        ,,
1120308GF0000001,2023-03-08 00:00:00,GF ,CUS_00682,01      ,3000.0,3000.0,202303.0,,3000.0,0.0,3000.0,2200.0,[已隱蔽],,,,,01      ,,
1120309GF0000001,2023-03-09 00:00:00,GF ,CUS_00694,        ,2000.0,2000.0,202303.0,,2000.0,0.0,2000.0,610.0,                                                            ,,,,,        ,,
1120311GF0000001,2023-03-11 00:00:00,GF ,CUS_00066,        ,6500.0,6500.0,202303.0,,6500.0,0.0,6500.0,2243.0,                                                            ,[已隱蔽],,,,        ,,
1120313GF0000001,2023-03-13 00:00:00,GF ,CUS_00026,        ,6500.0,6500.0,202303.0,,6500.0,0.0,6500.0,2501.8,                                                            ,,,,,        ,,
1120313GF0000002,2023-03-13 00:00:00,GF ,CUS_00512,        ,1650.0,1650.0,202303.0,,1650.0,0.0,1650.0,640.0,                                                            ,,,,,        ,,
1120315GF0000001,2023-03-15 00:00:00,GF ,CUS_00517,        ,18000.0,18000.0,202303.0,,18000.0,0.0,18000.0,7900.0,                                                            ,,,,,        ,,
1120315GF0000002,2023-03-15 00:00:00,GF ,CUS_00682,01      ,1700.0,1700.0,202303.0,,1700.0,0.0,1700.0,900.0,[已隱蔽],,,,,01      ,,
1120315GF0000003,2023-03-15 00:00:00,GF ,CUS_00691,        ,1800.0,1800.0,202303.0,,1800.0,0.0,1800.0,900.0,                                                            ,,,,,        ,,
1120317GF0000001,2023-03-17 00:00:00,GF ,CUS_00076,        ,1600.0,1600.0,202303.0,,1600.0,0.0,1600.0,900.0,[已隱蔽],,,,,        ,,
1120316GF0000001,2023-03-16 00:00:00,GF ,CUS_00331,        ,1600.0,1600.0,202303.0,,1600.0,0.0,1600.0,500.0,                                                            ,,,,,        ,,
1120318GF0000001,2023-03-18 00:00:00,GF ,CUS_00166,        ,8500.0,8500.0,202303.0,,8500.0,0.0,8500.0,3300.0,                                                            ,,,,,        ,,
1120320GF0000001,2023-03-20 00:00:00,GF ,CUS_00512,        ,4200.0,4200.0,202303.0,,4200.0,0.0,4200.0,1238.0,                                                            ,,,,,        ,,
1120320GF0000002,2023-03-20 00:00:00,GF ,CUS_00518,        ,1200.0,1200.0,202303.0,,1200.0,0.0,1200.0,650.0,                                                            ,,,,,        ,,
1120322GF0000001,2023-03-22 00:00:00,GF ,CUS_00026,        ,10500.0,10500.0,202303.0,,10500.0,0.0,10500.0,3050.0,                                                            ,,,,,        ,,
1120323GF0000001,2023-03-23 00:00:00,GF ,CUS_00148,        ,23000.0,23000.0,202303.0,,23000.0,0.0,23000.0,13000.0,                                                            ,,,,,01      ,,
1120323GF0000002,2023-03-23 00:00:00,GF ,CUS_00066,        ,4000.0,4000.0,202303.0,,4000.0,0.0,4000.0,1200.0,                                                            ,,,,,        ,,
1120327GF0000001,2023-03-27 00:00:00,GF ,CUS_00017,        ,8500.0,8500.0,202303.0,,8500.0,0.0,8500.0,4350.0,                                                            ,,,,,        ,,
1120328GF0000001,2023-03-28 00:00:00,GF ,CUS_00231,        ,4500.0,4500.0,202303.0,,4500.0,0.0,4500.0,1796.0,                                                            ,,,,,        ,,
1120328GF0000002,2023-03-28 00:00:00,GF ,CUS_00236,        ,2600.0,2600.0,202303.0,,2600.0,0.0,2600.0,1040.0,                                                            ,,,,,        ,,
1120329GF0000001,2023-03-29 00:00:00,GF ,CUS_00423,        ,6000.0,6000.0,202303.0,,6000.0,0.0,6000.0,2355.0,                                                            ,,,,,        ,,
1120330GF0000001,2023-03-30 00:00:00,GF ,CUS_00101,        ,4000.0,4000.0,202303.0,,4000.0,0.0,4000.0,2818.0,                                                            ,,,,,        ,,
1120330GF0000002,2023-03-30 00:00:00,GF ,CUS_00622,        ,300.0,300.0,202303.0,,300.0,0.0,300.0,142.0,                                                            ,,,,,        ,,
1120331GF0000001,2023-03-31 00:00:00,GF ,CUS_00299,        ,2300.0,2300.0,202303.0,,2300.0,0.0,2300.0,438.0,                                                            ,,,,,        ,,
1120331GF0000002,2023-03-31 00:00:00,GF ,CUS_00072,        ,12400.0,12400.0,202303.0,,12400.0,0.0,12400.0,7195.0,                                                            ,,,,,        ,,
1120331GF0000003,2023-03-31 00:00:00,GF ,CUS_00557,        ,25200.0,25200.0,202303.0,,25200.0,0.0,25200.0,12200.0,                                                            ,,,,,        ,,
1120331GF0000004,2023-03-31 00:00:00,GF ,CUS_00507,        ,3100.0,3100.0,202303.0,,3100.0,0.0,3100.0,1358.0,                                                            ,,,,,        ,,
1120401GF0000001,2023-04-01 00:00:00,GF ,CUS_00622,        ,8060.0,8060.0,202304.0,,8060.0,0.0,8060.0,4400.0,                                                            ,,,,,        ,,
1120403GF0000001,2023-04-03 00:00:00,GF ,CUS_00042,        ,9600.0,9600.0,202304.0,,9600.0,0.0,9600.0,4240.0,                                                            ,,,,,        ,,
1120403GF0000002,2023-04-03 00:00:00,GF ,CUS_00472,        ,14500.0,14500.0,202304.0,,14500.0,0.0,14500.0,5015.0,                                                            ,[已隱蔽],,,,        ,,
1120404GF0000001,2023-04-04 00:00:00,GF ,CUS_00731,        ,3500.0,3500.0,202304.0,,3500.0,0.0,3500.0,1200.0,                                                            ,,,,,        ,,
1120404GF0000002,2023-04-04 00:00:00,GF ,CUS_00254,        ,800.0,800.0,202304.0,,800.0,0.0,800.0,150.0,                                                            ,,,,,        ,,
1120406GF0000001,2023-04-06 00:00:00,GF ,CUS_00512,        ,4000.0,4000.0,202304.0,,4000.0,0.0,4000.0,1450.0,                                                            ,,,,,        ,,
1120406GF0000002,2023-04-06 00:00:00,GF ,CUS_00074,        ,2000.0,2000.0,202304.0,,2000.0,0.0,2000.0,1000.0,[已隱蔽],,,,,        ,,
1120408GF0000001,2023-04-08 00:00:00,GF ,CUS_00365,        ,400.0,400.0,202304.0,,400.0,0.0,400.0,19.5,                                                            ,,,,,        ,,
1120408GF0000002,2023-04-08 00:00:00,GF ,CUS_00076,        ,900.0,900.0,202304.0,,900.0,0.0,900.0,500.0,[已隱蔽],,,,,        ,,
1120412GF0000001,2023-04-12 00:00:00,GF ,CUS_00076,        ,300.0,300.0,202304.0,,300.0,0.0,300.0,140.0,[已隱蔽],,,,,        ,,
1120412GF0000002,2023-04-12 00:00:00,GF ,CUS_00203,        ,4500.0,4500.0,202304.0,,4500.0,0.0,4500.0,1690.0,                                                            ,,,,,        ,,
1120413GF0000001,2023-04-13 00:00:00,GF ,CUS_00106,        ,4200.0,4200.0,202304.0,,4200.0,0.0,4200.0,1860.0,                                                            ,,,,,        ,,
1120413GF0000002,2023-04-13 00:00:00,GF ,CUS_00254,        ,9600.0,9600.0,202304.0,,9600.0,0.0,9600.0,5599.0,                                                            ,,,,,        ,,
1120411GF0000001,2023-04-11 00:00:00,GF ,CUS_00091,        ,28000.0,28000.0,202304.0,,28000.0,0.0,28000.0,15925.0,                                                            ,,,,,        ,,
1120429GF0000001,2023-04-29 00:00:00,GF ,CUS_00199,        ,8750.0,8750.0,202304.0,,8750.0,0.0,8750.0,2915.0,                                                            ,,,,,        ,,
1120503GF0000001,2023-05-03 00:00:00,GF ,CUS_00704,        ,0.0,0.0,202305.0,,0.0,0.0,0.0,0.0,[已隱蔽],,,,,        ,,
1120503GF0000002,2023-05-03 00:00:00,GF ,CUS_00704,        ,4500.0,4500.0,202305.0,,4500.0,0.0,4500.0,2305.0,[已隱蔽],,,,,        ,,
1120504GF0000001,2023-05-04 00:00:00,GF ,CUS_00026,        ,16250.0,16250.0,202305.0,,16250.0,0.0,16250.0,7070.0,                                                            ,[已隱蔽],,,,        ,,
1120504GF0000002,2023-05-04 00:00:00,GF ,CUS_00236,        ,3600.0,3600.0,202305.0,,3600.0,0.0,3600.0,855.0,                                                            ,,,,,        ,,
1120506GF0000001,2023-05-06 00:00:00,GF ,CUS_00694,        ,9510.0,9510.0,202305.0,,9510.0,0.0,9510.0,4330.0,                                                            ,,,,,        ,,
1120509GF0000001,2023-05-09 00:00:00,GF ,CUS_00530,        ,4100.0,4100.0,202305.0,,4100.0,0.0,4100.0,1710.0,                                                            ,,,,,        ,,
1120509GF0000002,2023-05-09 00:00:00,GF ,CUS_00195,        ,3200.0,3200.0,202305.0,,3200.0,0.0,3200.0,1290.0,                                                            ,,,,,        ,,
1120512GF0000002,2023-05-12 00:00:00,GF ,CUS_00447,        ,2000.0,2000.0,202305.0,,2000.0,0.0,2000.0,300.0,                                                            ,,,,,        ,,
1120512GF0000003,2023-05-12 00:00:00,GF ,CUS_00389,        ,950.0,950.0,202305.0,,950.0,0.0,950.0,290.0,                                                            ,,,,,        ,,
1120513GF0000001,2023-05-13 00:00:00,GF ,CUS_00013,        ,7000.0,7000.0,202305.0,,7000.0,0.0,7000.0,3300.0,                                                            ,,,,,        ,,
1120515GF0000001,2023-05-15 00:00:00,GF ,CUS_00097,        ,1000.0,1000.0,202305.0,,1000.0,0.0,1000.0,200.0,                                                            ,,,,,        ,,
1120518GF0000001,2023-05-18 00:00:00,GF ,CUS_00246,        ,2500.0,2500.0,202305.0,,2500.0,0.0,2500.0,450.0,                                                            ,,,,,        ,,
1120518GF0000002,2023-05-18 00:00:00,GF ,CUS_00656,        ,750.0,750.0,202305.0,,750.0,0.0,750.0,380.0,                                                            ,,,,,        ,,
1120519GF0000001,2023-05-19 00:00:00,GF ,CUS_00197,        ,6000.0,6000.0,202305.0,,6000.0,0.0,6000.0,1970.0,                                                            ,[已隱蔽],,,,        ,,
1120512GF0000004,2023-05-12 00:00:00,GF ,CUS_00205,        ,1500.0,1500.0,202305.0,,1500.0,0.0,1500.0,250.0,                                                            ,,,,,        ,,
1120415GF0000001,2023-04-15 00:00:00,GF ,CUS_00591,        ,15000.0,15000.0,202304.0,,15000.0,0.0,15000.0,9500.0,                                                            ,,,,,        ,,
1120418GF0000001,2023-04-18 00:00:00,GF ,CUS_00472,        ,26800.0,26800.0,202304.0,,26800.0,0.0,26800.0,18150.0,                                                            ,,,,,        ,,
1120422GF0000001,2023-04-22 00:00:00,GF ,CUS_00068,        ,3700.0,3700.0,202304.0,,3700.0,0.0,3700.0,570.0,                                                            ,,,,,        ,,
1120426GF0000001,2023-04-26 00:00:00,GF ,CUS_00459,        ,3900.0,3900.0,202304.0,,3900.0,0.0,3900.0,2340.0,                                                            ,,,,,        ,,
1120427GF0000001,2023-04-27 00:00:00,GF ,CUS_00706,        ,2600.0,2600.0,202304.0,,2600.0,0.0,2600.0,1750.0,                                                            ,[已隱蔽],,,,        ,,
1120427GF0000002,2023-04-27 00:00:00,GF ,CUS_00268,        ,4000.0,4000.0,202304.0,,4000.0,0.0,4000.0,1550.0,                                                            ,,,,,        ,,
1120502GF0000001,2023-05-02 00:00:00,GF ,CUS_00261,        ,3000.0,3000.0,202305.0,,3000.0,0.0,3000.0,1000.0,                                                            ,,,,,        ,,
1120502GF0000002,2023-05-02 00:00:00,GF ,CUS_00084,        ,800.0,800.0,202305.0,,800.0,0.0,800.0,200.0,[已隱蔽],,,,,        ,,
1120509GF0000003,2023-05-09 00:00:00,GF ,CUS_00454,        ,1600.0,1600.0,202305.0,,1600.0,0.0,1600.0,254.0,                                                            ,,,,,        ,,
1120509GF0000004,2023-05-09 00:00:00,GF ,CUS_00066,        ,10000.0,10000.0,202305.0,,10000.0,0.0,10000.0,6650.0,                                                            ,[已隱蔽],,,,        ,,
1120510GF0000001,2023-05-10 00:00:00,GF ,CUS_00026,        ,10850.0,10850.0,202305.0,,10850.0,0.0,10850.0,3125.0,                                                            ,,,,,        ,,
1120510GF0000002,2023-05-10 00:00:00,GF ,CUS_00484,        ,3700.0,3700.0,202305.0,,3700.0,0.0,3700.0,1560.0,                                                            ,,,,,        ,,
1120510GF0000003,2023-05-10 00:00:00,GF ,CUS_00389,        ,2700.0,2700.0,202305.0,,2700.0,0.0,2700.0,970.0,                                                            ,,,,,        ,,
1120511GF0000001,2023-05-11 00:00:00,GF ,CUS_00084,        ,1200.0,1200.0,202305.0,,1200.0,0.0,1200.0,600.0,[已隱蔽],,,,,        ,,
1120511GF0000002,2023-05-11 00:00:00,GF ,CUS_00694,        ,33000.0,33000.0,202305.0,,33000.0,0.0,33000.0,20010.0,                                                            ,,,,,        ,,
1120512GF0000001,2023-05-12 00:00:00,GF ,CUS_00076,        ,1150.0,1150.0,202305.0,,1150.0,0.0,1150.0,600.0,[已隱蔽],,,,,        ,,
1120519GF0000002,2023-05-19 00:00:00,GF ,CUS_00173,        ,4800.0,4800.0,202305.0,,4800.0,0.0,4800.0,2500.0,                                                            ,,,,,        ,,
1120520GF0000001,2023-05-20 00:00:00,GF ,CUS_00147,        ,2000.0,2000.0,202305.0,,2000.0,0.0,2000.0,1000.0,                                                            ,,,,,        ,,
1120520GF0000002,2023-05-20 00:00:00,GF ,CUS_00720,        ,4000.0,4000.0,202305.0,,4000.0,0.0,4000.0,1500.0,                                                            ,,,,,        ,,
1120520GF0000003,2023-05-20 00:00:00,GF ,CUS_00521,        ,18100.0,18100.0,202305.0,,18100.0,0.0,18100.0,11280.0,                                                            ,,,,,        ,,
1120522GF0000001,2023-05-22 00:00:00,GF ,CUS_00076,        ,550.0,550.0,202305.0,,550.0,0.0,550.0,350.0,[已隱蔽],,,,,        ,,
1120523GF0000001,2023-05-23 00:00:00,GF ,CUS_00512,        ,1100.0,1100.0,202305.0,,1100.0,0.0,1100.0,330.0,                                                            ,,,,,        ,,
1120523GF0000002,2023-05-23 00:00:00,GF ,CUS_00287,        ,3000.0,3000.0,202305.0,,3000.0,0.0,3000.0,1200.0,                                                            ,,,,,        ,,
1120525GF0000001,2023-05-25 00:00:00,GF ,CUS_00572,        ,250.0,250.0,202305.0,,250.0,0.0,250.0,45.0,[已隱蔽],,,,,        ,,
1120525GF0000002,2023-05-25 00:00:00,GF ,CUS_00084,        ,120.0,120.0,202305.0,,120.0,0.0,120.0,38.0,[已隱蔽],,,,,        ,,
1120526GF0000001,2023-05-26 00:00:00,GF ,CUS_00066,        ,16000.0,16000.0,202305.0,,16000.0,0.0,16000.0,10200.0,                                                            ,,,,,        ,,
1120526GF0000002,2023-05-26 00:00:00,GF ,CUS_00656,        ,2200.0,2200.0,202305.0,,2200.0,0.0,2200.0,1200.0,                                                            ,,,,,        ,,
1120526GF0000003,2023-05-26 00:00:00,GF ,CUS_00561,        ,2450.0,2450.0,202305.0,,2450.0,0.0,2450.0,680.0,                                                            ,[已隱蔽],,,,        ,,
1120527GF0000001,2023-05-27 00:00:00,GF ,CUS_00466,        ,1500.0,1500.0,202305.0,,1500.0,0.0,1500.0,400.0,                                                            ,,,,,        ,,
1120529GF0000001,2023-05-29 00:00:00,GF ,CUS_00138,        ,3000.0,3000.0,202305.0,MY[電話]      ,3000.0,0.0,3150.0,1925.0,                                                            ,,,,,        ,,
1120529GF0000002,2023-05-29 00:00:00,GF ,CUS_00417,        ,5100.0,5100.0,202305.0,,5100.0,0.0,5100.0,1400.0,                                                            ,,,,,        ,,
1120530GF0000001,2023-05-30 00:00:00,GF ,CUS_00694,        ,1760.0,1760.0,202305.0,,1760.0,0.0,1760.0,760.0,                                                            ,,,,,        ,,
1120530GF0000002,2023-05-30 00:00:00,GF ,CUS_00086,        ,7250.0,7250.0,202305.0,,7250.0,0.0,7250.0,2344.0,[已隱蔽],,,,,        ,,
1120530GF0000003,2023-05-30 00:00:00,GF ,CUS_00484,        ,1850.0,1850.0,202305.0,,1850.0,0.0,1850.0,780.0,                                                            ,,,,,        ,,
1120531GF0000001,2023-05-31 00:00:00,GF ,CUS_00615,        ,11750.0,11750.0,202306.0,,11750.0,0.0,11750.0,3650.0,                                                            ,,,,,        ,,
1120531GF0000002,2023-05-31 00:00:00,GF ,CUS_00433,01      ,6400.0,6400.0,202305.0,,6400.0,0.0,6400.0,2080.0,                                                            ,,,,,        ,,
1120531GF0000003,2023-05-31 00:00:00,GF ,CUS_00355,        ,8200.0,8200.0,202305.0,,8200.0,0.0,8200.0,7000.0,                                                            ,,,,,        ,,
1120601GF0000001,2023-06-01 00:00:00,GF ,CUS_00431,        ,1200.0,1200.0,202306.0,,1200.0,0.0,1200.0,430.0,                                                            ,,,,,        ,,
1120605GF0000001,2023-06-05 00:00:00,GF ,CUS_00694,        ,1500.0,1500.0,202306.0,,1500.0,0.0,1500.0,580.0,                                                            ,,,,,        ,,
1120607GF0000001,2023-06-07 00:00:00,GF ,CUS_00575,        ,4000.0,4000.0,202306.0,,4000.0,0.0,4000.0,2800.0,[已隱蔽],,,,,        ,,
1120607GF0000002,2023-06-07 00:00:00,GF ,CUS_00066,        ,16500.0,16500.0,202306.0,,16500.0,0.0,16500.0,12500.0,                                                            ,,,,,        ,,
1120607GF0000003,2023-06-07 00:00:00,GF ,CUS_00491,        ,5000.0,5000.0,202306.0,,5000.0,0.0,5000.0,1345.0,                                                            ,[已隱蔽],,,,        ,,
1120608GF0000001,2023-06-08 00:00:00,GF ,CUS_00481,        ,1500.0,1500.0,202306.0,,1500.0,0.0,1500.0,400.0,                                                            ,,,,,        ,,
1120609GF0000001,2023-06-09 00:00:00,GF ,CUS_00465,        ,3500.0,3500.0,202306.0,,3500.0,0.0,3500.0,1900.0,                                                            ,,,,,        ,,
1120609GF0000002,2023-06-09 00:00:00,GF ,CUS_00280,        ,5500.0,5500.0,202306.0,,5500.0,0.0,5500.0,950.0,                                                            ,,,,,        ,,
1120611GF0000001,2023-06-11 00:00:00,GF ,CUS_00331,        ,2000.0,2000.0,202306.0,,2000.0,0.0,2000.0,216.0,                                                            ,,,,,        ,,
1120613GF0000001,2023-06-13 00:00:00,GF ,CUS_00704,        ,600.0,600.0,202306.0,,600.0,0.0,600.0,300.0,[已隱蔽],,,,,        ,,
1120614GF0000001,2023-06-14 00:00:00,GF ,CUS_00381,        ,3500.0,3500.0,202306.0,,3500.0,0.0,3500.0,1900.0,                                                            ,,,,,        ,,
1120818GF0000002,2023-08-18 00:00:00,GF ,CUS_00124,        ,5749.0,5749.0,202308.0,,5749.0,0.0,5749.0,3695.0,                                                            ,,,,,        ,,
1120818GF0000003,2023-08-18 00:00:00,GF ,CUS_00199,        ,9800.0,9800.0,202308.0,,9800.0,0.0,9800.0,3300.0,                                                            ,,,,,        ,,
1120821GF0000001,2023-08-21 00:00:00,GF ,CUS_00694,        ,5500.0,5500.0,202308.0,,5500.0,0.0,5500.0,4200.0,                                                            ,,,,,        ,,
1120821GF0000002,2023-08-21 00:00:00,GF ,CUS_00076,        ,400.0,400.0,202308.0,,400.0,0.0,400.0,100.0,[已隱蔽],,,,,        ,,
1120822GF0000001,2023-08-22 00:00:00,GF ,CUS_00555,        ,2500.0,2500.0,202308.0,,2500.0,0.0,2500.0,1100.0,[已隱蔽],,,,,        ,,
1120823GF0000002,2023-08-23 00:00:00,GF ,CUS_00694,        ,3000.0,3000.0,202308.0,,3000.0,0.0,3000.0,1210.0,                                                            ,,,,,        ,,
1120824GF0000001,2023-08-24 00:00:00,GF ,CUS_00630,        ,300.0,300.0,202308.0,,300.0,0.0,300.0,120.0,[已隱蔽],,,,,        ,,
1120825GF0000001,2023-08-25 00:00:00,GF ,CUS_00691,        ,2000.0,2000.0,202308.0,,2000.0,0.0,2000.0,1100.0,                                                            ,,,,,        ,,
1120614GF0000002,2023-06-14 00:00:00,GF ,CUS_00558,        ,1000.0,1000.0,202306.0,,1000.0,0.0,1000.0,280.0,                                                            ,,,,,        ,,
1120615GF0000001,2023-06-15 00:00:00,GF ,CUS_00679,        ,15700.0,15700.0,202306.0,,15700.0,0.0,15700.0,9590.0,                                                            ,,,,,        ,,
1120616GF0000001,2023-06-16 00:00:00,GF ,CUS_00694,        ,17400.0,17400.0,202306.0,,17400.0,0.0,17400.0,11635.0,                                                            ,,,,,        ,,
1120617GF0000001,2023-06-17 00:00:00,GF ,CUS_00331,        ,1000.0,1000.0,202306.0,,1000.0,0.0,1000.0,480.0,                                                            ,,,,,        ,,
1120619GF0000001,2023-06-19 00:00:00,GF ,CUS_00091,        ,5600.0,5600.0,202306.0,,5600.0,0.0,5600.0,1750.0,                                                            ,,,,,        ,,
1120619GF0000002,2023-06-19 00:00:00,GF ,CUS_00554,        ,550.0,550.0,202306.0,,550.0,0.0,550.0,220.0,[已隱蔽],,,,,        ,,
1120619GF0000003,2023-06-19 00:00:00,GF ,CUS_00016,        ,14350.0,14350.0,202306.0,,14350.0,0.0,14350.0,6450.0,                                                            ,,,,,        ,,
1120619GF0000004,2023-06-19 00:00:00,GF ,CUS_00268,        ,1800.0,1800.0,202306.0,,1800.0,0.0,1800.0,327.2,                                                            ,,,,,        ,,
1120620GF0000001,2023-06-20 00:00:00,GF ,CUS_00076,        ,650.0,650.0,202306.0,,650.0,0.0,650.0,325.0,[已隱蔽],,,,,        ,,
1120402GF0000001,2023-04-02 00:00:00,GF ,CUS_00682,01      ,1800.0,1800.0,202304.0,,1800.0,0.0,1800.0,1200.0,[已隱蔽],,,,,01      ,,
1120620GF0000002,2023-06-20 00:00:00,GF ,CUS_00085,        ,950.0,950.0,202306.0,,950.0,0.0,950.0,300.0,                                                            ,,,,,        ,,
1120620GF0000003,2023-06-20 00:00:00,GF ,CUS_00205,        ,1500.0,1500.0,202306.0,,1500.0,0.0,1500.0,500.0,                                                            ,,,,,        ,,
1120624GF0000001,2023-06-24 00:00:00,GF ,CUS_00020,        ,15000.0,15000.0,202306.0,,15000.0,0.0,15000.0,9500.0,                                                            ,,,,,        ,,
1120624GF0000002,2023-06-24 00:00:00,GF ,CUS_00031,        ,5950.0,5950.0,202306.0,,5950.0,0.0,5950.0,2163.6,                                                            ,[已隱蔽],,,,        ,,
1120626GF0000001,2023-06-26 00:00:00,GF ,CUS_00694,        ,500.0,500.0,202306.0,,500.0,0.0,500.0,80.0,                                                            ,,,,,        ,,
1120626GF0000002,2023-06-26 00:00:00,GF ,CUS_00085,        ,3400.0,3400.0,202306.0,,3400.0,0.0,3400.0,1400.0,                                                            ,,,,,        ,,
1120626GF0000003,2023-06-26 00:00:00,GF ,CUS_00554,        ,1500.0,1500.0,202306.0,,1500.0,0.0,1500.0,900.0,[已隱蔽],,,,,        ,,
1120626GF0000004,2023-06-26 00:00:00,GF ,CUS_00107,        ,33250.0,33250.0,202306.0,,33250.0,0.0,33250.0,18215.0,                                                            ,,,,,        ,,
1120628GF0000001,2023-06-28 00:00:00,GF ,CUS_00026,        ,500.0,500.0,202306.0,,500.0,0.0,500.0,80.0,                                                            ,,,,,        ,,
1120628GF0000002,2023-06-28 00:00:00,GF ,CUS_00132,        ,3150.0,3150.0,202306.0,,3150.0,0.0,3150.0,1850.0,                                                            ,[已隱蔽],,,,        ,,
1120628GF0000003,2023-06-28 00:00:00,GF ,CUS_00615,        ,1000.0,1000.0,202307.0,,1000.0,0.0,1000.0,250.0,                                                            ,,,,,        ,,
1120628GF0000004,2023-06-28 00:00:00,GF ,CUS_00495,        ,4500.0,4500.0,202306.0,,4500.0,0.0,4500.0,1796.0,                                                            ,,,,,        ,,
1120704GF0000001,2023-07-04 00:00:00,GF ,CUS_00058,        ,5900.0,5900.0,202307.0,,5900.0,0.0,5900.0,1870.0,                                                            ,[已隱蔽],,,,        ,,
1120704GF0000002,2023-07-04 00:00:00,GF ,CUS_00214,        ,4599.0,4599.0,202307.0,,4599.0,0.0,4599.0,3566.0,                                                            ,,,,,        ,,
1120705GF0000001,2023-07-05 00:00:00,GF ,CUS_00615,        ,8000.0,8000.0,202307.0,,8000.0,0.0,8000.0,2630.0,                                                            ,,,,,        ,,
1120706GF0000001,2023-07-06 00:00:00,GF ,CUS_00052,        ,2000.0,2000.0,202307.0,,2000.0,0.0,2000.0,520.0,                                                            ,,,,,        ,,
1120707GF0000001,2023-07-07 00:00:00,GF ,CUS_00472,        ,800.0,800.0,202307.0,,800.0,0.0,800.0,518.0,                                                            ,,,,,        ,,
1120707GF0000002,2023-07-07 00:00:00,GF ,CUS_00528,        ,9150.0,9150.0,202307.0,,9150.0,0.0,9150.0,2840.0,                                                            ,,,,,        ,,
1120711GF0000001,2023-07-11 00:00:00,GF ,CUS_00694,        ,5200.0,5200.0,202307.0,,5200.0,0.0,5200.0,2506.0,                                                            ,,,,,        ,,
1120711GF0000002,2023-07-11 00:00:00,GF ,CUS_00656,        ,2000.0,2000.0,202307.0,,2000.0,0.0,2000.0,900.0,                                                            ,,,,,        ,,
1120711GF0000003,2023-07-11 00:00:00,GF ,CUS_00076,        ,750.0,750.0,202307.0,,750.0,0.0,750.0,280.0,[已隱蔽],,,,,        ,,
1120712GF0000001,2023-07-12 00:00:00,GF ,CUS_00076,        ,2800.0,2800.0,202307.0,,2800.0,0.0,2800.0,1900.0,[已隱蔽],,,,,        ,,
1120712GF0000002,2023-07-12 00:00:00,GF ,CUS_00391,        ,5700.0,5700.0,202307.0,,5700.0,0.0,5700.0,1100.0,                                                            ,,,,,        ,,
1120713GF0000001,2023-07-13 00:00:00,GF ,CUS_00177,        ,16050.0,16050.0,202307.0,,16050.0,0.0,16050.0,5685.0,                                                            ,,,,,        ,,
1120714GF0000001,2023-07-14 00:00:00,GF ,CUS_00694,        ,500.0,500.0,202307.0,,500.0,0.0,500.0,200.0,                                                            ,,,,,        ,,
1120715GF0000001,2023-07-15 00:00:00,GF ,CUS_00718,        ,2500.0,2500.0,202307.0,,2500.0,0.0,2500.0,1300.0,                                                            ,,,,,        ,,
1120715GF0000002,2023-07-15 00:00:00,GF ,CUS_00667,        ,1000.0,1000.0,202307.0,,1000.0,0.0,1000.0,260.0,                                                            ,,,,,        ,,
1120713GF0000002,2023-07-13 00:00:00,GF ,CUS_00630,        ,450.0,450.0,202307.0,,450.0,0.0,450.0,300.0,[已隱蔽],,,,,        ,,
1120715GF0000003,2023-07-15 00:00:00,GF ,CUS_00389,        ,500.0,500.0,202307.0,,500.0,0.0,500.0,0.0,                                                            ,,,,,        ,,
1120718GF0000001,2023-07-18 00:00:00,GF ,CUS_00391,        ,4000.0,4000.0,202307.0,,4000.0,0.0,4000.0,1982.0,                                                            ,,,,,        ,,
1120719GF0000001,2023-07-19 00:00:00,GF ,CUS_00682,01      ,1850.0,1850.0,202307.0,,1850.0,0.0,1850.0,1050.0,[已隱蔽],,,,,01      ,,
1120720GF0000001,2023-07-20 00:00:00,GF ,CUS_00093,        ,1800.0,1800.0,202307.0,,1800.0,0.0,1800.0,435.0,                                                            ,,,,,        ,,
1120720GF0000002,2023-07-20 00:00:00,GF ,CUS_00120,        ,3150.0,3150.0,202307.0,,3150.0,0.0,3150.0,1970.0,                                                            ,,,,,        ,,
1120719GF0000002,2023-07-19 00:00:00,GF ,CUS_00468,        ,3500.0,3500.0,202307.0,,3500.0,0.0,3500.0,1500.0,                                                            ,,,,,        ,,
1120721GF0000001,2023-07-21 00:00:00,GF ,CUS_00555,        ,200.0,200.0,202307.0,,200.0,0.0,200.0,0.0,[已隱蔽],,,,,        ,,
1120722GF0000001,2023-07-22 00:00:00,GF ,CUS_00148,        ,3000.0,3000.0,202307.0,,3000.0,0.0,3000.0,1000.0,                                                            ,,,,,        ,,
1120724GF0000002,2023-07-24 00:00:00,GF ,CUS_00295,        ,1000.0,1000.0,202307.0,,1000.0,0.0,1000.0,150.0,                                                            ,,,,,        ,,
1120725GF0000001,2023-07-25 00:00:00,GF ,CUS_00555,        ,1000.0,1000.0,202307.0,,1000.0,0.0,1000.0,450.0,[已隱蔽],,,,,        ,,
1120724GF0000003,2023-07-24 00:00:00,GF ,CUS_00598,        ,500.0,500.0,202307.0,,500.0,0.0,500.0,300.0,                                                            ,,,,,        ,,
1120725GF0000002,2023-07-25 00:00:00,GF ,CUS_00287,        ,2900.0,2900.0,202307.0,,2900.0,0.0,2900.0,950.0,                                                            ,,,,,        ,,
1120726GF0000001,2023-07-26 00:00:00,GF ,CUS_00443,        ,10500.0,10500.0,202307.0,,10500.0,0.0,10500.0,3263.6,                                                            ,,,,,        ,,
1120726GF0000002,2023-07-26 00:00:00,GF ,CUS_00039,        ,2500.0,2500.0,202307.0,,2500.0,0.0,2500.0,800.0,                                                            ,,,,,        ,,
1120729GF0000001,2023-07-29 00:00:00,GF ,CUS_00332,        ,3500.0,3500.0,202307.0,,3500.0,0.0,3500.0,1675.0,                                                            ,,,,,        ,,
1120731GF0000001,2023-07-31 00:00:00,GF ,CUS_00694,        ,6500.0,6500.0,202307.0,,6500.0,0.0,6500.0,3039.0,                                                            ,,,,,        ,,
1120731GF0000002,2023-07-31 00:00:00,GF ,CUS_00443,        ,6300.0,6300.0,202307.0,,6300.0,0.0,6300.0,3690.0,                                                            ,,,,,        ,,
1120801GF0000001,2023-08-01 00:00:00,GF ,CUS_00471,        ,11000.0,11000.0,202308.0,,11000.0,0.0,11000.0,5030.0,                                                            ,,,,,        ,,
1120801GF0000002,2023-08-01 00:00:00,GF ,CUS_00733,        ,1500.0,1500.0,202308.0,,1500.0,0.0,1500.0,278.0,                                                            ,,,,,        ,,
1120802GF0000001,2023-08-02 00:00:00,GF ,CUS_00694,        ,9500.0,9500.0,202308.0,,9500.0,0.0,9500.0,6600.0,                                                            ,,,,,        ,,
1120801GF0000003,2023-08-01 00:00:00,GF ,CUS_00503,        ,15400.0,15400.0,202308.0,,15400.0,0.0,15400.0,7850.0,                                                            ,,,,,        ,,
1120803GF0000001,2023-08-03 00:00:00,GF ,CUS_00402,        ,2950.0,2950.0,202308.0,,2950.0,0.0,2950.0,750.0,                                                            ,,,,,        ,,
1120804GF0000001,2023-08-04 00:00:00,GF ,CUS_00445,        ,2300.0,2300.0,202308.0,,2300.0,0.0,2300.0,1800.0,                                                            ,,,,,        ,,
1120804GF0000002,2023-08-04 00:00:00,GF ,CUS_00084,        ,3500.0,3500.0,202308.0,,3500.0,0.0,3500.0,2200.0,[已隱蔽],,,,,        ,,
1120805GF0000001,2023-08-05 00:00:00,GF ,CUS_00555,        ,3500.0,3500.0,202308.0,,3500.0,0.0,3500.0,2000.0,[已隱蔽],,,,,        ,,
1120807GF0000001,2023-08-07 00:00:00,GF ,CUS_00647,        ,6200.0,6200.0,202308.0,,6200.0,0.0,6200.0,4650.0,                                                            ,,,,,        ,,
1120818GF0000004,2023-08-18 00:00:00,GF ,CUS_00623,        ,5500.0,5500.0,202308.0,,5500.0,0.0,5500.0,2300.0,                                                            ,,,,,        ,,
1120829GF0000001,2023-08-29 00:00:00,GF ,CUS_00035,        ,2000.0,2000.0,202308.0,PY[電話]      ,2000.0,0.0,2100.0,1280.0,                                                            ,,,,,        ,,
1120829GF0000002,2023-08-29 00:00:00,GF ,CUS_00694,        ,7000.0,7000.0,202308.0,,7000.0,0.0,7000.0,2290.0,                                                            ,[已隱蔽],,,,        ,,
1120831GF0000001,2023-08-31 00:00:00,GF ,CUS_00561,        ,8000.0,8000.0,202308.0,,8000.0,0.0,8000.0,2900.0,                                                            ,[已隱蔽],,,,        ,,
1120901GF0000001,2023-09-01 00:00:00,GF ,CUS_00031,        ,600.0,600.0,202309.0,,600.0,0.0,600.0,600.0,                                                            ,,,,,        ,,
1120901GF0000002,2023-09-01 00:00:00,GF ,CUS_00555,        ,0.0,0.0,202309.0,,0.0,0.0,0.0,0.0,[已隱蔽],,,,,        ,,
1120905GF0000001,2023-09-05 00:00:00,GF ,CUS_00533,        ,650.0,650.0,202309.0,,650.0,0.0,650.0,350.0,                                                            ,,,,,        ,,
1120906GF0000001,2023-09-06 00:00:00,GF ,CUS_00228,        ,2000.0,2000.0,202309.0,,2000.0,0.0,2000.0,1100.0,                                                            ,,,,,        ,,
1120802GF0000002,2023-08-02 00:00:00,GF ,CUS_00731,        ,2550.0,2550.0,202308.0,,2550.0,0.0,2550.0,770.0,                                                            ,,,,,        ,,
1120807GF0000002,2023-08-07 00:00:00,GF ,CUS_00132,        ,800.0,800.0,202308.0,,800.0,0.0,800.0,400.0,                                                            ,,,,,        ,,
1120807GF0000003,2023-08-07 00:00:00,GF ,CUS_00257,        ,500.0,500.0,202308.0,,500.0,0.0,500.0,120.0,                                                            ,,,,,        ,,
1120808GF0000001,2023-08-08 00:00:00,GF ,CUS_00171,        ,9000.0,9000.0,202308.0,,9000.0,0.0,9000.0,4290.0,                                                            ,[已隱蔽],,,,        ,,
1120810GF0000001,2023-08-10 00:00:00,GF ,CUS_00307,        ,1200.0,1200.0,202308.0,,1200.0,0.0,1200.0,163.6,                                                            ,,,,,        ,,
1120810GF0000002,2023-08-10 00:00:00,GF ,CUS_00519,        ,2890.0,2890.0,202308.0,,2890.0,0.0,2890.0,758.6,                                                            ,,,,,        ,,
1120810GF0000003,2023-08-10 00:00:00,GF ,CUS_00682,01      ,250.0,250.0,202308.0,,250.0,0.0,250.0,100.0,[已隱蔽],,,,,01      ,,
1120808GF0000002,2023-08-08 00:00:00,GF ,CUS_00229,        ,5000.0,5000.0,202308.0,,5000.0,0.0,5000.0,1200.0,                                                            ,,,,,        ,,
1120812GF0000001,2023-08-12 00:00:00,GF ,CUS_00615,        ,13000.0,13000.0,202308.0,,13000.0,0.0,13000.0,6653.3,                                                            ,,,,,        ,,
1120812GF0000002,2023-08-12 00:00:00,GF ,CUS_00472,        ,7000.0,7000.0,202308.0,,7000.0,0.0,7000.0,2860.0,                                                            ,[已隱蔽],,,,        ,,
1120812GF0000003,2023-08-12 00:00:00,GF ,CUS_00177,        ,12900.0,12900.0,202308.0,,12900.0,0.0,12900.0,4338.0,                                                            ,,,,,        ,,
1120814GF0000001,2023-08-14 00:00:00,GF ,CUS_00558,        ,1000.0,1000.0,202308.0,,1000.0,0.0,1000.0,250.0,                                                            ,,,,,        ,,
1120814GF0000002,2023-08-14 00:00:00,GF ,CUS_00308,        ,3820.0,3820.0,202308.0,,3820.0,0.0,3820.0,1134.0,                                                            ,,,,,        ,,
1120815GF0000001,2023-08-15 00:00:00,GF ,CUS_00254,        ,600.0,600.0,202308.0,,600.0,0.0,600.0,3.5,                                                            ,,,,,        ,,
1120814GF0000003,2023-08-14 00:00:00,GF ,CUS_00236,        ,650.0,650.0,202308.0,,650.0,0.0,650.0,190.0,                                                            ,,,,,        ,,
1120818GF0000001,2023-08-18 00:00:00,GF ,CUS_00656,        ,2000.0,2000.0,202308.0,,2000.0,0.0,2000.0,900.0,                                                            ,,,,,        ,,
1120907GF0000001,2023-09-07 00:00:00,GF ,CUS_00086,        ,600.0,600.0,202309.0,,600.0,0.0,600.0,100.0,[已隱蔽],,,,,        ,,
1120908GF0000001,2023-09-08 00:00:00,GF ,CUS_00558,        ,27000.0,27000.0,202309.0,,27000.0,0.0,27000.0,13412.2,                                                            ,,,,,        ,,
1120908GF0000002,2023-09-08 00:00:00,GF ,CUS_00472,        ,5000.0,5000.0,202309.0,,5000.0,0.0,5000.0,800.0,                                                            ,,,,,        ,,
1120908GF0000003,2023-09-08 00:00:00,GF ,CUS_00684,        ,1000.0,1000.0,202309.0,,1000.0,0.0,1000.0,348.0,                                                            ,,,,,        ,,
1120912GF0000001,2023-09-12 00:00:00,GF ,CUS_00254,        ,2700.0,2700.0,202309.0,,2700.0,0.0,2700.0,1200.0,                                                            ,,,,,        ,,
1120912GF0000002,2023-09-12 00:00:00,GF ,CUS_00077,        ,1200.0,1200.0,202309.0,,1200.0,0.0,1200.0,480.0,                                                            ,,,,,        ,,
1120912GF0000003,2023-09-12 00:00:00,GF ,CUS_00085,        ,3500.0,3500.0,202309.0,,3500.0,0.0,3500.0,1070.0,                                                            ,,,,,        ,,
1120913GF0000001,2023-09-13 00:00:00,GF ,CUS_00533,        ,850.0,850.0,202309.0,,850.0,0.0,850.0,450.0,                                                            ,,,,,        ,,
1120914GF0000001,2023-09-14 00:00:00,GF ,CUS_00297,        ,2200.0,2200.0,202309.0,,2200.0,0.0,2200.0,825.0,                                                            ,,,,,        ,,
1120914GF0000002,2023-09-14 00:00:00,GF ,CUS_00032,        ,3000.0,3000.0,202309.0,,3000.0,0.0,3000.0,1000.0,                                                            ,,,,,        ,,
1120914GF0000003,2023-09-14 00:00:00,GF ,CUS_00076,        ,3500.0,3500.0,202309.0,,3500.0,0.0,3500.0,2100.0,[已隱蔽],,,,,        ,,
1120918GF0000001,2023-09-18 00:00:00,GF ,CUS_00041,        ,10750.0,10750.0,202309.0,,10750.0,0.0,10750.0,5550.0,                                                            ,,,,,        ,,
1120922GF0000001,2023-09-22 00:00:00,GF ,CUS_00077,        ,2000.0,2000.0,202309.0,,2000.0,0.0,2000.0,1000.0,                                                            ,,,,,        ,,
1120923GF0000001,2023-09-23 00:00:00,GF ,CUS_00365,        ,6450.0,6450.0,202309.0,,6450.0,0.0,6450.0,2545.0,                                                            ,,,,,        ,,
1120925GF0000001,2023-09-25 00:00:00,GF ,CUS_00699,        ,2000.0,2000.0,202309.0,,2000.0,0.0,2000.0,1000.0,[已隱蔽],,,,,        ,,
1120925GF0000002,2023-09-25 00:00:00,GF ,CUS_00391,        ,1200.0,1200.0,202309.0,,1200.0,0.0,1200.0,272.0,                                                            ,,,,,        ,,
1120926GF0000001,2023-09-26 00:00:00,GF ,CUS_00047,        ,11500.0,11500.0,202309.0,,11500.0,0.0,11500.0,3750.0,                                                            ,,,,,        ,,
1120927GF0000001,2023-09-27 00:00:00,GF ,CUS_00333,        ,10000.0,10000.0,202309.0,,10000.0,0.0,10000.0,3300.0,                                                            ,[已隱蔽],,,,        ,,
1120927GF0000002,2023-09-27 00:00:00,GF ,CUS_00656,        ,750.0,750.0,202309.0,,750.0,0.0,750.0,380.0,                                                            ,,,,,        ,,
1120926GF0000002,2023-09-26 00:00:00,GF ,CUS_00267,        ,6700.0,6700.0,202309.0,,6700.0,0.0,6700.0,1820.0,                                                            ,,,,,        ,,
1120927GF0000003,2023-09-27 00:00:00,GF ,CUS_00333,        ,68000.0,68000.0,202309.0,,68000.0,0.0,68000.0,45000.0,                                                            ,[已隱蔽],,,,        ,,
1121002GF0000001,2023-10-02 00:00:00,GF ,CUS_00098,        ,15500.0,15500.0,202310.0,,15500.0,0.0,15500.0,9900.0,                                                            ,[已隱蔽],,,,        ,,
1121002GF0000002,2023-10-02 00:00:00,GF ,CUS_00265,        ,1500.0,1500.0,202310.0,,1500.0,0.0,1500.0,400.0,                                                            ,,,,,        ,,
1121003GF0000001,2023-10-03 00:00:00,GF ,CUS_00694,        ,185.0,185.0,202310.0,,185.0,0.0,185.0,92.0,                                                            ,,,,,        ,,
1121003GF0000002,2023-10-03 00:00:00,GF ,CUS_00472,        ,3000.0,3000.0,202310.0,,3000.0,0.0,3000.0,600.0,                                                            ,,,,,        ,,
1121004GF0000001,2023-10-04 00:00:00,GF ,CUS_00554,        ,1200.0,1200.0,202310.0,,1200.0,0.0,1200.0,800.0,[已隱蔽],,,,,        ,,
1121005GF0000001,2023-10-05 00:00:00,GF ,CUS_00531,        ,2950.0,2950.0,202310.0,,2950.0,0.0,2950.0,820.0,                                                            ,,,,,        ,,
1121005GF0000002,2023-10-05 00:00:00,GF ,CUS_00144,        ,3000.0,3000.0,202310.0,,3000.0,0.0,3000.0,2154.0,                                                            ,,,,,        ,,
1121006GF0000001,2023-10-06 00:00:00,GF ,CUS_00622,        ,850.0,850.0,202310.0,,850.0,0.0,850.0,440.0,                                                            ,,,,,        ,,
1121010GF0000001,2023-10-10 00:00:00,GF ,CUS_00308,        ,28000.0,28000.0,202310.0,,28000.0,0.0,28000.0,15150.0,                                                            ,,,,,        ,,
1121011GF0000001,2023-10-11 00:00:00,GF ,CUS_00074,        ,140.0,140.0,202310.0,,140.0,0.0,140.0,55.0,[已隱蔽],,,,,        ,,
1121012GF0000001,2023-10-12 00:00:00,GF ,CUS_00076,        ,300.0,300.0,202310.0,,300.0,0.0,300.0,120.0,[已隱蔽],,,,,        ,,
1121012GF0000002,2023-10-12 00:00:00,GF ,CUS_00682,01      ,2800.0,2800.0,202310.0,,2800.0,0.0,2800.0,1900.0,[已隱蔽],,,,,01      ,,
1121012GF0000003,2023-10-12 00:00:00,GF ,CUS_00598,        ,250.0,250.0,202310.0,,250.0,0.0,250.0,90.0,                                                            ,,,,,        ,,
1121005GF0000003,2023-10-05 00:00:00,GF ,CUS_00086,        ,500.0,500.0,202310.0,,500.0,0.0,500.0,200.0,[已隱蔽],,,,,        ,,
1121014GF0000001,2023-10-14 00:00:00,GF ,CUS_00216,        ,14700.0,14700.0,202310.0,,14700.0,0.0,14700.0,8700.0,                                                            ,,,,,        ,,
1121016GF0000001,2023-10-16 00:00:00,GF ,CUS_00733,        ,2400.0,2400.0,202310.0,,2400.0,0.0,2400.0,980.0,                                                            ,,,,,        ,,
1121017GF0000001,2023-10-17 00:00:00,GF ,CUS_00562,        ,5500.0,5500.0,202310.0,,5500.0,0.0,5500.0,4500.0,                                                            ,,,,,        ,,
1121018GF0000001,2023-10-18 00:00:00,GF ,CUS_00076,        ,3500.0,3500.0,202310.0,,3500.0,0.0,3500.0,2000.0,[已隱蔽],,,,,        ,,
1121019GF0000001,2023-10-19 00:00:00,GF ,CUS_00399,        ,3800.0,3800.0,202310.0,,3800.0,0.0,3800.0,1475.0,[已隱蔽],,,,,        ,,
1121102GF0000002,2023-11-02 00:00:00,GF ,CUS_00072,        ,5000.0,5000.0,202311.0,,5000.0,0.0,5000.0,2490.0,                                                            ,,,,,        ,,
1121103GF0000001,2023-11-03 00:00:00,GF ,CUS_00682,01      ,1200.0,1200.0,202311.0,,1200.0,0.0,1200.0,700.0,[已隱蔽],,,,,01      ,,
1121103GF0000002,2023-11-03 00:00:00,GF ,CUS_00694,        ,16500.0,16500.0,202311.0,,16500.0,0.0,16500.0,11190.0,                                                            ,,,,,        ,,
1121106GF0000001,2023-11-06 00:00:00,GF ,CUS_00549,        ,120.0,120.0,202311.0,,120.0,0.0,120.0,90.0,[已隱蔽],,,,,        ,,
1121109GF0000001,2023-11-09 00:00:00,GF ,CUS_00482,        ,2000.0,2000.0,202311.0,,2000.0,0.0,2000.0,800.0,                                                            ,,,,,        ,,
1121109GF0000002,2023-11-09 00:00:00,GF ,CUS_00617,        ,350.0,350.0,202311.0,,350.0,0.0,350.0,90.0,                                                            ,,,,,        ,,
1121109GF0000003,2023-11-09 00:00:00,GF ,CUS_00733,        ,600.0,600.0,202311.0,,600.0,0.0,600.0,120.0,                                                            ,,,,,        ,,
1121110GF0000001,2023-11-10 00:00:00,GF ,CUS_00168,        ,1900.0,1900.0,202311.0,,1900.0,0.0,1900.0,920.0,                                                            ,,,,,        ,,
1121020GF0000001,2023-10-20 00:00:00,GF ,CUS_00531,        ,4200.0,4200.0,202310.0,,4200.0,0.0,4200.0,1800.0,                                                            ,,,,,        ,,
1121020GF0000002,2023-10-20 00:00:00,GF ,CUS_00504,        ,3000.0,3000.0,202310.0,,3000.0,0.0,3000.0,450.0,                                                            ,,,,,        ,,
1121020GF0000003,2023-10-20 00:00:00,GF ,CUS_00199,        ,3000.0,3000.0,202310.0,,3000.0,0.0,3000.0,900.0,                                                            ,,,,,        ,,
1121021GF0000001,2023-10-21 00:00:00,GF ,CUS_00680,        ,3000.0,3000.0,202310.0,RY[電話]      ,3000.0,0.0,3150.0,1250.0,                                                            ,,,,,        ,,
1121021GF0000002,2023-10-21 00:00:00,GF ,CUS_00415,        ,3300.0,3300.0,202310.0,,3300.0,0.0,3300.0,700.0,                                                            ,,,,,        ,,
1121023GF0000001,2023-10-23 00:00:00,GF ,CUS_00707,        ,600.0,600.0,202310.0,,600.0,0.0,600.0,280.0,                                                            ,,,,,        ,,
1121023GF0000002,2023-10-23 00:00:00,GF ,CUS_00362,        ,7500.0,7500.0,202310.0,,7500.0,0.0,7500.0,3010.0,                                                            ,,,,,        ,,
1121026GF0000001,2023-10-26 00:00:00,GF ,CUS_00092,        ,3500.0,3500.0,202310.0,,3500.0,0.0,3500.0,1900.0,                                                            ,,,,,        ,,
1121027GF0000001,2023-10-27 00:00:00,GF ,CUS_00733,        ,2000.0,2000.0,202310.0,,2000.0,0.0,2000.0,840.0,                                                            ,,,,,        ,,
1121027GF0000002,2023-10-27 00:00:00,GF ,CUS_00531,        ,3000.0,3000.0,202310.0,,3000.0,0.0,3000.0,1200.0,                                                            ,,,,,        ,,
1121027GF0000004,2023-10-27 00:00:00,GF ,CUS_00615,        ,3700.0,3700.0,202311.0,,3700.0,0.0,3700.0,1603.5,                                                            ,,,,,        ,,
1121028GF0000001,2023-10-28 00:00:00,GF ,CUS_00627,        ,2299.0,2299.0,202310.0,,2299.0,0.0,2299.0,1500.0,                                                            ,,,,,        ,,
1121030GF0000001,2023-10-30 00:00:00,GF ,CUS_00091,        ,5200.0,5200.0,202310.0,,5200.0,0.0,5200.0,1550.0,                                                            ,,,,,        ,,
1121101GF0000001,2023-11-01 00:00:00,GF ,CUS_00639,        ,500.0,500.0,202311.0,,500.0,0.0,500.0,330.0,                                                            ,,,,,        ,,
1121101GF0000002,2023-11-01 00:00:00,GF ,CUS_00030,        ,8000.0,8000.0,202311.0,,8000.0,0.0,8000.0,3698.2,                                                            ,[已隱蔽],,,,        ,,
1121102GF0000001,2023-11-02 00:00:00,GF ,CUS_00076,        ,4000.0,4000.0,202311.0,,4000.0,0.0,4000.0,2818.0,[已隱蔽],,,,,        ,,
1121103GF0000003,2023-11-03 00:00:00,GF ,CUS_00557,        ,450.0,450.0,202311.0,,450.0,0.0,450.0,160.0,                                                            ,,,,,        ,,
1121111GF0000001,2023-11-11 00:00:00,GF ,CUS_00557,        ,600.0,600.0,202311.0,,600.0,0.0,600.0,300.0,                                                            ,,,,,        ,,
1121113GF0000001,2023-11-13 00:00:00,GF ,CUS_00091,        ,2000.0,2000.0,202311.0,,2000.0,0.0,2000.0,700.0,                                                            ,,,,,        ,,
1121113GF0000002,2023-11-13 00:00:00,GF ,CUS_00656,        ,750.0,750.0,202311.0,,750.0,0.0,750.0,380.0,                                                            ,,,,,        ,,
1121113GF0000003,2023-11-13 00:00:00,GF ,CUS_00368,        ,2500.0,2500.0,202311.0,,2500.0,0.0,2500.0,1200.0,                                                            ,,,,,        ,,
1121114GF0000001,2023-11-14 00:00:00,GF ,CUS_00303,        ,3000.0,3000.0,202311.0,,3000.0,0.0,3000.0,1200.0,                                                            ,,,,,        ,,
1121116GF0000001,2023-11-16 00:00:00,GF ,CUS_00527,        ,4700.0,4700.0,202311.0,,4700.0,0.0,4700.0,1900.0,                                                            ,,,,,        ,,
1121117GF0000001,2023-11-17 00:00:00,GF ,CUS_00694,        ,18000.0,18000.0,202311.0,,18000.0,0.0,18000.0,6050.0,                                                            ,,,,,        ,,
1121120GF0000001,2023-11-20 00:00:00,GF ,CUS_00153,        ,8500.0,8500.0,202311.0,,8500.0,0.0,8500.0,5100.0,                                                            ,,,,,        ,,
1121118GF0000001,2023-11-18 00:00:00,GF ,CUS_00472,        ,3000.0,3000.0,202311.0,,3000.0,0.0,3000.0,0.0,                                                            ,,,,,        ,,
1121121GF0000001,2023-11-21 00:00:00,GF ,CUS_00153,        ,2300.0,2300.0,202311.0,,2300.0,0.0,2300.0,1750.0,                                                            ,,,,,        ,,
1121122GF0000001,2023-11-22 00:00:00,GF ,CUS_00330,        ,8000.0,8000.0,202311.0,,8000.0,0.0,8000.0,4000.0,                                                            ,,,,,        ,,
1121122GF0000002,2023-11-22 00:00:00,GF ,CUS_00321,        ,2500.0,2500.0,202311.0,,2500.0,0.0,2500.0,1300.0,                                                            ,,,,,        ,,
1121123GF0000001,2023-11-23 00:00:00,GF ,CUS_00277,        ,11000.0,11000.0,202311.0,,11000.0,0.0,11000.0,5450.0,                                                            ,,,,,        ,,
1121128GF0000001,2023-11-28 00:00:00,GF ,CUS_00688,        ,2500.0,2500.0,202311.0,,2500.0,0.0,2500.0,630.0,                                                            ,,,,,        ,,
1121128GF0000002,2023-11-28 00:00:00,GF ,CUS_00063,        ,4500.0,4500.0,202311.0,,4500.0,0.0,4500.0,1050.0,                                                            ,,,,,        ,,
1121127GF0000001,2023-11-27 00:00:00,GF ,CUS_00132,        ,6000.0,6000.0,202311.0,,6000.0,0.0,6000.0,5500.0,                                                            ,,,,,        ,,
1121130GF0000001,2023-11-30 00:00:00,GF ,CUS_00072,        ,6500.0,6500.0,202311.0,,6500.0,0.0,6500.0,3000.0,                                                            ,,,,,        ,,
1121205GF0000001,2023-12-05 00:00:00,GF ,CUS_00009,        ,3300.0,3300.0,202312.0,,3300.0,0.0,3300.0,530.0,                                                            ,,,,,        ,,
1121205GF0000002,2023-12-05 00:00:00,GF ,CUS_00418,        ,2900.0,2900.0,202312.0,,2900.0,0.0,2900.0,2000.0,                                                            ,,,,,        ,,
1121205GF0000003,2023-12-05 00:00:00,GF ,CUS_00530,        ,1400.0,1400.0,202312.0,,1400.0,0.0,1400.0,290.0,                                                            ,,,,,        ,,
1121206GF0000001,2023-12-06 00:00:00,GF ,CUS_00694,        ,2600.0,2600.0,202312.0,,2600.0,0.0,2600.0,443.0,                                                            ,,,,,        ,,
1121206GF0000002,2023-12-06 00:00:00,GF ,CUS_00298,        ,12500.0,12500.0,202312.0,,12500.0,0.0,12500.0,7000.0,                                                            ,,,,,        ,,
1121207GF0000001,2023-12-07 00:00:00,GF ,CUS_00086,        ,4000.0,4000.0,202312.0,,4000.0,0.0,4000.0,1908.0,[已隱蔽],,,,,        ,,
1121207GF0000002,2023-12-07 00:00:00,GF ,CUS_00497,        ,7450.0,7450.0,202312.0,,7450.0,0.0,7450.0,3040.0,                                                            ,,,,,        ,,
1121208GF0000001,2023-12-08 00:00:00,GF ,CUS_00710,        ,2800.0,2800.0,202312.0,,2800.0,0.0,2800.0,2100.0,                                                            ,,,,,        ,,
1121211GF0000001,2023-12-11 00:00:00,GF ,CUS_00442,        ,3500.0,3500.0,202312.0,,3500.0,0.0,3500.0,1120.0,                                                            ,,,,,        ,,
1121212GF0000001,2023-12-12 00:00:00,GF ,CUS_00333,        ,2000.0,2000.0,202312.0,,2000.0,0.0,2000.0,600.0,                                                            ,[已隱蔽],,,,        ,,
1121209GF0000001,2023-12-09 00:00:00,GF ,CUS_00076,        ,2000.0,2000.0,202312.0,,2000.0,0.0,2000.0,1000.0,[已隱蔽],,,,,        ,,
1121213GF0000001,2023-12-13 00:00:00,GF ,CUS_00682,01      ,800.0,800.0,202312.0,,800.0,0.0,800.0,500.0,[已隱蔽],,,,,01      ,,
1121214GF0000001,2023-12-14 00:00:00,GF ,CUS_00656,        ,2000.0,2000.0,202312.0,,2000.0,0.0,2000.0,900.0,                                                            ,,,,,        ,,
1121215GF0000001,2023-12-15 00:00:00,GF ,CUS_00298,        ,3500.0,3500.0,202312.0,,3500.0,0.0,3500.0,1500.0,                                                            ,,,,,        ,,
1121216GF0000001,2023-12-16 00:00:00,GF ,CUS_00532,        ,24400.0,24400.0,202312.0,,24400.0,0.0,24400.0,15839.0,                                                            ,,,,,        ,,
1121216GF0000002,2023-12-16 00:00:00,GF ,CUS_00231,        ,1000.0,1000.0,202312.0,,1000.0,0.0,1000.0,200.0,                                                            ,,,,,        ,,
1121218GF0000001,2023-12-18 00:00:00,GF ,CUS_00355,        ,3000.0,3000.0,202312.0,,3000.0,0.0,3000.0,1030.0,                                                            ,[已隱蔽],,,,        ,,
1121218GF0000002,2023-12-18 00:00:00,GF ,CUS_00682,01      ,750.0,750.0,202312.0,,750.0,0.0,750.0,380.0,[已隱蔽],,,,,01      ,,
1121219GF0000001,2023-12-19 00:00:00,GF ,CUS_00530,        ,3000.0,3000.0,202312.0,,3000.0,0.0,3000.0,1100.0,                                                            ,,,,,        ,,
1121223GF0000001,2023-12-23 00:00:00,GF ,CUS_00694,        ,8000.0,8000.0,202312.0,,8000.0,0.0,8000.0,2370.0,                                                            ,[已隱蔽],,,,        ,,
1121223GF0000002,2023-12-23 00:00:00,GF ,CUS_00190,        ,7000.0,7000.0,202312.0,,7000.0,0.0,7000.0,1450.0,                                                            ,,,,,        ,,
1121223GF0000003,2023-12-23 00:00:00,GF ,CUS_00411,        ,7500.0,7500.0,202312.0,,7500.0,0.0,7500.0,2000.0,                                                            ,,,,,        ,,
1121223GF0000004,2023-12-23 00:00:00,GF ,CUS_00682,01      ,2800.0,2800.0,202312.0,,2800.0,0.0,2800.0,1900.0,[已隱蔽],,,,,01      ,,
1121225GF0000001,2023-12-25 00:00:00,GF ,CUS_00132,        ,2250.0,2250.0,202312.0,,2250.0,0.0,2250.0,680.0,                                                            ,[已隱蔽],,,,        ,,
1121227GF0000001,2023-12-27 00:00:00,GF ,CUS_00694,        ,1000.0,1000.0,202312.0,,1000.0,0.0,1000.0,193.0,                                                            ,,,,,        ,,
1121229GF0000001,2023-12-29 00:00:00,GF ,CUS_00416,        ,2500.0,2500.0,202312.0,,2500.0,0.0,2500.0,950.0,                                                            ,,,,,01      ,,
1121229GF0000002,2023-12-29 00:00:00,GF ,CUS_00161,        ,4200.0,4200.0,202312.0,,4200.0,0.0,4200.0,1620.0,                                                            ,[已隱蔽],,,,        ,,
1121230GF0000001,2023-12-30 00:00:00,GF ,CUS_00392,        ,3500.0,3500.0,202312.0,,3500.0,0.0,3500.0,725.0,                                                            ,,,,,        ,,
1121229GF0000003,2023-12-29 00:00:00,GF ,CUS_00321,        ,1500.0,1500.0,202312.0,,1500.0,0.0,1500.0,500.0,                                                            ,,,,,        ,,
1121230GF0000002,2023-12-30 00:00:00,GF ,CUS_00472,        ,6150.0,6150.0,202312.0,,6150.0,0.0,6150.0,2025.0,                                                            ,[已隱蔽],,,,        ,,
1121230GF0000003,2023-12-30 00:00:00,GF ,CUS_00281,        ,7600.0,7600.0,202312.0,,7600.0,0.0,7600.0,2590.0,                                                            ,,,,,        ,,
1121230GF0000004,2023-12-30 00:00:00,GF ,CUS_00554,        ,600.0,600.0,202312.0,,600.0,0.0,600.0,240.0,[已隱蔽],,,,,        ,,
1130103GF0000001,2024-01-03 00:00:00,GF ,CUS_00442,        ,15500.0,15500.0,202401.0,,15500.0,0.0,15500.0,9500.0,                                                            ,,,,,        ,,
1130105GF0000001,2024-01-05 00:00:00,GF ,CUS_00076,        ,750.0,750.0,202401.0,,750.0,0.0,750.0,410.0,[已隱蔽],,,,,        ,,
1130106GF0000001,2024-01-06 00:00:00,GF ,CUS_00293,        ,4200.0,4200.0,202401.0,,4200.0,0.0,4200.0,1935.0,                                                            ,,,,,        ,,
1130106GF0000002,2024-01-06 00:00:00,GF ,CUS_00733,        ,2500.0,2500.0,202401.0,,2500.0,0.0,2500.0,580.0,                                                            ,,,,,        ,,
1130108GF0000001,2024-01-08 00:00:00,GF ,CUS_00282,        ,3000.0,3000.0,202401.0,,3000.0,0.0,3000.0,1100.0,                                                            ,,,,,        ,,
1130105GF0000002,2024-01-05 00:00:00,GF ,CUS_00317,        ,11750.0,11750.0,202401.0,,11750.0,0.0,11750.0,4970.0,                                                            ,,,,,        ,,
1130202GF0000002,2024-02-02 00:00:00,GF ,CUS_00561,        ,6000.0,6000.0,202402.0,,6000.0,0.0,6000.0,2610.0,                                                            ,[已隱蔽],,,,        ,,
1130202GF0000003,2024-02-02 00:00:00,GF ,CUS_00067,        ,4150.0,4150.0,202402.0,,3600.0,550.0,3600.0,1313.2,                                                            ,[已隱蔽],,,,        ,,
1130202GF0000004,2024-02-02 00:00:00,GF ,,,0.0,0.0,,,0.0,0.0,0.0,,,,,,,,,
1130203GF0000001,2024-02-03 00:00:00,GF ,CUS_00673,        ,1500.0,1500.0,202402.0,,1500.0,0.0,1500.0,3860.0,                                                            ,,,,,        ,,
1130204GF0000001,2024-02-04 00:00:00,GF ,CUS_00435,        ,4565.0,4565.0,202402.0,,4565.0,0.0,4565.0,1228.0,                                                            ,,,,,        ,,
1130204GF0000002,2024-02-04 00:00:00,GF ,CUS_00262,        ,18500.0,18500.0,202402.0,,18500.0,0.0,18500.0,9950.0,                                                            ,,,,,        ,,
1130205GF0000001,2024-02-05 00:00:00,GF ,CUS_00091,        ,600.0,600.0,202402.0,,600.0,0.0,600.0,90.0,                                                            ,,,,,        ,,
1130205GF0000002,2024-02-05 00:00:00,GF ,CUS_00694,        ,7000.0,7000.0,202402.0,,7000.0,0.0,7000.0,4500.0,                                                            ,,,,,        ,,
1130126GF0000001,2024-01-26 00:00:00,GF ,CUS_00091,        ,500.0,500.0,202401.0,,500.0,0.0,500.0,0.0,                                                            ,,,,,        ,,
1130128GF0000001,2024-01-28 00:00:00,GF ,CUS_00309,        ,7000.0,7000.0,202401.0,,7000.0,0.0,7000.0,4180.0,                                                            ,,,,,        ,,
1130130GF0000001,2024-01-30 00:00:00,GF ,CUS_00656,        ,750.0,750.0,202401.0,,750.0,0.0,750.0,380.0,                                                            ,,,,,        ,,
1130130GF0000002,2024-01-30 00:00:00,GF ,CUS_00588,        ,300.0,300.0,202402.0,,300.0,0.0,300.0,140.0,[已隱蔽],,,,,        ,,
1130131GF0000001,2024-01-31 00:00:00,GF ,CUS_00694,        ,3000.0,3000.0,202401.0,,3000.0,0.0,3000.0,600.0,                                                            ,,,,,        ,,
1130201GF0000001,2024-02-01 00:00:00,GF ,CUS_00694,        ,1000.0,1000.0,202402.0,,1000.0,0.0,1000.0,90.0,                                                            ,,,,,        ,,
1130201GF0000002,2024-02-01 00:00:00,GF ,CUS_00660,        ,2571.0,2571.0,202402.0,VY[電話]      ,2571.0,0.0,2700.0,1800.0,                                                            ,,,,,        ,,
1130202GF0000001,2024-02-02 00:00:00,GF ,CUS_00694,        ,290.0,290.0,202402.0,,290.0,0.0,290.0,143.0,                                                            ,,,,,        ,,
1130408GF0000004,2024-04-08 00:00:00,GF ,CUS_00533,        ,2000.0,2000.0,202404.0,,2000.0,0.0,2000.0,1000.0,                                                            ,,,,,        ,,
1130408GF0000005,2024-04-08 00:00:00,GF ,CUS_00615,        ,2000.0,2000.0,202404.0,,2000.0,0.0,2000.0,460.0,                                                            ,,,,,        ,,
1130409GF0000001,2024-04-09 00:00:00,GF ,CUS_00019,        ,25000.0,25000.0,202404.0,,25000.0,0.0,25000.0,20000.0,                                                            ,,,,,        ,,
1130412GF0000001,2024-04-12 00:00:00,GF ,CUS_00699,        ,3000.0,3000.0,202404.0,,3000.0,0.0,3000.0,1100.0,[已隱蔽],,,,,        ,,
1130412GF0000002,2024-04-12 00:00:00,GF ,CUS_00365,        ,500.0,500.0,202404.0,,500.0,0.0,500.0,50.0,                                                            ,,,,,        ,,
1130413GF0000001,2024-04-13 00:00:00,GF ,CUS_00699,        ,2800.0,2800.0,202404.0,,2800.0,0.0,2800.0,1100.0,[已隱蔽],,,,,        ,,
1130415GF0000001,2024-04-15 00:00:00,GF ,CUS_00558,        ,22000.0,22000.0,202404.0,,22000.0,0.0,22000.0,10000.0,                                                            ,,,,,        ,,
1130416GF0000001,2024-04-16 00:00:00,GF ,CUS_00615,        ,7500.0,7500.0,202404.0,,7500.0,0.0,7500.0,2150.0,                                                            ,,,,,        ,,
1130423GF0000002,2024-04-23 00:00:00,GF ,CUS_00482,        ,3850.0,3850.0,202404.0,,3850.0,0.0,3850.0,770.0,                                                            ,,,,,        ,,
1130424GF0000001,2024-04-24 00:00:00,GF ,CUS_00076,        ,5000.0,5000.0,202404.0,,5000.0,0.0,5000.0,2300.0,[已隱蔽],,,,,        ,,
1130425GF0000001,2024-04-25 00:00:00,GF ,CUS_00538,        ,6600.0,6600.0,202404.0,,6600.0,0.0,6600.0,1210.0,                                                            ,,,,,        ,,
1130429GF0000001,2024-04-29 00:00:00,GF ,CUS_00241,        ,7500.0,7500.0,202404.0,,7500.0,0.0,7500.0,2300.0,                                                            ,,,,,        ,,
1130429GF0000002,2024-04-29 00:00:00,GF ,CUS_00575,        ,1000.0,1000.0,202404.0,,1000.0,0.0,1000.0,280.0,[已隱蔽],,,,,        ,,
1130501GF0000001,2024-05-01 00:00:00,GF ,CUS_00652,        ,2200.0,2200.0,202405.0,,2200.0,0.0,2200.0,870.0,                                                            ,,,,,        ,,
1130503GF0000001,2024-05-03 00:00:00,GF ,CUS_00472,        ,5000.0,5000.0,202405.0,,5000.0,0.0,5000.0,1900.0,                                                            ,[已隱蔽],,,,        ,,
1130506GF0000001,2024-05-06 00:00:00,GF ,CUS_00615,        ,4200.0,4200.0,202405.0,,4200.0,0.0,4200.0,2500.0,                                                            ,,,,,        ,,
1130108GF0000002,2024-01-08 00:00:00,GF ,CUS_00009,        ,3900.0,3900.0,202401.0,,3900.0,0.0,3900.0,528.0,                                                            ,,,,,        ,,
1130108GF0000003,2024-01-08 00:00:00,GF ,CUS_00645,        ,750.0,750.0,202401.0,,750.0,0.0,750.0,450.0,                                                            ,,,,,        ,,
1130110GF0000001,2024-01-10 00:00:00,GF ,CUS_00721,        ,1900.0,1900.0,202401.0,,1900.0,0.0,1900.0,780.0,                                                            ,,,,,        ,,
1130110GF0000002,2024-01-10 00:00:00,GF ,CUS_00370,        ,2100.0,2100.0,202401.0,,2100.0,0.0,2100.0,626.0,                                                            ,,,,,        ,,
1130111GF0000001,2024-01-11 00:00:00,GF ,CUS_00301,        ,2600.0,2600.0,202401.0,,2600.0,0.0,2600.0,1750.0,                                                            ,,,,,        ,,
1130113GF0000001,2024-01-13 00:00:00,GF ,CUS_00272,        ,800.0,800.0,202401.0,,800.0,0.0,800.0,300.0,                                                            ,,,,,        ,,
1130113GF0000002,2024-01-13 00:00:00,GF ,CUS_00086,        ,5500.0,5500.0,202401.0,,5500.0,0.0,5500.0,2340.0,[已隱蔽],,,,,        ,,
1130507GF0000001,2024-05-07 00:00:00,GF ,CUS_00444,        ,14600.0,14600.0,202405.0,,14600.0,0.0,14600.0,5690.0,                                                            ,,,,,        ,,
1130113GF0000003,2024-01-13 00:00:00,GF ,CUS_00533,        ,3000.0,3000.0,202401.0,,3000.0,0.0,3000.0,1900.0,                                                            ,,,,,        ,,
1130116GF0000001,2024-01-16 00:00:00,GF ,CUS_00301,        ,3600.0,3600.0,202401.0,,3600.0,0.0,3600.0,1380.0,                                                            ,[已隱蔽],,,,        ,,
1130117GF0000001,2024-01-17 00:00:00,GF ,CUS_00344,        ,17000.0,17000.0,202401.0,,17000.0,0.0,17000.0,10000.0,                                                            ,,,,,        ,,
1130118GF0000001,2024-01-18 00:00:00,GF ,CUS_00706,        ,950.0,950.0,202401.0,,950.0,0.0,950.0,320.0,                                                            ,[已隱蔽],,,,        ,,
1130118GF0000002,2024-01-18 00:00:00,GF ,CUS_00138,        ,1400.0,1400.0,202401.0,,1400.0,0.0,1400.0,510.0,                                                            ,,,,,        ,,
1130118GF0000003,2024-01-18 00:00:00,GF ,CUS_00162,        ,3000.0,3000.0,202401.0,,3000.0,0.0,3000.0,1195.0,                                                            ,,,,,        ,,
1130119GF0000001,2024-01-19 00:00:00,GF ,CUS_00076,        ,2800.0,2800.0,202401.0,,2800.0,0.0,2800.0,1900.0,[已隱蔽],,,,,        ,,
1130120GF0000001,2024-01-20 00:00:00,GF ,CUS_00258,        ,3100.0,3100.0,202401.0,,3100.0,0.0,3100.0,1120.0,                                                            ,,,,,        ,,
1130120GF0000002,2024-01-20 00:00:00,GF ,CUS_00678,        ,2500.0,2500.0,202401.0,,2500.0,0.0,2500.0,380.0,[已隱蔽],,,,,        ,,
1130123GF0000001,2024-01-23 00:00:00,GF ,CUS_00357,        ,10000.0,10000.0,202401.0,,10000.0,0.0,10000.0,4000.0,                                                            ,,,,,        ,,
1130123GF0000002,2024-01-23 00:00:00,GF ,CUS_00226,        ,3500.0,3500.0,202401.0,,3500.0,0.0,3500.0,1400.0,                                                            ,,,,,        ,,
1130124GF0000001,2024-01-24 00:00:00,GF ,CUS_00694,        ,4000.0,4000.0,202401.0,,4000.0,0.0,4000.0,450.0,                                                            ,,,,,        ,,
1130124GF0000002,2024-01-24 00:00:00,GF ,CUS_00473,        ,2000.0,2000.0,202401.0,,2000.0,0.0,2000.0,450.0,                                                            ,,,,,        ,,
1130124GF0000003,2024-01-24 00:00:00,GF ,CUS_00615,        ,2800.0,2800.0,202401.0,,2800.0,0.0,2800.0,1750.0,                                                            ,,,,,        ,,
1130125GF0000001,2024-01-25 00:00:00,GF ,CUS_00254,        ,3500.0,3500.0,202401.0,,3500.0,0.0,3500.0,1085.0,                                                            ,[已隱蔽],,,,        ,,
1130125GF0000002,2024-01-25 00:00:00,GF ,CUS_00340,        ,19800.0,19800.0,202401.0,,19800.0,0.0,19800.0,10270.0,                                                            ,,,,,        ,,
1130206GF0000001,2024-02-06 00:00:00,GF ,CUS_00592,        ,6800.0,6800.0,202402.0,,6800.0,0.0,6800.0,2430.0,                                                            ,[已隱蔽],,,,        ,,
1130207GF0000001,2024-02-07 00:00:00,GF ,CUS_00448,        ,3000.0,3000.0,202402.0,,3000.0,0.0,3000.0,1100.0,                                                            ,,,,,        ,,
1130208GF0000001,2024-02-08 00:00:00,GF ,CUS_00400,        ,2499.0,2499.0,202402.0,,2499.0,0.0,2499.0,1700.0,                                                            ,,,,,        ,,
1130208GF0000002,2024-02-08 00:00:00,GF ,CUS_00615,        ,8000.0,8000.0,202402.0,,8000.0,0.0,8000.0,4300.0,                                                            ,[已隱蔽],,,,        ,,
1130208GF0000003,2024-02-08 00:00:00,GF ,CUS_00390,        ,5800.0,5800.0,202402.0,,5800.0,0.0,5800.0,1830.0,                                                            ,,,,,        ,,
1130208GF0000004,2024-02-08 00:00:00,GF ,CUS_00682,01      ,1620.0,1620.0,202402.0,,1620.0,0.0,1620.0,860.0,[已隱蔽],,,,,01      ,,
1130209GF0000001,2024-02-09 00:00:00,GF ,CUS_00215,        ,16500.0,16500.0,202402.0,,16500.0,0.0,16500.0,9500.0,                                                            ,,,,,        ,,
1130209GF0000002,2024-02-09 00:00:00,GF ,CUS_00570,        ,2000.0,2000.0,202402.0,,2000.0,0.0,2000.0,800.0,                                                            ,,,,,        ,,
1130215GF0000001,2024-02-15 00:00:00,GF ,CUS_00656,        ,2500.0,2500.0,202402.0,,2500.0,0.0,2500.0,1200.0,                                                            ,,,,,        ,,
1130215GF0000002,2024-02-15 00:00:00,GF ,CUS_00694,        ,1500.0,1500.0,202402.0,,1500.0,0.0,1500.0,580.0,                                                            ,,,,,        ,,
1130217GF0000001,2024-02-17 00:00:00,GF ,CUS_00345,        ,8499.0,8499.0,202402.0,,8499.0,0.0,8499.0,6000.0,                                                            ,,,,,        ,,
1130217GF0000002,2024-02-17 00:00:00,GF ,CUS_00499,        ,4650.0,4650.0,202402.0,,4650.0,0.0,4650.0,1530.0,                                                            ,,,,,        ,,
1130217GF0000003,2024-02-17 00:00:00,GF ,CUS_00074,        ,700.0,700.0,202402.0,,700.0,0.0,700.0,280.0,[已隱蔽],,,,,        ,,
1130219GF0000001,2024-02-19 00:00:00,GF ,CUS_00035,        ,2300.0,2300.0,202402.0,,2300.0,0.0,2300.0,1500.0,                                                            ,,,,,        ,,
1130220GF0000001,2024-02-20 00:00:00,GF ,CUS_00076,        ,5000.0,5000.0,202402.0,,5000.0,0.0,5000.0,2300.0,[已隱蔽],,,,,        ,,
1130220GF0000002,2024-02-20 00:00:00,GF ,CUS_00661,        ,780.0,780.0,202402.0,,780.0,0.0,780.0,404.0,                                                            ,,,,,        ,,
1130221GF0000001,2024-02-21 00:00:00,GF ,CUS_00682,01      ,750.0,750.0,202402.0,,750.0,0.0,750.0,450.0,[已隱蔽],,,,,01      ,,
1130222GF0000001,2024-02-22 00:00:00,GF ,CUS_00656,        ,1000.0,1000.0,202402.0,,1000.0,0.0,1000.0,480.0,                                                            ,,,,,        ,,
1130226GF0000001,2024-02-26 00:00:00,GF ,CUS_00076,        ,5500.0,5500.0,202403.0,,5500.0,0.0,5500.0,2600.0,[已隱蔽],,,,,        ,,
1130227GF0000001,2024-02-27 00:00:00,GF ,CUS_00364,        ,1500.0,1500.0,202402.0,,1500.0,0.0,1500.0,450.0,                                                            ,,,,,        ,,
1130227GF0000002,2024-02-27 00:00:00,GF ,CUS_00555,        ,600.0,600.0,202402.0,,600.0,0.0,600.0,300.0,[已隱蔽],,,,,        ,,
1130227GF0000003,2024-02-27 00:00:00,GF ,CUS_00161,        ,400.0,400.0,202402.0,,400.0,0.0,400.0,180.0,                                                            ,,,,,        ,,
1130229GF0000001,2024-02-29 00:00:00,GF ,CUS_00656,        ,750.0,750.0,202402.0,,750.0,0.0,750.0,380.0,                                                            ,,,,,        ,,
1130301GF0000001,2024-03-01 00:00:00,GF ,CUS_00199,        ,8600.0,8600.0,202403.0,,8600.0,0.0,8600.0,3495.0,                                                            ,[已隱蔽],,,,        ,,
1130304GF0000001,2024-03-04 00:00:00,GF ,CUS_00099,        ,4300.0,4300.0,202403.0,,4300.0,0.0,4300.0,2150.0,                                                            ,,,,,        ,,
1130304GF0000002,2024-03-04 00:00:00,GF ,CUS_00386,        ,7500.0,7500.0,202403.0,,7500.0,0.0,7500.0,2540.0,                                                            ,,,,,        ,,
1130305GF0000001,2024-03-05 00:00:00,GF ,CUS_00656,        ,2000.0,2000.0,202403.0,,2000.0,0.0,2000.0,960.0,                                                            ,,,,,        ,,
1130305GF0000002,2024-03-05 00:00:00,GF ,CUS_00694,        ,500.0,500.0,202403.0,,500.0,0.0,500.0,104.0,                                                            ,,,,,        ,,
1130306GF0000001,2024-03-06 00:00:00,GF ,CUS_00364,        ,1500.0,1500.0,202403.0,,1500.0,0.0,1500.0,450.0,                                                            ,,,,,        ,,
1130307GF0000001,2024-03-07 00:00:00,GF ,CUS_00682,01      ,1400.0,1400.0,202403.0,,1400.0,0.0,1400.0,800.0,[已隱蔽],,,,,01      ,,
1130307GF0000002,2024-03-07 00:00:00,GF ,CUS_00235,        ,6667.0,6667.0,202403.0,XX[電話]      ,6667.0,0.0,7000.0,2300.0,                                                            ,,,,,        ,,
1130308GF0000001,2024-03-08 00:00:00,GF ,CUS_00475,        ,4000.0,4000.0,202403.0,,4000.0,0.0,4000.0,610.0,                                                            ,,,,,        ,,
1110817GF0000004,2022-08-17 00:00:00,GF ,CUS_00219,        ,1000.0,1000.0,202208.0,,1000.0,0.0,1000.0,250.0,                                                            ,,,,,        ,,
1130309GF0000003,2024-03-09 00:00:00,GF ,CUS_00219,        ,3200.0,3200.0,202403.0,,3200.0,0.0,3200.0,650.0,                                                            ,,,,,        ,,
1130311GF0000001,2024-03-11 00:00:00,GF ,CUS_00170,        ,2700.0,2700.0,202403.0,,2700.0,0.0,2700.0,1180.0,                                                            ,,,,,        ,,
1130311GF0000002,2024-03-11 00:00:00,GF ,CUS_00612,        ,2900.0,2900.0,202403.0,,2900.0,0.0,2900.0,1720.0,                                                            ,,,,,        ,,
1130311GF0000003,2024-03-11 00:00:00,GF ,CUS_00609,        ,4000.0,4000.0,202403.0,,4000.0,0.0,4000.0,550.0,                                                            ,,,,,        ,,
1130311GF0000004,2024-03-11 00:00:00,GF ,CUS_00554,        ,5500.0,5500.0,202403.0,,5500.0,0.0,5500.0,2600.0,[已隱蔽],,,,,        ,,
1130313GF0000001,2024-03-13 00:00:00,GF ,CUS_00340,        ,6500.0,6500.0,202403.0,,6500.0,0.0,6500.0,1580.0,                                                            ,,,,,        ,,
1130313GF0000002,2024-03-13 00:00:00,GF ,CUS_00622,        ,12700.0,12700.0,202403.0,XZ[電話]      ,12700.0,0.0,13335.0,5140.0,                                                            ,,,,,        ,,
1130523GF0000003,2024-05-23 00:00:00,GF ,CUS_00526,        ,4200.0,4200.0,202405.0,,4200.0,0.0,4200.0,1800.0,                                                            ,,,,,        ,,
1130524GF0000001,2024-05-24 00:00:00,GF ,CUS_00694,        ,1000.0,1000.0,202405.0,,1000.0,0.0,1000.0,450.0,                                                            ,,,,,        ,,
1130527GF0000001,2024-05-27 00:00:00,GF ,CUS_00499,        ,1200.0,1200.0,202405.0,,1200.0,0.0,1200.0,239.0,                                                            ,,,,,        ,,
1130527GF0000002,2024-05-27 00:00:00,GF ,CUS_00499,        ,14900.0,14900.0,202405.0,,14900.0,0.0,14900.0,9080.0,                                                            ,,,,,        ,,
1130528GF0000001,2024-05-28 00:00:00,GF ,CUS_00472,        ,17600.0,17600.0,202405.0,,17600.0,0.0,17600.0,8399.0,                                                            ,,,,,        ,,
1130528GF0000002,2024-05-28 00:00:00,GF ,CUS_00204,        ,2800.0,2800.0,202405.0,,2800.0,0.0,2800.0,450.0,                                                            ,,,,,        ,,
1130603GF0000001,2024-06-03 00:00:00,GF ,CUS_00086,        ,300.0,300.0,202406.0,,300.0,0.0,300.0,19.5,[已隱蔽],,,,,        ,,
1130604GF0000001,2024-06-04 00:00:00,GF ,CUS_00668,        ,3500.0,3500.0,202406.0,,3500.0,0.0,3500.0,550.0,                                                            ,,,,,        ,,
1130605GF0000001,2024-06-05 00:00:00,GF ,CUS_00733,        ,200.0,200.0,202406.0,,200.0,0.0,200.0,30.0,                                                            ,,,,,        ,,
1130605GF0000002,2024-06-05 00:00:00,GF ,CUS_00182,        ,4500.0,4500.0,202406.0,,4500.0,0.0,4500.0,1205.0,                                                            ,,,,,        ,,
1130606GF0000001,2024-06-06 00:00:00,GF ,CUS_00053,        ,2800.0,2800.0,202406.0,,2800.0,0.0,2800.0,1300.0,                                                            ,,,,,        ,,
1130606GF0000002,2024-06-06 00:00:00,GF ,CUS_00682,01      ,2100.0,2100.0,202406.0,,2100.0,0.0,2100.0,920.0,[已隱蔽],,,,,01      ,,
1130607GF0000001,2024-06-07 00:00:00,GF ,CUS_00381,        ,16000.0,16000.0,202406.0,,16000.0,0.0,16000.0,9500.0,                                                            ,,,,,        ,,
1130611GF0000001,2024-06-11 00:00:00,GF ,CUS_00059,        ,1300.0,1300.0,202406.0,,1300.0,0.0,1300.0,260.0,                                                            ,,,,,        ,,
1130611GF0000002,2024-06-11 00:00:00,GF ,CUS_00205,        ,3000.0,3000.0,202406.0,,3000.0,0.0,3000.0,1000.0,                                                            ,,,,,        ,,
1130612GF0000001,2024-06-12 00:00:00,GF ,CUS_00058,        ,3700.0,3700.0,202406.0,,3700.0,0.0,3700.0,1300.0,                                                            ,[已隱蔽],,,,        ,,
1130613GF0000001,2024-06-13 00:00:00,GF ,CUS_00563,        ,700.0,700.0,202406.0,,700.0,0.0,700.0,350.0,                                                            ,,,,,        ,,
1130613GF0000002,2024-06-13 00:00:00,GF ,CUS_00694,        ,3000.0,3000.0,202406.0,,3000.0,0.0,3000.0,502.0,                                                            ,,,,,        ,,
1130613GF0000003,2024-06-13 00:00:00,GF ,CUS_00495,        ,2000.0,2000.0,202406.0,,2000.0,0.0,2000.0,600.0,                                                            ,,,,,        ,,
1130613GF0000004,2024-06-13 00:00:00,GF ,CUS_00733,        ,950.0,950.0,202406.0,,950.0,0.0,950.0,290.0,                                                            ,,,,,        ,,
1130614GF0000001,2024-06-14 00:00:00,GF ,CUS_00084,        ,250.0,250.0,202406.0,,250.0,0.0,250.0,120.0,[已隱蔽],,,,,        ,,
1130614GF0000002,2024-06-14 00:00:00,GF ,CUS_00054,        ,2500.0,2500.0,202406.0,,2500.0,0.0,2500.0,590.0,                                                            ,,,,,        ,,
1130615GF0000002,2024-06-15 00:00:00,GF ,CUS_00682,01      ,240.0,240.0,202406.0,,240.0,0.0,240.0,100.0,[已隱蔽],,,,,01      ,,
1130615GF0000003,2024-06-15 00:00:00,GF ,CUS_00054,        ,22000.0,22000.0,202406.0,,22000.0,0.0,22000.0,11800.0,                                                            ,,,,,        ,,
1130315GF0000001,2024-03-15 00:00:00,GF ,CUS_00597,        ,3500.0,3500.0,202403.0,,3500.0,0.0,3500.0,2000.0,                                                            ,,,,,        ,,
1130315GF0000002,2024-03-15 00:00:00,GF ,CUS_00557,        ,1250.0,1250.0,202403.0,,1250.0,0.0,1250.0,650.0,                                                            ,,,,,        ,,
1130316GF0000001,2024-03-16 00:00:00,GF ,CUS_00034,        ,3000.0,3000.0,202403.0,,3000.0,0.0,3000.0,1100.0,                                                            ,,,,,        ,,
1130316GF0000002,2024-03-16 00:00:00,GF ,CUS_00091,        ,4000.0,4000.0,202403.0,,4000.0,0.0,4000.0,1345.0,                                                            ,[已隱蔽],,,,        ,,
1130319GF0000002,2024-03-19 00:00:00,GF ,CUS_00733,        ,1500.0,1500.0,202403.0,,1500.0,0.0,1500.0,340.0,                                                            ,,,,,        ,,
1130321GF0000001,2024-03-21 00:00:00,GF ,CUS_00074,        ,500.0,500.0,202403.0,,500.0,0.0,500.0,170.0,[已隱蔽],,,,,        ,,
1130322GF0000001,2024-03-22 00:00:00,GF ,CUS_00137,        ,2100.0,2100.0,202403.0,,2100.0,0.0,2100.0,1500.0,                                                            ,,,,,        ,,
1130323GF0000001,2024-03-23 00:00:00,GF ,CUS_00724,        ,3400.0,3400.0,202403.0,,3400.0,0.0,3400.0,1796.0,                                                            ,,,,,        ,,
1130323GF0000002,2024-03-23 00:00:00,GF ,CUS_00492,        ,2500.0,2500.0,202403.0,,2500.0,0.0,2500.0,1100.0,                                                            ,,,,,        ,,
1130323GF0000003,2024-03-23 00:00:00,GF ,CUS_00558,        ,3700.0,3700.0,202403.0,,3700.0,0.0,3700.0,1010.0,                                                            ,[已隱蔽],,,,        ,,
1130325GF0000001,2024-03-25 00:00:00,GF ,CUS_00038,        ,12500.0,12500.0,202403.0,,12500.0,0.0,12500.0,8800.0,                                                            ,,,,,        ,,
1130327GF0000001,2024-03-27 00:00:00,GF ,CUS_00067,        ,3300.0,3300.0,202403.0,,3300.0,0.0,3300.0,1900.0,                                                            ,,,,,        ,,
1130327GF0000002,2024-03-27 00:00:00,GF ,CUS_00535,        ,1000.0,1000.0,202403.0,,1000.0,0.0,1000.0,240.0,                                                            ,,,,,        ,,
1130327GF0000003,2024-03-27 00:00:00,GF ,CUS_00598,        ,300.0,300.0,202404.0,,300.0,0.0,300.0,70.0,                                                            ,,,,,        ,,
1130330GF0000001,2024-03-30 00:00:00,GF ,CUS_00042,        ,2500.0,2500.0,202403.0,,2500.0,0.0,2500.0,800.0,                                                            ,,,,,        ,,
1130330GF0000002,2024-03-30 00:00:00,GF ,CUS_00479,        ,22300.0,22300.0,202403.0,,22300.0,0.0,22300.0,10540.0,                                                            ,,,,,        ,,
1130330GF0000003,2024-03-30 00:00:00,GF ,CUS_00448,        ,1700.0,1700.0,202403.0,,1700.0,0.0,1700.0,705.0,                                                            ,,,,,        ,,
1130401GF0000001,2024-04-01 00:00:00,GF ,CUS_00112,        ,8500.0,8095.0,202404.0,XX[電話]      ,8095.0,0.0,8500.0,2895.0,                                                            ,[已隱蔽],,,,        ,,
1130401GF0000002,2024-04-01 00:00:00,GF ,CUS_00682,01      ,1200.0,1200.0,202404.0,,1200.0,0.0,1200.0,700.0,[已隱蔽],,,,,01      ,,
1130406GF0000001,2024-04-06 00:00:00,GF ,CUS_00694,        ,17050.0,17050.0,202404.0,,17050.0,0.0,17050.0,6680.0,                                                            ,[已隱蔽],,,,        ,,
1130406GF0000002,2024-04-06 00:00:00,GF ,CUS_00365,        ,3400.0,3400.0,202404.0,,3400.0,0.0,3400.0,1257.0,                                                            ,[已隱蔽],,,,        ,,
1130408GF0000001,2024-04-08 00:00:00,GF ,CUS_00539,        ,1500.0,1500.0,202404.0,,1500.0,0.0,1500.0,450.0,                                                            ,,,,,        ,,
1130408GF0000002,2024-04-08 00:00:00,GF ,CUS_00111,        ,3000.0,3000.0,202404.0,,3000.0,0.0,3000.0,1120.0,                                                            ,,,,,        ,,
1130408GF0000003,2024-04-08 00:00:00,GF ,CUS_00108,        ,15500.0,15500.0,202404.0,,15500.0,0.0,15500.0,7600.0,                                                            ,,,,,        ,,
1130417GF0000001,2024-04-17 00:00:00,GF ,CUS_00682,01      ,1900.0,1900.0,202404.0,,1900.0,0.0,1900.0,870.0,[已隱蔽],,,,,01      ,,
1130417GF0000002,2024-04-17 00:00:00,GF ,CUS_00533,        ,400.0,400.0,202404.0,,400.0,0.0,400.0,230.0,                                                            ,,,,,        ,,
1130419GF0000001,2024-04-19 00:00:00,GF ,CUS_00733,        ,4500.0,4500.0,202404.0,,4500.0,0.0,4500.0,1468.0,                                                            ,,,,,        ,,
1130419GF0000002,2024-04-19 00:00:00,GF ,CUS_00533,        ,1000.0,1000.0,202404.0,,1000.0,0.0,1000.0,500.0,                                                            ,,,,,        ,,
1130422GF0000001,2024-04-22 00:00:00,GF ,CUS_00733,        ,2500.0,2500.0,202404.0,,2500.0,0.0,2500.0,1650.0,                                                            ,,,,,        ,,
1130422GF0000002,2024-04-22 00:00:00,GF ,CUS_00086,        ,7850.0,7850.0,202404.0,,7850.0,0.0,7850.0,1955.0,[已隱蔽],[已隱蔽],,,,        ,,
1130422GF0000003,2024-04-22 00:00:00,GF ,CUS_00615,        ,5000.0,5000.0,202404.0,,5000.0,0.0,5000.0,1900.0,                                                            ,,,,,        ,,
1130423GF0000001,2024-04-23 00:00:00,GF ,CUS_00054,        ,3200.0,3200.0,202404.0,,3200.0,0.0,3200.0,2240.0,                                                            ,,,,,        ,,
1130507GF0000002,2024-05-07 00:00:00,GF ,CUS_00161,        ,2950.0,2950.0,202405.0,,2950.0,0.0,2950.0,1022.0,                                                            ,[已隱蔽],,,,        ,,
1130511GF0000001,2024-05-11 00:00:00,GF ,CUS_00029,        ,1500.0,1500.0,202405.0,,1500.0,0.0,1500.0,500.0,                                                            ,,,,,        ,,
1130511GF0000002,2024-05-11 00:00:00,GF ,CUS_00335,        ,6800.0,6800.0,202405.0,,6800.0,0.0,6800.0,3100.0,                                                            ,[已隱蔽],,,,        ,,
1130514GF0000001,2024-05-14 00:00:00,GF ,CUS_00530,        ,4200.0,4200.0,202405.0,,4200.0,0.0,4200.0,2550.0,                                                            ,,,,,        ,,
1130515GF0000001,2024-05-15 00:00:00,GF ,CUS_00009,        ,950.0,950.0,202405.0,,950.0,0.0,950.0,300.0,                                                            ,,,,,        ,,
1130516GF0000001,2024-05-16 00:00:00,GF ,CUS_00076,        ,5000.0,5000.0,202405.0,,5000.0,0.0,5000.0,2300.0,[已隱蔽],,,,,        ,,
1130517GF0000001,2024-05-17 00:00:00,GF ,CUS_00122,        ,800.0,800.0,202405.0,,800.0,0.0,800.0,0.0,                                                            ,,,,,        ,,
1130517GF0000002,2024-05-17 00:00:00,GF ,CUS_00733,        ,1300.0,1300.0,202405.0,,1300.0,0.0,1300.0,330.0,                                                            ,,,,,        ,,
1130518GF0000001,2024-05-18 00:00:00,GF ,CUS_00258,        ,1700.0,1700.0,202405.0,,1700.0,0.0,1700.0,680.0,                                                            ,,,,,        ,,
1130518GF0000002,2024-05-18 00:00:00,GF ,CUS_00682,01      ,1050.0,1050.0,202405.0,,1050.0,0.0,1050.0,480.0,[已隱蔽],,,,,01      ,,
1130518GF0000003,2024-05-18 00:00:00,GF ,CUS_00009,        ,2100.0,2100.0,202405.0,,2100.0,0.0,2100.0,820.0,                                                            ,,,,,        ,,
1130520GF0000001,2024-05-20 00:00:00,GF ,CUS_00112,        ,476.0,476.0,202405.0,ZW[電話]      ,476.0,0.0,500.0,48.0,                                                            ,,,,,        ,,
1130521GF0000001,2024-05-21 00:00:00,GF ,CUS_00076,        ,3500.0,3500.0,202405.0,,3500.0,0.0,3500.0,2000.0,[已隱蔽],,,,,        ,,
1130522GF0000001,2024-05-22 00:00:00,GF ,CUS_00116,        ,24300.0,24300.0,202405.0,,24300.0,0.0,24300.0,11975.0,                                                            ,,,,,        ,,
1130523GF0000001,2024-05-23 00:00:00,GF ,CUS_00047,        ,1200.0,1200.0,202405.0,,1200.0,0.0,1200.0,430.0,                                                            ,,,,,        ,,
1130523GF0000002,2024-05-23 00:00:00,GF ,CUS_00258,        ,1500.0,1500.0,202405.0,,1500.0,0.0,1500.0,500.0,                                                            ,[已隱蔽],,,,        ,,
1130617GF0000001,2024-06-17 00:00:00,GF ,CUS_00561,        ,1800.0,1800.0,202406.0,,1800.0,0.0,1800.0,750.0,                                                            ,,,,,        ,,
1130617GF0000002,2024-06-17 00:00:00,GF ,CUS_00161,        ,10600.0,10600.0,202406.0,,10600.0,0.0,10600.0,4500.0,                                                            ,,,,,        ,,
1130618GF0000001,2024-06-18 00:00:00,GF ,CUS_00549,        ,600.0,600.0,202406.0,,600.0,0.0,600.0,350.0,[已隱蔽],,,,,        ,,
1130619GF0000001,2024-06-19 00:00:00,GF ,CUS_00076,        ,5000.0,5000.0,202406.0,,5000.0,0.0,5000.0,2300.0,[已隱蔽],,,,,        ,,
1130619GF0000002,2024-06-19 00:00:00,GF ,CUS_00733,        ,2000.0,2000.0,202406.0,,2000.0,0.0,2000.0,850.0,                                                            ,,,,,        ,,
1130620GF0000001,2024-06-20 00:00:00,GF ,CUS_00694,        ,9500.0,9500.0,202406.0,,9500.0,0.0,9500.0,2800.0,                                                            ,,,,,        ,,
1130621GF0000001,2024-06-21 00:00:00,GF ,CUS_00006,        ,15500.0,15500.0,202406.0,,15500.0,0.0,15500.0,9000.0,                                                            ,,,,,        ,,
1130626GF0000001,2024-06-26 00:00:00,GF ,CUS_00549,        ,600.0,600.0,202406.0,,600.0,0.0,600.0,350.0,[已隱蔽],,,,,        ,,
1130628GF0000001,2024-06-28 00:00:00,GF ,CUS_00085,        ,6000.0,6000.0,202406.0,,6000.0,0.0,6000.0,1970.0,                                                            ,[已隱蔽],,,,        ,,
1130628GF0000002,2024-06-28 00:00:00,GF ,CUS_00031,        ,12800.0,12800.0,202406.0,,12800.0,0.0,12800.0,4875.0,                                                            ,[已隱蔽],,,,        ,,
1130628GF0000003,2024-06-28 00:00:00,GF ,CUS_00016,        ,300.0,300.0,202406.0,,300.0,0.0,300.0,0.0,                                                            ,,,,,        ,,
1130701GF0000001,2024-07-01 00:00:00,GF ,CUS_00365,        ,6000.0,6000.0,202407.0,,6000.0,0.0,6000.0,1030.0,                                                            ,[已隱蔽],,,,        ,,
1130701GF0000002,2024-07-01 00:00:00,GF ,CUS_00269,        ,7300.0,7300.0,202407.0,,7300.0,0.0,7300.0,3600.0,                                                            ,,,,,        ,,
1130702GF0000001,2024-07-02 00:00:00,GF ,CUS_00076,        ,5000.0,5000.0,202407.0,,5000.0,0.0,5000.0,2300.0,[已隱蔽],,,,,        ,,
1130702GF0000002,2024-07-02 00:00:00,GF ,CUS_00094,        ,470.0,470.0,202407.0,,470.0,0.0,470.0,159.0,                                                            ,,,,,        ,,
1130702GF0000003,2024-07-02 00:00:00,GF ,CUS_00471,        ,6500.0,6500.0,202407.0,,6500.0,0.0,6500.0,1800.0,                                                            ,,,,,        ,,
1130722GF0000003,2024-07-22 00:00:00,GF ,CUS_00561,        ,600.0,600.0,202407.0,,600.0,0.0,600.0,200.0,                                                            ,,,,,        ,,
1130723GF0000001,2024-07-23 00:00:00,GF ,CUS_00373,        ,3800.0,3800.0,202407.0,,3800.0,0.0,3800.0,1482.0,                                                            ,,,,,        ,,
1130723GF0000002,2024-07-23 00:00:00,GF ,CUS_00630,        ,800.0,800.0,202407.0,,800.0,0.0,800.0,280.0,[已隱蔽],,,,,        ,,
1130723GF0000003,2024-07-23 00:00:00,GF ,CUS_00568,        ,4000.0,4000.0,202407.0,,4000.0,0.0,4000.0,2000.0,                                                            ,,,,,        ,,
1130724GF0000001,2024-07-24 00:00:00,GF ,CUS_00091,        ,5250.0,5250.0,202407.0,,5250.0,0.0,5250.0,2050.0,                                                            ,[已隱蔽],,,,        ,,
1130725GF0000001,2024-07-25 00:00:00,GF ,CUS_00103,        ,7500.0,7500.0,202407.0,,7500.0,0.0,7500.0,2300.0,                                                            ,,,,,        ,,
1130726GF0000001,2024-07-26 00:00:00,GF ,CUS_00076,        ,2950.0,2950.0,202408.0,,2950.0,0.0,2950.0,1800.0,[已隱蔽],,,,,        ,,
1130726GF0000002,2024-07-26 00:00:00,GF ,CUS_00396,        ,3000.0,3000.0,202407.0,,3000.0,0.0,3000.0,1500.0,                                                            ,,,,,        ,,
1130702GF0000004,2024-07-02 00:00:00,GF ,CUS_00682,01      ,1850.0,1850.0,202407.0,,1850.0,0.0,1850.0,1050.0,[已隱蔽],,,,,01      ,,
1130704GF0000001,2024-07-04 00:00:00,GF ,CUS_00482,        ,1500.0,1500.0,202407.0,,1500.0,0.0,1500.0,500.0,                                                            ,,,,,        ,,
1130706GF0000001,2024-07-06 00:00:00,GF ,CUS_00076,        ,400.0,400.0,202407.0,,400.0,0.0,400.0,180.0,[已隱蔽],,,,,        ,,
1130706GF0000002,2024-07-06 00:00:00,GF ,CUS_00540,        ,6400.0,6400.0,202407.0,,6400.0,0.0,6400.0,2935.0,                                                            ,,,,,        ,,
1130708GF0000001,2024-07-08 00:00:00,GF ,CUS_00181,        ,1300.0,1300.0,202407.0,,1300.0,0.0,1300.0,270.0,                                                            ,,,,,        ,,
1130709GF0000001,2024-07-09 00:00:00,GF ,CUS_00421,        ,4700.0,4700.0,202407.0,,4700.0,0.0,4700.0,2240.0,                                                            ,,,,,        ,,
1130708GF0000002,2024-07-08 00:00:00,GF ,CUS_00676,        ,1000.0,1000.0,202407.0,,1000.0,0.0,1000.0,200.0,                                                            ,,,,,        ,,
1130710GF0000001,2024-07-10 00:00:00,GF ,CUS_00533,        ,1250.0,1250.0,202407.0,,1250.0,0.0,1250.0,580.0,                                                            ,,,,,        ,,
1130710GF0000002,2024-07-10 00:00:00,GF ,CUS_00213,        ,4200.0,4200.0,202407.0,,4200.0,0.0,4200.0,1660.0,                                                            ,[已隱蔽],,,,        ,,
1130711GF0000001,2024-07-11 00:00:00,GF ,CUS_00558,        ,2200.0,2200.0,202407.0,,2200.0,0.0,2200.0,1000.0,                                                            ,,,,,        ,,
1130712GF0000001,2024-07-12 00:00:00,GF ,CUS_00254,        ,1500.0,1500.0,202407.0,,1500.0,0.0,1500.0,220.0,                                                            ,,,,,        ,,
1130712GF0000002,2024-07-12 00:00:00,GF ,CUS_00733,        ,1500.0,1500.0,202407.0,,1500.0,0.0,1500.0,230.0,                                                            ,,,,,        ,,
1130713GF0000001,2024-07-13 00:00:00,GF ,CUS_00091,        ,750.0,750.0,202407.0,,750.0,0.0,750.0,310.0,                                                            ,,,,,        ,,
1130715GF0000001,2024-07-15 00:00:00,GF ,CUS_00152,        ,1700.0,1700.0,202407.0,,1700.0,0.0,1700.0,470.0,                                                            ,,,,,        ,,
1130715GF0000002,2024-07-15 00:00:00,GF ,CUS_00694,        ,300.0,300.0,202407.0,,300.0,0.0,300.0,0.0,                                                            ,,,,,        ,,
1130715GF0000003,2024-07-15 00:00:00,GF ,CUS_00119,        ,10500.0,10500.0,202407.0,,10500.0,0.0,10500.0,3390.0,                                                            ,,,,,        ,,
1130713GF0000002,2024-07-13 00:00:00,GF ,CUS_00522,        ,7200.0,7200.0,202407.0,,7200.0,0.0,7200.0,2705.0,                                                            ,[已隱蔽],,,,        ,,
1130716GF0000001,2024-07-16 00:00:00,GF ,CUS_00044,        ,1500.0,1500.0,202407.0,,1500.0,0.0,1500.0,225.0,                                                            ,,,,,        ,,
1130716GF0000002,2024-07-16 00:00:00,GF ,CUS_00661,        ,1400.0,1400.0,202407.0,,1400.0,0.0,1400.0,760.0,                                                            ,,,,,        ,,
1130717GF0000001,2024-07-17 00:00:00,GF ,CUS_00057,        ,2850.0,2850.0,202407.0,,2850.0,0.0,2850.0,520.0,                                                            ,,,,,        ,,
1130718GF0000001,2024-07-18 00:00:00,GF ,CUS_00224,        ,6500.0,6500.0,202407.0,,6500.0,0.0,6500.0,3770.0,                                                            ,,,,,        ,,
1130718GF0000002,2024-07-18 00:00:00,GF ,CUS_00733,        ,600.0,600.0,202407.0,,600.0,0.0,600.0,350.0,                                                            ,,,,,        ,,
1130722GF0000002,2024-07-22 00:00:00,GF ,CUS_00119,        ,800.0,800.0,202407.0,,800.0,0.0,800.0,530.0,                                                            ,,,,,        ,,
1130728GF0000001,2024-07-28 00:00:00,GF ,CUS_00430,        ,21500.0,21500.0,202407.0,,21500.0,0.0,21500.0,14000.0,                                                            ,,,,,        ,,
1130729GF0000001,2024-07-29 00:00:00,GF ,CUS_00733,        ,3500.0,3500.0,202407.0,,3500.0,0.0,3500.0,1050.0,                                                            ,,,,,        ,,
1130730GF0000001,2024-07-30 00:00:00,GF ,CUS_00057,        ,2500.0,2500.0,202407.0,,2500.0,0.0,2500.0,1010.0,                                                            ,,,,,        ,,
1130731GF0000001,2024-07-31 00:00:00,GF ,CUS_00558,        ,3000.0,3000.0,202407.0,,3000.0,0.0,3000.0,1850.0,                                                            ,,,,,        ,,
1130731GF0000002,2024-07-31 00:00:00,GF ,CUS_00047,        ,20000.0,20000.0,202407.0,,20000.0,0.0,20000.0,13000.0,                                                            ,,,,,        ,,
1130731GF0000003,2024-07-31 00:00:00,GF ,CUS_00066,        ,2900.0,2900.0,202407.0,,2900.0,0.0,2900.0,877.2,                                                            ,[已隱蔽],,,,        ,,
1130731GF0000004,2024-07-31 00:00:00,GF ,CUS_00094,        ,800.0,800.0,202407.0,,800.0,0.0,800.0,0.0,                                                            ,,,,,        ,,
1130802GF0000001,2024-08-02 00:00:00,GF ,CUS_00555,        ,700.0,700.0,202408.0,,700.0,0.0,700.0,400.0,[已隱蔽],,,,,        ,,
1130807GF0000001,2024-08-07 00:00:00,GF ,CUS_00588,        ,800.0,800.0,202408.0,,800.0,0.0,800.0,270.0,[已隱蔽],,,,,        ,,
1130802GF0000002,2024-08-02 00:00:00,GF ,CUS_00471,        ,500.0,500.0,202408.0,,500.0,0.0,500.0,120.0,                                                            ,,,,,        ,,
1130805GF0000001,2024-08-05 00:00:00,GF ,CUS_00283,        ,18800.0,18800.0,202408.0,BY[電話]      ,18800.0,0.0,19740.0,9000.0,                                                            ,,,,,        ,,
1130806GF0000001,2024-08-06 00:00:00,GF ,CUS_00352,        ,500.0,500.0,202408.0,,500.0,0.0,500.0,220.0,                                                            ,,,,,        ,,
1130806GF0000002,2024-08-06 00:00:00,GF ,CUS_00555,        ,300.0,300.0,202408.0,,300.0,0.0,300.0,90.0,[已隱蔽],,,,,        ,,
1130808GF0000001,2024-08-08 00:00:00,GF ,CUS_00161,        ,4500.0,4500.0,202408.0,,4500.0,0.0,4500.0,3120.0,                                                            ,,,,,        ,,
1130808GF0000002,2024-08-08 00:00:00,GF ,CUS_00694,        ,8800.0,8800.0,202408.0,,8800.0,0.0,8800.0,2790.0,                                                            ,[已隱蔽],,,,        ,,
1130808GF0000003,2024-08-08 00:00:00,GF ,CUS_00728,        ,1500.0,1500.0,202408.0,,1500.0,0.0,1500.0,450.0,                                                            ,,,,,        ,,
1130809GF0000001,2024-08-09 00:00:00,GF ,CUS_00682,01      ,750.0,750.0,202408.0,,750.0,0.0,750.0,380.0,[已隱蔽],,,,,01      ,,
1130810GF0000001,2024-08-10 00:00:00,GF ,CUS_00002,        ,12700.0,12700.0,202408.0,,12700.0,0.0,12700.0,5010.0,                                                            ,[已隱蔽],,,,        ,,
1130810GF0000002,2024-08-10 00:00:00,GF ,CUS_00062,        ,7000.0,7000.0,202408.0,,7000.0,0.0,7000.0,2300.0,                                                            ,,,,,        ,,
1130810GF0000003,2024-08-10 00:00:00,GF ,CUS_00396,        ,3000.0,3000.0,202408.0,,3000.0,0.0,3000.0,1500.0,                                                            ,,,,,        ,,
1130812GF0000001,2024-08-12 00:00:00,GF ,CUS_00076,        ,5000.0,5000.0,202408.0,,5000.0,0.0,5000.0,2300.0,[已隱蔽],,,,,        ,,
1130813GF0000001,2024-08-13 00:00:00,GF ,CUS_00204,        ,1000.0,1000.0,202408.0,,1000.0,0.0,1000.0,272.0,                                                            ,,,,,        ,,
1130814GF0000001,2024-08-14 00:00:00,GF ,CUS_00091,        ,1900.0,1900.0,202408.0,,1900.0,0.0,1900.0,440.0,                                                            ,,,,,        ,,
1130814GF0000002,2024-08-14 00:00:00,GF ,CUS_00443,        ,5400.0,5400.0,202408.0,,5400.0,0.0,5400.0,2600.0,                                                            ,,,,,        ,,
1130814GF0000003,2024-08-14 00:00:00,GF ,CUS_00396,        ,6000.0,6000.0,202408.0,,6000.0,0.0,6000.0,2870.0,                                                            ,[已隱蔽],,,,        ,,
1130816GF0000001,2024-08-16 00:00:00,GF ,CUS_00430,        ,7500.0,7500.0,202408.0,,7500.0,0.0,7500.0,2300.0,                                                            ,,,,,        ,,
1130817GF0000001,2024-08-17 00:00:00,GF ,CUS_00044,        ,3000.0,3000.0,202408.0,,3000.0,0.0,3000.0,1900.0,                                                            ,,,,,        ,,
1130820GF0000001,2024-08-20 00:00:00,GF ,CUS_00309,        ,2650.0,2650.0,202408.0,,2650.0,0.0,2650.0,830.0,                                                            ,,,,,        ,,
1130820GF0000002,2024-08-20 00:00:00,GF ,CUS_00694,        ,4000.0,4000.0,202408.0,,4000.0,0.0,4000.0,1105.0,                                                            ,,,,,        ,,
1130821GF0000001,2024-08-21 00:00:00,GF ,CUS_00495,        ,5700.0,5700.0,202408.0,,5700.0,0.0,5700.0,2200.0,                                                            ,,,,,        ,,
1130821GF0000002,2024-08-21 00:00:00,GF ,CUS_00533,        ,100.0,100.0,202408.0,,100.0,0.0,100.0,30.0,                                                            ,,,,,        ,,
1130821GF0000003,2024-08-21 00:00:00,GF ,CUS_00325,        ,1500.0,1500.0,202408.0,,1500.0,0.0,1500.0,250.0,                                                            ,,,,,        ,,
1130821GF0000004,2024-08-21 00:00:00,GF ,CUS_00132,        ,2000.0,2000.0,202408.0,,2000.0,0.0,2000.0,940.0,                                                            ,,,,,        ,,
1130822GF0000001,2024-08-22 00:00:00,GF ,CUS_00283,        ,7500.0,7500.0,202408.0,,7500.0,0.0,7500.0,3000.0,                                                            ,,,,,        ,,
1130824GF0000001,2024-08-24 00:00:00,GF ,CUS_00076,        ,5000.0,5000.0,202408.0,,5000.0,0.0,5000.0,2300.0,[已隱蔽],,,,,        ,,
1130826GF0000001,2024-08-26 00:00:00,GF ,CUS_00555,        ,700.0,700.0,202408.0,,700.0,0.0,700.0,400.0,[已隱蔽],,,,,        ,,
1130826GF0000002,2024-08-26 00:00:00,GF ,CUS_00013,        ,2900.0,2900.0,202408.0,,2900.0,0.0,2900.0,745.0,                                                            ,,,,,        ,,
1130827GF0000001,2024-08-27 00:00:00,GF ,CUS_00240,        ,10000.0,10000.0,202408.0,,10000.0,0.0,10000.0,4000.0,                                                            ,,,,,        ,,
1130827GF0000002,2024-08-27 00:00:00,GF ,CUS_00622,        ,6800.0,6800.0,202408.0,,6800.0,0.0,6800.0,1790.0,                                                            ,,,,,        ,,
1130828GF0000001,2024-08-28 00:00:00,GF ,CUS_00656,        ,850.0,850.0,202408.0,,850.0,0.0,850.0,420.0,                                                            ,,,,,        ,,
1130829GF0000001,2024-08-29 00:00:00,GF ,CUS_00084,        ,300.0,300.0,202409.0,,300.0,0.0,300.0,130.0,[已隱蔽],,,,,        ,,
1130829GF0000002,2024-08-29 00:00:00,GF ,CUS_00431,        ,500.0,500.0,202408.0,,500.0,0.0,500.0,80.0,                                                            ,,,,,        ,,
1130829GF0000003,2024-08-29 00:00:00,GF ,CUS_00520,        ,1200.0,1200.0,202408.0,,1200.0,0.0,1200.0,200.0,                                                            ,,,,,        ,,
1130830GF0000001,2024-08-30 00:00:00,GF ,CUS_00013,        ,2600.0,2600.0,202408.0,,2600.0,0.0,2600.0,501.3,                                                            ,,,,,        ,,
1130830GF0000002,2024-08-30 00:00:00,GF ,CUS_00593,        ,2000.0,2000.0,202408.0,,2000.0,0.0,2000.0,450.0,[已隱蔽],[已隱蔽],,,,        ,,
1130831GF0000001,2024-08-31 00:00:00,GF ,CUS_00363,        ,5300.0,5300.0,202408.0,,5300.0,0.0,5300.0,2070.0,                                                            ,,,,,        ,,
1130902GF0000001,2024-09-02 00:00:00,GF ,CUS_00694,        ,2500.0,2500.0,202409.0,,2500.0,0.0,2500.0,484.0,                                                            ,,,,,        ,,
1130831GF0000002,2024-08-31 00:00:00,GF ,CUS_00019,        ,21500.0,21500.0,202408.0,,21500.0,0.0,21500.0,12130.0,                                                            ,,,,,        ,,
1130903GF0000001,2024-09-03 00:00:00,GF ,CUS_00433,        ,650.0,650.0,202409.0,,650.0,0.0,650.0,190.0,                                                            ,,,,,        ,,
1130903GF0000002,2024-09-03 00:00:00,GF ,CUS_00044,        ,2800.0,2800.0,202409.0,,2800.0,0.0,2800.0,1000.0,                                                            ,,,,,        ,,
1130904GF0000001,2024-09-04 00:00:00,GF ,CUS_00549,        ,120.0,120.0,202409.0,,120.0,0.0,120.0,90.0,[已隱蔽],,,,,        ,,
1130905GF0000001,2024-09-05 00:00:00,GF ,CUS_00181,        ,3500.0,3500.0,202409.0,,3500.0,0.0,3500.0,1815.0,                                                            ,,,,,        ,,
1130906GF0000001,2024-09-06 00:00:00,GF ,CUS_00694,        ,1300.0,1300.0,202409.0,,1300.0,0.0,1300.0,378.0,                                                            ,,,,,        ,,
1130909GF0000001,2024-09-09 00:00:00,GF ,CUS_00395,        ,9000.0,9000.0,202409.0,,9000.0,0.0,9000.0,2152.3,                                                            ,,,,,        ,,
1130909GF0000002,2024-09-09 00:00:00,GF ,CUS_00091,        ,20000.0,20000.0,202409.0,,20000.0,0.0,20000.0,7495.0,                                                            ,,,,,        ,,
1130911GF0000001,2024-09-11 00:00:00,GF ,CUS_00682,01      ,900.0,900.0,202409.0,,900.0,0.0,900.0,450.0,[已隱蔽],,,,,01      ,,
1130912GF0000001,2024-09-12 00:00:00,GF ,CUS_00183,        ,11000.0,11000.0,202409.0,,11000.0,0.0,11000.0,4320.0,                                                            ,,,,,        ,,
1130913GF0000001,2024-09-13 00:00:00,GF ,CUS_00217,        ,7600.0,7600.0,202409.0,,7600.0,0.0,7600.0,2485.0,                                                            ,,,,,        ,,
1130918GF0000001,2024-09-18 00:00:00,GF ,CUS_00733,        ,2000.0,2000.0,202409.0,,2000.0,0.0,2000.0,500.0,                                                            ,,,,,        ,,
1130919GF0000001,2024-09-19 00:00:00,GF ,CUS_00183,        ,3800.0,3800.0,202409.0,,3800.0,0.0,3800.0,1620.0,                                                            ,,,,,        ,,
1130920GF0000001,2024-09-20 00:00:00,GF ,CUS_00221,        ,3700.0,3700.0,202409.0,,3700.0,0.0,3700.0,976.3,                                                            ,,,,,        ,,
1130920GF0000002,2024-09-20 00:00:00,GF ,CUS_00555,        ,500.0,500.0,202409.0,,500.0,0.0,500.0,150.0,[已隱蔽],,,,,        ,,
1130924GF0000001,2024-09-24 00:00:00,GF ,CUS_00135,        ,120.0,120.0,202409.0,,120.0,0.0,120.0,28.0,                                                            ,,,,,        ,,
1130920GF0000003,2024-09-20 00:00:00,GF ,CUS_00157,        ,2500.0,2500.0,202409.0,,2500.0,0.0,2500.0,1500.0,                                                            ,,,,,        ,,
1130924GF0000002,2024-09-24 00:00:00,GF ,CUS_00537,        ,10100.0,10100.0,202409.0,,10100.0,0.0,10100.0,3468.0,                                                            ,,,,,        ,,
1130925GF0000001,2024-09-25 00:00:00,GF ,CUS_00046,        ,10500.0,10500.0,202409.0,,10500.0,0.0,10500.0,5030.0,                                                            ,,,,,        ,,
1130925GF0000002,2024-09-25 00:00:00,GF ,CUS_00132,        ,5350.0,5350.0,202409.0,,5350.0,0.0,5350.0,1840.0,                                                            ,[已隱蔽],,,,        ,,
1130926GF0000001,2024-09-26 00:00:00,GF ,CUS_00419,        ,8300.0,8300.0,202409.0,,8300.0,0.0,8300.0,2811.0,                                                            ,,,,,        ,,
1130927GF0000001,2024-09-27 00:00:00,GF ,CUS_00641,        ,8000.0,8000.0,202409.0,,8000.0,0.0,8000.0,2091.0,                                                            ,,,,,        ,,
1130928GF0000001,2024-09-28 00:00:00,GF ,CUS_00074,01      ,150.0,150.0,202409.0,,150.0,0.0,150.0,61.3,[已隱蔽],,,,,        ,,
1131001GF0000001,2024-10-01 00:00:00,GF ,CUS_00309,        ,3000.0,3000.0,202410.0,,3000.0,0.0,3000.0,630.0,                                                            ,,,,,        ,,
1131001GF0000002,2024-10-01 00:00:00,GF ,CUS_00091,        ,1000.0,1000.0,202410.0,,1000.0,0.0,1000.0,0.0,                                                            ,,,,,        ,,
1130101GF0000001,2024-01-01 00:00:00,GF ,CUS_00631,        ,2300.0,2300.0,202401.0,,2300.0,0.0,2300.0,1750.0,                                                            ,,,,,        ,,
1131001GF0000003,2024-10-01 00:00:00,GF ,CUS_00631,        ,6500.0,6500.0,202410.0,,6500.0,0.0,6500.0,4100.0,                                                            ,,,,,        ,,
1131001GF0000004,2024-10-01 00:00:00,GF ,CUS_00074,        ,450.0,450.0,202410.0,,450.0,0.0,450.0,160.0,[已隱蔽],,,,,        ,,
1131002GF0000001,2024-10-02 00:00:00,GF ,CUS_00429,        ,8000.0,8000.0,202410.0,,8000.0,0.0,8000.0,2341.0,                                                            ,,,,,        ,,
1131001GF0000005,2024-10-01 00:00:00,GF ,CUS_00570,        ,1000.0,1000.0,202410.0,,1000.0,0.0,1000.0,0.0,                                                            ,,,,,        ,,
1131003GF0000001,2024-10-03 00:00:00,GF ,CUS_00126,        ,1500.0,1500.0,202410.0,,1500.0,0.0,1500.0,305.0,                                                            ,,,,,        ,,
1131003GF0000002,2024-10-03 00:00:00,GF ,CUS_00276,        ,3100.0,3100.0,202410.0,,3100.0,0.0,3100.0,970.0,                                                            ,,,,,        ,,
1131004GF0000001,2024-10-04 00:00:00,GF ,CUS_00110,        ,4500.0,4500.0,202410.0,,4500.0,0.0,4500.0,1180.0,                                                            ,[已隱蔽],,,,        ,,
1131004GF0000002,2024-10-04 00:00:00,GF ,CUS_00678,        ,3000.0,3000.0,202410.0,,3000.0,0.0,3000.0,380.0,[已隱蔽],,,,,        ,,
1131007GF0000001,2024-10-07 00:00:00,GF ,CUS_00270,        ,4200.0,4200.0,202410.0,,4200.0,0.0,4200.0,1788.0,                                                            ,,,,,        ,,
1131007GF0000002,2024-10-07 00:00:00,GF ,CUS_00291,        ,23000.0,23000.0,202410.0,,23000.0,0.0,23000.0,12000.0,                                                            ,,,,,        ,,
1131009GF0000001,2024-10-09 00:00:00,GF ,CUS_00656,        ,750.0,750.0,202410.0,,750.0,0.0,750.0,380.0,                                                            ,,,,,        ,,
1131009GF0000002,2024-10-09 00:00:00,GF ,CUS_00318,        ,6000.0,6000.0,202410.0,,6000.0,0.0,6000.0,2000.0,                                                            ,,,,,        ,,
1131009GF0000003,2024-10-09 00:00:00,GF ,CUS_00146,        ,3000.0,3000.0,202410.0,,3000.0,0.0,3000.0,540.0,                                                            ,,,,,        ,,
1131012GF0000001,2024-10-12 00:00:00,GF ,CUS_00682,01      ,1300.0,1300.0,202410.0,,1300.0,0.0,1300.0,750.0,[已隱蔽],,,,,01      ,,
1131014GF0000001,2024-10-14 00:00:00,GF ,CUS_00110,        ,1800.0,1800.0,202410.0,,1800.0,0.0,1800.0,281.0,                                                            ,,,,,        ,,
1131017GF0000001,2024-10-17 00:00:00,GF ,CUS_00694,        ,300.0,300.0,202410.0,,300.0,0.0,300.0,95.0,                                                            ,,,,,        ,,
1131017GF0000002,2024-10-17 00:00:00,GF ,CUS_00221,        ,400.0,400.0,202410.0,,400.0,0.0,400.0,180.0,                                                            ,,,,,        ,,
1131019GF0000001,2024-10-19 00:00:00,GF ,CUS_00360,        ,5500.0,5500.0,202410.0,,5500.0,0.0,5500.0,2061.3,                                                            ,,,,,        ,,
1131021GF0000001,2024-10-21 00:00:00,GF ,CUS_00733,        ,2000.0,2000.0,202410.0,,2000.0,0.0,2000.0,0.0,                                                            ,,,,,        ,,
1131021GF0000002,2024-10-21 00:00:00,GF ,CUS_00682,01      ,700.0,700.0,202410.0,,700.0,0.0,700.0,400.0,[已隱蔽],,,,,01      ,,
1131022GF0000001,2024-10-22 00:00:00,GF ,CUS_00378,        ,3500.0,3500.0,202410.0,,3500.0,0.0,3500.0,1500.0,                                                            ,,,,,        ,,
1131022GF0000002,2024-10-22 00:00:00,GF ,CUS_00422,        ,300.0,300.0,202410.0,,300.0,0.0,300.0,0.0,                                                            ,,,,,        ,,
1131028GF0000001,2024-10-28 00:00:00,GF ,CUS_00115,01      ,3500.0,3500.0,202410.0,,3500.0,0.0,3500.0,2500.0,                                                            ,,,,,        ,,
1131029GF0000001,2024-10-29 00:00:00,GF ,CUS_00309,        ,1150.0,1150.0,202410.0,,1150.0,0.0,1150.0,400.0,                                                            ,,,,,        ,,
1131029GF0000002,2024-10-29 00:00:00,GF ,CUS_00199,        ,10050.0,10050.0,202410.0,,10050.0,0.0,10050.0,3105.0,                                                            ,,,,,        ,,
1131105GF0000001,2024-11-05 00:00:00,GF ,CUS_00449,        ,7500.0,7500.0,202411.0,,7500.0,0.0,7500.0,5000.0,                                                            ,,,,,        ,,
1131108GF0000001,2024-11-08 00:00:00,GF ,CUS_00076,        ,3000.0,3000.0,202411.0,,3000.0,0.0,3000.0,1900.0,[已隱蔽],,,,,        ,,
1131107GF0000001,2024-11-07 00:00:00,GF ,CUS_00182,        ,1900.0,1900.0,202411.0,,1900.0,0.0,1900.0,640.0,                                                            ,,,,,        ,,
1131108GF0000002,2024-11-08 00:00:00,GF ,CUS_00234,        ,3000.0,3000.0,202411.0,,3000.0,0.0,3000.0,1900.0,                                                            ,,,,,        ,,
1131111GF0000001,2024-11-11 00:00:00,GF ,CUS_00222,        ,900.0,900.0,202411.0,,900.0,0.0,900.0,300.0,                                                            ,,,,,        ,,
1131111GF0000002,2024-11-11 00:00:00,GF ,CUS_00091,        ,1000.0,1000.0,202411.0,,1000.0,0.0,1000.0,0.0,                                                            ,,,,,        ,,
1131111GF0000003,2024-11-11 00:00:00,GF ,CUS_00183,        ,900.0,900.0,202411.0,,900.0,0.0,900.0,300.0,                                                            ,,,,,        ,,
1131211GF0000002,2024-12-11 00:00:00,GF ,CUS_00571,        ,10500.0,10500.0,202412.0,FU[電話]      ,10500.0,0.0,11025.0,3341.0,                                                            ,,,,,        ,,
1131212GF0000001,2024-12-12 00:00:00,GF ,CUS_00694,        ,1000.0,1000.0,202412.0,,1000.0,0.0,1000.0,0.0,                                                            ,,,,,        ,,
1131212GF0000002,2024-12-12 00:00:00,GF ,CUS_00538,        ,4800.0,4800.0,202412.0,,4800.0,0.0,4800.0,1300.0,                                                            ,,,,,        ,,
1131212GF0000003,2024-12-12 00:00:00,GF ,CUS_00594,        ,1600.0,1600.0,202412.0,,1600.0,0.0,1600.0,765.0,[已隱蔽],,,,,        ,,
1131219GF0000001,2024-12-19 00:00:00,GF ,CUS_00598,        ,600.0,600.0,202412.0,,600.0,0.0,600.0,200.0,                                                            ,,,,,        ,,
1131213GF0000001,2024-12-13 00:00:00,GF ,CUS_00586,        ,200.0,200.0,202412.0,,200.0,0.0,200.0,35.0,                                                            ,,,,,        ,,
1131213GF0000002,2024-12-13 00:00:00,GF ,CUS_00367,        ,1800.0,1800.0,202412.0,,1800.0,0.0,1800.0,500.0,                                                            ,,,,,        ,,
1130425GF0000002,2024-04-25 00:00:00,GF ,CUS_00333,        ,2550.0,2550.0,202404.0,,2550.0,0.0,2550.0,795.0,                                                            ,,,,,        ,,
1131111GF0000004,2024-11-11 00:00:00,GF ,CUS_00084,        ,600.0,600.0,202411.0,,600.0,0.0,600.0,200.0,[已隱蔽],,,,,        ,,
1131112GF0000001,2024-11-12 00:00:00,GF ,CUS_00733,        ,1250.0,1250.0,202411.0,,1250.0,0.0,1250.0,380.0,                                                            ,,,,,        ,,
1131113GF0000001,2024-11-13 00:00:00,GF ,CUS_00184,        ,6700.0,6700.0,202411.0,,6700.0,0.0,6700.0,2797.2,                                                            ,[已隱蔽],,,,        ,,
1131113GF0000002,2024-11-13 00:00:00,GF ,CUS_00716,        ,300.0,300.0,202411.0,,300.0,0.0,300.0,138.0,                                                            ,,,,,        ,,
1131114GF0000001,2024-11-14 00:00:00,GF ,CUS_00694,        ,300.0,300.0,202411.0,,300.0,0.0,300.0,60.0,                                                            ,,,,,        ,,
1131114GF0000002,2024-11-14 00:00:00,GF ,CUS_00576,        ,1800.0,1800.0,202411.0,,1800.0,0.0,1800.0,675.0,                                                            ,,,,,        ,,
1131115GF0000001,2024-11-15 00:00:00,GF ,CUS_00221,        ,3400.0,3400.0,202411.0,,3400.0,0.0,3400.0,1080.0,                                                            ,,,,,        ,,
1131116GF0000001,2024-11-16 00:00:00,GF ,CUS_00229,        ,2000.0,2000.0,202411.0,,2000.0,0.0,2000.0,541.2,                                                            ,[已隱蔽],,,,        ,,
1131116GF0000002,2024-11-16 00:00:00,GF ,CUS_00355,        ,600.0,600.0,202411.0,,600.0,0.0,600.0,250.0,                                                            ,,,,,        ,,
1131118GF0000001,2024-11-18 00:00:00,GF ,CUS_00142,        ,3500.0,3500.0,202411.0,,3500.0,0.0,3500.0,2500.0,                                                            ,,,,,        ,,
1131119GF0000001,2024-11-19 00:00:00,GF ,CUS_00594,        ,1200.0,1200.0,202411.0,,1200.0,0.0,1200.0,630.0,[已隱蔽],,,,,        ,,
1131119GF0000002,2024-11-19 00:00:00,GF ,CUS_00694,        ,1200.0,1200.0,202411.0,,1200.0,0.0,1200.0,280.0,                                                            ,,,,,        ,,
1131119GF0000003,2024-11-19 00:00:00,GF ,CUS_00648,        ,300.0,300.0,202411.0,,300.0,0.0,300.0,90.0,                                                            ,,,,,        ,,
1131121GF0000001,2024-11-21 00:00:00,GF ,CUS_00656,        ,750.0,750.0,202411.0,,750.0,0.0,750.0,380.0,                                                            ,,,,,        ,,
1131121GF0000002,2024-11-21 00:00:00,GF ,CUS_00541,        ,11000.0,11000.0,202411.0,,11000.0,0.0,11000.0,4651.0,                                                            ,,,,,        ,,
1131122GF0000001,2024-11-22 00:00:00,GF ,CUS_00643,        ,7500.0,7500.0,202411.0,,7500.0,0.0,7500.0,2091.0,                                                            ,,,,,        ,,
1131203GF0000001,2024-12-03 00:00:00,GF ,CUS_00533,        ,2600.0,2600.0,202412.0,,2600.0,0.0,2600.0,1150.0,                                                            ,,,,,        ,,
1131202GF0000001,2024-12-02 00:00:00,GF ,CUS_00472,        ,6000.0,6000.0,202412.0,,6000.0,0.0,6000.0,2180.0,                                                            ,[已隱蔽],,,,        ,,
1131202GF0000002,2024-12-02 00:00:00,GF ,CUS_00678,        ,3000.0,3000.0,202412.0,,3000.0,0.0,3000.0,380.0,[已隱蔽],,,,,        ,,
1131202GF0000003,2024-12-02 00:00:00,GF ,CUS_00367,        ,1500.0,1500.0,202412.0,FU[電話]      ,1500.0,0.0,1575.0,380.0,                                                            ,,,,,        ,,
1131127GF0000001,2024-11-27 00:00:00,GF ,CUS_00694,        ,26000.0,26000.0,202411.0,,26000.0,0.0,26000.0,15600.0,                                                            ,,,,,        ,,
1131210GF0000001,2024-12-10 00:00:00,GF ,CUS_00694,        ,8900.0,8900.0,202412.0,,8900.0,0.0,8900.0,2790.0,                                                            ,,,,,        ,,
1131211GF0000001,2024-12-11 00:00:00,GF ,CUS_00509,        ,2200.0,2200.0,202412.0,,2200.0,0.0,2200.0,775.0,                                                            ,,,,,        ,,
1131209GF0000001,2024-12-09 00:00:00,GF ,CUS_00682,01      ,1200.0,1200.0,202412.0,,1200.0,0.0,1200.0,700.0,[已隱蔽],,,,,01      ,,
1131217GF0000001,2024-12-17 00:00:00,GF ,CUS_00282,        ,800.0,800.0,202412.0,,800.0,0.0,800.0,300.0,                                                            ,,,,,        ,,
1131216GF0000001,2024-12-16 00:00:00,GF ,CUS_00281,        ,800.0,800.0,202412.0,,800.0,0.0,800.0,150.0,                                                            ,,,,,        ,,
1131217GF0000002,2024-12-17 00:00:00,GF ,CUS_00019,        ,4200.0,4200.0,202412.0,,4200.0,0.0,4200.0,690.0,                                                            ,,,,,        ,,
1131217GF0000003,2024-12-17 00:00:00,GF ,CUS_00044,        ,8000.0,8000.0,202412.0,,8000.0,0.0,8000.0,2800.0,                                                            ,[已隱蔽],,,,        ,,
1131217GF0000004,2024-12-17 00:00:00,GF ,CUS_00472,        ,5000.0,5000.0,202412.0,,5000.0,0.0,5000.0,3400.0,                                                            ,,,,,        ,,
1131218GF0000001,2024-12-18 00:00:00,GF ,CUS_00333,        ,2350.0,2350.0,202412.0,,2350.0,0.0,2350.0,716.5,                                                            ,,,,,        ,,
1131217GF0000005,2024-12-17 00:00:00,GF ,CUS_00674,        ,3500.0,3500.0,202412.0,,3500.0,0.0,3500.0,1200.0,                                                            ,,,,,        ,,
1131218GF0000002,2024-12-18 00:00:00,GF ,CUS_00074,        ,150.0,150.0,202412.0,,150.0,0.0,150.0,61.3,[已隱蔽],,,,,        ,,
1131219GF0000002,2024-12-19 00:00:00,GF ,CUS_00706,        ,400.0,400.0,202412.0,,400.0,0.0,400.0,50.0,                                                            ,,,,,        ,,
1131219GF0000003,2024-12-19 00:00:00,GF ,CUS_00594,        ,5400.0,5400.0,202412.0,,5400.0,0.0,5400.0,3000.0,[已隱蔽],,,,,        ,,
1131219GF0000004,2024-12-19 00:00:00,GF ,CUS_00571,        ,200.0,200.0,202412.0,,200.0,0.0,200.0,100.0,                                                            ,,,,,        ,,
1131220GF0000001,2024-12-20 00:00:00,GF ,CUS_00682,01      ,800.0,800.0,202412.0,,800.0,0.0,800.0,500.0,[已隱蔽],,,,,01      ,,
1131220GF0000002,2024-12-20 00:00:00,GF ,CUS_00700,        ,2800.0,2800.0,202412.0,,2800.0,0.0,2800.0,2100.0,                                                            ,,,,,        ,,
1131223GF0000001,2024-12-23 00:00:00,GF ,CUS_00180,        ,4800.0,4800.0,202412.0,,4800.0,0.0,4800.0,2900.0,                                                            ,,,,,        ,,
1131223GF0000002,2024-12-23 00:00:00,GF ,CUS_00186,        ,1200.0,1200.0,202412.0,,1200.0,0.0,1200.0,200.0,                                                            ,,,,,        ,,
1131223GF0000003,2024-12-23 00:00:00,GF ,CUS_00607,        ,2800.0,2800.0,202412.0,,2800.0,0.0,2800.0,1900.0,                                                            ,,,,,        ,,
1131224GF0000001,2024-12-24 00:00:00,GF ,CUS_00638,        ,1000.0,1000.0,202412.0,,1000.0,0.0,1000.0,350.0,                                                            ,,,,,        ,,
1131224GF0000002,2024-12-24 00:00:00,GF ,CUS_00682,01      ,1250.0,1250.0,202412.0,,1250.0,0.0,1250.0,570.0,[已隱蔽],,,,,01      ,,
1131224GF0000003,2024-12-24 00:00:00,GF ,CUS_00664,        ,10500.0,10500.0,202412.0,,10500.0,0.0,10500.0,3800.0,                                                            ,,,,,        ,,
1131225GF0000001,2024-12-25 00:00:00,GF ,CUS_00181,        ,1500.0,1500.0,202412.0,,1500.0,0.0,1500.0,0.0,                                                            ,,,,,        ,,
1131227GF0000001,2024-12-27 00:00:00,GF ,CUS_00442,        ,2350.0,2350.0,202412.0,,2350.0,0.0,2350.0,680.0,                                                            ,[已隱蔽],,,,        ,,
1131227GF0000002,2024-12-27 00:00:00,GF ,CUS_00694,        ,9800.0,9800.0,202412.0,,9800.0,0.0,9800.0,3350.0,                                                            ,,,,,        ,,
1131227GF0000003,2024-12-27 00:00:00,GF ,CUS_00074,        ,200.0,200.0,202412.0,,200.0,0.0,200.0,60.0,[已隱蔽],,,,,        ,,
1131231GF0000001,2024-12-31 00:00:00,GF ,CUS_00322,        ,1800.0,1800.0,202412.0,,1800.0,0.0,1800.0,370.0,                                                            ,,,,,        ,,
1140102GF0000001,2025-01-02 00:00:00,GF ,CUS_00694,        ,2900.0,2900.0,202501.0,,2900.0,0.0,2900.0,845.0,                                                            ,,,,,        ,,
1140103GF0000001,2025-01-03 00:00:00,GF ,CUS_00664,        ,2500.0,2500.0,202501.0,,2500.0,0.0,2500.0,1000.0,                                                            ,,,,,        ,,
1140103GF0000002,2025-01-03 00:00:00,GF ,CUS_00019,        ,6000.0,6000.0,202501.0,,6000.0,0.0,6000.0,3000.0,                                                            ,,,,,        ,,
1140104GF0000001,2025-01-04 00:00:00,GF ,CUS_00322,        ,1000.0,1000.0,202501.0,,1000.0,0.0,1000.0,150.0,                                                            ,,,,,        ,,
1140104GF0000002,2025-01-04 00:00:00,GF ,CUS_00532,        ,2300.0,2300.0,202501.0,,2300.0,0.0,2300.0,600.0,                                                            ,,,,,        ,,
1140104GF0000003,2025-01-04 00:00:00,GF ,CUS_00252,        ,1500.0,1500.0,202501.0,,1500.0,0.0,1500.0,350.0,                                                            ,,,,,        ,,
1140103GF0000003,2025-01-03 00:00:00,GF ,CUS_00682,01      ,550.0,550.0,202501.0,,550.0,0.0,550.0,300.0,[已隱蔽],,,,,01      ,,
1140106GF0000001,2025-01-06 00:00:00,GF ,CUS_00547,        ,20600.0,20600.0,202501.0,,20600.0,0.0,20600.0,12750.0,                                                            ,,,,,        ,,
1140106GF0000002,2025-01-06 00:00:00,GF ,CUS_00013,        ,4500.0,4500.0,202501.0,,4500.0,0.0,4500.0,1100.0,                                                            ,,,,,        ,,
1140108GF0000001,2025-01-08 00:00:00,GF ,CUS_00547,        ,1200.0,1200.0,202501.0,,1200.0,0.0,1200.0,250.0,                                                            ,,,,,        ,,
1140108GF0000002,2025-01-08 00:00:00,GF ,CUS_00682,01      ,1050.0,1050.0,202501.0,,1050.0,0.0,1050.0,480.0,[已隱蔽],,,,,01      ,,
1140109GF0000001,2025-01-09 00:00:00,GF ,CUS_00694,        ,750.0,750.0,202501.0,,750.0,0.0,750.0,374.0,                                                            ,,,,,        ,,
1140109GF0000002,2025-01-09 00:00:00,GF ,CUS_00019,        ,35000.0,35000.0,202501.0,,35000.0,0.0,35000.0,18200.0,                                                            ,,,,,        ,,
1140109GF0000003,2025-01-09 00:00:00,GF ,CUS_00618,        ,1500.0,1500.0,202501.0,,1500.0,0.0,1500.0,550.0,[已隱蔽],,,,,        ,,
1140109GF0000004,2025-01-09 00:00:00,GF ,CUS_00598,        ,80.0,80.0,202501.0,,80.0,0.0,80.0,25.0,                                                            ,,,,,        ,,
1140109GF0000005,2025-01-09 00:00:00,GF ,CUS_00546,        ,4990.0,4990.0,202501.0,,4990.0,0.0,4990.0,4500.0,                                                            ,,,,,        ,,
1140414GF0000001,2025-04-14 00:00:00,GF ,CUS_00694,        ,300.0,300.0,202504.0,,300.0,0.0,300.0,130.0,                                                            ,,,,,        ,,
1140416GF0000001,2025-04-16 00:00:00,GF ,CUS_00538,        ,2050.0,2050.0,202504.0,,2050.0,0.0,2050.0,380.0,                                                            ,,,,,        ,,
1140417GF0000001,2025-04-17 00:00:00,GF ,CUS_00126,        ,4000.0,4000.0,202504.0,,4000.0,0.0,4000.0,2600.0,                                                            ,,,,,        ,,
1140416GF0000002,2025-04-16 00:00:00,GF ,CUS_00163,        ,5900.0,5900.0,202504.0,,5900.0,0.0,5900.0,1985.0,                                                            ,,,,,        ,,
1140421GF0000001,2025-04-21 00:00:00,GF ,CUS_00682,01      ,800.0,800.0,202504.0,,800.0,0.0,800.0,240.0,[已隱蔽],,,,,01      ,,
1140422GF0000001,2025-04-22 00:00:00,GF ,CUS_00694,        ,12200.0,12200.0,202504.0,,12200.0,0.0,12200.0,2500.0,                                                            ,,,,,        ,,
1140422GF0000002,2025-04-22 00:00:00,GF ,CUS_00076,        ,350.0,350.0,202504.0,,350.0,0.0,350.0,220.0,[已隱蔽],,,,,        ,,
1140502GF0000001,2025-05-02 00:00:00,GF ,CUS_00275,        ,1600.0,1600.0,202505.0,,1600.0,0.0,1600.0,370.0,                                                            ,,,,,        ,,
1140111GF0000001,2025-01-11 00:00:00,GF ,CUS_00365,        ,4400.0,4400.0,202501.0,,4400.0,0.0,4400.0,1515.0,                                                            ,[已隱蔽],,,,        ,,
1140113GF0000001,2025-01-13 00:00:00,GF ,CUS_00618,        ,1500.0,1500.0,202501.0,,1500.0,0.0,1500.0,500.0,[已隱蔽],,,,,        ,,
1140114GF0000001,2025-01-14 00:00:00,GF ,CUS_00032,        ,2000.0,2000.0,202501.0,,2000.0,0.0,2000.0,360.0,                                                            ,,,,,        ,,
1140114GF0000002,2025-01-14 00:00:00,GF ,CUS_00594,        ,1500.0,1500.0,202501.0,,1500.0,0.0,1500.0,700.0,[已隱蔽],,,,,        ,,
1140114GF0000003,2025-01-14 00:00:00,GF ,CUS_00227,        ,3000.0,3000.0,202501.0,,3000.0,0.0,3000.0,750.0,                                                            ,,,,,        ,,
1140115GF0000001,2025-01-15 00:00:00,GF ,CUS_00656,        ,1250.0,1250.0,202501.0,,1250.0,0.0,1250.0,580.0,                                                            ,,,,,        ,,
1140116GF0000001,2025-01-16 00:00:00,GF ,CUS_00245,        ,4990.0,4990.0,202501.0,,4990.0,0.0,4990.0,4500.0,                                                            ,,,,,        ,,
1140115GF0000002,2025-01-15 00:00:00,GF ,CUS_00236,        ,500.0,500.0,202501.0,,500.0,0.0,500.0,98.0,                                                            ,,,,,        ,,
1140117GF0000001,2025-01-17 00:00:00,GF ,CUS_00019,        ,7500.0,7500.0,202501.0,,7500.0,0.0,7500.0,2091.0,                                                            ,,,,,        ,,
1140117GF0000002,2025-01-17 00:00:00,GF ,CUS_00076,        ,1000.0,1000.0,202501.0,,1000.0,0.0,1000.0,200.0,[已隱蔽],,,,,        ,,
1140118GF0000001,2025-01-18 00:00:00,GF ,CUS_00407,        ,2500.0,2500.0,202501.0,,2500.0,0.0,2500.0,1200.0,                                                            ,,,,,        ,,
1140120GF0000001,2025-01-20 00:00:00,GF ,CUS_00694,        ,545.0,545.0,202501.0,,545.0,0.0,545.0,271.0,                                                            ,,,,,        ,,
1140121GF0000001,2025-01-21 00:00:00,GF ,CUS_00406,        ,6000.0,6000.0,202501.0,,6000.0,0.0,6000.0,4500.0,                                                            ,,,,,        ,,
1140121GF0000002,2025-01-21 00:00:00,GF ,CUS_00032,        ,4500.0,4500.0,202501.0,,4500.0,0.0,4500.0,1450.0,                                                            ,,,,,        ,,
1140121GF0000003,2025-01-21 00:00:00,GF ,CUS_00609,        ,3000.0,3000.0,202501.0,,3000.0,0.0,3000.0,1920.0,                                                            ,,,,,        ,,
1140122GF0000001,2025-01-22 00:00:00,GF ,CUS_00448,        ,8760.0,8760.0,202501.0,,8760.0,0.0,8760.0,2045.0,                                                            ,,,,,        ,,
1140122GF0000002,2025-01-22 00:00:00,GF ,CUS_00110,        ,520.0,520.0,202501.0,,520.0,0.0,520.0,245.0,                                                            ,,,,,        ,,
1140123GF0000001,2025-01-23 00:00:00,GF ,CUS_00265,        ,3000.0,3000.0,202501.0,,3000.0,0.0,3000.0,900.0,                                                            ,,,,,        ,,
1140123GF0000002,2025-01-23 00:00:00,GF ,CUS_00694,        ,14300.0,14300.0,202501.0,,14300.0,0.0,14300.0,9018.0,                                                            ,,,,,        ,,
1140124GF0000001,2025-01-24 00:00:00,GF ,CUS_00365,        ,1200.0,1200.0,202501.0,,1200.0,0.0,1200.0,200.0,                                                            ,,,,,        ,,
1140125GF0000001,2025-01-25 00:00:00,GF ,CUS_00030,        ,2800.0,2800.0,202501.0,,2800.0,0.0,2800.0,1900.0,                                                            ,,,,,        ,,
1140203GF0000001,2025-02-03 00:00:00,GF ,CUS_00555,        ,500.0,500.0,202502.0,,500.0,0.0,500.0,150.0,[已隱蔽],,,,,        ,,
1140203GF0000002,2025-02-03 00:00:00,GF ,CUS_00694,        ,3000.0,3000.0,202502.0,,3000.0,0.0,3000.0,590.0,                                                            ,,,,,        ,,
1140204GF0000001,2025-02-04 00:00:00,GF ,CUS_00733,        ,850.0,850.0,202502.0,,850.0,0.0,850.0,290.0,                                                            ,,,,,        ,,
1140204GF0000002,2025-02-04 00:00:00,GF ,CUS_00236,        ,6900.0,6900.0,202502.0,,6900.0,0.0,6900.0,1780.0,                                                            ,,,,,        ,,
1140205GF0000001,2025-02-05 00:00:00,GF ,CUS_00135,        ,150.0,150.0,202502.0,,150.0,0.0,150.0,30.0,                                                            ,,,,,        ,,
1140206GF0000001,2025-02-06 00:00:00,GF ,CUS_00312,        ,3000.0,3000.0,202502.0,,3000.0,0.0,3000.0,900.0,                                                            ,,,,,        ,,
1140207GF0000001,2025-02-07 00:00:00,GF ,CUS_00254,        ,7500.0,7500.0,202502.0,,7500.0,0.0,7500.0,2320.0,                                                            ,[已隱蔽],,,,        ,,
1140208GF0000001,2025-02-08 00:00:00,GF ,CUS_00185,        ,2500.0,2500.0,202502.0,,2500.0,0.0,2500.0,1750.0,                                                            ,,,,,        ,,
1140208GF0000002,2025-02-08 00:00:00,GF ,CUS_00001,        ,2950.0,2950.0,202502.0,,2950.0,0.0,2950.0,811.5,                                                            ,,,,,        ,,
1140210GF0000001,2025-02-10 00:00:00,GF ,CUS_00091,        ,300.0,300.0,202502.0,,300.0,0.0,300.0,0.0,                                                            ,,,,,        ,,
1140210GF0000002,2025-02-10 00:00:00,GF ,CUS_00048,        ,3250.0,3250.0,202502.0,,3250.0,0.0,3250.0,900.0,                                                            ,[已隱蔽],,,,        ,,
1140210GF0000003,2025-02-10 00:00:00,GF ,CUS_00282,        ,0.0,0.0,202502.0,,0.0,0.0,0.0,150.0,                                                            ,,,,,        ,,
1140211GF0000001,2025-02-11 00:00:00,GF ,CUS_00019,        ,24000.0,24000.0,202502.0,,24000.0,0.0,24000.0,11500.0,                                                            ,,,,,        ,,
1140214GF0000001,2025-02-14 00:00:00,GF ,CUS_00019,        ,1800.0,1800.0,202502.0,,1800.0,0.0,1800.0,705.0,                                                            ,,,,,        ,,
1140214GF0000002,2025-02-14 00:00:00,GF ,CUS_00506,        ,1200.0,1200.0,202502.0,,1200.0,0.0,1200.0,200.0,                                                            ,,,,,        ,,
1140215GF0000001,2025-02-15 00:00:00,GF ,CUS_00561,        ,4800.0,4800.0,202502.0,,4800.0,0.0,4800.0,1660.0,                                                            ,[已隱蔽],,,,        ,,
1140219GF0000001,2025-02-19 00:00:00,GF ,CUS_00455,        ,5760.0,5760.0,202502.0,,5760.0,0.0,5760.0,1910.0,                                                            ,[已隱蔽],,,,        ,,
1140219GF0000002,2025-02-19 00:00:00,GF ,CUS_00536,        ,5600.0,5600.0,202502.0,,5600.0,0.0,5600.0,1728.0,                                                            ,,,,,        ,,
1140220GF0000001,2025-02-20 00:00:00,GF ,CUS_00360,        ,2250.0,2250.0,202502.0,,2250.0,0.0,2250.0,920.0,                                                            ,,,,,        ,,
1140219GF0000003,2025-02-19 00:00:00,GF ,CUS_00074,        ,700.0,700.0,202502.0,,700.0,0.0,700.0,100.0,[已隱蔽],,,,,        ,,
1140224GF0000001,2025-02-24 00:00:00,GF ,CUS_00536,        ,4000.0,4000.0,202502.0,,4000.0,0.0,4000.0,380.0,                                                            ,,,,,        ,,
1140224GF0000002,2025-02-24 00:00:00,GF ,CUS_00574,        ,350.0,350.0,202502.0,HT[電話]      ,350.0,0.0,368.0,150.0,                                                            ,,,,,        ,,
1140305GF0000001,2025-03-05 00:00:00,GF ,CUS_00694,        ,3400.0,3400.0,202503.0,,3400.0,0.0,3400.0,499.0,                                                            ,,,,,        ,,
1140307GF0000001,2025-03-07 00:00:00,GF ,CUS_00019,        ,15000.0,15000.0,202503.0,,15000.0,0.0,15000.0,4045.0,                                                            ,[已隱蔽],,,,        ,,
1131215GF0000001,2024-12-15 00:00:00,GF ,CUS_00592,        ,4000.0,4000.0,202412.0,,4000.0,0.0,4000.0,1930.0,                                                            ,,,,,        ,,
1140311GF0000001,2025-03-11 00:00:00,GF ,CUS_00199,        ,8600.0,8600.0,202503.0,,8600.0,0.0,8600.0,1549.0,                                                            ,[已隱蔽],,,,        ,,
1140313GF0000001,2025-03-13 00:00:00,GF ,CUS_00694,        ,2000.0,2000.0,202503.0,,2000.0,0.0,2000.0,0.0,                                                            ,,,,,        ,,
1140312GF0000001,2025-03-12 00:00:00,GF ,CUS_00638,        ,1000.0,1000.0,202503.0,,1000.0,0.0,1000.0,460.0,                                                            ,,,,,        ,,
1140313GF0000002,2025-03-13 00:00:00,GF ,CUS_00682,01      ,350.0,350.0,202503.0,,350.0,0.0,350.0,180.0,[已隱蔽],,,,,01      ,,
1140313GF0000003,2025-03-13 00:00:00,GF ,CUS_00515,        ,1750.0,1750.0,202503.0,,1750.0,0.0,1750.0,690.0,                                                            ,,,,,        ,,
1140314GF0000001,2025-03-14 00:00:00,GF ,CUS_00019,        ,4200.0,4200.0,202503.0,,4200.0,0.0,4200.0,1300.0,                                                            ,,,,,        ,,
1140314GF0000002,2025-03-14 00:00:00,GF ,CUS_00682,01      ,700.0,700.0,202503.0,,700.0,0.0,700.0,360.0,[已隱蔽],,,,,01      ,,
1140315GF0000001,2025-03-15 00:00:00,GF ,CUS_00076,        ,300.0,300.0,202503.0,,300.0,0.0,300.0,116.0,[已隱蔽],,,,,        ,,
1140321GF0000001,2025-03-21 00:00:00,GF ,CUS_00440,        ,2150.0,2150.0,202503.0,,2150.0,0.0,2150.0,1000.0,                                                            ,,,,,        ,,
1140322GF0000001,2025-03-22 00:00:00,GF ,CUS_00594,        ,1600.0,1600.0,202503.0,,1600.0,0.0,1600.0,765.0,[已隱蔽],,,,,        ,,
1140324GF0000001,2025-03-24 00:00:00,GF ,CUS_00091,        ,25950.0,25950.0,202503.0,,25950.0,0.0,25950.0,13130.0,                                                            ,,,,,        ,,
1140326GF0000001,2025-03-26 00:00:00,GF ,CUS_00074,        ,1500.0,1500.0,202503.0,,1500.0,0.0,1500.0,760.0,[已隱蔽],,,,,        ,,
1140327GF0000001,2025-03-27 00:00:00,GF ,CUS_00656,        ,750.0,750.0,202503.0,,750.0,0.0,750.0,380.0,                                                            ,,,,,        ,,
1140329GF0000001,2025-03-29 00:00:00,GF ,CUS_00320,        ,3950.0,3950.0,202503.0,,3950.0,0.0,3950.0,1680.0,                                                            ,,,,,        ,,
1140331GF0000001,2025-03-31 00:00:00,GF ,CUS_00676,        ,1000.0,1000.0,202503.0,,1000.0,0.0,1000.0,200.0,                                                            ,,,,,        ,,
1140331GF0000002,2025-03-31 00:00:00,GF ,CUS_00694,        ,300.0,300.0,202503.0,,300.0,0.0,300.0,0.0,                                                            ,,,,,        ,,
1140331GF0000003,2025-03-31 00:00:00,GF ,CUS_00405,        ,3449.0,3449.0,202503.0,,3449.0,0.0,3449.0,1350.0,                                                            ,,,,,        ,,
1140402GF0000001,2025-04-02 00:00:00,GF ,CUS_00630,        ,500.0,500.0,202504.0,,500.0,0.0,500.0,100.0,[已隱蔽],,,,,        ,,
1140402GF0000002,2025-04-02 00:00:00,GF ,CUS_00529,        ,8000.0,8000.0,202504.0,,8000.0,0.0,8000.0,3000.0,                                                            ,,,,,        ,,
1140402GF0000003,2025-04-02 00:00:00,GF ,CUS_00556,        ,13400.0,13400.0,202504.0,,13400.0,0.0,13400.0,12000.0,                                                            ,,,,,        ,,
1140403GF0000001,2025-04-03 00:00:00,GF ,CUS_00694,        ,10900.0,10900.0,202504.0,,10900.0,0.0,10900.0,2960.0,                                                            ,[已隱蔽],,,,        ,,
1140403GF0000002,2025-04-03 00:00:00,GF ,CUS_00529,        ,3900.0,3900.0,202504.0,,3900.0,0.0,3900.0,1820.0,                                                            ,,,,,        ,,
1140408GF0000001,2025-04-08 00:00:00,GF ,CUS_00656,        ,2000.0,2000.0,202504.0,,2000.0,0.0,2000.0,900.0,                                                            ,,,,,        ,,
1140408GF0000002,2025-04-08 00:00:00,GF ,CUS_00306,        ,7000.0,7000.0,202504.0,,7000.0,0.0,7000.0,3400.0,                                                            ,,,,,        ,,
1140408GF0000003,2025-04-08 00:00:00,GF ,CUS_00132,        ,2500.0,2500.0,202504.0,,2500.0,0.0,2500.0,950.0,                                                            ,,,,,        ,,
1140208GF0000003,2025-02-08 00:00:00,GF ,CUS_00723,        ,2800.0,2800.0,202502.0,,2800.0,0.0,2800.0,1000.0,                                                            ,,,,,        ,,
1140423GF0000001,2025-04-23 00:00:00,GF ,CUS_00377,        ,1300.0,1300.0,202504.0,,1300.0,0.0,1300.0,950.0,                                                            ,,,,,        ,,
1140426GF0000001,2025-04-26 00:00:00,GF ,CUS_00019,        ,4000.0,4000.0,202504.0,,4000.0,0.0,4000.0,950.0,                                                            ,,,,,        ,,
1140429GF0000001,2025-04-29 00:00:00,GF ,CUS_00691,        ,8300.0,8300.0,202504.0,,8300.0,0.0,8300.0,2790.0,                                                            ,[已隱蔽],,,,        ,,
1140429GF0000002,2025-04-29 00:00:00,GF ,CUS_00558,        ,4600.0,4600.0,202504.0,,4600.0,0.0,4600.0,1275.0,                                                            ,[已隱蔽],,,,        ,,
1140429GF0000003,2025-04-29 00:00:00,GF ,CUS_00733,        ,150.0,150.0,202504.0,,150.0,0.0,150.0,37.0,                                                            ,,,,,        ,,
1140429GF0000004,2025-04-29 00:00:00,GF ,CUS_00046,        ,1400.0,1400.0,202504.0,,1400.0,0.0,1400.0,920.0,                                                            ,,,,,        ,,
1140429GF0000005,2025-04-29 00:00:00,GF ,CUS_00303,        ,5700.0,5700.0,202504.0,,5700.0,0.0,5700.0,760.0,                                                            ,,,,,        ,,
1140502GF0000002,2025-05-02 00:00:00,GF ,CUS_00694,        ,300.0,300.0,202505.0,,300.0,0.0,300.0,15.0,                                                            ,,,,,        ,,
1140502GF0000003,2025-05-02 00:00:00,GF ,CUS_00334,        ,2500.0,2500.0,202505.0,,2500.0,0.0,2500.0,750.0,                                                            ,,,,,        ,,
1140502GF0000004,2025-05-02 00:00:00,GF ,CUS_00380,        ,2900.0,2900.0,202505.0,,2900.0,0.0,2900.0,1910.0,                                                            ,,,,,        ,,
1140502GF0000005,2025-05-02 00:00:00,GF ,CUS_00252,        ,1500.0,1500.0,202505.0,,1500.0,0.0,1500.0,350.0,                                                            ,,,,,        ,,
1140503GF0000001,2025-05-03 00:00:00,GF ,CUS_00444,        ,6000.0,6000.0,202505.0,,6000.0,0.0,6000.0,1900.0,                                                            ,,,,,        ,,
1140503GF0000002,2025-05-03 00:00:00,GF ,CUS_00275,        ,2200.0,2200.0,202505.0,,2200.0,0.0,2200.0,1000.0,                                                            ,,,,,        ,,
1140508GF0000001,2025-05-08 00:00:00,GF ,CUS_00091,        ,3500.0,3500.0,202505.0,,3500.0,0.0,3500.0,1900.0,                                                            ,,,,,        ,,
1140508GF0000002,2025-05-08 00:00:00,GF ,CUS_00516,        ,4000.0,4000.0,202505.0,,4000.0,0.0,4000.0,1900.0,                                                            ,,,,,        ,,
1140508GF0000003,2025-05-08 00:00:00,GF ,CUS_00076,        ,200.0,200.0,202505.0,,200.0,0.0,200.0,98.0,[已隱蔽],,,,,        ,,
1140509GF0000001,2025-05-09 00:00:00,GF ,CUS_00135,        ,600.0,600.0,202505.0,,600.0,0.0,600.0,150.0,                                                            ,,,,,        ,,
1140512GF0000001,2025-05-12 00:00:00,GF ,CUS_00252,        ,1500.0,1500.0,202505.0,,1500.0,0.0,1500.0,400.0,                                                            ,,,,,        ,,
1140512GF0000002,2025-05-12 00:00:00,GF ,CUS_00253,        ,1000.0,1000.0,202505.0,,1000.0,0.0,1000.0,170.0,                                                            ,,,,,        ,,
1140513GF0000001,2025-05-13 00:00:00,GF ,CUS_00656,        ,1300.0,1300.0,202505.0,,1300.0,0.0,1300.0,680.0,                                                            ,,,,,        ,,
1140513GF0000002,2025-05-13 00:00:00,GF ,CUS_00594,        ,1600.0,1600.0,202505.0,,1600.0,0.0,1600.0,740.0,[已隱蔽],,,,,        ,,
1140514GF0000001,2025-05-14 00:00:00,GF ,CUS_00588,        ,450.0,450.0,202505.0,,450.0,0.0,450.0,148.0,[已隱蔽],,,,,        ,,
1140514GF0000002,2025-05-14 00:00:00,GF ,CUS_00533,        ,600.0,600.0,202505.0,,600.0,0.0,600.0,250.0,                                                            ,,,,,        ,,
1140514GF0000003,2025-05-14 00:00:00,GF ,CUS_00084,        ,3000.0,3000.0,202505.0,,3000.0,0.0,3000.0,1500.0,[已隱蔽],,,,,        ,,
1140520GF0000001,2025-05-20 00:00:00,GF ,CUS_00544,        ,4000.0,4000.0,202505.0,,4000.0,0.0,4000.0,1240.0,                                                            ,,,,,        ,,
1140522GF0000001,2025-05-22 00:00:00,GF ,CUS_00135,        ,4150.0,4150.0,202505.0,,4150.0,0.0,4150.0,2690.0,                                                            ,,,,,        ,,
1140522GF0000002,2025-05-22 00:00:00,GF ,CUS_00091,        ,30000.0,30000.0,202505.0,,30000.0,0.0,30000.0,12900.0,                                                            ,,,,,        ,,
1140522GF0000003,2025-05-22 00:00:00,GF ,CUS_00573,        ,150.0,150.0,202505.0,MT[電話]      ,150.0,0.0,158.0,85.0,                                                            ,,,,,        ,,
1140524GF0000001,2025-05-24 00:00:00,GF ,CUS_00014,        ,1950.0,1950.0,202505.0,,1950.0,0.0,1950.0,530.0,                                                            ,[已隱蔽],,,,        ,,
1140526GF0000001,2025-05-26 00:00:00,GF ,CUS_00014,        ,3000.0,3000.0,202505.0,,3000.0,0.0,3000.0,730.0,                                                            ,,,,,        ,,
1140526GF0000002,2025-05-26 00:00:00,GF ,CUS_00561,        ,450.0,450.0,202505.0,,450.0,0.0,450.0,210.0,                                                            ,,,,,        ,,
1140531GF0000001,2025-05-31 00:00:00,GF ,CUS_00268,        ,1850.0,1850.0,202505.0,,1850.0,0.0,1850.0,620.0,                                                            ,,,,,        ,,
1140602GF0000001,2025-06-02 00:00:00,GF ,CUS_00694,        ,2000.0,2000.0,202506.0,,2000.0,0.0,2000.0,270.0,                                                            ,,,,,        ,,
1140602GF0000002,2025-06-02 00:00:00,GF ,CUS_00472,        ,8750.0,8750.0,202506.0,,8750.0,0.0,8750.0,3095.0,                                                            ,,,,,        ,,
1140602GF0000003,2025-06-02 00:00:00,GF ,CUS_00199,        ,18900.0,18900.0,202506.0,,18900.0,0.0,18900.0,12575.0,                                                            ,[已隱蔽],,,,        ,,
1140605GF0000001,2025-06-05 00:00:00,GF ,CUS_00551,        ,7500.0,7500.0,202506.0,,7500.0,0.0,7500.0,4800.0,                                                            ,,,,,        ,,
1140604GF0000001,2025-06-04 00:00:00,GF ,CUS_00252,        ,1500.0,1500.0,202506.0,,1500.0,0.0,1500.0,400.0,                                                            ,,,,,        ,,
1140605GF0000002,2025-06-05 00:00:00,GF ,CUS_00733,        ,900.0,900.0,202506.0,,900.0,0.0,900.0,115.0,                                                            ,,,,,        ,,
1140605GF0000003,2025-06-05 00:00:00,GF ,CUS_00532,        ,1300.0,1300.0,202506.0,,1300.0,0.0,1300.0,80.0,                                                            ,,,,,        ,,
1140605GF0000004,2025-06-05 00:00:00,GF ,CUS_00370,        ,1350.0,1350.0,202506.0,,1350.0,0.0,1350.0,625.0,                                                            ,,,,,        ,,
1140605GF0000005,2025-06-05 00:00:00,GF ,CUS_00598,        ,750.0,750.0,202506.0,,750.0,0.0,750.0,380.0,                                                            ,,,,,        ,,
1140605GF0000006,2025-06-05 00:00:00,GF ,CUS_00074,        ,150.0,150.0,202506.0,,150.0,0.0,150.0,58.0,[已隱蔽],,,,,        ,,
1140606GF0000001,2025-06-06 00:00:00,GF ,CUS_00160,        ,2800.0,2800.0,202506.0,,2800.0,0.0,2800.0,1610.0,                                                            ,,,,,        ,,
1140606GF0000002,2025-06-06 00:00:00,GF ,CUS_00013,        ,300.0,300.0,202506.0,,300.0,0.0,300.0,0.0,                                                            ,,,,,        ,,
1140610GF0000001,2025-06-10 00:00:00,GF ,CUS_00100,        ,3450.0,3450.0,202506.0,,3450.0,0.0,3450.0,1350.0,                                                            ,,,,,        ,,
1140611GF0000001,2025-06-11 00:00:00,GF ,CUS_00632,        ,1600.0,1600.0,202506.0,,1600.0,0.0,1600.0,286.0,                                                            ,,,,,        ,,
1140611GF0000002,2025-06-11 00:00:00,GF ,CUS_00393,        ,6800.0,6800.0,202506.0,,6800.0,0.0,6800.0,2600.0,                                                            ,,,,,        ,,
1140611GF0000003,2025-06-11 00:00:00,GF ,CUS_00006,        ,3000.0,3000.0,202506.0,,3000.0,0.0,3000.0,500.0,                                                            ,,,,,        ,,
1140613GF0000001,2025-06-13 00:00:00,GF ,CUS_00076,        ,3300.0,3300.0,202506.0,,3300.0,0.0,3300.0,2300.0,[已隱蔽],,,,,        ,,
1140613GF0000002,2025-06-13 00:00:00,GF ,CUS_00091,        ,16000.0,16000.0,202506.0,,16000.0,0.0,16000.0,3015.0,                                                            ,[已隱蔽],,,,        ,,
1140614GF0000001,2025-06-14 00:00:00,GF ,CUS_00162,        ,2200.0,2200.0,202506.0,,2200.0,0.0,2200.0,1500.0,                                                            ,,,,,        ,,
1140617GF0000001,2025-06-17 00:00:00,GF ,CUS_00441,        ,4200.0,4200.0,202506.0,,4200.0,0.0,4200.0,2650.0,                                                            ,,,,,        ,,
1140619GF0000001,2025-06-19 00:00:00,GF ,CUS_00529,        ,1500.0,1500.0,202506.0,,1500.0,0.0,1500.0,250.0,                                                            ,,,,,        ,,
1140619GF0000002,2025-06-19 00:00:00,GF ,CUS_00733,        ,450.0,450.0,202506.0,,450.0,0.0,450.0,150.0,                                                            ,,,,,        ,,
1140620GF0000001,2025-06-20 00:00:00,GF ,CUS_00656,        ,250.0,250.0,202506.0,,250.0,0.0,250.0,98.0,                                                            ,,,,,        ,,
1140624GF0000001,2025-06-24 00:00:00,GF ,CUS_00298,        ,1800.0,1800.0,202506.0,,1800.0,0.0,1800.0,500.0,                                                            ,,,,,        ,,
1140624GF0000002,2025-06-24 00:00:00,GF ,CUS_00044,        ,5500.0,5500.0,202506.0,,5500.0,0.0,5500.0,2498.0,                                                            ,,,,,        ,,
1140625GF0000001,2025-06-25 00:00:00,GF ,CUS_00630,        ,3700.0,3700.0,202506.0,,3700.0,0.0,3700.0,2200.0,[已隱蔽],,,,,        ,,
1140625GF0000002,2025-06-25 00:00:00,GF ,CUS_00112,        ,3400.0,3400.0,202506.0,,3400.0,0.0,3400.0,2080.0,                                                            ,,,,,        ,,
1140627GF0000001,2025-06-27 00:00:00,GF ,CUS_00076,        ,150.0,150.0,202507.0,,150.0,0.0,150.0,68.0,[已隱蔽],,,,,        ,,
1140628GF0000001,2025-06-28 00:00:00,GF ,CUS_00031,        ,10000.0,10000.0,202506.0,,10000.0,0.0,10000.0,4805.0,                                                            ,[已隱蔽],,,,        ,,
1140628GF0000002,2025-06-28 00:00:00,GF ,CUS_00160,        ,4000.0,4000.0,202506.0,,4000.0,0.0,4000.0,1900.0,                                                            ,,,,,        ,,
1140630GF0000001,2025-06-30 00:00:00,GF ,CUS_00483,        ,3550.0,3550.0,202506.0,,3550.0,0.0,3550.0,975.0,                                                            ,,,,,        ,,
1140701GF0000001,2025-07-01 00:00:00,GF ,CUS_00058,        ,6800.0,6800.0,202507.0,,6800.0,0.0,6800.0,2380.0,                                                            ,[已隱蔽],,,,        ,,
1140701GF0000002,2025-07-01 00:00:00,GF ,CUS_00076,        ,4000.0,4000.0,202507.0,,4000.0,0.0,4000.0,2300.0,[已隱蔽],,,,,        ,,
1140704GF0000001,2025-07-04 00:00:00,GF ,CUS_00477,        ,2550.0,2550.0,202507.0,,2550.0,0.0,2550.0,740.0,                                                            ,[已隱蔽],,,,        ,,
1140708GF0000001,2025-07-08 00:00:00,GF ,CUS_00411,        ,2400.0,2400.0,202507.0,,2400.0,0.0,2400.0,590.0,                                                            ,,,,,        ,,
1140708GF0000002,2025-07-08 00:00:00,GF ,CUS_00019,        ,1000.0,1000.0,202507.0,,1000.0,0.0,1000.0,180.0,                                                            ,,,,,        ,,
1140708GF0000003,2025-07-08 00:00:00,GF ,CUS_00076,        ,800.0,800.0,202507.0,,800.0,0.0,800.0,327.2,[已隱蔽],,,,,        ,,
1140709GF0000001,2025-07-09 00:00:00,GF ,CUS_00656,        ,2000.0,2000.0,202507.0,,2000.0,0.0,2000.0,700.0,                                                            ,,,,,        ,,
1140709GF0000002,2025-07-09 00:00:00,GF ,CUS_00446,        ,1000.0,1000.0,202507.0,,1000.0,0.0,1000.0,200.0,                                                            ,,,,,        ,,
1140712GF0000001,2025-07-12 00:00:00,GF ,CUS_00598,        ,4000.0,4000.0,202507.0,,4000.0,0.0,4000.0,2300.0,                                                            ,,,,,        ,,
1140714GF0000001,2025-07-14 00:00:00,GF ,CUS_00074,        ,1300.0,1300.0,202507.0,,1300.0,0.0,1300.0,670.0,[已隱蔽],,,,,        ,,
1140715GF0000001,2025-07-15 00:00:00,GF ,CUS_00547,        ,1100.0,1100.0,202507.0,,1100.0,0.0,1100.0,340.0,                                                            ,,,,,        ,,
1140721GF0000001,2025-07-21 00:00:00,GF ,CUS_00694,        ,2500.0,2500.0,202507.0,,2500.0,0.0,2500.0,410.0,                                                            ,,,,,        ,,
1140721GF0000002,2025-07-21 00:00:00,GF ,CUS_00682,01      ,1250.0,1250.0,202507.0,,1250.0,0.0,1250.0,580.0,[已隱蔽],,,,,01      ,,
1140721GF0000003,2025-07-21 00:00:00,GF ,CUS_00209,        ,1850.0,1850.0,202507.0,,1850.0,0.0,1850.0,250.0,                                                            ,,,,,        ,,
1140721GF0000004,2025-07-21 00:00:00,GF ,CUS_00051,        ,8600.0,8600.0,202507.0,,8600.0,0.0,8600.0,2527.0,                                                            ,[已隱蔽],,,,        ,,
1140722GF0000001,2025-07-22 00:00:00,GF ,CUS_00046,        ,1700.0,1700.0,202507.0,,1700.0,0.0,1700.0,780.0,                                                            ,,,,,        ,,
1140723GF0000001,2025-07-23 00:00:00,GF ,CUS_00694,        ,20800.0,20800.0,202507.0,,20800.0,0.0,20800.0,9600.0,                                                            ,,,,,        ,,
1140723GF0000002,2025-07-23 00:00:00,GF ,CUS_00533,        ,600.0,600.0,202507.0,,600.0,0.0,600.0,250.0,                                                            ,,,,,        ,,
1140723GF0000003,2025-07-23 00:00:00,GF ,CUS_00552,        ,4300.0,4300.0,202507.0,,4300.0,0.0,4300.0,2150.0,                                                            ,,,,,        ,,
1140723GF0000004,2025-07-23 00:00:00,GF ,CUS_00326,        ,300.0,300.0,202507.0,,300.0,0.0,300.0,100.0,                                                            ,,,,,        ,,
1140724GF0000001,2025-07-24 00:00:00,GF ,CUS_00040,        ,1000.0,1000.0,202507.0,,1000.0,0.0,1000.0,150.0,                                                            ,,,,,        ,,
1140725GF0000001,2025-07-25 00:00:00,GF ,CUS_00638,        ,1100.0,1100.0,202507.0,,1100.0,0.0,1100.0,510.0,                                                            ,,,,,        ,,
1140725GF0000002,2025-07-25 00:00:00,GF ,CUS_00335,        ,13500.0,13500.0,202507.0,,13500.0,0.0,13500.0,9000.0,                                                            ,,,,,        ,,
1140726GF0000001,2025-07-26 00:00:00,GF ,CUS_00180,        ,3300.0,3300.0,202507.0,,3300.0,0.0,3300.0,1900.0,                                                            ,,,,,        ,,
1140729GF0000001,2025-07-29 00:00:00,GF ,CUS_00694,        ,22600.0,22600.0,202507.0,,22600.0,0.0,22600.0,12900.0,                                                            ,[已隱蔽],,,,        ,,
1140729GF0000002,2025-07-29 00:00:00,GF ,CUS_00509,        ,375.0,375.0,202507.0,,375.0,0.0,375.0,97.6,                                                            ,,,,,        ,,
1140729GF0000003,2025-07-29 00:00:00,GF ,CUS_00594,        ,2500.0,2500.0,202507.0,,2500.0,0.0,2500.0,1100.0,[已隱蔽],,,,,        ,,
1140729GF0000004,2025-07-29 00:00:00,GF ,CUS_00633,        ,2000.0,2000.0,202507.0,,2000.0,0.0,2000.0,700.0,                                                            ,,,,,        ,,
1140731GF0000001,2025-07-31 00:00:00,GF ,CUS_00388,        ,8050.0,8050.0,202507.0,,8050.0,0.0,8050.0,4085.0,                                                            ,,,,,        ,,
1140731GF0000002,2025-07-31 00:00:00,GF ,CUS_00201,        ,4900.0,4900.0,202507.0,,4900.0,0.0,4900.0,1320.0,                                                            ,,,,,        ,,
1140801GF0000001,2025-08-01 00:00:00,GF ,CUS_00246,        ,2000.0,2000.0,202508.0,,2000.0,0.0,2000.0,1200.0,                                                            ,,,,,        ,,
1140801GF0000002,2025-08-01 00:00:00,GF ,CUS_00682,01      ,500.0,500.0,202508.0,,500.0,0.0,500.0,180.0,[已隱蔽],,,,,01      ,,
1140802GF0000001,2025-08-02 00:00:00,GF ,CUS_00065,        ,4300.0,4300.0,202508.0,,4300.0,0.0,4300.0,3400.0,                                                            ,,,,,        ,,
1140804GF0000001,2025-08-04 00:00:00,GF ,CUS_00182,        ,5350.0,5350.0,202508.0,,5350.0,0.0,5350.0,1154.3,                                                            ,,,,,        ,,
1140805GF0000001,2025-08-05 00:00:00,GF ,CUS_00217,        ,10400.0,10400.0,202508.0,,10400.0,0.0,10400.0,4473.0,                                                            ,[已隱蔽],,,,        ,,
1140805GF0000002,2025-08-05 00:00:00,GF ,CUS_00691,        ,3500.0,3500.0,202508.0,,3500.0,0.0,3500.0,2400.0,                                                            ,,,,,        ,,
1140806GF0000001,2025-08-06 00:00:00,GF ,CUS_00046,        ,1900.0,1900.0,202508.0,,1900.0,0.0,1900.0,798.0,                                                            ,,,,,        ,,
1140806GF0000002,2025-08-06 00:00:00,GF ,CUS_00182,        ,2000.0,2000.0,202508.0,,2000.0,0.0,2000.0,250.0,                                                            ,,,,,        ,,
1140806GF0000003,2025-08-06 00:00:00,GF ,CUS_00533,        ,750.0,750.0,202508.0,,750.0,0.0,750.0,380.0,                                                            ,,,,,        ,,
1140807GF0000001,2025-08-07 00:00:00,GF ,CUS_00682,01      ,750.0,750.0,202508.0,,750.0,0.0,750.0,380.0,[已隱蔽],,,,,01      ,,
1140807GF0000002,2025-08-07 00:00:00,GF ,CUS_00114,        ,5000.0,5000.0,202508.0,,5000.0,0.0,5000.0,130.0,                                                            ,,,,,        ,,
1140809GF0000001,2025-08-09 00:00:00,GF ,CUS_00426,        ,2800.0,2800.0,202508.0,,2800.0,0.0,2800.0,1200.0,                                                            ,,,,,        ,,
1140811GF0000001,2025-08-11 00:00:00,GF ,CUS_00256,        ,3000.0,3000.0,202508.0,,3000.0,0.0,3000.0,1400.0,                                                            ,,,,,        ,,
1140813GF0000001,2025-08-13 00:00:00,GF ,CUS_00630,        ,650.0,650.0,202508.0,,650.0,0.0,650.0,250.0,[已隱蔽],,,,,        ,,
1140813GF0000002,2025-08-13 00:00:00,GF ,CUS_00199,        ,10000.0,10000.0,202508.0,,10000.0,0.0,10000.0,4100.0,                                                            ,,,,,        ,,
1140813GF0000003,2025-08-13 00:00:00,GF ,CUS_00324,        ,1900.0,1900.0,202508.0,,1900.0,0.0,1900.0,700.0,                                                            ,,,,,        ,,
1140814GF0000001,2025-08-14 00:00:00,GF ,CUS_00289,        ,3450.0,3450.0,202508.0,,3450.0,0.0,3450.0,1430.0,[已隱蔽],[已隱蔽],,,,        ,,
1140814GF0000002,2025-08-14 00:00:00,GF ,CUS_00256,        ,2120.0,2120.0,202508.0,,2120.0,0.0,2120.0,858.6,                                                            ,,,,,        ,,
1140815GF0000001,2025-08-15 00:00:00,GF ,CUS_00656,        ,2000.0,2000.0,202508.0,,2000.0,0.0,2000.0,1200.0,                                                            ,,,,,        ,,
1140819GF0000001,2025-08-19 00:00:00,GF ,CUS_00167,        ,6000.0,6000.0,202508.0,PT[電話]      ,6000.0,0.0,6300.0,1800.0,                                                            ,,,,,        ,,
1140819GF0000002,2025-08-19 00:00:00,GF ,CUS_00262,        ,11000.0,11000.0,202508.0,,11000.0,0.0,11000.0,3300.0,                                                            ,,,,,        ,,
1140820GF0000001,2025-08-20 00:00:00,GF ,CUS_00254,        ,900.0,900.0,202508.0,,900.0,0.0,900.0,100.0,                                                            ,,,,,        ,,
1140820GF0000002,2025-08-20 00:00:00,GF ,CUS_00529,        ,600.0,600.0,202508.0,,600.0,0.0,600.0,8.0,                                                            ,[已隱蔽],,,,        ,,
1140820GF0000003,2025-08-20 00:00:00,GF ,CUS_00019,        ,6500.0,6500.0,202508.0,,6500.0,0.0,6500.0,2175.0,                                                            ,[已隱蔽],,,,        ,,
1140821GF0000001,2025-08-21 00:00:00,GF ,CUS_00270,        ,599.0,599.0,202508.0,,599.0,0.0,599.0,300.0,                                                            ,,,,,        ,,
1140821GF0000002,2025-08-21 00:00:00,GF ,CUS_00694,        ,5000.0,5000.0,202508.0,,5000.0,0.0,5000.0,1585.0,                                                            ,,,,,        ,,
1140821GF0000003,2025-08-21 00:00:00,GF ,CUS_00027,        ,8000.0,8000.0,202508.0,,8000.0,0.0,8000.0,2300.0,                                                            ,,,,,        ,,
1140822GF0000001,2025-08-22 00:00:00,GF ,CUS_00510,        ,8600.0,8600.0,202508.0,,8600.0,0.0,8600.0,2950.0,                                                            ,,,,,        ,,
1140823GF0000001,2025-08-23 00:00:00,GF ,CUS_00365,        ,5000.0,5000.0,202508.0,,5000.0,0.0,5000.0,1880.0,                                                            ,[已隱蔽],,,,        ,,
1140825GF0000001,2025-08-25 00:00:00,GF ,CUS_00012,        ,500.0,500.0,202508.0,,500.0,0.0,500.0,50.0,                                                            ,,,,,        ,,
1140825GF0000002,2025-08-25 00:00:00,GF ,CUS_00704,        ,700.0,700.0,202508.0,,700.0,0.0,700.0,280.0,[已隱蔽],,,,,        ,,
1140827GF0000001,2025-08-27 00:00:00,GF ,CUS_00561,        ,9300.0,9300.0,202508.0,,9300.0,0.0,9300.0,3940.0,                                                            ,,,,,        ,,
1140901GF0000001,2025-09-01 00:00:00,GF ,CUS_00250,        ,3000.0,3000.0,202509.0,,3000.0,0.0,3000.0,1450.0,                                                            ,,,,,        ,,
1140903GF0000001,2025-09-03 00:00:00,GF ,CUS_00108,        ,3000.0,3000.0,202509.0,,3000.0,0.0,3000.0,380.0,                                                            ,,,,,        ,,
1140904GF0000001,2025-09-04 00:00:00,GF ,CUS_00091,        ,8000.0,8000.0,202509.0,,8000.0,0.0,8000.0,1790.0,                                                            ,,,,,        ,,
1140906GF0000001,2025-09-06 00:00:00,GF ,CUS_00074,        ,150.0,150.0,202509.0,,150.0,0.0,150.0,58.0,[已隱蔽],,,,,        ,,
1140908GF0000001,2025-09-08 00:00:00,GF ,CUS_00545,        ,1500.0,1500.0,202509.0,,1500.0,0.0,1500.0,290.0,                                                            ,,,,,        ,,
1140909GF0000001,2025-09-09 00:00:00,GF ,CUS_00505,        ,3500.0,3500.0,202509.0,,3500.0,0.0,3500.0,2400.0,                                                            ,,,,,        ,,
1140911GF0000001,2025-09-11 00:00:00,GF ,CUS_00656,        ,2400.0,2400.0,202509.0,,2400.0,0.0,2400.0,900.0,                                                            ,,,,,        ,,
1140911GF0000002,2025-09-11 00:00:00,GF ,CUS_00414,        ,1500.0,1500.0,202509.0,,1500.0,0.0,1500.0,400.0,                                                            ,,,,,        ,,
1140915GF0000001,2025-09-15 00:00:00,GF ,CUS_00018,        ,2000.0,2000.0,202509.0,,2000.0,0.0,2000.0,0.0,                                                            ,,,,,        ,,
1140916GF0000001,2025-09-16 00:00:00,GF ,CUS_00533,        ,2300.0,2300.0,202509.0,,2300.0,0.0,2300.0,1070.0,                                                            ,[已隱蔽],,,,        ,,
1140916GF0000002,2025-09-16 00:00:00,GF ,CUS_00482,        ,7000.0,7000.0,202509.0,,7000.0,0.0,7000.0,3400.0,                                                            ,,,,,        ,,
1140918GF0000001,2025-09-18 00:00:00,GF ,CUS_00732,        ,1800.0,1800.0,202509.0,,1800.0,0.0,1800.0,630.0,                                                            ,,,,,        ,,
1140918GF0000002,2025-09-18 00:00:00,GF ,CUS_00303,        ,1200.0,1200.0,202509.0,,1200.0,0.0,1200.0,250.0,                                                            ,,,,,        ,,
1140919GF0000001,2025-09-19 00:00:00,GF ,CUS_00694,        ,2000.0,2000.0,202509.0,,2000.0,0.0,2000.0,350.0,                                                            ,,,,,        ,,
1140920GF0000001,2025-09-20 00:00:00,GF ,CUS_00733,        ,650.0,650.0,202509.0,,650.0,0.0,650.0,140.0,                                                            ,,,,,        ,,
1140922GF0000001,2025-09-22 00:00:00,GF ,CUS_00156,        ,550.0,550.0,202509.0,,550.0,0.0,550.0,0.0,                                                            ,,,,,        ,,
1140922GF0000002,2025-09-22 00:00:00,GF ,CUS_00207,        ,650.0,650.0,202509.0,,650.0,0.0,650.0,200.0,                                                            ,,,,,        ,,
1140925GF0000002,2025-09-25 00:00:00,GF ,CUS_00725,        ,2950.0,2950.0,202509.0,,2950.0,0.0,2950.0,1480.0,                                                            ,,,,,        ,,
1140927GF0000001,2025-09-27 00:00:00,GF ,CUS_00099,        ,500.0,500.0,202509.0,,500.0,0.0,500.0,150.0,                                                            ,,,,,        ,,
1140929GF0000001,2025-09-29 00:00:00,GF ,CUS_00258,        ,550.0,550.0,202509.0,,550.0,0.0,550.0,150.0,                                                            ,,,,,        ,,
1140930GF0000001,2025-09-30 00:00:00,GF ,CUS_00534,        ,2499.0,2499.0,202509.0,,2499.0,0.0,2499.0,950.0,                                                            ,,,,,        ,,
1141004GF0000001,2025-10-04 00:00:00,GF ,CUS_00025,        ,800.0,800.0,202510.0,,800.0,0.0,800.0,400.0,                                                            ,,,,,        ,,
1141004GF0000002,2025-10-04 00:00:00,GF ,CUS_00274,        ,4100.0,4100.0,202510.0,,4100.0,0.0,4100.0,1066.2,                                                            ,,,,,        ,,
1141008GF0000001,2025-10-08 00:00:00,GF ,CUS_00225,        ,950.0,950.0,202510.0,,950.0,0.0,950.0,350.0,                                                            ,,,,,        ,,
1141009GF0000001,2025-10-09 00:00:00,GF ,CUS_00074,        ,150.0,150.0,202510.0,,150.0,0.0,150.0,58.0,[已隱蔽],,,,,        ,,
1141009GF0000002,2025-10-09 00:00:00,GF ,CUS_00694,        ,1522.0,1522.0,202510.0,,1522.0,0.0,1522.0,220.0,                                                            ,,,,,        ,,
1141009GF0000003,2025-10-09 00:00:00,GF ,CUS_00044,        ,1300.0,1300.0,202510.0,,1300.0,0.0,1300.0,0.0,                                                            ,,,,,        ,,
1141010GF0000001,2025-10-10 00:00:00,GF ,CUS_00242,        ,1299.0,1299.0,202510.0,,1299.0,0.0,1299.0,660.0,                                                            ,,,,,        ,,
1141011GF0000001,2025-10-11 00:00:00,GF ,CUS_00694,        ,225.0,225.0,202510.0,,225.0,0.0,225.0,75.0,                                                            ,,,,,        ,,
1141014GF0000001,2025-10-14 00:00:00,GF ,CUS_00485,        ,1300.0,1300.0,202510.0,,1300.0,0.0,1300.0,250.0,                                                            ,,,,,        ,,
1141016GF0000001,2025-10-16 00:00:00,GF ,CUS_00333,        ,3250.0,3250.0,202510.0,,3250.0,0.0,3250.0,930.0,                                                            ,[已隱蔽],,,,        ,,
1141017GF0000001,2025-10-17 00:00:00,GF ,CUS_00611,        ,2800.0,2800.0,202510.0,,2800.0,0.0,2800.0,1500.0,                                                            ,,,,,        ,,
1141017GF0000002,2025-10-17 00:00:00,GF ,CUS_00520,        ,1200.0,1200.0,202510.0,,1200.0,0.0,1200.0,200.0,                                                            ,,,,,        ,,
1141018GF0000001,2025-10-18 00:00:00,GF ,CUS_00474,        ,2800.0,2800.0,202510.0,,2800.0,0.0,2800.0,1100.0,                                                            ,[已隱蔽],,,,        ,,
1141020GF0000001,2025-10-20 00:00:00,GF ,CUS_00326,        ,4055.0,4055.0,202510.0,,4055.0,0.0,4055.0,2730.0,                                                            ,,,,,        ,,
1141020GF0000002,2025-10-20 00:00:00,GF ,CUS_00089,        ,700.0,700.0,202510.0,,700.0,0.0,700.0,180.0,                                                            ,,,,,        ,,
1141021GF0000001,2025-10-21 00:00:00,GF ,CUS_00486,        ,2800.0,2800.0,202510.0,,2800.0,0.0,2800.0,920.0,                                                            ,[已隱蔽],,,,        ,,
1141021GF0000002,2025-10-21 00:00:00,GF ,CUS_00089,        ,11000.0,11000.0,202510.0,,11000.0,0.0,11000.0,6150.0,                                                            ,,,,,        ,,
1141022GF0000001,2025-10-22 00:00:00,GF ,CUS_00393,        ,2600.0,2600.0,202510.0,,2600.0,0.0,2600.0,1003.6,                                                            ,,,,,        ,,
1141023GF0000001,2025-10-23 00:00:00,GF ,CUS_00306,        ,6500.0,6500.0,202510.0,,6500.0,0.0,6500.0,2300.0,                                                            ,,,,,        ,,
1141023GF0000002,2025-10-23 00:00:00,GF ,CUS_00236,        ,1700.0,1700.0,202510.0,,1700.0,0.0,1700.0,390.0,                                                            ,[已隱蔽],,,,        ,,
1141027GF0000001,2025-10-27 00:00:00,GF ,CUS_00370,        ,500.0,500.0,202510.0,,500.0,0.0,500.0,0.0,                                                            ,,,,,        ,,
1141027GF0000002,2025-10-27 00:00:00,GF ,CUS_00286,        ,799.0,799.0,202510.0,,799.0,0.0,799.0,350.0,                                                            ,,,,,        ,,
1141027GF0000003,2025-10-27 00:00:00,GF ,CUS_00682,01      ,1000.0,1000.0,202511.0,,1000.0,0.0,1000.0,0.0,[已隱蔽],,,,,01      ,,
1141029GF0000001,2025-10-29 00:00:00,GF ,CUS_00249,        ,3900.0,3900.0,202510.0,,3900.0,0.0,3900.0,1625.0,                                                            ,,,,,        ,,
1141028GF0000001,2025-10-28 00:00:00,GF ,CUS_00415,        ,600.0,600.0,202510.0,,600.0,0.0,600.0,150.0,                                                            ,,,,,        ,,
1141029GF0000002,2025-10-29 00:00:00,GF ,CUS_00126,        ,1200.0,1200.0,202510.0,,1200.0,0.0,1200.0,83.0,                                                            ,,,,,        ,,
1141031GF0000001,2025-10-31 00:00:00,GF ,CUS_00132,        ,4000.0,4000.0,202510.0,,4000.0,0.0,4000.0,900.0,                                                            ,,,,,        ,,
1141031GF0000002,2025-10-31 00:00:00,GF ,CUS_00200,        ,3800.0,3800.0,202510.0,,3800.0,0.0,3800.0,2500.0,                                                            ,,,,,        ,,
1141103GF0000001,2025-11-03 00:00:00,GF ,CUS_00236,        ,500.0,500.0,202511.0,,500.0,0.0,500.0,81.8,                                                            ,,,,,        ,,
1141103GF0000002,2025-11-03 00:00:00,GF ,CUS_00132,        ,600.0,600.0,202511.0,,600.0,0.0,600.0,215.0,                                                            ,,,,,        ,,
1141104GF0000001,2025-11-04 00:00:00,GF ,CUS_00097,        ,2200.0,2200.0,202511.0,,2200.0,0.0,2200.0,600.0,                                                            ,,,,,        ,,
1141104GF0000002,2025-11-04 00:00:00,GF ,CUS_00032,        ,1500.0,1500.0,202511.0,,1500.0,0.0,1500.0,288.0,                                                            ,,,,,        ,,
1141104GF0000003,2025-11-04 00:00:00,GF ,CUS_00616,        ,2200.0,2200.0,202511.0,TT[電話]      ,2200.0,0.0,2310.0,1200.0,                                                            ,,,,,        ,,
1141105GF0000001,2025-11-05 00:00:00,GF ,CUS_00682,01      ,650.0,650.0,202511.0,,650.0,0.0,650.0,280.0,[已隱蔽],,,,,01      ,,
1141111GF0000001,2025-11-11 00:00:00,GF ,CUS_00156,        ,900.0,900.0,202511.0,,900.0,0.0,900.0,120.0,                                                            ,,,,,        ,,
1141112GF0000001,2025-11-12 00:00:00,GF ,CUS_00358,        ,1209.0,1209.0,202511.0,,1209.0,0.0,1209.0,540.0,                                                            ,[已隱蔽],,,,        ,,
1141112GF0000002,2025-11-12 00:00:00,GF ,CUS_00694,        ,26000.0,26000.0,202511.0,,26000.0,0.0,26000.0,13948.0,                                                            ,,,,,        ,,
1141113GF0000001,2025-11-13 00:00:00,GF ,CUS_00682,01      ,1400.0,1400.0,202511.0,,1400.0,0.0,1400.0,700.0,[已隱蔽],,,,,01      ,,
1141113GF0000002,2025-11-13 00:00:00,GF ,CUS_00396,        ,6000.0,6000.0,202511.0,,6000.0,0.0,6000.0,1830.0,                                                            ,[已隱蔽],,,,        ,,
1141114GF0000001,2025-11-14 00:00:00,GF ,CUS_00020,        ,8800.0,8800.0,202511.0,,8800.0,0.0,8800.0,2045.0,                                                            ,[已隱蔽],,,,        ,,
1141115GF0000001,2025-11-15 00:00:00,GF ,CUS_00071,        ,12290.0,12290.0,202511.0,,12290.0,0.0,12290.0,8100.0,                                                            ,,,,,        ,,
1141117GF0000001,2025-11-17 00:00:00,GF ,CUS_00694,        ,3700.0,3700.0,202511.0,,3700.0,0.0,3700.0,240.0,                                                            ,,,,,        ,,
1141117GF0000002,2025-11-17 00:00:00,GF ,CUS_00520,        ,2000.0,2000.0,202511.0,,2000.0,0.0,2000.0,248.0,                                                            ,,,,,        ,,
1141117GF0000003,2025-11-17 00:00:00,GF ,CUS_00634,        ,2850.0,2850.0,202511.0,,2850.0,0.0,2850.0,645.0,                                                            ,,,,,        ,,
1141119GF0000001,2025-11-19 00:00:00,GF ,CUS_00396,        ,8500.0,8500.0,202511.0,,8500.0,0.0,8500.0,4500.0,                                                            ,[已隱蔽],,,,        ,,
1141119GF0000002,2025-11-19 00:00:00,GF ,CUS_00682,01      ,1200.0,1200.0,202511.0,,1200.0,0.0,1200.0,700.0,[已隱蔽],,,,,01      ,,
1141119GF0000003,2025-11-19 00:00:00,GF ,CUS_00133,        ,9000.0,9000.0,202511.0,,9000.0,0.0,9000.0,5290.0,                                                            ,,,,,        ,,
1141120GF0000001,2025-11-20 00:00:00,GF ,CUS_00605,        ,600.0,600.0,202511.0,,600.0,0.0,600.0,140.0,                                                            ,,,,,        ,,
1141121GF0000001,2025-11-21 00:00:00,GF ,CUS_00076,        ,1500.0,1500.0,202511.0,,1500.0,0.0,1500.0,800.0,[已隱蔽],,,,,        ,,
1141124GF0000001,2025-11-24 00:00:00,GF ,CUS_00251,        ,10500.0,10500.0,202511.0,,10500.0,0.0,10500.0,6800.0,                                                            ,,,,,        ,,
1141127GF0000001,2025-11-27 00:00:00,GF ,CUS_00639,        ,350.0,350.0,202511.0,,350.0,0.0,350.0,130.0,                                                            ,,,,,        ,,
1141127GF0000002,2025-11-27 00:00:00,GF ,CUS_00598,        ,550.0,550.0,202512.0,,550.0,0.0,550.0,350.0,                                                            ,,,,,        ,,
1141201GF0000001,2025-12-01 00:00:00,GF ,CUS_00694,        ,32000.0,32000.0,202512.0,,32000.0,0.0,32000.0,14825.0,                                                            ,[已隱蔽],,,,        ,,
1141201GF0000002,2025-12-01 00:00:00,GF ,CUS_00412,        ,2000.0,2000.0,202512.0,,2000.0,0.0,2000.0,600.0,                                                            ,,,,,        ,,
1141203GF0000001,2025-12-03 00:00:00,GF ,CUS_00035,        ,1500.0,1500.0,202512.0,,1500.0,0.0,1500.0,0.0,                                                            ,,,,,        ,,
1141204GF0000001,2025-12-04 00:00:00,GF ,CUS_00694,        ,1440.0,1440.0,202512.0,,1440.0,0.0,1440.0,560.0,                                                            ,,,,,        ,,
1141205GF0000001,2025-12-05 00:00:00,GF ,CUS_00520,        ,850.0,850.0,202512.0,,850.0,0.0,850.0,450.0,                                                            ,,,,,        ,,
1141208GF0000001,2025-12-08 00:00:00,GF ,CUS_00598,        ,350.0,350.0,202512.0,,350.0,0.0,350.0,140.0,                                                            ,,,,,        ,,
1141206GF0000001,2025-12-06 00:00:00,GF ,CUS_00456,        ,3000.0,3000.0,202512.0,,3000.0,0.0,3000.0,1700.0,                                                            ,,,,,        ,,
1141209GF0000001,2025-12-09 00:00:00,GF ,CUS_00696,        ,4200.0,4200.0,202512.0,TT[電話]      ,4200.0,0.0,4410.0,2730.0,                                                            ,,,,,        ,,
1141210GF0000001,2025-12-10 00:00:00,GF ,CUS_00119,        ,3999.0,3999.0,202512.0,,3999.0,0.0,3999.0,2300.0,                                                            ,,,,,        ,,
1141212GF0000001,2025-12-12 00:00:00,GF ,CUS_00019,        ,2100.0,2100.0,202512.0,,2100.0,0.0,2100.0,835.0,                                                            ,,,,,        ,,
1141212GF0000002,2025-12-12 00:00:00,GF ,CUS_00694,        ,1350.0,1350.0,202512.0,,1350.0,0.0,1350.0,850.0,                                                            ,,,,,        ,,
1141215GF0000001,2025-12-15 00:00:00,GF ,CUS_00109,        ,1150.0,1150.0,202512.0,,1150.0,0.0,1150.0,450.0,                                                            ,,,,,        ,,
1141215GF0000002,2025-12-15 00:00:00,GF ,CUS_00150,        ,8300.0,8300.0,202512.0,,8300.0,0.0,8300.0,2745.0,                                                            ,[已隱蔽],,,,        ,,
1141216GF0000001,2025-12-16 00:00:00,GF ,CUS_00442,        ,950.0,950.0,202512.0,,950.0,0.0,950.0,190.0,                                                            ,,,,,        ,,
1141217GF0000001,2025-12-17 00:00:00,GF ,CUS_00150,        ,7300.0,7300.0,202512.0,,7300.0,0.0,7300.0,2914.0,                                                            ,,,,,        ,,
1141218GF0000001,2025-12-18 00:00:00,GF ,CUS_00634,        ,4300.0,4300.0,202512.0,,4300.0,0.0,4300.0,1225.0,                                                            ,,,,,        ,,
1141218GF0000002,2025-12-18 00:00:00,GF ,CUS_00199,        ,7000.0,7000.0,202512.0,,7000.0,0.0,7000.0,2217.0,                                                            ,[已隱蔽],,,,        ,,
1141219GF0000001,2025-12-19 00:00:00,GF ,CUS_00669,        ,3000.0,3000.0,202512.0,,3000.0,0.0,3000.0,900.0,                                                            ,,,,,        ,,
1141219GF0000002,2025-12-19 00:00:00,GF ,CUS_00366,        ,8200.0,8200.0,202512.0,,8200.0,0.0,8200.0,2758.0,                                                            ,,,,,        ,,
1141222GF0000001,2025-12-22 00:00:00,GF ,CUS_00398,        ,9500.0,9500.0,202512.0,,9500.0,0.0,9500.0,5800.0,                                                            ,,,,,        ,,
1141225GF0000001,2025-12-25 00:00:00,GF ,CUS_00635,        ,5500.0,5500.0,202512.0,,5500.0,0.0,5500.0,2300.0,                                                            ,,,,,        ,,
1141225GF0000002,2025-12-25 00:00:00,GF ,CUS_00694,        ,29000.0,29000.0,202512.0,,29000.0,0.0,29000.0,10048.0,                                                            ,,,,,        ,,
1141225GF0000003,2025-12-25 00:00:00,GF ,CUS_00071,        ,1050.0,1050.0,202512.0,,1050.0,0.0,1050.0,480.0,                                                            ,,,,,        ,,
1141227GF0000001,2025-12-27 00:00:00,GF ,CUS_00129,        ,3150.0,3150.0,202512.0,,3150.0,0.0,3150.0,1900.0,                                                            ,,,,,        ,,
1141229GF0000001,2025-12-29 00:00:00,GF ,CUS_00694,        ,382.5,383.0,202512.0,,383.0,0.0,383.0,209.0,                                                            ,,,,,        ,,
1141231GF0000001,2025-12-31 00:00:00,GF ,CUS_00669,        ,3650.0,3650.0,202512.0,,3650.0,0.0,3650.0,2338.0,                                                            ,,,,,        ,,
1141231GF0000002,2025-12-31 00:00:00,GF ,CUS_00396,        ,8000.0,8000.0,202512.0,,8000.0,0.0,8000.0,5500.0,                                                            ,,,,,        ,,
1150102GF0000001,2026-01-02 00:00:00,GF ,CUS_00472,        ,6000.0,6000.0,202601.0,,6000.0,0.0,6000.0,2027.0,                                                            ,[已隱蔽],,,,        ,,
1150105GF0000001,2026-01-05 00:00:00,GF ,CUS_00300,        ,4300.0,4300.0,202601.0,,4300.0,0.0,4300.0,1645.0,                                                            ,,,,,        ,,
1150106GF0000001,2026-01-06 00:00:00,GF ,CUS_00499,        ,2300.0,2300.0,202601.0,,2300.0,0.0,2300.0,520.0,                                                            ,,,,,        ,,
1150107GF0000001,2026-01-07 00:00:00,GF ,CUS_00074,        ,400.0,400.0,202601.0,,400.0,0.0,400.0,180.0,[已隱蔽],,,,,        ,,
1150107GF0000002,2026-01-07 00:00:00,GF ,CUS_00086,        ,5900.0,5900.0,202601.0,,5900.0,0.0,5900.0,1630.0,[已隱蔽],,,,,        ,,
1150108GF0000001,2026-01-08 00:00:00,GF ,CUS_00019,        ,8000.0,8000.0,202601.0,,8000.0,0.0,8000.0,4000.0,                                                            ,,,,,        ,,
1150108GF0000002,2026-01-08 00:00:00,GF ,CUS_00682,01      ,700.0,700.0,202601.0,,700.0,0.0,700.0,360.0,[已隱蔽],,,,,01      ,,
1150110GF0000001,2026-01-10 00:00:00,GF ,CUS_00349,        ,7000.0,7000.0,202601.0,,7000.0,0.0,7000.0,2300.0,                                                            ,,,,,        ,,
1150112GF0000001,2026-01-12 00:00:00,GF ,CUS_00694,        ,1000.0,1000.0,202601.0,,1000.0,0.0,1000.0,0.0,                                                            ,,,,,        ,,
1150112GF0000002,2026-01-12 00:00:00,GF ,CUS_00652,        ,1800.0,1800.0,202601.0,,1800.0,0.0,1800.0,740.0,                                                            ,,,,,        ,,
1150115GF0000001,2026-01-15 00:00:00,GF ,CUS_00543,        ,1749.0,1749.0,202601.0,,1749.0,0.0,1749.0,754.0,                                                            ,,,,,        ,,
1150116GF0000001,2026-01-16 00:00:00,GF ,CUS_00413,        ,13500.0,13500.0,202601.0,,13500.0,0.0,13500.0,6500.0,                                                            ,,,,,        ,,
1150117GF0000001,2026-01-17 00:00:00,GF ,CUS_00365,        ,400.0,400.0,202601.0,,400.0,0.0,400.0,80.0,                                                            ,,,,,        ,,
1150120GF0000001,2026-01-20 00:00:00,GF ,CUS_00254,        ,3500.0,3500.0,202601.0,,3500.0,0.0,3500.0,1200.0,                                                            ,,,,,        ,,
1150121GF0000001,2026-01-21 00:00:00,GF ,CUS_00587,01      ,0.0,0.0,202601.0,,0.0,0.0,0.0,,                                                            ,,,,,        ,,
1150120GF0000002,2026-01-20 00:00:00,GF ,CUS_00113,        ,4000.0,4000.0,202601.0,,4000.0,0.0,4000.0,1470.0,                                                            ,,,,,        ,,
1150124GF0000001,2026-01-24 00:00:00,GF ,CUS_00492,        ,1725.0,1725.0,202601.0,,1725.0,0.0,1725.0,830.0,                                                            ,,,,,        ,,
1150127GF0000001,2026-01-27 00:00:00,GF ,CUS_00706,        ,3350.0,3350.0,202601.0,,3350.0,0.0,3350.0,863.2,                                                            ,[已隱蔽],,,,        ,,
1150127GF0000002,2026-01-27 00:00:00,GF ,CUS_00664,        ,250.0,250.0,202601.0,,250.0,0.0,250.0,90.0,                                                            ,,,,,        ,,
1150128GF0000001,2026-01-28 00:00:00,GF ,CUS_00076,        ,150.0,150.0,202602.0,,150.0,0.0,150.0,58.0,[已隱蔽],,,,,        ,,
1150129GF0000001,2026-01-29 00:00:00,GF ,CUS_00555,        ,500.0,500.0,202601.0,,500.0,0.0,500.0,150.0,[已隱蔽],,,,,        ,,
1150130GF0000001,2026-01-30 00:00:00,GF ,CUS_00733,        ,650.0,650.0,202601.0,,650.0,0.0,650.0,250.0,                                                            ,,,,,        ,,
1150131GF0000001,2026-01-31 00:00:00,GF ,CUS_00656,        ,750.0,750.0,202601.0,,750.0,0.0,750.0,380.0,                                                            ,,,,,        ,,
1150131GF0000002,2026-01-31 00:00:00,GF ,CUS_00061,        ,2750.0,2750.0,202601.0,,2750.0,0.0,2750.0,1000.0,                                                            ,,,,,        ,,
1150202GF0000001,2026-02-02 00:00:00,GF ,CUS_00375,        ,12000.0,12000.0,202602.0,,12000.0,0.0,12000.0,5800.0,                                                            ,,,,,        ,,
1150202GF0000002,2026-02-02 00:00:00,GF ,CUS_00371,        ,18000.0,18000.0,202602.0,,18000.0,0.0,18000.0,8000.0,                                                            ,,,,,        ,,
1150203GF0000001,2026-02-03 00:00:00,GF ,CUS_00630,        ,200.0,200.0,202602.0,,200.0,0.0,200.0,100.0,[已隱蔽],,,,,        ,,
1150204GF0000001,2026-02-04 00:00:00,GF ,CUS_00095,        ,300.0,300.0,202602.0,,300.0,0.0,300.0,0.0,                                                            ,,,,,        ,,
1150204GF0000002,2026-02-04 00:00:00,GF ,CUS_00617,        ,2500.0,2500.0,202602.0,,2500.0,0.0,2500.0,1300.0,                                                            ,,,,,        ,,
1150205GF0000001,2026-02-05 00:00:00,GF ,CUS_00594,        ,3150.0,3150.0,202602.0,,3150.0,0.0,3150.0,1500.0,[已隱蔽],,,,,        ,,
1150206GF0000001,2026-02-06 00:00:00,GF ,CUS_00553,        ,12000.0,12000.0,202602.0,,12000.0,0.0,12000.0,4200.0,                                                            ,,,,,        ,,
1150206GF0000002,2026-02-06 00:00:00,GF ,CUS_00577,        ,650.0,650.0,202602.0,VT[電話]      ,650.0,0.0,683.0,230.0,                                                            ,,,,,        ,,
1150207GF0000001,2026-02-07 00:00:00,GF ,CUS_00076,        ,1500.0,1500.0,202602.0,,1500.0,0.0,1500.0,800.0,[已隱蔽],,,,,        ,,
1150207GF0000002,2026-02-07 00:00:00,GF ,CUS_00220,        ,6150.0,6150.0,202602.0,,6150.0,0.0,6150.0,1790.0,                                                            ,[已隱蔽],,,,        ,,
1150207GF0000003,2026-02-07 00:00:00,GF ,CUS_00704,        ,1000.0,1000.0,202602.0,,1000.0,0.0,1000.0,450.0,[已隱蔽],,,,,        ,,
1150207GF0000004,2026-02-07 00:00:00,GF ,CUS_00294,        ,10000.0,10000.0,202602.0,,10000.0,0.0,10000.0,6000.0,                                                            ,,,,,        ,,
1150210GF0000001,2026-02-10 00:00:00,GF ,CUS_00694,        ,9000.0,9000.0,202602.0,,9000.0,0.0,9000.0,1525.0,                                                            ,,,,,        ,,
1150211GF0000001,2026-02-11 00:00:00,GF ,CUS_00211,        ,2200.0,2200.0,202602.0,,2200.0,0.0,2200.0,670.0,                                                            ,[已隱蔽],,,,        ,,
1150211GF0000002,2026-02-11 00:00:00,GF ,CUS_00682,01      ,550.0,550.0,202602.0,,550.0,0.0,550.0,250.0,[已隱蔽],,,,,01      ,,
1150211GF0000003,2026-02-11 00:00:00,GF ,CUS_00694,        ,955.0,955.0,202602.0,,955.0,0.0,955.0,427.0,                                                            ,,,,,        ,,
1150214GF0000001,2026-02-14 00:00:00,GF ,CUS_00059,        ,2700.0,2700.0,202602.0,,2700.0,0.0,2700.0,1190.0,                                                            ,,,,,        ,,
1150215GF0000001,2026-02-15 00:00:00,GF ,CUS_00290,        ,4000.0,4000.0,202602.0,,4000.0,0.0,4000.0,250.0,                                                            ,,,,,        ,,
1150215GF0000002,2026-02-15 00:00:00,GF ,CUS_00385,        ,7800.0,7800.0,202602.0,,7800.0,0.0,7800.0,3040.0,                                                            ,,,,,        ,,
1150221GF0000001,2026-02-21 00:00:00,GF ,CUS_00019,        ,800.0,800.0,202602.0,,800.0,0.0,800.0,220.0,                                                            ,,,,,        ,,
1150224GF0000001,2026-02-24 00:00:00,GF ,CUS_00694,        ,34800.0,34800.0,202602.0,,34800.0,0.0,34800.0,13648.0,                                                            ,,,,,        ,,
1150224GF0000002,2026-02-24 00:00:00,GF ,CUS_00083,        ,4952.0,4952.0,202602.0,VT[電話]      ,4952.0,0.0,5200.0,2500.0,                                                            ,,,,,        ,,
1150302GF0000001,2026-03-02 00:00:00,GF ,CUS_00403,        ,1000.0,1000.0,202603.0,,1000.0,0.0,1000.0,350.0,                                                            ,,,,,        ,,
1150302GF0000002,2026-03-02 00:00:00,GF ,CUS_00542,        ,12000.0,12000.0,202603.0,,12000.0,0.0,12000.0,6000.0,                                                            ,,,,,        ,,
1150302GF0000003,2026-03-02 00:00:00,GF ,CUS_00524,        ,3500.0,3500.0,202603.0,,3500.0,0.0,3500.0,850.0,                                                            ,,,,,        ,,
1150304GF0000001,2026-03-04 00:00:00,GF ,CUS_00533,        ,750.0,750.0,202603.0,,750.0,0.0,750.0,380.0,                                                            ,,,,,        ,,
1150305GF0000001,2026-03-05 00:00:00,GF ,CUS_00388,        ,1199.0,1199.0,202603.0,,1199.0,0.0,1199.0,520.0,                                                            ,,,,,        ,,
1150306GF0000001,2026-03-06 00:00:00,GF ,CUS_00439,        ,6500.0,6500.0,202603.0,,6500.0,0.0,6500.0,4450.0,                                                            ,,,,,        ,,
1150306GF0000002,2026-03-06 00:00:00,GF ,CUS_00656,        ,6500.0,6500.0,202603.0,,6500.0,0.0,6500.0,4500.0,                                                            ,,,,,        ,,
1150307GF0000001,2026-03-07 00:00:00,GF ,CUS_00694,        ,1000.0,1000.0,202603.0,,1000.0,0.0,1000.0,260.0,                                                            ,,,,,        ,,
1150309GF0000001,2026-03-09 00:00:00,GF ,CUS_00091,        ,300.0,300.0,202603.0,,300.0,0.0,300.0,0.0,                                                            ,,,,,        ,,
1150306GF0000003,2026-03-06 00:00:00,GF ,CUS_00533,        ,750.0,750.0,202603.0,,750.0,0.0,750.0,380.0,                                                            ,,,,,        ,,
1150309GF0000002,2026-03-09 00:00:00,GF ,CUS_00729,        ,2100.0,2100.0,202603.0,,2100.0,0.0,2100.0,825.0,                                                            ,,,,,        ,,
1150310GF0000001,2026-03-10 00:00:00,GF ,CUS_00410,        ,1600.0,1600.0,202603.0,,1600.0,0.0,1600.0,1105.5,                                                            ,,,,,        ,,
1150310GF0000002,2026-03-10 00:00:00,GF ,CUS_00128,        ,2900.0,2900.0,202603.0,XV[電話]      ,2900.0,0.0,3045.0,1700.0,                                                            ,[已隱蔽],,,,        ,,
1150310GF0000003,2026-03-10 00:00:00,GF ,CUS_00180,        ,1200.0,1200.0,202603.0,,1200.0,0.0,1200.0,580.0,                                                            ,,,,,        ,,
1150313GF0000001,2026-03-13 00:00:00,GF ,CUS_00467,        ,3500.0,3500.0,202603.0,,3500.0,0.0,3500.0,1150.0,                                                            ,,,,,        ,,
1150314GF0000001,2026-03-14 00:00:00,GF ,CUS_00520,        ,1200.0,1200.0,202603.0,,1200.0,0.0,1200.0,170.0,                                                            ,,,,,        ,,
1150314GF0000002,2026-03-14 00:00:00,GF ,CUS_00164,        ,2000.0,2000.0,202603.0,,2000.0,0.0,2000.0,0.0,                                                            ,,,,,        ,,
1150314GF0000003,2026-03-14 00:00:00,GF ,CUS_00297,        ,6000.0,6000.0,202603.0,,6000.0,0.0,6000.0,2500.0,                                                            ,,,,,        ,,
1150316GF0000001,2026-03-16 00:00:00,GF ,CUS_00494,        ,31000.0,31000.0,202603.0,,31000.0,0.0,31000.0,13500.0,                                                            ,,,,,        ,,
1150317GF0000001,2026-03-17 00:00:00,GF ,CUS_00694,        ,1980.0,1980.0,202603.0,,1980.0,0.0,1980.0,937.0,                                                            ,,,,,        ,,
1150317GF0000002,2026-03-17 00:00:00,GF ,CUS_00682,01      ,360.0,360.0,202603.0,,360.0,0.0,360.0,189.0,[已隱蔽],,,,,01      ,,
1150319GF0000001,2026-03-19 00:00:00,GF ,CUS_00499,        ,450.0,450.0,202603.0,,450.0,0.0,450.0,160.0,                                                            ,,,,,        ,,
1150321GF0000001,2026-03-21 00:00:00,GF ,CUS_00163,        ,2600.0,2600.0,202603.0,,2600.0,0.0,2600.0,1094.0,                                                            ,,,,,        ,,
1150324GF0000001,2026-03-24 00:00:00,GF ,CUS_00618,        ,250.0,250.0,202603.0,,250.0,0.0,250.0,130.0,[已隱蔽],,,,,        ,,
1150326GF0000001,2026-03-26 00:00:00,GF ,CUS_00060,        ,3499.0,3499.0,202603.0,,3499.0,0.0,3499.0,1300.0,                                                            ,,,,,        ,,
1150328GF0000001,2026-03-28 00:00:00,GF ,CUS_00672,        ,10500.0,10500.0,202603.0,,10500.0,0.0,10500.0,3800.0,                                                            ,,,,,        ,,
1150330GF0000001,2026-03-30 00:00:00,GF ,CUS_00413,        ,2400.0,2400.0,202603.0,,2400.0,0.0,2400.0,1000.0,                                                            ,,,,,        ,,
1150330GF0000002,2026-03-30 00:00:00,GF ,CUS_00005,        ,8500.0,8500.0,202603.0,,8500.0,0.0,8500.0,2850.0,                                                            ,,,,,        ,,
1150401GF0000001,2026-04-01 00:00:00,GF ,CUS_00656,        ,750.0,750.0,202604.0,,750.0,0.0,750.0,380.0,                                                            ,,,,,        ,,
1150401GF0000002,2026-04-01 00:00:00,GF ,CUS_00638,        ,500.0,500.0,202604.0,,500.0,0.0,500.0,0.0,                                                            ,,,,,        ,,
1150402GF0000001,2026-04-02 00:00:00,GF ,CUS_00135,        ,0.0,0.0,202604.0,,0.0,0.0,0.0,0.0,                                                            ,,,,,        ,,
1150404GF0000001,2026-04-04 00:00:00,GF ,CUS_00132,        ,270.0,270.0,202604.0,,270.0,0.0,270.0,105.0,                                                            ,,,,,        ,,
1150406GF0000001,2026-04-06 00:00:00,GF ,CUS_00694,        ,3000.0,3000.0,202604.0,,3000.0,0.0,3000.0,240.0,                                                            ,,,,,        ,,
1150409GF0000001,2026-04-09 00:00:00,GF ,CUS_00560,        ,2300.0,2300.0,202604.0,,2300.0,0.0,2300.0,1850.0,                                                            ,,,,,        ,,
1150408GF0000001,2026-04-08 00:00:00,GF ,CUS_00694,        ,20000.0,20000.0,202604.0,,20000.0,0.0,20000.0,5445.0,                                                            ,[已隱蔽],,,,        ,,
1150410GF0000001,2026-04-10 00:00:00,GF ,CUS_00682,01      ,600.0,600.0,202604.0,,600.0,0.0,600.0,220.0,[已隱蔽],,,,,01      ,,
1150410GF0000002,2026-04-10 00:00:00,GF ,CUS_00043,        ,19000.0,19000.0,202604.0,,19000.0,0.0,19000.0,9600.0,                                                            ,,,,,        ,,
1150411GF0000001,2026-04-11 00:00:00,GF ,CUS_00561,        ,11000.0,11000.0,202604.0,,11000.0,0.0,11000.0,4670.0,                                                            ,[已隱蔽],,,,        ,,
