prdno,unit1,p1,indexs
BC608               ,組   ,1.0,1.0
BC608200W           ,組   ,1.0,1.0
BC608100W           ,組   ,1.0,1.0
SF0025              ,卡   ,1.0,1.0
SF0046              ,卡   ,1.0,1.0
SF0041              ,卡   ,1.0,1.0
SF035               ,卡   ,1.0,1.0
SF0019              ,卡   ,1.0,1.0
VBDCCTZ2A           ,組   ,1.0,1.0
8YCA                ,各   ,1.0,1.0
VBD2XAF             ,組   ,1.0,1.0
20502XR             ,組   ,1.0,1.0
SENFINECORU5X       ,罐   ,1.0,1.0
SENFINECOFURFFVR    ,罐   ,1.0,1.0
2TXWSDXU            ,組   ,1.0,1.0
AL5003TY-CU         ,組   ,1.0,1.0
YH6629              ,組   ,1.0,1.0
TURBOH4LED          ,組   ,1.0,1.0
H722                ,各   ,1.0,1.0
H422                ,各   ,1.0,1.0
08A2-MG             ,組   ,1.0,1.0
H4ZXQ2Q             ,組   ,1.0,1.0
VUGQ2W              ,組   ,1.0,1.0
V18LED9006          ,組   ,1.0,1.0
TYPERH4CR           ,組   ,1.0,1.0
D26000K2Q           ,各   ,1.0,1.0
D48000K2Q           ,各   ,1.0,1.0
UUZV10D             ,組   ,1.0,1.0
A5MVEY2             ,組   ,1.0,1.0
RSEN56ZVQW          ,條   ,1.0,1.0
929TX               ,罐   ,1.0,1.0
V37GRR              ,組   ,1.0,1.0
HT32VMT             ,組   ,1.0,1.0
NOID15GS2           ,卡   ,1.0,1.0
G2VY                ,組   ,1.0,1.0
3MCUFFVR            ,罐   ,1.0,1.0
N1MUX1              ,組   ,1.0,1.0
DAYQQWW             ,組   ,1.0,1.0
KR10ZVQW            ,條   ,1.0,1.0
RSENWXWF            ,組   ,1.0,1.0
TURBOH7LED          ,組   ,1.0,1.0
TURBO900622         ,組   ,1.0,1.0
YH1382A2            ,組   ,1.0,1.0
RSENT105630         ,卡   ,1.0,1.0
RSENT105SMD         ,d83 ,1.0,1.0
RSENT105SMD         ,卡   ,1.0,1.0
RSENT105R22U        ,卡   ,1.0,1.0
RSENVTRXFV          ,組   ,1.0,1.0
TUBRO9005LED        ,組   ,1.0,1.0
WISHXFWZA1          ,各   ,1.0,1.0
ZEROVRMG26          ,支   ,1.0,1.0
5E5R                ,組   ,1.0,1.0
8496ZVQE            ,條   ,1.0,1.0
DNE2R               ,組   ,1.0,1.0
PNSS12              ,組   ,1.0,1.0
GS2T                ,組   ,1.0,1.0
GS2LM8005           ,組   ,1.0,1.0
GS2T8               ,組   ,1.0,1.0
RSENT104R           ,組   ,1.0,1.0
GS2LM800524         ,組   ,1.0,1.0
GS2T24V             ,組   ,1.0,1.0
2TXWMTNU            ,組   ,1.0,1.0
WUSWU5TF            ,組   ,1.0,1.0
ATW                 ,組   ,1.0,1.0
KMWTV               ,各   ,1.0,1.0
PNSS15              ,組   ,1.0,1.0
PNS003              ,條   ,1.0,1.0
PNSSW001            ,條   ,1.0,1.0
PNSMR01             ,組   ,1.0,1.0
PNSMR02             ,組   ,1.0,1.0
PNSSC002            ,組   ,1.0,1.0
G185630             ,卡   ,1.0,1.0
PNSHDF              ,組   ,1.0,1.0
PNSFB001            ,組   ,1.0,1.0
AFL283578           ,組   ,1.0,1.0
PNSPM001            ,組   ,1.0,1.0
MR004               ,組   ,1.0,1.0
PNSDT001            ,組   ,1.0,1.0
PNSS182USB          ,組   ,1.0,1.0
PNSHD05             ,組   ,1.0,1.0
PNSHXT03            ,組   ,1.0,1.0
PNSCDZX01           ,組   ,1.0,1.0
G74435630           ,卡   ,1.0,1.0
PNSHUDAP1           ,組   ,1.0,1.0
PNSSUN006           ,組   ,1.0,1.0
PNSSD1018           ,組   ,1.0,1.0
PNSHXT20            ,組   ,1.0,1.0
GARMINDRIVE52       ,組   ,1.0,1.0
LD7VTRXF            ,組   ,1.0,1.0
ZWUV                ,各   ,1.0,1.0
CRVUV               ,各   ,1.0,1.0
CLK250CR            ,組   ,1.0,1.0
KY010               ,各   ,1.0,1.0
ZXR                 ,罐   ,1.0,1.0
GN5V                ,罐   ,1.0,1.0
LA823               ,組   ,1.0,1.0
ABROGV5X            ,罐   ,1.0,1.0
NHGX                ,罐   ,1.0,1.0
IEB001X1EUH         ,組   ,1.0,1.0
ABROYQUV            ,罐   ,1.0,1.0
CY052               ,組   ,1.0,1.0
KH826UTVGW          ,組   ,1.0,1.0
99AMMG              ,罐   ,1.0,1.0
ARCUY2              ,組   ,1.0,1.0
MCJVY2              ,組   ,1.0,1.0
LWT001              ,各   ,1.0,1.0
1XHWUAZCA           ,組   ,1.0,1.0
FA002               ,組   ,1.0,1.0
BB900               ,張   ,1.0,1.0
BB906               ,張   ,1.0,1.0
BB1361              ,張   ,1.0,1.0
2XAW6HQE            ,各   ,1.0,1.0
2XAW8H              ,各   ,1.0,1.0
HY662               ,組   ,1.0,1.0
05AYW5TA1E2         ,組   ,1.0,1.0
FORTISTA1E2         ,組   ,1.0,1.0
04WISHTA1E2         ,組   ,1.0,1.0
KICKS1.818          ,組   ,1.0,1.0
HY655               ,組   ,1.0,1.0
01ALTISTA1E2        ,組   ,1.0,1.0
AYW2TA1E2           ,組   ,1.0,1.0
TAA091              ,組   ,1.0,1.0
ABTE040             ,組   ,1.0,1.0
GPSMINUJV           ,次   ,1.0,1.0
32G                 ,張   ,1.0,1.0
32G                 ,各   ,1.0,1.0
4RR2F               ,各   ,1.0,1.0
XXFMT               ,各   ,1.0,1.0
J00357              ,支   ,1.0,1.0
J00342              ,支   ,1.0,1.0
ZERO14VRMG          ,支   ,1.0,1.0
ZEROVRMG28          ,支   ,1.0,1.0
J00348              ,支   ,1.0,1.0
ZEROFV1UUR          ,罐   ,1.0,1.0
YH370FES2XEN        ,組   ,1.0,1.0
ZEROVRMG24          ,支   ,1.0,1.0
J00346              ,支   ,1.0,1.0
ERC2XZVQU           ,罐   ,1.0,1.0
YH680               ,組   ,1.0,1.0
ZEROVRMG16          ,支   ,1.0,1.0
ZEROVRMG19          ,支   ,1.0,1.0
ZEROVRMG21H         ,支   ,1.0,1.0
ZEROVRMG22G         ,支   ,1.0,1.0
SENFINECOQUYSU      ,罐   ,1.0,1.0
SENFINECOCUFFVR     ,罐   ,1.0,1.0
GOLF5MMG            ,組   ,1.0,1.0
TIGUA5MMG           ,組   ,1.0,1.0
ZEROAMN+RFC         ,罐   ,1.0,1.0
ZERORFFVR           ,罐   ,1.0,1.0
UX02XZVQU           ,罐   ,1.0,1.0
EY                  ,次   ,1.0,1.0
V2V1JFMT            ,組   ,1.0,1.0
EXXQUW20            ,組   ,1.0,1.0
H1255W              ,各   ,1.0,1.0
ZXQH12Q             ,各   ,1.0,1.0
ZJTUA               ,罐   ,1.0,1.0
AMN                 ,罐   ,1.0,1.0
1VNV                ,各   ,1.0,1.0
BGWGE               ,支   ,1.0,1.0
12FVRU5XR           ,冠   ,1.0,1.0
12FVRU5XR           ,罐   ,1.0,1.0
GVE1.12             ,各   ,1.0,1.0
G204GVR             ,罐   ,1.0,1.0
GVFV                ,次   ,1.0,1.0
CLA250FQCE          ,組   ,1.0,1.0
AL5003              ,組   ,1.0,1.0
H75RY               ,各   ,1.0,1.0
FA005               ,各   ,1.0,1.0
HK906               ,組   ,1.0,1.0
HK916               ,組   ,1.0,1.0
ABRO2QR             ,罐   ,1.0,1.0
CHY1688             ,組   ,1.0,1.0
2QG                 ,罐   ,1.0,1.0
SAXO1040            ,罐   ,1.0,1.0
S5RM7FMT            ,組   ,1.0,1.0
WISH2E              ,組   ,1.0,1.0
12VA2-              ,各   ,1.0,1.0
3D1F1               ,支   ,1.0,1.0
9212Q               ,各   ,1.0,1.0
2TVUGJG             ,組   ,1.0,1.0
MTVGJ2TXW           ,組   ,1.0,1.0
ZN5RJV              ,次   ,1.0,1.0
GN007J2WV           ,隻   ,1.0,1.0
10HJV5R             ,組   ,1.0,1.0
W15ZX5R             ,組   ,1.0,1.0
TURBOH11            ,組   ,1.0,1.0
RSENH72HY           ,組   ,1.0,1.0
SAAXR2              ,組   ,1.0,1.0
YARISFMT            ,組   ,1.0,1.0
GARMIN57JV          ,次   ,1.0,1.0
ERQ55D23L2Q         ,各   ,1.0,1.0
TST120EUX1          ,組   ,1.0,1.0
2TX23UJX            ,組   ,1.0,1.0
2TX23UDB            ,組   ,1.0,1.0
1MT5D               ,組   ,1.0,1.0
LD9GPS              ,組   ,1.0,1.0
PNSBKF40B           ,組   ,1.0,1.0
WF0306TW            ,組   ,1.0,1.0
KNOSR               ,片   ,1.0,1.0
HY898               ,組   ,1.0,1.0
WF0305XD            ,組   ,1.0,1.0
WF0307NDTY          ,組   ,1.0,1.0
3D5U1               ,組   ,1.0,1.0
PNSTPC004           ,組   ,1.0,1.0
PNSTPC001           ,組   ,1.0,1.0
99XGTA1E2           ,組   ,1.0,1.0
SJ911R2W            ,組   ,1.0,1.0
V1051RUQ            ,組   ,1.0,1.0
LY707YQW1           ,組   ,1.0,1.0
PE53GV1W            ,組   ,1.0,1.0
TC6691XDTY          ,組   ,1.0,1.0
TC6683NDTY          ,組   ,1.0,1.0
TC668652XDTY        ,組   ,1.0,1.0
Z2FX1               ,組   ,1.0,1.0
CD5U1               ,組   ,1.0,1.0
KR10ZVQW2L          ,條   ,1.0,1.0
GPS9389HNF          ,組   ,1.0,1.0
TYPERH11CR2Q        ,組   ,1.0,1.0
ABRO5XX             ,冠   ,1.0,1.0
ABRO5XX             ,罐   ,1.0,1.0
CREQX               ,罐   ,1.0,1.0
RSENMGR             ,罐   ,1.0,1.0
RSEND48000K         ,各   ,1.0,1.0
RSEN02F             ,各   ,1.0,1.0
PNST0332G           ,各   ,1.0,1.0
NB5W50TU            ,罐   ,1.0,1.0
06TIDA5MW2          ,組   ,1.0,1.0
ID6HZUX1            ,組   ,1.0,1.0
6H2EF               ,各   ,1.0,1.0
PNSF6037TY          ,組   ,1.0,1.0
ECC9922TBCR         ,罐   ,1.0,1.0
PNSSUN10            ,組   ,1.0,1.0
PNSSCUPUZ1          ,組   ,1.0,1.0
PNSDS001            ,組   ,1.0,1.0
RSEN61              ,條   ,1.0,1.0
04WISHFMT           ,組   ,1.0,1.0
DC021MVWU1          ,各   ,1.0,1.0
BR168FVWU1          ,組   ,1.0,1.0
AGXY2               ,組   ,1.0,1.0
1MT5E               ,組   ,1.0,1.0
KA1136PDAR          ,組   ,1.0,1.0
G14.5BA9S           ,各   ,1.0,1.0
V3910BGWFZ2         ,各   ,1.0,1.0
RSEND26000K         ,各   ,1.0,1.0
01XGCGRQR           ,片   ,1.0,1.0
RV81CGR2T           ,各   ,1.0,1.0
RSEB18BEMG          ,支   ,1.0,1.0
RSENBEMG20          ,支   ,1.0,1.0
XFXJALTIS           ,各   ,1.0,1.0
GVXJ                ,組   ,1.0,1.0
RSENH78000K         ,各   ,1.0,1.0
15AY24QFMT          ,組   ,1.0,1.0
PS253F25U           ,組   ,1.0,1.0
DA0FCW              ,組   ,1.0,1.0
SAMGR               ,罐   ,1.0,1.0
HA40VMT             ,組   ,1.0,1.0
GV2Q                ,各   ,1.0,1.0
2V2Q                ,各   ,1.0,1.0
RSEND1S8000K        ,各   ,1.0,1.0
UJGY                ,各   ,1.0,1.0
VBDV1XCA            ,各   ,1.0,1.0
SJ38AW              ,組   ,1.0,1.0
AL578USB            ,組   ,1.0,1.0
O011D2AW5           ,張   ,1.0,1.0
2UVG                ,罐   ,1.0,1.0
FUVE                ,各   ,1.0,1.0
05CRVFMT            ,組   ,1.0,1.0
N12                 ,組   ,1.0,1.0
ZERORURAMN          ,罐   ,1.0,1.0
RV2CRW              ,組   ,1.0,1.0
ZV5G539HNF          ,組   ,1.0,1.0
ZINGO5MW2           ,組   ,1.0,1.0
G18.52Q             ,各   ,1.0,1.0
RSENH42TY           ,組   ,1.0,1.0
RSEN90058000K       ,各   ,1.0,1.0
SP702               ,罐   ,1.0,1.0
ZV5F53HNF           ,組   ,1.0,1.0
1W                  ,組   ,1.0,1.0
IDRH6T              ,組   ,1.0,1.0
ID6.5KZUX1          ,組   ,1.0,1.0
IDRH6.5T            ,組   ,1.0,1.0
IDRH6K              ,組   ,1.0,1.0
IDRH6.5K            ,組   ,1.0,1.0
52UDTY              ,組   ,1.0,1.0
C13.12UTY           ,組   ,1.0,1.0
2MT                 ,各   ,1.0,1.0
XGNRRLC             ,組   ,1.0,1.0
XGZG2Y              ,組   ,1.0,1.0
NISSIONYQU          ,罐   ,1.0,1.0
CD-8068USB5R        ,組   ,1.0,1.0
RX15W40RU           ,罐   ,1.0,1.0
CARGTUV             ,罐   ,1.0,1.0
106USB6.1A          ,組   ,1.0,1.0
90052Q              ,各   ,1.0,1.0
T10552              ,各   ,1.0,1.0
CARDIOCA700.1A      ,組   ,1.0,1.0
XRG5UY              ,組   ,1.0,1.0
GN152EF             ,組   ,1.0,1.0
PNSHXT205F          ,組   ,1.0,1.0
PNS-2130            ,組   ,1.0,1.0
PNS2156             ,組   ,1.0,1.0
PNSHG305            ,組   ,1.0,1.0
PNSHD303            ,組   ,1.0,1.0
PNSHXT303           ,組   ,1.0,1.0
FITDFV              ,各   ,1.0,1.0
FITRUV              ,各   ,1.0,1.0
ABROQGUR            ,罐   ,1.0,1.0
ELANTRAGTDE         ,組   ,1.0,1.0
SF1254H75RT         ,組   ,1.0,1.0
CHY3282FR           ,組   ,1.0,1.0
52XCA               ,各   ,1.0,1.0
6H2XCA              ,各   ,1.0,1.0
6H2XAW              ,組   ,1.0,1.0
5HSWGQE             ,組   ,1.0,1.0
6HSDGQE             ,組   ,1.0,1.0
8H2XAW              ,組   ,1.0,1.0
ABROUFFVR           ,罐   ,1.0,1.0
36MMGS2             ,各   ,1.0,1.0
S28WGDE             ,組   ,1.0,1.0
5HMVGXCA            ,各   ,1.0,1.0
6HMVGXCA            ,各   ,1.0,1.0
KY1055LED5A2        ,各   ,1.0,1.0
ABRO1UFRR           ,罐   ,1.0,1.0
NO77VTZVR           ,罐   ,1.0,1.0
JKS58ZVDE           ,組   ,1.0,1.0
HK915X1             ,組   ,1.0,1.0
ABROQA1UFRR         ,組   ,1.0,1.0
S283WGG5V           ,組   ,1.0,1.0
41MMGS2             ,各   ,1.0,1.0
FQF5                ,各   ,1.0,1.0
TW123GAVTW          ,組   ,1.0,1.0
HK910DDUX1          ,組   ,1.0,1.0
HK902DUX1           ,組   ,1.0,1.0
HK800JGX1           ,組   ,1.0,1.0
HK839CBX1           ,組   ,1.0,1.0
LW-T001WWU1         ,組   ,1.0,1.0
992W                ,組   ,1.0,1.0
1MY2F               ,組   ,1.0,1.0
1MY2C               ,組   ,1.0,1.0
H1135W22Q           ,各   ,1.0,1.0
H11OSARM2Q          ,各   ,1.0,1.0
MP35CG              ,組   ,1.0,1.0
H3OSRAM2Q           ,各   ,1.0,1.0
H4OSRAM2Q           ,各   ,1.0,1.0
RSEN7H2G            ,組   ,1.0,1.0
RSEN102G            ,組   ,1.0,1.0
E0202512V51101UF    ,組   ,1.0,1.0
82VA5MMG            ,組   ,1.0,1.0
V81GUVTRXFC         ,組   ,1.0,1.0
V81GUVTRXFF         ,組   ,1.0,1.0
E5NRRV              ,組   ,1.0,1.0
08VIOSTA1E2         ,組   ,1.0,1.0
X2G0N               ,組   ,1.0,1.0
VTGDRGE             ,組   ,1.0,1.0
PNSHG03             ,組   ,1.0,1.0
PNS07HD69           ,組   ,1.0,1.0
PNSSUN007           ,組   ,1.0,1.0
PNSSUN001           ,組   ,1.0,1.0
PNSS25              ,組   ,1.0,1.0
504                 ,組   ,1.0,1.0
V81VTRXF            ,組   ,1.0,1.0
ERQ602Q             ,各   ,1.0,1.0
WF602Q              ,各   ,1.0,1.0
19RAV4QCE           ,組   ,1.0,1.0
YI280ZVR            ,組   ,1.0,1.0
UZ2ES5JR            ,組   ,1.0,1.0
PC6233RVWUR         ,組   ,1.0,1.0
NOID0118SND         ,組   ,1.0,1.0
NOID24GS2           ,組   ,1.0,1.0
ZV5Q5VTRXF          ,組   ,1.0,1.0
UX0GVR              ,罐   ,1.0,1.0
2TVUJE              ,組   ,1.0,1.0
2TVUSD              ,組   ,1.0,1.0
SAXO5W50            ,罐   ,1.0,1.0
17CRV1E2            ,組   ,1.0,1.0
ID12H52U            ,組   ,1.0,1.0
AV5VC               ,組   ,1.0,1.0
VTRXFV              ,組   ,1.0,1.0
FY2T2R              ,組   ,1.0,1.0
LD9VTRXF            ,組   ,1.0,1.0
LD7GVVTRXF          ,組   ,1.0,1.0
LD72UVTRXF          ,組   ,1.0,1.0
LD7CRW              ,組   ,1.0,1.0
VTRXF2MV            ,組   ,1.0,1.0
V1                  ,組   ,1.0,1.0
CK7005R             ,組   ,1.0,1.0
ERJGNTWISTN         ,組   ,1.0,1.0
JK60ZQW             ,組   ,1.0,1.0
PNSS27              ,組   ,1.0,1.0
PNSCS001            ,組   ,1.0,1.0
T15MU               ,卡   ,1.0,1.0
PNSF404             ,組   ,1.0,1.0
PNSF405             ,組   ,1.0,1.0
PNSSUN07            ,組   ,1.0,1.0
PNSSUN08            ,組   ,1.0,1.0
PNSSUN05            ,組   ,1.0,1.0
PNSXP058            ,組   ,1.0,1.0
PNSHUDL2            ,組   ,1.0,1.0
PNSSB22             ,組   ,1.0,1.0
TAA095              ,組   ,1.0,1.0
A094                ,條   ,1.0,1.0
A095                ,條   ,1.0,1.0
TAA089              ,組   ,1.0,1.0
TAA090              ,組   ,1.0,1.0
NB1040              ,罐   ,1.0,1.0
SF1014              ,卡   ,1.0,1.0
VBDC1XWU            ,罐   ,1.0,1.0
TYPER9005           ,組   ,1.0,1.0
PS254               ,卡   ,1.0,1.0
GXYGUX              ,罐   ,1.0,1.0
VBDVATX             ,罐   ,1.0,1.0
VBDAMMGR            ,罐   ,1.0,1.0
LY328GSR            ,各   ,1.0,1.0
1XD2                ,組   ,1.0,1.0
CR20162T            ,各   ,1.0,1.0
CR20252T            ,各   ,1.0,1.0
CR20322T            ,各   ,1.0,1.0
1XD2CAG             ,組   ,1.0,1.0
23A2T               ,各   ,1.0,1.0
27A2T               ,各   ,1.0,1.0
1XE251CM            ,組   ,1.0,1.0
1MVXTT5             ,組   ,1.0,1.0
1MVXTT5XL           ,組   ,1.0,1.0
1XE28H              ,組   ,1.0,1.0
GN335VXRJY          ,組   ,1.0,1.0
WDR201VTRXF         ,組   ,1.0,1.0
13ALTISCVN          ,各   ,1.0,1.0
RWFVR               ,罐   ,1.0,1.0
TYPERH7CR2Q         ,組   ,1.0,1.0
ABTE027             ,組   ,1.0,1.0
SF22R               ,各   ,1.0,1.0
10AYW3CGR           ,組   ,1.0,1.0
RSENHID5RF          ,各   ,1.0,1.0
GNFMT               ,組   ,1.0,1.0
GV5XJ               ,片   ,1.0,1.0
LEDGS2VWG           ,組   ,1.0,1.0
LC3.1USB2U1         ,組   ,1.0,1.0
XQRAION             ,組   ,1.0,1.0
12CRV5MMG           ,組   ,1.0,1.0
RSENH76000K         ,各   ,1.0,1.0
KH911A2             ,組   ,1.0,1.0
G100A2              ,組   ,1.0,1.0
FI345AW             ,組   ,1.0,1.0
JK40USBDT           ,組   ,1.0,1.0
JK40W2USBDT         ,組   ,1.0,1.0
KY323RGEY2          ,組   ,1.0,1.0
RSENX1              ,組   ,1.0,1.0
VBDUMN              ,冠   ,1.0,1.0
VBDUMN              ,罐   ,1.0,1.0
MISSIONCVT          ,罐   ,1.0,1.0
99R1GX              ,罐   ,1.0,1.0
VBDVTR              ,罐   ,1.0,1.0
CW2                 ,組   ,1.0,1.0
BW2                 ,條   ,1.0,1.0
S17RXTV1            ,跳   ,1.0,1.0
S17RXTV1            ,條   ,1.0,1.0
6BCA                ,包   ,1.0,1.0
PNSHGK06            ,組   ,1.0,1.0
NOID12R             ,組   ,1.0,1.0
ZV5X8D              ,組   ,1.0,1.0
VBDGVR              ,罐   ,1.0,1.0
POSEN18H            ,組   ,1.0,1.0
POSEN16H            ,組   ,1.0,1.0
POSEN20H            ,組   ,1.0,1.0
POSEN22H            ,組   ,1.0,1.0
2DR                 ,各   ,1.0,1.0
VINA225XR           ,組   ,1.0,1.0
JX2Y                ,組   ,1.0,1.0
V189005             ,組   ,1.0,1.0
J00350CMG           ,支   ,1.0,1.0
RSEND28000K         ,各   ,1.0,1.0
RSENZVQ             ,支   ,1.0,1.0
CRV+4CVP55R         ,組   ,1.0,1.0
08ALTISFMT          ,組   ,1.0,1.0
902XDFMT            ,組   ,1.0,1.0
180FMT              ,組   ,1.0,1.0
01ALTISFMT          ,組   ,1.0,1.0
XA                  ,次   ,1.0,1.0
YH368FDS2XEN        ,組   ,1.0,1.0
SENFINECOGV5XR      ,罐   ,1.0,1.0
SENFINCEODFFRR      ,罐   ,1.0,1.0
SENFINCEOXFZVFRR    ,罐   ,1.0,1.0
08ALTISTA1E2        ,組   ,1.0,1.0
TAA065FY            ,組   ,1.0,1.0
RFLN01Q5XN          ,組   ,1.0,1.0
3DCVZTW2            ,各   ,1.0,1.0
3M2CM               ,捲   ,1.0,1.0
AH59ZVQW            ,條   ,1.0,1.0
2TXWJX              ,組   ,1.0,1.0
CS3008XU5R          ,組   ,1.0,1.0
ID475D2R            ,組   ,1.0,1.0
X1V                 ,尺   ,1.0,1.0
EX0085JC            ,組   ,1.0,1.0
TN20T12U            ,組   ,1.0,1.0
ID300K5252U         ,組   ,1.0,1.0
ID6HW5              ,組   ,1.0,1.0
AV5F2               ,組   ,1.0,1.0
1VNY                ,各   ,1.0,1.0
4AWCYW              ,各   ,1.0,1.0
AVVCV4.5M           ,條   ,1.0,1.0
A9UU2               ,各   ,1.0,1.0
N2G2YX1             ,組   ,1.0,1.0
CYJW5               ,組\  ,1.0,1.0
CYJW5               ,各   ,1.0,1.0
JXUVE               ,各   ,1.0,1.0
3DVXT5U1            ,各   ,1.0,1.0
CU2TV               ,各   ,1.0,1.0
CU2M1VX             ,各   ,1.0,1.0
CU22XR              ,組   ,1.0,1.0
CU2VXR              ,各   ,1.0,1.0
XCRVXR              ,組   ,1.0,1.0
GARMIN530VTRXF      ,組   ,1.0,1.0
AXJ                 ,罐   ,1.0,1.0
13ALTISTA1E2        ,組   ,1.0,1.0
RSENH112TY          ,組   ,1.0,1.0
07EAX5MW2           ,組   ,1.0,1.0
3032YXFTDF          ,次   ,1.0,1.0
RSENBEMG14          ,支   ,1.0,1.0
RSENBEMG16          ,支   ,1.0,1.0
RSEMBEMG18          ,支   ,1.0,1.0
RSENBEMG22          ,支   ,1.0,1.0
RSENBEMG24H         ,支   ,1.0,1.0
RSENBEMG26H         ,支   ,1.0,1.0
18KICKSTA1E2        ,組   ,1.0,1.0
08ALTIS5MW2         ,組   ,1.0,1.0
AH62CCZVQ           ,條   ,1.0,1.0
CUWRV15             ,各   ,1.0,1.0
12EAX5MW2           ,組   ,1.0,1.0
VBDC1MGR2000ML      ,罐   ,1.0,1.0
TYPERH4T1E          ,組   ,1.0,1.0
IN362835GS2         ,卡   ,1.0,1.0
05AYW3F1E           ,組   ,1.0,1.0
05AY23F1EWZJ        ,組   ,1.0,1.0
05AY23GV            ,組   ,1.0,1.0
GN119WFQW2L         ,條   ,1.0,1.0
GN119WFQW3L         ,條   ,1.0,1.0
VXTWAF5             ,組   ,1.0,1.0
2UFY4.8A            ,組   ,1.0,1.0
LHR983T2VXR         ,組   ,1.0,1.0
12ELANTRAFMTNQ      ,組   ,1.0,1.0
SIENTAFMT           ,組   ,1.0,1.0
RSENUG24HMG         ,支   ,1.0,1.0
RSENGR16R           ,組   ,1.0,1.0
APPWWVGF            ,組   ,1.0,1.0
OBT2FHWWVGF         ,組   ,1.0,1.0
RSENGR31MM          ,卡   ,1.0,1.0
RSENGR6SMD          ,組   ,1.0,1.0
NOIDNRMG14          ,支   ,1.0,1.0
NOIDNRMG16          ,支   ,1.0,1.0
NOIDNRMG18          ,支   ,1.0,1.0
NOIDNRMG20          ,組   ,1.0,1.0
NOIDNRMG22          ,支   ,1.0,1.0
NOIDNRMG24          ,支   ,1.0,1.0
NOIDNRMG26          ,支   ,1.0,1.0
NOIDNRMG28          ,支   ,1.0,1.0
14LEXUS5MMG24+16    ,組   ,1.0,1.0
15LEXUSRX5MMG       ,組   ,1.0,1.0
OM1882Y             ,組   ,1.0,1.0
RSENZVQZMOMO        ,支   ,1.0,1.0
HDR2UVTRXF          ,組   ,1.0,1.0
GTRGVVTRXF          ,組   ,1.0,1.0
TGRGUVTRXF          ,組   ,1.0,1.0
ZEZVQ               ,支   ,1.0,1.0
JM921URC            ,各   ,1.0,1.0
RSEN0F2D            ,各   ,1.0,1.0
X1E                 ,各   ,1.0,1.0
2VCQ2Q              ,各   ,1.0,1.0
AFL5050FH           ,條   ,1.0,1.0
10WISHTA1E2         ,組   ,1.0,1.0
VR1RUV              ,各   ,1.0,1.0
ESCAPE22YPCUCR      ,各   ,1.0,1.0
3DWMZGT2085         ,各   ,1.0,1.0
3DWMZGHJL           ,各   ,1.0,1.0
AFLS180JV2          ,組   ,1.0,1.0
07EAXCXQ            ,組   ,1.0,1.0
12ELENLA2XFMT       ,組   ,1.0,1.0
AYW3DFV             ,各   ,1.0,1.0
NRW2                ,各   ,1.0,1.0
W8542YG5            ,組   ,1.0,1.0
G25UCSZ             ,組   ,1.0,1.0
DVR212GUVTRXF       ,組   ,1.0,1.0
CROSSTA1E2          ,組   ,1.0,1.0
20VR1TA1E2          ,組   ,1.0,1.0
19AY23TA1E2         ,組   ,1.0,1.0
ZEROVRMG18          ,支   ,1.0,1.0
ZEROVRMG20          ,支   ,1.0,1.0
X1V                 ,米   ,1.0,1.0
XGRUV               ,各   ,1.0,1.0
WGXMODELXTA1E2      ,組   ,1.0,1.0
CHEERS1540RU        ,罐   ,1.0,1.0
SF0028A1D           ,組   ,1.0,1.0
CS376USB5R          ,組   ,1.0,1.0
16322T              ,各   ,1.0,1.0
A14LEDJ2            ,各   ,1.0,1.0
NO77CVWVG           ,罐   ,1.0,1.0
EVEW2               ,組   ,1.0,1.0
KY359FE             ,各   ,1.0,1.0
XVUV                ,各   ,1.0,1.0
XVDFV               ,各   ,1.0,1.0
ALTISDFV            ,各   ,1.0,1.0
G2DE                ,各   ,1.0,1.0
2XGW                ,卷   ,1.0,1.0
VYRXFVQ             ,各   ,1.0,1.0
7003J25R            ,組   ,1.0,1.0
NXYRX               ,罐   ,1.0,1.0
GN7440T20           ,組   ,1.0,1.0
W2XEUA              ,各   ,1.0,1.0
89VUQZVQW           ,條   ,1.0,1.0
M115RLED            ,組   ,1.0,1.0
ANFS150JV2          ,組   ,1.0,1.0
AFLS150JV2          ,組   ,1.0,1.0
CUJ5                ,各   ,1.0,1.0
H355W2Q             ,各   ,1.0,1.0
CNQD                ,組   ,1.0,1.0
VBD1WFRR            ,罐   ,1.0,1.0
VBD2XCA             ,包   ,1.0,1.0
A740VTRXF           ,組   ,1.0,1.0
PNSE013             ,組   ,1.0,1.0
DAY2F               ,各   ,1.0,1.0
A15BV2              ,各   ,1.0,1.0
500APRTV            ,組   ,1.0,1.0
5E2Q                ,組   ,1.0,1.0
GXGFR2              ,組   ,1.0,1.0
FR2GUG              ,組   ,1.0,1.0
X1VY                ,組   ,1.0,1.0
KSTAR246CMG         ,支   ,1.0,1.0
PNSHGK01U1ED        ,組   ,1.0,1.0
LY520CGR            ,組   ,1.0,1.0
VBDVRW1CR           ,罐   ,1.0,1.0
8852T2R             ,組   ,1.0,1.0
SANTFEXFXJ          ,各   ,1.0,1.0
RSENS25352VR        ,組   ,1.0,1.0
RSENT53SMD          ,卡   ,1.0,1.0
7231HEMGXE          ,組   ,1.0,1.0
7231HEMGAW          ,組   ,1.0,1.0
SF0047              ,組   ,1.0,1.0
PNSCP280P           ,YJ3 ,1.0,1.0
PNSCP280P           ,組   ,1.0,1.0
S24VTRXF            ,組   ,1.0,1.0
510Z2F              ,組   ,1.0,1.0
T4FMT               ,組   ,1.0,1.0
DAYL60XU2           ,yj3 ,1.0,1.0
DAYL60XU2           ,組   ,1.0,1.0
RSENT104014242      ,組   ,1.0,1.0
CRYXX               ,罐   ,1.0,1.0
EWXLEDXU            ,組   ,1.0,1.0
ABTE021             ,組   ,1.0,1.0
39MMGS2             ,各   ,1.0,1.0
DUWU5HF             ,組   ,1.0,1.0
05H165R             ,組   ,1.0,1.0
VIOS05H165R         ,組   ,1.0,1.0
T20GV2Q             ,各   ,1.0,1.0
K83DEXXDFV          ,各   ,1.0,1.0
T15303015W          ,卡   ,1.0,1.0
2782VZXW            ,各   ,1.0,1.0
09YARISXXQ          ,各   ,1.0,1.0
YARISDFV            ,各   ,1.0,1.0
ACDELCO2QFRR        ,罐   ,1.0,1.0
5Y5VTRXF            ,組   ,1.0,1.0
90122Q              ,各   ,1.0,1.0
ZXQH4CR2Q           ,各   ,1.0,1.0
XERUR               ,罐   ,1.0,1.0
ERQ402Q             ,各   ,1.0,1.0
PNSHDS01RTGRR       ,各   ,1.0,1.0
RX1VG1              ,條   ,1.0,1.0
R2FVW               ,條   ,1.0,1.0
Z15RTGUVTRXF        ,組   ,1.0,1.0
TYPER9005T1E        ,組   ,1.0,1.0
NOQ03VG             ,罐   ,1.0,1.0
CLA45CVZFE          ,組   ,1.0,1.0
GV.E2Q              ,各   ,1.0,1.0
BGGGE               ,各   ,1.0,1.0
R2GTW1              ,各   ,1.0,1.0
G255630GV2Q         ,組   ,1.0,1.0
FRPNS8MXR2F         ,組   ,1.0,1.0
VZVW                ,組   ,1.0,1.0
AVVW                ,組   ,1.0,1.0
VIOSFMT             ,組   ,1.0,1.0
VIOSDFV             ,組   ,1.0,1.0
ABROTA1CQX          ,罐   ,1.0,1.0
EAXC2E              ,組   ,1.0,1.0
XW2J                ,次   ,1.0,1.0
ID8H52UU            ,組   ,1.0,1.0
CLA250CZFE2E        ,次   ,1.0,1.0
V05822CMR           ,冠   ,1.0,1.0
V05822CMR           ,罐   ,1.0,1.0
08ALTISDFV          ,各   ,1.0,1.0
SONY12005R          ,組   ,1.0,1.0
T105630MU           ,組   ,1.0,1.0
3PLEDR2F            ,組   ,1.0,1.0
VBD1UFRR            ,罐   ,1.0,1.0
H16059H5R           ,組   ,1.0,1.0
09IS250TA1E2        ,組   ,1.0,1.0
ABTA091CVZQ         ,YJ3 ,1.0,1.0
ABTA091CVZQ         ,組   ,1.0,1.0
02EAXXFXJ           ,各   ,1.0,1.0
TYPERH3CR2Q         ,組   ,1.0,1.0
G15T1E2Q            ,卡   ,1.0,1.0
ZV5Q1VTRXF          ,組   ,1.0,1.0
GREUW               ,組   ,1.0,1.0
CARMATGTU2          ,罐   ,1.0,1.0
ABROZVQU            ,罐   ,1.0,1.0
RSENH4600K          ,各   ,1.0,1.0
RSEND44300K         ,各   ,1.0,1.0
Z8RTVTRXF           ,組   ,1.0,1.0
SAXOQUYFRR          ,罐   ,1.0,1.0
RSENC1XWU           ,罐   ,1.0,1.0
R1GEX               ,罐   ,1.0,1.0
3MGAR8*33           ,捲   ,1.0,1.0
VBDSAA1X            ,罐   ,1.0,1.0
USBW                ,條   ,1.0,1.0
AB335VTF            ,組   ,1.0,1.0
302DTV              ,組   ,1.0,1.0
9080GAR             ,張   ,1.0,1.0
07RWC2D             ,各   ,1.0,1.0
H15222Q             ,各   ,1.0,1.0
WISHUV              ,各   ,1.0,1.0
ABTA090DAJU         ,組   ,1.0,1.0
20RAV4U2QCE         ,組   ,1.0,1.0
PMSJW220R2UG        ,組   ,1.0,1.0
ABTA0392E2R         ,組   ,1.0,1.0
V2008CGR            ,各   ,1.0,1.0
JVVG                ,組   ,1.0,1.0
LK1VTRXF            ,組   ,1.0,1.0
A12XDIYGW           ,組   ,1.0,1.0
06FCOUS5MMG         ,組   ,1.0,1.0
PNSDS002WVJUZW      ,組   ,1.0,1.0
PNSHDF23            ,組   ,1.0,1.0
PNSTPC007           ,組   ,1.0,1.0
PNST530             ,組   ,1.0,1.0
PNSE015             ,組   ,1.0,1.0
PNSDSB001           ,組   ,1.0,1.0
TURBOH1LED          ,組   ,1.0,1.0
ABT563FYQD          ,組   ,1.0,1.0
TAE001              ,此   ,1.0,1.0
TAE001              ,組   ,1.0,1.0
Z260VG              ,組   ,1.0,1.0
C1652UVG            ,組   ,1.0,1.0
MIOC570VTRXF        ,組   ,1.0,1.0
R2F                 ,組   ,1.0,1.0
ABROXFFRR           ,罐   ,1.0,1.0
H724V2Q             ,各   ,1.0,1.0
10WISHFMT           ,組   ,1.0,1.0
G1RCVN              ,各   ,1.0,1.0
XG2CVF              ,組   ,1.0,1.0
XGEUVF              ,組   ,1.0,1.0
XGFAWQ              ,組   ,1.0,1.0
XGVX1               ,組   ,1.0,1.0
15ZINGER            ,組   ,1.0,1.0
19VR1FMGBQ          ,組   ,1.0,1.0
60A1VN              ,各   ,1.0,1.0
ID200K52U           ,組   ,1.0,1.0
M1VLY               ,組   ,1.0,1.0
ID5*7X1             ,組   ,1.0,1.0
GE881J22Q           ,各   ,1.0,1.0
VC351ENVTF          ,組   ,1.0,1.0
DH250.9TGGW         ,組   ,1.0,1.0
DH26TGGW            ,組   ,1.0,1.0
JK69FYQD            ,組   ,1.0,1.0
SP5083FY            ,組   ,1.0,1.0
WISH5MT5            ,組   ,1.0,1.0
KYH152QFE           ,各   ,1.0,1.0
KYH15T1E            ,組   ,1.0,1.0
KYH15CR2Q           ,組   ,1.0,1.0
SF3007XF21          ,各   ,1.0,1.0
SF3008UV21          ,各   ,1.0,1.0
C.XXWB              ,罐   ,1.0,1.0
B6002DX.ABH1        ,各   ,1.0,1.0
REYX2AX             ,罐   ,1.0,1.0
MP3NA5CU            ,各   ,1.0,1.0
CWTZVBCR            ,罐   ,1.0,1.0
PS252F25U           ,組   ,1.0,1.0
SF4005WAVQ          ,組   ,1.0,1.0
SF0050              ,組   ,1.0,1.0
SF0049              ,組   ,1.0,1.0
SF0044              ,組   ,1.0,1.0
SF0038              ,組   ,1.0,1.0
SF0036              ,組   ,1.0,1.0
SF0037              ,組   ,1.0,1.0
SF0024              ,組   ,1.0,1.0
VBDXEX              ,罐   ,1.0,1.0
AET20GV             ,各   ,1.0,1.0
RSEND24300K         ,各   ,1.0,1.0
ZW                  ,次   ,1.0,1.0
U7MG                ,組   ,1.0,1.0
KSTAR342MG          ,支   ,1.0,1.0
ABQ0029XW           ,各   ,1.0,1.0
A10BV2              ,各   ,1.0,1.0
1086.1ATY           ,組   ,1.0,1.0
07ALTISNQFMT        ,組   ,1.0,1.0
CHY889N             ,組   ,1.0,1.0
2TXWGJG             ,組   ,1.0,1.0
1997RVNAA2          ,組   ,1.0,1.0
QTVG                ,各   ,1.0,1.0
PNSP1GJG2XA         ,各   ,1.0,1.0
F501TAZQW           ,捲   ,1.0,1.0
05AYW3XW            ,各   ,1.0,1.0
20162T              ,各   ,1.0,1.0
RSENUE14H           ,支   ,1.0,1.0
RSEND46000K         ,各   ,1.0,1.0
A7MVEY2             ,各   ,1.0,1.0
06EAXTA1E2          ,組   ,1.0,1.0
CITYTA1E2           ,組   ,1.0,1.0
CITYFMT             ,組   ,1.0,1.0
20182XD5MW2         ,組   ,1.0,1.0
2UW                 ,組   ,1.0,1.0
NOID36GS2           ,組   ,1.0,1.0
01-08ALTISNQFMT     ,組   ,1.0,1.0
KSTAR348CMG         ,支   ,1.0,1.0
UADMGR              ,罐   ,1.0,1.0
UADVTR              ,罐   ,1.0,1.0
H7OSARM222Q         ,各   ,1.0,1.0
H1T1E2Q             ,組   ,1.0,1.0
PCBCT2B             ,組   ,1.0,1.0
ABT168HWA5W         ,組   ,1.0,1.0
RSENCCQ2W           ,支   ,1.0,1.0
W7160F2E2D          ,組   ,1.0,1.0
J00355CMG           ,支   ,1.0,1.0
593GUSBY            ,組   ,1.0,1.0
5011GUSB            ,組   ,1.0,1.0
1802GRR             ,組   ,1.0,1.0
112PDQC3.0          ,組   ,1.0,1.0
14CITYNQFMT         ,組   ,1.0,1.0
TPMSWSWU5HF         ,組   ,1.0,1.0
CXAZVQAWMA          ,各   ,1.0,1.0
CXAZVQAWC           ,各   ,1.0,1.0
RSENT20352RA2V      ,組   ,1.0,1.0
RSENH118000K        ,各   ,1.0,1.0
0390XW              ,各   ,1.0,1.0
OBLRUR              ,罐   ,1.0,1.0
SWIFEXFXJ           ,各   ,1.0,1.0
SWIFEDFV            ,各   ,1.0,1.0
SWIFERUV            ,各   ,1.0,1.0
CARMATERUR          ,罐   ,1.0,1.0
MISSIONYQU          ,罐   ,1.0,1.0
SONYA1105R          ,組   ,1.0,1.0
ACP300XR            ,各   ,1.0,1.0
PS-2016VTVXJ        ,組   ,1.0,1.0
CROSSQPS01T2R       ,各   ,1.0,1.0
ZW5MHUVEYY          ,各   ,1.0,1.0
A6ZVBV2             ,各   ,1.0,1.0
RSENH73000K2Q       ,各   ,1.0,1.0
SL221WV             ,組   ,1.0,1.0
PS255R2W            ,組   ,1.0,1.0
RSENGVR             ,罐   ,1.0,1.0
NXUR                ,各   ,1.0,1.0
HRADFV              ,各   ,1.0,1.0
HRVTUV              ,各   ,1.0,1.0
SMD60LED            ,各   ,1.0,1.0
RSENH113000K2Q      ,各   ,1.0,1.0
TA2XGW              ,組   ,1.0,1.0
7609QFE             ,組   ,1.0,1.0
1276THDF            ,次   ,1.0,1.0
EXTA1E2             ,各   ,1.0,1.0
PNSS069U11GRR       ,組   ,1.0,1.0
AGRXEWCR5           ,各   ,1.0,1.0
YAMAHAAWTT5         ,組   ,1.0,1.0
CLA250055R          ,組   ,1.0,1.0
TBD1251NVJV         ,次   ,1.0,1.0
CBGCGR              ,各   ,1.0,1.0
14U6NQFMT           ,組   ,1.0,1.0
RSENT104RQ          ,卡   ,1.0,1.0
GXGWV               ,組   ,1.0,1.0
WVXRV               ,條   ,1.0,1.0
2XDC2S1RC           ,各   ,1.0,1.0
2XD2-               ,各   ,1.0,1.0
3MR1CM              ,卷   ,1.0,1.0
UFRV                ,次   ,1.0,1.0
180GNQUW            ,組   ,1.0,1.0
RTZGT5              ,組   ,1.0,1.0
AEGV2Q3157          ,各   ,1.0,1.0
XE2MGG250CC         ,罐   ,1.0,1.0
XE2MGR500           ,罐   ,1.0,1.0
J2WV18CM            ,支   ,1.0,1.0
GN008UVWV           ,各   ,1.0,1.0
ZVQ2Q               ,組   ,1.0,1.0
ZVQSW2310           ,支   ,1.0,1.0
ZVQYMPC             ,支   ,1.0,1.0
ZVQUEC              ,支   ,1.0,1.0
GN1382UWYT          ,組   ,1.0,1.0
S18EVXF1VNY         ,組   ,1.0,1.0
S27TG5RG5RY         ,組   ,1.0,1.0
S16A2T1VNY          ,組   ,1.0,1.0
S16TG1VNY           ,組   ,1.0,1.0
S27CTYZ1VNY         ,組   ,1.0,1.0
S27C-1TG1VNY        ,組   ,1.0,1.0
S27TY213AS1VN       ,組   ,1.0,1.0
S53-1TG1VNY         ,組   ,1.0,1.0
H7EA2T2TY           ,組   ,1.0,1.0
H722WHTY            ,組   ,1.0,1.0
H4WH2RTY            ,組   ,1.0,1.0
H422WHY             ,組   ,1.0,1.0
H422WH2RY           ,組   ,1.0,1.0
YC019DA5RR          ,組   ,1.0,1.0
16U6NQFMT           ,組   ,1.0,1.0
PNSAHY295           ,怎   ,1.0,1.0
PNSAHY295           ,組   ,1.0,1.0
90062Q              ,各   ,1.0,1.0
FXTUAZ              ,組   ,1.0,1.0
PNSENA13            ,組   ,1.0,1.0
ELANTRDFV           ,各   ,1.0,1.0
RSENHIDRAF          ,各   ,1.0,1.0
PNSSFIN0010F2D      ,組   ,1.0,1.0
5SR                 ,各   ,1.0,1.0
PNSP002             ,組   ,1.0,1.0
PNSPB01             ,各   ,1.0,1.0
PNSS24TY            ,組   ,1.0,1.0
ZXDDFV              ,各   ,1.0,1.0
S9WCFMT             ,組   ,1.0,1.0
TG032FR             ,各   ,1.0,1.0
RSCUV               ,各   ,1.0,1.0
R25FQUW             ,組   ,1.0,1.0
UUDFV               ,各   ,1.0,1.0
VUDFV               ,各   ,1.0,1.0
52R                 ,各   ,1.0,1.0
ERQ80D232Q          ,各   ,1.0,1.0
CARAY2T2Y           ,組   ,1.0,1.0
CARMXT2Y            ,組   ,1.0,1.0
CARNXT2Y            ,組   ,1.0,1.0
CARZWT2Y            ,組   ,1.0,1.0
PNSHD97             ,組   ,1.0,1.0
TAA086              ,組   ,1.0,1.0
ABTE035             ,組   ,1.0,1.0
TR51027CX1G         ,組   ,1.0,1.0
VBDG2A              ,各   ,1.0,1.0
VTRXF2T             ,各   ,1.0,1.0
APPUD5D             ,組   ,1.0,1.0
1RQD                ,組   ,1.0,1.0
12VATA1E2           ,組   ,1.0,1.0
PNSS23TY            ,組   ,1.0,1.0
2MV                 ,米   ,1.0,1.0
ID1.52B             ,各   ,1.0,1.0
CAR1012J25R         ,組   ,1.0,1.0
PNSBC800            ,組   ,1.0,1.0
GN757               ,張   ,1.0,1.0
STPRU5XR            ,罐   ,1.0,1.0
XW1E                ,次   ,1.0,1.0
POSE251F25U         ,組   ,1.0,1.0
FCOUSUV             ,各   ,1.0,1.0
RSENH116000K        ,各   ,1.0,1.0
ZWU12               ,組   ,1.0,1.0
T202V2Q             ,各   ,1.0,1.0
A12XGW1CM           ,捲   ,1.0,1.0
2TX2NU              ,組   ,1.0,1.0
2VY                 ,個   ,1.0,1.0
KY330FE             ,組   ,1.0,1.0
GARMIN55GD2C        ,組   ,1.0,1.0
CY908GGTW           ,五   ,1.0,1.0
HY885UTF            ,組   ,1.0,1.0
LD9VTRXFUTV         ,組   ,1.0,1.0
HNFVW               ,條   ,1.0,1.0
PNSHDF20            ,組   ,1.0,1.0
RH47WCRQFE          ,組   ,1.0,1.0
V33GRR              ,組   ,1.0,1.0
2021EAX2.5FMT       ,組   ,1.0,1.0
FAGEUW1.4           ,捲   ,1.0,1.0
VBDTF1              ,條   ,1.0,1.0
SDZGY2              ,組   ,1.0,1.0
3DZGY2              ,組   ,1.0,1.0
SF12501VNY          ,組   ,1.0,1.0
K81JVT2F            ,組   ,1.0,1.0
NCUZAF              ,組   ,1.0,1.0
DEW32               ,各   ,1.0,1.0
12EAXTA1E2          ,組   ,1.0,1.0
HY815XEW5           ,組   ,1.0,1.0
OBROFUR             ,罐   ,1.0,1.0
98RSCGEF            ,組   ,1.0,1.0
ESCAPE2.3DFV        ,各   ,1.0,1.0
PNSHDF16            ,組   ,1.0,1.0
PNSE015GRV          ,組   ,1.0,1.0
ERQ56220            ,各   ,1.0,1.0
BW260CM             ,條   ,1.0,1.0
ZXDFMT              ,組   ,1.0,1.0
ZU                  ,次   ,1.0,1.0
T20Y                ,各   ,1.0,1.0
05AY2FMT            ,組   ,1.0,1.0
5H2XR5Q             ,各   ,1.0,1.0
KY762BV2            ,組   ,1.0,1.0
XWW5                ,組   ,1.0,1.0
3MW5                ,組   ,1.0,1.0
YH1682XEN           ,組   ,1.0,1.0
01XGFMT             ,組   ,1.0,1.0
12WISHNQFMT         ,組   ,1.0,1.0
WF55D23L2Q          ,各   ,1.0,1.0
318R1F              ,組   ,1.0,1.0
YZ618R1F            ,組   ,1.0,1.0
VMT1+C              ,組   ,1.0,1.0
PNS5H2XR            ,組   ,1.0,1.0
22EW2               ,片   ,1.0,1.0
ZEROHUR             ,罐   ,1.0,1.0
LZFR6AICVN          ,各   ,1.0,1.0
ZINGER2C2Y          ,各   ,1.0,1.0
CVNRWFV             ,次   ,1.0,1.0
CVNH5EY             ,次   ,1.0,1.0
ZINGERXXQ           ,組   ,1.0,1.0
K-STAR356MG         ,組   ,1.0,1.0
VBD6HF2CA           ,各   ,1.0,1.0
DAYL60BV2           ,組   ,1.0,1.0
PNST10FHUDF         ,組   ,1.0,1.0
GJGXWCA             ,組   ,1.0,1.0
WISH055R            ,組   ,1.0,1.0
CW08XWFVG           ,組   ,1.0,1.0
VBDEFFVE            ,各   ,1.0,1.0
GRGS2               ,各   ,1.0,1.0
NO771WVG            ,各   ,1.0,1.0
WISH-2              ,組   ,1.0,1.0
V18H11LED           ,組   ,1.0,1.0
RT2Q7A              ,各   ,1.0,1.0
KY228MUX1           ,組   ,1.0,1.0
LD9CRW              ,yj3 ,1.0,1.0
LD9CRW              ,組   ,1.0,1.0
01ALTIS5MW2         ,組   ,1.0,1.0
PNSENA1322          ,各   ,1.0,1.0
GMFWV               ,組   ,1.0,1.0
XY2                 ,各   ,1.0,1.0
RT7A2Q              ,各   ,1.0,1.0
RFD                 ,各   ,1.0,1.0
TYPERH1CR2Q         ,組   ,1.0,1.0
LHR201              ,組   ,1.0,1.0
ABT-390             ,組   ,1.0,1.0
2ALED2W             ,組   ,1.0,1.0
PNSS180             ,組   ,1.0,1.0
VTG                 ,支   ,1.0,1.0
ERQ574H28           ,組   ,1.0,1.0
SF014               ,組   ,1.0,1.0
UU262               ,組   ,1.0,1.0
CARDIU69525R        ,組   ,1.0,1.0
PNSH4LED18W         ,各   ,1.0,1.0
PNSH6LED18W         ,各   ,1.0,1.0
PNSHG01             ,組   ,1.0,1.0
PNSS28C02           ,組   ,1.0,1.0
PNSS29C02           ,組   ,1.0,1.0
PNSHDF19            ,組   ,1.0,1.0
1000APRTV           ,組   ,1.0,1.0
XEV                 ,組   ,1.0,1.0
T09GRR              ,組   ,1.0,1.0
PNSPKM03            ,組   ,1.0,1.0
1GGLCTA1E2          ,組   ,1.0,1.0
9006OSRAM           ,各   ,1.0,1.0
8H2G24V             ,組   ,1.0,1.0
07EAXFMT            ,組   ,1.0,1.0
06AYW3C2Y           ,各   ,1.0,1.0
06AY23CXE           ,各   ,1.0,1.0
GVCQ2Q              ,各   ,1.0,1.0
LY903               ,組   ,1.0,1.0
CWTGXCMR            ,罐   ,1.0,1.0
XP572ZRV            ,組   ,1.0,1.0
LY6025MR            ,組   ,1.0,1.0
ZNTOURAN1E2         ,組   ,1.0,1.0
RSENUE26MG          ,支   ,1.0,1.0
PNSE011             ,組   ,1.0,1.0
PNSE016             ,組   ,1.0,1.0
PNSE014             ,組   ,1.0,1.0
PNSE012             ,組   ,1.0,1.0
ABTE069             ,組   ,1.0,1.0
ABT060              ,組   ,1.0,1.0
ABTE059             ,組   ,1.0,1.0
ABTA069-1           ,組   ,1.0,1.0
AFL-S120-FC         ,組   ,1.0,1.0
ABTD027             ,組   ,1.0,1.0
ABTA106             ,組   ,1.0,1.0
LED6Q2              ,組   ,1.0,1.0
ABTA0401R+GR        ,組   ,1.0,1.0
BGWAY2              ,組   ,1.0,1.0
ABTA044             ,組   ,1.0,1.0
GHA024              ,組   ,1.0,1.0
GHA195              ,組   ,1.0,1.0
GHA308              ,組   ,1.0,1.0
2MR120A             ,組   ,1.0,1.0
TVR                 ,各   ,1.0,1.0
M324LED2            ,組   ,1.0,1.0
LEXUSQ2WQ           ,組   ,1.0,1.0
AH64ZVQW            ,條   ,1.0,1.0
NOID6SND            ,組   ,1.0,1.0
FCGYXN              ,組   ,1.0,1.0
LY902               ,組   ,1.0,1.0
LY601               ,組   ,1.0,1.0
RSENGR36COB         ,組   ,1.0,1.0
HY889               ,組   ,1.0,1.0
ESCAPEXXQ           ,組   ,1.0,1.0
CEUTF               ,各   ,1.0,1.0
LW0972              ,yj3 ,1.0,1.0
R1N                 ,組   ,1.0,1.0
LHR701              ,組   ,1.0,1.0
KY229               ,組   ,1.0,1.0
B516XU1             ,組   ,1.0,1.0
2LZVQ               ,組   ,1.0,1.0
2802FR              ,組   ,1.0,1.0
WU1M                ,各   ,1.0,1.0
AS2FR               ,組   ,1.0,1.0
08ALTISXFXJ         ,各   ,1.0,1.0
QX60CGRQL           ,組   ,1.0,1.0
BCF1616EFDF         ,組   ,1.0,1.0
MS850WJ5HF          ,組   ,1.0,1.0
BCF1616XWT5         ,次   ,1.0,1.0
2J                  ,次   ,1.0,1.0
UD0N                ,組   ,1.0,1.0
BP5ESCVN            ,組   ,1.0,1.0
SF0035AD            ,組   ,1.0,1.0
LEDXG2W             ,組   ,1.0,1.0
LEDXG2W1.5M         ,組   ,1.0,1.0
E5NRR               ,組   ,1.0,1.0
RSEN4.352           ,組   ,1.0,1.0
PNSTK5012LED2       ,組   ,1.0,1.0
8#2MV               ,米   ,1.0,1.0
S5RTA1E2            ,組   ,1.0,1.0
LED3HWG2            ,組   ,1.0,1.0
LEDVUGQ2            ,組   ,1.0,1.0
LEDQ52              ,組   ,1.0,1.0
GTUH1               ,組   ,1.0,1.0
SIENTAZG            ,組   ,1.0,1.0
TYPER90062Q         ,組   ,1.0,1.0
AYW3T20GVY          ,個   ,1.0,1.0
PF154QGW            ,組   ,1.0,1.0
RSEN20ZVQW          ,條   ,1.0,1.0
DIY4BTX             ,組   ,1.0,1.0
GN777R5QD           ,組   ,1.0,1.0
1E2A                ,各   ,1.0,1.0
ABT450FAR           ,組   ,1.0,1.0
5EVTRXFQ5           ,組   ,1.0,1.0
RSENUEMG20H         ,各   ,1.0,1.0
RVH15U              ,組   ,1.0,1.0
6606XCRVXR          ,組   ,1.0,1.0
PNSHTX205VQ         ,組   ,1.0,1.0
153071E2            ,組   ,1.0,1.0
V29GRR              ,組   ,1.0,1.0
WMVXCRT2R           ,組   ,1.0,1.0
ESCORTGV            ,組   ,1.0,1.0
ESCORTXFXJ          ,組   ,1.0,1.0
4#2MW               ,各   ,1.0,1.0
HT32BVT1C           ,罐   ,1.0,1.0
H8222Q              ,各   ,1.0,1.0
TC1208FY2T2R        ,組   ,1.0,1.0
HP10005XEUVTR       ,組   ,1.0,1.0
GV2Y                ,各   ,1.0,1.0
GEJMVG              ,各   ,1.0,1.0
SURF22              ,各   ,1.0,1.0
SUFER2              ,組   ,1.0,1.0
YARISF21X           ,組   ,1.0,1.0
YARISF2EB5          ,組   ,1.0,1.0
HY889Q2CW           ,組   ,1.0,1.0
5ECDV               ,組   ,1.0,1.0
GOLTPLUSFMTNQ       ,組   ,1.0,1.0
ABRORU5XR           ,冠   ,1.0,1.0
ABRORU5XR           ,罐   ,1.0,1.0
05WISHTX            ,組   ,1.0,1.0
C55AWFTR            ,組   ,1.0,1.0
30A1VN              ,各   ,1.0,1.0
GN131ZEW5           ,張   ,1.0,1.0
BCF1616EB5LF        ,組   ,1.0,1.0
2ZVVUV              ,各   ,1.0,1.0
JA25T2GVTF          ,組   ,1.0,1.0
FLS5116G1           ,組   ,1.0,1.0
OB59G1              ,組   ,1.0,1.0
OB617               ,組   ,1.0,1.0
ESCAPETA1E2         ,組   ,1.0,1.0
16G                 ,YJ3 ,1.0,1.0
16G                 ,組   ,1.0,1.0
RW3FQUW             ,組   ,1.0,1.0
HJG4D20WJ2          ,各   ,1.0,1.0
12V1Y2T2R           ,組   ,1.0,1.0
14VR1XFXJ           ,組   ,1.0,1.0
ABROFTDW            ,罐   ,1.0,1.0
SF00112QE2D         ,組   ,1.0,1.0
SF-1038             ,組   ,1.0,1.0
VBDCCTXF            ,支   ,1.0,1.0
ESCAPEGRRF          ,組   ,1.0,1.0
GWE                 ,各   ,1.0,1.0
GWA                 ,各   ,1.0,1.0
AVV1.0              ,條   ,1.0,1.0
RSEN2W              ,組   ,1.0,1.0
ALTISXXQ            ,組   ,1.0,1.0
K16TR11CVN          ,各   ,1.0,1.0
S5RU5XFXJ           ,組   ,1.0,1.0
VIOSCVW2            ,組   ,1.0,1.0
ABTE023V22M         ,組   ,1.0,1.0
TJ632A5W            ,組   ,1.0,1.0
CANBUS02F           ,各   ,1.0,1.0
3DEVTH5U            ,各   ,1.0,1.0
RSEN55ZVQW          ,條   ,1.0,1.0
QRV4QFMT            ,組   ,1.0,1.0
XXQUW               ,組   ,1.0,1.0
F203BFHZG           ,組   ,1.0,1.0
204LEDZG            ,組   ,1.0,1.0
4*4J2               ,各   ,1.0,1.0
ZV5Q5VW             ,條   ,1.0,1.0
RSEN90063000K2Q     ,各   ,1.0,1.0
A11VMLEDJ2          ,各   ,1.0,1.0
A12VMLED2Q          ,各   ,1.0,1.0
UU1G10W2Q           ,組   ,1.0,1.0
DIY1R               ,各   ,1.0,1.0
Q2WW                ,各   ,1.0,1.0
XGDFV               ,各   ,1.0,1.0
2000EXX1.81E2       ,組   ,1.0,1.0
RET5                ,各   ,1.0,1.0
CZ263XRW            ,各   ,1.0,1.0
ALTISCVN            ,各   ,1.0,1.0
XB374RW1            ,組   ,1.0,1.0
GUNKFUR             ,組   ,1.0,1.0
PNSFC01ZAA5         ,各   ,1.0,1.0
PNSDH001GGW         ,組   ,1.0,1.0
AXZ73285GQ2         ,條   ,1.0,1.0
AXZ5GE2X            ,各   ,1.0,1.0
AXZ73285G25X        ,組   ,1.0,1.0
AXZ7328QC5Q2        ,條   ,1.0,1.0
AXZ7328QC25X        ,各   ,1.0,1.0
AXZ7328CVN          ,各   ,1.0,1.0
AXZ7328JQ2          ,條   ,1.0,1.0
AXZ7328EY           ,各   ,1.0,1.0
AXZ7328XFQ2         ,條   ,1.0,1.0
AXZ7328Z2RQ2        ,組   ,1.0,1.0
JA18VTF             ,組   ,1.0,1.0
TYPER52R            ,組   ,1.0,1.0
TYPERH11T1E         ,組   ,1.0,1.0
FOCUSLED2Y          ,各   ,1.0,1.0
1Y2T2R6-12V         ,組   ,1.0,1.0
2VT1E               ,各   ,1.0,1.0
PS301GS2            ,各   ,1.0,1.0
8H2G12V             ,組   ,1.0,1.0
9231-HEXGDFXXF      ,組   ,1.0,1.0
X15U                ,各   ,1.0,1.0
05FCOUSTA1E2        ,組   ,1.0,1.0
ARE2XR              ,yj3 ,1.0,1.0
ARE2XR              ,組   ,1.0,1.0
9H2XA               ,各   ,1.0,1.0
SA6105UX            ,組   ,1.0,1.0
PNSUV84GR2          ,組   ,1.0,1.0
IN312835GS2         ,組   ,1.0,1.0
PNSCT003FTTWTX      ,組   ,1.0,1.0
PNSCT001CTTWTX      ,組   ,1.0,1.0
PNSCT002CTC2HWTX    ,組   ,1.0,1.0
T202VCQ             ,各   ,1.0,1.0
2Q22F               ,各   ,1.0,1.0
08CRVTA1E2          ,組   ,1.0,1.0
3D3136NUWFCU2       ,組   ,1.0,1.0
3D3132ZGY2          ,組   ,1.0,1.0
WF0096NTD           ,組   ,1.0,1.0
C804USBTY           ,組   ,1.0,1.0
SP5089Q5XN          ,組   ,1.0,1.0
YH268FDS2XEN        ,yj3 ,1.0,1.0
D2RJV               ,組   ,1.0,1.0
SANTAFECGR          ,組   ,1.0,1.0
S5RM7TA1E2          ,組   ,1.0,1.0
PL55A5W             ,組   ,1.0,1.0
09011LEDXR2         ,組   ,1.0,1.0
LEDV2Q72W           ,組   ,1.0,1.0
LEDV2Q72WCN         ,YJ3 ,1.0,1.0
LEDV2Q72WCN         ,組   ,1.0,1.0
WUSWJ5HF            ,怎   ,1.0,1.0
WUSWJ5HF            ,組   ,1.0,1.0
PNSSCUPG01          ,組   ,1.0,1.0
PNDHDF17            ,組   ,1.0,1.0
PNSHE02             ,組   ,1.0,1.0
PNSHDF17            ,組   ,1.0,1.0
AL529USBTY          ,組   ,1.0,1.0
WFJA                ,米   ,1.0,1.0
VWDVV1              ,組   ,1.0,1.0
VBDTVGAVTGW         ,組   ,1.0,1.0
UADTVR2TTW          ,組   ,1.0,1.0
UADFTAADZCQW        ,組   ,1.0,1.0
VBDTVGAB1           ,包   ,1.0,1.0
DX0036              ,組   ,1.0,1.0
E00465              ,張   ,1.0,1.0
F00250              ,張   ,1.0,1.0
F00251              ,張   ,1.0,1.0
F00917              ,張   ,1.0,1.0
F01062              ,張   ,1.0,1.0
H00338              ,張   ,1.0,1.0
H00339              ,張   ,1.0,1.0
H00781              ,張   ,1.0,1.0
H00786              ,張   ,1.0,1.0
H00789              ,張   ,1.0,1.0
I00003R             ,各   ,1.0,1.0
I00004R             ,各   ,1.0,1.0
J00117              ,各   ,1.0,1.0
J00118              ,各   ,1.0,1.0
J00259B             ,張   ,1.0,1.0
J00372B             ,張   ,1.0,1.0
K00295              ,張   ,1.0,1.0
K00428              ,張   ,1.0,1.0
K00051B             ,張   ,1.0,1.0
L00051B             ,張   ,1.0,1.0
LE06950             ,張   ,1.0,1.0
M00243              ,張   ,1.0,1.0
M00244              ,張   ,1.0,1.0
M00250              ,張   ,1.0,1.0
O00135              ,組   ,1.0,1.0
O00149              ,組   ,1.0,1.0
R00044              ,捲   ,1.0,1.0
05EAXNQFMT          ,組   ,1.0,1.0
GVE0.9              ,各   ,1.0,1.0
180C5U              ,各   ,1.0,1.0
5MC                 ,組   ,1.0,1.0
T313HCRCAX          ,罐   ,1.0,1.0
C5590WABX           ,罐   ,1.0,1.0
C55GTQFRR           ,罐   ,1.0,1.0
2UY24.8A            ,組   ,1.0,1.0
NO337XRW            ,各   ,1.0,1.0
GN533Q2WW           ,組   ,1.0,1.0
02EAXTA1E2          ,組   ,1.0,1.0
MAVTA1E2            ,組   ,1.0,1.0
UV2M11N             ,組   ,1.0,1.0
RSENBEMG            ,支   ,1.0,1.0
24VGV2Q             ,組   ,1.0,1.0
HY8910FCW           ,組   ,1.0,1.0
08RAV4TA1E2         ,組   ,1.0,1.0
20KUGATA1E2         ,組   ,1.0,1.0
HY887UTF            ,組   ,1.0,1.0
HY886UTW            ,組   ,1.0,1.0
SAS1VNY             ,組   ,1.0,1.0
AS1VNY              ,組   ,1.0,1.0
BGDFV               ,組   ,1.0,1.0
BGFTDFV             ,各   ,1.0,1.0
VUFMT               ,組   ,1.0,1.0
JRR2F               ,各   ,1.0,1.0
PYRAMIDGVFVR        ,罐   ,1.0,1.0
02EAXDFV            ,各   ,1.0,1.0
GA2SFX1             ,組   ,1.0,1.0
AUXV                ,組   ,1.0,1.0
AUXXCTV             ,組   ,1.0,1.0
11SWIFETA1E2        ,組   ,1.0,1.0
24V2V2Q             ,各   ,1.0,1.0
XWEYY               ,組   ,1.0,1.0
H162Q               ,各   ,1.0,1.0
AY25C2D             ,各   ,1.0,1.0
P16V8AT2R           ,組   ,1.0,1.0
CYTQ                ,各   ,1.0,1.0
ABTE021CB           ,組   ,1.0,1.0
ABTB047F22M         ,組   ,1.0,1.0
ABTE047             ,組   ,1.0,1.0
10AY23TA1E2         ,組   ,1.0,1.0
98UEQUW             ,組   ,1.0,1.0
08RAV4FMT           ,組   ,1.0,1.0
VBDQEFRR            ,罐   ,1.0,1.0
PNSLXS001           ,組   ,1.0,1.0
XTRAILA1D           ,組   ,1.0,1.0
CV                  ,米   ,1.0,1.0
AVV                 ,各   ,1.0,1.0
S80004BZQW          ,組   ,1.0,1.0
PNSDBC0251R         ,組   ,1.0,1.0
PNSSCUP04           ,組   ,1.0,1.0
PNSSCUP03           ,組   ,1.0,1.0
PNSHDF26            ,組   ,1.0,1.0
PNSSUNF001          ,組   ,1.0,1.0
PNSSUNF001XL        ,組   ,1.0,1.0
PNS2WBGS2           ,組   ,1.0,1.0
PCBCT2              ,組   ,1.0,1.0
06EAXMG1            ,組   ,1.0,1.0
05TEANACVN          ,各   ,1.0,1.0
05TEANAD-           ,組   ,1.0,1.0
VAXDFV              ,組   ,1.0,1.0
BOSCH95D23L         ,ek4 ,1.0,1.0
BOSCH95D23L         ,各   ,1.0,1.0
W51EFFVR            ,罐   ,1.0,1.0
TNT275D2R           ,組   ,1.0,1.0
PNSSUN006-70        ,組   ,1.0,1.0
HJX030GSR           ,組   ,1.0,1.0
HJX028XR            ,組   ,1.0,1.0
R588DFW5            ,組   ,1.0,1.0
BHW878BGHY          ,組   ,1.0,1.0
DH35MG2EF           ,組   ,1.0,1.0
GHA3442DTY          ,組   ,1.0,1.0
DP009Z22TWW         ,組   ,1.0,1.0
H16OSRAM2Q          ,組   ,1.0,1.0
82VADFV             ,各   ,1.0,1.0
82VAXFXJ            ,組   ,1.0,1.0
D00392              ,張   ,1.0,1.0
E00648              ,張   ,1.0,1.0
E00729              ,張   ,1.0,1.0
E00897              ,張   ,1.0,1.0
E00948              ,張   ,1.0,1.0
E01020              ,張   ,1.0,1.0
E01099              ,張   ,1.0,1.0
F00341B             ,張   ,1.0,1.0
F00440              ,張   ,1.0,1.0
F00453              ,張   ,1.0,1.0
F00456              ,張   ,1.0,1.0
F00523              ,張   ,1.0,1.0
F00539              ,張   ,1.0,1.0
F00788              ,張   ,1.0,1.0
H00342              ,張   ,1.0,1.0
H00677              ,張   ,1.0,1.0
H00688              ,張   ,1.0,1.0
H00689              ,張   ,1.0,1.0
H00799              ,張   ,1.0,1.0
H00800              ,張   ,1.0,1.0
H00844              ,張   ,1.0,1.0
H00847              ,張   ,1.0,1.0
H00861              ,張   ,1.0,1.0
H00867              ,張   ,1.0,1.0
H00868              ,張   ,1.0,1.0
J00384              ,張   ,1.0,1.0
J00386              ,張   ,1.0,1.0
K00133              ,張   ,1.0,1.0
K00172              ,張   ,1.0,1.0
K00173              ,張   ,1.0,1.0
K00372              ,各   ,1.0,1.0
K00374              ,張   ,1.0,1.0
M00111B             ,張   ,1.0,1.0
M00128BL            ,張   ,1.0,1.0
M00247              ,張   ,1.0,1.0
H00347              ,張   ,1.0,1.0
H00352              ,張   ,1.0,1.0
H00372              ,張   ,1.0,1.0
H00377              ,張   ,1.0,1.0
H00501              ,張   ,1.0,1.0
82VAUV              ,各   ,1.0,1.0
HY923W5             ,各   ,1.0,1.0
FORTISDFV           ,各   ,1.0,1.0
ZINGERDFV           ,各   ,1.0,1.0
INNONANQFMT         ,組   ,1.0,1.0
K00370              ,張   ,1.0,1.0
T5I112              ,各   ,1.0,1.0
VBDZJTUQ            ,罐   ,1.0,1.0
TVJ1                ,條   ,1.0,1.0
08RAV45MW2          ,組   ,1.0,1.0
N1QWZ1TR            ,罐   ,1.0,1.0
SIENTA1.8FMT        ,組   ,1.0,1.0
V2IX35QGA2          ,各   ,1.0,1.0
GPSWV               ,條   ,1.0,1.0
LEDRG2              ,組   ,1.0,1.0
XXF21X              ,組   ,1.0,1.0
VWXN                ,各   ,1.0,1.0
KYOROKU530RU        ,罐   ,1.0,1.0
PNSSUN11            ,組   ,1.0,1.0
PNSTK3072-12        ,組   ,1.0,1.0
MVHS125             ,組   ,1.0,1.0
INNOVAQUW           ,組   ,1.0,1.0
A18VJGVTRXF         ,組   ,1.0,1.0
5EM                 ,組   ,1.0,1.0
R1F618              ,組   ,1.0,1.0
BOSCHX1             ,組   ,1.0,1.0
VBDQEYB1UR          ,罐   ,1.0,1.0
055MVTRXF           ,組   ,1.0,1.0
ALTIS1UW            ,組   ,1.0,1.0
CORSSNQFMT          ,組   ,1.0,1.0
HF007TA1Y           ,組   ,1.0,1.0
PNSS17              ,組   ,1.0,1.0
KX212EF             ,組   ,1.0,1.0
GARMINVQR           ,各   ,1.0,1.0
CHY7772FR           ,組   ,1.0,1.0
ABTA089             ,組   ,1.0,1.0
VBDH5YVRG           ,組   ,1.0,1.0
SF029               ,組   ,1.0,1.0
FORTISFMT           ,組   ,1.0,1.0
NO2112GRR           ,組   ,1.0,1.0
H422VY              ,組   ,1.0,1.0
500RTCW             ,組   ,1.0,1.0
BD0907GQW1          ,組   ,1.0,1.0
12ELANTRATA1E2      ,yj3 ,1.0,1.0
12ELANTRATA1E2      ,組   ,1.0,1.0
PNSF410BK12         ,組   ,1.0,1.0
ES122VG             ,組   ,1.0,1.0
INNONACVN           ,各   ,1.0,1.0
QXA-TA1E2           ,組   ,1.0,1.0
2GE                 ,組   ,1.0,1.0
B0905GQQ2W          ,組   ,1.0,1.0
ABR                 ,組   ,1.0,1.0
32CM*33             ,捲   ,1.0,1.0
3MR2CM*33           ,捲   ,1.0,1.0
1A2E                ,組   ,1.0,1.0
1G5MRU              ,罐   ,1.0,1.0
CLA2500UV           ,各   ,1.0,1.0
CLA250DFV           ,各   ,1.0,1.0
1G5MYQU             ,罐   ,1.0,1.0
F2W5                ,張   ,1.0,1.0
8CV3+325R           ,組   ,1.0,1.0
1ERV                ,包   ,1.0,1.0
1ARV                ,包   ,1.0,1.0
J-NABX              ,罐   ,1.0,1.0
UEJFZN              ,各   ,1.0,1.0
Y2EUW2              ,組   ,1.0,1.0
UJGYXCR             ,各   ,1.0,1.0
ROGUETA1E2          ,組   ,1.0,1.0
J2WV2               ,組   ,1.0,1.0
19RAV4TA1E2         ,組   ,1.0,1.0
05SWIFETA1E2        ,組   ,1.0,1.0
ELANTRA1.8TA1E2     ,組   ,1.0,1.0
FAGEUW              ,組   ,1.0,1.0
AIDO24HMG           ,支   ,1.0,1.0
TYPER9012T1E2Q      ,組   ,1.0,1.0
TYPERH16T1E         ,組   ,1.0,1.0
TYPERH16CR2Q        ,組   ,1.0,1.0
TYPER9012CR2Q       ,組   ,1.0,1.0
LY970GSR            ,各   ,1.0,1.0
02EAXF2AW           ,組   ,1.0,1.0
510UD5D             ,組   ,1.0,1.0
CHAA434             ,組   ,1.0,1.0
NG2                 ,各   ,1.0,1.0
RG2LED12V           ,組   ,1.0,1.0
RG212V2Q            ,組   ,1.0,1.0
CJ5T2800MUJV        ,次   ,1.0,1.0
T5T                 ,組   ,1.0,1.0
ELANTRXFXJ          ,各   ,1.0,1.0
IX35XFXJ            ,各   ,1.0,1.0
5EVTRXF             ,組   ,1.0,1.0
T10506FHUD2         ,組   ,1.0,1.0
V2A5WC              ,各   ,1.0,1.0
VIOS5MTX            ,組   ,1.0,1.0
05TEANAZ2R          ,組   ,1.0,1.0
05TEANAUF2Q         ,組   ,1.0,1.0
DRG15CTFB           ,組   ,1.0,1.0
DRG15FCTFE          ,組   ,1.0,1.0
DRG15FCTFF          ,組   ,1.0,1.0
DRG15FCTFA          ,組   ,1.0,1.0
DRG15FCTFC          ,組   ,1.0,1.0
CARDIO8C32TIDA      ,組   ,1.0,1.0
SF1269              ,各   ,1.0,1.0
ABT369FY            ,組   ,1.0,1.0
14ALTIS5MW2         ,組   ,1.0,1.0
CORSS5W2            ,組   ,1.0,1.0
13RAV45MW2          ,組   ,1.0,1.0
18YARIS5MW2         ,組   ,1.0,1.0
18KICKS5MW2         ,組   ,1.0,1.0
LEXUS5MW2           ,組   ,1.0,1.0
05EAX5MW2           ,組   ,1.0,1.0
MZ                  ,次   ,1.0,1.0
VAUV                ,各   ,1.0,1.0
S27-54TY214AS1VN    ,各   ,1.0,1.0
GT81032GT2          ,組   ,1.0,1.0
GT-81032B           ,各   ,1.0,1.0
HS0400              ,組   ,1.0,1.0
H326812VX1          ,各   ,1.0,1.0
DR0AZVQWM           ,各   ,1.0,1.0
DR0AZVQWL           ,各   ,1.0,1.0
DR0AZVQW2L          ,條   ,1.0,1.0
DR0AZVQW3L          ,條   ,1.0,1.0
DR0AZVQW5L          ,條   ,1.0,1.0
BCF16161RDF         ,次   ,1.0,1.0
DH1801FXHWA5W       ,各   ,1.0,1.0
IN39LED             ,組   ,1.0,1.0
07RWYU5JC           ,各   ,1.0,1.0
R23.5QUW            ,組   ,1.0,1.0
V81VTRXFGPS         ,各   ,1.0,1.0
AL22751R            ,各   ,1.0,1.0
15EAX4+32DVD5R      ,組   ,1.0,1.0
RSENHID90066000K2Q  ,各   ,1.0,1.0
F00341              ,張   ,1.0,1.0
K00371              ,張   ,1.0,1.0
DX38                ,張   ,1.0,1.0
DX40                ,張   ,1.0,1.0
DX41                ,張   ,1.0,1.0
R2W                 ,組   ,1.0,1.0
TAA053              ,各   ,1.0,1.0
TAA096              ,條   ,1.0,1.0
TAD029              ,條   ,1.0,1.0
TAD030              ,條   ,1.0,1.0
MIO848              ,組   ,1.0,1.0
CB1107UCE           ,各   ,1.0,1.0
5CMZQW              ,卷   ,1.0,1.0
7CMZQW              ,卷   ,1.0,1.0
20322T              ,各   ,1.0,1.0
ALTISERR            ,組   ,1.0,1.0
G23.3*150           ,包   ,1.0,1.0
G23.6*200           ,包   ,1.0,1.0
G24.8*250           ,包   ,1.0,1.0
NO167VG             ,各   ,1.0,1.0
NO95RCVG            ,各   ,1.0,1.0
JK39                ,組   ,1.0,1.0
3CMZQW              ,組   ,1.0,1.0
S175R.ER2F          ,各   ,1.0,1.0
C55QEFRR            ,罐   ,1.0,1.0
4TFR2               ,各   ,1.0,1.0
2TFR2               ,組   ,1.0,1.0
05XGJ1G             ,組   ,1.0,1.0
05XGZGV             ,組   ,1.0,1.0
TAD013              ,組   ,1.0,1.0
JK40S27             ,組   ,1.0,1.0
01-07XGTAXRN        ,組   ,1.0,1.0
ZV5Q3VTRXF          ,組   ,1.0,1.0
0882VAMG            ,組   ,1.0,1.0
DIYEUW              ,組   ,1.0,1.0
RMQUW               ,組   ,1.0,1.0
RSEN39MMCARMS       ,組   ,1.0,1.0
FIFIVG              ,罐   ,1.0,1.0
PS800LED2           ,條   ,1.0,1.0
PS801LEDW2          ,條   ,1.0,1.0
LASTS2DVG           ,各   ,1.0,1.0
VBDQEYB1UU          ,組   ,1.0,1.0
3M12*15             ,組   ,1.0,1.0
7616HWJE            ,組   ,1.0,1.0
RSEN57ZVQW          ,組   ,1.0,1.0
7609-1HWJE          ,組   ,1.0,1.0
RSENGR2128MM        ,卡   ,1.0,1.0
J00349CMG           ,支   ,1.0,1.0
XRW                 ,各   ,1.0,1.0
2013CRVFMTF         ,組   ,1.0,1.0
2013CRVFMTC         ,組   ,1.0,1.0
SF0016              ,卡   ,1.0,1.0
SF0043              ,組   ,1.0,1.0
QUZVQW              ,條   ,1.0,1.0
LD4VTRXF            ,組   ,1.0,1.0
2015CRVTX           ,組   ,1.0,1.0
3138CU2             ,組   ,1.0,1.0
HY3155J2            ,組   ,1.0,1.0
307DTV              ,組   ,1.0,1.0
GN13205J2           ,組   ,1.0,1.0
ABTE011DTF          ,組   ,1.0,1.0
3013.105V           ,組   ,1.0,1.0
82VADFV2.0          ,各   ,1.0,1.0
S5RDFV              ,各   ,1.0,1.0
S5RRUV              ,各   ,1.0,1.0
3032YXAFXXW         ,條   ,1.0,1.0
13ALTIS5MW2         ,組   ,1.0,1.0
2015RAV45MTX        ,組   ,1.0,1.0
KR104LZVQW          ,條   ,1.0,1.0
1MT525              ,組   ,1.0,1.0
KLLEDRG2            ,組   ,1.0,1.0
T363QEBU            ,罐   ,1.0,1.0
NO217VG             ,各   ,1.0,1.0
TCMVG1              ,條   ,1.0,1.0
TIDARUV             ,各   ,1.0,1.0
TIDADFV             ,各   ,1.0,1.0
RSENH18000K         ,各   ,1.0,1.0
JL101FVYT           ,組   ,1.0,1.0
V18LEDH122          ,組   ,1.0,1.0
ABTE033GTJVT2F      ,組   ,1.0,1.0
NR162ZVQW           ,組   ,1.0,1.0
ABTE061VTF          ,組   ,1.0,1.0
ZXDCEXRN            ,組   ,1.0,1.0
REVXTT5             ,組   ,1.0,1.0
L2Q7FTW2            ,組   ,1.0,1.0
L2Q7TA1E2           ,組   ,1.0,1.0
62G2YXX             ,組   ,1.0,1.0
20252T              ,各   ,1.0,1.0
UR                  ,組   ,1.0,1.0
OPS01VXR            ,組   ,1.0,1.0
RSENHID55WUADG      ,各   ,1.0,1.0
LDO1115GUSB         ,組   ,1.0,1.0
DR0AZVQW            ,條   ,1.0,1.0
ZXDCXRN1R           ,組   ,1.0,1.0
QGW                 ,組   ,1.0,1.0
BSDA25H             ,組   ,1.0,1.0
VAX                 ,組   ,1.0,1.0
QWZG                ,組   ,1.0,1.0
TAE026WVGGJ2FR      ,組\  ,1.0,1.0
TAE026WVGGJ2FR      ,組   ,1.0,1.0
2014ALTISCGR        ,組   ,1.0,1.0
ID3002UMX1          ,各   ,1.0,1.0
GW5RUV              ,組   ,1.0,1.0
RTT5M               ,組   ,1.0,1.0
T5286U112           ,卡   ,1.0,1.0
KY165LED2Q          ,卡   ,1.0,1.0
T6.5522Q            ,卡   ,1.0,1.0
T8U112Q             ,卡   ,1.0,1.0
V18LEDH7            ,組   ,1.0,1.0
TET20               ,組   ,1.0,1.0
GN777QD             ,組   ,1.0,1.0
A13LEDJ2            ,各   ,1.0,1.0
MP35C1NS13          ,組   ,1.0,1.0
DR0AZVQW3.5L        ,條   ,1.0,1.0
PD1136GMFWV         ,組   ,1.0,1.0
ABTXWG              ,支   ,1.0,1.0
RSEN1GR             ,組   ,1.0,1.0
08ALTISXN           ,組   ,1.0,1.0
JS03315             ,組   ,1.0,1.0
VA011               ,組   ,1.0,1.0
2009LTISXN          ,組   ,1.0,1.0
09EAX22L            ,組   ,1.0,1.0
09EAX22R            ,各   ,1.0,1.0
30A1VNY             ,各   ,1.0,1.0
1995JXGZ1           ,組   ,1.0,1.0
NA5CU               ,各   ,1.0,1.0
05WISHTA1E2         ,組   ,1.0,1.0
ABTE060             ,組   ,1.0,1.0
J00345              ,支   ,1.0,1.0
J00351              ,支   ,1.0,1.0
RSEN66ZVQW          ,條   ,1.0,1.0
RSEN90123000K       ,各   ,1.0,1.0
RSEN90128000K       ,各   ,1.0,1.0
327T65W             ,組   ,1.0,1.0
327Q30W             ,組   ,1.0,1.0
FS81TFE             ,組   ,1.0,1.0
E5NRRC              ,組   ,1.0,1.0
RSEMMGR1000ML       ,罐   ,1.0,1.0
TAE0062FR           ,組   ,1.0,1.0
R589CUXNDFH         ,組   ,1.0,1.0
FCGYXWFY            ,卡   ,1.0,1.0
TC6683CXDTY         ,組   ,1.0,1.0
RSENMGR1000ML       ,罐   ,1.0,1.0
SF0012              ,組   ,1.0,1.0
2011RX4505MW2       ,組   ,1.0,1.0
1GWCLAW117F2DE      ,組   ,1.0,1.0
1GCLAW117DFV        ,各   ,1.0,1.0
NGKBKR5E11          ,各   ,1.0,1.0
RT5A2Q              ,各   ,1.0,1.0
2TBB                ,各   ,1.0,1.0
KY911AW             ,各   ,1.0,1.0
ABTE075             ,組   ,1.0,1.0
TYPERH1T1E          ,組   ,1.0,1.0
ESCAPECE5DN         ,組   ,1.0,1.0
GN190ZEW5           ,張   ,1.0,1.0
03VAXXN             ,組   ,1.0,1.0
2XAX                ,各   ,1.0,1.0
2TVUAHDJE           ,組   ,1.0,1.0
2TVUAHDVTA          ,組   ,1.0,1.0
14ALTISFMT          ,組   ,1.0,1.0
05XGMGA2            ,各   ,1.0,1.0
RSENH13000K2Q       ,各   ,1.0,1.0
KY8210J2            ,組   ,1.0,1.0
3M1UFTR             ,各   ,1.0,1.0
15FOCUS5MMG         ,組   ,1.0,1.0
FTZEW5              ,張   ,1.0,1.0
PNSS33              ,組   ,1.0,1.0
PNSS312019          ,組   ,1.0,1.0
AFL4PL-VC-C         ,組   ,1.0,1.0
PNSS312018          ,組   ,1.0,1.0
PNSSW003            ,條   ,1.0,1.0
08LIVINATA1E2       ,組   ,1.0,1.0
ID4HX1              ,組   ,1.0,1.0
LED22W              ,各   ,1.0,1.0
10WISHCV2E          ,支   ,1.0,1.0
COLTPLUSCV2E        ,支   ,1.0,1.0
YH3702XENVY         ,組   ,1.0,1.0
PNSMY780            ,捲   ,1.0,1.0
PNS11001            ,組   ,1.0,1.0
1GW211A1D           ,組   ,1.0,1.0
1GW2111C5R          ,組   ,1.0,1.0
ZEW51.0             ,卷   ,1.0,1.0
ID4HZUX1            ,組   ,1.0,1.0
J00356ZINGCMG       ,支   ,1.0,1.0
RSEN36MMCANBUS      ,卡   ,1.0,1.0
DLSX16*9            ,組   ,1.0,1.0
ALTISRFA2QYT        ,組   ,1.0,1.0
E00983              ,張   ,1.0,1.0
F00986              ,張   ,1.0,1.0
H00658              ,張   ,1.0,1.0
H00679              ,張   ,1.0,1.0
LEO695              ,卷   ,1.0,1.0
S3DFV               ,各   ,1.0,1.0
FTA11CW             ,組   ,1.0,1.0
FT1CWJE             ,組   ,1.0,1.0
VBDXWG              ,各   ,1.0,1.0
V37TDGUVTRXF        ,組   ,1.0,1.0
H324V1002Q          ,各   ,1.0,1.0
08VIOSCXQFMT        ,組   ,1.0,1.0
FTCGRZEQ            ,組   ,1.0,1.0
FTZQWZEQ            ,組   ,1.0,1.0
ID6*9W5X1           ,組   ,1.0,1.0
X1V1                ,組   ,1.0,1.0
18SINTA3+32         ,組   ,1.0,1.0
VIOSTA1E2           ,組   ,1.0,1.0
031GW211TA1E2       ,組   ,1.0,1.0
RSENGRCANBS10*36    ,組   ,1.0,1.0
2TXW5R+ZAF          ,組   ,1.0,1.0
2021ALTISYRQ2N      ,組   ,1.0,1.0
19ALTIS5MW2         ,怎   ,1.0,1.0
19ALTIS5MW2         ,組   ,1.0,1.0
V15XCRVTRXF         ,組   ,1.0,1.0
FORTIS1C4+645R      ,組   ,1.0,1.0
82VAQUW             ,組   ,1.0,1.0
ESCAPE2.3XW         ,各   ,1.0,1.0
15WISHTX            ,組   ,1.0,1.0
JPMSWJWU5HF         ,組   ,1.0,1.0
21VR11804QFM        ,組   ,1.0,1.0
BMWX3NQFMT          ,組   ,1.0,1.0
J00353CMG           ,支   ,1.0,1.0
C55SBXDF            ,罐   ,1.0,1.0
LY9862HC            ,組   ,1.0,1.0
FCOUSM3             ,組   ,1.0,1.0
J00341CMG           ,支   ,1.0,1.0
ABRO1WR             ,冠   ,1.0,1.0
ABRO1WR             ,罐   ,1.0,1.0
TUBRO9012LED22      ,組   ,1.0,1.0
ALTISRUVE           ,組   ,1.0,1.0
LY501FY             ,組   ,1.0,1.0
U00070              ,各   ,1.0,1.0
U00075              ,組   ,1.0,1.0
FV5D                ,組   ,1.0,1.0
ZV5D                ,組   ,1.0,1.0
NGKBKR5E            ,各   ,1.0,1.0
10ALTISA1D          ,組   ,1.0,1.0
TBE50021UF          ,組   ,1.0,1.0
07LIVINA5MW2        ,組   ,1.0,1.0
V15GIVTRXFF         ,組   ,1.0,1.0
GLA180CMG           ,支   ,1.0,1.0
08A2-5MMG           ,組   ,1.0,1.0
RTV6000AP           ,組   ,1.0,1.0
TC6682USB           ,組   ,1.0,1.0
2XDFMT              ,組   ,1.0,1.0
JXU1                ,各   ,1.0,1.0
R2CGR               ,組   ,1.0,1.0
TJ6185J2            ,組   ,1.0,1.0
VA7879CMG11H        ,支   ,1.0,1.0
VA880112HMG         ,支   ,1.0,1.0
VA151513HCMG        ,支   ,1.0,1.0
VA051014HCMG        ,支   ,1.0,1.0
VA661215HCMG        ,支   ,1.0,1.0
180XFXJ             ,各   ,1.0,1.0
TIDAXFXJ            ,各   ,1.0,1.0
KA23325J2           ,組   ,1.0,1.0
SR5215J2            ,組   ,1.0,1.0
MC092R              ,組   ,1.0,1.0
SP5504QFE           ,各   ,1.0,1.0
13KUGATA1E2         ,組   ,1.0,1.0
1VNYTG              ,組   ,1.0,1.0
SR116GMWV           ,組   ,1.0,1.0
ZXQH4T1E            ,組   ,1.0,1.0
XB311W2             ,組   ,1.0,1.0
RSEN22CMXER         ,罐   ,1.0,1.0
RSENVRWCMR          ,罐   ,1.0,1.0
PNSDBC03            ,組   ,1.0,1.0
SPAGEGERDFV         ,各   ,1.0,1.0
6H2EF               ,組   ,1.0,1.0
2013GOLFFMGXQ       ,組   ,1.0,1.0
04WISHXXQ           ,組   ,1.0,1.0
RSENH1WHW           ,組   ,1.0,1.0
SAXOC35W30FHU       ,罐   ,1.0,1.0
SPAGEGEARFMT        ,組   ,1.0,1.0
TAB00112HGUVTRXF    ,組   ,1.0,1.0
09FORTISYFABSVCV    ,組   ,1.0,1.0
RTV2500CC           ,組   ,1.0,1.0
PD-1066300W1UF      ,組   ,1.0,1.0
PD1066500W1UF       ,組   ,1.0,1.0
VR1DFV              ,各   ,1.0,1.0
08ALTISTAVQ         ,條   ,1.0,1.0
VWA53               ,組   ,1.0,1.0
08ALTISVUXN         ,各   ,1.0,1.0
PNSTAIR001          ,組   ,1.0,1.0
NR1MY2              ,各   ,1.0,1.0
X5NY2               ,各   ,1.0,1.0
ZXDGT22             ,各   ,1.0,1.0
5QXV2CU             ,各   ,1.0,1.0
RT2Q7B              ,各   ,1.0,1.0
2818-PN195-60-15XW  ,各   ,1.0,1.0
LD92YGVTRXF         ,各   ,1.0,1.0
LE-7512XCFQY        ,組   ,1.0,1.0
LE-7512GX5T         ,組   ,1.0,1.0
2004WISHNQFMT       ,組   ,1.0,1.0
LE-75125V5T         ,組   ,1.0,1.0
LE-7512XCFEY        ,次   ,1.0,1.0
LE-7512XCFU         ,次   ,1.0,1.0
VIOS5MW2            ,組   ,1.0,1.0
P70GUVTRXF          ,組   ,1.0,1.0
01CRVXXQ            ,組   ,1.0,1.0
PNSHDF24            ,組   ,1.0,1.0
PNSHDF21            ,組   ,1.0,1.0
PNSTPC006           ,組   ,1.0,1.0
LP081UCE            ,各   ,1.0,1.0
PNSS212UF           ,組   ,1.0,1.0
UADWVJZVQW          ,組   ,1.0,1.0
TYLEDUCE            ,組   ,1.0,1.0
VBDVATX200G         ,組   ,1.0,1.0
VBDTFVTFJSW         ,組   ,1.0,1.0
T2EY                ,次   ,1.0,1.0
08ALTIS5UTZDG1L     ,ek4 ,1.0,1.0
08ALTIS5UTZDG1L     ,各   ,1.0,1.0
08ALTIS5G1R         ,各   ,1.0,1.0
10ALTIS8C4+64       ,組   ,1.0,1.0
STAREX22E5T         ,各   ,1.0,1.0
X2UR                ,罐   ,1.0,1.0
2P5986XW            ,各   ,1.0,1.0
02XGXFXJ            ,各   ,1.0,1.0
FORTISXFXJ          ,各   ,1.0,1.0
BGD-                ,各   ,1.0,1.0
LE-7512EY           ,次   ,1.0,1.0
LE-7512CVN          ,各   ,1.0,1.0
H1OSRAN2Q           ,各   ,1.0,1.0
BGC2D               ,各   ,1.0,1.0
12VAXWN             ,組   ,1.0,1.0
12VAGE              ,各   ,1.0,1.0
12VAGERHZ           ,次   ,1.0,1.0
12VAXWNEY           ,次   ,1.0,1.0
RTV38QZ             ,組   ,1.0,1.0
ZXD1WRJ1G           ,組   ,1.0,1.0
13ALTISD-           ,各   ,1.0,1.0
T101E               ,卡   ,1.0,1.0
01XGFMG             ,組   ,1.0,1.0
CORSS05103+32       ,組   ,1.0,1.0
CORSSSG1D           ,個   ,1.0,1.0
24VRG2LED           ,各   ,1.0,1.0
S52211ASRG1VN       ,各   ,1.0,1.0
02EAXXXQ            ,各   ,1.0,1.0
TAD022WUWJGJVGF     ,組   ,1.0,1.0
UVE33MM             ,各   ,1.0,1.0
FUVE33MM            ,各   ,1.0,1.0
PS251F25U           ,組   ,1.0,1.0
UATTW               ,支   ,1.0,1.0
SD2505TMU1GD        ,組   ,1.0,1.0
VBDVATX-2           ,罐   ,1.0,1.0
VBDQEE5CX           ,罐   ,1.0,1.0
VBD22TBCR           ,罐   ,1.0,1.0
TK56005R            ,組   ,1.0,1.0
TK5600CTZVTEF       ,各   ,1.0,1.0
RSENT20S69ZDG2V1    ,組   ,1.0,1.0
TK56002MV           ,條   ,1.0,1.0
LE7512Z2RR2F        ,各   ,1.0,1.0
ZV5HNFX1JV          ,次   ,1.0,1.0
PNSHDF30            ,組   ,1.0,1.0
PNSHDF31            ,組   ,1.0,1.0
INNONATA1E2         ,組   ,1.0,1.0
09EAXCGR            ,組   ,1.0,1.0
09EAXCGRR           ,組   ,1.0,1.0
13FCOUSTA1E2        ,組   ,1.0,1.0
RSENT2069DGCQ       ,組   ,1.0,1.0
RSENS25692V5R1      ,組   ,1.0,1.0
RSENS2569ZGG2V5RCQ  ,組   ,1.0,1.0
RSENS25692DG2VVR    ,組   ,1.0,1.0
RSENS25692ZDG2VVRCQ ,組   ,1.0,1.0
0052DSGRR           ,組   ,1.0,1.0
09EAXCGRDF          ,組   ,1.0,1.0
ALTISGGE            ,組   ,1.0,1.0
POSENSD2246*20      ,捲   ,1.0,1.0
MPVTA1E2            ,組   ,1.0,1.0
SR346WFJ2DUSB       ,組   ,1.0,1.0
P16X5XN             ,卡   ,1.0,1.0
LN01Q5XN4B          ,組   ,1.0,1.0
LY336G1R            ,組   ,1.0,1.0
BGZ2Q               ,各   ,1.0,1.0
BGV2V               ,組   ,1.0,1.0
BGEY                ,次   ,1.0,1.0
GN5400FCW           ,組   ,1.0,1.0
RSENH33000K2Q       ,各   ,1.0,1.0
08ALTISZEQ          ,組   ,1.0,1.0
DH1703ZCAY2         ,各   ,1.0,1.0
DH1705ZAY2          ,各   ,1.0,1.0
DH1801VWA5C         ,各   ,1.0,1.0
1VN30AVAT1VN        ,各   ,1.0,1.0
05FOCUSC22X1        ,組   ,1.0,1.0
TURBOH3LED          ,組   ,1.0,1.0
H4LED181E           ,各   ,1.0,1.0
19ALTISGS2Q         ,各   ,1.0,1.0
07-12ALTISMTJUF     ,各   ,1.0,1.0
SUFEFMT             ,組   ,1.0,1.0
BGF2A2              ,組   ,1.0,1.0
VG1TU               ,瓶   ,1.0,1.0
ID20MT5UX1          ,組   ,1.0,1.0
ID6.5HW5X1          ,組   ,1.0,1.0
21XXCGR             ,組   ,1.0,1.0
ZINGERCGR           ,組   ,1.0,1.0
LEDGEF              ,組   ,1.0,1.0
PNSJW220R2UG        ,各   ,1.0,1.0
BMWX64QFMT          ,組   ,1.0,1.0
ZNGOLF83+325R       ,組   ,1.0,1.0
GOLFUVJD            ,各   ,1.0,1.0
VBDAR3B1            ,組   ,1.0,1.0
RSENUGMG22H         ,支   ,1.0,1.0
RVF84+645R          ,組   ,1.0,1.0
04ALTISC2D          ,各   ,1.0,1.0
10WISHVBN           ,組   ,1.0,1.0
10WISHGTQ           ,組   ,1.0,1.0
GHA313VRW           ,組   ,1.0,1.0
HG002MGR            ,罐   ,1.0,1.0
GJ0282FRBE          ,條   ,1.0,1.0
10WISHCXXQ          ,組   ,1.0,1.0
WISHRUVE            ,各   ,1.0,1.0
10WISHC2E           ,支   ,1.0,1.0
6H2G                ,組   ,1.0,1.0
ABROCRYXX           ,冠   ,1.0,1.0
ABROCRYXX           ,罐   ,1.0,1.0
10WISHXQ            ,組   ,1.0,1.0
10WUSHD12HZ         ,組   ,1.0,1.0
10WISHXFH5EY        ,次   ,1.0,1.0
10WISHXA            ,次   ,1.0,1.0
10WISHXFFV          ,次   ,1.0,1.0
12HMG               ,支   ,1.0,1.0
D4OSRAM4300K        ,各   ,1.0,1.0
D2ROSRAM4300K       ,各   ,1.0,1.0
09WISH5MTX          ,組   ,1.0,1.0
FTXDZEW5            ,各   ,1.0,1.0
PNSHUDL1            ,組   ,1.0,1.0
HY656YU             ,各   ,1.0,1.0
BMW7VXTA1E2         ,組   ,1.0,1.0
06TIDATA1E2         ,組   ,1.0,1.0
INNONAFMT2Q         ,組   ,1.0,1.0
1MXCNZY2            ,各   ,1.0,1.0
MP3XURGF            ,組   ,1.0,1.0
XW21                ,各   ,1.0,1.0
C007USBTY           ,組   ,1.0,1.0
FTTX2GR             ,各   ,1.0,1.0
FTTX2X              ,各   ,1.0,1.0
HY899GQ2W           ,組   ,1.0,1.0
55ZCW               ,張   ,1.0,1.0
05WISHNQFMT         ,組   ,1.0,1.0
2TXW5R              ,各   ,1.0,1.0
CAR5205R            ,組   ,1.0,1.0
07COLTPLUSTA1E2     ,組   ,1.0,1.0
RW22DE              ,組   ,1.0,1.0
14HXE               ,組   ,1.0,1.0
ZMOMOZVQ            ,支   ,1.0,1.0
ABROUF1EUR          ,罐   ,1.0,1.0
NO16375TGGD         ,組   ,1.0,1.0
3MWAGAR             ,捲   ,1.0,1.0
YC017DAQ2WW         ,組   ,1.0,1.0
YC016DAGGTW         ,組   ,1.0,1.0
YC013DAEGA5C        ,組   ,1.0,1.0
CY909QWW            ,各   ,1.0,1.0
ZINGERT2R           ,組   ,1.0,1.0
DAY2NR              ,ek4 ,1.0,1.0
DWGJ2WV             ,組   ,1.0,1.0
DWGJ2WV2V           ,組   ,1.0,1.0
5DGUD               ,組   ,1.0,1.0
05WISHCGRR          ,組   ,1.0,1.0
F00315B             ,張   ,1.0,1.0
F00708R             ,張   ,1.0,1.0
F00922              ,張   ,1.0,1.0
G00146              ,張   ,1.0,1.0
F00330              ,張   ,1.0,1.0
H00842              ,張   ,1.0,1.0
H00848              ,張   ,1.0,1.0
H00864              ,張   ,1.0,1.0
J00336              ,張   ,1.0,1.0
J00385              ,張   ,1.0,1.0
K00281              ,張   ,1.0,1.0
O00201              ,各   ,1.0,1.0
O00202              ,張   ,1.0,1.0
O00203              ,張   ,1.0,1.0
O00204              ,張   ,1.0,1.0
H00330              ,張   ,1.0,1.0
TEANA2.0XQ          ,次   ,1.0,1.0
GLA180MG            ,組   ,1.0,1.0
DAY2C               ,組   ,1.0,1.0
01XGXFXJ            ,組   ,1.0,1.0
PNSSB27C            ,各   ,1.0,1.0
R689NUCU            ,各   ,1.0,1.0
DAW510*50           ,張   ,1.0,1.0
PNSSUN14            ,組   ,1.0,1.0
VBD60*165VJVT1      ,條   ,1.0,1.0
ABROHUR             ,罐   ,1.0,1.0
XUN                 ,組   ,1.0,1.0
TXWEYY              ,組   ,1.0,1.0
K00138              ,張   ,1.0,1.0
K00219              ,張   ,1.0,1.0
K00864              ,張   ,1.0,1.0
3313-T9Z2RQ2        ,組   ,1.0,1.0
CARDIO8C3+32        ,組   ,1.0,1.0
NUVTRXFFRW          ,各   ,1.0,1.0
UXZ6.2TQUW          ,組   ,1.0,1.0
VJ5UTZ              ,次   ,1.0,1.0
RSEND23000K         ,各   ,1.0,1.0
7085YX055R          ,組   ,1.0,1.0
CEO104NDTY          ,組   ,1.0,1.0
TVCVNERY            ,組   ,1.0,1.0
CVNERY4P            ,組   ,1.0,1.0
7231HEXW            ,條   ,1.0,1.0
FN001NXJE           ,組   ,1.0,1.0
TAA068              ,組   ,1.0,1.0
XVTA1E2             ,組   ,1.0,1.0
TR26012UF           ,各   ,1.0,1.0
7652FR              ,組   ,1.0,1.0
C2Q                 ,組   ,1.0,1.0
PS2015U15J2         ,組   ,1.0,1.0
LD9SGUVTRXF         ,組   ,1.0,1.0
V37GUVTRXFF         ,各   ,1.0,1.0
MIOC316VTRXF        ,組   ,1.0,1.0
2T                  ,次   ,1.0,1.0
2018EAXNQFMT        ,組   ,1.0,1.0
1MT5XXL             ,組   ,1.0,1.0
1MT5VXTM            ,組   ,1.0,1.0
12EAXTA1E2DZ        ,組   ,1.0,1.0
PNSSUN15L           ,組   ,1.0,1.0
PNSSUN15XL          ,組   ,1.0,1.0
NXSAVRAN            ,組   ,1.0,1.0
GT0831RW1           ,組   ,1.0,1.0
14TIDAEZR           ,組   ,1.0,1.0
ZINGERCGRE          ,各   ,1.0,1.0
A881J2WV            ,各   ,1.0,1.0
ASQ-8068            ,條   ,1.0,1.0
VTTRFORTISXXQ       ,組   ,1.0,1.0
JC005GMFWV          ,組   ,1.0,1.0
RSENA1FTU11A5W      ,組   ,1.0,1.0
FTTAR5Q             ,組   ,1.0,1.0
RSENH16000K2Q       ,組   ,1.0,1.0
FS580+GUVTRXF       ,組   ,1.0,1.0
ACC2XV              ,組   ,1.0,1.0
COLTPOLS2+32055R    ,組   ,1.0,1.0
13YD2FMT            ,組   ,1.0,1.0
18EAXCGRY2GG        ,組   ,1.0,1.0
LK1VTRXFJV          ,次   ,1.0,1.0
X2VTRXF             ,組   ,1.0,1.0
MIO65R              ,各   ,1.0,1.0
VXTERR              ,片   ,1.0,1.0
VLZVQ               ,支   ,1.0,1.0
P1010HVTRXF         ,組   ,1.0,1.0
1GUVTRXF            ,組   ,1.0,1.0
Z1GUVTRXF           ,組   ,1.0,1.0
13TIDATA1E2         ,組   ,1.0,1.0
2QFW                ,各   ,1.0,1.0
18EAXCGRY2EUCGR     ,組   ,1.0,1.0
DL1208X1            ,組   ,1.0,1.0
08ALTIS1C2+32055R   ,組   ,1.0,1.0
S83PDE              ,各   ,1.0,1.0
SP3601UXR           ,組   ,1.0,1.0
TAE007VTF           ,組   ,1.0,1.0
VXTX15U             ,組   ,1.0,1.0
110512V1UF          ,組   ,1.0,1.0
QXA-22CG4L          ,組   ,1.0,1.0
SR347WVJT2F         ,組   ,1.0,1.0
SR-348TY            ,組   ,1.0,1.0
QXA-CGRDFL          ,次   ,1.0,1.0
PS2572DSFT5UX       ,組   ,1.0,1.0
FORTIS5MW2          ,組   ,1.0,1.0
PNSSCUP05           ,組   ,1.0,1.0
TYPERH7T1E          ,組   ,1.0,1.0
04UEFMT             ,組   ,1.0,1.0
04UETA1E2           ,組   ,1.0,1.0
R5VG                ,組   ,1.0,1.0
1UX2YX1             ,組   ,1.0,1.0
RSEN4.3H5X2G        ,組   ,1.0,1.0
ERJGNIDN            ,組   ,1.0,1.0
10WISH5MW2          ,組   ,1.0,1.0
RTT5XL              ,組   ,1.0,1.0
07LIVINAFMT         ,組   ,1.0,1.0
XB572ZR2V           ,組   ,1.0,1.0
1S2X                ,組   ,1.0,1.0
R1S2X               ,組   ,1.0,1.0
0803LEDGS2          ,組   ,1.0,1.0
FN002TUVEYY         ,組   ,1.0,1.0
2022OUTLANDERNTUW   ,組   ,1.0,1.0
96R2FMT             ,組   ,1.0,1.0
PNSSC001            ,組   ,1.0,1.0
04WISH5MW2          ,組   ,1.0,1.0
19RAV45MW2          ,組   ,1.0,1.0
RSEN90062TY         ,組   ,1.0,1.0
A88EUX1             ,組   ,1.0,1.0
ERQ560L252Q         ,各   ,1.0,1.0
SF4004CNVQ          ,組   ,1.0,1.0
SF0039              ,組   ,1.0,1.0
SF0029              ,組   ,1.0,1.0
3151-61Y2           ,各   ,1.0,1.0
BLD6389VIOS1C4+64   ,組   ,1.0,1.0
AY25FMT             ,組   ,1.0,1.0
2N5U                ,組   ,1.0,1.0
5REV                ,次   ,1.0,1.0
KY8210XYJ2          ,組   ,1.0,1.0
06TIDACEDE          ,組   ,1.0,1.0
2387-DWEAXGTYT      ,組   ,1.0,1.0
LEXUSIS300CVW2      ,組   ,1.0,1.0
10AY23FXXQ          ,組   ,1.0,1.0
10AY23DFV           ,各   ,1.0,1.0
14CRV8C4+64055R     ,組   ,1.0,1.0
2XRXQ               ,各   ,1.0,1.0
05CAMW.6            ,各   ,1.0,1.0
LVFE                ,支   ,1.0,1.0
ZV5T8RTVTRXF        ,組   ,1.0,1.0
ZXQH355WT1E         ,組   ,1.0,1.0
ZXQH355WT1E         ,個   ,1.0,1.0
ZXQH155WCR2W        ,個   ,1.0,1.0
ABT4015JC           ,組   ,1.0,1.0
101GR22TA1E2        ,組   ,1.0,1.0
01XGTA1E2           ,組   ,1.0,1.0
2013RAV4FMT         ,組   ,1.0,1.0
BCG-2057FXXQ        ,組   ,1.0,1.0
BCG-2057CXXQ        ,組   ,1.0,1.0
05AY23SE1           ,各   ,1.0,1.0
YD2CGRR             ,組   ,1.0,1.0
3032YXZ2R           ,組   ,1.0,1.0
3032YXZ2RQ2         ,條   ,1.0,1.0
GARMIN2MV           ,條   ,1.0,1.0
2001BMWE46ERR       ,組   ,1.0,1.0
02EAXCVN            ,組   ,1.0,1.0
2015EAX84+64055R    ,組   ,1.0,1.0
2012WISH2+32055R    ,組   ,1.0,1.0
COLTPLUSFMT         ,組   ,1.0,1.0
BNE-7087EB5         ,片   ,1.0,1.0
XZXD22GRRUF         ,組   ,1.0,1.0
ZXD22GRRUF          ,組   ,1.0,1.0
RSENUE12HMG         ,支   ,1.0,1.0
ABTA116WVJFYQD      ,組   ,1.0,1.0
ABTB072VTF          ,組   ,1.0,1.0
ABTE072VVZVTF       ,組   ,1.0,1.0
LEDNN22H116000K     ,組   ,1.0,1.0
2TFW                ,各   ,1.0,1.0
BNE                 ,卷   ,1.0,1.0
BNE                 ,米   ,1.0,1.0
GE50CM              ,米   ,1.0,1.0
2TRW1               ,各   ,1.0,1.0
2TRXN               ,枝   ,1.0,1.0
ABTA037WFC25        ,各   ,1.0,1.0
ABTA038EW5          ,各   ,1.0,1.0
IX35TA1E2           ,組   ,1.0,1.0
95VR1TA1E2          ,組   ,1.0,1.0
VTRXFV2DE           ,條   ,1.0,1.0
16162T              ,各   ,1.0,1.0
2018KICKSNQFMT      ,組   ,1.0,1.0
GYQ2W               ,各   ,1.0,1.0
EKA0504USTY         ,組   ,1.0,1.0
CC0023DTY           ,組   ,1.0,1.0
5Y5T02GUVTRXF       ,組   ,1.0,1.0
RSEN02FCANBUS       ,各   ,1.0,1.0
Z16GUVTRXF          ,組   ,1.0,1.0
ZXDGV               ,組   ,1.0,1.0
V18NH4LED22         ,組   ,1.0,1.0
M1YFS1G             ,組   ,1.0,1.0
TIDA8C4+64          ,組   ,1.0,1.0
2013FCOUSMG         ,組   ,1.0,1.0
055R                ,次   ,1.0,1.0
RRVFMT              ,組   ,1.0,1.0
CLA250RFABSYT       ,組   ,1.0,1.0
CLA250YQU           ,次   ,1.0,1.0
TIERRAMG1           ,支   ,1.0,1.0
HY-555GGNTW         ,組   ,1.0,1.0
ZINGER054+64        ,組   ,1.0,1.0
F1W84+64055R        ,組   ,1.0,1.0
USBUVGTF            ,組   ,1.0,1.0
LP6920F2D           ,各   ,1.0,1.0
GOLTPLUST2R         ,組   ,1.0,1.0
XW2FRNO193841       ,組   ,1.0,1.0
ERQ8526L2Q          ,各   ,1.0,1.0
ABT-D001            ,組   ,1.0,1.0
02EAX20565R15       ,各   ,1.0,1.0
2013FCOUS055R       ,組   ,1.0,1.0
ZINGER5MZG          ,組   ,1.0,1.0
ZINGERTA1E2         ,組   ,1.0,1.0
H500TWGRR           ,組   ,1.0,1.0
CC321USB31A         ,組   ,1.0,1.0
V38U1GRR            ,組   ,1.0,1.0
K008125             ,張   ,1.0,1.0
12VAMG              ,組   ,1.0,1.0
ALTIS2055R16        ,各   ,1.0,1.0
SY56402UW           ,各   ,1.0,1.0
ACP301              ,各   ,1.0,1.0
HINO17TW2           ,組   ,1.0,1.0
2XAF                ,組   ,1.0,1.0
VINAQ2W             ,各   ,1.0,1.0
05ZCXC90TA1E2       ,組   ,1.0,1.0
TAXZUW              ,組   ,1.0,1.0
05ZCXC905MW2CCV     ,組   ,1.0,1.0
1WW                 ,各   ,1.0,1.0
PNSFB003            ,各   ,1.0,1.0
PNSHDS04            ,組   ,1.0,1.0
YL100ZZX2           ,組   ,1.0,1.0
VBDVTX1000ML        ,罐   ,1.0,1.0
3154Y2              ,各   ,1.0,1.0
GARMINVQ2Y          ,各   ,1.0,1.0
15HXFE              ,組   ,1.0,1.0
JXFMT               ,組   ,1.0,1.0
ZWHIACEFMT          ,組   ,1.0,1.0
XTRAILC5U1          ,組   ,1.0,1.0
XTRAIL5U1R          ,各   ,1.0,1.0
05ZCNQFMT           ,組   ,1.0,1.0
1276-THEB5          ,組   ,1.0,1.0
PNSSW005QW          ,組   ,1.0,1.0
MIOR460GUVTRXF      ,組   ,1.0,1.0
24VBW2              ,條   ,1.0,1.0
RAV4JGF             ,各   ,1.0,1.0
ABTA010A5W          ,各   ,1.0,1.0
ZWHIACETX           ,組   ,1.0,1.0
2TXW24V             ,組   ,1.0,1.0
MU2TX1              ,組   ,1.0,1.0
HINO5TTA1E2         ,組   ,1.0,1.0
LEO813              ,組   ,1.0,1.0
245122UW            ,組   ,1.0,1.0
PNST1070202Q        ,組   ,1.0,1.0
V2003G22            ,支   ,1.0,1.0
FCPUS1UW            ,組   ,1.0,1.0
992XDCT2.45MW2      ,組   ,1.0,1.0
06AY235MW2          ,組   ,1.0,1.0
03AY23GVC5          ,組   ,1.0,1.0
03AY23XXQ           ,組   ,1.0,1.0
WF48D26R2Q          ,各   ,1.0,1.0
03AY23TA1E2         ,組   ,1.0,1.0
2013EAXXN           ,組   ,1.0,1.0
99RVFUW             ,組   ,1.0,1.0
J00352CMG           ,支   ,1.0,1.0
5Y5X8GUVTRXF        ,組   ,1.0,1.0
LEDEVRG2C           ,組   ,1.0,1.0
24VLEDE2CRG2        ,組   ,1.0,1.0
T20N                ,組   ,1.0,1.0
GN115ZVQW2L         ,條   ,1.0,1.0
GN116DAJZVQW2L      ,條   ,1.0,1.0
GN1153LZVQW         ,條   ,1.0,1.0
TEANACV2E           ,支   ,1.0,1.0
BSD-77GHZ           ,組   ,1.0,1.0
N1EFWZ1TR           ,各   ,1.0,1.0
2011WISHCE          ,支   ,1.0,1.0
PREVIAFXTTX         ,組   ,1.0,1.0
08AY23TA1E2         ,組   ,1.0,1.0
RF-LN01Q3XN         ,組   ,1.0,1.0
DH5205EZWV          ,yj3 ,1.0,1.0
DH5205EZWV          ,組   ,1.0,1.0
DH5219EZWV          ,組   ,1.0,1.0
LY-1172HWMR         ,組   ,1.0,1.0
OBDT1ZRV            ,組   ,1.0,1.0
XWFAVY              ,各   ,1.0,1.0
XWZYX1F             ,支   ,1.0,1.0
XW5VFY              ,各   ,1.0,1.0
XW5VFY414           ,各   ,1.0,1.0
XW5VFY412           ,各   ,1.0,1.0
XWDAVYFW            ,各   ,1.0,1.0
W210C2DRH           ,組   ,1.0,1.0
04AY23GRRRL         ,yj3 ,1.0,1.0
04AY23GRRRL         ,組   ,1.0,1.0
2TXW24V2MV          ,條   ,1.0,1.0
XXTA1E2             ,組   ,1.0,1.0
PNSSUNF002M         ,組   ,1.0,1.0
PNSTL4030           ,條   ,1.0,1.0
PNSTL80200          ,條   ,1.0,1.0
RT73A2Q             ,組   ,1.0,1.0
VCQ84+64            ,組   ,1.0,1.0
XFRV                ,組   ,1.0,1.0
XF2Q                ,各   ,1.0,1.0
TAD012              ,組   ,1.0,1.0
H3OSRAM5RCR2Q       ,組   ,1.0,1.0
CARMACSARUR         ,罐   ,1.0,1.0
MUOC580VTRXF        ,組   ,1.0,1.0
GN400VU552          ,各   ,1.0,1.0
S14PN2DE            ,各   ,1.0,1.0
LY609NMGSR          ,各   ,1.0,1.0
LI568GSR            ,組   ,1.0,1.0
PNS-TAIR002         ,組   ,1.0,1.0
5A-9666DF           ,次   ,1.0,1.0
C28024R2Q           ,各   ,1.0,1.0
3DXWQD              ,各   ,1.0,1.0
VVXN                ,組   ,1.0,1.0
V2IX35FXXQ          ,組   ,1.0,1.0
V2IX35CXXQ          ,組   ,1.0,1.0
V2IX35XFXJ          ,各   ,1.0,1.0
V2IX35DFV           ,各   ,1.0,1.0
ABT-A126            ,組   ,1.0,1.0
ABT-A130            ,組   ,1.0,1.0
ABT-A123            ,組   ,1.0,1.0
ABT-A129            ,組   ,1.0,1.0
ABT-A114            ,組   ,1.0,1.0
ABT-A125            ,組   ,1.0,1.0
ABT-A053            ,組   ,1.0,1.0
VTRXFCGRV           ,組   ,1.0,1.0
P210GVR             ,罐   ,1.0,1.0
2010WISHCGRRZ2      ,組   ,1.0,1.0
2010WISH1C4+64      ,組   ,1.0,1.0
RG2DL120            ,各   ,1.0,1.0
RSENH14300K2Q       ,各   ,1.0,1.0
D2LDE6000K2Q        ,組   ,1.0,1.0
2010ALTISJ2E5F      ,組   ,1.0,1.0
2010ALTISXA         ,各   ,1.0,1.0
2010ALTISHXFV       ,次   ,1.0,1.0
2015RAV48C4+64055R  ,組   ,1.0,1.0
PNSSC020            ,組   ,1.0,1.0
PNSSUN09            ,組   ,1.0,1.0
MP3XUXW             ,組   ,1.0,1.0
3D3138CU2           ,各   ,1.0,1.0
T07GRR              ,組   ,1.0,1.0
BHD-5719XFUNR       ,組   ,1.0,1.0
XFFV                ,次   ,1.0,1.0
ID6.5TZUX1          ,組   ,1.0,1.0
RSEND43000K2Q       ,各   ,1.0,1.0
ID2.3VEU            ,組   ,1.0,1.0
ID25EUX1            ,組   ,1.0,1.0
ID30VX1             ,組   ,1.0,1.0
RH5020EUX1          ,組   ,1.0,1.0
03AY23MGWZJR        ,各   ,1.0,1.0
03QY2322            ,各   ,1.0,1.0
03AY2322R           ,各   ,1.0,1.0
02EAXRUV2.0T        ,各   ,1.0,1.0
02EAXRUV2.02        ,各   ,1.0,1.0
G7743CROSSBV2       ,卡   ,1.0,1.0
V2STAEFTA1E2        ,組   ,1.0,1.0
T10CN               ,卡   ,1.0,1.0
RS-06FY             ,各   ,1.0,1.0
03AY2MG1            ,組   ,1.0,1.0
03AY2LFJ1G          ,組   ,1.0,1.0
2TXWC2GFVU          ,組   ,1.0,1.0
2TXWVTAVU           ,組   ,1.0,1.0
PNSHG07             ,卡   ,1.0,1.0
2782-VZXW           ,各   ,1.0,1.0
2782-VZ             ,組   ,1.0,1.0
50AP1VN             ,各   ,1.0,1.0
03AY2LF1GDF         ,次   ,1.0,1.0
PNSHDF32            ,組   ,1.0,1.0
5MZVQW              ,組   ,1.0,1.0
04TOUCSNQFMT        ,組   ,1.0,1.0
CLA25022545R17XW    ,各   ,1.0,1.0
08RAV4QCE           ,組   ,1.0,1.0
Z1010H2YGVTRXF      ,組   ,1.0,1.0
Z1212H2YVTRXF       ,組   ,1.0,1.0
JUKETA1E2           ,組   ,1.0,1.0
01ALTISNQFMT        ,組   ,1.0,1.0
VA62FMTF            ,組   ,1.0,1.0
RSENT10MU6R         ,卡   ,1.0,1.0
RSENT10MU10R        ,卡   ,1.0,1.0
RSENT1018RMU        ,卡   ,1.0,1.0
RSENGR1536MM        ,卡   ,1.0,1.0
RSENGR1539MM        ,卡   ,1.0,1.0
V15LEDD46000K2Q     ,組   ,1.0,1.0
RSENVMC             ,組   ,1.0,1.0
PNSHG08             ,組   ,1.0,1.0
PNSFA02             ,組   ,1.0,1.0
PNSFDB312           ,yj3 ,1.0,1.0
PNSFDB312           ,組   ,1.0,1.0
PNSFDB324           ,組   ,1.0,1.0
2782VZXYTLF         ,組   ,1.0,1.0
2782-VZYFXYT        ,組   ,1.0,1.0
2782-VZYF15F        ,組   ,1.0,1.0
2782-VZUF15F        ,組   ,1.0,1.0
2782VZQ2YT          ,組   ,1.0,1.0
H4LED3N             ,組   ,1.0,1.0
H11LED3N            ,組   ,1.0,1.0
H7LED3N             ,組   ,1.0,1.0
D4LED6000K          ,ek4 ,1.0,1.0
D4LED6000K          ,組   ,1.0,1.0
92BGF1E             ,組   ,1.0,1.0
92BGEJR             ,各   ,1.0,1.0
92BGR22             ,組   ,1.0,1.0
92BGR2              ,組   ,1.0,1.0
92BG1E2R            ,組   ,1.0,1.0
92BG1E2L            ,組   ,1.0,1.0
92BGZV2R2F          ,各   ,1.0,1.0
ASM2723XW           ,各   ,1.0,1.0
ABTE082DXGAGDJUNRV2 ,組   ,1.0,1.0
ABTA1550UWVJGRR     ,組   ,1.0,1.0
ABTA162VSXFDGRRVY   ,EK4 ,1.0,1.0
ABTA162VSXFDGRRVY   ,各   ,1.0,1.0
ABTA160JMT1XFDGRR   ,各   ,1.0,1.0
ABTA159JMXFGRR      ,各   ,1.0,1.0
RSEN20HUEMG         ,支   ,1.0,1.0
SOLIOR2F            ,各   ,1.0,1.0
VAK14CJU            ,組   ,1.0,1.0
2782-VZUNR          ,組   ,1.0,1.0
PNSS30              ,組   ,1.0,1.0
05VW                ,組   ,1.0,1.0
2TXWSD1AW           ,組   ,1.0,1.0
ZXDLFJ1G            ,各   ,1.0,1.0
VIOS84+64055R       ,組   ,1.0,1.0
T152UKUERL          ,組   ,1.0,1.0
WTG                 ,組   ,1.0,1.0
WISH8C4+64055R      ,組   ,1.0,1.0
04AYW3GSR           ,組   ,1.0,1.0
08ALTIST2GW         ,組   ,1.0,1.0
08ALTIST2GWL        ,條   ,1.0,1.0
05AYW3F15F          ,組   ,1.0,1.0
05AY23RF15F         ,組   ,1.0,1.0
05AY23LC15F         ,組   ,1.0,1.0
05AY23RC15F         ,組   ,1.0,1.0
05AY23FXYT          ,支   ,1.0,1.0
05AY23CXYT          ,支   ,1.0,1.0
15XTRAILTA1E2       ,組   ,1.0,1.0
D00501              ,張   ,1.0,1.0
E00692              ,張   ,1.0,1.0
E01108              ,張   ,1.0,1.0
F00708              ,張   ,1.0,1.0
F00710              ,張   ,1.0,1.0
F00712              ,張   ,1.0,1.0
F00919              ,張   ,1.0,1.0
F00921              ,張   ,1.0,1.0
F00920              ,張   ,1.0,1.0
H00390              ,張   ,1.0,1.0
K00131              ,張   ,1.0,1.0
H00380              ,張   ,1.0,1.0
M00199              ,張   ,1.0,1.0
F01051              ,張   ,1.0,1.0
02EAXS1G            ,組   ,1.0,1.0
02EAXDFXXR          ,各   ,1.0,1.0
ABROQAG1XTUA        ,組   ,1.0,1.0
GN-119WFQZVQW       ,條   ,1.0,1.0
TA-D010             ,組   ,1.0,1.0
04-07AY3WTE         ,組   ,1.0,1.0
04-07AY23J1GYT5T    ,組   ,1.0,1.0
04-07AY23LFCGR25    ,組   ,1.0,1.0
92BGHV              ,組   ,1.0,1.0
94BGGGE             ,各   ,1.0,1.0
94BGGRGY            ,各   ,1.0,1.0
SF-1244H1Y          ,各   ,1.0,1.0
ABT-517HWA5W        ,各   ,1.0,1.0
ABTD003GTVTF        ,組   ,1.0,1.0
SINENTA1.8TA1E2     ,組   ,1.0,1.0
RAV4JD              ,組   ,1.0,1.0
055REY              ,次   ,1.0,1.0
QY-42360VWGRR       ,組   ,1.0,1.0
TIERRATA1E2         ,組   ,1.0,1.0
0960-MNDF           ,次ˋ  ,1.0,1.0
0960-MNDF           ,次   ,1.0,1.0
H4100W2Q            ,各   ,1.0,1.0
13TIDAFMT           ,組   ,1.0,1.0
SF1244-1H1GUTY      ,組   ,1.0,1.0
2021ZINGERTX        ,組   ,1.0,1.0
S5RU6DFV            ,各   ,1.0,1.0
9012LED3N2Q         ,組   ,1.0,1.0
SP5510              ,組   ,1.0,1.0
CC2AGM80A           ,各   ,1.0,1.0
10ALTISTA1E2        ,組   ,1.0,1.0
08AY26TA1E2         ,組   ,1.0,1.0
GSLN1               ,ek4 ,1.0,1.0
GSLN1               ,各   ,1.0,1.0
07V2TUCSONQUW       ,組   ,1.0,1.0
2018FCOUS5MW2       ,組   ,1.0,1.0
COLTPLUST2R         ,組   ,1.0,1.0
02EAXCGRQL          ,各   ,1.0,1.0
5XGVTW              ,葛   ,1.0,1.0
5XGVTW              ,各   ,1.0,1.0
02EAXCGRQ           ,組   ,1.0,1.0
GARMIN532C          ,組   ,1.0,1.0
PNSWT001            ,組   ,1.0,1.0
PNSTL60120          ,條   ,1.0,1.0
IX35DFV             ,各   ,1.0,1.0
LE-7512             ,組   ,1.0,1.0
LE-7512CFUZ         ,各   ,1.0,1.0
PNSSUN14-L          ,組   ,1.0,1.0
TIERRADFV           ,各   ,1.0,1.0
2013WISHNQFMT       ,組   ,1.0,1.0
1MT5AB              ,組   ,1.0,1.0
1UF1A               ,組   ,1.0,1.0
8391-N8ZG           ,組   ,1.0,1.0
8391-N8XFEY         ,次   ,1.0,1.0
SL-702GXGWV         ,組   ,1.0,1.0
97RWCGR             ,各   ,1.0,1.0
PNSF202             ,組   ,1.0,1.0
Z10CVU              ,組   ,1.0,1.0
1MT5F               ,組   ,1.0,1.0
ZINGEFUFEDF         ,次   ,1.0,1.0
TX002BGXGWV         ,組   ,1.0,1.0
05VTRXFCVU          ,各   ,1.0,1.0
ZXDFU1Q             ,組   ,1.0,1.0
ZXDXQ               ,組   ,1.0,1.0
ZXDXA               ,次   ,1.0,1.0
ZXDCVN              ,各   ,1.0,1.0
ZXDUNRQ2            ,條   ,1.0,1.0
ZXDZ2RQ2            ,條   ,1.0,1.0
ZXDZVRQ2            ,條   ,1.0,1.0
ZXDGVXQEY           ,次   ,1.0,1.0
IX35XA              ,次   ,1.0,1.0
IX35XF2Q            ,各   ,1.0,1.0
IX35TXEY            ,次   ,1.0,1.0
97R2C2E             ,各   ,1.0,1.0
ZV2-CU              ,組   ,1.0,1.0
PNS1705HD           ,各   ,1.0,1.0
PNSWH002-5          ,組   ,1.0,1.0
2011CRV5MW2         ,組   ,1.0,1.0
01-07ALTISQUWCN     ,組   ,1.0,1.0
AY25A1D             ,組   ,1.0,1.0
G77LEDGYWU5HF       ,組   ,1.0,1.0
JXFYE               ,組   ,1.0,1.0
322515XF            ,組   ,1.0,1.0
YI269AW             ,組   ,1.0,1.0
P235J5C2            ,組   ,1.0,1.0
P225J5C220*13       ,yj3 ,1.0,1.0
P225J5C220*13       ,組   ,1.0,1.0
F150F2TQ            ,組   ,1.0,1.0
F160F2TQGY          ,組   ,1.0,1.0
F170F2TQW           ,yj3 ,1.0,1.0
F180F2TQ            ,組   ,1.0,1.0
RT9A2Q              ,組   ,1.0,1.0
H7OSRARN2Q          ,各   ,1.0,1.0
24VX1               ,組   ,1.0,1.0
XVCE1G              ,各   ,1.0,1.0
PNS1704HD           ,組   ,1.0,1.0
PNSCS002RUAU1E2     ,各   ,1.0,1.0
ANF52652XQ2         ,組   ,1.0,1.0
ANF5265Z2RQ2        ,條   ,1.0,1.0
ANF5265XFQ2         ,條   ,1.0,1.0
ANF5265UFGV1        ,組   ,1.0,1.0
ANF5265U1E          ,組   ,1.0,1.0
ANF5265FARVW5       ,次   ,1.0,1.0
ANF52655GQ2         ,組   ,1.0,1.0
ANF52655GQ22X       ,各   ,1.0,1.0
ANF52655GQ225       ,各   ,1.0,1.0
ANF5265QC5QW        ,組   ,1.0,1.0
ANF5265QC5Q22X      ,各   ,1.0,1.0
ANF5265G1Q          ,各   ,1.0,1.0
ANF5265RJF          ,各   ,1.0,1.0
ANF5265UFH5EY       ,次   ,1.0,1.0
2009RAVWZ2R         ,組   ,1.0,1.0
AYW34+64055R        ,組   ,1.0,1.0
IX35S1G             ,組   ,1.0,1.0
ABT-D060USBVW       ,ek4 ,1.0,1.0
07AYW32+325R        ,組   ,1.0,1.0
OUTLANDERT2R        ,組   ,1.0,1.0
YYC02USBTY          ,各   ,1.0,1.0
LIVINACGRQL         ,各   ,1.0,1.0
CRVN2W2             ,組   ,1.0,1.0
LEXUSIS5MW2         ,組   ,1.0,1.0
LEXUSIS200TA1E2     ,組   ,1.0,1.0
WISHC2G1D           ,各   ,1.0,1.0
10ALTISUVAD         ,各   ,1.0,1.0
2TMUX1              ,組   ,1.0,1.0
TAW001JMG           ,各   ,1.0,1.0
HK903FTX1           ,組   ,1.0,1.0
KY303122FE          ,支   ,1.0,1.0
GN121WW             ,組   ,1.0,1.0
RVXGY2              ,各   ,1.0,1.0
GN12036ZVQW         ,條   ,1.0,1.0
ABROGTU             ,罐   ,1.0,1.0
BUU-8103EB5         ,各   ,1.0,1.0
LE7512XECGW         ,各   ,1.0,1.0
13TIDA5MW2          ,組   ,1.0,1.0
XW0FFYFAA           ,組   ,1.0,1.0
10WISHSE1UF         ,各   ,1.0,1.0
10WISHUFVC1R        ,各   ,1.0,1.0
10WISHUFVC1L        ,各   ,1.0,1.0
10WISHNQGFMT        ,組   ,1.0,1.0
2QFWZUY             ,各   ,1.0,1.0
MIOC580VTRXF        ,組   ,1.0,1.0
2012FORTISNQFMT     ,組   ,1.0,1.0
CLA250WT            ,次   ,1.0,1.0
PNSHDF22XXEGRR      ,組   ,1.0,1.0
PS2503XBTX          ,組   ,1.0,1.0
USBGTV              ,組   ,1.0,1.0
2014WISHC2E         ,支   ,1.0,1.0
FTX1QADD            ,組   ,1.0,1.0
RVFFMT              ,組   ,1.0,1.0
7H2G                ,組   ,1.0,1.0
9006LEDNN22         ,組   ,1.0,1.0
H-326111X1          ,組   ,1.0,1.0
X1VGXVX1            ,組   ,1.0,1.0
ZXQ1G5M2Q           ,卡   ,1.0,1.0
BCF-16165TQ2        ,條   ,1.0,1.0
BCF-1616Q2EY        ,次   ,1.0,1.0
BCF-1616CVN         ,各   ,1.0,1.0
BCF-1616CVNEY       ,次   ,1.0,1.0
RWFVEY              ,次   ,1.0,1.0
CX5TX               ,組   ,1.0,1.0
2008QRVTX           ,組   ,1.0,1.0
ZV5K5DGUVTRXF       ,組   ,1.0,1.0
93XGXXQF            ,組   ,1.0,1.0
15XTREILMGWZJ       ,各   ,1.0,1.0
4.3H52TV            ,組   ,1.0,1.0
2004EAXUFT25        ,各   ,1.0,1.0
2004EAXCXXQ         ,組   ,1.0,1.0
YH268FDS2XEN        ,組   ,1.0,1.0
OUTUNDERY55R        ,組   ,1.0,1.0
PNSTK3012LEDDT5M    ,組   ,1.0,1.0
RSENH48000K2Q       ,各   ,1.0,1.0
MIO6VTRXFR          ,各   ,1.0,1.0
MIOD20VTRXF         ,組   ,1.0,1.0
EAXDFV              ,各   ,1.0,1.0
RSEND14300K2Q       ,各   ,1.0,1.0
PNSP05              ,各   ,1.0,1.0
PNSP06              ,各   ,1.0,1.0
PW-15WU1            ,各   ,1.0,1.0
YARISCORSS1E2       ,組   ,1.0,1.0
BUW-7317            ,次   ,1.0,1.0
BUW-7317XFZG        ,組   ,1.0,1.0
BUW-7317XFGBQ       ,組   ,1.0,1.0
BUW-7317XFXV        ,各   ,1.0,1.0
BUW-7317XFH5EY      ,次   ,1.0,1.0
BUW-7317UFEXRN      ,組   ,1.0,1.0
BUW73172Q           ,各   ,1.0,1.0
GZJGUVTRXF          ,組   ,1.0,1.0
W796CV5JR           ,各   ,1.0,1.0
1QRVW               ,各   ,1.0,1.0
1ERV                ,各   ,1.0,1.0
YARISCORSSNQFMT     ,組   ,1.0,1.0
LD-9JVGSR           ,次   ,1.0,1.0
LD9VTRXFV           ,各   ,1.0,1.0
U7NQGFMT            ,組   ,1.0,1.0
AY25DFV             ,各   ,1.0,1.0
05GUVTRXFVW         ,條   ,1.0,1.0
2013EAX055R         ,組   ,1.0,1.0
IX35RUV             ,組   ,1.0,1.0
2XDC2D              ,各   ,1.0,1.0
S5RU7GT2WQ          ,組   ,1.0,1.0
BHD-59172FUXE5F     ,組   ,1.0,1.0
ABTE091ZDJMAIGDJVJF ,組   ,1.0,1.0
ABTD0040FRGZE1V     ,件   ,1.0,1.0
TAA013RUUVW5        ,件   ,1.0,1.0
ABTE08195WXCRDTPD   ,組   ,1.0,1.0
TAA055DQF0FTV       ,組   ,1.0,1.0
ABTD002             ,組   ,1.0,1.0
2012TIDANQFMT       ,組   ,1.0,1.0
2012TIDATA1E2       ,組   ,1.0,1.0
JA-16VTF            ,組   ,1.0,1.0
U75MW2              ,組   ,1.0,1.0
23YARIS5MW2         ,組   ,1.0,1.0
15FCOUSTA1E2        ,組   ,1.0,1.0
RSENUE16HMG         ,支   ,1.0,1.0
PNSS36              ,組   ,1.0,1.0
WISH701QUW          ,組   ,1.0,1.0
ZINGERUV            ,各   ,1.0,1.0
WISH4+64055R        ,組   ,1.0,1.0
UTEY                ,次   ,1.0,1.0
XWH5EY              ,次   ,1.0,1.0
5E2C                ,組   ,1.0,1.0
LE-7512Z2R          ,組   ,1.0,1.0
LE-7512R2F          ,各   ,1.0,1.0
LE-7512Z2REY        ,次   ,1.0,1.0
AY25054+645R        ,組   ,1.0,1.0
XXC2D               ,各   ,1.0,1.0
FCOUSQGW            ,各   ,1.0,1.0
ID300KUV            ,各   ,1.0,1.0
6YQD                ,各   ,1.0,1.0
AR002QFE2-          ,組   ,1.0,1.0
AR003QFE2-          ,組   ,1.0,1.0
AR008QFE2-          ,組   ,1.0,1.0
RSENUE18HMG         ,支   ,1.0,1.0
RSEN93ZVQW          ,各   ,1.0,1.0
Z10GUVTRXF20A       ,組   ,1.0,1.0
PNSHDS04-C          ,組   ,1.0,1.0
82VACVN             ,各   ,1.0,1.0
LW-P001             ,各   ,1.0,1.0
XUGGX6GUVTRXFGPS    ,yj3 ,1.0,1.0
XUGGX6GUVTRXFGPS    ,組   ,1.0,1.0
08EAX2.4FMT         ,組   ,1.0,1.0
12AY25TA1E2         ,組   ,1.0,1.0
MXXDFMT             ,組   ,1.0,1.0
V18H4LED22          ,組   ,1.0,1.0
GGCGRR              ,組   ,1.0,1.0
A8ZV27W92CE         ,各   ,1.0,1.0
TCOUSTA1E2          ,各   ,1.0,1.0
ESCAPEFMT           ,組   ,1.0,1.0
RSEN90068000K2Q     ,各   ,1.0,1.0
03LANCH058C3+325R   ,組   ,1.0,1.0
03LANCHXFVE         ,各   ,1.0,1.0
ESCAPE2+32055R      ,組   ,1.0,1.0
07LIVINAGTQ         ,組   ,1.0,1.0
15EAXNQFMT          ,組   ,1.0,1.0
WISH4+64+CR5R       ,組   ,1.0,1.0
FIT2+32055R         ,組   ,1.0,1.0
ERQ60J2U            ,各   ,1.0,1.0
BGFUV               ,各   ,1.0,1.0
D1SLED22            ,組   ,1.0,1.0
13RAV4TA1E2         ,組   ,1.0,1.0
BGN-19025GQ2        ,條   ,1.0,1.0
BGN-19025GQ22X      ,個   ,1.0,1.0
BGN-19025GQ2252X    ,個   ,1.0,1.0
BGN-1902QC5Q2       ,個   ,1.0,1.0
BGN-1902            ,個   ,1.0,1.0
BGN-1902RU1UZ       ,個   ,1.0,1.0
BGN-1902DFXXE5F     ,個   ,1.0,1.0
BGN-1902Z2QYT       ,個   ,1.0,1.0
BGN-19025GEY        ,次   ,1.0,1.0
1998TGEUR5          ,1   ,1.0,1.0
1998TGEUR5          ,組   ,1.0,1.0
1998Z2QE            ,組   ,1.0,1.0
1998BGZCW           ,組   ,1.0,1.0
NXGRANDTA1E2        ,組   ,1.0,1.0
KY-227-CUX1         ,各   ,1.0,1.0
WMVWVJZVQW          ,組   ,1.0,1.0
WVJV1               ,組   ,1.0,1.0
CVWVJC1             ,組   ,1.0,1.0
F1WFRGRR            ,組   ,1.0,1.0
2015RAV4JD          ,組   ,1.0,1.0
LE7512QFE           ,支   ,1.0,1.0
USB5RW              ,各   ,1.0,1.0
RSEND243000K2Q      ,各   ,1.0,1.0
TYPER900655W1E2Q    ,組   ,1.0,1.0
2015RAV4TA1E2       ,組   ,1.0,1.0
ERQ80D23LUCR2T      ,各   ,1.0,1.0
LE-7512UT           ,次   ,1.0,1.0
ABTA077             ,組   ,1.0,1.0
ABT-D007            ,組   ,1.0,1.0
ABT-E094            ,組   ,1.0,1.0
ABT-A179            ,組   ,1.0,1.0
Z10CTUTV            ,條   ,1.0,1.0
PNS-P07-01          ,條   ,1.0,1.0
2TX2U               ,各   ,1.0,1.0
5287-EQ4+64055R     ,組   ,1.0,1.0
QD                  ,組   ,1.0,1.0
08ALTISCGR2R        ,各   ,1.0,1.0
BNF-6175055R        ,組   ,1.0,1.0
ABT-A079EUT2GRR     ,個   ,1.0,1.0
ABTA159JMXFDGRR     ,ek4 ,1.0,1.0
ABT-A164GN1GR5RVY   ,個   ,1.0,1.0
BHD-5719XFNBQ       ,組   ,1.0,1.0
BHD-5719Q5Z         ,組   ,1.0,1.0
BHD-5719XFFR        ,次   ,1.0,1.0
BHD-5719XA          ,次   ,1.0,1.0
PNS-HD39UCRJFGRR    ,組   ,1.0,1.0
PNS-HDF39-GRUCRJFN1 ,組   ,1.0,1.0
PNS-HG09            ,組   ,1.0,1.0
PNS-F520            ,組   ,1.0,1.0
T10-3528            ,組   ,1.0,1.0
T10-3030            ,組   ,1.0,1.0
ESCAPE4QFMT         ,組   ,1.0,1.0
AF003ZWQ2W          ,各   ,1.0,1.0
F16X5Q5XN           ,卡   ,1.0,1.0
QAJFTNFTR           ,罐   ,1.0,1.0
R25MW2              ,組   ,1.0,1.0
SIENTA5MW2          ,組   ,1.0,1.0
AWL-57724+645R      ,組   ,1.0,1.0
ABTE095             ,組   ,1.0,1.0
ABTE084             ,各   ,1.0,1.0
H7LED28W5G          ,組   ,1.0,1.0
H11LED28W22         ,組   ,1.0,1.0
PNSS37TY            ,組   ,1.0,1.0
YARIS062225         ,yj3 ,1.0,1.0
YARIS062225         ,組   ,1.0,1.0
KH-8281WERY         ,組   ,1.0,1.0
TUVERY              ,組   ,1.0,1.0
ZINGERCYCE          ,支   ,1.0,1.0
ZINGERCVC2          ,支   ,1.0,1.0
96R2CGRE            ,組   ,1.0,1.0
96R2CGRQ            ,各   ,1.0,1.0
2280-MRG1Q          ,組   ,1.0,1.0
2280-MRZ2R          ,組   ,1.0,1.0
2280-MR             ,組   ,1.0,1.0
2280-MRVGE          ,支   ,1.0,1.0
2280-MRGVR2         ,罐   ,1.0,1.0
PNSSUN16-L          ,各   ,1.0,1.0
6802-QKYCQ2         ,組   ,1.0,1.0
6802-QKXFQ2         ,條   ,1.0,1.0
6802-QKGTU1U        ,組   ,1.0,1.0
6802-QJRFA1U        ,次   ,1.0,1.0
6802-QKQUYVW1U      ,次   ,1.0,1.0
CHRTA1E2            ,組   ,1.0,1.0
ERQ60UCR2Q          ,各   ,1.0,1.0
ROGUE055R           ,組   ,1.0,1.0
ESCAPEFRQCE         ,支   ,1.0,1.0
CLA250ABSE5F        ,組   ,1.0,1.0
T5GEBA              ,張   ,1.0,1.0
T-137               ,罐   ,1.0,1.0
C551GR              ,罐   ,1.0,1.0
PNSSD1027           ,組   ,1.0,1.0
CARMATERU5UR        ,罐   ,1.0,1.0
2018VIOS5MW2        ,組   ,1.0,1.0
VUS1GR              ,組   ,1.0,1.0
FORTISCVN           ,各   ,1.0,1.0
1VN2Q               ,片   ,1.0,1.0
12ELANTRAGTUE5      ,組   ,1.0,1.0
AFK-2537EZR         ,組   ,1.0,1.0
AFK-2537EZREY       ,次   ,1.0,1.0
2TXWGJVNU           ,組   ,1.0,1.0
2022CBG             ,組   ,1.0,1.0
UXZMG1              ,支   ,1.0,1.0
IMAXTA1E2           ,組   ,1.0,1.0
05VIOSCGRQR         ,片   ,1.0,1.0
ZXDCGRR             ,組   ,1.0,1.0
PRIUS1.5TA1E2       ,組   ,1.0,1.0
PRUISXFV            ,各   ,1.0,1.0
PRUISDFV            ,各   ,1.0,1.0
PNSSUN19            ,各   ,1.0,1.0
03ALTISERR          ,組   ,1.0,1.0
TA-E015             ,組   ,1.0,1.0
XARATA1E2           ,組   ,1.0,1.0
04WISHCGRQR         ,片   ,1.0,1.0
2017FCOUSRABSE5F    ,組   ,1.0,1.0
RAV48128            ,組   ,1.0,1.0
WISH8+128055R       ,組   ,1.0,1.0
LD-7FJV             ,次   ,1.0,1.0
13A2-8+32+CAN       ,組   ,1.0,1.0
14CRVTA1E2          ,駔   ,1.0,1.0
14CRV4QFMT          ,組   ,1.0,1.0
13A2-NQFMT          ,組   ,1.0,1.0
06YARISTA1E2        ,組   ,1.0,1.0
EXXTA1E2            ,組   ,1.0,1.0
CLA250XFXJ          ,各   ,1.0,1.0
CCZVQW              ,條   ,1.0,1.0
GN290GVR            ,罐   ,1.0,1.0
GN-293MGG           ,罐   ,1.0,1.0
2ZSIRIONDFV         ,各   ,1.0,1.0
2017FCOUSYE5F       ,組   ,1.0,1.0
PNSFB1801           ,各   ,1.0,1.0
ABTE0772XGVTF       ,組   ,1.0,1.0
V189005LED22        ,組   ,1.0,1.0
V189006LED22        ,組   ,1.0,1.0
V18H11LED22         ,組   ,1.0,1.0
V18NH7LED22         ,組   ,1.0,1.0
V18N9012LED22       ,組   ,1.0,1.0
FCOUS5MRU           ,罐   ,1.0,1.0
FCOUS5MXFXJ         ,各   ,1.0,1.0
FCOUSDFV            ,各   ,1.0,1.0
RSEN90066000K2Q     ,各   ,1.0,1.0
HRVXQGFMT           ,組   ,1.0,1.0
02EAX2XUE           ,組   ,1.0,1.0
RSENEFFVR           ,罐   ,1.0,1.0
01ALTISUD5D         ,各   ,1.0,1.0
PNSTPC003           ,組   ,1.0,1.0
0760-TPZ2R          ,組   ,1.0,1.0
0760-TPGV           ,組   ,1.0,1.0
0760-TPYFT25        ,組   ,1.0,1.0
0760-TPGV5R         ,各   ,1.0,1.0
0760-TPGVE          ,各   ,1.0,1.0
0760-TPGVWNE        ,各   ,1.0,1.0
0762-TPEY           ,次   ,1.0,1.0
XUG3UVTRXF          ,組   ,1.0,1.0
2QT2                ,次   ,1.0,1.0
ABT-E711TT          ,各   ,1.0,1.0
3313-TPF1E          ,組   ,1.0,1.0
3313-TPF1EDF        ,次   ,1.0,1.0
3313-TPUCA1D        ,次   ,1.0,1.0
PNSHDF28            ,組   ,1.0,1.0
PNSHDF29            ,組   ,1.0,1.0
JGWA5               ,組   ,1.0,1.0
05FCOUSUV           ,各   ,1.0,1.0
05FCOUSDFV          ,各   ,1.0,1.0
05FCOUSCVA1         ,組   ,1.0,1.0
3VXTA1E2            ,組   ,1.0,1.0
VIOSUCSG1           ,次   ,1.0,1.0
08ALTISCUW          ,組   ,1.0,1.0
DE-352EF            ,組   ,1.0,1.0
70A1VN              ,各   ,1.0,1.0
100A1VN             ,各   ,1.0,1.0
6069-RG             ,組   ,1.0,1.0
HNFJV               ,次   ,1.0,1.0
XASX4054+645R       ,組   ,1.0,1.0
ABT-D005            ,組   ,1.0,1.0
XASX4TA1E2          ,組   ,1.0,1.0
GN-102EF            ,組   ,1.0,1.0
V2STAREXZG          ,各   ,1.0,1.0
GPSWVEY             ,次   ,1.0,1.0
22EY                ,次   ,1.0,1.0
703TZD5XGRR         ,組   ,1.0,1.0
709U11GRR           ,組   ,1.0,1.0
712XFDGRR           ,組   ,1.0,1.0
12EAXFMT            ,組   ,1.0,1.0
MIMI2Q              ,各   ,1.0,1.0
FOCUSR2F            ,各   ,1.0,1.0
YH3702XENJV         ,次   ,1.0,1.0
64GRUD              ,各   ,1.0,1.0
7D3237Q2            ,組   ,1.0,1.0
SUFEUV              ,各   ,1.0,1.0
SUFECUEY            ,次   ,1.0,1.0
KYKMGR              ,罐   ,1.0,1.0
OULLANDERW2         ,組   ,1.0,1.0
PNS1706HDUSB5VGUTY  ,組   ,1.0,1.0
15ALTIS5MW2         ,組   ,1.0,1.0
345LNDU2T2Q         ,各   ,1.0,1.0
24VRG22QG           ,組   ,1.0,1.0
U6FMT               ,組   ,1.0,1.0
13VIOSFMTXQ         ,組   ,1.0,1.0
BCF161617XF         ,各   ,1.0,1.0
13VIOSCFMT          ,組   ,1.0,1.0
13TIDA4QFMT         ,組   ,1.0,1.0
GOLFUVUVE           ,組   ,1.0,1.0
99R2CAW2            ,各   ,1.0,1.0
CARW2               ,組   ,1.0,1.0
2XDR2F              ,組   ,1.0,1.0
99GD5MW2            ,1   ,1.0,1.0
12BMWX55MW2         ,1   ,1.0,1.0
BHD-5917            ,個   ,1.0,1.0
VH                  ,米   ,1.0,1.0
17SU5FL             ,個   ,1.0,1.0
17SXCFR             ,個   ,1.0,1.0
17SXCRL             ,個   ,1.0,1.0
17SXCRR             ,個   ,1.0,1.0
2015CRVCAFT+CV      ,組   ,1.0,1.0
GOLTPLUSGSR         ,個   ,1.0,1.0
2FWBE               ,各   ,1.0,1.0
WJD                 ,組   ,1.0,1.0
GR                  ,次   ,1.0,1.0
BCF-1616V2Q         ,各   ,1.0,1.0
PNSHUDS1            ,組   ,1.0,1.0
PNSHDF43            ,組   ,1.0,1.0
13R2FMT             ,組   ,1.0,1.0
10WISHCW            ,各   ,1.0,1.0
0760-T9WISHF2EB5    ,次   ,1.0,1.0
XTRAILRUV           ,各   ,1.0,1.0
XTRAILDFV           ,各   ,1.0,1.0
XTRAILXFXJ          ,各   ,1.0,1.0
BEV-83298C+128055R  ,組   ,1.0,1.0
01ALTISTA5DYF       ,各   ,1.0,1.0
XB-306ZEW5          ,各   ,1.0,1.0
MIOD22GPSVTRXF      ,組   ,1.0,1.0
J00391              ,張   ,1.0,1.0
K00460              ,張   ,1.0,1.0
J00398              ,各   ,1.0,1.0
0760-T9WISH0513H5R  ,組   ,1.0,1.0
0760-T9CREY         ,次   ,1.0,1.0
RSENQEGXR           ,罐   ,1.0,1.0
RSENB12W            ,罐   ,1.0,1.0
PG10671UF           ,各   ,1.0,1.0
PD12012MRW          ,各   ,1.0,1.0
BAL-7633EB5         ,組   ,1.0,1.0
RSENVTR             ,罐   ,1.0,1.0
GARMIN762C          ,組   ,1.0,1.0
10WISHXF15H15       ,各   ,1.0,1.0
DUCA2HW2            ,組   ,1.0,1.0
01-08ALTISDFV       ,各   ,1.0,1.0
0760-T9UCA1R        ,次   ,1.0,1.0
0760-T9UCAEW1R      ,次   ,1.0,1.0
0760-T9UCADF        ,次   ,1.0,1.0
0760-T9UCAEWDF      ,次   ,1.0,1.0
TYPERH8CR2Q         ,組   ,1.0,1.0
JOHNSENSNTRRU       ,罐   ,1.0,1.0
JOHNSENTUUR         ,罐   ,1.0,1.0
3CUDTGWWU2FT        ,組   ,1.0,1.0
SP3098IDFRTMXRW     ,各   ,1.0,1.0
V2QWV1JTURW2        ,組   ,1.0,1.0
J00354CMGIX35       ,支   ,1.0,1.0
512G                ,ek4 ,1.0,1.0
G206GVR             ,罐   ,1.0,1.0
T9ET1CQR            ,罐   ,1.0,1.0
CGRVTRXFR           ,各   ,1.0,1.0
SF0014              ,卡   ,1.0,1.0
10WISHRUV           ,各   ,1.0,1.0
10WISHRUVE          ,各   ,1.0,1.0
ABT-D2330WR2F22M    ,組   ,1.0,1.0
S54AS1VNQRV         ,各   ,1.0,1.0
S27-52Z211AS1VN     ,卡   ,1.0,1.0
S53213TG1VNJ1VN     ,卡   ,1.0,1.0
10WISHD-            ,各   ,1.0,1.0
10WISHCVN           ,各   ,1.0,1.0
8391-N8UNFR2F       ,各   ,1.0,1.0
8391-N8UER          ,次   ,1.0,1.0
8391-N8XA           ,次   ,1.0,1.0
8391-N8XAHXEY       ,次   ,1.0,1.0
8391-N8XAFV         ,次   ,1.0,1.0
USB095              ,條   ,1.0,1.0
ID202T152U          ,組   ,1.0,1.0
U21                 ,支   ,1.0,1.0
TOWNZG              ,各   ,1.0,1.0
3313-T9             ,次   ,1.0,1.0
3313-T9F            ,個   ,1.0,1.0
3313-T9XW           ,個   ,1.0,1.0
Q8LEDH43N           ,組   ,1.0,1.0
Q8H11LED3N2Q        ,組   ,1.0,1.0
Q89006LED3N2Q       ,組   ,1.0,1.0
Q8H7LED3N2Q         ,組   ,1.0,1.0
GN756               ,個   ,1.0,1.0
J00347              ,條   ,1.0,1.0
FIESTA5MMG          ,組   ,1.0,1.0
2016WISHT2R         ,組   ,1.0,1.0
2016WISHUR          ,組   ,1.0,1.0
PNS-CS150           ,組   ,1.0,1.0
PNS-CS150FW         ,組   ,1.0,1.0
PNS-CS150FAC        ,組   ,1.0,1.0
PNSP012             ,各   ,1.0,1.0
PNS-SCUP11          ,組   ,1.0,1.0
DQ-003F2C1          ,個   ,1.0,1.0
DQ-003E-13X1VOMNN   ,個   ,1.0,1.0
BA-10055C55ZAP6QGR  ,個   ,1.0,1.0
B-22208C55AWQAFRR   ,個   ,1.0,1.0
09WISHFMT           ,組   ,1.0,1.0
BPT-3788XW          ,各   ,1.0,1.0
10AY23FMT           ,組   ,1.0,1.0
03EAXFXXQ           ,組   ,1.0,1.0
VTRXFVQ             ,組   ,1.0,1.0
F00522              ,個   ,1.0,1.0
I00022              ,張   ,1.0,1.0
LEO007R             ,卷   ,1.0,1.0
LEO007Y             ,卷   ,1.0,1.0
LEO694Y             ,卷   ,1.0,1.0
LEO695Y             ,卷   ,1.0,1.0
LEO720GR            ,卷   ,1.0,1.0
RSENT10CQ2Q         ,卡   ,1.0,1.0
2010LRXUSRX450      ,組   ,1.0,1.0
GS-562202Q          ,各   ,1.0,1.0
RS-08WV             ,組   ,1.0,1.0
AS1VN               ,各   ,1.0,1.0
T1GUVTRXF           ,組   ,1.0,1.0
99UXZMG1ZQGW        ,支   ,1.0,1.0
J03160              ,組   ,1.0,1.0
J03164              ,組   ,1.0,1.0
J03172              ,組   ,1.0,1.0
5C2                 ,片   ,1.0,1.0
18BMWX25MW2         ,個   ,1.0,1.0
M0069BB             ,個   ,1.0,1.0
T0020C2             ,卷   ,1.0,1.0
J0341B              ,卡   ,1.0,1.0
YH9357              ,卡   ,1.0,1.0
X685DH5R            ,組   ,1.0,1.0
WVJJ2WV             ,卡   ,1.0,1.0
3MT1GAR             ,卷   ,1.0,1.0
L1383.1AT2V         ,組   ,1.0,1.0
BY-55D23L           ,只   ,1.0,1.0
HG-022              ,罐   ,1.0,1.0
T-TW162             ,組   ,1.0,1.0
JX5E9006CR2Q        ,組   ,1.0,1.0
MIOD35              ,組   ,1.0,1.0
HG-019              ,罐   ,1.0,1.0
S-12006             ,罐   ,1.0,1.0
HD-12               ,罐   ,1.0,1.0
PNSF410BK24         ,個   ,1.0,1.0
KY3301FE            ,組   ,1.0,1.0
BG1UW               ,組   ,1.0,1.0
10WISHXXQ           ,個   ,1.0,1.0
10WISHZ2R           ,個   ,1.0,1.0
10WISHUNR2TZ        ,個   ,1.0,1.0
10WISHZ2REY         ,次   ,1.0,1.0
10WISHUNR2TZT5EY    ,次   ,1.0,1.0
10WISH2QT5EY        ,次   ,1.0,1.0
TEANAXXQ            ,組   ,1.0,1.0
XTRAILS51UW         ,組   ,1.0,1.0
2055516BSNH100      ,個   ,1.0,1.0
BH-008-A02          ,個   ,1.0,1.0
R134ZCGUX1          ,組   ,1.0,1.0
XA                  ,kg  ,1.0,1.0
RSENT104R10         ,卡   ,1.0,1.0
ELANTRAJU           ,組   ,1.0,1.0
MR002ZEQ            ,組   ,1.0,1.0
MS003MVZEQ          ,組   ,1.0,1.0
RTV2000             ,組   ,1.0,1.0
YC020CAZVQW         ,條   ,1.0,1.0
FA003U15JR          ,各   ,1.0,1.0
GN-338EUW           ,組   ,1.0,1.0
DC-035FJ2           ,組   ,1.0,1.0
YARISCXXQ           ,組   ,1.0,1.0
YARISGTUEC          ,次   ,1.0,1.0
FC-1166J2           ,組   ,1.0,1.0
01ALTISQUW          ,組   ,1.0,1.0
RSEN1UFTR           ,罐   ,1.0,1.0
NP-747XCRV22M       ,組   ,1.0,1.0
ZWHILUXTA1E2        ,組   ,1.0,1.0
JOHNSE2XZVQU        ,罐   ,1.0,1.0
SP-7741YQW1         ,組   ,1.0,1.0
NC1                 ,組   ,1.0,1.0
C55GXCMR            ,罐   ,1.0,1.0
CORSS1.8TA1E2       ,組   ,1.0,1.0
BCF-16162CVF        ,各   ,1.0,1.0
ANW-0195TUYT        ,組   ,1.0,1.0
2019FOCUS5MMG       ,組   ,1.0,1.0
PNS-ATY01VVR        ,組   ,1.0,1.0
PNS-ATY05VVR        ,組   ,1.0,1.0
PNSATY01VG1T1       ,各   ,1.0,1.0
PNSATY05VG1TU       ,罐   ,1.0,1.0
ZNT62-QUW           ,各   ,1.0,1.0
T62-QQUW            ,各   ,1.0,1.0
5EXW                ,個   ,1.0,1.0
COROLLACROSSXC      ,組   ,1.0,1.0
CLA250RUT           ,組   ,1.0,1.0
ANW-01955EXW        ,各   ,1.0,1.0
PNS-F0835           ,組   ,1.0,1.0
BMWVVXTA1E2         ,組   ,1.0,1.0
NO2062FR            ,組   ,1.0,1.0
12MAUCHFMT          ,組   ,1.0,1.0
16HRVTA1E2          ,組   ,1.0,1.0
16TUCSONTA1E2       ,yj3 ,1.0,1.0
16TUCSONTA1E2       ,組   ,1.0,1.0
TOWNACETA1E2        ,組   ,1.0,1.0
S5RU7TA1E2          ,組   ,1.0,1.0
GS125D31L2Q         ,各   ,1.0,1.0
9652FR              ,組   ,1.0,1.0
VBDRWCX             ,罐   ,1.0,1.0
SF0015              ,組   ,1.0,1.0
5ED2R               ,組   ,1.0,1.0
T1GUVTRXFF          ,組   ,1.0,1.0
VAXMG1              ,支   ,1.0,1.0
9012LED28W          ,組   ,1.0,1.0
PNSHDF44            ,組   ,1.0,1.0
12VACGRU            ,組   ,1.0,1.0
8391-M8EB5          ,片   ,1.0,1.0
Q89012NNLED         ,組   ,1.0,1.0
J00358              ,支   ,1.0,1.0
0760-T9XW2J         ,次   ,1.0,1.0
AZE-7328EZR         ,組   ,1.0,1.0
AZE-7328XFHX        ,次   ,1.0,1.0
AZE-7328XA          ,次   ,1.0,1.0
AZE-7328XFFV        ,次   ,1.0,1.0
T5EY                ,次   ,1.0,1.0
ZGR2F               ,組   ,1.0,1.0
CT01NXCMR           ,罐   ,1.0,1.0
PEAKGVR             ,罐   ,1.0,1.0
MT600GJT2R          ,組   ,1.0,1.0
FTF25U              ,組   ,1.0,1.0
PNS-MS001           ,組   ,1.0,1.0
NRCNCW2             ,片   ,1.0,1.0
1VNAY               ,各   ,1.0,1.0
PNSNS001            ,組   ,1.0,1.0
2014EAXFMT          ,組   ,1.0,1.0
PNSSCUP12           ,組   ,1.0,1.0
06EAX2+32105R       ,組   ,1.0,1.0
T1GUVTRXFVW         ,條   ,1.0,1.0
COROLLACORSSDFV     ,各   ,1.0,1.0
COROLLACROSSU2      ,各   ,1.0,1.0
14YARISDFV          ,各   ,1.0,1.0
08ALTISQGWYT        ,組   ,1.0,1.0
08WISHA1E           ,各   ,1.0,1.0
1GW117FXXQ          ,組   ,1.0,1.0
1GW117FWQ           ,組   ,1.0,1.0
1GW117FE5V          ,各   ,1.0,1.0
1GW117XXQEY         ,次   ,1.0,1.0
JS033152            ,組   ,1.0,1.0
832YW               ,各   ,1.0,1.0
H112HEJW            ,組   ,1.0,1.0
AYJ-7187YQU         ,次   ,1.0,1.0
FIESTAFMT4Q         ,組   ,1.0,1.0
12EAXFM4Q           ,組   ,1.0,1.0
5338-M3EB5          ,組   ,1.0,1.0
5Y5T1CVU15A         ,組   ,1.0,1.0
C1-67V1UF           ,組   ,1.0,1.0
13HXE               ,組   ,1.0,1.0
H152Q               ,各   ,1.0,1.0
20PORTER            ,組   ,1.0,1.0
2020ALTIS5MW2       ,組   ,1.0,1.0
1GW117CXXQ          ,組   ,1.0,1.0
1GW117C2Q           ,組   ,1.0,1.0
1GW117CE5V          ,組   ,1.0,1.0
1G117CXXQ05EY       ,次   ,1.0,1.0
J00344CMG           ,支   ,1.0,1.0
E00550              ,張   ,1.0,1.0
E00726              ,張   ,1.0,1.0
E00727              ,張   ,1.0,1.0
E00728              ,張   ,1.0,1.0
H00281              ,張   ,1.0,1.0
2ZTERIOSQUW         ,組   ,1.0,1.0
PNSHDF42            ,組   ,1.0,1.0
H3CVY               ,組   ,1.0,1.0
06YARISCXXQ         ,組   ,1.0,1.0
06YARISFXXQ         ,組   ,1.0,1.0
06YARISCGTZ1        ,組   ,1.0,1.0
06YARISCYGTZ1       ,組   ,1.0,1.0
12VAXXQ             ,組   ,1.0,1.0
GN-091-W0F2         ,組   ,1.0,1.0
SIENTAJ1G           ,組   ,1.0,1.0
ABTE102YJVDFFRR     ,組   ,1.0,1.0
19ALTIS8C05R        ,組   ,1.0,1.0
7905D               ,組   ,1.0,1.0
NV5RW               ,各   ,1.0,1.0
FCOUS2Q             ,各   ,1.0,1.0
09M7C2E             ,支   ,1.0,1.0
04EAXFMT2Q          ,組   ,1.0,1.0
R48JE               ,支   ,1.0,1.0
08ALTISUC2S1        ,各   ,1.0,1.0
0769-T9F1EDF        ,次   ,1.0,1.0
CR1632              ,各   ,1.0,1.0
ZW2Y                ,各   ,1.0,1.0
08GOLF10055R        ,組   ,1.0,1.0
9012OSRAM2Q         ,各   ,1.0,1.0
CROSS4QFMT          ,組   ,1.0,1.0
VUXXQ               ,組   ,1.0,1.0
AVA7H055R           ,組   ,1.0,1.0
SIENTA054+645R      ,組   ,1.0,1.0
2020RAV4FMTNQ       ,組   ,1.0,1.0
97EAXFMT            ,組   ,1.0,1.0
07CRV4+645R         ,組   ,1.0,1.0
REDGD1005           ,組   ,1.0,1.0
COWD2T              ,組   ,1.0,1.0
RY-GT2225           ,組   ,1.0,1.0
CBP01               ,各   ,1.0,1.0
RDTV3               ,支   ,1.0,1.0
CO2M-B              ,條   ,1.0,1.0
REYU836             ,組   ,1.0,1.0
YARISCROSS055R4+64  ,組   ,1.0,1.0
8891-AEUX1          ,組   ,1.0,1.0
SOLIOCXXQ           ,組   ,1.0,1.0
SOLIOCGTV           ,條   ,1.0,1.0
BEQ-7162XXQ05EY     ,次'  ,1.0,1.0
BEQ-7162XXQ05EY     ,次   ,1.0,1.0
LIVINARC2D          ,各   ,1.0,1.0
C00433              ,張   ,1.0,1.0
C00436              ,張   ,1.0,1.0
D00316              ,張   ,1.0,1.0
D00501R             ,張   ,1.0,1.0
E00472              ,張   ,1.0,1.0
E00482              ,張   ,1.0,1.0
E00621              ,張   ,1.0,1.0
E00678              ,張   ,1.0,1.0
E00679              ,張   ,1.0,1.0
E00871              ,張   ,1.0,1.0
E00895              ,張   ,1.0,1.0
E00928              ,張   ,1.0,1.0
E00931              ,張   ,1.0,1.0
E00969              ,張   ,1.0,1.0
E01041              ,張   ,1.0,1.0
E010999             ,張   ,1.0,1.0
E00251              ,張   ,1.0,1.0
F00368              ,張   ,1.0,1.0
F00428              ,張   ,1.0,1.0
F00533              ,張   ,1.0,1.0
F00750              ,張   ,1.0,1.0
F00838              ,張   ,1.0,1.0
F00851              ,張   ,1.0,1.0
F00855              ,張   ,1.0,1.0
F00957              ,張   ,1.0,1.0
H00234              ,張   ,1.0,1.0
H00351              ,張   ,1.0,1.0
H00574              ,張   ,1.0,1.0
H00579              ,張   ,1.0,1.0
H00630              ,張   ,1.0,1.0
H00631              ,張   ,1.0,1.0
J00359              ,張   ,1.0,1.0
K00394              ,朝   ,1.0,1.0
LED0437             ,組   ,1.0,1.0
LEO547              ,張   ,1.0,1.0
LEO06950            ,張   ,1.0,1.0
LEO437              ,組   ,1.0,1.0
V52                 ,各   ,1.0,1.0
3R-2252             ,組   ,1.0,1.0
FORTIS05+CR         ,組   ,1.0,1.0
CRVNQFMT            ,組   ,1.0,1.0
EWXJ2               ,各   ,1.0,1.0
180TA1E2DZ          ,組   ,1.0,1.0
362UTV              ,組   ,1.0,1.0
EUX1                ,組   ,1.0,1.0
VBDSAVY5UX          ,組   ,1.0,1.0
ERHVTX              ,罐   ,1.0,1.0
VBDQEJDFTR          ,罐   ,1.0,1.0
09ALTISDFV          ,各   ,1.0,1.0
08ALTISCGRR         ,各   ,1.0,1.0
19ALTISDFV          ,各   ,1.0,1.0
CARDIO84+645R       ,組   ,1.0,1.0
CLARF2E             ,組   ,1.0,1.0
H424V222Q           ,組   ,1.0,1.0
09ALTIS1UW          ,組   ,1.0,1.0
08ALTISCGRQ         ,片   ,1.0,1.0
