prdno,prdnm,classno,qty,pcost,dead_value,lastin,lastout,last_activity,idle_days,isstock
ID300K5252U,ID-300K主動重低音                                                ,A01,4.0,5500.0,22000.0,2023-05-03,2023-03-15,2023-05-03,1074.0,Y
V15XCRVTRXF,V15鋁合金行車紀錄器                                                 ,A01,14.0,1500.0,21000.0,2022-03-15,2022-10-14,2022-10-14,1275.0,Y
WISH4+64055R,WISH 4+64安卓主機                                               ,A01,1.0,9500.0,9500.0,2024-02-04,,2024-02-04,797.0,Y
2015EAX84+64055R,2015冠美麗8核4+64安卓主機                                           ,A01,1.0,9500.0,9500.0,2022-12-05,,2022-12-05,1223.0,Y
LD7GVVTRXF,LD-7雙眼行車記錄器                                                 ,A01,4.0,2000.0,8000.0,2024-05-27,2024-05-21,2024-05-27,684.0,Y
08ALTIS1C2+32055R,08-13ALTIS 八核2+32安卓主機                                       ,A01,1.0,7500.0,7500.0,2022-10-05,,2022-10-05,1284.0,Y
COLTPOLS2+32055R,COLT POLS2+32安卓主機                                           ,A01,1.0,7500.0,7500.0,2024-03-27,2022-09-24,2024-03-27,745.0,Y
V81VTRXF,V81行車記錄器雙眼(V37)                                             ,A01,6.0,1200.0,7200.0,2021-11-03,2022-10-14,2022-10-14,1275.0,Y
ZV5T8RTVTRXF,發現者T8行車記錄器+GPS                                              ,A01,1.0,6000.0,6000.0,2022-11-24,,2022-11-24,1234.0,Y
ID6.5TZUX1,ID 6.5T喇叭                                                   ,A01,2.0,2800.0,5600.0,2023-04-27,2023-08-08,2023-08-08,977.0,Y
2280-MRZ2R,[車牌]冠美麗發電機(士電)                                           ,A01,1.0,5500.0,5500.0,2024-06-15,2024-06-15,2024-06-15,665.0,Y
PNSHG01,車用萬用掛勾 後枕頭 360度旋轉                                           ,A01,211.0,25.0,5275.0,2021-12-29,,2021-12-29,1564.0,Y
ID5*7X1,ID5*7喇叭                                                     ,A01,5.0,900.0,4500.0,2025-03-13,2023-07-11,2025-03-13,394.0,Y
GARMIN532C,GARMIN 53導航                                                 ,A01,1.0,4500.0,4500.0,2025-01-18,2025-01-16,2025-01-18,448.0,Y
05AYW3XW,05馬自達3輪胎                                                    ,A01,2.0,2200.0,4400.0,2020-12-16,2020-12-16,2020-12-16,1942.0,Y
ZV5Q5VTRXF,發現者Q5行車記錄器                                                  ,A01,3.0,1400.0,4200.0,2021-12-26,2022-03-07,2022-03-07,1496.0,Y
Z16GUVTRXF,Z16機車雙眼行車紀錄器                                                ,A01,1.0,4000.0,4000.0,2022-12-26,,2022-12-26,1202.0,Y
ABTD002,大吸力直立旋風無限吸塵器                                                ,A01,3.0,1250.0,3750.0,2025-01-03,,2025-01-03,463.0,Y
WFJA,導氣碳纖維膜(黑1.52*30)                                            ,A01,26.0,143.3,3725.8,2021-06-26,2022-01-14,2022-01-14,1548.0,Y
ID300KUV,ID300K音箱                                                    ,A01,1.0,3500.0,3500.0,2024-02-20,,2024-02-20,781.0,Y
V18LEDH122,V18 LED H1大燈                                                ,A01,2.0,1700.0,3400.0,2022-06-06,2021-11-05,2022-06-06,1405.0,Y
V18LED9006,V18 [車牌]大燈                                              ,A01,2.0,1700.0,3400.0,2022-03-07,2022-03-05,2022-03-07,1496.0,Y
ID200K52U,ID200K主動重低音                                                 ,A01,1.0,3400.0,3400.0,2020-12-08,,2020-12-08,1950.0,Y
1MVXTT5XL,白雲休旅車車罩-4WD/XL                                              ,A01,2.0,1600.0,3200.0,2022-10-26,,2022-10-26,1263.0,Y
2TVUSD,倒車顯影(內崁)2眼                                                  ,A01,8.0,380.0,3040.0,2025-01-16,2024-01-24,2025-01-16,450.0,Y
CAR1012J25R,[車牌]無碟主機                                                ,A01,5.0,600.0,3000.0,2021-01-14,,2021-01-14,1913.0,Y
RTV38QZ,38平方救車線(10尺)                                                ,A01,4.0,750.0,3000.0,2024-01-08,,2024-01-08,824.0,Y
10WISHD-,10WISH 考耳                                                   ,A01,3.0,1000.0,3000.0,2025-03-11,,2025-03-11,396.0,Y
LD4VTRXF,LD-4行車紀錄器                                                   ,A01,2.0,1400.0,2800.0,2024-02-01,2024-07-06,2024-07-06,644.0,Y
ID1.52B,ID 1.5電容                                                    ,A01,3.0,900.0,2700.0,2023-05-01,2024-03-13,2024-03-13,759.0,Y
3DZGY2,3138 3D樂活座墊                                                 ,A01,2.0,1300.0,2600.0,2023-02-07,2021-02-10,2023-02-07,1159.0,Y
ID6*9W5X1,ID6*9同軸喇叭                                                   ,A01,2.0,1300.0,2600.0,2025-03-13,2025-02-04,2025-03-13,394.0,Y
20RAV4U2QCE,20RAV4油電平衡桿                                                 ,A01,1.0,2600.0,2600.0,2020-11-27,,2020-11-27,1961.0,Y
2280-MRG1Q,[車牌]冠美麗水邦浦                                               ,A01,1.0,2500.0,2500.0,2024-06-15,2024-06-15,2024-06-15,665.0,Y
2280-MR,[車牌]冠美麗冷氣散熱馬達                                            ,A01,1.0,2500.0,2500.0,2024-06-15,2024-06-15,2024-06-15,665.0,Y
IDRH6T,ID RH6T分音喇叭                                                 ,A01,2.0,1200.0,2400.0,2020-08-27,2022-01-28,2022-01-28,1534.0,Y
BHD-59172FUXE5F,[車牌]大氣壓力感知器                                             ,A01,1.0,2300.0,2300.0,2024-01-09,,2024-01-09,823.0,Y
52UDTY,重低音快拆組                                                      ,A01,5.0,450.0,2250.0,2022-11-08,2023-02-23,2023-02-23,1143.0,Y
RTV6000AP,[車牌]救車線                                                   ,A01,5.0,450.0,2250.0,2022-10-31,,2022-10-31,1258.0,Y
NB5W50TU,NB 5W/50機油                                                  ,A01,8.0,280.0,2240.0,2020-07-30,,2020-07-30,2081.0,Y
GXYGUX,舒亮鑽石釉蠟                                                      ,A01,7.0,320.0,2240.0,2025-03-05,2024-10-07,2025-03-05,402.0,Y
XCRVXR,鋁合金行李架                                                      ,A01,1.0,2200.0,2200.0,2023-05-26,,2023-05-26,1051.0,Y
YH268FDS2XEN,YH-268全功能電力公司                                               ,A01,1.0,2000.0,2000.0,2023-12-08,,2023-12-08,855.0,Y
SONYA1105R,SONY-A110 USB主機                                             ,A01,1.0,2000.0,2000.0,2022-01-07,2022-01-04,2022-01-07,1555.0,Y
MIOD20VTRXF,MIO D20(GPS)行車紀錄器                                           ,A01,1.0,2000.0,2000.0,2024-10-14,2024-10-19,2024-10-19,539.0,Y
T152UKUERL,KUERL 超薄重低音                                                 ,A01,1.0,1982.0,1982.0,2023-07-25,2023-07-18,2023-07-25,991.0,Y
RG2LED12V,12V大龜LED警示燈                                                 ,A01,2.0,980.0,1960.0,2024-11-23,,2024-11-23,504.0,Y
ABTE091ZDJMAIGDJVJF,ABT-E091芳香物語AI雙孔無限霧化機                                       ,A01,3.0,650.0,1950.0,2024-05-15,2024-08-08,2024-08-08,611.0,Y
GSLN1,GS LN-1電瓶                                                   ,A01,1.0,1800.0,1800.0,2023-12-06,2023-08-04,2023-12-06,857.0,Y
GW5RUV,手提主機音箱                                                      ,A01,1.0,1800.0,1800.0,2021-11-18,,2021-11-18,1605.0,Y
PG10671UF,PG-1067變壓器600W                                              ,A01,1.0,1800.0,1800.0,2025-02-12,2025-01-21,2025-02-12,423.0,Y
V2STAREXZG,現代 STAREX9人座扶手                                              ,A01,1.0,1700.0,1700.0,2024-10-17,,2024-10-17,541.0,Y
V18NH7LED22,V18Ⅲ H7 LED大燈                                               ,A01,1.0,1700.0,1700.0,2024-08-15,,2024-08-15,604.0,Y
V18NH4LED22,V18ⅢH4 LED大燈                                                ,A01,1.0,1700.0,1700.0,2024-08-15,,2024-08-15,604.0,Y
AH59ZVQW,AH-59方向盤套                                                   ,A01,5.0,340.0,1700.0,2024-08-05,2024-12-17,2024-12-17,480.0,Y
ID20MT5UX1,ID20MT中音喇叭                                                  ,A01,1.0,1700.0,1700.0,2022-06-01,,2022-06-01,1410.0,Y
V189006LED22,V18Ⅲ [車牌]大燈                                              ,A01,1.0,1700.0,1700.0,2024-08-15,,2024-08-15,604.0,Y
ABTE047,鋁合金汽柴油啟動電源                                                  ,A01,1.0,1690.0,1690.0,2025-03-06,,2025-03-06,401.0,Y
RSENUE16HMG,RSEN 硬骨 16吋雨刷                                               ,A01,24.0,70.0,1680.0,2024-12-03,,2024-12-03,494.0,Y
ZWHIACETX,豐田HIACE窗簾                                                   ,A01,1.0,1650.0,1650.0,2023-01-17,2023-03-03,2023-03-03,1135.0,Y
510UD5D,510搖控中控                                                     ,A01,3.0,550.0,1650.0,2022-06-15,2022-04-02,2022-06-15,1396.0,Y
PNSSW001,黑色真皮方向盤套                                                    ,A01,10.0,164.0,1640.0,2021-04-26,2022-07-25,2022-07-25,1356.0,Y
KYOROKU530RU,巨力5/30汽柴機油                                                  ,A01,10.0,160.5,1605.0,2021-08-04,2022-12-01,2022-12-01,1227.0,Y
TGRGUVTRXF,車世界雙眼行車紀錄器                                                  ,A01,1.0,1600.0,1600.0,2020-06-26,,2020-06-26,2115.0,Y
XW21,輪胎檔板                                                        ,A01,2.0,800.0,1600.0,2022-07-08,,2022-07-08,1373.0,Y
3DWMZGHJL,3D通用防水通用防水槽 [車牌]                                          ,A01,5.0,320.0,1600.0,2022-04-11,2022-12-06,2022-12-06,1222.0,Y
1MVXTT5,白雲休旅車車罩-4WD/L                                               ,A01,1.0,1500.0,1500.0,2022-10-26,,2022-10-26,1263.0,Y
LEDV2Q72WCN,LED小單排(黃光)72W 12/24v                                        ,A01,2.0,750.0,1500.0,2023-07-28,2024-08-09,2024-08-09,610.0,Y
ID30VX1,ID-30芯高音喇叭                                                  ,A01,1.0,1500.0,1500.0,2023-05-01,,2023-05-01,1076.0,Y
HK839CBX1,HK-839立體環繞喇叭                                                ,A01,3.0,500.0,1500.0,2020-06-06,,2020-06-06,2135.0,Y
ABT-517HWA5W,ABT-517磁吸熊貓面紙套                                              ,A01,3.0,500.0,1500.0,2023-10-26,2024-09-26,2024-09-26,562.0,Y
LD7VTRXF,LD-7前行車紀錄器                                                  ,A01,1.0,1500.0,1500.0,2023-05-10,2024-07-26,2024-07-26,624.0,Y
TPMSWSWU5HF,TPMS胎內胎壓偵測器                                                 ,A01,1.0,1400.0,1400.0,2020-10-23,,2020-10-23,1996.0,Y
PNSCDZX01,倍思後長USB摺疊風扇-黑色                                              ,A01,7.0,200.0,1400.0,2020-05-12,2020-08-20,2020-08-20,2060.0,Y
PNSHUDL1,抬頭顯示器 ODB11 水溫表                                             ,A01,2.0,680.0,1360.0,2022-12-05,2023-03-15,2023-03-15,1123.0,Y
R23.5QUW,堅達3.5皮椅套                                                    ,A01,1.0,1350.0,1350.0,2021-10-04,,2021-10-04,1650.0,Y
ZEROVRMG28,ZERO矽膠雨刷28吋                                                 ,A01,3.0,450.0,1350.0,2025-01-02,2022-10-31,2025-01-02,464.0,Y
ABT060,天行者無限定磅打氣機                                                  ,A01,1.0,1350.0,1350.0,2021-12-07,2021-07-26,2021-12-07,1586.0,Y
RSENS25692ZDG2VVRCQ,RSEN S25 69燈防快閃單芯斜角琥珀                                       ,A01,3.0,450.0,1350.0,2022-12-26,,2022-12-26,1202.0,Y
P16V8AT2R,CSP半自動充電機                                                   ,A01,1.0,1300.0,1300.0,2022-01-07,2021-12-17,2022-01-07,1555.0,Y
01-07XGTAXRN,01-07菱帥車門六角鎖(右前)附中控(正廠)                                     ,A01,1.0,1300.0,1300.0,2021-12-26,2022-03-04,2022-03-04,1499.0,Y
ABTE095,HUD抬頭顯示器 測速款                                                ,A01,1.0,1300.0,1300.0,2024-06-07,,2024-06-07,673.0,Y
ID3002UMX1,ID-300K低音喇叭單體                                               ,A01,1.0,1300.0,1300.0,2023-09-21,2023-09-26,2023-09-26,928.0,Y
4TFR2,4T千斤頂                                                       ,A01,2.0,640.0,1280.0,2022-08-26,,2022-08-26,1324.0,Y
ZERORFFVR,ZERO鉬元素+進氣閥除垢劑                                              ,A01,4.0,320.0,1280.0,2024-01-26,2025-04-03,2025-04-03,373.0,Y
AVV1.0,AV線1.0mm                                                    ,A01,21.0,60.0,1260.0,2022-01-20,2024-10-09,2024-10-09,549.0,Y
1MT525,白雲車罩 大5門                                                    ,A01,1.0,1250.0,1250.0,2023-10-26,,2023-10-26,898.0,Y
RH5020EUX1,RH-5020高音喇叭                                                 ,A01,3.0,400.0,1200.0,2023-05-01,,2023-05-01,1076.0,Y
ID2.3VEU,ID-23高音喇叭                                                   ,A01,2.0,600.0,1200.0,2023-05-01,,2023-05-01,1076.0,Y
9006OSRAM,[車牌]AM燈泡                                                ,A01,12.0,100.0,1200.0,2024-01-26,,2024-01-26,806.0,Y
01-08ALTISNQFMT,01-08ALTIS(四片)晴雨窗                                           ,A01,2.0,600.0,1200.0,2023-05-17,2020-12-28,2023-05-17,1060.0,Y
TURBOH11,TURBO H11 LED燈泡                                             ,A01,1.0,1200.0,1200.0,2025-02-26,2025-01-18,2025-02-26,409.0,Y
TURBOH4LED,TURBO H4 LED大燈                                              ,A01,1.0,1200.0,1200.0,2025-02-26,2023-05-23,2025-02-26,409.0,Y
WISH5MT5,WISH專用車罩                                                    ,A01,1.0,1200.0,1200.0,2021-09-29,,2021-09-29,1655.0,Y
IDRH6.5T,ID RH6.5T分音喇叭                                               ,A01,1.0,1200.0,1200.0,2023-04-27,2023-08-08,2023-08-08,977.0,Y
2T,吊車                                                          ,A01,1.0,1200.0,1200.0,2022-04-02,,2022-04-02,1470.0,Y
PD-1066300W1UF,PD-1066 300W(12-110V)變壓器                                    ,A01,1.0,1150.0,1150.0,2023-12-06,,2023-12-06,857.0,Y
PNSHDS04,機車避震八爪固定手機架                                                 ,A01,3.0,380.0,1140.0,2024-02-20,2023-09-12,2024-02-20,781.0,Y
1MY2F,冰玉座墊(前)                                                     ,A01,4.0,280.0,1120.0,2022-07-06,2022-03-15,2022-07-06,1375.0,Y
D2LDE6000K2Q,D2 [車牌]K燈泡                                              ,A01,1.0,1100.0,1100.0,2024-03-19,2024-03-16,2024-03-19,753.0,Y
ABTE0772XGVTF,ABT-077大力士除塵蹣吸塵器                                            ,A01,1.0,1100.0,1100.0,2022-12-08,,2022-12-08,1220.0,Y
PNSHUDAP1,多功能車載平視OBD-II/GPS抬頭顯示全採                                     ,A01,1.0,1100.0,1100.0,2020-05-12,,2020-05-12,2160.0,Y
LED6Q2,LED 6節排燈                                                    ,A01,1.0,1100.0,1100.0,2021-03-18,,2021-03-18,1850.0,Y
D1SLED22,D1S LED大燈                                                   ,A01,1.0,1100.0,1100.0,2024-04-25,2024-04-12,2024-04-25,716.0,Y
RTZGT5,機車防水車罩(L)                                                   ,A01,2.0,530.0,1060.0,2022-10-26,,2022-10-26,1263.0,Y
Q8LEDH43N,Q8 H4 LED 3色燈泡                                              ,A01,1.0,1050.0,1050.0,2025-03-27,,2025-03-27,380.0,Y
MTVGJ2TXW,原廠型數位倒車雷達16.5MM(四眼)                                         ,A01,1.0,1050.0,1050.0,2020-07-17,2021-10-21,2021-10-21,1633.0,Y
CU2M1VX,3D擁抱護腰墊                                                     ,A01,3.0,345.0,1035.0,2020-04-30,,2020-04-30,2172.0,Y
3CUDTGWWU2FT,三合一卡車雙頭打氣胎壓表                                                ,A01,1.0,1000.0,1000.0,2025-02-18,,2025-02-18,417.0,Y
RSENBEMG26H,RSEN軟骨雨刷 26吋                                                ,A01,10.0,100.0,1000.0,2021-06-26,2021-08-07,2021-08-07,1708.0,Y
NR162ZVQW,NR-1621方向盤套                                                 ,A01,10.0,100.0,1000.0,2021-11-08,,2021-11-08,1615.0,Y
LD9GPS,LD-9 GPS天線                                                  ,A01,1.0,1000.0,1000.0,2021-09-28,2022-07-18,2022-07-18,1363.0,Y
2TXW24V2MV,倒車雷達24V電源線                                                  ,A01,5.0,200.0,1000.0,2023-03-16,,2023-03-16,1122.0,Y
10WISHCVN,10WISH 火星塞                                                  ,A01,4.0,250.0,1000.0,2025-03-11,,2025-03-11,396.0,Y
PNSHUDS1,GPS抬頭顯示器+多功能測速器+ODB                                         ,A01,1.0,980.0,980.0,2024-12-28,,2024-12-28,469.0,Y
DR0AZVQW3.5L,開吉按摩方向盤套3.5                                                 ,A01,2.0,480.0,960.0,2023-07-26,,2023-07-26,990.0,Y
DR0AZVQW3L,開吉按摩方向盤套(藍珠)3L                                              ,A01,2.0,480.0,960.0,2021-09-30,,2021-09-30,1654.0,Y
KLLEDRG2,LL-LED警示燈磁吸/閃光警報器/開關12V                                     ,A01,2.0,480.0,960.0,2023-03-03,,2023-03-03,1135.0,Y
Q8H7LED3N2Q,Q8 H7 LED三色燈炮                                               ,A01,1.0,950.0,950.0,2025-03-27,,2025-03-27,380.0,Y
Q89006LED3N2Q,Q8 [車牌]三色燈炮                                             ,A01,1.0,950.0,950.0,2025-03-27,,2025-03-27,380.0,Y
02EAXXXQ,02冠美麗來令片                                                    ,A01,1.0,950.0,950.0,2025-04-10,2025-04-08,2025-04-10,366.0,Y
RSENC1XWU,RSEN環保輪胎油                                                   ,A01,10.0,95.0,950.0,2025-02-26,2022-07-28,2025-02-26,409.0,Y
ZXD22GRRUF,菲利卡(R)前電動升降機                                                ,A01,1.0,950.0,950.0,2022-12-08,,2022-12-08,1220.0,Y
ABT-E711TT,ABT-E711B車用快充 PD+QC3.0                                      ,A01,8.0,118.2,945.6,2024-09-05,,2024-09-05,583.0,Y
AGXY2,美式涼座墊                                                       ,A01,4.0,235.0,940.0,2020-06-22,,2020-06-22,2119.0,Y
SR346WFJ2DUSB,SR-346碳纖維可遮飾2USB(6.2A)+2孔插座                                 ,A01,2.0,470.0,940.0,2022-10-13,2022-08-30,2022-10-13,1276.0,Y
RSENUE14H,RSEN14吋硬骨雨刷                                                 ,A01,13.0,70.0,910.0,2024-12-03,2023-02-03,2024-12-03,494.0,Y
GOLF5MMG,09-12GOLF專用雨刷24+19                                          ,A01,2.0,450.0,900.0,2020-05-28,,2020-05-28,2144.0,Y
AYW3T20GVY,馬自達3 K10 八代喜美 T20雙芯燈座                                       ,A01,6.0,150.0,900.0,2021-04-14,,2021-04-14,1823.0,Y
COLTPLUSCV2E,COLT PLUS後廂頂桿                                               ,A01,2.0,450.0,900.0,2022-01-05,,2022-01-05,1557.0,Y
CHY1688,[車牌]老鷹方向盤鎖                                              ,A01,2.0,450.0,900.0,2022-08-26,,2022-08-26,1324.0,Y
JPMSWJWU5HF,USB胎外胎壓偵測器                                                  ,A01,1.0,900.0,900.0,2022-01-27,,2022-01-27,1535.0,Y
IDRH6.5K,ID RH6.5K分音喇叭                                               ,A01,1.0,900.0,900.0,2020-08-27,,2020-08-27,2053.0,Y
IDRH6K,ID RH6K分音喇叭                                                 ,A01,1.0,900.0,900.0,2020-08-27,2022-11-02,2022-11-02,1256.0,Y
ABTB072VTF,ABT-B072小旋風手持無限吸塵器                                          ,A01,2.0,450.0,900.0,2023-04-06,,2023-04-06,1101.0,Y
PNSFDB312,720度三頭風扇-黑汽車儀表板12v                                          ,A01,3.0,300.0,900.0,2023-06-08,,2023-06-08,1038.0,Y
TIGUA5MMG,07TIGUAN專用雨刷21+24                                           ,A01,2.0,450.0,900.0,2020-05-28,,2020-05-28,2144.0,Y
ZVQ2Q,進口牛皮方向盾牌方向盤                                                 ,A01,1.0,890.0,890.0,2021-01-07,,2021-01-07,1920.0,Y
ZVQSW2310,[車牌]進口方向盤/黑                                               ,A01,1.0,890.0,890.0,2021-01-07,,2021-01-07,1920.0,Y
KYH152QFE,KH-H15大燈燈泡12V15/55W清光                                       ,A01,4.0,220.0,880.0,2020-12-09,,2020-12-09,1949.0,Y
PNSSUN006-70,70CM百褶式前檔玻璃遮陽簾(鋁箔膜)                                         ,A01,3.0,290.0,870.0,2022-03-28,2021-10-29,2022-03-28,1475.0,Y
VBDC1MGR2000ML,向日葵強效清晰防護雨刷精[車牌]                                          ,A01,9.0,95.0,855.0,2023-05-02,2022-10-14,2023-05-02,1075.0,Y
ABT-D001,卡暴力無線拋光打蠟機                                                  ,A01,1.0,850.0,850.0,2023-01-06,,2023-01-06,1191.0,Y
CU22XR,3D-護腰墊大領結                                                   ,A01,4.0,210.0,840.0,2019-06-26,,2019-06-26,2481.0,Y
KY229,三合一倒車喇叭                                                     ,A01,3.0,280.0,840.0,2021-03-26,,2021-03-26,1842.0,Y
H162Q,H16燈泡                                                       ,A01,7.0,120.0,840.0,2021-07-26,,2021-07-26,1720.0,Y
LA823,多功能椅背置物袋+保溫袋                                                ,A01,6.0,140.0,840.0,2023-01-04,2021-03-16,2023-01-04,1193.0,Y
DR0AZVQW2L,開吉按摩方向盤套(藍珠)2L                                              ,A01,2.0,420.0,840.0,2022-12-01,,2022-12-01,1227.0,Y
E5NRR,故障三腳架 63CM                                                  ,A01,5.0,165.0,825.0,2023-03-03,,2023-03-03,1135.0,Y
FQF5,氣泡前遮                                                        ,A01,19.0,43.0,817.0,2021-06-26,,2021-06-26,1750.0,Y
X1V,SPK-105喇叭線                                                  ,A01,68.0,12.0,816.0,2020-05-01,,2020-05-01,2171.0,Y
A8ZV27W92CE,A-8方型27W9顆工作燈(24V/12V)黃光                                    ,A01,2.0,400.0,800.0,2024-03-13,2024-07-29,2024-07-29,621.0,Y
03AY23MGWZJR,03 馬自達3雨刷通風往彎角                                              ,A01,1.0,800.0,800.0,2023-05-02,,2023-05-02,1075.0,Y
1A2E,1母2公                                                        ,A01,16.0,50.0,800.0,2022-01-20,,2022-01-20,1542.0,Y
R00044,邊條/卡夢黑銀                                                     ,A01,4.0,200.0,800.0,2022-07-29,2024-06-21,2024-06-21,659.0,Y
10WISHCV2E,10WISH後廂頂桿                                                  ,A01,2.0,400.0,800.0,2022-01-05,,2022-01-05,1557.0,Y
DRG15FCTFF,DRG(二入)避震器緩衝器/F                                             ,A01,2.0,400.0,800.0,2023-10-13,,2023-10-13,911.0,Y
PNSFC01ZAA5,防飛沫面罩                                                       ,A01,26.0,30.0,780.0,2021-06-01,2021-06-03,2021-06-03,1773.0,Y
2018VIOS5MW2,2018-[車牌]S專用踏墊                                           ,A01,2.0,390.0,780.0,2024-06-26,,2024-06-26,654.0,Y
TAA089,卡夢防碰條                                                       ,A01,3.0,260.0,780.0,2020-08-03,2020-08-05,2020-08-05,2075.0,Y
24VRG22QG,24V警示燈燈泡式                                                   ,A01,1.0,750.0,750.0,2024-11-23,,2024-11-23,504.0,Y
WMVWVJZVQW,通用型方向盤套                                                     ,A01,3.0,248.0,744.0,2024-04-18,,2024-04-18,723.0,Y
CU2VXR,3D-護腰墊小領結                                                   ,A01,4.0,185.0,740.0,2019-06-26,,2019-06-26,2481.0,Y
TAA095,TA-A095洗車清潔九件組                                              ,A01,3.0,240.0,720.0,2020-07-09,,2020-07-09,2102.0,Y
LEDEVRG2C,LED龜大黃警示燈                                                   ,A01,1.0,720.0,720.0,2023-03-04,,2023-03-04,1134.0,Y
GE50CM,10MM蛇管(滾管)50m                                               ,A01,50.0,14.4,720.0,2022-12-12,,2022-12-12,1216.0,Y
2280-MRVGE,[車牌]冠美麗下水管(正廠)                                           ,A01,1.0,700.0,700.0,2024-06-15,2024-06-15,2024-06-15,665.0,Y
12ELANTRAFMTNQ,12ELANTRA(四片)晴雨窗                                            ,A01,1.0,700.0,700.0,2020-10-21,,2020-10-21,1998.0,Y
2TXW24V,24V倒車雷達外露兩眼                                                 ,A01,1.0,700.0,700.0,2023-02-16,2021-10-08,2023-02-16,1150.0,Y
ID25EUX1,ID-25高音喇叭(25芯)                                              ,A01,1.0,700.0,700.0,2023-05-01,,2023-05-01,1076.0,Y
RSEN02FCANBUS,RSEN(CANBUS)安定器35W                                          ,A01,1.0,700.0,700.0,2023-09-08,2024-12-03,2024-12-03,494.0,Y
CU2TV,3D-T型護腰墊                                                    ,A01,2.0,345.0,690.0,2019-06-26,,2019-06-26,2481.0,Y
08A2-MG,08CRV專用雨刷(26+17)                                            ,A01,3.0,230.0,690.0,2020-09-09,,2020-09-09,2040.0,Y
CHY3282FR,CHY-328超強力防震打氣機                                             ,A01,1.0,680.0,680.0,2020-01-31,,2020-01-31,2262.0,Y
ABT-A053,安全帶便捷插座-鋅合金                                                 ,A01,4.0,170.0,680.0,2023-04-06,,2023-04-06,1101.0,Y
TC6691XDTY,TC-6691兩孔插座                                                 ,A01,6.0,110.0,660.0,2023-08-31,,2023-08-31,954.0,Y
PNSF404,PNS-F404 3.5吋雙頭風扇                                           ,A01,3.0,220.0,660.0,2020-09-01,2020-08-19,2020-09-01,2048.0,Y
01ALTISTA1E2,01-06ALTIS長毛避光墊                                             ,A01,3.0,220.0,660.0,2024-08-05,2024-07-17,2024-08-05,614.0,Y
2UY24.8A,點煙座 2+2+1 4.8A KIKE                                         ,A01,2.0,330.0,660.0,2023-06-28,2024-02-04,2024-02-04,797.0,Y
PNSHUDL2,HUD L22多功能 OBD-II抬頭顯示器                                      ,A01,1.0,650.0,650.0,2020-06-23,2021-11-04,2021-11-04,1619.0,Y
ABTE075,百變手持吸塵器                                                     ,A01,1.0,650.0,650.0,2022-10-21,2023-03-20,2023-03-20,1118.0,Y
09011LEDXR2,0[車牌]兩節燈(紅藍)12/24V                                      ,A01,1.0,650.0,650.0,2024-03-19,2024-03-15,2024-03-19,753.0,Y
PNSHDF30,重力式 圓形出風口手機架                                                ,A01,5.0,130.0,650.0,2024-09-09,,2024-09-09,579.0,Y
ABTD003GTVTF,ABT-D003大吸力手持吸塵器                                            ,A01,1.0,650.0,650.0,2025-01-03,,2025-01-03,463.0,Y
PNS11001,2020-[車牌]4胎壓顯示器升級氣                                       ,A01,1.0,650.0,650.0,2022-01-06,,2022-01-06,1556.0,Y
89VUQZVQW,89小羊皮方向盤套                                                   ,A01,2.0,320.0,640.0,2022-07-26,,2022-07-26,1355.0,Y
DH1705ZAY2,DH-1705楓木珠清涼坐墊                                              ,A01,2.0,320.0,640.0,2023-06-28,,2023-06-28,1018.0,Y
RSEN20HUEMG,RSEN 20H硬骨雨刷                                                ,A01,9.0,70.0,630.0,2023-06-05,,2023-06-05,1041.0,Y
LN01Q5XN4B,LN-01牌照螺絲/白鐵 4入                                             ,A01,6.0,105.0,630.0,2022-05-18,2024-10-03,2024-10-03,555.0,Y
RTT5XL,機車車罩 XL                                                     ,A01,1.0,630.0,630.0,2022-10-26,,2022-10-26,1263.0,Y
S175R.ER2F,S-17 5腳歐規繼電器附線(無包裝)                                         ,A01,10.0,63.0,630.0,2021-10-12,,2021-10-12,1642.0,Y
14U6NQFMT,14U6(四片)晴雨窗                                                 ,A01,1.0,600.0,600.0,2021-01-05,,2021-01-05,1922.0,Y
H11LED28W22,H11 LED 28W 6500K白光 直上                                      ,A01,1.0,600.0,600.0,2024-06-11,,2024-06-11,669.0,Y
05AY23SE1,10馬自達3內龜粄(R)(L)                                             ,A01,1.0,600.0,600.0,2022-11-29,2022-11-29,2022-11-29,1229.0,Y
7003J25R,[車牌]無碟主機                                                 ,A01,1.0,600.0,600.0,2021-05-14,2022-07-13,2022-07-13,1368.0,Y
H7LED28W5G,H7 LED-28W 6500K白光 直上                                       ,A01,1.0,600.0,600.0,2024-06-11,,2024-06-11,669.0,Y
NO77VTZVR,NO-77消臭芳香劑                                                  ,A01,8.0,75.0,600.0,2024-06-21,,2024-06-21,659.0,Y
CCZVQW,黑/核方向盤套/YC-020                                              ,A01,6.0,100.0,600.0,2024-08-08,,2024-08-08,611.0,Y
RSEN90123000K,R[車牌] 3000K燈泡                                           ,A01,2.0,300.0,600.0,2021-12-07,,2021-12-07,1586.0,Y
TC6683CXDTY,tc-6683C兩孔+USB充電座                                           ,A01,2.0,300.0,600.0,2023-08-28,2022-12-23,2023-08-28,957.0,Y
HJX030GSR,HJX-030清鏡室內鏡                                                ,A01,5.0,120.0,600.0,2023-03-27,2023-08-24,2023-08-24,961.0,Y
2280-MRGVR2,[車牌]冠美麗水箱精(大)                                            ,A01,1.0,600.0,600.0,2024-06-15,2024-06-15,2024-06-15,665.0,Y
NUVTRXFFRW,四眼行車紀錄器(前鏡頭)                                                ,A01,1.0,600.0,600.0,2022-08-17,,2022-08-17,1333.0,Y
2018EAXNQFMT,2018冠美麗(四片)晴雨窗                                              ,A01,1.0,600.0,600.0,2022-09-08,,2022-09-08,1311.0,Y
ABTA037WFC25,ABT-A037透氣慢回蝴蝶枕                                             ,A01,3.0,200.0,600.0,2022-12-13,,2022-12-13,1215.0,Y
FLS5116G1,[車牌]門邊飾板                                                ,A01,2.0,300.0,600.0,2021-08-15,2021-08-16,2021-08-16,1699.0,Y
SIENTAZG,SIENTA1.85專用扶手                                              ,A01,1.0,600.0,600.0,2024-05-27,,2024-05-27,684.0,Y
G7743CROSSBV2,TOYOTA CROSS日型登LED12顆高亮度                                    ,A01,2.0,300.0,600.0,2024-03-19,2023-11-11,2024-03-19,753.0,Y
DRG15FCTFA,DRG(二入)避震器緩衝器/A                                             ,A01,1.0,600.0,600.0,2021-09-27,,2021-09-27,1657.0,Y
ABTE040,ABT-E040Q3.0黑(3孔4USB)                                       ,A01,1.0,580.0,580.0,2024-09-05,2024-05-23,2024-09-05,583.0,Y
PNSS17,QC4.03.4A 2USB車充                                            ,A01,2.0,280.0,560.0,2023-08-28,2023-02-23,2023-08-28,957.0,Y
PNS-HD39UCRJFGRR,記憶合金可彎曲手機架-磁吸式                                              ,A01,2.0,280.0,560.0,2024-05-28,,2024-05-28,683.0,Y
DH1801FXHWA5W,DH-1801強力磁吸面紙套                                              ,A01,1.0,550.0,550.0,2021-09-30,,2021-09-30,1654.0,Y
VBD6HF2CA,向日葵6吋氣動打蠟棉                                                  ,A01,5.0,110.0,550.0,2021-02-08,,2021-02-08,1888.0,Y
V2008CGR,V-2008後視鏡                                                   ,A01,5.0,110.0,550.0,2020-12-18,2023-02-16,2023-02-16,1150.0,Y
1UX2YX1,8音電子喇叭                                                      ,A01,1.0,550.0,550.0,2022-10-26,,2022-10-26,1263.0,Y
S27-54TY214AS1VN,S27-54插座副214迷你腳你保險絲1入(不加保險絲)                                ,A01,5.0,110.0,550.0,2025-03-06,2022-07-22,2025-03-06,401.0,Y
PNSHDF23,4-6吋鋁合金鏡出風口重力手機架                                            ,A01,3.0,180.0,540.0,2024-03-19,,2024-03-19,753.0,Y
T202V2Q,T20單芯燈泡                                                     ,A01,27.0,20.0,540.0,2024-12-03,2022-11-16,2024-12-03,494.0,Y
ZERORURAMN,ZERO 匠有機鉬元素                                                 ,A01,2.0,270.0,540.0,2020-08-26,2022-11-18,2022-11-18,1240.0,Y
KY1055LED5A2,KY-1055吸鐵 LED行動照明燈                                          ,A01,2.0,270.0,540.0,2021-06-26,2021-04-21,2021-06-26,1750.0,Y
R25MW2,堅達專用踏墊                                                      ,A01,1.0,530.0,530.0,2024-06-07,,2024-06-07,673.0,Y
GARMINVQR,GARMIN吸盤架                                                   ,A01,10.0,52.0,520.0,2023-04-17,2024-01-10,2024-01-10,822.0,Y
6HSDGQE,6吋黏貼式拋光                                                     ,A01,8.0,65.0,520.0,2024-08-08,2024-07-16,2024-08-08,611.0,Y
TAA090,卡夢小尾翼-防護大師                                                  ,A01,2.0,260.0,520.0,2020-07-09,,2020-07-09,2102.0,Y
TAA091,後車廂防碰護條-防護大師                                                ,A01,2.0,260.0,520.0,2023-03-26,2022-09-14,2023-03-26,1112.0,Y
ARCUY2,護腰麻將座墊                                                      ,A01,3.0,170.0,510.0,2020-05-21,,2020-05-21,2151.0,Y
PNSP002,多功能伸縮洗車刷                                                    ,A01,4.0,126.0,504.0,2022-07-05,,2022-07-05,1376.0,Y
K00219,新手駕駛多包涵/立體                                                  ,A01,10.0,50.0,500.0,2023-03-03,2024-09-25,2024-09-25,563.0,Y
RVXGY2,機械涼爽L座墊                                                     ,A01,4.0,125.0,500.0,2023-10-26,,2023-10-26,898.0,Y
RSEN90128000K,R[車牌] 8000K燈泡                                           ,A01,2.0,250.0,500.0,2021-12-07,,2021-12-07,1586.0,Y
MZ,運費                                                          ,A01,5.0,100.0,500.0,2025-01-07,,2025-01-07,459.0,Y
R588DFW5,R588空氣頭枕                                                    ,A01,2.0,250.0,500.0,2023-03-09,,2023-03-09,1129.0,Y
U00070,VINA飛航安全帶插扣(1入裝)                                            ,A01,2.0,250.0,500.0,2023-10-13,2023-10-06,2023-10-13,911.0,Y
ABTA116WVJFYQD,ABT-A116碳纖維卡夢七字牌框(2入)                                       ,A01,2.0,250.0,500.0,2024-01-03,2023-03-13,2024-01-03,829.0,Y
DH250.9TGGW,DH-250 0.9車身飾條                                              ,A01,2.0,250.0,500.0,2020-12-09,,2020-12-09,1949.0,Y
A14LEDJ2,A-14 LED霧 COB                                               ,A01,2.0,240.0,480.0,2021-05-26,,2021-05-26,1781.0,Y
RSENVTR,RSEN增豔洗車精[車牌]                                             ,A01,6.0,80.0,480.0,2025-01-21,,2025-01-21,445.0,Y
CRVN2W2,CRV(四代)專用踏墊                                                 ,A01,1.0,480.0,480.0,2023-10-18,,2023-10-18,906.0,Y
G74435630,7443後煞車燈 魚眼10各5630                                          ,A01,2.0,240.0,480.0,2024-07-18,2025-03-13,2025-03-13,394.0,Y
DR0AZVQW5L,開吉按摩方向盤套(藍珠)5L                                              ,A01,1.0,480.0,480.0,2021-09-30,,2021-09-30,1654.0,Y
FR2GUG,剪式附把手千斤頂  [車牌]                                             ,A01,1.0,480.0,480.0,2024-04-11,,2024-04-11,730.0,Y
T10-3030,T10-3030-10顆 魚眼LED                                          ,A01,3.0,160.0,480.0,2024-05-28,2025-01-22,2025-01-22,444.0,Y
712XFDGRR,712冷氣口手機架                                                   ,A01,4.0,120.0,480.0,2024-12-05,,2024-12-05,492.0,Y
KYH15T1E,KY-H15 12V/15/55W超白光燈泡                                      ,A01,1.0,480.0,480.0,2020-12-09,,2020-12-09,1949.0,Y
S283WGG5V,S28-3貼式上中下附線開關                                              ,A01,10.0,48.0,480.0,2025-03-06,2022-08-31,2025-03-06,401.0,Y
2TX23UJX,倒車雷達3眼外露                                                    ,A01,1.0,480.0,480.0,2022-03-10,2024-07-10,2024-07-10,640.0,Y
KYH15CR2Q,KY-H15 12V/15/55W黃金燈泡                                       ,A01,1.0,480.0,480.0,2020-12-09,,2020-12-09,1949.0,Y
90062Q,9006燈泡                                                      ,A01,6.0,80.0,480.0,2024-03-13,2022-09-14,2024-03-13,759.0,Y
AR002QFE2-,AR-002排氣管吊耳                                                 ,A01,1.7,280.0,476.0,2024-02-23,2024-04-19,2024-04-19,722.0,Y
YC019DA5RR,YC-019卡夢文/收納夾                                               ,A01,3.0,155.0,465.0,2023-10-26,,2023-10-26,898.0,Y
GN-119WFQZVQW,GN-119透氣皮方向盤套3.5L                                           ,A01,2.0,230.0,460.0,2023-06-28,,2023-06-28,1018.0,Y
08A2-5MMG,08-12蒙地爾專用雨刷(26+19)                                         ,A01,2.0,230.0,460.0,2022-02-26,,2022-02-26,1505.0,Y
3D5U1,3D轎車遮陽板                                                     ,A01,4.0,113.0,452.0,2022-11-08,2022-09-27,2022-11-08,1250.0,Y
UUZV10D,鷹眼燈方形10顆(1對2)                                               ,A01,1.0,450.0,450.0,2022-04-14,2021-10-16,2022-04-14,1458.0,Y
5DGUD,中控雙搖控(和麟)                                                   ,A01,1.0,450.0,450.0,2022-07-27,,2022-07-27,1354.0,Y
RSENS25692DG2VVR,RSEN S25 69燈防快閃單芯斜角白                                        ,A01,1.0,450.0,450.0,2022-04-26,,2022-04-26,1446.0,Y
T15MU,T15魚眼15顆[車牌]                                             ,A01,3.0,150.0,450.0,2021-01-15,,2021-01-15,1912.0,Y
JX2Y,威力底座M3                                                      ,A01,1.0,450.0,450.0,2021-01-05,,2021-01-05,1922.0,Y
04WISH5MW2,04WISH專用踏墊                                                  ,A01,1.0,450.0,450.0,2024-01-12,2023-11-02,2024-01-12,820.0,Y
RSENT20S69ZDG2V1,RSEN T20 S69防快閃單芯白                                          ,A01,1.0,450.0,450.0,2022-04-26,,2022-04-26,1446.0,Y
C2Q,蝴蝶片                                                         ,A01,3.0,150.0,450.0,2022-08-31,,2022-08-31,1319.0,Y
PNSS312019,TOYOTAf全車系USB升級套件QC3.0                                      ,A01,1.0,450.0,450.0,2021-12-29,2024-08-27,2024-08-27,592.0,Y
LEXUSIS300CVW2,14LEXUS S300後廂專用踏墊                                          ,A01,1.0,450.0,450.0,2022-11-11,,2022-11-11,1247.0,Y
2TXWSD1AW,倒車顯影(內砍)寶馬頭                                                 ,A01,1.0,450.0,450.0,2023-06-09,2025-01-04,2025-01-04,462.0,Y
YC016DAGGTW,YC-016手煞車套                                                  ,A01,8.0,55.0,440.0,2024-04-11,,2024-04-11,730.0,Y
FORTISTA1E2,FORTIS長毛避光墊                                                 ,A01,2.0,220.0,440.0,2024-10-09,2024-08-06,2024-10-09,549.0,Y
02EAXTA1E2,02冠美麗長毛避光墊                                                  ,A01,2.0,220.0,440.0,2023-01-16,,2023-01-16,1181.0,Y
RTV2500CC,[車牌]救車線                                                   ,A01,2.0,220.0,440.0,2022-03-10,,2022-03-10,1493.0,Y
PNS-F520,儀錶板雙頭風扇-管式旋轉(手機號碼)                                          ,A01,2.0,220.0,440.0,2024-05-28,,2024-05-28,683.0,Y
5HSWGQE,5吋黏扣式拋光                                                     ,A01,8.0,55.0,440.0,2024-08-08,,2024-08-08,611.0,Y
3DWMZGT2085,3D通用後廂防水墊 2085M                                             ,A01,2.0,220.0,440.0,2020-10-27,,2020-10-27,1992.0,Y
NO95RCVG,NO-95金幻香水                                                   ,A01,3.0,145.0,435.0,2021-10-12,2025-01-09,2025-01-09,457.0,Y
AFL4PL-VC-C,1對4汽車車內七彩氣氛燈-遙控/聲控                                          ,A01,1.0,430.0,430.0,2023-08-15,2023-08-14,2023-08-15,970.0,Y
PNSHDF,六連桿固定 出風口手機架-重力手機                                           ,A01,3.0,140.0,420.0,2024-05-20,2024-10-04,2024-10-04,554.0,Y
327T65W,327T 65W TYPE-C PD快充線                                       ,A01,3.0,140.0,420.0,2024-05-29,,2024-05-29,682.0,Y
AYW2TA1E2,08馬自達2長毛避光墊                                                 ,A01,2.0,210.0,420.0,2020-07-01,,2020-07-01,2110.0,Y
RSENVRWCMR,RSEN橡膠還原亮光劑(200g)                                           ,A01,6.0,70.0,420.0,2023-06-05,,2023-06-05,1041.0,Y
CHY7772FR,CHY-777超強打氣機                                                ,A01,1.0,420.0,420.0,2021-08-16,,2021-08-16,1699.0,Y
PS254,PS-254遮陽輕鬆貼/銀2入                                             ,A01,6.0,70.0,420.0,2020-06-03,,2020-06-03,2138.0,Y
6H2XCA,6吋打蠟海綿                                                      ,A01,7.0,60.0,420.0,2024-08-08,,2024-08-08,611.0,Y
F16X5Q5XN,F-16 六爪牌照螺絲                                                 ,A01,6.0,70.0,420.0,2024-06-07,,2024-06-07,673.0,Y
CARMACSARUR,CARMATE奈米科技機油精                                              ,A01,3.0,140.0,420.0,2023-03-28,2023-11-01,2023-11-01,892.0,Y
FUVE,汽油箱蓋通用                                                      ,A01,7.0,60.0,420.0,2021-03-19,,2021-03-19,1849.0,Y
5CMZQW,5cm防碰條                                                      ,A01,1.0,411.0,411.0,2024-04-18,,2024-04-18,723.0,Y
VC351ENVTF,VC-351乾濕吸塵器                                                 ,A01,1.0,410.0,410.0,2020-12-09,2023-01-16,2023-01-16,1181.0,Y
OBDT1ZRV,OBD 超薄一對二線頭                                                 ,A01,2.0,203.0,406.0,2023-03-15,,2023-03-15,1123.0,Y
1ERV,扁公母夾線頭                                                      ,A01,201.0,2.0,402.0,2023-12-22,,2023-12-22,841.0,Y
PNSH4LED18W,H4 LED 18W-2顆9瓦 直上                                          ,A01,2.0,200.0,400.0,2021-03-09,,2021-03-09,1859.0,Y
V37GRR,V37儀表板手機架                                                   ,A01,4.0,100.0,400.0,2024-07-26,2023-12-29,2024-07-26,624.0,Y
VH,線材1米                                                        ,A01,50.0,8.0,400.0,2024-12-18,,2024-12-18,479.0,Y
PNS-SCUP11,碳纖維椅側抽取式面紙盒置物袋                                              ,A01,2.0,200.0,400.0,2025-04-02,,2025-04-02,374.0,Y
G24.8*250,束帶4.8*250                                                   ,A01,5.0,80.0,400.0,2024-07-26,,2024-07-26,624.0,Y
H326812VX1,12V45CM單音喇叭                                                 ,A01,1.0,400.0,400.0,2021-09-30,2023-07-20,2023-07-20,996.0,Y
RSENMGR1000ML,RSEN雨刷精[車牌]                                               ,A01,5.0,80.0,400.0,2022-12-26,,2022-12-26,1202.0,Y
TIDAXFXJ,TIDA/LIVINA冷氣濾網                                             ,A01,2.0,200.0,400.0,2022-03-01,,2022-03-01,1502.0,Y
TYPER900655W1E2Q,TYPE-R 9006 55W藍白光燈泡                                        ,A01,2.0,200.0,400.0,2025-03-14,,2025-03-14,393.0,Y
AY25DFV,馬自達5空氣芯                                                     ,A01,2.0,200.0,400.0,2023-12-30,,2023-12-30,833.0,Y
A5MVEY2,A-5圓形27W9顆工作燈(24V/12V)                                      ,A01,1.0,400.0,400.0,2021-11-26,,2021-11-26,1597.0,Y
ABTA038EW5,ABT-A038透氣慢回彈骨頭枕頭枕                                          ,A01,2.0,200.0,400.0,2022-12-13,,2022-12-13,1215.0,Y
U00075,VINA飛航安全帶扣(2入裝)                                             ,A01,1.0,400.0,400.0,2025-03-27,2025-03-21,2025-03-27,380.0,Y
19RAV45MW2,19RAV4專用踏墊                                                  ,A01,1.0,400.0,400.0,2022-11-01,,2022-11-01,1257.0,Y
6H2XAW,6吋打蠟棉套                                                      ,A01,6.0,65.0,390.0,2023-10-26,,2023-10-26,898.0,Y
PNSHDF31,重力式 長桿出風口手機架360度旋轉                                          ,A01,3.0,130.0,390.0,2023-03-07,2025-02-19,2025-02-19,416.0,Y
CVWVJC1,後廂碳纖維保護板                                                    ,A01,2.0,192.0,384.0,2024-04-18,,2024-04-18,723.0,Y
AR008QFE2-,AR-008排氣管吊耳                                                 ,A01,2.0,190.0,380.0,2024-02-23,,2024-02-23,778.0,Y
NO337XRW,NO:337拉圾桶                                                   ,A01,2.0,190.0,380.0,2021-06-26,,2021-06-26,1750.0,Y
S27-52Z211AS1VN,S27-52 附211迷你保險絲插式 保險絲含線                                    ,A01,4.0,95.0,380.0,2025-03-06,,2025-03-06,401.0,Y
REYX2AX,極光棕梠鍍膜蠟                                                     ,A01,2.0,185.0,370.0,2020-12-10,2021-11-22,2021-11-22,1601.0,Y
PNSFB1801,磁吸面紙套                                                       ,A01,1.0,370.0,370.0,2024-08-13,,2024-08-13,606.0,Y
AF003ZWQ2W,豐田系列專用排檔頭                                                   ,A01,1.0,360.0,360.0,2024-06-07,,2024-06-07,673.0,Y
S54AS1VNQRV,S54迷你平腳型保險絲作取電器1入                                           ,A01,6.0,60.0,360.0,2025-03-06,,2025-03-06,401.0,Y
RSENWXWF,RSRN貼來貼去                                                    ,A01,6.0,60.0,360.0,2020-07-09,,2020-07-09,2102.0,Y
GREUW,世紀隔音條                                                       ,A01,3.0,120.0,360.0,2023-11-27,,2023-11-27,866.0,Y
JK69FYQD,JK-69新七字鍍洛車牌牌框                                              ,A01,2.0,180.0,360.0,2022-03-02,,2022-03-02,1501.0,Y
EKA0504USTY,EKA-050 4USB 充電插座                                           ,A01,2.0,180.0,360.0,2022-12-20,,2022-12-20,1208.0,Y
ABTA010A5W,面紙套                                                         ,A01,2.0,180.0,360.0,2023-04-06,,2023-04-06,1101.0,Y
DH5219EZWV,DH-521 9公分天線                                                ,A01,3.0,120.0,360.0,2025-02-18,,2025-02-18,417.0,Y
DH5205EZWV,DH-520 5CM天線                                                ,A01,3.0,120.0,360.0,2025-02-18,,2025-02-18,417.0,Y
JK40S27,插式轉夾轉接頭(大)                                                  ,A01,4.0,90.0,360.0,2021-10-14,2023-07-29,2023-07-29,987.0,Y
T105630MU,T10 [車牌]插式12/24                                         ,A01,2.0,180.0,360.0,2023-04-07,2023-05-04,2023-05-04,1073.0,Y
DQ-003E-13X1VOMNN,3合1方向燈蜂鳴器(叮咚聲)4線                                            ,A01,1.0,350.0,350.0,2025-04-02,,2025-04-02,374.0,Y
FIFIVG,FIFI香水                                                      ,A01,5.0,70.0,350.0,2021-10-26,,2021-10-26,1628.0,Y
DR0AZVQWL,開吉按摩方向盤套(藍珠)L                                               ,A01,1.0,350.0,350.0,2025-02-12,2025-02-19,2025-02-19,416.0,Y
DR0AZVQWM,開吉按摩(蘭珠)M                                                   ,A01,1.0,350.0,350.0,2025-02-12,2025-01-21,2025-02-12,423.0,Y
2TMUX1,倒車語音喇叭-何麟                                                   ,A01,1.0,350.0,350.0,2023-10-26,,2023-10-26,898.0,Y
01XGCGRQR,01菱帥後視鏡片(R)                                                 ,A01,1.0,350.0,350.0,2023-02-26,2024-04-12,2024-04-12,729.0,Y
08EAX2.4FMT,2008冠美麗晴雨窗(兩片)                                              ,A01,1.0,350.0,350.0,2024-03-05,,2024-03-05,767.0,Y
60A1VN,60A保險絲                                                      ,A01,7.0,50.0,350.0,2024-09-30,,2024-09-30,558.0,Y
BC608200W,BC-608變壓器12V-110(200W)                                      ,A01,1.0,350.0,350.0,2020-06-03,,2020-06-03,2138.0,Y
13VIOSCFMT,13VIOS(後)晴雨窗                                                ,A01,1.0,350.0,350.0,2024-12-06,,2024-12-06,491.0,Y
DWGJ2WV2V,可調式屋頂天線(帶線)                                                 ,A01,1.0,350.0,350.0,2022-10-26,2022-08-17,2022-10-26,1263.0,Y
1E2A,1公2母                                                        ,A01,7.0,50.0,350.0,2022-01-20,2024-06-15,2024-06-15,665.0,Y
MU2TX1,語音倒車喇叭                                                      ,A01,1.0,350.0,350.0,2023-02-16,,2023-02-16,1150.0,Y
R589CUXNDFH,R589護腰亮絲空氣層(黑)                                              ,A01,1.0,350.0,350.0,2022-08-03,,2022-08-03,1347.0,Y
031GW211TA1E2,03賓士W211長毛避光墊                                               ,A01,1.0,350.0,350.0,2022-01-20,,2022-01-20,1542.0,Y
2022CBG,2022海瑞獅                                                     ,A01,1.0,350.0,350.0,2024-07-03,,2024-07-03,647.0,Y
GN119WFQW3L,GN-119透氣方向盤套 3L                                             ,A01,2.0,170.0,340.0,2020-10-26,,2020-10-26,1993.0,Y
VBDH5YVRG,向日葵純豬鬃細節刷                                                   ,A01,2.0,170.0,340.0,2021-08-18,2021-12-27,2021-12-27,1566.0,Y
TYPER9005,9005黃金燈泡                                                    ,A01,2.0,170.0,340.0,2022-03-29,2021-12-04,2022-03-29,1474.0,Y
PNS1705HD,大功率鱷魚夾點菸器插座                                                 ,A01,3.0,110.0,330.0,2023-09-11,,2023-09-11,943.0,Y
PNSSCUPUZ1,PNS-SCUP皮革款-椅編置杯盒                                           ,A01,3.0,110.0,330.0,2021-09-22,,2021-09-22,1662.0,Y
CARMATERU5UR,CARMATEf強效機油止煙劑                                             ,A01,3.0,110.0,330.0,2024-06-26,,2024-06-26,654.0,Y
PNSSD1018,多功能杯架(門邊/椅背)                                                ,A01,5.0,65.0,325.0,2024-01-22,,2024-01-22,810.0,Y
JXFYE,JX 充氣嘴                                                      ,A01,8.0,40.0,320.0,2023-09-26,2024-10-04,2024-10-04,554.0,Y
CV,花線                                                          ,A01,50.0,6.4,320.0,2021-07-12,,2021-07-12,1734.0,Y
T10-3528,T10插泡3528-9LED DC10V-60V                                    ,A01,2.0,160.0,320.0,2024-05-28,,2024-05-28,683.0,Y
DH1703ZCAY2,DH-1703梨花木坐墊                                                ,A01,1.0,320.0,320.0,2023-06-28,,2023-06-28,1018.0,Y
90052Q,9005燈泡                                                      ,A01,4.0,80.0,320.0,2024-03-13,2023-07-04,2024-03-13,759.0,Y
GN1153LZVQW,GN-115精選牛皮方向盤套 3L(42CM)                                     ,A01,1.0,320.0,320.0,2023-03-03,,2023-03-03,1135.0,Y
LHR701,LHR-701與雪泥透明墊 5片                                            ,A01,1.0,320.0,320.0,2021-03-26,,2021-03-26,1842.0,Y
FOCUSLED2Y,FOCUS LED大燈轉接做                                              ,A01,4.0,80.0,320.0,2021-06-05,,2021-06-05,1771.0,Y
WVJV1,碳纖維下巴                                                       ,A01,2.0,156.0,312.0,2024-04-18,,2024-04-18,723.0,Y
7609-1HWJE,7609-1彩鈦尾管                                                  ,A01,1.0,300.0,300.0,2021-10-26,,2021-10-26,1628.0,Y
DX38,車身彩繪                                                        ,A01,1.0,300.0,300.0,2021-10-06,2021-10-12,2021-10-12,1642.0,Y
18YARIS5MW2,18YARIS專用踏墊                                                 ,A01,1.0,300.0,300.0,2021-09-29,,2021-09-29,1655.0,Y
SIENTA5MW2,SIENTA 1.5專用踏墊                                              ,A01,1.0,300.0,300.0,2024-06-07,,2024-06-07,673.0,Y
7616HWJE,7616彩鈦尾管                                                    ,A01,1.0,300.0,300.0,2022-06-06,,2022-06-06,1405.0,Y
DX41,車身彩繪                                                        ,A01,1.0,300.0,300.0,2021-10-06,,2021-10-06,1648.0,Y
14ALTIS5MW2,14ALTIS專用踏墊                                                 ,A01,1.0,300.0,300.0,2021-09-29,,2021-09-29,1655.0,Y
RSENH4600K,RSEN H4 6000K燈泡                                             ,A01,2.0,150.0,300.0,2024-04-09,,2024-04-09,732.0,Y
G23.6*200,束帶3.6*200                                                   ,A01,5.0,60.0,300.0,2024-07-26,,2024-07-26,624.0,Y
DX40,車身彩繪                                                        ,A01,1.0,300.0,300.0,2021-10-06,,2021-10-06,1648.0,Y
322515XF,3R-2251助力球                                                  ,A01,2.0,150.0,300.0,2023-09-26,,2023-09-26,928.0,Y
PNSFDB324,720度 24V三頭風扇-黑汽車儀表板專用                                       ,A01,1.0,300.0,300.0,2023-06-08,,2023-06-08,1038.0,Y
GN007J2WV,GN-007屋頂天線                                                  ,A01,4.0,75.0,300.0,2021-11-19,2022-07-19,2022-07-19,1362.0,Y
TAA055DQF0FTV,TA-A055開瓶器+安全插銷                                             ,A01,5.0,60.0,300.0,2024-03-27,,2024-03-27,745.0,Y
2012TIDATA1E2,[車牌]A長毛避光墊                                              ,A01,1.0,300.0,300.0,2024-01-09,2024-01-06,2024-01-09,823.0,Y
2TX2U,倒車雷達(內砍)一眼                                                  ,A01,3.0,100.0,300.0,2025-01-16,,2025-01-16,450.0,Y
GN335VXRJY,GN-335行李架網子                                                 ,A01,2.0,150.0,300.0,2020-03-04,,2020-03-04,2229.0,Y
SR5215J2,SR-521簡易型遮陽置物袋                                              ,A01,2.0,150.0,300.0,2022-03-02,,2022-03-02,1501.0,Y
PNSSUNF001,汽車前檔遮陽片-L                                                   ,A01,2.0,150.0,300.0,2023-04-07,,2023-04-07,1100.0,Y
LY707YQW1,LY-707鱷魚自排止滑板                                               ,A01,1.0,300.0,300.0,2020-07-04,2023-01-19,2023-01-19,1178.0,Y
23YARIS5MW2,[車牌]IS 專用踏墊                                              ,A01,1.0,300.0,300.0,2024-01-12,,2024-01-12,820.0,Y
02EAXCGRQ,02冠美麗後視鏡片                                                   ,A01,1.0,300.0,300.0,2023-08-07,,2023-08-07,978.0,Y
XVTA1E2,領袖長毛避光墊                                                     ,A01,1.0,300.0,300.0,2022-08-27,,2022-08-27,1323.0,Y
GWE,雙頭公                                                         ,A01,10.0,30.0,300.0,2021-05-14,,2021-05-14,1793.0,Y
05CRVFMT,05CRV 晴雨窗                                                   ,A01,1.0,300.0,300.0,2020-08-25,,2020-08-25,2055.0,Y
VTRXF2MV,行車記錄器電源抗干擾                                                  ,A01,2.0,150.0,300.0,2020-06-26,,2020-06-26,2115.0,Y
RSEN90068000K2Q,R[車牌] 8000K燈泡                                           ,A01,2.0,150.0,300.0,2024-08-26,2024-03-23,2024-08-26,593.0,Y
15ALTIS5MW2,15ALTIS專用踏墊                                                 ,A01,1.0,300.0,300.0,2024-11-20,,2024-11-20,507.0,Y
13RAV45MW2,13RAV4專用踏墊                                                  ,A01,1.0,300.0,300.0,2025-02-20,2025-01-03,2025-02-20,415.0,Y
XTRAILXFXJ,X-TRAIL冷氣濾網                                                 ,A01,1.0,300.0,300.0,2025-01-03,,2025-01-03,463.0,Y
05EAX5MW2,05冠美麗專用踏墊                                                   ,A01,1.0,300.0,300.0,2021-09-29,,2021-09-29,1655.0,Y
RSENH14300K2Q,RSEN H1 4300K 燈泡                                            ,A01,2.0,150.0,300.0,2023-04-12,,2023-04-12,1095.0,Y
PNSHDF32,車內室內鏡手機架                                                    ,A01,2.0,150.0,300.0,2024-08-13,,2024-08-13,606.0,Y
HY655,HY-655藍海風情-椅背                                               ,A01,1.0,295.0,295.0,2020-07-01,2022-11-26,2022-11-26,1232.0,Y
C55SBXDF,黑珍珠 耐熱冷烤漆                                                   ,A01,2.0,145.0,290.0,2022-01-28,,2022-01-28,1534.0,Y
KA23325J2,KA-2332貼式網狀置物袋                                              ,A01,2.0,145.0,290.0,2022-03-02,,2022-03-02,1501.0,Y
HY887UTF,HY-887豪華鑰匙套加大版                                              ,A01,2.0,145.0,290.0,2021-07-01,,2021-07-01,1745.0,Y
ZWU12,豐田迎賓燈                                                       ,A01,3.0,96.0,288.0,2022-01-20,2022-10-05,2022-10-05,1284.0,Y
8H2XAW,8吋打蠟棉套                                                      ,A01,4.0,70.0,280.0,2020-01-31,,2020-01-31,2262.0,Y
XP572ZRV,XP-572負極線                                                   ,A01,1.0,280.0,280.0,2021-03-26,,2021-03-26,1842.0,Y
RSEN93ZVQW,RSEN-93方向盤套-3L                                              ,A01,1.0,280.0,280.0,2024-02-26,,2024-02-26,775.0,Y
H16OSRAM2Q,H16 OSRAM霧燈燈泡                                               ,A01,1.0,280.0,280.0,2021-07-26,,2021-07-26,1720.0,Y
FCGYXWFY,FC水鑽輪胎封嘴帽                                                   ,A01,4.0,70.0,280.0,2021-12-07,,2021-12-07,1586.0,Y
F160F2TQGY,F-16安全帶插片(水鑽)                                               ,A01,4.0,70.0,280.0,2023-09-26,,2023-09-26,928.0,Y
15LEXUSRX5MMG,15LEXUS-RX專用雨刷 (26+21)                                      ,A01,1.0,280.0,280.0,2020-10-26,,2020-10-26,1993.0,Y
AR003QFE2-,AR-003排氣管吊耳                                                 ,A01,1.0,280.0,280.0,2024-02-23,2024-04-19,2024-04-19,722.0,Y
FI345AW,FI-345曼陀                                                    ,A01,1.0,280.0,280.0,2020-09-11,,2020-09-11,2038.0,Y
GS2T8,T8室內燈12V/24V                                                ,A01,2.0,140.0,280.0,2020-07-10,,2020-07-10,2101.0,Y
14LEXUS5MMG24+16,14LEXUS專用雨刷(26+16)                                          ,A01,1.0,280.0,280.0,2020-10-26,,2020-10-26,1993.0,Y
V1051RUQ,V-1051競技加壓片                                                 ,A01,2.0,140.0,280.0,2020-07-04,,2020-07-04,2107.0,Y
RSENUGMG22H,RSEN 硬式22吋雨刷                                                ,A01,4.0,70.0,280.0,2024-12-03,,2024-12-03,494.0,Y
GN115ZVQW2L,GN-115精選牛皮方向盤套 2L                                           ,A01,1.0,280.0,280.0,2023-03-03,2023-10-23,2023-10-23,901.0,Y
LEO813,牌照螺絲                                                        ,A01,4.0,70.0,280.0,2023-06-28,2023-05-04,2023-06-28,1018.0,Y
PNSSB27C,黃殼15LED黃光/照棣12LED白光、黃光                                      ,A01,4.0,70.0,280.0,2022-08-02,,2022-08-02,1348.0,Y
H3OSRAM2Q,H3 OSARM 55W燈泡                                              ,A01,6.0,45.0,270.0,2020-09-02,,2020-09-02,2047.0,Y
101GR22TA1E2,10-17保時捷2代/2.5代凱燕                                           ,A01,1.0,270.0,270.0,2022-11-26,,2022-11-26,1232.0,Y
LY609NMGSR,LY-609三用室內鏡                                                 ,A01,3.0,90.0,270.0,2023-03-29,,2023-03-29,1109.0,Y
PNSTPC006,手機架 隱藏停車號碼                                                  ,A01,3.0,90.0,270.0,2025-03-10,,2025-03-10,397.0,Y
JK39,保桿防碰條                                                       ,A01,1.0,270.0,270.0,2021-10-13,,2021-10-13,1641.0,Y
LWT001,LW-T001鐵圓胎壓表                                                ,A01,3.0,88.0,264.0,2020-06-06,,2020-06-06,2135.0,Y
3CMZQW,3CM防碰條                                                      ,A01,1.0,260.0,260.0,2021-10-12,,2021-10-12,1642.0,Y
B-22208C55AWQAFRR,黑珍珠毛毯泡沫清潔劑[車牌]                                             ,A01,2.0,130.0,260.0,2025-04-02,,2025-04-02,374.0,Y
PNSFA02,出風口雙頭風扇-黑(氣氛燈七彩LED)                                         ,A01,1.0,260.0,260.0,2023-05-26,,2023-05-26,1051.0,Y
T363QEBU,T-363天然皮革乳(附不沾棉*2)                                          ,A01,1.0,260.0,260.0,2021-11-04,,2021-11-04,1619.0,Y
J00351,J00351 [車牌]IS後雨刷                                         ,A01,2.0,130.0,260.0,2021-12-07,,2021-12-07,1586.0,Y
VBDTFVTFJSW,向日葵超強去污黏土                                                   ,A01,2.0,130.0,260.0,2023-07-25,,2023-07-25,991.0,Y
PNSHDF28,磁吸式 圓形通風口手機架                                                ,A01,2.0,130.0,260.0,2024-09-09,,2024-09-09,579.0,Y
V3910BGWFZ2,V-3910軟式透氣方墊                                                ,A01,2.0,130.0,260.0,2023-09-26,2022-12-31,2023-09-26,928.0,Y
UADTVR2TTW,優馬克超纖除塵毯塵毯                                                  ,A01,2.0,130.0,260.0,2021-06-28,,2021-06-28,1748.0,Y
ABTA089,卡夢防碰條                                                       ,A01,1.0,260.0,260.0,2021-08-18,2021-08-26,2021-08-26,1689.0,Y
ABT-A125,碳纖魂動-卡夢車身防碰條四入                                              ,A01,2.0,130.0,260.0,2023-04-06,,2023-04-06,1101.0,Y
PNSSW005QW,PNS-SW005 6R真皮透氣防滑方向盤套                                      ,A01,1.0,260.0,260.0,2023-02-03,,2023-02-03,1163.0,Y
2MR120A,鍍烙舊車線電源夾/120A                                               ,A01,4.0,65.0,260.0,2021-03-19,,2021-03-19,1849.0,Y
PNSSUN08,PNS-SUN08磁吸隔熱布 前後窗4入                                        ,A01,2.0,130.0,260.0,2023-04-18,,2023-04-18,1089.0,Y
ABT-A114,車用鋁合金掛勾2入                                                   ,A01,2.0,130.0,260.0,2023-04-06,,2023-04-06,1101.0,Y
NG2,隨身碟                                                         ,A01,2.0,129.0,258.0,2024-05-22,,2024-05-22,689.0,Y
PNSWH002-5,洗車五件組                                                       ,A01,3.0,86.0,258.0,2023-09-11,,2023-09-11,943.0,Y
02XGXFXJ,02菱帥冷氣濾網                                                    ,A01,1.0,250.0,250.0,2022-12-22,2024-11-16,2024-11-16,511.0,Y
PNSDBC03,PNS-DBC03一分二旋轉餐盤置杯架-碳纖維款                                    ,A01,1.0,250.0,250.0,2024-02-27,,2024-02-27,774.0,Y
BNE,4mm熱縮管25mm                                                  ,A01,25.0,10.0,250.0,2022-12-12,,2022-12-12,1216.0,Y
SJ911R2W,SJ-911靜電條                                                   ,A01,2.0,125.0,250.0,2020-07-04,,2020-07-04,2107.0,Y
18KICKS5MW2,18KICKS專用踏墊                                                 ,A01,1.0,250.0,250.0,2021-09-29,,2021-09-29,1655.0,Y
XVCE1G,三菱領袖後蓋內把手                                                   ,A01,1.0,250.0,250.0,2023-09-27,,2023-09-27,927.0,Y
G23.3*150,束帶3.3*150                                                   ,A01,5.0,50.0,250.0,2024-07-26,,2024-07-26,624.0,Y
XTRAILDFV,X-TRAIL空氣芯                                                  ,A01,1.0,250.0,250.0,2025-01-03,,2025-01-03,463.0,Y
K00138,新手駕駛多包涵/立體                                                  ,A01,5.0,50.0,250.0,2022-08-16,,2022-08-16,1334.0,Y
J2WV18CM,屋頂天線 18CM                                                   ,A01,1.0,250.0,250.0,2024-09-30,2022-07-18,2024-09-30,558.0,Y
S5RU6DFV,納智傑 U6空氣芯                                                   ,A01,1.0,250.0,250.0,2023-07-28,2023-08-02,2023-08-02,983.0,Y
XQRAION,日本ALON合成鹿皮巾                                                 ,A01,1.0,250.0,250.0,2020-09-09,,2020-09-09,2040.0,Y
FTTAR5Q,汽車車門減震墊片(12入)                                               ,A01,3.0,80.0,240.0,2022-09-26,,2022-09-26,1293.0,Y
902XDFMT,90得利卡晴雨窗                                                    ,A01,1.0,240.0,240.0,2020-09-19,,2020-09-19,2030.0,Y
PS255R2W,PS-255靜電貼                                                   ,A01,3.0,80.0,240.0,2021-10-26,2022-08-05,2022-08-05,1345.0,Y
2QFWZUY,專利電池鉛頭附葉子                                                   ,A01,4.0,60.0,240.0,2023-11-01,,2023-11-01,892.0,Y
CORSSSG1D,CORSS內飾板扣                                                   ,A01,3.0,80.0,240.0,2022-04-18,,2022-04-18,1454.0,Y
GJ0282FRBE,GJ-028 12吋打氣機軟管                                             ,A01,3.0,80.0,240.0,2022-06-21,,2022-06-21,1390.0,Y
PNS1706HDUSB5VGUTY,USB DC 5V升壓DC12V點菸器插座-10瓦功率                                 ,A01,3.0,80.0,240.0,2024-11-19,,2024-11-19,508.0,Y
KR10ZVQW,KA10A方向盤套5L                                                 ,A01,1.0,240.0,240.0,2020-07-02,,2020-07-02,2109.0,Y
G77LEDGYWU5HF,G-77 LED數字胎壓檢測器                                             ,A01,2.0,120.0,240.0,2023-09-26,,2023-09-26,928.0,Y
VWDVV1,小太空香薰杯                                                      ,A01,3.0,80.0,240.0,2021-06-28,2023-02-23,2023-02-23,1143.0,Y
XWZYX1F,輪胎風嘴拉拔器                                                     ,A01,2.0,120.0,240.0,2023-03-15,,2023-03-15,1123.0,Y
PNSSUN19,收納對折遮陽板 SUN車用(DIY)可裁                                        ,A01,3.0,80.0,240.0,2024-07-12,,2024-07-12,638.0,Y
RSENGR2128MM,RSEN雙尖21晶28mmCANBUS                                         ,A01,3.0,80.0,240.0,2023-07-15,2022-01-30,2023-07-15,1001.0,Y
VBDXWG,向日葵輪胎刷                                                      ,A01,2.0,120.0,240.0,2025-03-05,,2025-03-05,402.0,Y
VBDQEYB1UU,向日葵皮革滋潤保養乳[車牌]                                             ,A01,2.0,120.0,240.0,2025-03-05,,2025-03-05,402.0,Y
LDO1115GUSB,5G 5.4A 2孔USB插頭                                             ,A01,2.0,120.0,240.0,2021-11-12,,2021-11-12,1611.0,Y
T20GV2Q,T20雙芯燈泡                                                     ,A01,12.0,20.0,240.0,2024-12-03,2024-11-16,2024-12-03,494.0,Y
TG032FR,TG-03打氣機                                                    ,A01,1.0,230.0,230.0,2021-12-26,2025-02-04,2025-02-04,431.0,Y
TYPER52R,TYPE-R照地鏡                                                   ,A01,1.0,230.0,230.0,2021-06-02,,2021-06-02,1774.0,Y
0882VAMG,08八代專用雨刷                                                    ,A01,1.0,230.0,230.0,2021-10-15,,2021-10-15,1639.0,Y
FT1CWJE,汽車保護貼碗公                                                     ,A01,2.0,113.0,226.0,2022-01-20,2023-12-27,2023-12-27,836.0,Y
RSENQEGXR,RSEN 皮革閃亮[車牌]                                              ,A01,3.0,75.0,225.0,2025-01-15,,2025-01-15,451.0,Y
VA880112HMG,VA-8801 12吋後雨刷                                              ,A01,1.0,225.0,225.0,2022-11-08,,2022-11-08,1250.0,Y
RSENB12W,RSEN 絨布地毯[車牌]                                              ,A01,3.0,75.0,225.0,2025-01-15,,2025-01-15,451.0,Y
20KUGATA1E2,20KUG長毛避光墊                                                  ,A01,1.0,220.0,220.0,2021-09-03,,2021-09-03,1681.0,Y
YC017DAQ2WW,YC-017卡夢排檔套                                                 ,A01,4.0,55.0,220.0,2024-04-11,,2024-04-11,730.0,Y
13RAV4TA1E2,13RAV4長毛避光墊                                                 ,A01,1.0,220.0,220.0,2024-08-05,,2024-08-05,614.0,Y
CR20162T,CR-2016電池                                                   ,A01,10.0,22.0,220.0,2020-03-04,,2020-03-04,2229.0,Y
PNSHG08,椅背掛勾-掛勾可折式(2入)                                              ,A01,5.0,44.0,220.0,2025-03-10,,2025-03-10,397.0,Y
DQ-003F2C1,2合1方向燈蜂鳴器/12V24V                                            ,A01,1.0,220.0,220.0,2025-04-02,,2025-04-02,374.0,Y
X1VGXVX1,12V喇叭先生螺型喇叭                                                 ,A01,1.0,220.0,220.0,2023-11-15,,2023-11-15,878.0,Y
06YARISTA1E2,06-13YARIS長毛避光墊                                             ,A01,1.0,220.0,220.0,2024-08-05,,2024-08-05,614.0,Y
19RAV4TA1E2,19RAV4長毛避光墊                                                 ,A01,1.0,220.0,220.0,2021-09-03,,2021-09-03,1681.0,Y
13FCOUSTA1E2,13FCOUS長毛避光墊                                                ,A01,1.0,220.0,220.0,2024-03-27,,2024-03-27,745.0,Y
08AY26TA1E2,08馬自達6長毛避光墊                                                 ,A01,1.0,220.0,220.0,2023-08-03,,2023-08-03,982.0,Y
08RAV4TA1E2,08RAV4長毛避光墊                                                 ,A01,1.0,220.0,220.0,2023-08-03,2023-05-09,2023-08-03,982.0,Y
05SWIFETA1E2,05SWIFE長毛避光墊                                                ,A01,1.0,220.0,220.0,2021-09-03,,2021-09-03,1681.0,Y
10ALTISTA1E2,10ALTIS長毛避光墊                                                ,A01,1.0,220.0,220.0,2023-08-03,,2023-08-03,982.0,Y
UATTW,洋毛除塵毯                                                       ,A01,2.0,110.0,220.0,2022-04-26,,2022-04-26,1446.0,Y
DE-352EF,DE-35日式雨刷頂高器                                                ,A01,2.0,110.0,220.0,2024-09-30,,2024-09-30,558.0,Y
CROSSTA1E2,20 CROSS長毛避光墊                                               ,A01,1.0,220.0,220.0,2024-10-09,,2024-10-09,549.0,Y
T-137,T-137新棕梠速亮噴蠟[車牌]                                           ,A01,1.0,220.0,220.0,2024-06-21,2024-07-23,2024-07-23,627.0,Y
PNS1704HD,點菸器插座車用延長線-帶開關                                              ,A01,2.0,110.0,220.0,2024-11-19,2023-10-23,2024-11-19,508.0,Y
20VR1TA1E2,20 新尖兵長毛避光墊                                                 ,A01,1.0,210.0,210.0,2020-10-29,,2020-10-29,1990.0,Y
PNSS37TY,PNS-S37大功率四孔插座+雙USB                                         ,A01,1.0,210.0,210.0,2024-06-11,,2024-06-11,669.0,Y
RSENUE12HMG,RSEN硬骨 12吋雨刷                                                ,A01,3.0,70.0,210.0,2022-12-07,,2022-12-07,1221.0,Y
KICKS1.818,18KICKS 1.5長毛避光墊                                            ,A01,1.0,210.0,210.0,2020-07-01,,2020-07-01,2110.0,Y
18KICKSTA1E2,18KICKS長毛避光墊                                                ,A01,1.0,210.0,210.0,2020-10-29,,2020-10-29,1990.0,Y
19AY23TA1E2,19馬自達3長毛避光墊                                                 ,A01,1.0,210.0,210.0,2020-10-29,,2020-10-29,1990.0,Y
PNSCS002RUAU1E2,記憶棉椅背靠墊(腰靠)                                                 ,A01,1.0,210.0,210.0,2023-09-27,,2023-09-27,927.0,Y
QUZVQW,便宜方向盤套                                                      ,A01,2.0,100.0,200.0,2021-10-26,,2021-10-26,1628.0,Y
F170F2TQW,F-17安全帶插片(碳纖)                                               ,A01,2.0,100.0,200.0,2025-03-14,,2025-03-14,393.0,Y
2TXW5R+ZAF,倒車雷達主機+蜂鳴器                                                  ,A01,1.0,200.0,200.0,2022-01-21,,2022-01-21,1541.0,Y
PNS-HG09,椅背掛勾-伸縮手機架                                                  ,A01,2.0,100.0,200.0,2024-05-28,,2024-05-28,683.0,Y
YYC02USBTY,YY-C02 2孔 USB插座                                             ,A01,1.0,200.0,200.0,2023-10-17,,2023-10-17,907.0,Y
RSENGRCANBS10*36,RSEN雙尖10*36CANBUS3SND                                       ,A01,2.0,100.0,200.0,2022-01-26,,2022-01-26,1536.0,Y
K00460,騰原豆腐店(自家用)立體                                                ,A01,4.0,50.0,200.0,2025-01-07,,2025-01-07,459.0,Y
ABT-A179,水型俠菸灰缸-自帶水箱滅菸                                               ,A01,1.0,200.0,200.0,2024-05-15,,2024-05-15,696.0,Y
RSENUG24HMG,RSEN硬式雨刷 24吋                                                ,A01,2.0,100.0,200.0,2021-11-12,2022-10-18,2022-10-18,1271.0,Y
FCOUSQGW,[車牌]US噴水桶像皮/有濾網/正廠                                       ,A01,1.0,200.0,200.0,2024-02-15,,2024-02-15,786.0,Y
PNSS29C02,汽車用QC3.0急速閃電快充2USB車充                                        ,A01,1.0,200.0,200.0,2021-03-09,,2021-03-09,1859.0,Y
JK40W2USBDT,JK-40-W-2置物盒USB橢貼式充電3.0/12                                  ,A01,1.0,200.0,200.0,2020-09-11,,2020-09-11,2038.0,Y
SF029,三菱納智傑通用固定扣-5入                                               ,A01,5.0,40.0,200.0,2023-12-18,,2023-12-18,845.0,Y
ABRO1UFRR,ABRO柏油清潔劑                                                   ,A01,2.0,100.0,200.0,2020-09-02,,2020-09-02,2047.0,Y
K00131,藤原豆腐店(自家用)24CM                                              ,A01,4.0,50.0,200.0,2025-01-07,,2025-01-07,459.0,Y
1ARV,扁母/全套藍夾線/2.0-7A/100只                                        ,A01,1.0,200.0,200.0,2021-09-01,,2021-09-01,1683.0,Y
27A2T,27A電池                                                       ,A01,6.0,32.0,192.0,2020-03-04,,2020-03-04,2229.0,Y
PNSTL80200,超細纖維 超強吸水毛巾80*[車牌]                                         ,A01,2.0,95.0,190.0,2023-03-21,,2023-03-21,1117.0,Y
USB5RW,USB轉接器                                                      ,A01,7.0,27.0,189.0,2024-04-22,,2024-04-22,719.0,Y
BA-10055C55ZAP6QGR,黑珍珠ZAP6潑水劑[車牌]                                             ,A01,2.0,90.0,180.0,2025-04-02,,2025-04-02,374.0,Y
H00688,翅膀/愛心(大)立體貼紙                                                ,A01,6.0,30.0,180.0,2023-03-03,2022-08-31,2023-03-03,1135.0,Y
PNSMY780,車燈燈改貼膜                                                      ,A01,3.0,60.0,180.0,2022-07-19,,2022-07-19,1362.0,Y
GT-81032B,GT-81032B斜面第三煞車燈                                            ,A01,1.0,180.0,180.0,2021-09-30,,2021-09-30,1654.0,Y
RSENGR6SMD,RSEN雙尖6SMD室內燈                                               ,A01,2.0,90.0,180.0,2022-03-29,,2022-03-29,1474.0,Y
PNS-CS150,[車牌]引擎蓋穿式氣壩燈-白光                                            ,A01,1.0,180.0,180.0,2025-04-02,,2025-04-02,374.0,Y
PNSH6LED18W,H6 小盤大燈燈泡-2顆9瓦 LED 白光                                       ,A01,1.0,180.0,180.0,2021-03-09,,2021-03-09,1859.0,Y
GN12036ZVQW,GN-120 36節方向盤套                                              ,A01,2.0,90.0,180.0,2024-08-08,2024-08-06,2024-08-08,611.0,Y
08ALTISFMT,08ALTIS晴雨窗                                                  ,A01,1.0,180.0,180.0,2020-09-19,2024-07-06,2024-07-06,644.0,Y
GT81032GT2,GT-81032斜面第三煞車燈                                             ,A01,1.0,180.0,180.0,2021-09-30,2022-09-14,2022-09-14,1305.0,Y
QY-42360VWGRR,QY-42 360度吸鐵手機架                                             ,A01,2.0,90.0,180.0,2023-07-15,,2023-07-15,1001.0,Y
MR004,圓形反光片-黃光 冰藍/黃光 LED燈                                         ,A01,1.0,180.0,180.0,2020-04-29,,2020-04-29,2173.0,Y
SF1244-1H1GUTY,SF-1244-1 H1雙葉插座                                            ,A01,2.0,90.0,180.0,2023-07-25,,2023-07-25,991.0,Y
QAJFTNFTR,泡沫頑強蟲屍去除劑                                                   ,A01,1.0,180.0,180.0,2024-06-07,2025-01-02,2025-01-02,464.0,Y
GWA,雙頭母                                                         ,A01,6.0,30.0,180.0,2021-05-14,2024-10-09,2024-10-09,549.0,Y
LI568GSR,LI-568室內鏡-核                                                 ,A01,2.0,90.0,180.0,2023-03-29,2023-11-09,2023-11-09,884.0,Y
112PDQC3.0,[車牌]+QC3.0車載閃充                                             ,A01,1.0,180.0,180.0,2020-12-26,2022-05-04,2022-05-04,1438.0,Y
CR20252T,CR-2032電池                                                   ,A01,8.0,22.0,176.0,2020-03-04,2021-07-15,2021-07-15,1731.0,Y
PNSJW220R2UG,PNS-JW220靜電鑰匙                                               ,A01,5.0,35.0,175.0,2023-04-18,2023-04-12,2023-04-18,1089.0,Y
C55QEFRR,黑珍珠皮革清潔劑                                                    ,A01,2.0,85.0,170.0,2021-10-12,,2021-10-12,1642.0,Y
PNSWT001,多用途洗車桶(附贈海綿)                                                ,A01,1.0,170.0,170.0,2023-08-10,,2023-08-10,975.0,Y
X5NY2,綠竹絲座墊                                                       ,A01,1.0,170.0,170.0,2022-04-26,,2022-04-26,1446.0,Y
FTXDZEW5,汽車輪弧反光貼紙                                                    ,A01,1.0,170.0,170.0,2023-07-30,2023-07-31,2023-07-31,985.0,Y
VBDCCTZ2A,很好擦飛碟棉                                                      ,A01,3.0,55.0,165.0,2020-06-03,,2020-06-03,2138.0,Y
CY052,CY-652安全護套                                                  ,A01,2.0,80.0,160.0,2020-05-21,,2020-05-21,2151.0,Y
M00199,藤原豆腐店(自家用)                                                  ,A01,2.0,80.0,160.0,2025-01-07,2024-05-27,2025-01-07,459.0,Y
CARZWT2Y,CAR 豐田 2USB3.1A充電座                                          ,A01,1.0,160.0,160.0,2021-01-15,,2021-01-15,1912.0,Y
TA2XGW,車門鍍烙飾條                                                      ,A01,2.0,80.0,160.0,2021-02-06,,2021-02-06,1890.0,Y
SF035,SF-035腳踏板固定扣                                                ,A01,4.0,40.0,160.0,2021-12-08,,2021-12-08,1585.0,Y
J00391,藤原豆腐店(自家用)立體                                                ,A01,4.0,40.0,160.0,2025-01-07,,2025-01-07,459.0,Y
GN116DAJZVQW2L,GN-116卡孟文方向盤套 2L(40CM)                                      ,A01,1.0,160.0,160.0,2023-03-03,2024-12-11,2024-12-11,486.0,Y
H-326111X1,H-32611嗶嗶喇叭                                                 ,A01,1.0,160.0,160.0,2023-11-15,2024-06-13,2024-06-13,667.0,Y
3PLEDR2F,3P LED閃光器 日系專用                                              ,A01,1.0,160.0,160.0,2020-11-17,,2020-11-17,1971.0,Y
M00128BL,火焰/藍貼紙                                                      ,A01,2.0,80.0,160.0,2023-03-03,2022-11-29,2023-03-03,1135.0,Y
PNSS212UF,PNS-S21大功率獨立開關+雙USB                                         ,A01,1.0,160.0,160.0,2022-03-04,2024-10-01,2024-10-01,557.0,Y
CR20322T,CR-2032電池                                                   ,A01,7.0,22.0,154.0,2020-03-04,,2020-03-04,2229.0,Y
ZXQH155WCR2W,菲利浦 H1 55W黃金燈泡                                              ,A01,1.0,150.0,150.0,2022-11-24,,2022-11-24,1234.0,Y
HS0400,長形第三煞車燈                                                     ,A01,1.0,150.0,150.0,2021-09-30,,2021-09-30,1654.0,Y
GNFMT,雙色晴雨窗                                                       ,A01,3.0,50.0,150.0,2020-09-09,,2020-09-09,2040.0,Y
PNSSUN16-L,雙層斷熱遮陽板RV/SUV專用                                             ,A01,1.0,150.0,150.0,2024-08-13,2024-07-12,2024-08-13,606.0,Y
H4ZXQ2Q,H4 55W菲利浦黃金燈泡                                               ,A01,1.0,150.0,150.0,2020-05-26,,2020-05-26,2146.0,Y
ZXQH355WT1E,菲利浦 H3 55W超白光                                               ,A01,1.0,150.0,150.0,2022-11-24,,2022-11-24,1234.0,Y
N1QWZ1TR,傘兵牌鐵粉拔除劑[車牌]                                               ,A01,1.0,150.0,150.0,2021-07-29,2021-10-18,2021-10-18,1636.0,Y
V29GRR,V29手機架                                                      ,A01,1.0,150.0,150.0,2024-06-26,2023-03-31,2024-06-26,654.0,Y
S5RDFV,納智傑空氣芯                                                      ,A01,1.0,150.0,150.0,2023-07-28,,2023-07-28,988.0,Y
LW0972,28顆LED煞車燈25cm                                               ,A01,1.0,150.0,150.0,2021-03-26,,2021-03-26,1842.0,Y
AL5003,AL-5002車載USB插座                                              ,A01,1.0,150.0,150.0,2020-08-27,2020-08-28,2020-08-28,2052.0,Y
PNSXP058,3.5吋機械手臂式平板手機架                                              ,A01,1.0,150.0,150.0,2022-03-28,2020-11-02,2022-03-28,1475.0,Y
JOHNSENTUUR,JOHNSEN柴油油精                                                 ,A01,1.0,150.0,150.0,2025-02-18,,2025-02-18,417.0,Y
W51EFFVR,特種兵鋼圈清洗劑                                                    ,A01,1.0,150.0,150.0,2021-07-29,2022-07-28,2022-07-28,1353.0,Y
KH826UTVGW,KH-826延長線雙頭(附夾子)3米                                          ,A01,1.0,150.0,150.0,2022-07-26,2024-07-29,2024-07-29,621.0,Y
SD2505TMU1GD,SD-2505車用椅背雙勾                                               ,A01,3.0,50.0,150.0,2023-07-25,2023-03-16,2023-07-25,991.0,Y
02EAXRUV2.0T,02冠美麗機油芯/長2.0                                               ,A01,3.0,50.0,150.0,2023-05-02,,2023-05-02,1075.0,Y
02EAXRUV2.02,02冠美麗機油芯2.0/短                                               ,A01,3.0,50.0,150.0,2023-05-02,,2023-05-02,1075.0,Y
03ALTISERR,03ALTS廣角鏡                                                   ,A01,0.5,300.0,150.0,2024-07-29,2024-07-30,2024-07-30,620.0,Y
PNSHGK01U1ED,PNS-HGK01椅背掛勾微笑                                             ,A01,5.0,30.0,150.0,2021-09-22,2022-01-21,2022-01-21,1541.0,Y
HY886UTW,HY-88-6豪華鑰匙套加大版                                             ,A01,1.0,145.0,145.0,2021-07-01,2023-05-10,2023-05-10,1067.0,Y
FN002TUVEYY,FN-002拆油芯工具組                                                ,A01,1.0,145.0,145.0,2022-10-31,,2022-10-31,1258.0,Y
KYKMGR,KYKf去油膜雨刷精                                                  ,A01,2.0,70.0,140.0,2024-11-14,,2024-11-14,513.0,Y
GS2T24V,KASILHE室內燈 24V                                              ,A01,1.0,140.0,140.0,2020-07-10,,2020-07-10,2101.0,Y
GS2LM800524,LM-8005 24V室內燈                                              ,A01,1.0,140.0,140.0,2020-07-10,2021-01-23,2021-01-23,1904.0,Y
RSEN0F2D,RSEN安全帶扣                                                    ,A01,2.0,70.0,140.0,2024-06-26,2020-10-23,2024-06-26,654.0,Y
MC092R,MC-09溫度/濕度計                                                 ,A01,2.0,70.0,140.0,2022-03-02,,2022-03-02,1501.0,Y
S14PN2DE,S1 4P三段附燈開關(1入)                                             ,A01,2.0,70.0,140.0,2023-03-29,,2023-03-29,1109.0,Y
PNSHDF43,六連桿重力支架吸盤手機架4~7吋                                            ,A01,1.0,140.0,140.0,2024-12-28,,2024-12-28,469.0,Y
2TRW1,電池架鐵架                                                       ,A01,4.0,35.0,140.0,2022-12-12,,2022-12-12,1216.0,Y
24VGV2Q,24V雙芯燈泡                                                     ,A01,28.0,5.0,140.0,2024-02-29,,2024-02-29,772.0,Y
PNSDS002WVJUZW,PNS-DS002碳纖維椅邊縫塞條                                           ,A01,2.0,70.0,140.0,2021-08-27,,2021-08-27,1688.0,Y
PNSCS001,PNS-CS001網狀散熱腰靠-黑色                                          ,A01,4.0,35.0,140.0,2023-01-17,,2023-01-17,1180.0,Y
GS2T,KASILHE室內燈 12V12V                                           ,A01,1.0,140.0,140.0,2021-07-12,2024-02-20,2024-02-20,781.0,Y
PNSDH001GGW,英國旗-把手防撞片                                                   ,A01,2.0,70.0,140.0,2021-06-01,,2021-06-01,1775.0,Y
ABR,AB膠                                                         ,A01,4.0,35.0,140.0,2021-12-26,,2021-12-26,1567.0,Y
PNSDS001,椅縫邊條塞                                                       ,A01,2.0,70.0,140.0,2020-12-02,,2020-12-02,1956.0,Y
PNSHG07,椅背掛勾-長度5CM-30CM                                             ,A01,2.0,70.0,140.0,2023-05-09,,2023-05-09,1068.0,Y
2XAW8H,8吋打蠟棉套拋光                                                    ,A01,2.0,70.0,140.0,2020-05-21,,2020-05-21,2151.0,Y
AEGV2Q3157,3157美規雙芯燈泡 2入                                               ,A01,2.5,55.0,137.5,2021-01-07,,2021-01-07,1920.0,Y
1XHWUAZCA,玻璃瓷土油膜清潔-附海綿                                                ,A01,3.0,45.0,135.0,2020-05-21,,2020-05-21,2151.0,Y
16162T,1616電池                                                      ,A01,4.0,33.0,132.0,2023-03-03,2025-01-23,2025-01-23,443.0,Y
TVCVNERY,T型火星塞工具組                                                    ,A01,2.0,65.0,130.0,2022-08-26,,2022-08-26,1324.0,Y
J00355CMG,J00355後雨刷                                                   ,A01,1.0,130.0,130.0,2020-12-26,,2020-12-26,1932.0,Y
PNSPM001,高級美容魔術黏土                                                    ,A01,2.0,65.0,130.0,2021-05-26,,2021-05-26,1781.0,Y
ABTD0040FRGZE1V,ABT-D004安全警示反光被-針織口袋款                                       ,A01,1.0,130.0,130.0,2024-01-03,,2024-01-03,829.0,Y
S5RRUV,納智納機油芯                                                      ,A01,1.0,130.0,130.0,2021-10-29,,2021-10-29,1625.0,Y
PNSSCUP03,多功能PU皮革椅縫置物架                                                ,A01,1.0,130.0,130.0,2024-09-09,2024-08-27,2024-09-09,579.0,Y
82VADFV,8代喜美空氣芯1.8                                                  ,A01,1.0,130.0,130.0,2021-10-30,2024-10-29,2024-10-29,529.0,Y
PNSHDF29,磁吸式 常感出風口手機架                                                ,A01,1.0,130.0,130.0,2025-04-02,2025-02-19,2025-04-02,374.0,Y
ABT-A126,碳纖魂動-卡夢掛勾四入                                                 ,A01,2.0,65.0,130.0,2023-04-06,,2023-04-06,1101.0,Y
PNSPB01,伸縮洗車桶(洗車/家用)15公升                                            ,A01,1.0,128.0,128.0,2021-01-12,,2021-01-12,1915.0,Y
SF4005WAVQ,SF-4005透明吸盤                                                 ,A01,8.5,15.0,127.5,2022-11-02,2022-06-13,2022-11-02,1256.0,Y
36MMGS2,36MM室內燈                                                     ,A01,14.0,9.0,126.0,2020-01-31,2021-06-08,2021-06-08,1768.0,Y
1XD2CAG,可摺式海綿玻璃刮刀                                                   ,A01,2.0,62.0,124.0,2020-03-04,,2020-03-04,2229.0,Y
TAA086,鋁合金空中救援香水                                                   ,A01,1.0,120.0,120.0,2021-01-15,2021-06-15,2021-06-15,1761.0,Y
VBDQEYB1UR,向日葵皮革滋潤保養液                                                  ,A01,1.0,120.0,120.0,2023-12-18,2022-11-24,2023-12-18,845.0,Y
UADVTR,優馬克洗車精                                                      ,A01,2.0,60.0,120.0,2025-03-05,,2025-03-05,402.0,Y
PNSSUN09,吸盤隔熱遮陽車窗網布 2入/組                                             ,A01,2.0,60.0,120.0,2023-04-18,,2023-04-18,1089.0,Y
PNS-2130,車用輔助鏡子-磁鐵款黑                                                 ,A01,2.0,60.0,120.0,2020-09-01,,2020-09-01,2048.0,Y
J00117,反光片/長方形                                                     ,A01,3.0,40.0,120.0,2021-06-25,,2021-06-25,1751.0,Y
Z2FX1,防盜器喇叭                                                       ,A01,1.0,120.0,120.0,2020-08-27,2023-04-22,2023-04-22,1085.0,Y
J00386,5ZIGEN/二入貼紙                                                 ,A01,3.0,40.0,120.0,2022-07-29,2022-08-08,2022-08-08,1342.0,Y
H00842,易怒體質(4*15CM)                                                ,A01,4.0,30.0,120.0,2022-07-29,,2022-07-29,1352.0,Y
YI269AW,YI-269曼斗                                                    ,A01,1.0,120.0,120.0,2023-09-26,,2023-09-26,928.0,Y
204LEDZG,F204炫彩LED風扇                                                 ,A01,1.0,120.0,120.0,2021-05-26,,2021-05-26,1781.0,Y
J00118,反光片/三角形 雙色                                                  ,A01,3.0,40.0,120.0,2021-06-25,,2021-06-25,1751.0,Y
KY303122FE,KY-3031有燈旗桿                                                 ,A01,2.0,60.0,120.0,2023-10-26,,2023-10-26,898.0,Y
HG002MGR,日本進口KYK去油膜雨刷精 [車牌]                                         ,A01,2.0,60.0,120.0,2022-06-21,2024-11-14,2024-11-14,513.0,Y
UEJFZN,無鉛油蓋/附鎖 TW-542                                              ,A01,1.0,120.0,120.0,2021-09-01,,2021-09-01,1683.0,Y
KY010,2010 10*39室內燈泡 12V 10W 2                                    ,A01,10.0,12.0,120.0,2020-05-21,,2020-05-21,2151.0,Y
PNSHD97,車內後視鏡手機架                                                    ,A01,1.0,120.0,120.0,2021-01-15,,2021-01-15,1912.0,Y
RSENA1FTU11A5W,RSEN A1汽車背面紙套                                               ,A01,1.0,120.0,120.0,2025-02-26,2024-01-06,2025-02-26,409.0,Y
GHA308,馬自達大燈轉接座                                                    ,A01,1.0,120.0,120.0,2021-03-19,2021-12-27,2021-12-27,1566.0,Y
FS81TFE,FS-6426氣嘴蓋                                                  ,A01,3.0,40.0,120.0,2021-12-07,2024-03-11,2024-03-11,761.0,Y
PD12012MRW,PD-1201電源接頭                                                 ,A01,1.0,120.0,120.0,2025-01-16,2025-01-21,2025-01-21,445.0,Y
NO217VG,NO-217香水                                                    ,A01,2.0,55.0,110.0,2023-01-13,,2023-01-13,1184.0,Y
HY899GQ2W,HY-899排檔套                                                   ,A01,2.0,55.0,110.0,2023-08-03,,2023-08-03,982.0,Y
VTGDRGE,可接水管洗車刷                                                     ,A01,2.0,55.0,110.0,2020-03-04,,2020-03-04,2229.0,Y
NO167VG,NO167單晶冷氣香水                                                 ,A01,2.0,55.0,110.0,2021-10-12,2024-10-29,2024-10-29,529.0,Y
PS800LED2,PS-[車牌]晶體車燈30CM                                           ,A01,2.0,55.0,110.0,2021-10-26,,2021-10-26,1628.0,Y
TC668652XDTY,TC-668652兩孔插座                                               ,A01,1.0,110.0,110.0,2020-07-04,2020-11-02,2020-11-02,1986.0,Y
41MMGS2,41MM室內燈                                                     ,A01,9.0,12.0,108.0,2020-03-04,,2020-03-04,2229.0,Y
SP3601UXR,SP-3601 飲料架 雙核                                              ,A01,1.0,105.0,105.0,2022-10-06,,2022-10-06,1283.0,Y
SF4004CNVQ,SF-4004黑色吸盤                                                 ,A01,7.0,15.0,105.0,2025-03-05,,2025-03-05,402.0,Y
PNSP012,仿羊毛絨洗車蠟手套                                                   ,A01,3.0,35.0,105.0,2025-04-02,,2025-04-02,374.0,Y
70A1VN,豐田70A保險絲                                                    ,A01,2.0,50.0,100.0,2024-09-30,,2024-09-30,558.0,Y
100A1VN,豐田100A保險絲                                                   ,A01,2.0,50.0,100.0,2024-09-30,,2024-09-30,558.0,Y
RSENGR36COB,RSEN 雙尖36COB無極性                                             ,A01,1.0,100.0,100.0,2024-04-09,2022-01-11,2024-04-09,732.0,Y
O00201,SPort mind/TO 立體                                            ,A01,1.0,100.0,100.0,2022-07-29,,2022-07-29,1352.0,Y
O00202,Sports mind/MI 立體                                           ,A01,1.0,100.0,100.0,2022-07-29,,2022-07-29,1352.0,Y
1XD2,12吋玻璃刮刀                                                     ,A01,2.0,50.0,100.0,2020-03-04,,2020-03-04,2229.0,Y
C.XXWB,黑又亮輪胎乳                                                      ,A01,2.0,50.0,100.0,2020-12-10,,2020-12-10,1948.0,Y
XXC2D,菱利後燈殼                                                       ,A01,1.0,100.0,100.0,2024-02-15,,2024-02-15,786.0,Y
O00204,Sports mind/HO 立體                                           ,A01,1.0,100.0,100.0,2022-07-29,,2022-07-29,1352.0,Y
AVV,AV線                                                         ,A01,2.0,50.0,100.0,2021-07-12,,2021-07-12,1734.0,Y
F180F2TQ,F-18安全帶插片(皮)                                                ,A01,1.0,100.0,100.0,2025-03-14,,2025-03-14,393.0,Y
TVR,2分叉線夾10#/100只                                               ,A01,100.0,1.0,100.0,2021-03-19,,2021-03-19,1849.0,Y
TAW001JMG,TA-W001 360度萬用刷                                             ,A01,1.0,100.0,100.0,2023-10-26,,2023-10-26,898.0,Y
1XE251CM,管式海綿玻璃刮刀(51CM)                                              ,A01,2.0,50.0,100.0,2020-03-04,,2020-03-04,2229.0,Y
H324V1002Q,H3 24V 70W燈泡                                                ,A01,2.0,50.0,100.0,2024-10-15,,2024-10-15,543.0,Y
5H2XR5Q,5吋打蠟機轉盤                                                     ,A01,1.0,100.0,100.0,2021-02-08,,2021-02-08,1888.0,Y
A095,A095方向盤套                                                    ,A01,1.0,100.0,100.0,2020-07-09,2023-09-12,2023-09-12,942.0,Y
NOID12R,NOID 12晶室內燈                                                 ,A01,1.0,100.0,100.0,2023-07-15,2023-07-13,2023-07-15,1001.0,Y
H422WH2RY,H4大燈陶瓷對接座(2入)                                               ,A01,1.0,100.0,100.0,2021-01-07,,2021-01-07,1920.0,Y
O00149,法拉利風嘴帽(四入)                                                  ,A01,1.0,100.0,100.0,2021-06-25,,2021-06-25,1751.0,Y
ZVQUEC,進口方向盤透氣-有蓋黃                                                 ,A01,1.0,100.0,100.0,2021-01-07,,2021-01-07,1920.0,Y
KY323RGEY2,KY-323夾式石英工作燈                                               ,A01,1.0,100.0,100.0,2020-09-11,,2020-09-11,2038.0,Y
RSENH1WHW,RSRN H1陶瓷大燈線頭                                               ,A01,2.0,50.0,100.0,2022-03-07,,2022-03-07,1496.0,Y
5MZVQW,卓越方向盤套                                                      ,A01,2.0,50.0,100.0,2023-05-10,2025-04-02,2025-04-02,374.0,Y
XTRAILRUV,X-TRAIL機油芯                                                  ,A01,1.0,100.0,100.0,2025-01-03,,2025-01-03,463.0,Y
PNSSCUP05,椅背餐盤置物架盒                                                    ,A01,1.0,100.0,100.0,2022-10-19,,2022-10-19,1270.0,Y
GHA3442DTY,單孔插座/附線                                                     ,A01,2.0,50.0,100.0,2021-07-26,2021-09-20,2021-09-20,1664.0,Y
S53-1TG1VNY,S53-1 213插式保險絲座/附10A保險絲電器                                   ,A01,2.0,50.0,100.0,2025-03-06,,2025-03-06,401.0,Y
S53213TG1VNJ1VN,S53 213插式保險絲座/無保險絲                                          ,A01,2.0,50.0,100.0,2025-03-06,,2025-03-06,401.0,Y
S83PDE,S8 3P附燈開關                                                   ,A01,12.0,8.0,96.0,2023-03-29,2023-12-07,2023-12-07,856.0,Y
ABROQA1UFRR,ABRO泡沫柏油清潔劑                                                 ,A01,1.0,95.0,95.0,2020-09-02,2021-08-02,2021-08-02,1713.0,Y
UADFTAADZCQW,悠馬克汽車門檻防護貼條 4入裝                                             ,A01,1.0,95.0,95.0,2022-04-26,,2022-04-26,1446.0,Y
GHA313VRW,GH-A313 台灣製 富開關電源雪茄投/吊卡                                     ,A01,1.0,90.0,90.0,2023-12-13,2022-07-22,2023-12-13,850.0,Y
H00330,火焰/籃紫                                                       ,A01,3.0,30.0,90.0,2023-03-03,2023-02-28,2023-03-03,1135.0,Y
ABT563FYQD,ABT-563七字牌框                                                 ,A01,1.0,90.0,90.0,2024-02-27,2024-11-19,2024-11-19,508.0,Y
H00658,爪子/立體反光                                                     ,A01,3.0,30.0,90.0,2022-01-11,,2022-01-11,1551.0,Y
PNSTPC007,手機架 隱藏式停車號碼/一路平安                                            ,A01,1.0,90.0,90.0,2021-01-12,2022-01-03,2022-01-03,1559.0,Y
LY328GSR,LY-328 室內鏡                                                  ,A01,2.0,45.0,90.0,2025-03-06,2023-05-25,2025-03-06,401.0,Y
H00689,天使之翼/新版立體貼紙                                                 ,A01,3.0,30.0,90.0,2021-07-23,,2021-07-23,1723.0,Y
1XE28H,8吋玻璃刮刀                                                      ,A01,2.0,45.0,90.0,2020-03-04,,2020-03-04,2229.0,Y
H00679,爪子/立體反光綠                                                    ,A01,3.0,30.0,90.0,2022-01-11,,2022-01-11,1551.0,Y
PNST530,LED工作燈/檢修燈-磁鐵                                               ,A01,1.0,90.0,90.0,2020-12-02,2021-08-21,2021-08-21,1694.0,Y
TUVERY,拆音響工具組                                                      ,A01,3.0,28.0,84.0,2024-06-14,,2024-06-14,666.0,Y
C55GTQFRR,黑珍珠 煞車盤清潔劑                                                  ,A01,1.0,80.0,80.0,2021-06-26,,2021-06-26,1750.0,Y
M00250,3D立體/螃蟹貼飾                                                   ,A01,1.0,80.0,80.0,2021-06-25,,2021-06-25,1751.0,Y
F00986,爪子/立體反光綠(7.5CM)                                             ,A01,4.0,20.0,80.0,2022-01-11,,2022-01-11,1551.0,Y
XWDAVYFW,拆輪胎全套汽門芯子                                                   ,A01,1.0,80.0,80.0,2023-03-15,,2023-03-15,1123.0,Y
J00398,反光片/長方形紅                                                    ,A01,2.0,40.0,80.0,2025-01-07,,2025-01-07,459.0,Y
SF0037,SF-0037新悍將 馬自達固定扣                                           ,A01,2.0,40.0,80.0,2020-12-10,,2020-12-10,1948.0,Y
PNSTL4030,超細高密度珊瑚絨毛巾-雙色毛巾                                             ,A01,4.0,20.0,80.0,2024-02-01,,2024-02-01,800.0,Y
2TRXN,電池架螺絲                                                       ,A01,8.0,10.0,80.0,2022-12-12,,2022-12-12,1216.0,Y
H724V2Q,H7 24V燈泡                                                    ,A01,1.0,80.0,80.0,2024-12-03,,2024-12-03,494.0,Y
B0905GQQ2W,B-0905手排煞車護板                                                ,A01,1.0,80.0,80.0,2021-08-26,,2021-08-26,1689.0,Y
PNSHDS04-C,機車手機架遮陽帽蓋                                                   ,A01,1.0,80.0,80.0,2024-02-27,,2024-02-27,774.0,Y
PNSDSB001,碳纖維安全帶護套                                                    ,A01,1.0,80.0,80.0,2020-12-02,,2020-12-02,1956.0,Y
TYLEDUCE,車載LED菸灰缸                                                    ,A01,1.0,80.0,80.0,2022-03-29,,2022-03-29,1474.0,Y
PNS-P07-01,雙層(厚)強力吸水布40*40                                             ,A01,1.0,78.0,78.0,2024-05-20,,2024-05-20,691.0,Y
GN008UVWV,GN008音響天線                                                   ,A01,1.0,75.0,75.0,2021-01-07,2022-01-26,2022-01-26,1536.0,Y
LY601,小圓鏡                                                         ,A01,3.0,25.0,75.0,2023-03-14,2022-05-13,2023-03-14,1124.0,Y
R2FVW,繼電器線頭                                                       ,A01,5.0,15.0,75.0,2024-07-26,2023-07-20,2024-07-26,624.0,Y
SF0019,SF-0019保桿通用固定扣                                              ,A01,2.0,36.0,72.0,2020-06-03,,2020-06-03,2138.0,Y
T8U112Q,T8-儀表板燈泡-2入清光                                               ,A01,3.0,24.0,72.0,2021-11-19,,2021-11-19,1604.0,Y
SF0014,[車牌]通用型固定扣                                                ,A01,2.0,36.0,72.0,2025-03-05,,2025-03-05,402.0,Y
CY909QWW,CY-909排檔頭套(全色無繡字)                                           ,A01,2.0,35.0,70.0,2024-10-10,,2024-10-10,548.0,Y
P235J5C2,P-23置物止滑墊(26.5cmx15大)                                       ,A01,1.0,70.0,70.0,2023-09-26,,2023-09-26,928.0,Y
1VN30AVAT1VN,TOYTA 30A小母插式保險絲                                            ,A01,2.0,35.0,70.0,2022-05-26,,2022-05-26,1416.0,Y
SF3007XF21,[車牌]冷氣口吊板                                                 ,A01,5.0,14.0,70.0,2020-12-10,,2020-12-10,1948.0,Y
BB1361,割字新手駕駛 可愛貓咪                                                 ,A01,2.0,33.0,66.0,2020-05-21,2021-03-15,2021-03-15,1853.0,Y
BB906,割字新手駕駛                                                      ,A01,2.0,33.0,66.0,2020-05-21,2020-12-09,2020-12-09,1949.0,Y
VBDVATX,向日葵細目粗蠟                                                     ,A01,1.0,65.0,65.0,2022-03-29,2022-02-23,2022-03-29,1474.0,Y
HF007TA1Y,拆面板組                                                        ,A01,1.0,64.0,64.0,2021-08-13,2024-01-10,2024-01-10,822.0,Y
VBDAMMGR,向日葵免用撥水劑[車牌]                                               ,A01,1.0,62.0,62.0,2022-03-29,2022-10-14,2022-10-14,1275.0,Y
PNSP06,三層波浪洗車海綿                                                    ,A01,2.0,30.0,60.0,2023-12-12,,2023-12-12,851.0,Y
K00864,5ZIGEN貼紙                                                    ,A01,2.0,30.0,60.0,2022-08-16,,2022-08-16,1334.0,Y
E00983,爪子/立體反光綠2(5.5CM)螢光綠                                         ,A01,4.0,15.0,60.0,2022-01-11,,2022-01-11,1551.0,Y
H1255W,H1 55W燈泡                                                    ,A01,2.0,30.0,60.0,2024-10-15,2025-02-05,2025-02-05,430.0,Y
PNS2156,碳纖維後視鏡遮雨片                                                   ,A01,1.0,60.0,60.0,2020-09-01,2023-05-12,2023-05-12,1065.0,Y
H00781,皇冠/瑪莎蒂立體 黑紅                                                 ,A01,2.0,30.0,60.0,2021-06-25,,2021-06-25,1751.0,Y
F00922,柴油加滿                                                        ,A01,3.0,20.0,60.0,2024-03-12,,2024-03-12,760.0,Y
CWTZVBCR,黑頭車防鏽潤滑劑                                                    ,A01,1.0,60.0,60.0,2020-12-10,2021-08-02,2021-08-02,1713.0,Y
T6.5522Q,T6.5炸彈儀表板燈泡 清光-2入                                           ,A01,3.0,20.0,60.0,2021-11-19,,2021-11-19,1604.0,Y
PNSHG03,萬用掛勾 後頭枕 無私角                                                ,A01,3.0,20.0,60.0,2025-03-10,2024-01-06,2025-03-10,397.0,Y
H00847,卡通/粉紅                                                       ,A01,2.0,30.0,60.0,2022-07-29,2023-03-03,2023-03-03,1135.0,Y
XW5VFY414,輪胎直型氣嘴(414)                                                 ,A01,4.0,13.0,52.0,2023-03-15,,2023-03-15,1123.0,Y
SF3008UV21,SF-3008音響吊板                                                 ,A01,5.0,10.0,50.0,2020-12-10,,2020-12-10,1948.0,Y
TAA013RUUVW5,TA-A013加油提醒圈+油箱蓋貼                                           ,A01,1.0,50.0,50.0,2024-01-03,,2024-01-03,829.0,Y
2XD2-,得利卡吊耳                                                       ,A01,1.0,50.0,50.0,2021-01-07,,2021-01-07,1920.0,Y
GN533Q2WW,GN-533黑色排檔頭套                                                ,A01,1.0,48.0,48.0,2021-06-26,2021-11-16,2021-11-16,1607.0,Y
AS1VNY,迷你保險絲座                                                      ,A01,9.0,5.0,45.0,2023-03-14,2022-08-24,2023-03-14,1124.0,Y
E00648,POLIN貼紙                                                     ,A01,3.0,15.0,45.0,2021-12-24,2022-07-22,2022-07-22,1359.0,Y
XW5VFY,輪胎直型器嘴(413)                                                 ,A01,4.0,11.0,44.0,2023-03-15,,2023-03-15,1123.0,Y
XW5VFY412,輪胎直型氣嘴(412)                                                 ,A01,4.0,11.0,44.0,2023-03-15,,2023-03-15,1123.0,Y
T5I112,T5儀表板燈                                                      ,A01,14.0,3.0,42.0,2021-12-07,,2021-12-07,1586.0,Y
F00341B,MOYOR SPORT/貼紙                                              ,A01,2.0,20.0,40.0,2021-10-06,,2021-10-06,1648.0,Y
F00788,零1000/銀龍貼紙                                                  ,A01,2.0,20.0,40.0,2025-01-07,2021-11-20,2025-01-07,459.0,Y
SF0024,SF-0024保桿固定扣                                                ,A01,1.0,40.0,40.0,2020-12-10,,2020-12-10,1948.0,Y
F00917,限搭正妹/立體黑紅白                                                  ,A01,2.0,20.0,40.0,2021-06-25,,2021-06-25,1751.0,Y
F00250,尿尿小子/黑紅白                                                    ,A01,2.0,20.0,40.0,2023-03-03,,2023-03-03,1135.0,Y
SF0049,SF-0049喜美上葉子板專用                                             ,A01,1.0,40.0,40.0,2020-12-10,,2020-12-10,1948.0,Y
F00251,無鉛小子/黑紅白                                                    ,A01,2.0,20.0,40.0,2024-03-12,,2024-03-12,760.0,Y
VBDCCTXF,向日葵很好擦-輪圈廣角刷                                                ,A01,1.0,40.0,40.0,2021-05-12,,2021-05-12,1795.0,Y
SF0050,SF-0050裕隆保桿扣                                                ,A01,1.0,40.0,40.0,2025-03-05,,2025-03-05,402.0,Y
J00259B,獨角龍/一對 黑                                                    ,A01,1.0,40.0,40.0,2021-06-25,,2021-06-25,1751.0,Y
F00919,92加滿                                                        ,A01,2.0,20.0,40.0,2025-01-07,,2025-01-07,459.0,Y
H422WHY,H4大燈陶瓷座(2入)                                                 ,A01,0.5,75.0,37.5,2021-01-07,,2021-01-07,1920.0,Y
T5286U112,T5 286儀表板登2入 清光                                             ,A01,2.0,18.0,36.0,2021-11-19,,2021-11-19,1604.0,Y
I00004R,反光片/長方形紅                                                    ,A01,1.0,35.0,35.0,2021-06-25,,2021-06-25,1751.0,Y
I00003R,反光片/圓形紅                                                     ,A01,1.0,35.0,35.0,2021-06-25,,2021-06-25,1751.0,Y
H422,H4大燈燈泡 55W                                                  ,A01,1.0,35.0,35.0,2023-01-18,2023-12-30,2023-12-30,833.0,Y
BB900,割字新手駕駛                                                      ,A01,1.0,33.0,33.0,2020-05-21,2021-02-09,2021-02-09,1887.0,Y
H00799,JORGE LORENZO 貼紙                                            ,A01,1.0,30.0,30.0,2022-01-11,2023-02-22,2023-02-22,1144.0,Y
H00380,藤原豆腐店(自家用)                                                  ,A01,1.0,30.0,30.0,2023-06-28,,2023-06-28,1018.0,Y
E00465,尿尿小子/二入黑白紅                                                  ,A01,2.0,15.0,30.0,2021-06-25,2022-03-25,2022-03-25,1478.0,Y
H00848,卡通/藍色                                                       ,A01,1.0,30.0,30.0,2022-07-29,,2022-07-29,1352.0,Y
T202VCQ,T20單芯琥珀                                                     ,A01,1.0,28.0,28.0,2024-08-26,2024-06-05,2024-08-26,593.0,Y
G14.5BA9S,57 12CP G14.5 BA9S燈泡                                        ,A01,9.0,3.0,27.0,2020-06-22,,2020-06-22,2119.0,Y
LY6025MR,LY-602中圓鏡                                                   ,A01,1.0,22.0,22.0,2021-03-26,,2021-03-26,1842.0,Y
F01062,寶利/二人/立體黑白                                                  ,A01,1.0,20.0,20.0,2021-06-25,,2021-06-25,1751.0,Y
F00712,請加柴油/正方黑                                                    ,A01,1.0,20.0,20.0,2023-06-28,,2023-06-28,1018.0,Y
F00921,98加滿                                                        ,A01,1.0,20.0,20.0,2023-06-28,,2023-06-28,1018.0,Y
E01108,藤原豆腐店(自家用)(1.3X9CM)                                         ,A01,1.0,15.0,15.0,2023-06-28,2024-09-02,2024-09-02,586.0,Y
E00692,騰原豆腐店(自家用)/黑紅白                                              ,A01,1.0,15.0,15.0,2023-06-28,2023-08-10,2023-08-10,975.0,Y
XWFAVY,輪胎汽門芯子                                                      ,A01,2.0,5.0,10.0,2023-03-15,,2023-03-15,1123.0,Y
BMWX64QFMT,BMW X6(四片)晴雨窗                                               ,A01,0.0,1200.0,0.0,2022-06-09,2022-06-14,2022-06-14,1397.0,Y
VAK14CJU,喜美K14 後尾翼                                                   ,A01,0.0,2800.0,0.0,2023-06-07,2023-06-07,2023-06-07,1039.0,Y
ZNGOLF83+325R,福斯GOLF安卓8核3+32主機                                            ,A01,0.0,9000.0,0.0,2022-06-11,2022-06-11,2022-06-11,1400.0,Y
RV2CRW,RV2後鏡頭                                                      ,A01,0.0,600.0,0.0,2020-08-26,2020-08-26,2020-08-26,2054.0,Y
ZINGERCGR,ZINGER後視鏡                                                   ,A01,0.0,500.0,0.0,2022-06-06,,2022-06-06,1405.0,Y
21XXCGR,2021菱利(L)後視鏡                                                ,A01,0.0,600.0,0.0,2022-06-02,2022-06-02,2022-06-02,1409.0,Y
10WISHXFH5EY,10WISH拆裝工資                                                  ,A01,0.0,800.0,0.0,2022-06-24,2022-06-22,2022-06-24,1387.0,Y
JKS58ZVDE,JK40-S58附線插頭(公)開關                                           ,A01,0.0,38.0,0.0,2020-09-02,2021-10-12,2021-10-12,1642.0,N
01ALTISFMT,01ALTIS晴雨窗                                                  ,A01,0.0,350.0,0.0,2024-08-13,2022-06-16,2024-08-13,606.0,Y
RSEN102G,RSEN 10吋電視                                                  ,A01,0.0,1800.0,0.0,2024-06-26,,2024-06-26,654.0,Y
E0202512V51101UF,E02025 12V轉110V變壓器                                          ,A01,0.0,350.0,0.0,,2021-02-24,2021-02-24,1872.0,Y
DH1801VWA5C,DH-1801吸鐵面紙盒                                                ,A01,0.0,500.0,0.0,2022-05-26,,2022-05-26,1416.0,Y
GOLFUVJD,GOLF音響外框                                                    ,A01,0.0,1000.0,0.0,2022-06-11,2022-06-11,2022-06-11,1400.0,Y
TK5600CTZVTEF,TK-5600 Z型傳感器                                               ,A01,0.0,600.0,0.0,2022-04-27,2022-04-28,2022-04-28,1444.0,Y
TK56002MV,TK-5600電源線                                                  ,A01,0.0,100.0,0.0,2022-04-27,2022-04-28,2022-04-28,1444.0,Y
LE7512Z2RR2F,LE-7512發電機繼電器                                               ,A01,0.0,900.0,0.0,2022-05-03,2022-05-03,2022-05-03,1439.0,Y
COLTPLUST2R,COLT PIUS QPS01KIS車頂架                                       ,A01,0.0,3850.0,0.0,2023-08-07,2023-08-07,2023-08-07,978.0,Y
RSENS2569ZGG2V5RCQ,RSEN S25 69燈防快閃單芯正角琥珀                                       ,A01,0.0,450.0,0.0,2023-03-27,2023-03-15,2023-03-27,1111.0,Y
10AYW3CGR,10馬自達3廣角後視鏡                                                 ,A01,0.0,250.0,0.0,2020-09-09,,2020-09-09,2040.0,Y
XGZG2Y,菱帥風扇電阻                                                      ,A01,0.0,1500.0,0.0,2020-08-28,2020-08-28,2020-08-28,2052.0,Y
XGNRRLC,菱帥三腳架(L後)                                                   ,A01,0.0,1600.0,0.0,2020-08-28,2020-08-28,2020-08-28,2052.0,Y
180FMT,180晴雨窗                                                      ,A01,0.0,180.0,0.0,2020-09-19,2022-01-15,2022-01-15,1547.0,Y
10WUSHD12HZ,10WISH可變電磁閥                                                 ,A01,0.0,2200.0,0.0,2022-06-24,2022-06-22,2022-06-24,1387.0,Y
05FOCUSC22X1,05FOCUS 後燈電路板L                                              ,A01,0.0,500.0,0.0,2022-05-27,2022-05-31,2022-05-31,1411.0,Y
N12,三寶燈                                                         ,A01,0.0,1000.0,0.0,2020-08-25,2020-08-25,2020-08-25,2055.0,Y
19ALTISGS2Q,19ALTIS GS汽油車                                               ,A01,0.0,1900.0,0.0,2022-05-30,2022-05-30,2022-05-30,1412.0,Y
ZINGO5MW2,ZINGO專用踏墊                                                   ,A01,0.0,430.0,0.0,2022-01-22,,2022-01-22,1540.0,Y
G100A2,好力馬曼陀 G100透氣皮                                               ,A01,0.0,320.0,0.0,2020-09-11,,2020-09-11,2038.0,Y
13ALTISCVN,13ALTIS火星塞                                                  ,A01,0.0,350.0,0.0,2020-09-07,2020-09-07,2020-09-07,2042.0,Y
04-07AY23J1GYT5T,04-07馬自達3外把手(L前 正廠)                                         ,A01,0.0,1000.0,0.0,2023-07-04,2023-08-01,2023-08-01,984.0,Y
10WISHC2E,10WISH後頂桿                                                   ,A01,0.0,400.0,0.0,2022-06-21,2022-06-22,2022-06-22,1389.0,Y
04-07AY23LFCGR25,04-07馬自達3(L前)電折附燈(副廠)                                       ,A01,0.0,1800.0,0.0,2023-07-04,2023-08-01,2023-08-01,984.0,Y
F00710,請家95/正方黑                                                    ,A01,0.0,20.0,0.0,2023-06-28,2025-01-02,2025-01-02,464.0,Y
F00708,請家柴油/橢圓黑                                                    ,A01,0.0,20.0,0.0,2023-06-28,,2023-06-28,1018.0,Y
05AY23CXYT,05馬自達3後李仔串                                                  ,A01,0.0,600.0,0.0,2023-06-26,2023-06-26,2023-06-26,1020.0,Y
PNSHXT205F,雙風扇-椅背枕頭用 DC12V                                             ,A01,0.0,350.0,0.0,2024-04-01,2024-05-23,2024-05-23,688.0,Y
PE53GV1W,PE-53雙色邊條                                                   ,A01,0.0,30.0,0.0,2021-03-26,2021-06-09,2021-06-09,1767.0,Y
F00708R,請加柴油/橢圓                                                     ,A01,0.0,20.0,0.0,2023-06-28,,2023-06-28,1018.0,Y
WISHRUVE,WISH機油箱蓋                                                    ,A01,0.0,900.0,0.0,2022-06-21,2022-06-22,2022-06-22,1389.0,Y
92BGHV,92瑞獅水箱                                                      ,A01,0.0,2100.0,0.0,2023-07-04,2023-07-05,2023-07-05,1011.0,Y
TAB00112HGUVTRXF,TA-B001 12吋測速聲控2k雙眼行車紀錄器                                    ,A01,0.0,6500.0,0.0,2022-03-10,2022-04-14,2022-04-14,1458.0,Y
10WISHUFVC1R,10WISH(R)下護板                                                ,A01,0.0,500.0,0.0,2023-10-30,2023-10-30,2023-10-30,894.0,Y
10WISHUFVC1L,10WISH(L)下護板                                                ,A01,0.0,500.0,0.0,2023-10-30,2023-10-30,2023-10-30,894.0,Y
10WISHNQGFMT,10WISH(四片)晴雨窗                                               ,A01,0.0,700.0,0.0,2023-10-31,2023-11-13,2023-11-13,880.0,Y
MIOC580VTRXF,MIO C580行車紀錄器                                               ,A01,0.0,2818.0,0.0,2023-03-30,2023-11-02,2023-11-02,891.0,Y
82VAQUW,8代喜美皮椅套                                                     ,A01,0.0,2700.0,0.0,2022-01-24,2022-02-21,2022-02-21,1510.0,Y
ESCAPE2.3XW,ESCAPE2.3 235/16建大輪胎                                        ,A01,0.0,2900.0,0.0,2022-01-24,2022-01-23,2022-01-24,1538.0,Y
BMWX3NQFMT,BMW X3(四片)晴雨窗                                               ,A01,0.0,1300.0,0.0,2022-01-27,2022-01-29,2022-01-29,1533.0,Y
1MT5F,白雲防水車照/F                                                    ,A01,0.0,1350.0,0.0,2024-10-10,2023-08-29,2024-10-10,548.0,Y
CLA250WT,CLA-250拖車                                                   ,A01,0.0,2500.0,0.0,2023-11-03,2023-11-03,2023-11-03,890.0,Y
02EAXS1G,02冠美麗內把手(L前)                                                ,A01,0.0,350.0,0.0,2023-06-28,2023-06-28,2023-06-28,1018.0,Y
05VTRXFCVU,安卓行車紀錄器後顯影                                                  ,A01,-1.0,0.0,-0.0,,2023-09-01,2023-09-01,953.0,Y
ZXDXQ,菲利卡冷排                                                       ,A01,0.0,2800.0,0.0,2023-09-08,2023-09-08,2023-09-08,946.0,Y
BR168FVWU1,BR-168槍型胎壓表                                                 ,A01,0.0,220.0,0.0,2020-06-22,,2020-06-22,2119.0,Y
2009RAVWZ2R,[車牌]4發電機                                                 ,A01,0.0,7800.0,0.0,2023-10-02,2023-10-02,2023-10-02,922.0,Y
10WISHSE1UF,10WISH(右前)內龜板                                               ,A01,0.0,450.0,0.0,2023-10-30,2023-10-30,2023-10-30,894.0,Y
VR1DFV,新尖兵空氣芯                                                      ,A01,0.0,100.0,0.0,2022-09-16,2022-03-12,2022-09-16,1303.0,Y
08ALTISTAVQ,08ALTIS車門橡皮(RR)                                             ,A01,0.0,750.0,0.0,2022-03-14,2022-03-14,2022-03-14,1489.0,Y
2P5986XW,2P-5986 195/55/15輪胎                                         ,A01,0.0,2400.0,0.0,2022-04-02,2022-04-02,2022-04-02,1470.0,Y
BGD-,瑞獅考耳                                                        ,A01,0.0,750.0,0.0,2022-05-21,2022-05-21,2022-05-21,1421.0,Y
LE-7512EY,LE-7512查修工資                                                 ,A01,0.0,1200.0,0.0,2023-08-12,2023-08-12,2023-08-12,973.0,Y
LE-7512CVN,瑞獅火星賽                                                       ,A01,0.0,100.0,0.0,2022-04-02,2022-04-02,2022-04-02,1470.0,Y
FITDFV,FIT空氣芯                                                      ,A01,0.0,180.0,0.0,2022-01-24,,2022-01-24,1538.0,Y
BGZ2Q,瑞獅分電盤                                                       ,A01,0.0,350.0,0.0,2022-05-21,2022-05-21,2022-05-21,1421.0,Y
BGV2V,瑞獅矽導線                                                       ,A01,0.0,650.0,0.0,2022-05-21,2022-05-21,2022-05-21,1421.0,Y
BGEY,瑞獅工資                                                        ,A01,0.0,1500.0,0.0,2022-05-21,2022-05-21,2022-05-21,1421.0,Y
RSENH33000K2Q,RSEN H3 3000K燈泡                                             ,A01,0.0,200.0,0.0,2023-04-12,2023-04-04,2023-04-12,1095.0,Y
08ALTISZEQ,08ALTIS反光片 LED/後圓                                           ,A01,0.0,1400.0,0.0,2022-05-24,2022-05-24,2022-05-24,1418.0,Y
ZXDXA,菲利卡冷媒                                                       ,A01,0.0,1199.0,0.0,2023-09-08,2023-09-08,2023-09-08,946.0,Y
0760-TPGVWNE,[車牌]水箱鐵三管                                                ,A01,0.0,350.0,0.0,2024-08-31,2024-08-31,2024-08-31,588.0,Y
A9UU2,A-9鷹眼燈                                                      ,A01,0.0,450.0,0.0,2021-05-26,2021-07-23,2021-07-23,1723.0,Y
GPSWVEY,范光榮天線                                                       ,A01,-1.0,0.0,-0.0,,2024-10-21,2024-10-21,537.0,Y
05AY23GV,05馬自達3水箱                                                    ,A01,0.0,1800.0,0.0,2020-10-20,2022-11-24,2022-11-24,1234.0,Y
SANTFEXFXJ,現代 santfe冷氣濾網                                               ,A01,0.0,250.0,0.0,2020-10-15,,2020-10-15,2004.0,Y
08ALTIS5MW2,08ALTIS專用踏墊                                                 ,A01,0.0,300.0,0.0,2024-11-20,2024-11-11,2024-11-20,507.0,Y
TN20T12U,TN-20AXB超薄低音                                                ,A01,0.0,3400.0,0.0,2020-12-30,2024-05-07,2024-05-07,704.0,Y
VA051014HCMG,VA-0510 14吋後雨刷                                              ,A01,0.0,225.0,0.0,2023-03-14,,2023-03-14,1124.0,Y
GLA180CMG,GLA 180後雨刷                                                  ,A01,0.0,450.0,0.0,2022-02-24,,2022-02-24,1507.0,Y
TC6682USB,TC-[車牌]充電座                                              ,A01,0.0,250.0,0.0,2022-02-26,,2022-02-26,1505.0,Y
TUBRO9012LED22,TU[車牌]LED大燈                                             ,A01,0.0,1200.0,0.0,2023-11-27,2023-11-13,2023-11-27,866.0,Y
S3DFV,S3空氣芯                                                       ,A01,0.0,300.0,0.0,2022-01-12,2022-01-12,2022-01-12,1550.0,Y
15FOCUS5MMG,15FOUCS13KUGA專用雨刷(28+28)                                    ,A01,0.0,280.0,0.0,2023-10-26,,2023-10-26,898.0,Y
FORTIS1C4+645R,FORTIS 八核4+64安卓主機                                           ,A01,0.0,10500.0,0.0,2022-01-26,2022-06-11,2022-06-11,1400.0,Y
YH3702XENVY,YH-370全功能電力公司線頭                                             ,A01,0.0,1925.0,0.0,2022-01-06,2023-04-11,2023-04-11,1096.0,Y
10WISHXQ,10WISH冷排                                                    ,A01,0.0,3500.0,0.0,2022-06-24,2022-06-22,2022-06-24,1387.0,Y
VA661215HCMG,VA-6612 15吋後雨刷                                              ,A01,0.0,225.0,0.0,2022-02-26,,2022-02-26,1505.0,Y
180XFXJ,180冷氣濾網                                                     ,A01,0.0,200.0,0.0,2022-03-01,,2022-03-01,1502.0,Y
2004WISHNQFMT,[車牌]H(四片)晴雨窗                                             ,A01,0.0,700.0,0.0,2023-10-24,,2023-10-24,900.0,Y
09FORTISYFABSVCV,09FORTIS(左前)ABS訊號線                                          ,A01,0.0,2000.0,0.0,2022-03-10,2022-03-10,2022-03-10,1493.0,Y
13KUGATA1E2,13KUG長毛避光墊                                                  ,A01,0.0,210.0,0.0,2022-07-06,2022-03-03,2022-07-06,1375.0,Y
04WISHXXQ,04-09WISH來令片                                                ,A01,0.0,1100.0,0.0,2022-03-07,2022-03-09,2022-03-09,1494.0,Y
2011CRV5MW2,[車牌]專用踏墊                                                 ,A01,0.0,450.0,0.0,2023-09-13,2023-09-13,2023-09-13,941.0,Y
01-07ALTISQUWCN,01-07ALTIS(後四)米色皮椅套                                         ,A01,0.0,2100.0,0.0,2023-09-14,2023-09-14,2023-09-14,940.0,Y
AY25A1D,馬自達5音響面板框                                                   ,A01,0.0,1200.0,0.0,2023-09-18,2023-09-18,2023-09-18,936.0,Y
ALTISRUVE,ALTIS機油芯蓋                                                   ,A01,0.0,900.0,0.0,2022-02-07,2022-02-07,2022-02-07,1524.0,Y
ID4HX1,ID4吋喇叭                                                      ,A01,0.0,500.0,0.0,2022-06-01,2025-01-13,2025-01-13,453.0,Y
2021ALTISYRQ2N,[車牌]IS終極排檔鎖                                              ,A01,0.0,2415.0,0.0,2022-01-21,2022-01-22,2022-01-22,1540.0,Y
VA151513HCMG,VA-1515 13吋後雨刷                                              ,A01,0.0,225.0,0.0,2022-02-26,,2022-02-26,1505.0,Y
XASX4TA1E2,鈴木 SX-4長毛避光墊                                                ,A01,0.0,220.0,0.0,2024-10-09,,2024-10-09,549.0,Y
2QT2,電瓶充電                                                        ,A01,-1.0,0.0,-0.0,,2024-09-05,2024-09-05,583.0,Y
3313-TPF1E,[車牌]前保桿                                                  ,A01,0.0,1800.0,0.0,2025-03-24,2025-03-24,2025-03-24,383.0,Y
22EY,大燈工資                                                        ,A01,-1.0,0.0,-0.0,,2024-10-22,2024-10-22,536.0,Y
PNSHG305,雙掛勾 後頭枕 360度旋轉                                              ,A01,0.0,60.0,0.0,2020-09-01,2024-07-23,2024-07-23,627.0,Y
PNSHD303,三合一多功能手機架                                                   ,A01,0.0,100.0,0.0,2021-03-09,,2021-03-09,1859.0,Y
ELANTRAGTDE,ELANTR煞車開關                                                  ,A01,0.0,650.0,0.0,2020-09-01,2020-09-02,2020-09-02,2047.0,Y
6069-RG,[車牌]啟動馬達                                                 ,A01,0.0,4100.0,0.0,2024-10-01,2024-10-01,2024-10-01,557.0,Y
2782-VZUNR,[車牌]壓縮機                                                  ,A01,0.0,12500.0,0.0,2023-06-07,2023-06-07,2023-06-07,1039.0,Y
05AY23FXYT,05馬自達3前裏子串                                                  ,A01,0.0,500.0,0.0,2023-06-26,2023-06-26,2023-06-26,1020.0,Y
ZXDFU1Q,菲利卡汽油幫浦                                                     ,A01,0.0,3400.0,0.0,2023-09-08,2023-09-08,2023-09-08,946.0,Y
94BGGGE,94瑞獅上水管                                                     ,A01,0.0,300.0,0.0,2023-07-04,2023-07-05,2023-07-05,1011.0,Y
055REY,安卓主機工資                                                      ,A01,-1.0,0.0,-0.0,,2023-07-12,2023-07-12,1004.0,Y
LE-7512XCFU,LE-7512離合器油                                                 ,A01,0.0,850.0,0.0,2023-08-12,2023-08-12,2023-08-12,973.0,Y
VBD22TBCR,向日葵電動窗潤滑劑                                                   ,A01,0.0,100.0,0.0,2022-04-26,2022-07-14,2022-07-14,1367.0,Y
TK56005R,TK-56005主機                                                  ,A01,0.0,1200.0,0.0,2022-04-27,2022-04-28,2022-04-28,1444.0,Y
09EAXCGRDF,09冠美麗後視鏡烤漆                                                  ,A01,0.0,200.0,0.0,2022-05-13,2022-05-13,2022-05-13,1429.0,Y
ALTISGGE,ALTIS上水管                                                    ,A01,0.0,500.0,0.0,2022-05-13,2022-05-13,2022-05-13,1429.0,Y
ZV5HNFX1JV,發現者測速器喇叭維修                                                  ,A01,0.0,500.0,0.0,2022-09-23,2022-05-03,2022-09-23,1296.0,Y
07V2TUCSONQUW,07現代 TUCOS皮椅套                                               ,A01,0.0,2200.0,0.0,2023-08-04,2023-08-04,2023-08-04,981.0,Y
2018FCOUS5MW2,[車牌]US專用踏墊                                              ,A01,0.0,300.0,0.0,2023-08-01,,2023-08-01,984.0,Y
04ALTISC2D,04ALTIS 後燈殼                                                 ,A01,0.0,1100.0,0.0,2022-06-16,2022-09-22,2022-09-22,1297.0,Y
RVF84+645R,進行曲8核 4+64安卓主機+框                                            ,A01,0.0,11000.0,0.0,2022-06-16,2022-06-16,2022-06-16,1395.0,Y
INNONATA1E2,INNONA長毛避光墊                                                 ,A01,0.0,220.0,0.0,2022-11-26,2022-07-06,2022-11-26,1232.0,Y
09EAXCGR,09冠美麗後視鏡(L)/電折附燈                                            ,A01,0.0,1100.0,0.0,2022-05-10,2022-05-13,2022-05-13,1429.0,Y
09EAXCGRR,09冠美麗後視鏡(R)電折附燈                                             ,A01,0.0,1100.0,0.0,2022-05-10,2022-05-13,2022-05-13,1429.0,Y
ZXD1WRJ1G,菲力卡備胎架 外把手                                                  ,A01,0.0,250.0,0.0,2023-08-14,2023-08-14,2023-08-14,971.0,Y
08ALTIS5G1R,08ALTIS 中央飾板/R                                              ,A01,0.0,300.0,0.0,2022-03-31,2022-04-01,2022-04-01,1471.0,Y
13ALTISD-,13ALTIS 考耳                                                  ,A01,0.0,1250.0,0.0,2022-04-13,2022-04-13,2022-04-13,1459.0,Y
T2EY,查電工資                                                        ,A01,-1.0,0.0,-0.0,,2022-03-31,2022-03-31,1472.0,Y
IX35S1G,10IX35 內把手(正廠)                                              ,A01,0.0,600.0,0.0,2023-10-03,2023-10-03,2023-10-03,921.0,Y
LE-7512CFUZ,LE-7512後區油封                                                 ,A01,0.0,600.0,0.0,2023-08-12,2023-08-12,2023-08-12,973.0,Y
2013WISHNQFMT,[車牌]H(四片)晴雨窗                                             ,A01,0.0,700.0,0.0,2023-08-17,,2023-08-17,968.0,Y
8391-N8ZG,8391-N8風扇                                                   ,A01,0.0,2000.0,0.0,2023-08-18,2023-08-18,2023-08-18,967.0,Y
8391-N8XFEY,8391-N8冷氣拆裝工資                                               ,A01,0.0,800.0,0.0,2023-08-18,2023-08-18,2023-08-18,967.0,Y
P16X5XN,P16 六爪螺絲                                                    ,A01,0.0,66.0,0.0,2022-05-18,,2022-05-18,1424.0,Y
08ALTISVUXN,08ALTIS洩油螺絲                                                 ,A01,0.0,350.0,0.0,2022-03-15,2022-03-15,2022-03-15,1488.0,Y
2818-PN195-60-15XW,[車牌] 195/60/15輪胎                                         ,A01,0.0,2150.0,0.0,2022-03-23,2022-03-23,2022-03-23,1480.0,Y
LE-7512XCFQY,LE-7512離合器組                                                 ,A01,0.0,2800.0,0.0,2023-08-12,2023-08-12,2023-08-12,973.0,Y
LE-7512GX5T,LE-7512釋放軸承                                                 ,A01,0.0,850.0,0.0,2023-08-12,2023-08-12,2023-08-12,973.0,Y
P70GUVTRXF,P70 12吋雙眼行車紀錄器                                              ,A01,0.0,3500.0,0.0,2022-03-26,2022-08-26,2022-08-26,1324.0,Y
06TIDACEDE,06TIDA後蓋開關(副廠)                                              ,A01,0.0,650.0,0.0,2022-11-10,,2022-11-10,1248.0,Y
2387-DWEAXGTYT,[車牌]冠美麗煞車總成+檢測                                           ,A01,0.0,800.0,0.0,2022-11-10,2022-11-10,2022-11-10,1248.0,Y
ABT-D005,百變旋轉手持吸塵器                                                   ,A01,0.0,850.0,0.0,2024-10-08,,2024-10-08,550.0,Y
LE-75125V5T,LE-7512中心軸承                                                 ,A01,0.0,200.0,0.0,2023-08-12,2023-08-12,2023-08-12,973.0,Y
LE-7512XCFEY,LE-7512離合器工資                                                ,A01,0.0,1200.0,0.0,2023-08-12,2023-08-12,2023-08-12,973.0,Y
12VAGE,八代喜美水管                                                      ,A01,-1.0,0.0,-0.0,,2022-04-06,2022-04-06,1466.0,Y
12VAGERHZ,八代喜美水壓檢測費                                                   ,A01,-1.0,0.0,-0.0,,2022-04-06,2022-04-06,1466.0,Y
CORSS05103+32,CORSS(ALTIS)八核3+32 10吋安卓主機                                  ,A01,0.0,9000.0,0.0,2022-04-15,2022-09-24,2022-09-24,1295.0,Y
08ALTIS5UTZDG1L,08ALTIS 中央飾板/L                                              ,A01,0.0,300.0,0.0,2022-03-31,2022-04-01,2022-04-01,1471.0,Y
3VXTA1E2,3系列長毛避光墊                                                    ,A01,0.0,300.0,0.0,2024-09-13,,2024-09-13,575.0,Y
08ALTISCUW,08ALTIS後座椅皮椅套                                               ,A01,0.0,1100.0,0.0,2024-09-24,2024-09-19,2024-09-24,564.0,Y
LEDGS2VWG,吸鐵式LED室內燈                                                   ,A01,0.0,150.0,0.0,2020-09-09,2020-09-14,2020-09-14,2035.0,Y
LC3.1USB2U1,LC3.1A雙USB+電壓表                                              ,A01,0.0,180.0,0.0,2020-09-09,2022-10-08,2022-10-08,1281.0,Y
12CRV5MMG,12CRV專用雨刷(16+26)                                            ,A01,0.0,230.0,0.0,2020-09-09,,2020-09-09,2040.0,Y
BGC2D,瑞獅後燈殼                                                       ,A01,0.0,350.0,0.0,2022-04-06,2022-04-13,2022-04-13,1459.0,Y
HNFJV,測速器喇叭維修                                                     ,A01,-1.0,0.0,-0.0,,2024-10-01,2024-10-01,557.0,Y
XASX4054+645R,鈴木 SX4 4+64安卓主機                                             ,A01,0.0,9000.0,0.0,2024-10-05,2024-10-07,2024-10-07,551.0,Y
AYW34+64055R,馬自達3 4+64安桌主機+框                                             ,A01,0.0,11000.0,0.0,2023-10-03,2023-10-10,2023-10-10,914.0,Y
PREVIAFXTTX,PREVIA(前兩窗)專用窗簾                                             ,A01,0.0,1650.0,0.0,2023-03-07,,2023-03-07,1131.0,Y
08AY23TA1E2,08馬自達3長毛避光墊                                                 ,A01,0.0,220.0,0.0,2023-08-03,,2023-08-03,982.0,Y
99RVFUW,99進行曲布椅套                                                    ,A01,0.0,1400.0,0.0,2023-02-27,2023-03-01,2023-03-01,1137.0,Y
5Y5X8GUVTRXF,追蹤者X8雙眼型車記錄器                                                ,A01,0.0,2900.0,0.0,2023-02-16,2023-10-23,2023-10-23,901.0,Y
2015RAV48C4+64055R,[車牌]4 8核4+64安卓主機                                        ,A01,0.0,9500.0,0.0,2023-04-14,2023-04-15,2023-04-15,1092.0,Y
03AY2322R,03馬自達3 大燈(R)                                                ,A01,0.0,2300.0,0.0,2023-05-02,2023-05-04,2023-05-04,1073.0,Y
17SXCFR,17年U5輪弧FR/有雷孔                                               ,A01,0.0,1000.0,0.0,2024-12-19,2024-12-19,2024-12-19,478.0,Y
FOCUSR2F,FOCUS繼電器                                                    ,A01,0.0,500.0,0.0,2024-11-09,,2024-11-09,518.0,Y
ABROYQUV,ABRO自排變速箱油防漏油精                                              ,A01,0.0,130.0,0.0,2022-01-18,2024-09-20,2024-09-20,568.0,Y
99AMMG,99塗膜式乾燥免雨刷                                                  ,A01,0.0,220.0,0.0,2020-05-21,2023-01-13,2023-01-13,1184.0,Y
06AY235MW2,06馬自達3專用踏墊                                                  ,A01,0.0,450.0,0.0,2023-08-01,2024-07-22,2024-07-22,628.0,Y
03AY23GVC5,03-07馬自達 2.0水箱罩                                             ,A01,0.0,1050.0,0.0,2023-07-04,2023-08-01,2023-08-01,984.0,Y
BCF-1616V2Q,[車牌]小電瓶                                                 ,A01,0.0,2950.0,0.0,2024-12-28,2024-12-27,2024-12-28,469.0,Y
0762-TPEY,[車牌]工資                                                   ,A01,0.0,3000.0,0.0,2024-08-31,2024-08-31,2024-08-31,588.0,Y
0760-T9WISHF2EB5,0760-T9WISH前檔隔熱紙                                            ,A01,0.0,3000.0,0.0,2025-01-03,2025-01-03,2025-01-03,463.0,Y
12BMWX55MW2,12BMWX5專用踏墊                                                 ,A01,0.0,1000.0,0.0,2024-12-23,2024-12-17,2024-12-23,474.0,Y
BHD-5917,225/60R/17輪胎                                                ,A01,0.0,3400.0,0.0,2024-12-17,2024-12-17,2024-12-17,480.0,Y
17SU5FL,17年U5輪弧FL/有雷孔                                               ,A01,0.0,1000.0,0.0,2024-12-19,2024-12-19,2024-12-19,478.0,Y
CRVUV,CRV油芯                                                       ,A01,0.0,50.0,0.0,2020-08-08,2024-01-16,2024-01-16,816.0,Y
ABRO2QR,ABRO墊片膠                                                     ,A01,0.0,75.0,0.0,2022-01-07,,2022-01-07,1555.0,Y
PNSHXT03,雙風扇儀錶板用12V                                                  ,A01,0.0,350.0,0.0,2020-09-01,,2020-09-01,2048.0,Y
13TIDA4QFMT,13TIDA(4片)晴雨窗                                               ,A01,0.0,700.0,0.0,2024-12-06,2024-12-09,2024-12-09,488.0,Y
GOLFUVUVE,GOLF PIUS油箱釦子                                               ,A01,0.0,150.0,0.0,2024-12-06,,2024-12-06,491.0,Y
99R2CAW2,99堅達海馬專用踏墊                                                  ,A01,0.0,700.0,0.0,2024-12-23,2024-12-11,2024-12-23,474.0,Y
2XDR2F,得利卡繼電器                                                      ,A01,0.0,500.0,0.0,2024-12-14,2024-12-13,2024-12-14,483.0,Y
W15ZX5R,W15分離主機                                                     ,A01,0.0,5000.0,0.0,2022-11-26,2022-11-22,2022-11-26,1232.0,Y
PNSSUN006,6.5CM百摺式前擋風玻璃遮陽簾                                            ,A01,0.0,270.0,0.0,2022-08-09,2022-07-19,2022-08-09,1341.0,Y
GVFV,水箱清洗                                                        ,A01,-1.0,0.0,-0.0,,2020-08-06,2020-08-06,2074.0,Y
345LNDU2T2Q,PRUIS C油電車[車牌]電瓶車                                          ,A01,0.0,2400.0,0.0,2024-11-21,2024-11-21,2024-11-21,506.0,Y
992XDCT2.45MW2,99得利卡2.4專用踏墊                                                ,A01,0.0,430.0,0.0,2023-02-21,2023-02-21,2023-02-21,1145.0,Y
WISH2E,WISH引擎頂桿                                                    ,A01,0.0,400.0,0.0,2025-01-21,2025-01-21,2025-01-21,445.0,Y
PNSDT001,凹痕修護工具組                                                     ,A01,0.0,160.0,0.0,2020-08-19,,2020-08-19,2061.0,Y
PNSMR02,後視鏡撥雨膜(防雨滴)                                                 ,A01,0.0,70.0,0.0,2020-04-29,,2020-04-29,2173.0,Y
ZWHIACEFMT,豐田HIACE晴雨窗                                                  ,A01,0.0,500.0,0.0,2023-01-02,2023-02-02,2023-02-02,1164.0,Y
5A-9666DF,前保桿 後廂蓋 又頁子版(後)後保桿 板金                                       ,A01,0.0,11000.0,0.0,2023-03-31,2023-03-31,2023-03-31,1107.0,Y
C28024R2Q,華達 VARTA 80B24R N55電瓶                                       ,A01,0.0,2800.0,0.0,2023-08-02,2023-04-01,2023-08-02,983.0,Y
V2IX35FXXQ,2010現代 IX35前來令片                                             ,A01,0.0,900.0,0.0,2023-04-03,2023-04-03,2023-04-03,1104.0,Y
V2IX35CXXQ,2010現代 IX35 後來令片                                            ,A01,0.0,800.0,0.0,2023-04-03,2023-04-03,2023-04-03,1104.0,Y
TAD012,象王油壓千斤頂2T                                                   ,A01,0.0,490.0,0.0,2023-03-26,,2023-03-26,1112.0,Y
H3OSRAM5RCR2Q,H3 OSRAM 終極黃金燈泡                                             ,A01,0.0,700.0,0.0,2023-03-28,2023-03-28,2023-03-28,1110.0,Y
WF48D26R2Q,湯淺48R26R加水電瓶                                                ,A01,0.0,1900.0,0.0,2023-02-23,2023-02-23,2023-02-23,1143.0,Y
XTRAILC5U1,X-TRAIL後遮陽板(L)                                              ,A01,0.0,1500.0,0.0,2023-02-04,2023-02-04,2023-02-04,1162.0,Y
03AY23XXQ,03-07馬自達2.0來令片                                              ,A01,0.0,900.0,0.0,2023-02-22,2023-02-23,2023-02-23,1143.0,Y
05ZCNQFMT,05富豪(四片)晴雨窗                                                 ,A01,0.0,800.0,0.0,2023-02-07,,2023-02-07,1159.0,Y
MIOR460GUVTRXF,MIO R46D雙眼行車紀錄器                                             ,A01,0.0,2305.0,0.0,2023-02-04,2023-05-03,2023-05-03,1074.0,Y
RAV4JGF,09RAV4外水切(R)                                                ,A01,0.0,750.0,0.0,2023-02-10,,2023-02-10,1156.0,Y
ALTIS2055R16,ALTIS 205/55R/16輪胎                                          ,A01,0.0,2600.0,0.0,2023-01-12,2023-01-12,2023-01-12,1185.0,Y
2012WISH2+32055R,[車牌]H 2+32安卓主機八核                                         ,A01,0.0,7500.0,0.0,2022-12-05,2022-12-05,2022-12-05,1223.0,Y
BNE-7087EB5,L前隔熱紙                                                       ,A01,0.0,800.0,0.0,2022-12-06,2022-12-06,2022-12-06,1222.0,Y
JXFMT,威力晴雨窗                                                       ,A01,0.0,450.0,0.0,2023-02-01,,2023-02-01,1165.0,Y
H500TWGRR,H-500磁鐵手機架                                                  ,A01,0.0,180.0,0.0,2023-10-17,,2023-10-17,907.0,Y
CC321USB31A,CC-321 USB2孔 3.1A+電壓表                                       ,A01,0.0,120.0,0.0,2023-01-11,2023-07-20,2023-07-20,996.0,Y
HINO17TW2,05 HINO 17噸踏墊                                               ,A01,0.0,650.0,0.0,2023-01-13,,2023-01-13,1184.0,Y
2XAF,打蠟棉球                                                        ,A01,0.0,68.0,0.0,2024-04-11,2024-10-07,2024-10-07,551.0,Y
05ZCXC90TA1E2,05富豪XC-90長毛避光墊                                              ,A01,0.0,220.0,0.0,2023-01-16,,2023-01-16,1181.0,Y
05ZCXC905MW2CCV,05富豪XC-90專用踏墊+後廂+運費                                         ,A01,0.0,2150.0,0.0,2023-01-17,,2023-01-17,1180.0,Y
F1W84+64055R,邱比特 8核4+64安卓主機                                              ,A01,0.0,10500.0,0.0,2023-01-03,2023-01-05,2023-01-05,1192.0,Y
XTRAIL5U1R,X-TRAIL遮陽板(R)                                               ,A01,0.0,1500.0,0.0,2023-02-04,2023-02-04,2023-02-04,1162.0,Y
ABT-A130,碳纖魂動-卡夢後視鏡雨遮                                                ,A01,0.0,60.0,0.0,2023-04-06,2024-08-27,2024-08-27,592.0,Y
2010WISHCGRRZ2,[車牌]H後視鏡(RH)電折附燈 副廠                                     ,A01,0.0,1500.0,0.0,2023-04-11,2023-04-11,2023-04-11,1096.0,Y
2010WISH1C4+64,[車牌]H 八核4+64安卓主機                                        ,A01,0.0,9500.0,0.0,2023-04-11,2023-04-11,2023-04-11,1096.0,Y
V2IX35XFXJ,2010 現代IX35 冷氣濾網                                            ,A01,0.0,250.0,0.0,2023-04-03,2023-04-03,2023-04-03,1104.0,Y
V2IX35DFV,2010 現代 IX35空氣芯                                             ,A01,0.0,250.0,0.0,2023-04-03,2023-04-03,2023-04-03,1104.0,Y
3313-T9,3319-T9保桿拆裝工資                                               ,A01,-1.0,0.0,-0.0,,2025-03-24,2025-03-24,383.0,Y
2012TIDANQFMT,[車牌]A(四片)晴雨窗                                             ,A01,0.0,700.0,0.0,2024-01-09,2024-01-06,2024-01-09,823.0,Y
F1WFRGRR,02邱比特伸降機                                                    ,A01,0.0,1300.0,0.0,2024-04-19,2024-04-19,2024-04-19,722.0,Y
03LANCHXFVE,03LANCH 冷氣下蓋框                                               ,A01,0.0,1800.0,0.0,2024-04-02,2024-03-25,2024-04-02,739.0,Y
ESCAPE2+32055R,ESCAPE 2+32安卓主機                                             ,A01,0.0,7000.0,0.0,2024-03-30,2024-03-30,2024-03-30,742.0,Y
07LIVINAGTQ,07LIVINA煞車橡皮                                                ,A01,0.0,250.0,0.0,2024-04-01,2024-04-01,2024-04-01,740.0,Y
15EAXNQFMT,2015冠美麗(四片)晴雨窗                                              ,A01,0.0,700.0,0.0,2024-04-01,2024-04-01,2024-04-01,740.0,Y
WISH4+64+CR5R,WISH 4+64+c環景安卓主機                                           ,A01,0.0,20000.0,0.0,2024-04-03,2024-04-09,2024-04-09,732.0,Y
MUOC580VTRXF,MIO C580+32G GPS行車紀錄器                                       ,A01,0.0,2818.0,0.0,2023-03-30,2023-03-30,2023-03-30,1108.0,Y
R25FQUW,2019堅達(五期)皮椅套                                               ,A01,0.0,1950.0,0.0,2021-01-14,2021-01-14,2021-01-14,1913.0,Y
FIT2+32055R,FIT 2+32安卓主機                                                ,A01,0.0,7000.0,0.0,2024-04-03,2024-04-08,2024-04-08,733.0,Y
ERQ60J2U,國際牌60無電眼電瓶                                                  ,A01,0.0,1650.0,0.0,2024-04-06,2024-04-22,2024-04-22,719.0,Y
BGN-19025GQ2,[車牌]正時皮帶(正)                                             ,A01,0.0,1500.0,0.0,2024-04-15,2024-04-15,2024-04-15,726.0,Y
TCOUSTA1E2,TCOUS 長毛避光墊                                                 ,A01,0.0,220.0,0.0,2024-03-27,,2024-03-27,745.0,Y
5E5R,中古主機                                                        ,A01,-3.0,0.0,-0.0,,2024-10-09,2024-10-09,549.0,Y
17SXCRR,17年輪弧RR                                                     ,A01,0.0,500.0,0.0,2024-12-19,2024-12-19,2024-12-19,478.0,Y
17SXCRL,17年輪弧RL                                                     ,A01,0.0,500.0,0.0,2024-12-19,2024-12-19,2024-12-19,478.0,Y
SF0038,SF-0038三菱威力浪板固定扣                                            ,A01,0.0,40.0,0.0,2020-12-10,,2020-12-10,1948.0,Y
RSENVTRXFV,RSEN行車記錄器線                                                  ,A01,0.0,120.0,0.0,2020-07-09,,2020-07-09,2102.0,Y
TUBRO9005LED,TU[車牌] LED大燈                                            ,A01,0.0,1200.0,0.0,2020-07-10,,2020-07-10,2101.0,Y
WISHXFWZA1,WISH冷氣通風面板(R)                                               ,A01,0.0,500.0,0.0,2020-08-01,,2020-08-01,2079.0,Y
XXFMT,菱利晴雨窗                                                       ,A01,0.0,350.0,0.0,2021-07-27,2021-06-14,2021-07-27,1719.0,Y
BPT-3788XW,[車牌] 195/50/R16輪胎                                       ,A01,0.0,3000.0,0.0,2025-04-02,2025-04-02,2025-04-02,374.0,Y
TOWNZG,TOWN專用扶手                                                    ,A01,0.0,600.0,0.0,2025-03-20,2025-03-21,2025-03-21,386.0,Y
V2V1JFMT,現代小霸王晴雨窗                                                    ,A01,0.0,350.0,0.0,2020-12-18,2020-12-18,2020-12-18,1940.0,Y
EXXQUW20,20冠樂拉皮椅套                                                    ,A01,0.0,2600.0,0.0,2020-08-04,,2020-08-04,2076.0,Y
AMN,鉬元素                                                         ,A01,-2.0,0.0,-0.0,,2020-08-05,2020-08-05,2075.0,Y
JUKETA1E2,[車牌]E 1.6長毛避光墊                                           ,A01,0.0,300.0,0.0,2023-05-17,,2023-05-17,1060.0,Y
RT73A2Q,GS 12N 7A3A電瓶                                               ,A01,0.0,850.0,0.0,2024-03-16,,2024-03-16,756.0,Y
VCQ84+64,小悍馬 8核4+64主機                                                ,A01,0.0,10000.0,0.0,2023-03-23,2023-03-23,2023-03-23,1115.0,Y
XFRV,冷氣檢修測漏                                                      ,A01,-2.0,0.0,-0.0,,2023-04-18,2023-04-18,1089.0,Y
XF2Q,冷氣墊片                                                        ,A01,-1.0,0.0,-0.0,,2023-03-23,2023-03-23,1115.0,Y
CLA250FQCE,CLA-250前平衡桿                                                 ,A01,0.0,3500.0,0.0,2020-08-06,2020-11-13,2020-11-13,1975.0,Y
12VA2-,八大喜美吊耳                                                      ,A01,0.0,150.0,0.0,2021-02-09,,2021-02-09,1887.0,Y
03QY2322,03馬自達3 大燈(L)                                                ,A01,0.0,2300.0,0.0,2023-05-02,2023-05-04,2023-05-04,1073.0,Y
W210C2DRH,賓士W210 後燈殼(RH)                                              ,A01,0.0,1200.0,0.0,2023-03-15,2023-03-31,2023-03-31,1107.0,Y
04AY23GRRRL,04-09馬自達3電動升降機(RL)                                          ,A01,0.0,1150.0,0.0,2023-03-15,2023-03-22,2023-03-22,1116.0,Y
ABT-A129,碳纖魂動-椅間安全防護面紙/飲                                             ,A01,0.0,390.0,0.0,2023-04-06,,2023-04-06,1101.0,Y
92BGR22,92瑞獅(右)大燈                                                   ,A01,0.0,750.0,0.0,2023-05-29,2023-05-31,2023-05-31,1046.0,Y
0760-T9WISH0513H5R,0760-T9 WISH 13吋安卓主機                                        ,A01,0.0,15500.0,0.0,2025-01-09,2025-01-09,2025-01-09,457.0,Y
0760-T9CREY,0760-T9環璟工資                                                 ,A01,0.0,1000.0,0.0,2025-01-09,2025-01-09,2025-01-09,457.0,Y
512G,512G                                                        ,A01,-1.0,0.0,-0.0,,2025-03-05,2025-03-05,402.0,Y
NP-747XCRV22M,NP-747鋁合金行動電源                                               ,A01,0.0,1690.0,0.0,2025-03-06,,2025-03-06,401.0,Y
8391-N8XAHXEY,8391-N8冷媒測漏工資                                               ,A01,-1.0,0.0,-0.0,,2025-03-11,2025-03-11,396.0,Y
BEV-83298C+128055R,[車牌] 8+128安卓主機                                            ,A01,0.0,12500.0,0.0,2025-01-04,2025-01-06,2025-01-06,460.0,Y
01ALTISTA5DYF,01ALTIS(左前)車門六角鎖/附中控                                        ,A01,0.0,1100.0,0.0,2025-01-06,2025-01-06,2025-01-06,460.0,Y
BC608,BC608變壓器12V-110V(300W)                                      ,A01,0.0,400.0,0.0,2020-06-03,2021-05-24,2021-05-24,1783.0,Y
PNSSUN001,DIY汽車兩用防眩遮陽鏡                                                ,A01,0.0,160.0,0.0,2023-08-15,,2023-08-15,970.0,N
504,3.5吋風扇手持/車用夾                                                ,A01,0.0,150.0,0.0,2020-07-31,,2020-07-31,2080.0,N
19RAV4QCE,19RAV4平衡桿                                                   ,A01,0.0,2600.0,0.0,2020-08-01,2020-11-30,2020-11-30,1958.0,Y
10WISHXF15H15,10WISH鋁圈15吋/8爪正廠                                            ,A01,0.0,5000.0,0.0,2025-02-06,2025-02-11,2025-02-11,424.0,Y
3MCUFFVR,3M化油器清洗劑(8896)                                              ,A01,0.0,65.0,0.0,2024-04-09,2024-04-08,2024-04-09,732.0,Y
BC608100W,BC-608變壓器12V-110V(100W)                                     ,A01,0.0,250.0,0.0,2020-06-03,2021-03-31,2021-03-31,1837.0,Y
DUCA2HW2,凱燕16 [車牌]海馬單層踏墊                                            ,A01,0.0,1000.0,0.0,2025-02-06,2025-02-08,2025-02-08,427.0,Y
PNSSUN15L,後車箱防蚊網(L)                                                   ,A01,0.0,530.0,0.0,2022-09-12,,2022-09-12,1307.0,Y
NXSAVRAN,三菱SAVRAN外框                                                  ,A01,0.0,1000.0,0.0,2022-09-14,2022-09-14,2022-09-14,1305.0,Y
7231HEXW,195/55-15普利司通輪胎                                             ,A01,0.0,2500.0,0.0,2022-08-24,2022-08-24,2022-08-24,1326.0,Y
LD9SGUVTRXF,LD-9S雙眼行車紀錄器+GPS                                            ,A01,0.0,3980.0,0.0,2022-09-01,2023-04-03,2023-04-03,1104.0,Y
3313-T9Z2RQ2,3313-T9綜合皮帶                                                 ,A01,0.0,1200.0,0.0,2022-08-16,2022-08-16,2022-08-16,1334.0,Y
ASQ-8068,FOUTS綜合皮帶                                                   ,A01,0.0,1750.0,0.0,2022-09-21,2022-09-21,2022-09-21,1298.0,Y
94BGGRGY,94瑞獅水管束子                                                    ,A01,0.0,25.0,0.0,2023-07-04,2023-07-05,2023-07-05,1011.0,Y
UXZ6.2TQUW,一路發6.2T皮椅套                                                  ,A01,0.0,1400.0,0.0,2022-08-17,,2022-08-17,1333.0,Y
RSEND23000K,RSEN D2 3000K燈泡                                             ,A01,0.0,250.0,0.0,2025-02-26,2024-03-09,2025-02-26,409.0,Y
7085YX055R,[車牌] CARDIO 3+32安卓主機                                     ,A01,0.0,8000.0,0.0,2022-08-17,2022-08-18,2022-08-18,1332.0,Y
TYPERH7T1E,TYPER-H7超白光燈泡                                               ,A01,0.0,170.0,0.0,2022-10-26,,2022-10-26,1263.0,Y
ABTA159JMXFGRR,ABT-A159萬用冷氣口手機支架(下座)                                       ,A01,0.0,130.0,0.0,2023-06-06,,2023-06-06,1040.0,Y
08ALTIST2GW,08ALTIS 車頂飾條                                                ,A01,0.0,700.0,0.0,2023-06-26,2023-06-26,2023-06-26,1020.0,Y
FCPUS1UW,99FCOUS專用汽車椅套                                               ,A01,0.0,1400.0,0.0,2023-02-20,,2023-02-20,1146.0,Y
05VW,安卓線頭                                                        ,A01,-1.0,0.0,-0.0,,2023-06-09,2023-06-09,1037.0,Y
05AYW3F15F,05罵自達3 (L)前避震器                                              ,A01,0.0,3350.0,0.0,2023-06-26,2023-06-26,2023-06-26,1020.0,Y
05AY23RF15F,05馬自達3(R)前避震器                                               ,A01,0.0,3350.0,0.0,2023-06-26,2023-06-26,2023-06-26,1020.0,Y
05AY23LC15F,05馬自達3(L)後避震器                                               ,A01,0.0,2650.0,0.0,2023-06-26,2023-06-26,2023-06-26,1020.0,Y
05AY23RC15F,05馬自達3(R)後避震器                                               ,A01,0.0,2650.0,0.0,2023-06-26,2023-06-26,2023-06-26,1020.0,Y
QXA-22CG4L,波羅蜜爾(L)電動電折後視鏡                                              ,A01,0.0,1050.0,0.0,2022-10-11,,2022-10-11,1278.0,Y
SR347WVJT2F,SR-347碳纖維有線2孔(6.2A)USB插座                                    ,A01,0.0,510.0,0.0,2022-10-13,2023-12-07,2023-12-07,856.0,Y
FORTIS5MW2,FORTIS專用踏墊                                                  ,A01,0.0,300.0,0.0,2022-11-01,,2022-11-01,1257.0,Y
92BGF1E,92瑞獅前保桿                                                     ,A01,0.0,800.0,0.0,2023-05-29,2023-05-31,2023-05-31,1046.0,Y
92BGEJR,92瑞獅彎角                                                      ,A01,0.0,400.0,0.0,2023-05-29,2023-05-31,2023-05-31,1046.0,Y
ABTA160JMT1XFDGRR,ABT-A160萬用長臂冷氣口手機支架(下座)                                     ,A01,0.0,130.0,0.0,2023-06-06,,2023-06-06,1040.0,Y
O00203,Sports mind  MA 立體體                                         ,A01,0.0,100.0,0.0,2022-07-29,,2022-07-29,1352.0,Y
Z1GUVTRXF,追蹤者 Z1 10吋觸控雙眼行車紀錄器                                         ,A01,0.0,2900.0,0.0,2022-09-30,2022-12-12,2022-12-12,1216.0,Y
13TIDATA1E2,13 TIDA長毛避光墊                                                ,A01,0.0,300.0,0.0,2024-01-10,2024-01-06,2024-01-10,822.0,Y
ABTA162VSXFDGRRVY,ABT-162旋轉冷氣口手機架(下座)                                         ,A01,0.0,130.0,0.0,2023-06-06,,2023-06-06,1040.0,Y
SUFECUEY,SUFE換油工資                                                    ,A01,0.0,200.0,0.0,2024-11-13,2024-11-13,2024-11-13,514.0,Y
06TIDA5MW2,06TIDA專用踏墊                                                  ,A01,0.0,300.0,0.0,2022-11-01,2020-08-18,2022-11-01,1257.0,Y
GPS9389HNF,[車牌]測速器                                                  ,A01,0.0,3800.0,0.0,2021-05-26,,2021-05-26,1781.0,Y
U6FMT,U6晴雨窗                                                       ,A01,0.0,550.0,0.0,2024-11-27,,2024-11-27,500.0,Y
13VIOSFMTXQ,13VIOS(兩片)晴雨窗                                               ,A01,0.0,400.0,0.0,2024-12-05,,2024-12-05,492.0,Y
BCF161617XF,[車牌] 17吋鋁圈                                              ,A01,0.0,3900.0,0.0,2024-11-27,2024-11-27,2024-11-27,500.0,Y
MIMI2Q,MIMI電瓶                                                      ,A01,0.0,5000.0,0.0,2024-11-05,2024-11-05,2024-11-05,522.0,Y
OULLANDERW2,OUTLANDER專用踏墊+運費                                            ,A01,0.0,630.0,0.0,2024-11-20,2024-11-19,2024-11-20,507.0,Y
05WISHNQFMT,05WISH(四片)晴雨窗                                               ,A01,0.0,600.0,0.0,2022-12-27,2022-12-28,2022-12-28,1200.0,Y
2TXW5R,倒車雷達主機                                                      ,A01,0.0,200.0,0.0,2022-07-27,2022-07-14,2022-07-27,1354.0,Y
RW22DE,96監達電動窗開關                                                   ,A01,0.0,950.0,0.0,2022-07-18,2022-08-10,2022-08-10,1340.0,Y
R689NUCU,R689護腰墊                                                     ,A01,0.0,450.0,0.0,2022-09-26,,2022-09-26,1293.0,Y
05WISHCGRR,05WISH(R)後視鏡                                                ,A01,0.0,1300.0,0.0,2022-07-28,2022-08-03,2022-08-03,1347.0,Y
SINENTA1.8TA1E2,15SINENTA1.8長毛避光墊                                           ,A01,0.0,220.0,0.0,2023-08-03,,2023-08-03,982.0,Y
ZINGERCGRE,ZINGER後視鏡蓋                                                  ,A01,0.0,450.0,0.0,2022-09-16,2022-09-16,2022-09-16,1303.0,Y
SOLIOR2F,SOLIO 冷氣繼電器                                                 ,A01,0.0,350.0,0.0,2023-06-07,,2023-06-07,1039.0,Y
YD2CGRR,載卡多後視鏡(R)                                                   ,A01,0.0,750.0,0.0,2022-12-01,,2022-12-01,1227.0,Y
3032YXZ2R,[車牌]發電機                                                  ,A01,0.0,4800.0,0.0,2022-12-01,2022-12-01,2022-12-01,1227.0,Y
3032YXZ2RQ2,[車牌]發電機皮帶                                                ,A01,0.0,1000.0,0.0,2022-12-01,2022-12-01,2022-12-01,1227.0,Y
BLD6389VIOS1C4+64,[車牌] VIOS 八核4+64安卓主機                                    ,A01,0.0,10500.0,0.0,2022-11-04,2022-11-04,2022-11-04,1254.0,Y
2001BMWE46ERR,[車牌] E46廣角鏡                                             ,A01,0.0,400.0,0.0,2022-12-02,,2022-12-02,1226.0,Y
10AY23DFV,10馬自達3空氣芯                                                   ,A01,0.0,200.0,0.0,2022-11-16,2022-11-16,2022-11-16,1242.0,Y
14CRV8C4+64055R,[車牌] 8核4+64安卓主機                                          ,A01,0.0,11500.0,0.0,2022-11-16,2022-11-17,2022-11-17,1241.0,Y
18EAXCGRY2GG,18冠美麗後視鏡自動控制器                                               ,A01,0.0,650.0,0.0,2022-09-27,,2022-09-27,1292.0,Y
12EAXTA1E2DZ,12冠美麗長毛避光墊(咖啡)                                              ,A01,0.0,350.0,0.0,2022-09-12,2022-09-07,2022-09-12,1307.0,Y
09WISH5MTX,09WISH專用窗簾                                                  ,A01,0.0,2640.0,0.0,2022-07-04,2022-07-05,2022-07-05,1376.0,Y
BMW7VXTA1E2,02-08 BMW 7系列(E65/66)加價                                     ,A01,0.0,210.0,0.0,2022-07-06,,2022-07-06,1375.0,Y
10WISHCXXQ,10WISH後來令片                                                  ,A01,0.0,800.0,0.0,2022-06-21,2022-06-22,2022-06-22,1389.0,Y
14TIDAEZR,[車牌]A冷氣鼓風機                                               ,A01,0.0,2600.0,0.0,2022-09-16,2022-09-16,2022-09-16,1303.0,Y
RAV4JD,RAV4 外框                                                     ,A01,0.0,1000.0,0.0,2023-07-12,2023-07-12,2023-07-12,1004.0,Y
USBUVGTF,USB影像輸出器                                                    ,A01,0.0,300.0,0.0,2023-01-03,2023-01-04,2023-01-04,1193.0,Y
GOLTPLUST2R,GOLT PLUS車頂架 OPS01                                          ,A01,0.0,3850.0,0.0,2023-01-05,2023-01-05,2023-01-05,1192.0,Y
ERQ8526L2Q,國際牌85D26L電瓶                                                 ,A01,0.0,3000.0,0.0,2023-01-05,,2023-01-05,1192.0,Y
02EAX20565R15,02冠美麗205/65R/15輪胎                                           ,A01,0.0,2250.0,0.0,2023-01-07,2023-01-07,2023-01-07,1190.0,Y
2013FCOUS055R,[車牌]US八核4+64安卓主機                                         ,A01,0.0,12000.0,0.0,2023-01-10,2023-01-12,2023-01-12,1185.0,Y
2011WISHCE,[車牌]H (前)平衡桿                                             ,A01,0.0,2200.0,0.0,2023-03-07,2023-03-08,2023-03-08,1130.0,Y
TEANACV2E,TEANA後廂頂桿                                                   ,A01,0.0,550.0,0.0,2023-03-06,2023-03-06,2023-03-06,1132.0,Y
M1YFS1G,M1(左)前內把手                                                   ,A01,0.0,300.0,0.0,2022-12-23,2022-12-23,2022-12-23,1205.0,Y
TIDA8C4+64,TIDA 8核 4+64安卓主機                                            ,A01,0.0,10500.0,0.0,2022-12-24,2022-12-26,2022-12-26,1202.0,Y
055R,安卓主機更新                                                      ,A01,-1.0,0.0,-0.0,,2022-12-28,2022-12-28,1200.0,Y
CLA250RFABSYT,CLA250(R)前ABS總成                                             ,A01,0.0,4500.0,0.0,2022-12-29,2022-12-29,2022-12-29,1199.0,Y
04AYW3GSR,04-09馬自達3 室內鏡                                               ,A01,0.0,650.0,0.0,2023-06-24,2023-06-26,2023-06-26,1020.0,Y
2021ZINGERTX,[車牌]GER 窗簾                                              ,A01,0.0,2950.0,0.0,2023-07-28,2023-07-31,2023-07-31,985.0,Y
18EAXCGRY2EUCGR,18冠美麗後視鏡自動感應開關                                              ,A01,0.0,1200.0,0.0,2022-09-28,2022-10-05,2022-10-05,1284.0,Y
92BG1E2L,92瑞獅(L)保桿燈                                                  ,A01,0.0,300.0,0.0,2023-05-29,2023-05-31,2023-05-31,1046.0,Y
TIERRAMG1,TIERRA雨刷臂                                                   ,A01,0.0,450.0,0.0,2022-12-30,,2022-12-30,1198.0,Y
ZINGER054+64,ZINGER 8核4+64主機                                             ,A01,0.0,10500.0,0.0,2023-01-03,2023-01-04,2023-01-04,1193.0,Y
LEDNN22H116000K,RS LED 三色變換大燈CANBUS H11 6000K                               ,A01,0.0,1500.0,0.0,2022-12-12,2024-02-17,2024-02-17,784.0,Y
CC0023DTY,CC002 3孔插座                                                  ,A01,0.0,150.0,0.0,2022-12-20,2023-08-01,2023-08-01,984.0,Y
ASM2723XW,[車牌] 215/65/16輪胎                                        ,A01,0.0,3500.0,0.0,2023-05-31,2023-05-31,2023-05-31,1046.0,Y
ABTE082DXGAGDJUNRV2,ABT-E082酷樂雙門雙槽控溫壓縮機行動                                       ,A01,0.0,11000.0,0.0,2023-06-06,2023-06-16,2023-06-16,1030.0,Y
ABTA1550UWVJGRR,ABT-A155按壓型碳纖手機架(上座)                                        ,A01,0.0,200.0,0.0,2023-06-06,,2023-06-06,1040.0,Y
BCG-2057FXXQ,得利卡前來令片                                                     ,A01,0.0,1200.0,0.0,2022-11-28,2022-11-28,2022-11-28,1230.0,Y
ERQ560L252Q,國際牌 560L25電瓶                                                ,A01,0.0,2500.0,0.0,2022-11-03,2024-10-28,2024-10-28,530.0,Y
2018KICKSNQFMT,[車牌]KS(四片)晴雨窗                                            ,A01,0.0,600.0,0.0,2022-12-16,,2022-12-16,1212.0,Y
02EAXCVN,02冠美麗2.0火星塞                                                 ,A01,0.0,1000.0,0.0,2022-12-03,2022-12-08,2022-12-08,1220.0,Y
03AY23TA1E2,03馬自達3長毛避光墊                                                 ,A01,0.0,220.0,0.0,2024-08-05,2023-02-23,2024-08-05,614.0,Y
2013EAXXN,2013冠美麗蕾絲                                                   ,A01,0.0,1300.0,0.0,2023-02-27,,2023-02-27,1139.0,Y
H4LED3N,H4 LED 3色                                                   ,A01,0.0,900.0,0.0,2023-05-26,,2023-05-26,1051.0,Y
TEANA2.0XQ,TEANA2.0冷媒                                                  ,A01,0.0,1199.0,0.0,2022-07-29,2022-07-29,2022-07-29,1352.0,Y
GLA180MG,GLA180雨刷                                                    ,A01,0.0,1200.0,0.0,2022-07-30,,2022-07-30,1351.0,Y
LK1VTRXFJV,LK-1行車紀錄器維修                                                 ,A01,0.0,0.0,0.0,2022-09-28,,2022-09-28,1291.0,Y
J00385,tanabe                                                      ,A01,0.0,40.0,0.0,2022-07-29,2022-08-08,2022-08-08,1342.0,Y
FS580+GUVTRXF,極光星 FS 580+雙眼型車記錄器                                          ,A01,0.0,5000.0,0.0,2022-09-23,2022-09-23,2022-09-23,1296.0,Y
ACC2XV,ACC電力線                                                      ,A01,0.0,950.0,0.0,2022-09-23,2022-09-23,2022-09-23,1296.0,Y
P1010HVTRXF,王牌 P-10 10吋觸控雙眼行車紀錄器                                        ,A01,0.0,3300.0,0.0,2023-03-26,2023-05-13,2023-05-13,1064.0,Y
BCG-2057CXXQ,得利卡後來令片                                                     ,A01,0.0,1500.0,0.0,2022-11-28,2022-11-28,2022-11-28,1230.0,Y
TC6683NDTY,TC-6683三孔插座                                                 ,A01,0.0,120.0,0.0,2023-08-31,2022-12-23,2023-08-31,954.0,Y
YH3702XENJV,YH-370電力公司維修                                                ,A01,-1.0,0.0,-0.0,,2024-11-11,2024-11-11,516.0,Y
7D3237Q2,發電機皮帶 冷氣皮帶 壓縮皮帶                                             ,A01,0.0,2000.0,0.0,2024-11-13,2024-11-13,2024-11-13,514.0,Y
SUFEUV,SUFE油芯                                                      ,A01,0.0,180.0,0.0,2024-11-13,2024-11-13,2024-11-13,514.0,Y
2022OUTLANDERNTUW,2022三菱 OUTALNDER賽車椅套                                        ,A01,0.0,4000.0,0.0,2022-10-31,2022-11-12,2022-11-12,1246.0,Y
08ALTIST2GWL,08ALTIS 車頂飾條(L)                                             ,A01,0.0,700.0,0.0,2023-06-26,2023-06-26,2023-06-26,1020.0,Y
92BGZV2R2F,92瑞獅方向燈繼電器                                                  ,A01,0.0,400.0,0.0,2023-05-29,2023-05-31,2023-05-31,1046.0,Y
ZXDGV,菲力卡水箱                                                       ,A01,0.0,2500.0,0.0,2023-09-08,2023-09-08,2023-09-08,946.0,Y
CD5U1,CD遮陽板                                                       ,A01,0.0,50.0,0.0,2020-07-26,,2020-07-26,2085.0,Y
KR10ZVQW2L,KA10A方向盤套(2L)                                               ,A01,0.0,180.0,0.0,2020-10-06,2020-09-17,2020-10-06,2013.0,Y
99XGTA1E2,99菱帥長毛避光墊                                                   ,A01,0.0,300.0,0.0,2020-08-17,2020-08-18,2020-08-18,2062.0,Y
ABRO5XX,ABRO棕梠蠟                                                     ,A01,0.0,110.0,0.0,2025-02-26,2021-06-12,2025-02-26,409.0,Y
CREQX,黑金剛噴蠟                                                       ,A01,0.0,60.0,0.0,2020-03-04,2021-02-17,2021-02-17,1879.0,Y
RSEN90058000K,R[車牌] 8000K燈泡                                           ,A01,0.0,150.0,0.0,2023-04-12,2023-03-13,2023-04-12,1095.0,Y
2XAW6HQE,6吋打蠟拋光棉套                                                    ,A01,0.0,65.0,0.0,2023-01-04,,2023-01-04,1193.0,Y
LD7CRW,LD-7後鏡頭                                                     ,A01,0.0,600.0,0.0,2021-02-26,2021-12-25,2021-12-25,1568.0,Y
04-07AY3WTE,04-07馬自達3拖車蓋                                                ,A01,0.0,350.0,0.0,2023-07-04,2023-08-01,2023-08-01,984.0,Y
CC2AGM80A,華達AGM80A 賓士W117電瓶                                           ,A01,0.0,6600.0,0.0,2023-08-02,2023-08-02,2023-08-02,983.0,Y
5REV,主機更新                                                        ,A01,-1.0,0.0,-0.0,,2022-11-09,2022-11-09,1249.0,Y
10AY23FXXQ,10馬自達3(前)來令片                                                ,A01,0.0,900.0,0.0,2022-11-16,2022-11-16,2022-11-16,1242.0,Y
0803LEDGS2,[車牌]室內燈                                                 ,A01,0.0,280.0,0.0,2023-03-09,,2023-03-09,1129.0,Y
05CAMW.6,CAM頭                                                        ,A01,-1.0,0.0,-0.0,,2022-11-17,2022-11-17,1241.0,Y
BUW-7317XFZG,TIDA冷氣風扇                                                    ,A01,0.0,4800.0,0.0,2023-12-16,2023-12-16,2023-12-16,847.0,Y
BUW-7317XFH5EY,TIDA冷氣拆裝工資                                                  ,A01,0.0,4800.0,0.0,2023-12-16,2023-12-16,2023-12-16,847.0,Y
BUW-7317UFEXRN,TIDA引擎蓋六角鎖                                                  ,A01,0.0,1050.0,0.0,2023-12-16,2023-12-16,2023-12-16,847.0,Y
BUW73172Q,TIDA冷氣墊片                                                    ,A01,-1.0,0.0,-0.0,,2023-12-16,2023-12-16,847.0,Y
LE-7512Z2R,LE-7512發電機                                                  ,A01,0.0,2500.0,0.0,2024-02-08,2024-02-08,2024-02-08,793.0,Y
14VR1XFXJ,14新尖兵冷氣濾網                                                   ,A01,0.0,250.0,0.0,2021-05-12,2021-05-12,2021-05-12,1795.0,Y
SF-1038,SF-1038插式保險絲/6入                                             ,A01,0.0,20.0,0.0,2021-05-12,,2021-05-12,1795.0,Y
ESCAPEGRRF,ESCAPE(右前)申降機                                               ,A01,0.0,1000.0,0.0,2021-05-13,2021-05-13,2021-05-13,1794.0,Y
06EAXMG1,06冠美麗雨刷臂                                                    ,A01,0.0,900.0,0.0,2021-07-14,,2021-07-14,1732.0,Y
SURF22,03SUFE大燈                                                    ,A01,0.0,950.0,0.0,2021-04-28,2021-04-28,2021-04-28,1809.0,Y
BGFUV,瑞獅汽油芯                                                       ,A01,0.0,200.0,0.0,2024-04-08,2024-04-08,2024-04-08,733.0,Y
1998TGEUR5,1998瑞獅高壓線組                                                  ,A01,0.0,1150.0,0.0,2024-04-16,2024-04-16,2024-04-16,725.0,Y
AXZ73285GQ2,正時皮帶                                                        ,A01,0.0,1250.0,0.0,2021-06-01,2021-06-01,2021-06-01,1775.0,Y
BCF1616EB5LF,[車牌](左)前隔熱紙                                             ,A01,0.0,1000.0,0.0,2021-05-05,2021-05-05,2021-05-05,1802.0,Y
J00348,J00348後雨刷 FOUCS13年                                          ,A01,0.0,130.0,0.0,2020-04-24,,2020-04-24,2178.0,Y
HT32BVT1C,HT-32日型燈(白+黃)                                               ,A01,0.0,800.0,0.0,2021-04-26,2022-06-22,2022-06-22,1389.0,Y
05WISHTX,05WISH窗簾                                                    ,A01,0.0,2430.0,0.0,2021-04-30,2021-04-30,2021-04-30,1807.0,Y
LEDQ52,LED牌照燈                                                      ,A01,0.0,160.0,0.0,2021-04-13,,2021-04-13,1824.0,Y
GTUH1,煞車油檢測筆                                                      ,A01,0.0,130.0,0.0,2021-04-13,,2021-04-13,1824.0,Y
OB617,OB-617門邊飾板                                                  ,A01,0.0,200.0,0.0,2021-05-10,2023-02-04,2023-02-04,1162.0,Y
2000EXX1.81E2,2000冠樂拉1.8長毛避光墊                                             ,A01,0.0,300.0,0.0,2021-05-28,2021-05-24,2021-05-28,1779.0,Y
RET5,佳固車罩                                                        ,A01,0.0,350.0,0.0,2022-04-11,2023-09-05,2023-09-05,949.0,Y
ALTISCVN,ALTIS銥合金火星塞                                                 ,A01,0.0,280.0,0.0,2021-05-31,2021-05-31,2021-05-31,1776.0,Y
153071E2,標緻307避光墊                                                    ,A01,0.0,300.0,0.0,2021-04-20,,2021-04-20,1817.0,Y
WMVXCRT2R,通用行鋁合金行李架                                                   ,A01,0.0,2200.0,0.0,2021-04-26,,2021-04-26,1811.0,Y
ESCORTGV,ESCORT水箱                                                    ,A01,0.0,6600.0,0.0,2021-04-22,2021-04-23,2021-04-23,1814.0,Y
08ALTISCGR2R,08ALTIS(RH)後視鏡殼燈                                            ,A01,0.0,400.0,0.0,2024-05-24,,2024-05-24,687.0,Y
BNF-6175055R,[車牌] 4+64馬自達3安卓主機                                       ,A01,0.0,9000.0,0.0,2024-05-27,2024-05-27,2024-05-27,684.0,Y
BHD-5719XFFR,[車牌]冷氣清洗                                                ,A01,0.0,1200.0,0.0,2024-05-28,2024-05-28,2024-05-28,683.0,Y
BHD-5719XA,[車牌]冷媒                                                  ,A01,0.0,1199.0,0.0,2024-05-28,2024-05-28,2024-05-28,683.0,Y
ESCORTXFXJ,ESCORT冷氣濾網                                                  ,A01,0.0,400.0,0.0,2021-04-22,2021-04-23,2021-04-23,1814.0,Y
ABTE08195WXCRDTPD,ABT-E081 95鋁合金快充PD+QC3.0                                    ,A01,0.0,320.0,0.0,2024-01-03,,2024-01-03,829.0,Y
YARIS062225,06YARIS 06-09電動電折後視鏡                                        ,A01,0.0,1800.0,0.0,2024-06-13,,2024-06-13,667.0,Y
LD-9JVGSR,LD-9後視鏡維修                                                   ,A01,0.0,800.0,0.0,2023-12-28,2024-01-13,2024-01-13,819.0,Y
U7NQGFMT,U7(四片)晴雨窗                                                   ,A01,0.0,700.0,0.0,2024-01-10,,2024-01-10,822.0,Y
05GUVTRXFVW,安卓雙眼行車紀錄器線頭                                                 ,A01,0.0,500.0,0.0,2023-12-30,2023-12-29,2023-12-30,833.0,Y
AXZ5GE2X,正時固定輪                                                       ,A01,0.0,1800.0,0.0,2021-06-01,2021-06-01,2021-06-01,1775.0,Y
AXZ73285G25X,正時調整輪                                                       ,A01,0.0,2200.0,0.0,2021-06-01,2021-06-01,2021-06-01,1775.0,Y
AXZ7328QC5Q2,平衡軸皮帶                                                       ,A01,0.0,450.0,0.0,2021-06-01,2021-06-01,2021-06-01,1775.0,Y
AXZ7328QC25X,平衡調整輪                                                       ,A01,0.0,800.0,0.0,2021-06-01,2021-06-01,2021-06-01,1775.0,Y
AXZ7328XFQ2,冷氣皮帶                                                        ,A01,0.0,350.0,0.0,2021-06-01,2021-06-01,2021-06-01,1775.0,Y
ZV5Q5VW,發現者Q5線頭                                                     ,A01,0.0,180.0,0.0,2021-05-26,,2021-05-26,1781.0,Y
07RWYU5JC,07 堅達 CANTER座椅 椅背置物盒上蓋(正廠)                                  ,A01,0.0,300.0,0.0,2021-10-04,,2021-10-04,1650.0,Y
LEDVUGQ2,LED小野雙排燈                                                    ,A01,0.0,500.0,0.0,2021-04-13,,2021-04-13,1824.0,Y
LE-7512Z2REY,LE-7512發電機安裝工資                                              ,A01,0.0,600.0,0.0,2024-02-08,2024-02-08,2024-02-08,793.0,Y
BUW-7317,[車牌]冷媒                                                  ,A01,0.0,1199.0,0.0,2023-12-16,2023-12-16,2023-12-16,847.0,Y
W796CV5JR,W796後座置物架                                                   ,A01,0.0,390.0,0.0,2024-09-30,,2024-09-30,558.0,Y
YARISCORSSNQFMT,YARIS CORSS(四片)晴雨窗                                          ,A01,0.0,700.0,0.0,2023-12-25,,2023-12-25,838.0,Y
BCF1616XWT5,[車牌]輪胎拆裝                                                ,A01,0.0,1000.0,0.0,2021-03-31,2021-03-31,2021-03-31,1837.0,Y
PNSS28C02,汽車用QC3.0+PD(TYPE-C)急速閃電快                                    ,A01,0.0,200.0,0.0,2021-03-09,,2021-03-09,1859.0,Y
PNSHDF19,4-6吋機械手臂手機架                                                 ,A01,0.0,160.0,0.0,2021-07-26,2022-12-06,2022-12-06,1222.0,Y
S5RTA1E2,納智傑長毛避光墊                                                    ,A01,0.0,210.0,0.0,2021-07-01,2024-01-05,2024-01-05,827.0,Y
LED3HWG2,LED 3吋投射燈                                                   ,A01,0.0,300.0,0.0,2021-04-13,,2021-04-13,1824.0,Y
RTT5M,車王機車車罩(M)                                                   ,A01,0.0,530.0,0.0,2021-11-19,,2021-11-19,1604.0,Y
F203BFHZG,F203B七彩多功能風扇                                                ,A01,0.0,150.0,0.0,2021-09-13,2022-07-11,2022-07-11,1370.0,Y
ZNTOURAN1E2,福斯 TOUEAN 1.6避光墊                                            ,A01,0.0,300.0,0.0,2021-03-17,2021-03-19,2021-03-19,1849.0,Y
GHA024,H7轉接座/吊卡                                                    ,A01,0.0,80.0,0.0,2021-03-19,2021-05-27,2021-05-27,1780.0,Y
6606XCRVXR,6606鋁合金行李架                                                  ,A01,0.0,2200.0,0.0,2023-05-26,,2023-05-26,1051.0,Y
05FCOUSTA1E2,05FCOUS長毛避光墊                                                ,A01,0.0,220.0,0.0,2022-01-20,,2022-01-20,1542.0,Y
LEXUSQ2WQ,LEXUS 排檔頭片                                                  ,A01,0.0,1000.0,0.0,2021-03-19,2021-03-20,2021-03-20,1848.0,Y
PNSP05,超耐洗方形洗車海綿                                                   ,A01,0.0,30.0,0.0,2023-12-12,,2023-12-12,851.0,Y
GZJGUVTRXF,視分衛四眼行車紀錄器                                                  ,A01,0.0,5500.0,0.0,2023-12-20,,2023-12-20,843.0,Y
SANTAFECGR,[車牌]TFE後視鏡                                               ,A01,0.0,600.0,0.0,2021-06-22,2021-06-22,2021-06-22,1754.0,Y
MAVTA1E2,MAV(PEAMCY)長毛避光墊                                            ,A01,0.0,210.0,0.0,2021-07-01,,2021-07-01,1745.0,Y
RSENH48000K2Q,RSEN H4 8000K燈泡                                             ,A01,0.0,150.0,0.0,2023-12-26,2023-12-07,2023-12-26,837.0,Y
BGDFV,瑞獅熱水鐵管                                                      ,A01,0.0,500.0,0.0,2021-07-02,2021-07-02,2021-07-02,1744.0,Y
BGFTDFV,瑞獅空氣芯                                                       ,A01,0.0,200.0,0.0,2024-04-08,2024-04-08,2024-04-08,733.0,Y
GA2SFX1,雙面丹尼去蠟布25*20                                                ,A01,0.0,50.0,0.0,2021-12-08,2021-07-02,2021-12-08,1585.0,Y
BUW-7317XFGBQ,TIDA冷氣散熱片氣散熱片                                               ,A01,0.0,3000.0,0.0,2023-12-16,2023-12-16,2023-12-16,847.0,Y
XXF21X,菱利前檔玻璃                                                      ,A01,0.0,2200.0,0.0,2021-08-03,2021-08-03,2021-08-03,1712.0,Y
VBDTVGAVTGW,向日葵超纖雙面洗車手套                                                 ,A01,0.0,100.0,0.0,2021-06-28,,2021-06-28,1748.0,Y
AXZ7328Z2RQ2,發電機皮帶                                                       ,A01,0.0,350.0,0.0,2021-06-01,2021-06-01,2021-06-01,1775.0,Y
9231-HEXGDFXXF,[車牌]菱帥空氣流量器                                              ,A01,0.0,3500.0,0.0,2021-06-11,2021-06-11,2021-06-11,1765.0,Y
PNSUV84GR2,PNS-UV84殺菌燈                                                 ,A01,0.0,210.0,0.0,2021-06-16,2021-07-02,2021-07-02,1744.0,Y
AXZ7328CVN,火星塞                                                         ,A01,0.0,200.0,0.0,2021-06-01,2021-06-01,2021-06-01,1775.0,Y
ABTE023V22M,ABT-023緊急啟動電源                                               ,A01,0.0,2200.0,0.0,2021-07-13,,2021-07-13,1733.0,Y
CXAZVQAWMA,好力馬方向盤曼陀(原木)                                                ,A01,0.0,410.0,0.0,2020-12-26,2024-01-05,2024-01-05,827.0,Y
S5RU5XFXJ,納智傑U5冷氣濾網                                                   ,A01,0.0,300.0,0.0,2021-05-15,,2021-05-15,1792.0,Y
VIOSCVW2,VIOS後廂踏墊                                                    ,A01,0.0,400.0,0.0,2021-05-15,,2021-05-15,1792.0,Y
CANBUS02F,CANBUS安定器                                                   ,A01,0.0,750.0,0.0,2021-11-12,2021-11-08,2021-11-12,1611.0,Y
QRV4QFMT,QRV(四片)晴雨窗                                                  ,A01,0.0,600.0,0.0,2021-05-21,2021-05-21,2021-05-21,1786.0,Y
XXQUW,菱利皮椅套                                                       ,A01,0.0,1080.0,0.0,2021-05-21,2021-05-21,2021-05-21,1786.0,Y
L00051B,獨角龍/一對 黑                                                    ,A01,0.0,60.0,0.0,2021-06-25,,2021-06-25,1751.0,Y
AY25C2D,馬自達5後燈殼                                                     ,A01,0.0,2150.0,0.0,2021-07-05,2021-07-05,2021-07-05,1741.0,Y
HY8910FCW,HY-891安全護套                                                  ,A01,0.0,120.0,0.0,2024-03-27,2024-08-20,2024-08-20,599.0,Y
H422VY,H4大燈線組                                                      ,A01,0.0,200.0,0.0,,2023-03-13,2023-03-13,1125.0,N
MVHS125,PIONEER MVH-S125 USB主機                                      ,A01,0.0,2000.0,0.0,2021-08-05,2021-08-10,2021-08-10,1705.0,Y
INNOVAQUW,INNOA皮椅套                                                    ,A01,0.0,1980.0,0.0,2021-08-05,,2021-08-05,1710.0,Y
A18VJGVTRXF,A-18響尾蛇行車記錄器+GPS                                            ,A01,0.0,3800.0,0.0,2021-08-05,2022-01-26,2022-01-26,1536.0,Y
AXZ7328JQ2,動力皮帶                                                        ,A01,0.0,350.0,0.0,2021-06-01,2021-06-01,2021-06-01,1775.0,Y
3D3132ZGY2,3D 3132風扇座墊                                                 ,A01,0.0,1300.0,0.0,2022-07-13,,2022-07-13,1368.0,Y
H00786,賤兔/酒醉                                                       ,A01,0.0,30.0,0.0,2021-06-25,,2021-06-25,1751.0,Y
ALTISXXQ,ALTIS來令片                                                    ,A01,0.0,600.0,0.0,2022-05-25,2022-05-25,2022-05-25,1417.0,Y
1998Z2QE,1998瑞獅分電盤愾                                                  ,A01,0.0,650.0,0.0,2024-04-16,2024-04-16,2024-04-16,725.0,Y
1998BGZCW,1998瑞獅分火頭                                                   ,A01,0.0,350.0,0.0,2024-04-16,2024-04-16,2024-04-16,725.0,Y
GOLTPLUSFMTNQ,GOLT PLUS(四片)晴雨窗                                            ,A01,0.0,600.0,0.0,2021-04-29,2021-04-29,2021-04-29,1808.0,Y
6802-QKGTU1U,[車牌]煞車系統保養                                               ,A01,0.0,599.0,0.0,2024-06-18,2024-06-17,2024-06-18,662.0,Y
6802-QJRFA1U,[車牌]喉管及節氣門燃油噴油嘴保養                                        ,A01,0.0,702.0,0.0,2024-06-18,2024-06-17,2024-06-18,662.0,Y
6802-QKQUYVW1U,[車牌]噴油嘴燃油系統保養                                            ,A01,0.0,999.0,0.0,2024-06-18,2024-06-17,2024-06-18,662.0,Y
CHRTA1E2,CHR長毛避光墊                                                    ,A01,0.0,220.0,0.0,2024-08-05,,2024-08-05,614.0,Y
BGN-1902Z2QYT,[車牌]分電盤總成                                               ,A01,0.0,2500.0,0.0,2024-04-15,2024-04-15,2024-04-15,726.0,Y
BGN-19025GEY,[車牌]正時工資                                                ,A01,0.0,1400.0,0.0,2024-04-15,2024-04-15,2024-04-15,726.0,Y
5287-EQ4+64055R,[車牌] 4+64安卓主機 PREAMCY                                    ,A01,0.0,9000.0,0.0,2024-05-22,2024-05-22,2024-05-22,689.0,Y
B6002DX.ABH1,B6002可力優美容磁土布                                               ,A01,0.0,300.0,0.0,2020-12-10,2021-10-18,2021-10-18,1636.0,Y
MP3NA5CU,MP3三明治網狀護腰墊                                                 ,A01,0.0,160.0,0.0,2020-12-10,,2020-12-10,1948.0,Y
ZW,廢鐵                                                          ,A01,-10.0,0.0,-0.0,,2024-04-22,2024-04-22,719.0,Y
A7MVEY2,A-7圓形27W9顆工作燈(24V/12V)                                      ,A01,0.0,400.0,0.0,2021-08-26,2024-03-07,2024-03-07,765.0,Y
D2RJV,擴大機維修                                                       ,A01,0.0,500.0,0.0,2022-06-14,2022-06-17,2022-06-17,1394.0,Y
BGN-1902RU1UZ,[車牌]機油泵油封                                               ,A01,0.0,400.0,0.0,2024-04-15,2024-04-15,2024-04-15,726.0,Y
6802-QKYCQ2,[車牌]綜合皮帶                                                 ,A01,0.0,1050.0,0.0,2024-06-18,2024-06-17,2024-06-18,662.0,Y
6802-QKXFQ2,[車牌]冷氣皮帶                                                 ,A01,0.0,1150.0,0.0,2024-06-18,2024-06-17,2024-06-18,662.0,Y
LE-7512R2F,LE-7512繼電器                                                  ,A01,0.0,1200.0,0.0,2024-02-08,2024-02-08,2024-02-08,793.0,Y
WISH701QUW,WISH(701)皮椅套                                                ,A01,0.0,3450.0,0.0,2024-02-01,2024-02-03,2024-02-03,798.0,Y
SUFER2,03SUFE角燈                                                    ,A01,0.0,290.0,0.0,2021-04-28,2021-04-28,2021-04-28,1809.0,Y
YARISF21X,09YARIS前檔玻璃                                                 ,A01,0.0,2500.0,0.0,2021-04-28,2021-04-28,2021-04-28,1809.0,Y
YARISF2EB5,09YARIS前檔隔熱紙                                                ,A01,0.0,2000.0,0.0,2021-04-28,2021-04-28,2021-04-28,1809.0,Y
TAE001,風行者TITAN車用吸塵器                                               ,A01,0.0,850.0,0.0,2021-03-03,2021-02-10,2021-03-03,1865.0,Y
BUW-7317XFXV,TIDA冷氣濾芯                                                    ,A01,0.0,600.0,0.0,2023-12-16,2023-12-16,2023-12-16,847.0,Y
ANF5265UFH5EY,ZINGER 引擎拆裝工資                                               ,A01,0.0,2250.0,0.0,2023-09-27,2023-09-27,2023-09-27,927.0,Y
4.3H52TV,4.3吋折疊TV                                                    ,A01,0.0,600.0,0.0,2023-11-28,2024-01-31,2024-01-31,801.0,Y
2004EAXUFT25,2004冠美麗傳動軸(R前)                                              ,A01,0.0,3500.0,0.0,2023-11-27,2023-11-27,2023-11-27,866.0,Y
2004EAXCXXQ,2004冠美麗後煞車皮                                                 ,A01,0.0,2000.0,0.0,2023-11-27,2023-11-27,2023-11-27,866.0,Y
OUTUNDERY55R,OUTUNDER8+32安卓主機                                            ,A01,0.0,7000.0,0.0,2023-12-05,2023-12-06,2023-12-06,857.0,Y
XGEUVF,菱帥高壓線圈                                                      ,A01,0.0,800.0,0.0,2020-12-05,2020-12-04,2020-12-05,1953.0,Y
03AY2LF1GDF,03馬自達3(L)前外把手烤漆                                             ,A01,0.0,200.0,0.0,2023-05-10,2023-05-10,2023-05-10,1067.0,Y
VIOS84+64055R,VIOS 8核 4+64安卓主機                                            ,A01,0.0,9500.0,0.0,2023-06-15,2023-06-15,2023-06-15,1031.0,Y
PNSHXT20,雙風扇椅背枕頭用12V                                                 ,A01,0.0,0.0,0.0,2020-03-31,,2020-03-31,2202.0,Y
2TVUGJG,數位倒車顯影崁入                                                    ,A01,0.0,750.0,0.0,,2024-01-24,2024-01-24,808.0,Y
ZN5RJV,福斯主機維修                                                      ,A01,0.0,600.0,0.0,2020-08-10,,2020-08-10,2070.0,Y
92BGR2,92瑞獅(右)角燈                                                   ,A01,0.0,300.0,0.0,2023-05-29,2023-05-31,2023-05-31,1046.0,Y
92BG1E2R,92瑞獅(R)保桿燈                                                  ,A01,0.0,300.0,0.0,2023-05-29,2023-05-31,2023-05-31,1046.0,Y
0960-MNDF,[車牌]後視鏡水箱烤漆                                              ,A01,0.0,800.0,0.0,2023-07-18,2023-08-01,2023-08-01,984.0,Y
2782-VZ,VIOS後來令片                                                    ,A01,0.0,850.0,0.0,2023-05-09,2023-05-09,2023-05-09,1068.0,Y
04TOUCSNQFMT,[車牌]CS 2.0(四片)晴雨窗                                       ,A01,0.0,600.0,0.0,2023-05-11,2023-05-11,2023-05-11,1066.0,Y
08RAV4QCE,08RAV4 平衡桿                                                  ,A01,0.0,2900.0,0.0,2023-05-11,,2023-05-11,1066.0,Y
V15LEDD46000K2Q,V15 LED D4 6000K大燈                                          ,A01,0.0,1100.0,0.0,2023-05-26,2024-04-13,2024-04-13,728.0,Y
09WISHFMT,09WISH(兩片)晴雨窗                                               ,A01,-1.0,0.0,-0.0,,2025-04-02,2025-04-02,374.0,Y
2782VZXYTLF,[車牌] (右前)李仔串                                             ,A01,0.0,600.0,0.0,2023-05-26,2023-05-26,2023-05-26,1051.0,Y
06AY23CXE,06馬自達3後拉桿                                                   ,A01,0.0,600.0,0.0,2021-03-13,,2021-03-13,1855.0,Y
2782-VZYF15F,[車牌](左前)避震器                                              ,A01,0.0,3950.0,0.0,2023-05-26,2023-05-26,2023-05-26,1051.0,Y
03AY2MG1,03馬自達雨刷臂(L/R)                                               ,A01,0.0,750.0,0.0,2023-05-08,2023-05-10,2023-05-10,1067.0,Y
03AY2LFJ1G,03馬自達外把手(L前)                                                ,A01,0.0,500.0,0.0,2023-05-08,2023-05-10,2023-05-10,1067.0,Y
2TXWC2GFVU,倒車雷達(蝴蝶雙切)寶馬頭                                               ,A01,0.0,450.0,0.0,2023-05-09,2024-08-28,2024-08-28,591.0,Y
8391-N8XAFV,8391-N8冷媒清洗                                                 ,A01,-1.0,0.0,-0.0,,2025-03-11,2025-03-11,396.0,Y
NXGRANDTA1E2,三菱 GRAMD長毛避光墊                                               ,A01,0.0,220.0,0.0,2024-08-05,2024-04-17,2024-08-05,614.0,Y
STPRU5XR,STP機油止漏劑                                                    ,A01,0.0,150.0,0.0,,2021-01-19,2021-01-19,1908.0,N
LD9VTRXFUTV,LD-9行車記錄器延長線                                                ,A01,0.0,100.0,0.0,2023-12-28,2021-09-28,2023-12-28,835.0,Y
CARAY2T2Y,CAR 馬自達2USB3.1A充電座                                          ,A01,0.0,160.0,0.0,2021-01-15,2021-12-27,2021-12-27,1566.0,Y
CARMXT2Y,CAR 裕隆2USB 3.1充電座                                           ,A01,0.0,160.0,0.0,2021-01-15,,2021-01-15,1912.0,Y
CARNXT2Y,CAR 三菱2USB3.1A充電座                                           ,A01,0.0,160.0,0.0,2021-01-15,2023-11-03,2023-11-03,890.0,Y
S18EVXF1VNY,S18管型冷氣保險絲座                                                 ,A01,0.0,22.0,0.0,2021-01-07,,2021-01-07,1920.0,Y
S16A2T1VNY,S16A插式陶瓷保險絲座                                                ,A01,0.0,22.0,0.0,2021-01-07,,2021-01-07,1920.0,Y
RSENT104RQ,RSEN T10 4晶                                                 ,A01,0.0,80.0,0.0,2024-05-29,2025-02-04,2025-02-04,431.0,Y
16U6NQFMT,16U6(四片)晴雨窗                                                 ,A01,0.0,600.0,0.0,2021-01-04,2021-01-08,2021-01-08,1919.0,Y
2782-VZYFXYT,[車牌](左前)李子串                                              ,A01,0.0,600.0,0.0,2023-05-26,2023-05-26,2023-05-26,1051.0,Y
2016WISHT2R,[車牌]H 車頂架                                               ,A01,0.0,3850.0,0.0,2025-03-31,,2025-03-31,376.0,Y
2016WISHUR,[車牌]H 羊角                                                 ,A01,0.0,800.0,0.0,2025-03-31,,2025-03-31,376.0,Y
02EAXDFXXR,02冠美麗空氣流量器                                                  ,A01,0.0,1500.0,0.0,2023-06-28,2023-06-28,2023-06-28,1018.0,Y
ABROQAG1XTUA,ABRO泡沫式玻璃除油膜[車牌]                                           ,A01,0.0,95.0,0.0,2023-06-28,2024-10-17,2024-10-17,541.0,Y
HT32VMT,HT-32小魚叉日行燈                                                 ,A01,0.0,800.0,0.0,2021-04-26,2021-04-17,2021-04-26,1811.0,Y
G2VY,水滴線組                                                        ,A01,0.0,200.0,0.0,2022-04-26,2023-07-25,2023-07-25,991.0,Y
3313-T9XW,3313-T9 195/65R15 NH100輪胎                                   ,A01,0.0,2350.0,0.0,2025-03-26,2025-03-24,2025-03-26,381.0,Y
0760-T9UCAEWDF,0760-T9(右)後門骨頭烤漆                                            ,A01,0.0,1500.0,0.0,2025-02-11,2025-02-11,2025-02-11,424.0,Y
V2QWV1JTURW2,現代波特柴油小霸王專用踏墊                                               ,A01,0.0,450.0,0.0,2025-02-20,2025-02-19,2025-02-20,415.0,Y
0760-T9UCA1R,0760-T9(右)後門板金                                              ,A01,0.0,1500.0,0.0,2025-02-11,2025-02-11,2025-02-11,424.0,Y
0760-T9UCAEW1R,0760-T9(右)後門骨頭板金                                            ,A01,0.0,1000.0,0.0,2025-02-11,2025-02-11,2025-02-11,424.0,Y
A12XGW1CM,門邊鍍烙飾條10公尺(1CM)                                             ,A01,0.0,180.0,0.0,2021-02-06,2024-11-19,2024-11-19,508.0,Y
BHD-5719XFUNR,[車牌]壓縮機總成                                               ,A01,0.0,18000.0,0.0,2023-04-18,2023-04-18,2023-04-18,1089.0,Y
2782VZQ2YT,[車牌]皮帶總成                                                 ,A01,0.0,700.0,0.0,2023-05-26,2023-05-26,2023-05-26,1051.0,Y
3313-T9F,3319-T9前保桿扣子                                                ,A01,-1.0,0.0,-0.0,,2025-03-24,2025-03-24,383.0,Y
PC6233RVWUR,PC-6233機械胎壓計                                                ,A01,0.0,160.0,0.0,2024-06-26,,2024-06-26,654.0,Y
10WISHRUVE,10WISH機油芯蓋                                                  ,A01,0.0,900.0,0.0,2025-03-07,2025-03-07,2025-03-07,400.0,Y
8391-N8UNFR2F,8391-N8壓縮機繼電器                                               ,A01,0.0,400.0,0.0,2025-03-11,2025-03-11,2025-03-11,396.0,Y
8391-N8UER,8391-N8螢光劑                                                  ,A01,0.0,450.0,0.0,2025-03-11,2025-03-11,2025-03-11,396.0,Y
0760-T9UCADF,0760-T9(右)後門烤漆                                              ,A01,0.0,2500.0,0.0,2025-02-11,2025-02-11,2025-02-11,424.0,Y
2015CRVCAFT+CV,[車牌]全車+後箱海馬踏墊雙層                                          ,A01,0.0,2100.0,0.0,2024-12-19,2024-12-20,2024-12-20,477.0,Y
GOLTPLUSGSR,GOLTPLUS室內鏡                                                 ,A01,0.0,500.0,0.0,2024-12-23,2024-12-23,2024-12-23,474.0,Y
BAL-7633EB5,[車牌]隔熱紙                                                 ,A01,0.0,4500.0,0.0,2025-01-21,2025-01-21,2025-01-21,445.0,Y
8391-N8XA,8391-N8冷媒                                                   ,A01,0.0,699.0,0.0,2025-03-11,2025-03-11,2025-03-11,396.0,Y
YH680,YH-680全功能電力公司                                               ,A01,0.0,2600.0,0.0,2021-12-07,2023-01-05,2023-01-05,1192.0,Y
GS2LM8005,LM-8005室內燈(水晶)12V                                           ,A01,0.0,140.0,0.0,2020-11-04,2021-01-23,2021-01-23,1904.0,Y
2TXWMTNU,原廠型倒車雷達16.5mm(四眼)                                           ,A01,0.0,1050.0,0.0,2020-07-17,2024-07-02,2024-07-02,648.0,Y
ATW,母插頭                                                         ,A01,0.0,0.0,0.0,,2021-01-23,2021-01-23,1904.0,N
PNSMR01,後視鏡撥雨膜(防雨滴)9CM*9CM轎車                                        ,A01,0.0,60.0,0.0,2020-04-29,,2020-04-29,2173.0,Y
2782-VZUF15F,[車牌](右前)避震器                                              ,A01,0.0,3950.0,0.0,2023-05-26,2023-05-26,2023-05-26,1051.0,Y
YH370FES2XEN,YH-370全功能電力公司                                               ,A01,0.0,1925.0,0.0,2022-09-02,2024-11-18,2024-11-18,509.0,Y
318R1F,318警報器                                                      ,A01,0.0,450.0,0.0,,2024-03-08,2024-03-08,764.0,Y
2021EAX2.5FMT,2021冠美麗2.5油電鍍洛晴雨窗                                           ,A01,0.0,1000.0,0.0,2021-01-25,2021-01-25,2021-01-25,1902.0,Y
98RSCGEF,98嘉年華閃光器                                                    ,A01,0.0,450.0,0.0,2021-01-28,2021-01-28,2021-01-28,1899.0,Y
12WISHNQFMT,12WISH(四片)晴雨窗                                               ,A01,0.0,600.0,0.0,2021-02-03,2021-02-03,2021-02-03,1893.0,Y
GHA195,豐田專用USB兩孔充電座4.2A+電壓表                                        ,A01,0.0,450.0,0.0,2021-03-19,2021-05-12,2021-05-12,1795.0,Y
1GGLCTA1E2,賓士 GLC-200長毛避光墊                                             ,A01,0.0,300.0,0.0,2021-03-17,,2021-03-17,1851.0,Y
UU262,鷹眼6燈方形燈(1對2)                                                ,A01,0.0,350.0,0.0,2024-06-26,2024-06-26,2024-06-26,654.0,Y
ESCAPEXXQ,RSCAPE來令片                                                   ,A01,0.0,700.0,0.0,2021-03-23,2021-03-24,2021-03-24,1844.0,Y
CLA250055R,CLA-250安卓主機                                                 ,A01,0.0,23000.0,0.0,2021-01-05,2021-01-05,2021-01-05,1922.0,Y
TBD1251NVJV,TBD-125變速箱維修                                                ,A01,0.0,23000.0,0.0,2021-01-05,2021-01-05,2021-01-05,1922.0,Y
UFRV,引擎檢修                                                        ,A01,-1.0,0.0,-0.0,,2021-01-05,2021-01-05,1922.0,Y
180GNQUW,180雙色皮椅套                                                    ,A01,0.0,2900.0,0.0,2021-01-08,2021-01-11,2021-01-11,1916.0,Y
A6ZVBV2,A-6方形日行燈                                                    ,A01,0.0,400.0,0.0,2020-12-28,2024-07-29,2024-07-29,621.0,Y
RSENH73000K2Q,RSEN H7 3000K燈泡                                             ,A01,0.0,200.0,0.0,2022-02-26,2023-08-03,2023-08-03,982.0,Y
BGN-19025GQ2252X,[車牌]調整皮帶惰輪                                              ,A01,0.0,700.0,0.0,2024-04-15,2024-04-15,2024-04-15,726.0,Y
R1N,9T-400捷報鎖                                                   ,A01,0.0,225.0,0.0,2021-03-26,,2021-03-26,1842.0,N
07ALTISNQFMT,07ALTIS(四片)晴雨窗                                              ,A01,0.0,600.0,0.0,2020-12-12,,2020-12-12,1946.0,Y
SF0044,SF-0044內板通用扣                                                ,A01,0.0,50.0,0.0,2025-03-05,2024-08-26,2025-03-05,402.0,Y
SWIFEXFXJ,SWIFE冷氣濾網                                                   ,A01,0.0,200.0,0.0,2020-12-24,2020-12-24,2020-12-24,1934.0,Y
SWIFEDFV,SWIFE空氣芯                                                    ,A01,0.0,150.0,0.0,2020-12-24,2020-12-24,2020-12-24,1934.0,Y
RSENCCQ2W,RSEN卡夢自排排檔頭                                                 ,A01,0.0,280.0,0.0,2020-12-26,,2020-12-26,1932.0,Y
20182XD5MW2,2018得利卡專用踏墊                                                 ,A01,0.0,350.0,0.0,2020-12-31,,2020-12-31,1927.0,Y
5011GUSB,5011雙USB一分三點座充                                              ,A01,0.0,180.0,0.0,2020-12-26,2024-08-20,2024-08-20,599.0,Y
1802GRR,180度多功能手機架                                                  ,A01,0.0,130.0,0.0,2020-12-26,,2020-12-26,1932.0,Y
UADMGR,優馬克雨刷精                                                      ,A01,0.0,60.0,0.0,2020-12-18,2024-11-14,2024-11-14,513.0,Y
19VR1FMGBQ,19新尖兵晴雨窗(四片)                                                ,A01,0.0,600.0,0.0,2020-12-07,,2020-12-07,1951.0,Y
CBGCGR,海瑞獅(R)後視鏡                                                   ,A01,0.0,350.0,0.0,2021-01-05,,2021-01-05,1922.0,Y
1086.1ATY,108 6.1A四孔插座                                                ,A01,-2.0,0.0,-0.0,,2021-04-08,2021-04-08,1829.0,Y
AY25054+645R,馬自達5 4+64安卓主機                                               ,A01,0.0,9500.0,0.0,2024-02-09,2024-02-09,2024-02-09,792.0,Y
06AYW3C2Y,06馬自達3蝴蝶座                                                   ,A01,0.0,150.0,0.0,2021-03-13,,2021-03-13,1855.0,Y
1276THDF,[車牌] WISH烤漆                                              ,A01,0.0,20000.0,0.0,2020-12-30,2020-12-30,2020-12-30,1928.0,Y
LE7512QFE,LE-7512排氣管                                                  ,A01,0.0,1900.0,0.0,2024-04-22,2024-04-22,2024-04-22,719.0,Y
U75MW2,U7專用踏墊                                                      ,A01,0.0,480.0,0.0,2024-01-12,2024-01-05,2024-01-12,820.0,Y
BGN-1902QC5Q2,[車牌]平衡輪皮帶                                               ,A01,0.0,600.0,0.0,2024-04-15,2024-04-15,2024-04-15,726.0,Y
BGN-1902,[車牌]平衡輪皮帶惰輪                                             ,A01,0.0,700.0,0.0,2024-04-15,2024-04-15,2024-04-15,726.0,Y
K81JVT2F,K81無限充電器                                                    ,A01,0.0,350.0,0.0,2024-05-30,2021-01-27,2024-05-30,681.0,Y
12EAXTA1E2,12冠美麗長毛避光墊                                                  ,A01,0.0,210.0,0.0,2021-01-27,2022-09-07,2022-09-07,1312.0,Y
TR51027CX1G,TR-51027方形洪藍對閃                                              ,A01,0.0,350.0,0.0,2021-08-03,2021-08-07,2021-08-07,1708.0,Y
VTRXF2T,行車記錄器電池                                                     ,A01,0.0,150.0,0.0,2021-08-11,2022-01-03,2022-01-03,1559.0,Y
GARMIN55GD2C,GARMIN 55聲控導航                                               ,A01,0.0,6500.0,0.0,2023-02-21,2023-02-23,2023-02-23,1143.0,Y
12VATA1E2,八代喜美長毛避光墊                                                   ,A01,0.0,210.0,0.0,2021-01-27,,2021-01-27,1900.0,Y
BGN-19025GQ22X,[車牌]正時皮帶惰輪(固定)                                          ,A01,0.0,700.0,0.0,2024-04-15,2024-04-15,2024-04-15,726.0,Y
2XDC2S1RC,得利卡(R)後檔泥板                                                  ,A01,0.0,250.0,0.0,2021-01-07,2021-01-07,2021-01-07,1920.0,Y
BGN-1902DFXXE5F,[車牌]空氣流量感知器(中古)                                         ,A01,0.0,1500.0,0.0,2024-04-15,2024-04-15,2024-04-15,726.0,Y
2015RAV4JD,[車牌]4外框                                                  ,A01,0.0,1000.0,0.0,2024-04-19,2024-04-25,2024-04-25,716.0,Y
XUGGX6GUVTRXFGPS,路易視雙眼行車紀錄器+GPS                                              ,A01,0.0,1900.0,0.0,2024-03-04,,2024-03-04,768.0,Y
HY815XEW5,HY-815懶骨頭記憶枕                                                ,A01,0.0,290.0,0.0,2021-01-27,,2021-01-27,1900.0,Y
01XGFMT,01菱帥晴雨窗(四片)                                                 ,A01,0.0,600.0,0.0,2022-04-22,2022-04-20,2022-04-22,1450.0,Y
2013EAX055R,2013冠美麗安卓主機4+64                                             ,A01,0.0,9500.0,0.0,2024-01-03,2024-01-03,2024-01-03,829.0,Y
2XDC2D,得利卡(L)後燈殼                                                   ,A01,0.0,450.0,0.0,2024-01-04,2024-01-08,2024-01-08,824.0,Y
S5RU7GT2WQ,娜智傑煞車踏板橡膠皮                                                  ,A01,0.0,400.0,0.0,2024-01-04,2024-01-05,2024-01-05,827.0,Y
XWH5EY,輪胎拆裝工資                                                      ,A01,0.0,200.0,0.0,2024-02-05,2024-02-05,2024-02-05,796.0,Y
ABTE059,充氣飽汽機車無限打氣機                                                 ,A01,0.0,1000.0,0.0,2021-03-18,,2021-03-18,1850.0,Y
ABTA069-1,智慧應感彈力出風口                                                   ,A01,0.0,650.0,0.0,2021-03-18,2023-02-23,2023-02-23,1143.0,Y
ABTD027,噴射+泡沫高壓水槍                                                   ,A01,0.0,630.0,0.0,2021-03-18,2023-02-10,2023-02-10,1156.0,Y
LZFR6AICVN,LZFR6AI火星塞                                                  ,A01,0.0,350.0,0.0,2021-02-08,2021-02-08,2021-02-08,1888.0,Y
ZINGER2C2Y,ZINGER點火底座                                                  ,A01,0.0,850.0,0.0,2021-02-08,2021-02-08,2021-02-08,1888.0,Y
03LANCH058C3+325R,03LANCH 0 8核2+32安卓主機                                        ,A01,0.0,7000.0,0.0,2024-04-02,2024-03-25,2024-04-02,739.0,Y
82VACVN,8代喜美火星塞                                                     ,A01,0.0,460.0,0.0,2024-03-01,2024-03-01,2024-03-01,771.0,Y
CVNRWFV,火星塞積碳清洗                                                     ,A01,0.0,1000.0,0.0,2021-02-08,2021-02-08,2021-02-08,1888.0,Y
CVNH5EY,火星塞拆裝工資                                                     ,A01,0.0,500.0,0.0,2021-02-08,2021-02-08,2021-02-08,1888.0,Y
ERQ574H28,國際牌574H28電瓶                                                 ,A01,0.0,3000.0,0.0,2022-07-30,2022-07-30,2022-07-30,1351.0,Y
MXXDFMT,裕隆 洛克晴雨窗(2片)                                                ,A01,0.0,500.0,0.0,2024-03-11,,2024-03-11,761.0,Y
MP35C1NS13,倍思T貓頭S13-快衝音樂撥放器                                            ,A01,0.0,580.0,0.0,2022-07-08,2022-12-31,2022-12-31,1197.0,Y
ZXDCXRN1R,菲利卡後六角鎖備胎架                                                  ,A01,0.0,650.0,0.0,2021-11-12,2021-11-12,2021-11-12,1611.0,Y
RSENHID55WUADG,RSEN HID 55W安定器(一秒快閃)                                       ,A01,0.0,600.0,0.0,2024-12-17,2024-12-03,2024-12-17,480.0,Y
2014ALTISCGR,[車牌]IS後視鏡附燈                                              ,A01,0.0,1200.0,0.0,2021-11-18,,2021-11-18,1605.0,Y
J00349CMG,J00349後雨刷                                                   ,A01,0.0,130.0,0.0,2021-11-06,,2021-11-06,1617.0,Y
2013CRVFMTF,[車牌]晴雨窗(前)                                               ,A01,0.0,300.0,0.0,2021-10-26,,2021-10-26,1628.0,Y
2013CRVFMTC,[車牌]晴雨窗(後)                                               ,A01,0.0,300.0,0.0,2021-10-26,,2021-10-26,1628.0,Y
KY165LED2Q,KY-165 LED儀表板燈泡                                             ,A01,0.0,45.0,0.0,2021-11-19,2024-03-30,2024-03-30,742.0,Y
H00377,SPORT(17CM)貼紙                                               ,A01,0.0,30.0,0.0,2022-01-11,2022-08-02,2022-08-02,1348.0,Y
H00501,熊出沒注意貼紙                                                     ,A01,0.0,30.0,0.0,2021-07-23,,2021-07-23,1723.0,Y
ZXDCEXRN,菲力卡後廂六角鎖                                                    ,A01,0.0,450.0,0.0,2021-11-10,2021-11-10,2021-11-10,1613.0,Y
ANF5265FARVW5,ZINGER 汽門間隙調整                                               ,A01,0.0,3000.0,0.0,2023-09-27,2023-09-27,2023-09-27,927.0,Y
ANF52655GQ2,ZINGER 正時皮帶                                                 ,A01,0.0,1550.0,0.0,2023-09-27,2023-09-27,2023-09-27,927.0,Y
ANF52655GQ22X,ZINGER 正時皮帶惰輪(固定)                                           ,A01,0.0,950.0,0.0,2023-09-27,2023-09-27,2023-09-27,927.0,Y
LEDV2Q72W,LED 小單排(白光)72W 12/24v                                       ,A01,0.0,750.0,0.0,2021-06-26,,2021-06-26,1750.0,Y
3032YXAFXXW,[車牌]米其林輪胎                                                ,A01,0.0,3500.0,0.0,2021-10-29,2021-10-29,2021-10-29,1625.0,Y
ANF5265XFQ2,ZUNGER 冷氣皮帶                                                 ,A01,0.0,500.0,0.0,2023-09-27,2023-09-27,2023-09-27,927.0,Y
ANF5265UFGV1,ZUNGER 引擎上修包                                                ,A01,0.0,4500.0,0.0,2023-09-27,2023-09-27,2023-09-27,927.0,Y
ANF5265U1E,ZINGER 搖臂蓋(全新)                                              ,A01,0.0,25500.0,0.0,2023-09-27,2023-09-27,2023-09-27,927.0,Y
LEXUSIS200TA1E2,LEXUS IS200長毛避光墊                                            ,A01,0.0,300.0,0.0,2023-10-19,,2023-10-19,905.0,Y
WISHC2G1D,WISH互定飾板扣                                                   ,A01,0.0,35.0,0.0,2023-10-20,2023-10-20,2023-10-20,904.0,Y
ZXDZVRQ2,菲利卡方向機皮帶                                                    ,A01,0.0,550.0,0.0,2023-09-08,2023-09-08,2023-09-08,946.0,Y
ZXDGVXQEY,菲利卡冷排+水箱拆裝工資                                                ,A01,0.0,900.0,0.0,2023-09-08,2023-09-08,2023-09-08,946.0,Y
IX35XA,IX35 冷媒                                                     ,A01,0.0,800.0,0.0,2023-09-08,2023-09-08,2023-09-08,946.0,Y
07LIVINA5MW2,07LIVINA專用踏墊                                                ,A01,0.0,300.0,0.0,2024-11-20,2024-11-11,2024-11-20,507.0,Y
ESCAPECE5DN,ESCAPE後蓋中控                                                  ,A01,0.0,550.0,0.0,2021-12-16,2021-12-20,2021-12-20,1573.0,Y
03VAXXN,03西米露蕾絲                                                     ,A01,0.0,900.0,0.0,2021-12-16,2021-12-20,2021-12-20,1573.0,Y
2XAX,打蠟棉輪                                                        ,A01,0.0,130.0,0.0,2024-07-26,2024-07-16,2024-07-26,624.0,Y
05XGMGA2,05菱帥雨刷馬達                                                    ,A01,0.0,500.0,0.0,2021-12-27,2021-12-27,2021-12-27,1566.0,Y
BGF2A2,1994瑞獅啟動馬達                                                  ,A01,0.0,2100.0,0.0,2022-05-31,2022-05-31,2022-05-31,1411.0,Y
M00111B,HKS POWER/貼紙                                                ,A01,0.0,80.0,0.0,2023-06-28,2022-08-08,2023-06-28,1018.0,Y
INNONACVN,INNONA火星塞                                                   ,A01,0.0,350.0,0.0,2021-08-24,,2021-08-24,1691.0,Y
M00244,3D立體/天使貼飾                                                   ,A01,0.0,80.0,0.0,2021-07-23,2021-07-26,2021-07-26,1720.0,Y
O00135,PORSCHE-風嘴帽(四入)                                             ,A01,0.0,100.0,0.0,2021-06-25,,2021-06-25,1751.0,Y
F00440,蜘蛛人                                                         ,A01,0.0,20.0,0.0,2021-07-23,,2021-07-23,1723.0,Y
F00453,SPEED MASTER貼紙                                              ,A01,0.0,20.0,0.0,2021-07-23,2022-07-15,2022-07-15,1366.0,Y
RMQUW,勁勇皮椅套                                                       ,A01,0.0,1350.0,0.0,2021-10-19,2021-10-20,2021-10-20,1634.0,Y
PS801LEDW2,PS-[車牌]晶體車燈白/藍                                            ,A01,0.0,80.0,0.0,2021-10-26,,2021-10-26,1628.0,Y
P225J5C220*13,P-22置物止滑墊(20cmx13.5cm小)                                     ,A01,0.0,60.0,0.0,2023-09-26,,2023-09-26,928.0,Y
NOIDNRMG28,NOID三節雨刷 28吋                                                ,A01,0.0,150.0,0.0,2020-10-26,,2020-10-26,1993.0,Y
TYPERH4T1E,TYPE-R H4超白光燈泡                                              ,A01,0.0,170.0,0.0,2022-03-07,,2022-03-07,1496.0,Y
SONY12005R,SONY G1200主機                                                ,A01,0.0,3300.0,0.0,2020-11-16,2023-08-18,2023-08-18,967.0,Y
HDR2UVTRXF,HDR單眼行車記錄器                                                  ,A01,0.0,1500.0,0.0,2020-06-26,2021-01-15,2021-01-15,1912.0,Y
RSENT53SMD,RSEN T5 3SMD(白)                                             ,A01,0.0,100.0,0.0,2022-11-02,,2022-11-02,1256.0,Y
7231HEMGXE,[車牌]05菱帥雨刷連桿                                             ,A01,0.0,1600.0,0.0,2020-10-15,2020-10-15,2020-10-15,2004.0,Y
OPS01VXR,OPS-01K11行李架                                                ,A01,0.0,3850.0,0.0,2021-11-11,,2021-11-11,1612.0,Y
5E2Q,中古電瓶                                                        ,A01,-10.0,0.0,-0.0,,2024-10-01,2024-10-01,557.0,Y
2017FCOUSYE5F,2017(左前)FCOUS感知器                                            ,A01,0.0,1500.0,0.0,2024-08-10,2024-08-10,2024-08-10,609.0,Y
H16059H5R,H16-9吋安卓主機                                                  ,A01,0.0,4200.0,0.0,2020-11-25,2022-09-22,2022-09-22,1297.0,Y
09IS250TA1E2,09 IS-250長毛避光墊                                              ,A01,0.0,300.0,0.0,2020-11-18,2020-11-14,2020-11-18,1970.0,Y
ZXQH4CR2Q,菲利浦H4黃金燈泡                                                   ,A01,0.0,150.0,0.0,2020-11-07,,2020-11-07,1981.0,Y
S24VTRXF,聲寶S-24S行車記錄器+GPS                                            ,A01,0.0,2100.0,0.0,2020-10-15,2021-01-22,2021-01-22,1905.0,Y
WGXMODELXTA1E2,特斯拉 MODEL-X長毛避光墊                                            ,A01,0.0,500.0,0.0,2020-09-26,2021-06-23,2021-06-23,1753.0,Y
2015RAV45MTX,[車牌]4專用窗簾後窗+後檔                                           ,A01,0.0,2050.0,0.0,2023-04-14,,2023-04-14,1093.0,Y
05XGZGV,05菱帥副水箱                                                     ,A01,-1.0,0.0,-0.0,,2019-12-16,2019-12-16,2308.0,Y
1GW2111C5R,賓士W211安卓八核心4+64主機                                           ,A01,0.0,11500.0,0.0,2022-01-07,2022-01-19,2022-01-19,1543.0,Y
LD-7FJV,LD-7維修                                                      ,A01,-1.0,0.0,-0.0,,2024-07-31,2024-07-31,619.0,Y
13A2-8+32+CAN,13蒙地爾8核2+32+CAN                                             ,A01,0.0,8000.0,0.0,2024-08-03,2024-08-05,2024-08-05,614.0,Y
14CRVTA1E2,[車牌]長毛避光墊                                                ,A01,0.0,220.0,0.0,2024-08-05,,2024-08-05,614.0,Y
2ZSIRIONDFV,大發 SIRION 空氣芯                                               ,A01,0.0,250.0,0.0,2024-08-10,2024-08-10,2024-08-10,609.0,Y
L2Q7FTW2,奧迪Q7全車+後車箱踏墊                                                ,A01,0.0,1100.0,0.0,2021-11-09,2021-11-10,2021-11-10,1613.0,Y
7231HEMGAW,[車牌]05菱帥雨刷馬達                                             ,A01,0.0,1000.0,0.0,2020-10-15,2020-10-15,2020-10-15,2004.0,Y
PRUISXFV,PRUIS冷氣芯                                                    ,A01,0.0,250.0,0.0,2024-07-12,2024-07-13,2024-07-13,637.0,Y
PRUISDFV,PRUIS空氣芯                                                    ,A01,0.0,300.0,0.0,2024-07-12,2024-07-13,2024-07-13,637.0,Y
FCOUS5MRU,FCOUS專用機油                                                   ,A01,0.0,380.0,0.0,2024-08-14,2024-08-14,2024-08-14,605.0,Y
HRVXQGFMT,HRV(兩片)晴雨窗                                                  ,A01,0.0,350.0,0.0,2024-08-21,,2024-08-21,598.0,Y
02EAX2XUE,02冠美麗POWER油管                                                ,A01,0.0,800.0,0.0,2024-08-21,2024-08-21,2024-08-21,598.0,Y
WISH8+128055R,WISH 8核8+128安卓主機                                            ,A01,0.0,13000.0,0.0,2024-07-31,2024-07-31,2024-07-31,619.0,Y
04WISHCGRQR,04WISH (RH)後視鏡                                              ,A01,0.0,400.0,0.0,2024-07-26,,2024-07-26,624.0,Y
RAV48128,RAV4 8核8+128G主機+CAN                                         ,A01,0.0,14000.0,0.0,2024-07-27,2024-07-28,2024-07-28,622.0,Y
12ELANTRAGTUE5,12ELANTR煞車油管(正廠)                                            ,A01,0.0,900.0,0.0,2024-07-01,2024-07-01,2024-07-01,649.0,Y
AFK-2537EZR,[車牌]鼓風機                                                 ,A01,0.0,3000.0,0.0,2024-07-01,2024-07-01,2024-07-01,649.0,Y
AFK-2537EZREY,[車牌]鼓風機工資                                               ,A01,0.0,600.0,0.0,2024-07-01,2024-07-01,2024-07-01,649.0,Y
2TXWGJVNU,原廠型數位四眼倒車雷達                                                 ,A01,0.0,1050.0,0.0,2024-07-09,2024-07-02,2024-07-09,641.0,Y
ZXDCGRR,菲力卡後視鏡(R)電動                                                 ,A01,0.0,1000.0,0.0,2024-07-11,2024-07-11,2024-07-11,639.0,Y
13A2-NQFMT,2013蒙地爾(四片)晴雨窗                                              ,A01,0.0,700.0,0.0,2024-08-05,2024-08-05,2024-08-05,614.0,Y
CRV+4CVP55R,CRV+4核心+32G                                                 ,A01,0.0,8000.0,0.0,2020-09-18,,2020-09-18,2031.0,Y
3313-TPUCA1D,[車牌]右後門板烤                                                ,A01,0.0,2500.0,0.0,2024-09-09,2024-09-09,2024-09-09,579.0,Y
05FCOUSCVA1,05FCOUS後箱門把                                                 ,A01,0.0,500.0,0.0,2024-09-13,2024-09-13,2024-09-13,575.0,Y
01ALTISUD5D,01ALTIS(右後)遙控中控                                             ,A01,0.0,450.0,0.0,2024-08-26,2024-08-26,2024-08-26,593.0,Y
0760-TPZ2R,[車牌]發電機                                                  ,A01,0.0,4000.0,0.0,2024-08-31,2024-08-31,2024-08-31,588.0,Y
0760-TPGV,[車牌]水箱                                                   ,A01,0.0,1800.0,0.0,2024-08-31,2024-08-31,2024-08-31,588.0,Y
0760-TPYFT25,[車牌](左前)傳動軸                                              ,A01,0.0,2100.0,0.0,2024-08-31,2024-08-31,2024-08-31,588.0,Y
0760-TPGV5R,[車牌]水箱支架                                                 ,A01,0.0,500.0,0.0,2024-08-31,2024-08-31,2024-08-31,588.0,Y
ALTISRFA2QYT,ALTIS進氣門墊片總成                                                ,A01,0.0,1200.0,0.0,2022-01-11,2022-01-11,2022-01-11,1551.0,Y
08VIOSCXQFMT,08VIOS(後)晴雨窗                                                ,A01,0.0,300.0,0.0,2022-01-18,,2022-01-18,1544.0,Y
18SINTA3+32,18SINTA 1.8 3+32 安卓主機                                       ,A01,0.0,9500.0,0.0,2022-01-20,2022-01-21,2022-01-21,1541.0,Y
2012FORTISNQFMT,[車牌]TIS(四片)晴雨窗                                          ,A01,0.0,700.0,0.0,2023-11-02,2023-11-03,2023-11-03,890.0,Y
V189005,18 [車牌]大燈                                               ,A01,0.0,1700.0,0.0,2020-11-26,2020-11-14,2020-11-26,1962.0,Y
A740VTRXF,A-740行車記錄器+GPS                                              ,A01,0.0,2500.0,0.0,2021-08-05,2021-10-12,2021-10-12,1642.0,Y
05AY23F1EWZJ,05馬自達3前保桿通風網                                                ,A01,0.0,350.0,0.0,2020-10-20,2020-12-16,2020-12-16,1942.0,Y
0760-TPGVE,[車牌]水箱蓋                                                  ,A01,0.0,200.0,0.0,2024-08-31,2024-08-31,2024-08-31,588.0,Y
3313-TPF1EDF,[車牌]前保桿烤漆                                                ,A01,0.0,1800.0,0.0,2025-03-24,2025-03-24,2025-03-24,383.0,Y
XVUV,領袖機油芯                                                       ,A01,-3.0,0.0,-0.0,,2022-12-22,2022-12-22,1206.0,Y
1995JXGZ1,1995威力順風板                                                   ,A01,0.0,2000.0,0.0,2021-12-04,,2021-12-04,1589.0,Y
327Q30W,327Q 30W APPLE PD快充線                                        ,A01,0.0,140.0,0.0,2021-12-07,,2021-12-07,1586.0,Y
2011RX4505MW2,[車牌]450專用踏墊                                               ,A01,0.0,350.0,0.0,2021-12-10,,2021-12-10,1583.0,Y
1GWCLAW117F2DE,賓士CLA W117啟動開關按銀(正廠)                                        ,A01,0.0,1850.0,0.0,2021-12-11,2021-12-13,2021-12-13,1580.0,Y
15WISHTX,15WIAH窗簾                                                    ,A01,0.0,2800.0,0.0,2022-01-25,,2022-01-25,1537.0,Y
21VR11804QFM,2021新尖兵180(四片)晴雨窗                                           ,A01,0.0,600.0,0.0,2022-01-27,,2022-01-27,1535.0,Y
10ALTISA1D,10ALTIS面板框                                                  ,A01,0.0,700.0,0.0,2023-10-21,2023-10-21,2023-10-21,903.0,Y
ZXDCVN,菲利卡火星塞                                                      ,A01,0.0,100.0,0.0,2023-09-08,2023-09-08,2023-09-08,946.0,Y
ZXDUNRQ2,菲利卡壓縮機皮帶                                                    ,A01,0.0,550.0,0.0,2023-09-08,2023-09-08,2023-09-08,946.0,Y
ZXDZ2RQ2,菲利卡發電機皮帶                                                    ,A01,0.0,550.0,0.0,2023-09-08,2023-09-08,2023-09-08,946.0,Y
RSEN1GR,RSEN撥水劑                                                     ,A01,0.0,75.0,0.0,2024-08-08,2024-07-30,2024-08-08,611.0,Y
VA011,鯊魚仿真口改裝側風引擎裝飾                                               ,A01,0.0,180.0,0.0,2021-12-27,2021-12-07,2021-12-27,1566.0,Y
2009LTISXN,[車牌]IS蕾絲                                                 ,A01,0.0,700.0,0.0,2021-12-01,,2021-12-01,1592.0,Y
09EAX22L,09冠美麗大燈(L)                                                  ,A01,0.0,3700.0,0.0,2022-05-10,2021-12-04,2022-05-10,1432.0,Y
EXXTA1E2,冠樂拉長毛避光墊                                                    ,A01,0.0,270.0,0.0,2024-08-05,2024-08-07,2024-08-07,612.0,Y
ANF52652XQ2,ZINGER 動力皮帶                                                 ,A01,0.0,500.0,0.0,2023-09-27,2023-09-27,2023-09-27,927.0,Y
ANF5265Z2RQ2,ZINGER 發電機皮帶                                                ,A01,0.0,500.0,0.0,2023-09-27,2023-09-27,2023-09-27,927.0,Y
ABT-D060USBVW,ABT-D060 USB電源線頭(行者無限)                                      ,A01,0.0,200.0,0.0,2023-10-13,2023-10-05,2023-10-13,911.0,Y
07AYW32+325R,07馬自達4+32安卓主機                                               ,A01,0.0,8700.0,0.0,2023-10-14,2023-10-14,2023-10-14,910.0,Y
OUTLANDERT2R,RS-Q125車頂架                                                  ,A01,0.0,4500.0,0.0,2023-10-17,2023-10-17,2023-10-17,907.0,Y
7H2G,7吋電視                                                        ,A01,0.0,2500.0,0.0,2023-11-14,2023-11-30,2023-11-30,863.0,Y
9006LEDNN22,[車牌] 三色大燈                                               ,A01,0.0,800.0,0.0,2023-11-15,,2023-11-15,878.0,Y
10ALTIS8C4+64,10ALTIS 安卓CARDIO 8核4+64+框                                   ,A01,0.0,10800.0,0.0,2022-04-01,2022-04-01,2022-04-01,1471.0,Y
STAREX22E5T,現代 STAEX 大燈蓋正廠                                              ,A01,0.0,400.0,0.0,2022-04-02,2023-01-19,2023-01-19,1178.0,Y
ABTE033GTJVT2F,ABT-E033手持式無線充電打氣機                                          ,A01,0.0,1350.0,0.0,2021-11-08,2023-02-01,2023-02-01,1165.0,Y
ABTE061VTF,ABT-E061 AK47無限乾溼吸塵器                                        ,A01,0.0,450.0,0.0,2021-11-08,,2021-11-08,1615.0,Y
62G2YXX,6段式電子喇叭                                                     ,A01,0.0,500.0,0.0,2021-11-17,,2021-11-17,1606.0,Y
H00372,KAAZ貼紙                                                      ,A01,0.0,30.0,0.0,2021-07-23,,2021-07-23,1723.0,Y
RT5A2Q,機車5A電瓶                                                      ,A01,0.0,600.0,0.0,2023-09-26,,2023-09-26,928.0,Y
TYPERH1T1E,TYPE-R H1超白光                                                ,A01,0.0,170.0,0.0,2022-03-29,,2022-03-29,1474.0,Y
09EAX22R,09冠美麗大燈(R)                                                  ,A01,0.0,3700.0,0.0,2021-12-03,2021-12-04,2021-12-04,1589.0,Y
CORSSNQFMT,CORSS(四片)晴雨窗                                                ,A01,0.0,600.0,0.0,2021-08-12,2021-08-12,2021-08-12,1703.0,Y
1G5MRU,賓士專用機油                                                      ,A01,0.0,300.0,0.0,2024-12-06,2024-12-10,2024-12-10,487.0,Y
INNONANQFMT,INNONA(四片)晴雨窗                                               ,A01,0.0,700.0,0.0,2023-02-07,2023-02-08,2023-02-08,1158.0,Y
Y2EUW2,自動感應頭燈                                                      ,A01,0.0,1000.0,0.0,2022-03-19,2022-03-21,2022-03-21,1482.0,Y
VBDZJTUQ,向日葵防霧除油膜                                                    ,A01,0.0,55.0,0.0,2021-12-08,,2021-12-08,1585.0,Y
TVJ1,超纖維布                                                        ,A01,0.0,22.0,0.0,2024-04-11,2024-07-23,2024-07-23,627.0,Y
SIENTA1.8FMT,SINENTA 1.8(前)晴雨窗                                           ,A01,0.0,400.0,0.0,2021-07-29,2021-07-30,2021-07-30,1716.0,Y
ZV5K5DGUVTRXF,發現者K5D雙眼行車紀錄器                                               ,A01,0.0,4200.0,0.0,2023-11-27,2024-09-25,2024-09-25,563.0,Y
93XGXXQF,93菱帥來令片(前)                                                  ,A01,0.0,500.0,0.0,2023-11-28,2023-11-28,2023-11-28,865.0,Y
15XTREILMGWZJ,15 X-TRAIL雨刷通風網(正廠)                                         ,A01,0.0,600.0,0.0,2023-11-28,,2023-11-28,865.0,Y
ANF5265G1Q,ZINGER 水泵浦                                                  ,A01,0.0,2500.0,0.0,2023-09-27,2023-09-27,2023-09-27,927.0,Y
ANF5265RJF,ZINGER 節溫器                                                  ,A01,0.0,850.0,0.0,2023-09-27,2023-09-27,2023-09-27,927.0,Y
BHW878BGHY,日式後式餐飲/大                                                    ,A01,0.0,360.0,0.0,2022-01-27,,2022-01-27,1535.0,Y
DH35MG2EF,雨刷頂高器/白鐵/ABS朔膠                                              ,A01,0.0,90.0,0.0,2021-07-26,,2021-07-26,1720.0,Y
LEXUS5MW2,LEXUS專用踏墊                                                   ,A01,0.0,250.0,0.0,2021-09-29,,2021-09-29,1655.0,Y
ANF5265QC5Q22X,ZIGER 平橫軸皮帶惰輪                                               ,A01,0.0,850.0,0.0,2023-09-27,2023-09-27,2023-09-27,927.0,Y
BCF-16165TQ2,[車牌]正廠皮帶                                                ,A01,0.0,1850.0,0.0,2023-11-16,2023-11-17,2023-11-17,876.0,Y
BCF-1616Q2EY,[車牌]皮帶工資                                                ,A01,0.0,600.0,0.0,2023-11-16,2023-11-17,2023-11-17,876.0,Y
RWFVEY,積碳清洗工資                                                      ,A01,-1.0,0.0,-0.0,,2023-11-18,2023-11-18,875.0,Y
CX5TX,CX-5窗簾+運費                                                   ,A01,0.0,3150.0,0.0,2023-11-21,2023-11-23,2023-11-23,870.0,Y
2008QRVTX,[車牌]窗簾                                                  ,A01,0.0,3150.0,0.0,2023-11-28,,2023-11-28,865.0,Y
EAXC2E,冠美麗後惰桿                                                      ,A01,0.0,800.0,0.0,2020-11-13,2020-11-13,2020-11-13,1975.0,Y
ZV5Q1VTRXF,發現者Q1行車紀錄器                                                  ,A01,0.0,2550.0,0.0,2019-09-06,,2019-09-06,2409.0,Y
Z8RTVTRXF,Z8機車行車記錄器                                                   ,A01,0.0,2100.0,0.0,2022-05-26,2022-05-25,2022-05-26,1416.0,Y
ERQ402Q,國際牌 40電瓶                                                    ,A01,0.0,1750.0,0.0,2020-11-06,,2020-11-06,1982.0,Y
F00523,龍/二入貼紙                                                      ,A01,0.0,20.0,0.0,2021-07-23,2021-10-21,2021-10-21,1633.0,Y
3MR2CM*33,3M膠 2CM*33M                                                 ,A01,0.0,750.0,0.0,2022-02-26,,2022-02-26,1505.0,Y
CLA45CVZFE,CLA45後下防傾桿                                                  ,A01,0.0,6200.0,0.0,2020-11-10,2020-11-13,2020-11-13,1975.0,Y
BGGGE,1998瑞獅上水管                                                   ,A01,0.0,200.0,0.0,2021-07-02,2020-11-11,2021-07-02,1744.0,Y
CITYTA1E2,CITY長毛避光墊                                                   ,A01,0.0,210.0,0.0,2021-01-27,,2021-01-27,1900.0,Y
BOSCH95D23L,BOSCG S5 Q85L 95D23R電瓶                                      ,A01,0.0,2800.0,0.0,2021-07-17,2021-07-17,2021-07-17,1729.0,Y
VBDTVGAB1,向日葵超吸收磨絨布 25*25 10入                                         ,A01,0.0,80.0,0.0,2021-06-28,,2021-06-28,1748.0,Y
HJX028XR,HJX-028藍鏡                                                   ,A01,0.0,200.0,0.0,2021-10-13,2023-08-24,2023-08-24,961.0,Y
S5RM7TA1E2,那智傑M7長毛避光墊                                                  ,A01,0.0,300.0,0.0,2024-01-10,2024-01-05,2024-01-10,822.0,Y
J00372B,台灣魂/立體黑                                                     ,A01,0.0,40.0,0.0,2021-06-25,2023-03-09,2023-03-09,1129.0,Y
98UEQUW,98雅歌皮椅套                                                     ,A01,0.0,2000.0,0.0,2021-07-08,2021-07-08,2021-07-08,1738.0,Y
DX0036,車身彩繪/DX-36                                                  ,A01,0.0,300.0,0.0,2021-10-06,2021-10-12,2021-10-12,1642.0,Y
H00338,BABY IN CAR/熊熊                                              ,A01,0.0,30.0,0.0,2021-10-06,2022-07-15,2022-07-15,1366.0,Y
AL529USBTY,AL-[車牌]車載座二合一                                             ,A01,0.0,150.0,0.0,2021-06-26,,2021-06-26,1750.0,Y
PNSDBC0251R,一分二旋轉置杯架                                                    ,A01,0.0,240.0,0.0,2023-02-03,2023-04-01,2023-04-01,1106.0,Y
PNSSCUP04,PU皮革椅縫邊置物盒 2USB 2.4A                                        ,A01,0.0,220.0,0.0,2021-09-02,2022-10-28,2022-10-28,1261.0,Y
05TEANAD-,05 TEANA 2.0 點火線圈(考耳)                                       ,A01,0.0,1400.0,0.0,2022-11-25,2022-11-25,2022-11-25,1233.0,Y
07RWC2D,07堅達後燈殼                                                     ,A01,0.0,600.0,0.0,2020-11-27,,2020-11-27,1961.0,Y
XG2CVF,菱帥點火線圈                                                      ,A01,0.0,1300.0,0.0,2020-12-05,2020-12-04,2020-12-05,1953.0,Y
RSENH118000K,RSEN H11 8000K燈泡                                            ,A01,0.0,150.0,0.0,2024-04-09,2024-02-07,2024-04-09,732.0,Y
ALTIS1UW,2001-[車牌]IS布椅套                                           ,A01,0.0,1800.0,0.0,2021-08-11,2021-08-12,2021-08-12,1703.0,Y
XGFAWQ,菱帥汽門墊片                                                      ,A01,0.0,1250.0,0.0,2020-12-05,2020-12-04,2020-12-05,1953.0,Y
15ZINGER,15ZINGER長毛避光墊                                               ,A01,0.0,220.0,0.0,2024-03-27,2022-10-11,2024-03-27,745.0,Y
BHD-5719Q5Z,[車牌]膨脹閥                                                 ,A01,0.0,1500.0,0.0,2024-05-28,2024-05-28,2024-05-28,683.0,Y
14CITYNQFMT,14CITY(四片)晴雨窗                                               ,A01,0.0,1000.0,0.0,2020-12-23,,2020-12-23,1935.0,Y
CROSSQPS01T2R,CROSS QPS-01車頂架                                             ,A01,0.0,3360.0,0.0,2020-12-26,2020-12-27,2020-12-27,1931.0,Y
CITYFMT,CITY晴雨窗                                                     ,A01,0.0,170.0,0.0,,2022-03-07,2022-03-07,1496.0,Y
Z260VG,Z260大牙香水                                                    ,A01,0.0,125.0,0.0,2020-12-02,,2020-12-02,1956.0,Y
ZINGERCYCE,ZINGER後座護桿                                                  ,A01,0.0,450.0,0.0,2024-06-15,2024-06-17,2024-06-17,663.0,Y
ZINGERCVC2,ZINGER 後箱後檔                                                 ,A01,0.0,300.0,0.0,2024-06-15,2024-06-17,2024-06-17,663.0,Y
96R2CGRE,96監達後視鏡桿                                                    ,A01,0.0,550.0,0.0,2024-06-15,2024-06-19,2024-06-19,661.0,Y
ABT-A164GN1GR5RVY,ABT-A164伸縮必吸盤手機支架(下座)                                       ,A01,0.0,160.0,0.0,2024-05-27,,2024-05-27,684.0,Y
BHD-5719XFNBQ,[車牌]冷氣散熱片                                               ,A01,0.0,4500.0,0.0,2024-05-28,2024-05-28,2024-05-28,683.0,Y
V2IX35QGA2,現代IX35(前)噴水馬達                                               ,A01,0.0,700.0,0.0,2021-07-30,2021-07-30,2021-07-30,1716.0,Y
05EAXNQFMT,05冠美麗(四片)晴雨窗                                                ,A01,0.0,600.0,0.0,2021-06-25,2021-06-28,2021-06-28,1748.0,Y
F00456,Ferrari貼紙                                                   ,A01,0.0,20.0,0.0,2021-07-23,2022-11-26,2022-11-26,1232.0,Y
SP5083FY,SP-5083S充氣口氣嘴                                               ,A01,0.0,65.0,0.0,2020-12-09,,2020-12-09,1949.0,Y
DRG15FCTFC,DRG(二入)避震器緩衝器/C D                                           ,A01,0.0,400.0,0.0,2023-10-13,2024-10-21,2024-10-21,537.0,Y
ROGUETA1E2,ROGUE2.5長毛避光墊                                               ,A01,0.0,220.0,0.0,2021-09-03,,2021-09-03,1681.0,Y
02EAXF2AW,02冠美麗啟動馬達                                                   ,A01,0.0,3100.0,0.0,2022-01-05,2022-01-05,2022-01-05,1557.0,Y
DRG15FCTFE,DRG(二入)避震器緩衝器/E                                             ,A01,0.0,400.0,0.0,2023-10-13,2023-10-04,2023-10-13,911.0,Y
IX35TXEY,IX35 查漏工資                                                   ,A01,-1.0,0.0,-0.0,,2023-09-08,2023-09-08,946.0,Y
97R2C2E,97監達後燈蓋                                                     ,A01,0.0,200.0,0.0,2023-09-08,2023-09-08,2023-09-08,946.0,Y
ANF52655GQ225,ZINGER 正時皮帶惰輪(調整)                                           ,A01,0.0,950.0,0.0,2023-09-27,2023-09-27,2023-09-27,927.0,Y
ANF5265QC5QW,ZINGER 平橫軸皮帶                                                ,A01,0.0,600.0,0.0,2023-09-27,2023-09-27,2023-09-27,927.0,Y
5EVTRXF,中古行車記錄器                                                     ,A01,-5.0,0.0,-0.0,,2021-12-27,2021-12-27,1566.0,Y
VIOS5MTX,VIOS專用窗簾                                                    ,A01,0.0,2030.0,0.0,2021-09-24,,2021-09-24,1660.0,Y
JL101FVYT,JL-101槍型總成                                                  ,A01,0.0,500.0,0.0,,2021-11-08,2021-11-08,1615.0,Y
2015CRVTX,[車牌]後窗+後檔窗簾                                               ,A01,0.0,2050.0,0.0,2021-10-28,,2021-10-28,1626.0,Y
H00347,班尼頓貼紙                                                       ,A01,0.0,30.0,0.0,2021-07-23,2022-07-25,2022-07-25,1356.0,Y
H00352,HKS/貼紙                                                      ,A01,0.0,30.0,0.0,2021-10-06,2022-07-15,2022-07-15,1366.0,Y
ABQ0029XW,[車牌]輪胎                                                  ,A01,0.0,2000.0,0.0,2020-12-12,2020-12-12,2020-12-12,1946.0,Y
MIO848,高速星光及區間測速含記憶卡                                               ,A01,0.0,3750.0,0.0,2021-12-07,2022-08-15,2022-08-15,1335.0,Y
1GW211A1D,賓士W211面板框                                                   ,A01,0.0,0.0,0.0,2022-01-07,2022-01-19,2022-01-19,1543.0,Y
05XGJ1G,05菱帥外把手                                                     ,A01,-1.0,0.0,-0.0,,2019-12-16,2019-12-16,2308.0,Y
H00867,零1000(11*15CM)貼紙                                            ,A01,0.0,30.0,0.0,2021-07-23,,2021-07-23,1723.0,Y
BCF16161RDF,[車牌]鈑金烤漆                                                ,A01,0.0,6000.0,0.0,2021-09-30,2021-10-12,2021-10-12,1642.0,Y
H00342,TRD貼紙                                                       ,A01,0.0,30.0,0.0,2021-07-23,2022-07-11,2022-07-11,1370.0,Y
H00677,AKRAPOVIC貼紙                                                 ,A01,0.0,30.0,0.0,2021-07-23,,2021-07-23,1723.0,Y
TAD030,大吸力速乾纖維布(大)60*[車牌]                                         ,A01,0.0,240.0,0.0,2021-10-07,,2021-10-07,1647.0,Y
ALTISERR,10ALTIS廣角鏡                                                  ,A01,0.0,300.0,0.0,2024-07-17,,2024-07-17,633.0,Y
V81VTRXFGPS,V81雙眼行車紀錄器GPS                                               ,A01,0.0,800.0,0.0,2021-10-05,2022-07-18,2022-07-18,1363.0,Y
ZV5Q3VTRXF,發現者Q3行車紀錄器                                                  ,A01,0.0,2500.0,0.0,2022-11-24,2023-05-19,2023-05-19,1058.0,Y
TAA096,超細纖維打蠟/洗車兩用布                                                ,A01,0.0,65.0,0.0,2023-03-03,2023-02-28,2023-03-03,1135.0,Y
TAD029,大吸力速桿纖維布(中)60*90cm                                          ,A01,0.0,160.0,0.0,2023-03-03,,2023-03-03,1135.0,Y
R2W,靜電條                                                         ,A01,-2.0,0.0,-0.0,,2021-10-07,2021-10-07,1647.0,Y
H00844,"MOON/DON""T TOUCH貼紙                                          ",A01,0.0,30.0,0.0,2021-07-23,,2021-07-23,1723.0,Y
307DTV,307快充線                                                      ,A01,0.0,180.0,0.0,2024-05-29,2024-05-23,2024-05-29,682.0,Y
1997RVNAA2,1997吉星三門噴水頭馬馬達                                              ,A01,0.0,300.0,0.0,2020-12-15,,2020-12-15,1943.0,Y
C1652UVG,C-165大牙香水                                                   ,A01,0.0,125.0,0.0,2020-12-02,,2020-12-02,1956.0,Y
MIOC570VTRXF,MIO C570行車記錄器                                               ,A01,0.0,2650.0,0.0,2020-12-02,2021-01-25,2021-01-25,1902.0,Y
G25UCSZ,上帝之眼(含一年年費)新遠端監控                                            ,A01,0.0,5990.0,0.0,2020-10-28,,2020-10-28,1991.0,Y
VIOS05H165R,VIOS安卓H16主機                                                 ,A01,0.0,4200.0,0.0,2020-10-31,2020-10-31,2020-10-31,1988.0,Y
AFLS180JV2,AFL-S180汽車微笑七彩氣氛燈                                           ,A01,0.0,510.0,0.0,2020-10-27,,2020-10-27,1992.0,Y
07EAXCXQ,07冠美麗晴雨窗(後)兩片                                               ,A01,0.0,300.0,0.0,2020-10-27,,2020-10-27,1992.0,Y
12ELENLA2XFMT,12ELENLA鍍烙(四片)晴雨窗                                           ,A01,0.0,1000.0,0.0,2020-10-27,,2020-10-27,1992.0,Y
RX1VG1,嘉麗寶吸水布(大)                                                   ,A01,0.0,250.0,0.0,2023-04-12,2021-10-20,2023-04-12,1095.0,Y
8CV3+325R,8核心3+32安卓主機                                                 ,A01,0.0,9500.0,0.0,2021-08-26,2021-08-26,2021-08-26,1689.0,Y
J-NABX,威爾森騎士美容蠟                                                    ,A01,0.0,450.0,0.0,2021-09-01,2023-07-07,2023-07-07,1009.0,Y
BUU-8103EB5,[車牌](前兩片)隔熱紙                                            ,A01,0.0,1200.0,0.0,2023-10-27,2023-10-27,2023-10-27,897.0,Y
LE7512XECGW,LE-7512拉桿和尚頭                                                ,A01,0.0,600.0,0.0,2023-10-27,2023-10-27,2023-10-27,897.0,Y
13TIDA5MW2,13 TIDA專用踏墊                                                 ,A01,0.0,300.0,0.0,2024-01-12,,2024-01-12,820.0,Y
2014WISHC2E,[車牌]H後頂桿                                                 ,A01,0.0,400.0,0.0,2023-11-09,2023-11-09,2023-11-09,884.0,Y
05TEANAUF2Q,05TEANA引擎墊片                                                 ,A01,0.0,1350.0,0.0,2021-09-24,2021-09-24,2021-09-24,1660.0,Y
ROGUE055R,ROGUE 安卓 4+64主機                                             ,A01,0.0,9000.0,0.0,2024-06-19,2024-06-21,2024-06-21,659.0,Y
CLA250ABSE5F,CLA-250(左)感知器正廠                                             ,A01,0.0,2800.0,0.0,2024-06-20,2024-06-20,2024-06-20,660.0,Y
VUS1GR,雄鷹內把手(R後)                                                   ,A01,0.0,200.0,0.0,2024-06-26,,2024-06-26,654.0,Y
FORTISCVN,FORTIS火星塞                                                   ,A01,0.0,400.0,0.0,2024-06-28,2024-06-28,2024-06-28,652.0,Y
ESCAPE4QFMT,ESCAPE 2.0(四片)晴雨窗                                           ,A01,0.0,700.0,0.0,2024-06-04,,2024-06-04,676.0,Y
ABTE084,90W鋅合金快充pD+QC3.0                                            ,A01,0.0,450.0,0.0,2024-06-07,,2024-06-07,673.0,Y
CARDIO8C32TIDA,TIDA CARDIO 8核+32DVD主機                                      ,A01,0.0,9500.0,0.0,2021-09-28,2021-09-30,2021-09-30,1654.0,Y
H00800,AGV(大)貼紙                                                    ,A01,0.0,30.0,0.0,2021-07-23,,2021-07-23,1723.0,Y
RG212V2Q,12V大龜燈泡式警示燈                                                 ,A01,0.0,750.0,0.0,2024-11-23,2023-04-01,2024-11-23,504.0,Y
CJ5T2800MUJV,悍衛者GPS-T2800測速器語音維修                                         ,A01,0.0,900.0,0.0,2021-09-11,2021-09-13,2021-09-13,1671.0,Y
PRIUS1.5TA1E2,[車牌]US 1.5長毛避光墊                                          ,A01,0.0,300.0,0.0,2024-07-11,2024-07-13,2024-07-13,637.0,Y
T15303015W,T15 3030 15W白光燈泡                                            ,A01,0.0,150.0,0.0,2023-07-25,2020-11-02,2023-07-25,991.0,Y
2782VZXW,[車牌]輪胎                                                   ,A01,0.0,2300.0,0.0,2023-05-09,2023-05-09,2023-05-09,1068.0,Y
09YARISXXQ,09YARIS來令片                                                  ,A01,0.0,550.0,0.0,2020-11-02,2020-11-02,2020-11-02,1986.0,Y
05TEANAZ2R,05TEANA發電機(正)                                               ,A01,0.0,6000.0,0.0,2021-09-24,2021-09-24,2021-09-24,1660.0,Y
AWL-57724+645R,[車牌] 4+64安卓主機                                           ,A01,0.0,9500.0,0.0,2024-06-07,2024-06-07,2024-06-07,673.0,Y
2MV,電源線                                                         ,A01,-1.0,20.0,-20.0,,2021-02-06,2021-02-06,1890.0,Y
SF1014,SF-1014長形肉骨螺絲                                               ,A01,-1.0,20.0,-20.0,2020-06-03,2021-06-12,2021-06-12,1764.0,Y
S16TG1VNY,S16插式保險絲座                                                   ,A01,-1.0,22.0,-22.0,2021-01-07,,2021-01-07,1920.0,Y
LY903,LY-903大圓鏡                                                   ,A01,-1.0,25.0,-25.0,2021-07-26,2022-11-26,2022-11-26,1232.0,Y
AET20GV,美規T20雙芯                                                     ,A01,-1.0,27.0,-27.0,,2020-12-09,2020-12-09,1949.0,Y
SF0036,SF-0036馬自達固定扣                                               ,A01,-1.0,30.0,-30.0,2020-12-10,,2020-12-10,1948.0,Y
H00789,賤兔/紅帽                                                       ,A01,-1.0,30.0,-30.0,2021-06-25,,2021-06-25,1751.0,Y
8YCA,8字海棉                                                        ,A01,-1.0,30.0,-30.0,2022-04-26,2024-01-06,2024-01-06,826.0,Y
H00868,HKS power/二入貼紙                                              ,A01,-1.0,30.0,-30.0,2021-07-23,2022-07-11,2022-07-11,1370.0,Y
SF0016,通用型固定扣                                                      ,A01,-1.0,36.0,-36.0,2025-03-05,,2025-03-05,402.0,Y
F00341,MOYOR SPORT/銀                                               ,A01,-2.0,20.0,-40.0,2021-10-06,2021-11-20,2021-11-20,1603.0,Y
SWIFERUV,SWIFE機油芯                                                    ,A01,-1.0,40.0,-40.0,,2020-12-24,2020-12-24,1934.0,Y
R2GTW1,堅達煞車踏板                                                      ,A01,-1.0,50.0,-50.0,,2020-11-11,2020-11-11,1977.0,Y
JRR2F,五角繼電器                                                       ,A01,-1.0,50.0,-50.0,,2021-07-02,2021-07-02,1744.0,Y
VBDEFFVE,向日葵鋼圈清洗劑 500G                                               ,A01,-1.0,55.0,-55.0,2022-03-29,2024-08-20,2024-08-20,599.0,Y
6HMVGXCA,6吋圓型上蠟海棉                                                    ,A01,-1.0,60.0,-60.0,2020-01-31,2024-07-16,2024-07-16,634.0,Y
H75RY,H7轉接座                                                       ,A01,-2.0,30.0,-60.0,2023-02-26,2023-02-23,2023-02-26,1140.0,Y
RSENH42TY,RSEN H4陶瓷座                                                  ,A01,-1.0,70.0,-70.0,2024-04-26,2024-03-27,2024-04-26,715.0,Y
PYRAMIDGVFVR,美國原裝水箱清洗劑                                                   ,A01,-1.0,70.0,-70.0,,2021-07-02,2021-07-02,1744.0,Y
WF0096NTD,WF-0096三插孔                                                  ,A01,-1.0,70.0,-70.0,2021-06-26,2022-01-12,2022-01-12,1550.0,Y
DEW32,鐵桿３段式開關                                                     ,A01,-3.0,25.0,-75.0,,2023-01-06,2023-01-06,1191.0,Y
SF014,通用型固定扣                                                      ,A01,-2.0,40.0,-80.0,,2021-03-08,2021-03-08,1860.0,Y
DIYEUW,DIY隔音條                                                      ,A01,-1.0,80.0,-80.0,,2023-01-17,2023-01-17,1180.0,Y
RSENT104R,RSEN T10 LED 4晶燈泡                                           ,A01,-1.0,80.0,-80.0,2023-02-03,,2023-02-03,1163.0,Y
LP081UCE,LP-081煙灰缸                                                   ,A01,-1.0,80.0,-80.0,2024-01-26,,2024-01-26,806.0,Y
TIDARUV,TIDA機油芯                                                     ,A01,-2.0,40.0,-80.0,,2024-02-02,2024-02-02,799.0,Y
6YQD,6字牌框                                                        ,A01,-1.0,80.0,-80.0,,2024-02-20,2024-02-20,781.0,Y
PNSTK3072-12,72顆LED車內閱讀燈                                                 ,A01,-1.0,80.0,-80.0,2023-12-05,2024-08-27,2024-08-27,592.0,Y
GV2Y,雙芯燈座                                                        ,A01,-6.0,15.0,-90.0,,2021-08-11,2021-08-11,1704.0,Y
WU1M,胎壓表圓                                                        ,A01,-1.0,90.0,-90.0,,2023-03-22,2023-03-22,1116.0,Y
VBDC1XWU,向日葵環保輪胎油[車牌]                                              ,A01,-1.0,90.0,-90.0,2020-06-03,2021-02-18,2021-02-18,1878.0,Y
9080GAR,NO-90803M雙面膠                                                ,A01,-3.0,30.0,-90.0,2021-02-08,2021-10-21,2021-10-21,1633.0,Y
CNQD,黑色牌框                                                        ,A01,-1.0,90.0,-90.0,,2020-10-10,2020-10-10,2009.0,Y
H00864,5ZIGEN                                                      ,A01,-3.0,30.0,-90.0,2023-03-03,2023-03-09,2023-03-09,1129.0,Y
RSEN90062TY,R[車牌]陶瓷座                                                ,A01,-1.0,90.0,-90.0,2023-02-26,2022-11-02,2023-02-26,1140.0,Y
CARGTUV,CAR煞車油(小)                                                   ,A01,-1.0,90.0,-90.0,2025-02-26,2025-02-07,2025-02-26,409.0,Y
GN131ZEW5,GN-131反光貼紙                                                  ,A01,-3.0,30.0,-90.0,,2023-05-30,2023-05-30,1047.0,Y
FA005,FA-005多功能止滑墊                                                ,A01,-1.0,90.0,-90.0,2020-08-06,,2020-08-06,2074.0,Y
PNSS15,PNS-S15鋁合金車充/安全錘2USB 3.1A黑色                                 ,A01,-1.0,90.0,-90.0,2020-04-29,,2020-04-29,2173.0,Y
DA0FCW,卡夢安全護套                                                      ,A01,-1.0,95.0,-95.0,2025-03-06,,2025-03-06,401.0,Y
PNSPKM03,機車專用手機架4.5-5.5吋                                             ,A01,-1.0,100.0,-100.0,2023-05-09,,2023-05-09,1068.0,Y
PNSS12,PNS-s12 2合一點煙煙器插孔+2USB3.1A車充                                ,A01,-1.0,100.0,-100.0,2020-08-19,2021-03-08,2021-03-08,1860.0,Y
SL-702GXGWV,SL-702手拉式天線                                                 ,A01,-1.0,100.0,-100.0,,2023-08-18,2023-08-18,967.0,Y
PL55A5W,PL-55面紙套                                                    ,A01,-1.0,100.0,-100.0,,2021-06-22,2021-06-22,1754.0,Y
ZEW51.0,反光貼紙1.0                                                     ,A01,-1.0,100.0,-100.0,,2022-01-08,2022-01-08,1554.0,Y
T10506FHUD2,T10 506七彩遙控燈                                                ,A01,-1.0,100.0,-100.0,2023-04-07,2024-04-06,2024-04-06,735.0,Y
ZXQH12Q,菲利浦 H1 55W燈泡                                                ,A01,-2.0,50.0,-100.0,2022-11-24,2020-08-04,2022-11-24,1234.0,Y
GEJMVG,水果物語香水                                                      ,A01,-1.0,100.0,-100.0,2022-05-26,,2022-05-26,1416.0,Y
NGKBKR5E,NGK BKR5E火星塞                                                ,A01,-1.0,100.0,-100.0,2022-04-02,2022-04-02,2022-04-02,1470.0,Y
Q2WW,排檔頭套                                                        ,A01,-1.0,100.0,-100.0,,2024-02-20,2024-02-20,781.0,Y
UV2M11N,音響電源一變4                                                     ,A01,-1.0,100.0,-100.0,,2021-06-30,2021-06-30,1746.0,Y
SF0012,SF-00122頂蓬通用型固定扣                                            ,A01,-2.0,50.0,-100.0,2021-12-08,2023-10-30,2023-10-30,894.0,Y
H7EA2T2TY,H7公母對接陶瓷大燈插座入(2入)                                           ,A01,-1.0,100.0,-100.0,2021-01-07,,2021-01-07,1920.0,Y
VAXDFV,西米露(331)空氣芯                                                 ,A01,-1.0,100.0,-100.0,,2021-07-15,2021-07-15,1731.0,Y
LW-P001,置物架                                                         ,A01,-1.0,100.0,-100.0,,2024-03-04,2024-03-04,768.0,Y
20252T,2025電池                                                      ,A01,-5.0,22.0,-110.0,,2024-09-20,2024-09-20,568.0,Y
HY898,HY-898手煞車護套                                                 ,A01,-2.0,55.0,-110.0,2023-08-03,2025-02-19,2025-02-19,416.0,Y
LY520CGR,LY-520後視鏡                                                   ,A01,-1.0,110.0,-110.0,2021-03-26,,2021-03-26,1842.0,Y
T09GRR,T09手機出風口手機架                                                 ,A01,-1.0,120.0,-120.0,2023-07-15,2024-01-06,2024-01-06,826.0,Y
CY908GGTW,Cy-908手煞車套                                                  ,A01,-2.0,60.0,-120.0,,2021-01-23,2021-01-23,1904.0,Y
TAA068,手機架                                                         ,A01,-1.0,120.0,-120.0,,2022-08-26,2022-08-26,1324.0,Y
VBD1UFRR,向日葵柏油清潔劑                                                    ,A01,-2.0,60.0,-120.0,2022-04-26,2024-03-13,2024-03-13,759.0,Y
SPAGEGERDFV,SPAGE GEAR空氣芯                                               ,A01,-1.0,120.0,-120.0,,2022-03-07,2022-03-07,1496.0,Y
RSEN2W,RSEN2l3陶土                                                   ,A01,-1.0,120.0,-120.0,2022-11-24,2022-12-08,2022-12-08,1220.0,Y
KX212EF,TYPE-R頂高器                                                   ,A01,-1.0,120.0,-120.0,,2021-08-16,2021-08-16,1699.0,Y
PNSF405,PNS-F405椅背散熱風扇DC5V                                          ,A01,-1.0,120.0,-120.0,2020-06-23,2021-07-26,2021-07-26,1720.0,Y
SENFINECOQUYSU,德國SENFINECO噴油嘴牛油9977                                        ,A01,-1.0,120.0,-120.0,2020-05-28,2021-05-25,2021-05-25,1782.0,Y
1WW,補胎條                                                         ,A01,-3.0,40.0,-120.0,,2023-01-17,2023-01-17,1180.0,Y
FTX1QADD,平面汽車DD12V喇叭                                                 ,A01,-1.0,120.0,-120.0,,2023-11-09,2023-11-09,884.0,Y
X15U,鋁箔遮陽                                                        ,A01,-3.0,40.0,-120.0,,2021-07-02,2021-07-02,1744.0,Y
FUVE33MM,汽油箱蓋33MM                                                    ,A01,-1.0,130.0,-130.0,,2022-04-21,2022-04-21,1451.0,Y
YH6629,TYPER掛式面紙盒6629                                              ,A01,-1.0,130.0,-130.0,2021-06-02,2021-01-15,2021-06-02,1774.0,Y
J00352CMG,J0[車牌]4後雨刷                                              ,A01,-1.0,130.0,-130.0,2024-12-02,2024-11-07,2024-12-02,495.0,Y
J00356ZINGCMG,J0[車牌]GER後雨刷                                            ,A01,-1.0,130.0,-130.0,2022-01-11,2022-01-18,2022-01-18,1544.0,Y
2UW,點菸頭出線                                                       ,A01,-3.0,45.0,-135.0,2023-02-16,2023-08-18,2023-08-18,967.0,Y
302DTV,302快充線                                                      ,A01,-1.0,140.0,-140.0,2024-05-29,2024-05-24,2024-05-29,682.0,Y
3013.105V,301 3.1a蘋果+安卓線                                              ,A01,-1.0,140.0,-140.0,2022-01-22,2023-07-13,2023-07-13,1003.0,Y
593GUSBY,593雙USB一分三座載充(黑白)                                           ,A01,-1.0,140.0,-140.0,2021-03-26,2022-07-11,2022-07-11,1370.0,Y
POSEN22H,POSEN 22吋雨刷                                                 ,A01,-2.0,70.0,-140.0,,2021-01-09,2021-01-09,1918.0,Y
RSENVMC,RSEN 小圓弧                                                    ,A01,-4.0,35.0,-140.0,2023-05-26,,2023-05-26,1051.0,Y
K-STAR356MG,K-STAR356後雨刷                                                ,A01,-1.0,140.0,-140.0,,2021-02-08,2021-02-08,1888.0,Y
TAA053,安全帶便捷插銷-鋅合金                                                 ,A01,-1.0,142.0,-142.0,2024-10-08,2023-03-30,2024-10-08,550.0,Y
FN001NXJE,FN-001三菱碗公                                                  ,A01,-1.0,145.0,-145.0,2023-01-04,,2023-01-04,1193.0,Y
2Q22F,電瓶斷電器.                                                      ,A01,-1.0,150.0,-150.0,,2021-06-17,2021-06-17,1759.0,Y
V05822CMR,V-058大燈還原劑                                                  ,A01,-1.0,150.0,-150.0,,2020-11-14,2020-11-14,1974.0,Y
RSENHID90066000K2Q,R[車牌] 6000K燈泡                                           ,A01,-1.0,150.0,-150.0,2023-08-26,2023-08-22,2023-08-26,959.0,Y
XRW,拉圾桶                                                         ,A01,-1.0,150.0,-150.0,,2021-10-24,2021-10-24,1630.0,Y
SY56402UW,SY-5640點菸頭                                                  ,A01,-1.0,150.0,-150.0,,2023-01-13,2023-01-13,1184.0,Y
RF-LN01Q3XN,RF-LN05牌照螺絲                                                 ,A01,-1.0,150.0,-150.0,,2023-03-13,2023-03-13,1125.0,Y
50AP1VN,50A保險絲                                                      ,A01,-3.0,50.0,-150.0,2024-09-30,,2024-09-30,558.0,Y
XVDFV,領袖空氣芯                                                       ,A01,-1.0,150.0,-150.0,2021-01-18,2022-01-18,2022-01-18,1544.0,Y
PS-2016VTVXJ,PS-2016廂車行李網                                                ,A01,-1.0,150.0,-150.0,,2022-01-24,2022-01-24,1538.0,Y
WVXRV,天線連結線                                                       ,A01,-1.0,150.0,-150.0,,2023-08-18,2023-08-18,967.0,Y
05FCOUSUV,05FCOUS油芯                                                   ,A01,-1.0,150.0,-150.0,,2024-09-13,2024-09-13,575.0,Y
ZXDGT22,菲利卡煞車塑膠片                                                    ,A01,-3.0,50.0,-150.0,,2022-05-05,2022-05-05,1437.0,Y
PNSENA13,機械式手機架                                                      ,A01,-1.0,150.0,-150.0,2021-01-15,,2021-01-15,1912.0,Y
VWXN,吸鐵螺絲                                                        ,A01,-3.0,50.0,-150.0,,2022-05-11,2022-05-11,1431.0,Y
LD9VTRXFV,LD-9行車紀錄器線                                                  ,A01,-1.0,150.0,-150.0,2023-12-28,2024-01-13,2024-01-13,819.0,Y
VBDVATX200G,向日葵細目粗蠟 200G                                                ,A01,-4.0,38.0,-152.0,2022-04-26,2023-03-20,2023-03-20,1118.0,Y
YI280ZVR,YI-280光學UV防眩鏡                                               ,A01,-1.0,160.0,-160.0,2020-07-31,,2020-07-31,2080.0,Y
YH1382A2,YH-1383曼斗                                                   ,A01,-1.0,160.0,-160.0,2020-07-09,2020-08-12,2020-08-12,2068.0,Y
ABROGV5X,ABRO水箱止漏劑                                                   ,A01,-2.0,80.0,-160.0,2023-10-26,2024-01-20,2024-01-20,812.0,Y
E5NRRC,故障三腳架(盒)                                                    ,A01,-2.0,80.0,-160.0,2021-12-07,,2021-12-07,1586.0,Y
R5VG,精緻香水                                                        ,A01,-3.0,55.0,-165.0,2023-03-03,2023-05-04,2023-05-04,1073.0,Y
VBDQEFRR,向日葵皮革清潔劑                                                    ,A01,-3.0,55.0,-165.0,2021-10-26,2022-04-18,2022-04-18,1454.0,Y
YARISFMT,YARIS晴雨窗                                                    ,A01,-1.0,170.0,-170.0,,2020-08-12,2020-08-12,2068.0,Y
SENFINCEODFFRR,西德SENFINCEO空氣清潔劑9980                                        ,A01,-1.0,180.0,-180.0,2024-04-02,2025-01-21,2025-01-21,445.0,Y
ACDELCO2QFRR,ACDELCO碟盤清潔劑                                                ,A01,-1.0,180.0,-180.0,,2021-03-01,2021-03-01,1867.0,Y
SIENTAFMT,SIENTA晴雨窗                                                   ,A01,-1.0,180.0,-180.0,,2020-10-21,2020-10-21,1998.0,Y
RSEMBEMG18,RSEN軟骨雨刷 18吋                                                ,A01,-2.0,90.0,-180.0,2024-12-17,2020-10-15,2024-12-17,480.0,Y
T20Y,T20燈座                                                       ,A01,-9.0,20.0,-180.0,,2023-03-28,2023-03-28,1110.0,Y
ABROCRYXX,ABRO黃金棕梠乳蠟                                                  ,A01,-1.0,180.0,-180.0,2025-02-26,,2025-02-26,409.0,Y
TAD022WUWJGJVGF,TA-D022胎壓胎紋數位顯示器                                            ,A01,-1.0,180.0,-180.0,2022-04-19,2022-04-20,2022-04-20,1452.0,Y
OB59G1,OB-59門邊飾板                                                   ,A01,-1.0,189.0,-189.0,2023-07-10,2024-09-06,2024-09-06,582.0,Y
20162T,2016電池                                                      ,A01,-7.0,27.0,-189.0,2022-07-26,2023-10-05,2023-10-05,919.0,Y
VBDVRW1CR,向日葵橡膠條還原劑                                                   ,A01,-5.0,38.0,-190.0,,2023-05-25,2023-05-25,1052.0,Y
LEDGEF,LED 閃光器                                                     ,A01,-1.0,190.0,-190.0,2022-09-01,2022-06-13,2022-09-01,1318.0,Y
WISH-2,WISH耳朵                                                      ,A01,-2.0,100.0,-200.0,,2023-03-31,2023-03-31,1107.0,Y
CW08XWFVG,CW-08輪胎刷                                                    ,A01,-1.0,200.0,-200.0,,2021-02-10,2021-02-10,1886.0,Y
XW1E,輪胎補胎                                                        ,A01,-2.0,100.0,-200.0,2023-05-19,2023-05-19,2023-05-19,1058.0,Y
PNSS069U11GRR,PNS-S069儀表板手機架                                              ,A01,-2.0,100.0,-200.0,2023-08-10,,2023-08-10,975.0,Y
RV81CGR2T,RV81後視鏡電池                                                   ,A01,-1.0,200.0,-200.0,,2021-04-16,2021-04-16,1821.0,Y
A094,A094方向盤套                                                    ,A01,-2.0,100.0,-200.0,2021-01-15,2025-04-02,2025-04-02,374.0,Y
PNSE013,90度Android線頭                                                ,A01,-2.0,100.0,-200.0,2021-09-13,2020-10-12,2021-09-13,1671.0,Y
QXA-CGRDFL,波羅蜜爾(L)後視鏡烤漆                                                ,A01,-1.0,200.0,-200.0,2022-10-14,,2022-10-14,1275.0,Y
52R,照地鏡 6吋附桿                                                    ,A01,-1.0,200.0,-200.0,2023-08-26,,2023-08-26,959.0,Y
RSENH13000K2Q,RSEN H1 3000K燈泡                                             ,A01,-1.0,200.0,-200.0,2023-04-12,2023-04-06,2023-04-12,1095.0,Y
ABT-E094,車門防撞語音警報器                                                   ,A01,-1.0,200.0,-200.0,,2024-05-24,2024-05-24,687.0,Y
H8222Q,H8大燈燈泡                                                      ,A01,-4.0,50.0,-200.0,,2024-03-01,2024-03-01,771.0,Y
ABROFTDW,ABRO汽車空調清潔劑                                                 ,A01,-1.0,200.0,-200.0,,2021-05-12,2021-05-12,1795.0,Y
SF0035AD,SF-0035門扣                                                   ,A01,-5.0,40.0,-200.0,2023-07-25,2024-03-19,2024-03-19,753.0,Y
VVXN,星形螺絲                                                        ,A01,-2.0,100.0,-200.0,,2024-03-11,2024-03-11,761.0,Y
SP5089Q5XN,SP-5089牌照螺絲                                                 ,A01,-2.0,105.0,-210.0,2021-06-26,,2021-06-26,1750.0,Y
2015RAV4TA1E2,[車牌]4長毛避光墊                                               ,A01,-1.0,210.0,-210.0,,2024-04-25,2024-04-25,716.0,Y
PNSTPC001,PNS-TPC001夜光停車牌                                             ,A01,-3.0,70.0,-210.0,,2020-08-26,2020-08-26,2054.0,Y
01XGFMG,01菱帥晴雨窗(兩片)                                                 ,A01,-1.0,210.0,-210.0,,2022-05-27,2022-05-27,1415.0,Y
HY889Q2CW,HY-889排檔桿護套                                                 ,A01,-3.0,70.0,-210.0,,2022-07-11,2022-07-11,1370.0,Y
KR104LZVQW,KR-10 4L方向盤套                                                ,A01,-1.0,220.0,-220.0,2021-11-08,,2021-11-08,1615.0,Y
01XGTA1E2,01菱帥長毛避光墊                                                   ,A01,-1.0,220.0,-220.0,2023-02-26,,2023-02-26,1140.0,Y
106USB6.1A,106 6.1AUSB插頭                                               ,A01,-1.0,220.0,-220.0,2020-12-17,2021-01-23,2021-01-23,1904.0,Y
12AY25TA1E2,12馬自達5長毛避光墊                                                 ,A01,-1.0,220.0,-220.0,2024-03-27,2024-12-31,2024-12-31,466.0,Y
A12XDIYGW,門邊鍍洛DIY飾條                                                   ,A01,-1.0,220.0,-220.0,,2021-01-19,2021-01-19,1908.0,Y
SMD60LED,SMD 60 LED燈條                                                ,A01,-1.5,150.0,-225.0,,2021-09-10,2021-09-10,1674.0,Y
VA7879CMG11H,VA-7879 11吋後雨刷                                              ,A01,-1.0,225.0,-225.0,2022-02-26,,2022-02-26,1505.0,Y
SAMGR,奈米雨刷精                                                       ,A01,-5.0,45.0,-225.0,,2020-12-29,2020-12-29,1929.0,Y
KY-227-CUX1,KY-227煞車二合一喇叭                                               ,A01,-1.0,230.0,-230.0,,2024-04-17,2024-04-17,724.0,Y
UADWVJZVQW,優馬克碳纖微方向盤套                                                  ,A01,-1.0,230.0,-230.0,2022-04-26,,2022-04-26,1446.0,Y
PNSSW003,真皮黑色紅邊 打孔透氣防滑方向盤套                                           ,A01,-1.0,240.0,-240.0,2021-12-29,2022-01-30,2022-01-30,1532.0,Y
KH-8281WERY,KH-828補胎工具組                                                 ,A01,-2.0,120.0,-240.0,,2024-06-14,2024-06-14,666.0,Y
AL578USB,AL-578 USB插頭                                                ,A01,-3.0,80.0,-240.0,2021-06-26,,2021-06-26,1750.0,Y
RSEN39MMCARMS,RSEN 39MM CARMS室內燈                                          ,A01,-2.0,120.0,-240.0,2023-02-03,,2023-02-03,1163.0,Y
PNST1070202Q,T10-[車牌]燈泡                                              ,A01,-2.0,120.0,-240.0,,2023-04-12,2023-04-12,1095.0,Y
TAXZUW,超魔力隔音條                                                      ,A01,-2.0,120.0,-240.0,,2023-01-17,2023-01-17,1180.0,Y
INNONAFMT2Q,INNONA(2片)晴雨窗                                               ,A01,-1.0,240.0,-240.0,,2022-07-06,2022-07-06,1375.0,Y
07COLTPLUSTA1E2,07COLT PLUS長毛避光墊                                            ,A01,-1.0,240.0,-240.0,,2022-07-18,2022-07-18,1363.0,Y
2XGW,鍍洛門邊飾條                                                      ,A01,-3.0,80.0,-240.0,2020-10-06,2024-11-19,2024-11-19,508.0,Y
AL22751R,AL-2275後座杯架                                                 ,A01,-2.0,120.0,-240.0,,2022-03-19,2022-03-19,1484.0,Y
PNSHD05,PND-HD058 7-8吋手機架                                           ,A01,-2.0,120.0,-240.0,2020-05-05,,2020-05-05,2167.0,Y
BD0907GQW1,BD-0907手排踏板                                                 ,A01,-3.0,80.0,-240.0,2021-08-26,,2021-08-26,1689.0,Y
QGW,噴水頭                                                         ,A01,-1.0,250.0,-250.0,,2021-11-12,2021-11-12,1611.0,Y
1UF1A,變壓器1A                                                       ,A01,-1.0,250.0,-250.0,,2023-08-18,2023-08-18,967.0,Y
1VNYTG,保險絲座插式                                                      ,A01,-10.0,25.0,-250.0,,2023-01-06,2023-01-06,1191.0,Y
97RWCGR,97堅達後視鏡                                                     ,A01,-1.0,250.0,-250.0,,2024-06-19,2024-06-19,661.0,Y
XWW5,輪胎貼紙                                                        ,A01,-1.0,250.0,-250.0,,2021-02-02,2021-02-02,1894.0,Y
3MW5,3M貼紙                                                        ,A01,-1.0,250.0,-250.0,,2021-02-02,2021-02-02,1894.0,Y
CHY889N,CHY-889鎖                                                    ,A01,-1.0,250.0,-250.0,2020-12-17,2022-04-18,2022-04-18,1454.0,Y
GT0831RW1,GT-0831腳踏板                                                  ,A01,-1.0,250.0,-250.0,,2022-09-14,2022-09-14,1305.0,Y
XB374RW1,XB-374腳踏板                                                   ,A01,-1.0,250.0,-250.0,,2021-05-31,2021-05-31,1776.0,Y
JS03315,尾翼燈                                                         ,A01,-1.0,250.0,-250.0,,2021-12-02,2021-12-02,1591.0,Y
JXU1,威力油杯                                                        ,A01,-1.0,250.0,-250.0,2022-02-23,,2022-02-23,1508.0,Y
01XGXFXJ,01菱帥冷氣濾網                                                    ,A01,-1.0,250.0,-250.0,,2025-02-15,2025-02-15,420.0,Y
J00345,j0[車牌]A後雨刷                                              ,A01,-2.0,130.0,-260.0,2024-10-05,2025-03-24,2025-03-24,383.0,Y
ABROHUR,ABRO 柴油精                                                    ,A01,-2.0,130.0,-260.0,,2024-06-13,2024-06-13,667.0,Y
PNSCT001CTTWTX,星球磁鐵窗簾                                                      ,A01,-2.0,130.0,-260.0,,2022-10-27,2022-10-27,1262.0,Y
PNSHDF26,夾扣式出風口手機架                                                   ,A01,-2.0,140.0,-280.0,2021-07-13,2022-11-01,2022-11-01,1257.0,Y
FCGYXN,FC-水鑽牌照螺絲                                                   ,A01,-4.0,70.0,-280.0,2021-12-07,,2021-12-07,1586.0,Y
FIESTA5MMG,FIESTA 26/15專用雨刷                                            ,A01,-1.0,280.0,-280.0,,2025-03-29,2025-03-29,378.0,Y
J2WV2,屋頂天線(短)                                                     ,A01,-4.0,70.0,-280.0,2024-06-26,2023-08-10,2024-06-26,654.0,Y
K16TR11CVN,K16TR11火星塞                                                  ,A01,-4.0,70.0,-280.0,,2021-05-15,2021-05-15,1792.0,Y
ZXDLFJ1G,菲力卡(L前)外把手                                                  ,A01,-1.0,280.0,-280.0,,2023-06-14,2023-06-14,1032.0,Y
HY889,HY-889鑰匙圈                                                   ,A01,-2.0,145.0,-290.0,,2021-06-23,2021-06-23,1753.0,Y
2UFY4.8A,點煙座 4.8A 12V 1+2+1 NIKE                                     ,A01,-1.0,290.0,-290.0,2024-04-11,2024-05-07,2024-05-07,704.0,Y
VA62FMTF,喜美六代(前)晴雨窗                                                  ,A01,-1.0,300.0,-300.0,,2023-05-20,2023-05-20,1057.0,Y
XXTA1E2,菱利長毛避光墊                                                     ,A01,-1.0,300.0,-300.0,,2023-03-16,2023-03-16,1122.0,Y
T20N,觸控暗鎖                                                        ,A01,-1.0,300.0,-300.0,,2023-03-04,2023-03-04,1134.0,Y
V2STAEFTA1E2,現代 STAEF長毛避光墊                                               ,A01,-1.0,300.0,-300.0,2023-09-05,,2023-09-05,949.0,Y
01ALTIS5MW2,01ALTIS專用踏墊                                                 ,A01,-1.0,300.0,-300.0,2022-01-22,2024-02-27,2024-02-27,774.0,Y
CWTGXCMR,黑頭車朔料還原劑                                                    ,A01,-3.0,100.0,-300.0,2023-07-25,,2023-07-25,991.0,Y
RSENHIDRAF,RSEN HID解碼器                                                 ,A01,-2.0,150.0,-300.0,2021-08-26,2021-11-10,2021-11-10,1613.0,Y
RSENH116000K,RSEB H11 6000K HID燈泡                                        ,A01,-2.0,150.0,-300.0,2025-02-26,2025-02-10,2025-02-26,409.0,Y
L2Q7TA1E2,奧迪Q7長毛避光墊                                                   ,A01,-1.0,300.0,-300.0,,2021-11-10,2021-11-10,1613.0,Y
T313HCRCAX,T-313磁護級三合一護膜                                               ,A01,-1.0,300.0,-300.0,2021-06-26,2021-06-28,2021-06-28,1748.0,Y
VBDQEE5CX,向日葵皮革光澤護蠟                                                   ,A01,-2.0,150.0,-300.0,2022-11-02,2022-11-10,2022-11-10,1248.0,Y
VIOS5MW2,VIOS專用踏墊                                                    ,A01,-1.0,300.0,-300.0,2023-08-01,,2023-08-01,984.0,Y
13ALTIS5MW2,13ALTIS專用踏墊                                                 ,A01,-1.0,300.0,-300.0,,2022-07-07,2022-07-07,1374.0,Y
NOID0118SND,NOID-01 18 SMD室內燈                                           ,A01,-2.0,150.0,-300.0,2022-06-27,2025-03-14,2025-03-14,393.0,Y
AL5003TY-CU,AL-5003車載二合一                                                ,A01,-2.0,150.0,-300.0,2021-06-26,2022-03-28,2022-03-28,1475.0,Y
VTRXFV2DE,行車紀錄器線帶開關                                                   ,A01,-2.0,150.0,-300.0,,2024-10-04,2024-10-04,554.0,Y
13TIDAFMT,13TIDA 晴雨窗                                                  ,A01,-1.0,300.0,-300.0,,2023-07-24,2023-07-24,992.0,Y
HINO5TTA1E2,HINO 5頓長毛避光墊                                                ,A01,-1.0,300.0,-300.0,,2023-02-16,2023-02-16,1150.0,Y
245122UW,24V轉12V點菸頭                                                  ,A01,-1.0,300.0,-300.0,,2023-02-16,2023-02-16,1150.0,Y
X2G0N,兩點式暗鎖                                                       ,A01,-1.0,300.0,-300.0,,2020-09-07,2020-09-07,2042.0,Y
GN152EF,GN-15雨刷頂高器                                                  ,A01,-4.0,75.0,-300.0,,2022-10-11,2022-10-11,1278.0,Y
GUNKFUR,GUNK汽油精                                                     ,A01,-2.0,150.0,-300.0,,2023-06-19,2023-06-19,1027.0,Y
RVFFMT,進行曲晴雨窗                                                      ,A01,-1.0,300.0,-300.0,,2023-11-10,2023-11-10,883.0,Y
ABRO1WR,ABRO補胎劑                                                     ,A01,-2.0,150.0,-300.0,,2022-01-30,2022-01-30,1532.0,Y
VBD1WFRR,向日葵電鍍亮光清潔劑                                                  ,A01,-8.0,38.0,-304.0,,2023-03-31,2023-03-31,1107.0,Y
PNSAHY295,電子式煙灰缸                                                      ,A01,-2.0,160.0,-320.0,,2022-02-26,2022-02-26,1505.0,Y
RSENX1,RSEN喇叭                                                      ,A01,-2.0,160.0,-320.0,,2023-01-09,2023-01-09,1188.0,Y
10WISHFMT,10WISH晴雨窗                                                   ,A01,-2.0,160.0,-320.0,,2020-12-03,2020-12-03,1955.0,Y
ZEROVRMG21H,ZERO矽膠雨刷21吋                                                 ,A01,-1.0,325.0,-325.0,2022-02-09,,2022-02-09,1522.0,Y
05AY2FMT,05馬自達晴雨窗                                                    ,A01,-2.0,170.0,-340.0,,2022-11-24,2022-11-24,1234.0,Y
PNSS25,S25功率三孔插座四USB4.8A                                           ,A01,-2.0,170.0,-340.0,2020-07-31,2024-03-21,2024-03-21,751.0,Y
KY8210J2,KY-8210霧燈                                                   ,A01,-1.0,350.0,-350.0,,2021-12-27,2021-12-27,1566.0,Y
12VAMG,八代喜美專用雨刷                                                    ,A01,-1.0,350.0,-350.0,,2023-01-10,2023-01-10,1187.0,Y
N1MUX1,N1語音喇叭                                                      ,A01,-1.0,350.0,-350.0,2023-01-11,2023-08-01,2023-08-01,984.0,Y
TA-E015,汽車循環扇                                                       ,A01,-1.0,350.0,-350.0,,2024-07-18,2024-07-18,632.0,Y
VUFMT,雄鷹晴雨窗                                                       ,A01,-1.0,350.0,-350.0,2024-10-05,2022-11-03,2024-10-05,553.0,Y
C804USBTY,C80 4USB插座                                                  ,A01,-1.0,350.0,-350.0,,2021-06-19,2021-06-19,1757.0,Y
KY8210XYJ2,KY-8210藍鑽霧燈                                                 ,A01,-1.0,350.0,-350.0,,2022-11-10,2022-11-10,1248.0,Y
96R2FMT,96堅達晴雨窗                                                     ,A01,-1.0,350.0,-350.0,,2022-11-01,2022-11-01,1257.0,Y
2TFW,電池鉛頭轉式                                                      ,A01,-7.0,50.0,-350.0,2022-12-12,,2022-12-12,1216.0,Y
TYPERH16CR2Q,TYPE-R H16黃金燈泡                                              ,A01,-1.0,350.0,-350.0,,2025-02-14,2025-02-14,421.0,Y
WJD,拖車勾                                                         ,A01,-1.0,350.0,-350.0,,2024-12-24,2024-12-24,473.0,Y
SL221WV,SL-221天線                                                    ,A01,-1.0,350.0,-350.0,,2023-08-18,2023-08-18,967.0,Y
3DXWQD,3D立體牌框                                                      ,A01,-1.0,350.0,-350.0,,2023-04-01,2023-04-01,1106.0,Y
SP5504QFE,SP-5504排氣管                                                  ,A01,-1.0,350.0,-350.0,,2023-08-01,2023-08-01,984.0,Y
PNSHDF17,飛機款出風口重力手機架                                                 ,A01,-2.0,180.0,-360.0,2021-07-26,2024-07-06,2024-07-06,644.0,Y
CUWRV15,護腰墊機械式編織                                                    ,A01,-2.0,180.0,-360.0,2023-10-26,,2023-10-26,898.0,Y
PNSS182USB,四合一3.1A 2USB點煙器                                             ,A01,-2.0,180.0,-360.0,2023-08-28,2021-11-13,2023-08-28,957.0,Y
TJ6185J2,TJ-618置物袋                                                   ,A01,-3.0,125.0,-375.0,,2024-01-06,2024-01-06,826.0,Y
RFLN01Q5XN,RF-LN01牌照螺絲                                                 ,A01,-5.0,75.0,-375.0,,2024-12-11,2024-12-11,486.0,Y
ABT-A123,碳纖魂動-安全帶護套                                                  ,A01,-2.0,190.0,-380.0,2023-04-06,,2023-04-06,1101.0,Y
C55AWFTR,黑珍珠毛毯清潔劑                                                    ,A01,-3.0,128.0,-384.0,2021-11-04,2022-11-24,2022-11-24,1234.0,Y
MIO65R,MIO 6後視鏡支架                                                  ,A01,-1.0,385.0,-385.0,2022-09-29,,2022-09-29,1290.0,Y
POSENSD2246*20,POSEN 黏扣帶[車牌]*20cm                                         ,A01,-7.0,55.0,-385.0,,2023-04-01,2023-04-01,1106.0,Y
GN757,立體卡夢貼紙                                                      ,A01,-11.0,35.0,-385.0,,2022-08-05,2022-08-05,1345.0,Y
KY762BV2,KT-762日型燈                                                   ,A01,-1.0,390.0,-390.0,,2021-02-02,2021-02-02,1894.0,Y
PS253F25U,PS-253前檔遮陽                                                  ,A01,-5.0,78.0,-390.0,,2021-06-15,2021-06-15,1761.0,Y
KY359FE,KY-359旗桿                                                    ,A01,-3.0,130.0,-390.0,2021-11-04,2021-10-29,2021-11-04,1619.0,Y
VUDFV,雄鷹空氣芯                                                       ,A01,-2.0,200.0,-400.0,2022-10-27,2024-01-18,2024-01-18,814.0,Y
H4LED181E,H4 LED 18W直上機車燈泡                                            ,A01,-2.0,200.0,-400.0,,2022-05-27,2022-05-27,1415.0,Y
2TBB,倒車BIBI                                                      ,A01,-4.0,100.0,-400.0,,2024-12-19,2024-12-19,478.0,Y
500RTCW,[車牌]救車線(銅)                                                 ,A01,-4.0,100.0,-400.0,,2024-07-18,2024-07-18,632.0,Y
02EAXCGRQL,02冠美麗(L)原廠鏡片                                                ,A01,-1.0,400.0,-400.0,2023-08-07,2023-08-07,2023-08-07,978.0,Y
05VIOSCGRQR,05VIOS後視鏡片(R)                                               ,A01,-1.0,400.0,-400.0,,2024-07-10,2024-07-10,640.0,Y
RSEN36MMCANBUS,RSEN 雙尖 36MM CANBUS                                         ,A01,-4.0,100.0,-400.0,2024-04-09,2022-01-11,2024-04-09,732.0,Y
X1E,喇叭蓋                                                         ,A01,-4.0,100.0,-400.0,,2023-08-10,2023-08-10,975.0,Y
RSENMGR,RSEN雨刷精                                                     ,A01,-6.0,70.0,-420.0,2020-07-26,2024-01-25,2024-01-25,807.0,Y
CARMATERUR,CARMATE機油精                                                  ,A01,-4.0,110.0,-440.0,2024-06-26,2024-02-02,2024-06-26,654.0,Y
10AY23TA1E2,10馬自達3長毛避光墊                                                 ,A01,-2.0,220.0,-440.0,2024-03-27,2022-11-26,2024-03-27,745.0,Y
VTRXFCGRV,後視鏡行車紀錄器架                                                   ,A01,-3.0,150.0,-450.0,,2024-03-04,2024-03-04,768.0,Y
05FCOUSDFV,05FCOU空氣芯                                                   ,A01,-1.0,450.0,-450.0,,2024-09-13,2024-09-13,575.0,Y
3DVXT5U1,3D休旅車遮陽板                                                    ,A01,-3.0,150.0,-450.0,2022-11-08,2022-07-14,2022-11-08,1250.0,Y
22EW2,大豆干踏墊                                                       ,A01,-6.0,75.0,-450.0,,2022-01-25,2022-01-25,1537.0,Y
ABTA106,牛皮碳纖維玩命關頭                                                   ,A01,-1.0,450.0,-450.0,2021-03-18,2021-08-26,2021-08-26,1689.0,Y
GXGWV,手拉式天線                                                       ,A01,-3.0,150.0,-450.0,,2024-03-30,2024-03-30,742.0,Y
ESCAPEFMT,ESCAPE晴雨窗                                                   ,A01,-1.0,450.0,-450.0,2024-06-04,,2024-06-04,676.0,Y
DRG15CTFB,DRG(二入)避震器緩衝器/B                                             ,A01,-1.0,450.0,-450.0,,2024-09-11,2024-09-11,577.0,Y
10WISH5MW2,10WISH專用踏墊                                                  ,A01,-1.0,450.0,-450.0,2025-02-20,2025-02-19,2025-02-20,415.0,Y
ABTE072VVZVTF,ABT-E072小旋風手持無限吸塵器                                          ,A01,-1.0,450.0,-450.0,2023-06-20,2023-02-10,2023-06-20,1026.0,Y
7652FR,765打氣機                                                      ,A01,-1.0,450.0,-450.0,,2022-08-31,2022-08-31,1319.0,Y
N2G2YX1,四段式電子喇叭                                                     ,A01,-1.0,450.0,-450.0,2021-11-17,2022-08-30,2022-08-30,1320.0,Y
EAXDFV,冠美麗2.0空氣芯                                                   ,A01,-3.0,150.0,-450.0,,2024-12-27,2024-12-27,470.0,Y
M1VLY,M1方向盤底座                                                     ,A01,-1.0,450.0,-450.0,,2020-12-09,2020-12-09,1949.0,Y
JA-16VTF,JA-16吸塵器                                                    ,A01,-1.0,450.0,-450.0,,2024-01-10,2024-01-10,822.0,Y
RSENBEMG,RSEN軟骨雨刷 18吋                                                ,A01,-5.0,90.0,-450.0,,2023-09-27,2023-09-27,927.0,Y
VTTRFORTISXXQ,VTTR FORTIS來令片                                              ,A01,-1.0,450.0,-450.0,,2022-09-21,2022-09-21,1298.0,Y
RSENS25692V5R1,RSEN S25 69燈防快閃單芯正角白                                        ,A01,-1.0,450.0,-450.0,2023-03-27,2023-03-15,2023-03-27,1111.0,Y
M324LED2,M-3 24 LED日形燈                                               ,A01,-1.0,450.0,-450.0,,2021-03-20,2021-03-20,1848.0,Y
PCBCT2B,PCB 38mm緩衝墊                                                 ,A01,-1.0,450.0,-450.0,,2020-12-22,2020-12-22,1936.0,Y
VIOSDFV,VIOS空氣芯                                                     ,A01,-3.0,150.0,-450.0,,2024-12-17,2024-12-17,480.0,Y
PNSS312018,TOYOTA全車系USB升級套件                                            ,A01,-1.0,450.0,-450.0,2021-12-29,2024-08-27,2024-08-27,592.0,Y
RSEND1S8000K,RSEN D1S 8000K燈泡                                            ,A01,-1.0,450.0,-450.0,2025-02-26,2024-03-06,2025-02-26,409.0,Y
FTCGRZEQ,汽車後視鏡反光貼片                                                   ,A01,-4.0,117.0,-468.0,2023-07-30,2023-07-31,2023-07-31,985.0,Y
NR1MY2,冰玉四角座墊                                                      ,A01,-4.0,120.0,-480.0,,2022-03-15,2022-03-15,1488.0,Y
GVXJ,水箱鋁網                                                        ,A01,-2.0,240.0,-480.0,2025-03-14,2022-08-19,2025-03-14,393.0,Y
REVXTT5,佳固休旅車車罩                                                     ,A01,-1.0,480.0,-480.0,2022-04-11,,2022-04-11,1461.0,Y
ERC2XZVQU,ERC進口動力方向盤油                                                 ,A01,-7.0,70.0,-490.0,,2025-02-08,2025-02-08,427.0,Y
AY25FMT,馬自達5晴雨窗                                                     ,A01,-2.0,250.0,-500.0,,2022-11-24,2022-11-24,1234.0,Y
ES122VG,ES-122香水                                                    ,A01,-4.0,125.0,-500.0,,2022-12-23,2022-12-23,1205.0,Y
USBGTV,USB輸出線                                                      ,A01,-1.0,500.0,-500.0,2023-11-08,2025-03-13,2025-03-13,394.0,Y
SP5510,SP-5510排氣管                                                  ,A01,-2.0,250.0,-500.0,,2023-08-01,2023-08-01,984.0,Y
BGWGE,1998瑞獅鐵水管                                                   ,A01,-1.0,500.0,-500.0,,2020-08-06,2020-08-06,2074.0,Y
OM1882Y,OM-188底座(日本)                                                ,A01,-1.0,500.0,-500.0,,2020-10-22,2020-10-22,1997.0,Y
VZVW,先鋒線頭                                                        ,A01,-1.0,500.0,-500.0,,2020-11-12,2020-11-12,1976.0,Y
LEDRG2,LED警示燈                                                      ,A01,-1.0,500.0,-500.0,2023-03-04,2022-01-08,2023-03-04,1134.0,Y
CYTQ,後座餐盤                                                        ,A01,-2.0,250.0,-500.0,,2021-07-06,2021-07-06,1740.0,Y
CLA250CZFE2E,CLA250防傾桿(後)工資                                              ,A01,-1.0,500.0,-500.0,,2020-11-13,2020-11-13,1975.0,Y
J00341CMG,J0[車牌]後雨刷                                               ,A01,-4.0,130.0,-520.0,2023-10-18,2022-02-10,2023-10-18,906.0,Y
PNSFB001,磁吸面紙盒 碳纖維黑色                                                 ,A01,-1.0,520.0,-520.0,2024-08-13,2023-08-01,2024-08-13,606.0,Y
RSEN61,RSEN-61方向盤套(黑藍)                                             ,A01,-3.0,180.0,-540.0,,2025-01-06,2025-01-06,460.0,Y
AFL5050FH,[車牌]12七彩LED                                             ,A01,-5.0,108.0,-540.0,2023-07-04,2024-10-14,2024-10-14,544.0,Y
HY-555GGNTW,HY-555時尚賽車座墊                                                ,A01,-1.0,550.0,-550.0,,2022-12-31,2022-12-31,1197.0,Y
VBDVTR,向日葵洗車精[車牌]                                                ,A01,-5.0,110.0,-550.0,2022-11-02,2020-11-06,2022-11-02,1256.0,Y
NCUZAF,KY-229三合一蜂鳴器                                                ,A01,-2.0,280.0,-560.0,,2021-10-08,2021-10-08,1646.0,Y
PNS-HDF39-GRUCRJFN1,記憶合金可彎曲手機架-三倍重力手機'                                          ,A01,-2.0,280.0,-560.0,2024-05-28,,2024-05-28,683.0,Y
PNS003,黑色 真皮方向盤套                                                   ,A01,-3.0,190.0,-570.0,2021-12-29,2022-09-07,2022-09-07,1312.0,Y
GN777QD,GN-777歐洲牌框                                                  ,A01,-2.0,285.0,-570.0,,2021-11-20,2021-11-20,1603.0,Y
ABTA0401R+GR,ABT A040伸縮手機架                                               ,A01,-3.0,200.0,-600.0,,2022-07-29,2022-07-29,1352.0,Y
PNSF6037TY,PNS-F6037三孔插座                                               ,A01,-5.0,120.0,-600.0,,2023-07-29,2023-07-29,987.0,Y
H15222Q,H15大燈燈泡                                                     ,A01,-1.0,600.0,-600.0,2020-11-27,,2020-11-27,1961.0,Y
7609QFE,7609排氣管                                                     ,A01,-2.0,300.0,-600.0,2021-10-26,2020-12-29,2021-10-26,1628.0,Y
XEV,冷光線-3公尺                                                     ,A01,-2.0,300.0,-600.0,,2021-03-10,2021-03-10,1858.0,Y
RSEN4.352,RSEN 4.3吋折疊電視                                               ,A01,-1.0,600.0,-600.0,2023-01-04,2022-10-11,2023-01-04,1193.0,Y
UD0N,遙控暗鎖                                                        ,A01,-2.0,300.0,-600.0,,2021-04-01,2021-04-01,1836.0,Y
XGDFV,菱帥空氣芯                                                       ,A01,-4.0,150.0,-600.0,,2024-10-04,2024-10-04,554.0,Y
GVE1.12,水箱蓋1.1(大小頭)                                                 ,A01,-6.0,100.0,-600.0,2022-12-12,2023-06-28,2023-06-28,1018.0,Y
OBLRUR,OBL機油精                                                      ,A01,-2.0,300.0,-600.0,2024-03-01,2024-03-11,2024-03-11,761.0,Y
TAD013,象王5T千斤頂                                                     ,A01,-1.0,600.0,-600.0,2023-01-06,2022-08-16,2023-01-06,1191.0,Y
RSEN4.3H5X2G,RSEN 4.3吋直立式電視                                              ,A01,-1.0,600.0,-600.0,2022-10-26,,2022-10-26,1263.0,Y
2010ALTISXA,[車牌]IS添加冷媒                                               ,A01,-1.0,600.0,-600.0,,2023-04-13,2023-04-13,1094.0,Y
15FCOUSTA1E2,15FCOUS長毛避光墊                                                ,A01,-2.0,300.0,-600.0,,2024-01-13,2024-01-13,819.0,Y
PNSCP280P,太空梭打氣機280P三合一DC12V                                          ,A01,-2.0,310.0,-620.0,2022-11-29,2024-07-13,2024-07-13,637.0,Y
R1GEX,激撥水固體蠟                                                      ,A01,-2.0,320.0,-640.0,2023-01-04,,2023-01-04,1193.0,Y
4#2MW,4#電源頭                                                       ,A01,-32.0,20.0,-640.0,,2022-06-08,2022-06-08,1403.0,Y
99R1GX,99 激撥水細蠟                                                    ,A01,-2.0,320.0,-640.0,2022-03-29,2021-11-22,2022-03-29,1474.0,Y
CARW2,海馬腳踏板                                                       ,A01,-1.0,650.0,-650.0,,2024-12-12,2024-12-12,485.0,Y
R1S2X,R-1逆電流                                                      ,A01,-1.0,650.0,-650.0,,2022-10-28,2022-10-28,1261.0,Y
RSENZVQ,RSEN方向盤                                                     ,A01,-1.0,650.0,-650.0,2020-12-17,2020-12-09,2020-12-17,1941.0,Y
ABROTA1CQX,ABRO車身保護噴蠟                                                  ,A01,-5.0,130.0,-650.0,2021-01-07,2022-01-28,2022-01-28,1534.0,Y
500APRTV,[車牌]救車線                                                    ,A01,-3.0,220.0,-660.0,2021-03-18,2024-07-18,2024-07-18,632.0,Y
GN777R5QD,GN-777精緻牌框                                                  ,A01,-3.0,220.0,-660.0,,2023-04-01,2023-04-01,1106.0,Y
TAE026WVGGJ2FR,TA-E026提箱式數位打氣機位打氣機                                         ,A01,-1.0,683.0,-683.0,,2023-02-10,2023-02-10,1156.0,Y
15AY24QFMT,15馬自達3(四)晴雨窗                                                ,A01,-1.0,700.0,-700.0,2023-07-27,2023-08-14,2023-08-14,971.0,Y
15HXFE,15吋輪圈蓋                                                      ,A01,-2.0,350.0,-700.0,,2023-01-31,2023-01-31,1166.0,Y
RX15W40RU,巨力15W/40機油                                                  ,A01,-7.0,100.0,-700.0,,2021-12-10,2021-12-10,1583.0,Y
TIDADFV,TIDA空氣芯                                                     ,A01,-4.0,180.0,-720.0,,2024-02-02,2024-02-02,799.0,Y
05TEANACVN,05 TEANA 2.0火星塞                                             ,A01,-4.0,180.0,-720.0,2021-07-15,2022-11-25,2022-11-25,1233.0,Y
VYRXFVQ,行車記錄器吸盤                                                     ,A01,-6.0,120.0,-720.0,2023-10-26,2022-07-07,2023-10-26,898.0,Y
RSENBEMG24H,RSEN軟骨雨刷 24吋                                                ,A01,-8.0,90.0,-720.0,2021-11-12,2023-11-16,2023-11-16,877.0,Y
RSENBEMG14,RSEN軟骨雨刷 14吋                                                ,A01,-8.0,90.0,-720.0,2021-11-12,2022-08-31,2022-08-31,1319.0,Y
FTZEW5,汽車反光貼紙                                                      ,A01,-4.0,182.0,-728.0,2023-07-30,2023-07-31,2023-07-31,985.0,Y
ACP300XR,ACP-300藍鏡                                                   ,A01,-3.0,250.0,-750.0,2024-05-29,2023-10-10,2024-05-29,682.0,Y
HK800JGX1,HK-800 WRC渦式喇叭                                              ,A01,-4.0,190.0,-760.0,2022-01-18,2024-12-11,2024-12-11,486.0,Y
RSENT105R22U,RSEN T10 5晶定電壓二極體                                           ,A01,-7.0,110.0,-770.0,2022-01-26,2023-11-01,2023-11-01,892.0,Y
DAYL60XU2,DAYL-60超薄雙色LED白/黃                                           ,A01,-1.5,520.0,-780.0,2024-11-25,2024-08-27,2024-11-25,502.0,Y
NGKBKR5E11,NGK BKR5E-11火星賽                                             ,A01,-13.0,60.0,-780.0,,2022-05-09,2022-05-09,1433.0,Y
2DR,讀卡機                                                         ,A01,-4.0,199.0,-796.0,2024-05-22,2025-03-05,2025-03-05,402.0,Y
H7LED3N,H7 LED 3色                                                   ,A01,-1.0,800.0,-800.0,2023-07-28,2023-07-26,2023-07-28,988.0,Y
XW2J,輪胎定位                                                        ,A01,-2.0,400.0,-800.0,2023-10-27,2023-10-27,2023-10-27,897.0,Y
12VAXWNEY,八代喜美龍頭鎖拆裝工資                                                 ,A01,-1.0,800.0,-800.0,,2022-04-06,2022-04-06,1466.0,Y
VMT1+C,小魚叉(白+黃)                                                    ,A01,-1.0,800.0,-800.0,,2021-02-06,2021-02-06,1890.0,Y
WF0306TW,WF-0306三孔插頭                                                 ,A01,-5.0,160.0,-800.0,2020-08-27,2021-10-26,2021-10-26,1628.0,Y
POSEN18H,POSEN 18吋雨刷                                                 ,A01,-14.0,60.0,-840.0,2022-03-29,2023-10-27,2023-10-27,897.0,Y
POSEN20H,POSEN 20吋雨刷                                                 ,A01,-12.5,70.0,-875.0,,2024-01-18,2024-01-18,814.0,Y
G1RCVN,雙白金火星塞                                                      ,A01,-4.0,220.0,-880.0,,2020-12-04,2020-12-04,1954.0,Y
DL1208X1,DL-1208喇叭                                                   ,A01,-2.0,450.0,-900.0,,2022-10-05,2022-10-05,1284.0,Y
05AYW3F1E,05馬自達3前保桿                                                   ,A01,-1.0,900.0,-900.0,2020-10-20,2022-11-26,2022-11-26,1232.0,Y
VIOSFMT,VIOS晴雨窗                                                     ,A01,-3.0,300.0,-900.0,2023-06-14,2023-06-13,2023-06-14,1032.0,Y
1VNY,圓保險絲座                                                       ,A01,-9.0,100.0,-900.0,2020-12-08,2025-04-02,2025-04-02,374.0,Y
2XDFMT,得利卡晴雨窗                                                      ,A01,-2.0,450.0,-900.0,2024-02-20,2024-02-21,2024-02-21,780.0,Y
2013GOLFFMGXQ,[車牌]F(兩片)晴雨窗                                             ,A01,-1.0,900.0,-900.0,,2022-03-07,2022-03-07,1496.0,Y
A10BV2,A-10日型燈                                                     ,A01,-2.0,450.0,-900.0,2023-08-07,2023-03-17,2023-08-07,978.0,Y
H7OSARM222Q,H7PHILIPS黃金燈泡                                               ,A01,-5.0,180.0,-900.0,2023-04-12,,2023-04-12,1095.0,Y
ABTE035,炫彩空氣清淨機                                                     ,A01,-1.0,900.0,-900.0,2021-03-03,2023-02-10,2023-02-10,1156.0,Y
8852T2R,8852車頂架                                                     ,A01,-1.0,900.0,-900.0,2022-03-02,,2022-03-02,1501.0,Y
LHR201,5D透明墊                                                       ,A01,-2.0,450.0,-900.0,2021-03-26,2021-03-01,2021-03-26,1842.0,Y
1Y2T2R6-12V,6-12V半自動充電機                                                 ,A01,-1.0,950.0,-950.0,,2021-05-13,2021-05-13,1794.0,Y
DR0AZVQW,開吉按摩方向盤套(4L)                                                ,A01,-2.0,480.0,-960.0,2021-11-12,,2021-11-12,1611.0,Y
A15BV2,A-15日型燈                                                     ,A01,-4.0,240.0,-960.0,2020-10-14,2020-11-12,2020-11-12,1976.0,Y
8H2G12V,8吋電扇12V                                                     ,A01,-3.0,320.0,-960.0,2022-06-16,2022-05-09,2022-06-16,1395.0,Y
24VRG2LED,24V警示燈 LED                                                  ,A01,-1.0,980.0,-980.0,2024-11-23,,2024-11-23,504.0,Y
RSENBEMG22,RSEN軟骨雨刷 22吋                                                ,A01,-11.0,90.0,-990.0,2021-11-12,2022-08-31,2022-08-31,1319.0,Y
RSEB18BEMG,RSEN 軟骨雨刷 18                                                ,A01,-11.0,90.0,-990.0,2024-12-17,,2024-12-17,480.0,Y
V81GUVTRXFC,V81雙眼行車記錄器(後)                                               ,A01,-5.0,200.0,-1000.0,2021-06-03,2025-01-17,2025-01-17,449.0,Y
10WISHCW,10WISH(後)椅座椅套                                               ,A01,-1.0,1000.0,-1000.0,2025-01-02,2025-01-03,2025-01-03,463.0,Y
TET20,TE-T20高音喇叭                                                  ,A01,-2.0,500.0,-1000.0,,2023-01-15,2023-01-15,1182.0,Y
RSEND44300K,RSEN D4 4300K燈泡                                             ,A01,-2.0,500.0,-1000.0,2024-07-26,2024-07-04,2024-07-26,624.0,Y
ZV5D,方形中控                                                        ,A01,-2.0,500.0,-1000.0,,2022-12-28,2022-12-28,1200.0,Y
14HXE,14吋輪蓋                                                       ,A01,-2.0,500.0,-1000.0,2022-07-19,2022-09-06,2022-09-06,1313.0,Y
POSEN16H,POSEN 16吋雨刷                                                 ,A01,-14.5,70.0,-1015.0,,2022-07-12,2022-07-12,1369.0,Y
SR-348TY,SR-348(6.2A)有線開關+2孔插座                                       ,A01,-2.0,510.0,-1020.0,2022-10-13,2024-01-05,2024-01-05,827.0,Y
DAY2C,檜木坐墊(後)                                                     ,A01,-2.0,520.0,-1040.0,,2022-08-02,2022-08-02,1348.0,Y
ZINGERTA1E2,ZINGER長毛避光墊                                                 ,A01,-3.0,350.0,-1050.0,,2023-03-27,2023-03-27,1111.0,Y
ZINGER5MZG,ZINGER專用扶手                                                  ,A01,-1.0,1050.0,-1050.0,,2023-01-04,2023-01-04,1193.0,Y
D2ROSRAM4300K,D2R OR[車牌]K 燈泡                                           ,A01,-1.0,1100.0,-1100.0,,2023-08-25,2023-08-25,960.0,Y
AH64ZVQW,AH-64方向盤套                                                   ,A01,-4.0,280.0,-1120.0,,2024-02-08,2024-02-08,793.0,Y
ESCAPE22YPCUCR,ESCAPE 22YPC銥合金火星塞                                          ,A01,-4.0,280.0,-1120.0,,2020-10-26,2020-10-26,1993.0,Y
VUGQ2W,下壓式排檔頭                                                      ,A01,-4.0,280.0,-1120.0,2024-03-13,2024-07-23,2024-07-23,627.0,Y
ABT-390,空氣清淨機                                                       ,A01,-1.0,1150.0,-1150.0,,2022-07-29,2022-07-29,1352.0,Y
J00350CMG,J00350後雨刷                                                   ,A01,-9.0,130.0,-1170.0,2024-04-02,2024-04-01,2024-04-02,739.0,Y
A88EUX1,A-88美國高音喇叭                                                  ,A01,-1.0,1200.0,-1200.0,,2022-11-02,2022-11-02,1256.0,Y
AYW3DFV,馬自達3空氣芯                                                     ,A01,-6.0,200.0,-1200.0,2022-11-19,2023-12-29,2023-12-29,834.0,Y
KY228MUX1,KY-228語音喇叭                                                  ,A01,-2.0,630.0,-1260.0,2022-03-02,2022-12-14,2022-12-14,1214.0,Y
3DCVZTW2,3D後廂防潮踏墊                                                    ,A01,-4.0,320.0,-1280.0,,2021-01-09,2021-01-09,1918.0,Y
D4OSRAM4300K,D4R OS[車牌]K燈泡                                           ,A01,-1.0,1300.0,-1300.0,2023-11-27,2023-11-22,2023-11-27,866.0,Y
ABTE060,天行者無限定磅打氣機                                                  ,A01,-1.0,1350.0,-1350.0,,2023-11-02,2023-11-02,891.0,Y
RW3FQUW,堅達3期皮椅套                                                     ,A01,-1.0,1350.0,-1350.0,2021-05-11,2021-10-08,2021-10-08,1646.0,Y
RSENS25352VR,RSEN S25 35燈解碼斜角琥珀                                          ,A01,-5.0,280.0,-1400.0,2022-06-06,2022-05-27,2022-06-06,1405.0,Y
RG2DL120,DL-120警示燈 12V                                               ,A01,-4.0,350.0,-1400.0,,2023-04-13,2023-04-13,1094.0,Y
S5RM7FMT,納智傑U7(四片)晴雨窗                                                ,A01,-2.0,700.0,-1400.0,2024-01-10,2024-01-05,2024-01-10,822.0,Y
AH62CCZVQ,AH-62紅黑方向盤套                                                 ,A01,-4.0,360.0,-1440.0,2021-07-01,2022-11-12,2022-11-12,1246.0,Y
VIOSUCSG1,VIOS(右後)內室板換皮                                               ,A01,-1.0,1500.0,-1500.0,2024-09-20,2024-09-20,2024-09-20,568.0,Y
YH368FDS2XEN,YH-368全功能電力公司                                               ,A01,-1.0,1500.0,-1500.0,2024-12-26,2024-07-18,2024-12-26,471.0,Y
2017FCOUSRABSE5F,[車牌]US(R)感知器                                            ,A01,-1.0,1500.0,-1500.0,,2024-07-26,2024-07-26,624.0,Y
FTA11CW,汽車門把保護貼                                                     ,A01,-10.0,150.0,-1500.0,2023-07-30,2023-07-31,2023-07-31,985.0,Y
07-12ALTISMTJUF,07-12ALTIS原廠穩壓器                                             ,A01,-1.0,1500.0,-1500.0,,2022-05-27,2022-05-27,1415.0,Y
GMFWV,鯊魚鰭天線(有收訊)                                                  ,A01,-3.0,500.0,-1500.0,,2021-12-04,2021-12-04,1589.0,Y
ID4HZUX1,ID4吋分音喇叭                                                    ,A01,-1.0,1500.0,-1500.0,,2022-01-08,2022-01-08,1554.0,Y
2TXWJX,倒車雷達外露                                                      ,A01,-4.0,380.0,-1520.0,2023-10-17,2025-02-24,2025-02-24,411.0,Y
RSENBEMG16,RSEN軟骨雨刷 16吋                                                ,A01,-17.0,90.0,-1530.0,,2023-11-16,2023-11-16,877.0,Y
RSENBEMG20,"RSEN軟骨雨刷 20""                                                ",A01,-17.0,90.0,-1530.0,,2023-09-27,2023-09-27,927.0,Y
DVR212GUVTRXF,DVR-212雙眼行車紀錄器                                              ,A01,-1.0,1600.0,-1600.0,,2020-10-29,2020-10-29,1990.0,Y
ABTE021,ABT-E021汽車緊急救車電源                                            ,A01,-1.0,1600.0,-1600.0,2024-01-03,2022-12-14,2024-01-03,829.0,Y
F2W5,前檔貼紙                                                        ,A01,-4.0,400.0,-1600.0,,2023-11-17,2023-11-17,876.0,Y
RSENT105SMD,RSEN T105 SMD                                               ,A01,-15.0,110.0,-1650.0,2022-01-26,2023-11-01,2023-11-01,892.0,Y
RSENT20352RA2V,RSEN T20 S35解碼單芯                                            ,A01,-6.0,280.0,-1680.0,2022-03-29,2021-01-02,2022-03-29,1474.0,Y
1MT5XXL,白雲車罩-XXL                                                    ,A01,-1.0,1700.0,-1700.0,2022-10-26,,2022-10-26,1263.0,Y
MIOC316VTRXF,MIO C316行車紀錄器                                               ,A01,-1.0,1796.0,-1796.0,2022-12-26,2024-03-23,2024-03-23,749.0,Y
CS376USB5R,CS-376 USB主機                                                ,A01,-1.0,1800.0,-1800.0,2024-07-02,2024-07-02,2024-07-02,648.0,Y
TBE50021UF,TBE-500W變壓器                                                 ,A01,-2.0,900.0,-1800.0,,2023-10-28,2023-10-28,896.0,Y
CS3008XU5R,CS-3008藍芽主機                                                 ,A01,-1.0,1800.0,-1800.0,2020-09-28,2020-12-24,2020-12-24,1934.0,Y
RSENZVQZMOMO,RSEN仿MOMO方向盤                                                ,A01,-1.0,1800.0,-1800.0,,2020-10-22,2020-10-22,1997.0,Y
APPWWVGF,APP抬頭顯示 OBT四代                                               ,A01,-1.0,1900.0,-1900.0,2024-01-04,2024-11-08,2024-11-08,519.0,Y
MP35CG,MP3轉換器                                                      ,A01,-4.0,480.0,-1920.0,2021-05-26,2021-08-10,2021-08-10,1705.0,Y
DLSX16*9,DLS 6*9喇叭                                                   ,A01,-1.0,2000.0,-2000.0,,2022-01-11,2022-01-11,1551.0,Y
LK1VTRXF,LK-1行車記錄器                                                   ,A01,-2.0,1000.0,-2000.0,2021-03-30,2021-08-20,2021-08-20,1695.0,Y
ABTE021CB,卡夢旗艦版汽柴油啟動電源                                                ,A01,-1.0,2000.0,-2000.0,2021-08-18,2023-12-05,2023-12-05,858.0,Y
2010ALTISHXFV,[車牌]IS測漏+清洗                                              ,A01,-1.0,2199.0,-2199.0,,2024-01-03,2024-01-03,829.0,Y
ZINGEFUFEDF,ZINGER引擎蓋烤漆                                                 ,A01,-1.0,2200.0,-2200.0,,2023-08-31,2023-08-31,954.0,Y
2TXWGJG,數位倒車雷達兩眼                                                    ,A01,-3.0,750.0,-2250.0,,2024-02-04,2024-02-04,797.0,Y
MP3XURGF,FIREFLY LDAC 藍芽5.0音樂接收器                                     ,A01,-3.0,780.0,-2340.0,2022-07-08,2023-04-26,2023-04-26,1081.0,Y
ERJGNTWISTN,鋼甲午士鎖TWIST鎖                                                 ,A01,-1.0,2375.0,-2375.0,2020-08-05,,2020-08-05,2075.0,Y
RWFVR,泡沫事積碳清洗劑                                                    ,A01,-7.0,350.0,-2450.0,,2025-01-11,2025-01-11,455.0,Y
TNT275D2R,TNT-275擴大機                                                  ,A01,-1.0,2500.0,-2500.0,,2022-10-05,2022-10-05,1284.0,Y
LE-7512UT,LE-7512驗車                                                   ,A01,-1.0,2500.0,-2500.0,,2024-05-06,2024-05-06,705.0,Y
12VAXWN,八大喜美龍頭鎖                                                     ,A01,-1.0,2500.0,-2500.0,,2022-04-06,2022-04-06,1466.0,Y
GARMIN530VTRXF,GARMIN 530行車記錄器                                             ,A01,-1.0,2690.0,-2690.0,2022-09-23,2022-12-14,2022-12-14,1214.0,Y
2010ALTISJ2E5F,[車牌]IS溫度感知器                                              ,A01,-1.0,2800.0,-2800.0,,2023-04-13,2023-04-13,1094.0,Y
CD-8068USB5R,CD-[車牌]主機                                                ,A01,-1.0,2800.0,-2800.0,,2020-08-28,2020-08-28,2052.0,Y
FTZQWZEQ,汽車防碰反光片                                                     ,A01,-16.0,182.0,-2912.0,2023-07-30,2023-07-31,2023-07-31,985.0,Y
PD1066500W1UF,PD-1065 500W變壓器                                             ,A01,-2.0,1500.0,-3000.0,2025-02-12,2023-10-28,2025-02-12,423.0,Y
LD9VTRXF,LD-9電子式行車記錄器                                                ,A01,-1.0,3000.0,-3000.0,2021-12-26,2021-05-24,2021-12-26,1567.0,Y
DUWU5HF,凱佑胎外胎壓偵測MS850+                                              ,A01,-1.0,3000.0,-3000.0,,2020-10-31,2020-10-31,1988.0,Y
MS850WJ5HF,MS-850胎外胎壓偵測器\                                              ,A01,-1.0,3000.0,-3000.0,,2021-03-31,2021-03-31,1837.0,Y
QWZG,普通扶手                                                        ,A01,-7.0,450.0,-3150.0,,2022-07-29,2022-07-29,1352.0,Y
LD9CRW,LD-9後鏡頭                                                     ,A01,-4.0,800.0,-3200.0,2023-01-17,2024-03-30,2024-03-30,742.0,Y
V81GUVTRXFF,V81雙眼行車記錄器(前)                                               ,A01,-3.0,1100.0,-3300.0,2021-02-07,2021-12-30,2021-12-30,1563.0,Y
V18LEDH7,V18 LED H7燈炮                                                ,A01,-2.0,1700.0,-3400.0,2024-02-29,2024-08-14,2024-08-14,605.0,Y
V18H4LED22,V18 H4LED 大燈                                                ,A01,-2.0,1700.0,-3400.0,,2024-08-14,2024-08-14,605.0,Y
ID8H52UU,ID 8吋重低音                                                    ,A01,-1.0,3500.0,-3500.0,,2020-11-13,2020-11-13,1975.0,Y
ZV5X8D,發現者X8D行車記錄器                                                 ,A01,-1.0,3800.0,-3800.0,2020-11-26,2023-09-26,2023-09-26,928.0,Y
Z15RTGUVTRXF,Z15機車雙眼行車記錄器                                                ,A01,-1.0,3800.0,-3800.0,2022-09-30,,2022-09-30,1289.0,Y
APPUD5D,APP遙控中控                                                     ,A01,-8.0,500.0,-4000.0,,2021-09-04,2021-09-04,1680.0,Y
CARDIU69525R,CAR[車牌] DVD主機                                           ,A01,-1.0,4000.0,-4000.0,2023-03-30,2023-09-18,2023-09-18,936.0,Y
ERQ55D23L2Q,國際牌70D23L電瓶瓶                                                ,A01,-2.0,2100.0,-4200.0,2024-01-29,2024-04-23,2024-04-23,718.0,Y
V15GIVTRXFF,V15雙眼行車紀錄器(前)                                               ,A01,-3.0,1400.0,-4200.0,,2022-01-30,2022-01-30,1532.0,Y
0390XW,195R/55/15輪胎                                                ,A01,-2.0,2250.0,-4500.0,2020-12-24,2020-12-24,2020-12-24,1934.0,Y
ERJGNIDN,鋼甲武士鎖ID鎖                                                    ,A01,-1.0,4500.0,-4500.0,,2022-10-27,2022-10-27,1262.0,Y
BSDA25H,BSD盲點偵測                                                     ,A01,-1.0,4500.0,-4500.0,,2022-05-05,2022-05-05,1437.0,Y
1G5MYQU,賓士專用自排油                                                     ,A01,-7.0,650.0,-4550.0,2021-12-13,2024-04-06,2024-04-06,735.0,Y
KNOSR,KNOS鏡                                                       ,A01,-14.0,350.0,-4900.0,,2020-11-21,2020-11-21,1967.0,Y
DAY2F,檜木座墊(前)                                                     ,A01,-8.0,700.0,-5600.0,2023-04-12,2022-08-02,2023-04-12,1095.0,Y
1276-THEB5,[車牌]全車隔熱紙                                                ,A01,-1.0,7000.0,-7000.0,,2023-02-03,2023-02-03,1163.0,Y
15EAX4+32DVD5R,15冠美麗4+32核 DVD主機                                            ,A01,-1.0,7000.0,-7000.0,2021-10-05,2022-12-10,2022-12-10,1218.0,Y
FY2T2R,全自動電瓶充電器                                                    ,A01,-4.0,1800.0,-7200.0,,2024-02-01,2024-02-01,800.0,Y
ID12H52U,ID 12吋重低音(藍)                                                ,A01,-2.0,3800.0,-7600.0,2020-12-08,2023-03-15,2023-03-15,1123.0,Y
GARMIN762C,GARMIN 76導航                                                 ,A01,-1.0,7900.0,-7900.0,2025-01-23,2025-01-23,2025-01-23,443.0,Y
V37TDGUVTRXF,V37觸控雙眼行車紀錄器                                                ,A01,-6.0,1500.0,-9000.0,2022-01-15,2022-11-26,2022-11-26,1232.0,Y
WISH8C4+64055R,WISH 8核 4+64安卓主機                                            ,A01,-1.0,9500.0,-9500.0,2023-06-23,2024-02-04,2024-02-04,797.0,Y
10HJV5R,10吋萬象主機                                                     ,A01,-1.0,10000.0,-10000.0,2021-03-09,2023-05-20,2023-05-20,1057.0,Y
GARMINDRIVE52,GARMIN DRIVE 52導航                                           ,A01,-3.0,3450.0,-10350.0,2021-10-22,2023-07-04,2023-07-04,1012.0,Y
YL100ZZX2,YL-100反反雷達                                                  ,A01,-1.0,11000.0,-11000.0,,2023-01-18,2023-01-18,1179.0,Y
WISH055R,WISH安卓主機                                                    ,A01,-1.0,11500.0,-11500.0,2024-02-04,2021-02-09,2024-02-04,797.0,Y
3032YXFTDF,[車牌]全車烤漆                                                 ,A01,-1.0,12000.0,-12000.0,,2020-09-25,2020-09-25,2024.0,Y
